timestamp,date,time,open,high,low,close,volume
1769987100000,2026-02-01,23:05:00,4817.598,4820.748,4817.598,4820.748,0.0002
1769987400000,2026-02-01,23:10:00,4813.655,4817.635,4739.948,4739.948,0.0573
1769987700000,2026-02-01,23:15:00,4746.198,4746.198,4694.575,4709.385,0.0299
1769988000000,2026-02-01,23:20:00,4711.448,4740.495,4709.385,4739.935,0.0291
1769988300000,2026-02-01,23:25:00,4733.605,4737.998,4719.348,4726.965,0.0059
1769988600000,2026-02-01,23:30:00,4727.485,4746.045,4715.765,4745.595,0.1438
1769988900000,2026-02-01,23:35:00,4745.605,4780.655,4743.625,4776.405,0.1842
1769989200000,2026-02-01,23:40:00,4776.335,4787.405,4764.985,4773.575,0.2722
1769989500000,2026-02-01,23:45:00,4773.635,4777.148,4720.435,4746.698,0.411
1769989800000,2026-02-01,23:50:00,4745.355,4767.425,4738.365,4750.795,0.3275
1769990100000,2026-02-01,23:55:00,4750.915,4761.085,4738.278,4741.745,0.3045
1769990400000,2026-02-02,00:00:00,4741.725,4784.955,4739.545,4784.405,0.2474
1769990700000,2026-02-02,00:05:00,4784.225,4821.148,4776.968,4817.248,0.4591
1769991000000,2026-02-02,00:10:00,4816.888,4845.555,4812.898,4844.655,0.4074
1769991300000,2026-02-02,00:15:00,4844.615,4874.548,4840.635,4864.628,0.4489
1769991600000,2026-02-02,00:20:00,4863.635,4884.248,4846.248,4855.948,0.3897
1769991900000,2026-02-02,00:25:00,4855.948,4856.448,4825.258,4845.268,0.434
1769992200000,2026-02-02,00:30:00,4845.548,4846.148,4809.448,4818.538,0.5539
1769992500000,2026-02-02,00:35:00,4817.775,4844.928,4813.315,4832.705,0.4327
1769992800000,2026-02-02,00:40:00,4832.675,4839.185,4794.315,4803.455,0.3439
1769993100000,2026-02-02,00:45:00,4803.925,4807.665,4776.685,4796.485,0.4691
1769993400000,2026-02-02,00:50:00,4796.645,4798.448,4779.965,4790.565,0.359
1769993700000,2026-02-02,00:55:00,4790.555,4795.355,4758.388,4765.848,0.4818
1769994000000,2026-02-02,01:00:00,4764.948,4783.748,4730.175,4755.255,0.5407
1769994300000,2026-02-02,01:05:00,4755.275,4766.325,4646.085,4653.965,0.5009
1769994600000,2026-02-02,01:10:00,4653.955,4658.965,4582.798,4641.789,0.5236
1769994900000,2026-02-02,01:15:00,4641.795,4700.448,4636.835,4676.748,0.552
1769995200000,2026-02-02,01:20:00,4677.348,4708.908,4643.418,4672.265,0.6832
1769995500000,2026-02-02,01:25:00,4672.285,4706.548,4655.118,4695.945,0.6227
1769995800000,2026-02-02,01:30:00,4695.925,4708.348,4664.945,4702.598,0.5468
1769996100000,2026-02-02,01:35:00,4702.648,4738.448,4701.938,4711.678,0.5887
1769996400000,2026-02-02,01:40:00,4711.365,4722.865,4689.538,4713.605,0.7033
1769996700000,2026-02-02,01:45:00,4713.855,4729.948,4703.145,4720.748,0.624
1769997000000,2026-02-02,01:50:00,4720.748,4748.748,4715.145,4734.955,0.5339
1769997300000,2026-02-02,01:55:00,4734.548,4743.948,4720.785,4736.205,0.4375
1769997600000,2026-02-02,02:00:00,4735.975,4747.788,4708.645,4724.075,0.4901
1769997900000,2026-02-02,02:05:00,4724.005,4725.035,4707.128,4710.998,0.5157
1769998200000,2026-02-02,02:10:00,4710.998,4739.598,4696.528,4730.538,0.5304
1769998500000,2026-02-02,02:15:00,4730.548,4744.798,4720.895,4734.718,0.476
1769998800000,2026-02-02,02:20:00,4734.758,4739.438,4714.928,4724.188,0.2943
1769999100000,2026-02-02,02:25:00,4724.218,4745.328,4722.748,4737.725,0.315
1769999400000,2026-02-02,02:30:00,4738.925,4770.958,4734.688,4752.968,0.387
1769999700000,2026-02-02,02:35:00,4753.058,4764.955,4749.915,4754.795,0.3112
1770000000000,2026-02-02,02:40:00,4754.915,4772.045,4744.775,4763.485,0.3867
1770000300000,2026-02-02,02:45:00,4763.775,4763.775,4719.998,4728.635,0.4768
1770000600000,2026-02-02,02:50:00,4728.615,4734.148,4719.415,4727.005,0.4053
1770000900000,2026-02-02,02:55:00,4726.805,4738.805,4696.025,4709.698,0.4987
1770001200000,2026-02-02,03:00:00,4709.698,4727.458,4704.885,4705.518,0.4023
1770001500000,2026-02-02,03:05:00,4706.178,4723.958,4703.368,4718.338,0.3871
1770001800000,2026-02-02,03:10:00,4718.348,4721.338,4687.125,4690.458,0.3797
1770002100000,2026-02-02,03:15:00,4690.898,4717.648,4657.475,4715.598,0.4358
1770002400000,2026-02-02,03:20:00,4715.475,4728.258,4712.105,4715.005,0.5944
1770002700000,2026-02-02,03:25:00,4715.005,4717.188,4693.275,4694.958,0.6114
1770003000000,2026-02-02,03:30:00,4695.128,4699.448,4670.345,4672.325,0.5271
1770003300000,2026-02-02,03:35:00,4672.255,4679.355,4645.405,4653.625,0.6244
1770003600000,2026-02-02,03:40:00,4653.665,4672.128,4629.425,4664.308,0.5871
1770003900000,2026-02-02,03:45:00,4665.628,4693.505,4662.528,4685.788,0.5472
1770004200000,2026-02-02,03:50:00,4685.808,4685.808,4657.295,4657.918,0.5162
1770004500000,2026-02-02,03:55:00,4657.938,4664.205,4637.468,4645.605,0.6365
1770004800000,2026-02-02,04:00:00,4646.125,4658.398,4607.538,4609.978,0.4922
1770005100000,2026-02-02,04:05:00,4608.458,4658.768,4602.425,4654.568,0.5714
1770005400000,2026-02-02,04:10:00,4654.668,4662.698,4632.058,4660.798,0.4111
1770005700000,2026-02-02,04:15:00,4661.098,4696.748,4659.198,4696.678,0.3808
1770006000000,2026-02-02,04:20:00,4696.668,4703.878,4674.035,4679.748,0.4303
1770006300000,2026-02-02,04:25:00,4679.758,4688.425,4667.438,4669.555,0.2789
1770006600000,2026-02-02,04:30:00,4669.558,4698.748,4668.805,4685.499,0.3891
1770006900000,2026-02-02,04:35:00,4685.629,4692.858,4663.585,4666.195,0.3288
1770007200000,2026-02-02,04:40:00,4666.235,4690.058,4657.115,4687.205,0.3367
1770007500000,2026-02-02,04:45:00,4687.205,4712.188,4683.668,4685.815,0.4526
1770007800000,2026-02-02,04:50:00,4685.815,4691.115,4673.025,4684.975,0.3044
1770008100000,2026-02-02,04:55:00,4684.995,4687.835,4671.315,4678.565,0.2729
1770008400000,2026-02-02,05:00:00,4678.565,4692.748,4668.425,4689.625,0.3276
1770008700000,2026-02-02,05:05:00,4689.615,4695.568,4660.625,4672.525,0.3225
1770009000000,2026-02-02,05:10:00,4672.495,4676.825,4648.755,4660.975,0.3692
1770009300000,2026-02-02,05:15:00,4661.565,4673.265,4656.845,4660.255,0.2721
1770009600000,2026-02-02,05:20:00,4660.265,4668.888,4648.315,4666.328,0.2671
1770009900000,2026-02-02,05:25:00,4666.338,4670.028,4653.788,4657.738,0.3171
1770010200000,2026-02-02,05:30:00,4657.708,4657.708,4617.238,4631.188,0.4339
1770010500000,2026-02-02,05:35:00,4631.208,4642.518,4603.278,4622.408,0.4297
1770010800000,2026-02-02,05:40:00,4622.428,4624.098,4571.115,4574.245,0.427
1770011100000,2026-02-02,05:45:00,4574.098,4578.235,4522.518,4550.035,0.6624
1770011400000,2026-02-02,05:50:00,4549.798,4568.845,4496.635,4536.948,0.6881
1770011700000,2026-02-02,05:55:00,4536.618,4565.138,4519.475,4547.988,0.7316
1770012000000,2026-02-02,06:00:00,4547.265,4572.658,4540.708,4556.745,0.6383
1770012300000,2026-02-02,06:05:00,4556.185,4562.948,4519.328,4549.538,0.5906
1770012600000,2026-02-02,06:10:00,4549.548,4561.838,4530.768,4534.155,0.7794
1770012900000,2026-02-02,06:15:00,4533.958,4548.348,4512.965,4528.938,0.6886
1770013200000,2026-02-02,06:20:00,4528.938,4529.698,4440.125,4462.948,0.6724
1770013500000,2026-02-02,06:25:00,4467.048,4493.588,4432.475,4484.728,0.6809
1770013800000,2026-02-02,06:30:00,4484.735,4499.148,4463.188,4466.978,0.5799
1770014100000,2026-02-02,06:35:00,4466.968,4472.878,4401.038,4404.758,0.7588
1770014400000,2026-02-02,06:40:00,4405.165,4455.315,4401.928,4451.475,0.6335
1770014700000,2026-02-02,06:45:00,4450.545,4460.698,4429.005,4437.805,0.4651
1770015000000,2026-02-02,06:50:00,4437.805,4484.568,4435.905,4483.478,0.6225
1770015300000,2026-02-02,06:55:00,4483.548,4521.748,4480.348,4504.005,0.6427
1770015600000,2026-02-02,07:00:00,4504.315,4536.435,4482.468,4532.965,0.4318
1770015900000,2026-02-02,07:05:00,4533.045,4552.368,4519.758,4552.348,0.5792
1770016200000,2026-02-02,07:10:00,4551.675,4553.648,4524.938,4535.648,0.6568
1770016500000,2026-02-02,07:15:00,4536.075,4559.698,4522.075,4528.305,0.805
1770016800000,2026-02-02,07:20:00,4528.305,4556.608,4525.348,4547.188,1.3058
1770017100000,2026-02-02,07:25:00,4547.228,4573.568,4547.148,4558.905,0.7007
1770017400000,2026-02-02,07:30:00,4559.218,4565.248,4523.568,4534.755,0.5219
1770017700000,2026-02-02,07:35:00,4534.755,4570.938,4528.725,4566.835,0.5255
1770018000000,2026-02-02,07:40:00,4567.735,4592.055,4565.935,4582.048,0.4897
1770018300000,2026-02-02,07:45:00,4582.048,4618.295,4581.815,4614.515,0.603
1770018600000,2026-02-02,07:50:00,4614.465,4614.735,4580.748,4597.595,0.5277
1770018900000,2026-02-02,07:55:00,4597.635,4610.595,4584.288,4586.155,0.4067
1770019200000,2026-02-02,08:00:00,4586.195,4596.125,4557.905,4574.518,0.7477
1770019500000,2026-02-02,08:05:00,4575.045,4624.698,4568.798,4616.848,0.6876
1770019800000,2026-02-02,08:10:00,4616.848,4627.315,4602.058,4609.488,0.9143
1770020100000,2026-02-02,08:15:00,4609.248,4632.238,4599.715,4631.425,0.831
1770020400000,2026-02-02,08:20:00,4631.415,4649.165,4628.365,4639.088,0.4839
1770020700000,2026-02-02,08:25:00,4639.115,4645.688,4618.785,4645.238,0.783
1770021000000,2026-02-02,08:30:00,4645.268,4649.148,4623.345,4627.508,0.5728
1770021300000,2026-02-02,08:35:00,4627.665,4632.155,4606.195,4626.195,0.3801
1770021600000,2026-02-02,08:40:00,4626.365,4649.675,4622.555,4640.825,0.2709
1770021900000,2026-02-02,08:45:00,4640.805,4648.135,4632.975,4642.815,0.2914
1770022200000,2026-02-02,08:50:00,4642.815,4650.585,4627.355,4646.395,0.3785
1770022500000,2026-02-02,08:55:00,4646.375,4646.825,4626.535,4639.735,0.4659
1770022800000,2026-02-02,09:00:00,4639.715,4644.628,4602.255,4627.398,0.756
1770023100000,2026-02-02,09:05:00,4627.448,4636.325,4615.448,4632.805,0.7804
1770023400000,2026-02-02,09:10:00,4632.865,4657.758,4628.995,4645.608,1.0689
1770023700000,2026-02-02,09:15:00,4645.588,4648.735,4629.76,4641.075,0.4536
1770024000000,2026-02-02,09:20:00,4641.075,4650.355,4625.355,4648.925,0.5847
1770024300000,2026-02-02,09:25:00,4648.965,4699.165,4642.928,4688.958,0.5727
1770024600000,2026-02-02,09:30:00,4689.055,4704.005,4683.208,4689.488,0.5797
1770024900000,2026-02-02,09:35:00,4689.478,4703.938,4678.048,4701.448,0.8309
1770025200000,2026-02-02,09:40:00,4701.448,4712.288,4683.915,4687.048,0.7828
1770025500000,2026-02-02,09:45:00,4687.048,4717.938,4683.448,4715.998,0.7332
1770025800000,2026-02-02,09:50:00,4715.998,4720.325,4699.465,4717.225,0.6088
1770026100000,2026-02-02,09:55:00,4717.215,4730.268,4705.255,4718.315,0.6952
1770026400000,2026-02-02,10:00:00,4718.285,4732.848,4709.275,4712.675,0.3941
1770026700000,2026-02-02,10:05:00,4712.765,4722.125,4703.255,4712.835,0.3176
1770027000000,2026-02-02,10:10:00,4712.945,4729.975,4711.415,4729.555,0.2214
1770027300000,2026-02-02,10:15:00,4729.535,4730.125,4711.569,4712.195,0.2374
1770027600000,2026-02-02,10:20:00,4712.235,4717.895,4684.348,4690.335,0.5064
1770027900000,2026-02-02,10:25:00,4690.565,4690.605,4669.575,4681.495,0.4194
1770028200000,2026-02-02,10:30:00,4681.508,4691.876,4674.395,4684.565,0.276
1770028500000,2026-02-02,10:35:00,4684.585,4686.745,4660.828,4685.575,0.3805
1770028800000,2026-02-02,10:40:00,4685.585,4697.748,4671.345,4672.418,0.428
1770029100000,2026-02-02,10:45:00,4672.418,4675.935,4655.628,4673.575,0.4494
1770029400000,2026-02-02,10:50:00,4673.555,4696.345,4667.825,4693.065,0.3287
1770029700000,2026-02-02,10:55:00,4693.865,4710.948,4693.335,4704.508,0.6028
1770030000000,2026-02-02,11:00:00,4704.508,4718.625,4702.708,4713.418,0.4491
1770030300000,2026-02-02,11:05:00,4713.528,4724.348,4710.335,4722.505,0.253
1770030600000,2026-02-02,11:10:00,4722.545,4748.675,4716.748,4748.495,0.285
1770030900000,2026-02-02,11:15:00,4748.568,4755.548,4740.048,4752.588,0.545
1770031200000,2026-02-02,11:20:00,4752.578,4759.248,4743.488,4756.498,0.5309
1770031500000,2026-02-02,11:25:00,4756.498,4759.765,4739.438,4752.545,0.3462
1770031800000,2026-02-02,11:30:00,4752.525,4763.93,4746.785,4750.938,0.4484
1770032100000,2026-02-02,11:35:00,4751.008,4773.998,4750.468,4773.215,0.4042
1770032400000,2026-02-02,11:40:00,4773.348,4778.185,4769.315,4772.505,0.2969
1770032700000,2026-02-02,11:45:00,4772.485,4779.025,4770.905,4775.885,0.233
1770033000000,2026-02-02,11:50:00,4775.985,4777.615,4756.375,4761.165,0.2395
1770033300000,2026-02-02,11:55:00,4761.275,4773.685,4758.905,4765.245,0.3017
1770033600000,2026-02-02,12:00:00,4765.345,4776.555,4749.945,4755.155,0.3155
1770033900000,2026-02-02,12:05:00,4755.155,4764.215,4742.705,4762.425,0.2507
1770034200000,2026-02-02,12:10:00,4762.335,4775.505,4754.998,4761.955,0.3317
1770034500000,2026-02-02,12:15:00,4761.945,4778.298,4758.935,4776.578,0.2825
1770034800000,2026-02-02,12:20:00,4776.865,4789.388,4769.565,4781.645,0.3138
1770035100000,2026-02-02,12:25:00,4781.898,4784.265,4774.355,4777.065,0.1989
1770035400000,2026-02-02,12:30:00,4777.085,4788.105,4769.689,4778.165,0.2471
1770035700000,2026-02-02,12:35:00,4778.195,4782.075,4769.665,4780.065,0.1898
1770036000000,2026-02-02,12:40:00,4779.585,4797.105,4777.415,4796.915,0.1645
1770036300000,2026-02-02,12:45:00,4797.705,4811.895,4784.485,4788.605,0.3779
1770036600000,2026-02-02,12:50:00,4788.425,4794.278,4774.915,4784.648,0.2828
1770036900000,2026-02-02,12:55:00,4784.648,4794.795,4772.308,4793.485,0.3542
1770037200000,2026-02-02,13:00:00,4793.505,4794.765,4719.395,4746.718,0.6727
1770037500000,2026-02-02,13:05:00,4746.718,4787.178,4733.735,4784.158,0.7459
1770037800000,2026-02-02,13:10:00,4784.359,4803.268,4774.948,4782.248,0.9372
1770038100000,2026-02-02,13:15:00,4782.248,4793.168,4746.838,4749.988,1.0829
1770038400000,2026-02-02,13:20:00,4749.998,4759.948,4730.298,4737.749,0.9931
1770038700000,2026-02-02,13:25:00,4737.749,4752.178,4727.538,4738.429,0.9479
1770039000000,2026-02-02,13:30:00,4738.429,4741.298,4698.638,4709.309,1.0424
1770039300000,2026-02-02,13:35:00,4709.479,4714.208,4680.965,4689.248,0.6816
1770039600000,2026-02-02,13:40:00,4689.099,4693.328,4668.448,4685.278,0.9686
1770039900000,2026-02-02,13:45:00,4684.959,4707.338,4683.018,4698.128,0.6055
1770040200000,2026-02-02,13:50:00,4696.255,4721.468,4693.325,4718.248,0.4993
1770040500000,2026-02-02,13:55:00,4718.258,4718.258,4699.515,4705.619,0.414
1770040800000,2026-02-02,14:00:00,4705.769,4728.075,4699.088,4704.575,0.4389
1770041100000,2026-02-02,14:05:00,4704.575,4728.405,4704.265,4714.488,0.4331
1770041400000,2026-02-02,14:10:00,4714.518,4738.038,4707.235,4725.699,0.8371
1770041700000,2026-02-02,14:15:00,4725.628,4729.348,4693.949,4695.448,0.7577
1770042000000,2026-02-02,14:20:00,4695.458,4701.675,4679.475,4700.775,0.4386
1770042300000,2026-02-02,14:25:00,4700.775,4729.055,4692.095,4721.248,0.4113
1770042600000,2026-02-02,14:30:00,4721.258,4762.745,4709.175,4759.198,0.6202
1770042900000,2026-02-02,14:35:00,4759.375,4791.928,4749.318,4778.769,0.8001
1770043200000,2026-02-02,14:40:00,4778.339,4792.989,4751.035,4752.629,0.9857
1770043500000,2026-02-02,14:45:00,4752.629,4761.648,4726.495,4730.775,0.6353
1770043800000,2026-02-02,14:50:00,4730.745,4747.105,4717.088,4718.148,0.6418
1770044100000,2026-02-02,14:55:00,4717.848,4730.285,4699.695,4715.975,0.5897
1770044400000,2026-02-02,15:00:00,4705.108,4734.438,4689.248,4730.505,0.4716
1770044700000,2026-02-02,15:05:00,4730.505,4744.698,4708.558,4731.898,0.5306
1770045000000,2026-02-02,15:10:00,4731.898,4732.698,4694.238,4710.675,0.6727
1770045300000,2026-02-02,15:15:00,4710.585,4727.065,4698.378,4708.108,0.5569
1770045600000,2026-02-02,15:20:00,4708.095,4710.565,4685.078,4696.925,0.7036
1770045900000,2026-02-02,15:25:00,4696.915,4715.095,4672.655,4680.435,0.6237
1770046200000,2026-02-02,15:30:00,4680.265,4685.658,4647.238,4683.325,0.513
1770046500000,2026-02-02,15:35:00,4683.145,4703.478,4674.655,4702.828,0.647
1770046800000,2026-02-02,15:40:00,4702.868,4704.288,4666.578,4675.078,0.8798
1770047100000,2026-02-02,15:45:00,4674.978,4677.158,4648.675,4660.218,0.6848
1770047400000,2026-02-02,15:50:00,4660.155,4662.565,4627.648,4641.838,0.597
1770047700000,2026-02-02,15:55:00,4641.865,4644.298,4616.395,4619.345,0.5682
1770048000000,2026-02-02,16:00:00,4619.235,4645.485,4596.125,4643.595,0.5119
1770048300000,2026-02-02,16:05:00,4644.025,4679.795,4638.735,4675.715,0.4585
1770048600000,2026-02-02,16:10:00,4675.715,4703.548,4666.675,4696.298,0.7938
1770048900000,2026-02-02,16:15:00,4696.298,4699.938,4672.208,4684.748,0.6866
1770049200000,2026-02-02,16:20:00,4684.748,4708.098,4682.148,4695.698,0.7213
1770049500000,2026-02-02,16:25:00,4695.698,4696.548,4661.305,4670.398,0.7275
1770049800000,2026-02-02,16:30:00,4670.398,4680.008,4644.788,4657.358,0.6417
1770050100000,2026-02-02,16:35:00,4656.295,4677.698,4655.408,4677.498,0.5498
1770050400000,2026-02-02,16:40:00,4677.515,4687.898,4668.298,4668.298,0.6411
1770050700000,2026-02-02,16:45:00,4668.338,4669.858,4650.698,4656.328,0.6502
1770051000000,2026-02-02,16:50:00,4656.348,4667.465,4649.098,4665.215,0.7456
1770051300000,2026-02-02,16:55:00,4665.215,4675.978,4657.498,4665.528,0.6528
1770051600000,2026-02-02,17:00:00,4665.528,4681.708,4659.478,4671.795,0.5162
1770051900000,2026-02-02,17:05:00,4671.678,4713.318,4667.788,4711.988,0.6542
1770052200000,2026-02-02,17:10:00,4712.058,4713.228,4696.228,4707.298,0.4508
1770052500000,2026-02-02,17:15:00,4707.308,4713.208,4672.738,4677.558,0.3807
1770052800000,2026-02-02,17:20:00,4677.339,4682.948,4665.778,4671.998,0.392
1770053100000,2026-02-02,17:25:00,4672.018,4676.565,4659.828,4667.168,0.3474
1770053400000,2026-02-02,17:30:00,4667.195,4687.765,4655.985,4673.645,0.3832
1770053700000,2026-02-02,17:35:00,4673.545,4678.515,4660.315,4667.055,0.3224
1770054000000,2026-02-02,17:40:00,4667.025,4677.295,4662.275,4674.145,0.3039
1770054300000,2026-02-02,17:45:00,4673.998,4679.835,4662.478,4679.635,0.3169
1770054600000,2026-02-02,17:50:00,4679.549,4686.325,4670.575,4673.165,0.3427
1770054900000,2026-02-02,17:55:00,4673.185,4688.025,4672.115,4673.385,0.3404
1770055200000,2026-02-02,18:00:00,4673.395,4673.645,4647.598,4651.665,0.3806
1770055500000,2026-02-02,18:05:00,4651.635,4663.975,4648.235,4661.415,0.3164
1770055800000,2026-02-02,18:10:00,4661.265,4671.295,4633.195,4635.475,0.4037
1770056100000,2026-02-02,18:15:00,4635.475,4638.895,4617.758,4623.535,0.4586
1770056400000,2026-02-02,18:20:00,4623.535,4646.625,4623.025,4639.725,0.417
1770056700000,2026-02-02,18:25:00,4639.775,4643.105,4624.295,4631.695,0.4001
1770057000000,2026-02-02,18:30:00,4632.315,4658.008,4632.315,4656.965,0.4569
1770057300000,2026-02-02,18:35:00,4656.965,4673.365,4654.905,4661.515,0.3713
1770057600000,2026-02-02,18:40:00,4661.485,4670.905,4656.278,4656.335,0.2975
1770057900000,2026-02-02,18:45:00,4656.335,4670.875,4648.485,4667.285,0.2354
1770058200000,2026-02-02,18:50:00,4667.245,4671.435,4649.915,4650.545,0.2402
1770058500000,2026-02-02,18:55:00,4650.565,4660.505,4644.005,4657.385,0.2755
1770058800000,2026-02-02,19:00:00,4657.285,4657.415,4640.515,4645.585,0.3098
1770059100000,2026-02-02,19:05:00,4645.565,4655.475,4636.395,4642.825,0.2787
1770059400000,2026-02-02,19:10:00,4642.735,4661.565,4642.675,4646.455,0.2784
1770059700000,2026-02-02,19:15:00,4646.465,4651.245,4634.045,4635.165,0.2696
1770060000000,2026-02-02,19:20:00,4635.225,4651.015,4631.005,4650.635,0.2442
1770060300000,2026-02-02,19:25:00,4650.705,4653.875,4639.275,4643.135,0.24
1770060600000,2026-02-02,19:30:00,4643.115,4656.985,4636.725,4650.295,0.3038
1770060900000,2026-02-02,19:35:00,4650.315,4664.605,4648.935,4660.375,0.2579
1770061200000,2026-02-02,19:40:00,4660.015,4699.328,4660.015,4693.905,0.4196
1770061500000,2026-02-02,19:45:00,4694.155,4709.498,4693.838,4705.198,0.7993
1770061800000,2026-02-02,19:50:00,4705.388,4712.218,4685.188,4690.688,0.4352
1770062100000,2026-02-02,19:55:00,4690.688,4691.938,4676.515,4684.708,0.5781
1770062400000,2026-02-02,20:00:00,4684.708,4692.795,4672.898,4674.189,0.5306
1770062700000,2026-02-02,20:05:00,4674.229,4696.555,4668.479,4694.029,0.7299
1770063000000,2026-02-02,20:10:00,4694.089,4700.295,4685.325,4691.795,0.7018
1770063300000,2026-02-02,20:15:00,4691.795,4692.505,4674.095,4675.849,0.4387
1770063600000,2026-02-02,20:20:00,4675.765,4678.335,4650.635,4656.475,0.4957
1770063900000,2026-02-02,20:25:00,4656.505,4673.195,4651.655,4669.925,0.3376
1770064200000,2026-02-02,20:30:00,4671.045,4672.375,4656.365,4665.965,0.2634
1770064500000,2026-02-02,20:35:00,4666.105,4676.345,4662.105,4669.055,0.2608
1770064800000,2026-02-02,20:40:00,4668.855,4692.055,4667.025,4679.925,0.3537
1770065100000,2026-02-02,20:45:00,4679.955,4679.955,4661.098,4666.415,0.3842
1770065400000,2026-02-02,20:50:00,4666.435,4675.935,4661.215,4663.185,0.3318
1770065700000,2026-02-02,20:55:00,4663.215,4681.845,4647.355,4652.675,0.3908
1770066000000,2026-02-02,21:00:00,4652.348,4665.485,4643.325,4655.375,0.2515
1770066300000,2026-02-02,21:05:00,4655.315,4663.975,4652.545,4662.995,0.133
1770066600000,2026-02-02,21:10:00,4663.025,4676.249,4660.785,4674.435,0.2051
1770066900000,2026-02-02,21:15:00,4674.515,4679.885,4667.735,4669.095,0.2277
1770067200000,2026-02-02,21:20:00,4669.085,4673.615,4659.495,4673.095,0.1889
1770067500000,2026-02-02,21:25:00,4673.585,4686.495,4672.835,4680.165,0.2434
1770067800000,2026-02-02,21:30:00,4680.118,4685.465,4668.625,4668.635,0.1717
1770068100000,2026-02-02,21:35:00,4668.675,4680.515,4668.675,4679.165,0.1925
1770068400000,2026-02-02,21:40:00,4679.155,4681.065,4666.598,4668.415,0.1992
1770068700000,2026-02-02,21:45:00,4668.449,4672.205,4663.995,4664.365,0.1638
1770069000000,2026-02-02,21:50:00,4664.315,4667.675,4647.635,4664.165,0.223
1770069300000,2026-02-02,21:55:00,4664.095,4664.225,4652.675,4657.245,0.1352
1770073200000,2026-02-02,23:00:00,4670.098,4712.498,4661.788,4700.048,0.081
1770073500000,2026-02-02,23:05:00,4700.048,4722.548,4692.398,4715.298,0.1774
1770073800000,2026-02-02,23:10:00,4715.898,4721.448,4706.365,4717.435,0.2071
1770074100000,2026-02-02,23:15:00,4717.455,4741.145,4715.305,4741.145,0.2465
1770074400000,2026-02-02,23:20:00,4741.145,4759.015,4730.015,4758.275,0.2878
1770074700000,2026-02-02,23:25:00,4757.945,4762.975,4736.168,4737.065,0.3323
1770075000000,2026-02-02,23:30:00,4736.985,4739.395,4715.975,4736.985,0.4724
1770075300000,2026-02-02,23:35:00,4737.005,4750.145,4726.485,4749.065,0.3409
1770075600000,2026-02-02,23:40:00,4749.065,4749.065,4729.555,4730.735,0.2133
1770075900000,2026-02-02,23:45:00,4730.435,4755.165,4728.405,4754.455,0.1607
1770076200000,2026-02-02,23:50:00,4754.475,4769.915,4749.005,4763.025,0.2264
1770076500000,2026-02-02,23:55:00,4763.025,4775.415,4761.335,4773.935,0.1533
1770076800000,2026-02-03,00:00:00,4773.975,4796.525,4771.775,4794.185,0.2691
1770077100000,2026-02-03,00:05:00,4794.235,4794.895,4772.398,4776.485,0.2518
1770077400000,2026-02-03,00:10:00,4776.485,4786.175,4765.425,4786.135,0.2767
1770077700000,2026-02-03,00:15:00,4787.818,4810.595,4787.605,4809.905,0.287
1770078000000,2026-02-03,00:20:00,4809.905,4820.625,4800.355,4814.125,0.3797
1770078300000,2026-02-03,00:25:00,4814.565,4828.895,4813.965,4818.925,0.3448
1770078600000,2026-02-03,00:30:00,4818.945,4829.488,4812.205,4824.698,0.369
1770078900000,2026-02-03,00:35:00,4824.718,4829.895,4815.415,4820.485,0.2552
1770079200000,2026-02-03,00:40:00,4820.485,4827.055,4813.795,4820.225,0.201
1770079500000,2026-02-03,00:45:00,4820.405,4827.005,4795.895,4801.895,0.2414
1770079800000,2026-02-03,00:50:00,4801.875,4811.225,4796.555,4799.105,0.2574
1770080100000,2026-02-03,00:55:00,4799.099,4799.099,4772.988,4779.425,0.4013
1770080400000,2026-02-03,01:00:00,4781.445,4816.535,4765.348,4811.255,0.7819
1770080700000,2026-02-03,01:05:00,4811.385,4811.385,4788.705,4807.018,0.8431
1770081000000,2026-02-03,01:10:00,4806.998,4829.768,4804.385,4828.748,0.7806
1770081300000,2026-02-03,01:15:00,4828.948,4847.868,4822.258,4839.048,0.8752
1770081600000,2026-02-03,01:20:00,4839.268,4852.898,4834.635,4843.315,0.6717
1770081900000,2026-02-03,01:25:00,4843.235,4856.248,4840.905,4852.925,0.5729
1770082200000,2026-02-03,01:30:00,4852.935,4855.425,4837.118,4849.795,0.5347
1770082500000,2026-02-03,01:35:00,4850.035,4851.565,4829.705,4836.295,0.4303
1770082800000,2026-02-03,01:40:00,4836.305,4848.335,4830.465,4845.175,0.3891
1770083100000,2026-02-03,01:45:00,4845.085,4849.875,4823.865,4825.205,0.4411
1770083400000,2026-02-03,01:50:00,4825.035,4833.235,4819.915,4827.465,0.4068
1770083700000,2026-02-03,01:55:00,4827.465,4847.105,4827.185,4840.875,0.414
1770084000000,2026-02-03,02:00:00,4840.795,4841.195,4806.195,4812.445,0.5442
1770084300000,2026-02-03,02:05:00,4812.355,4822.605,4802.955,4811.598,0.4859
1770084600000,2026-02-03,02:10:00,4811.705,4812.125,4789.108,4800.465,0.8989
1770084900000,2026-02-03,02:15:00,4800.555,4801.135,4769.775,4780.465,0.6435
1770085200000,2026-02-03,02:20:00,4780.615,4795.545,4776.778,4790.815,0.6116
1770085500000,2026-02-03,02:25:00,4790.695,4791.195,4760.265,4771.695,0.3799
1770085800000,2026-02-03,02:30:00,4771.715,4776.885,4758.525,4773.355,0.5148
1770086100000,2026-02-03,02:35:00,4773.535,4786.975,4763.318,4778.655,0.4354
1770086400000,2026-02-03,02:40:00,4778.505,4781.655,4754.248,4754.295,0.4188
1770086700000,2026-02-03,02:45:00,4753.485,4760.508,4744.808,4760.438,0.7392
1770087000000,2026-02-03,02:50:00,4760.765,4775.058,4750.075,4769.875,0.5495
1770087300000,2026-02-03,02:55:00,4770.005,4784.225,4764.625,4782.845,0.4882
1770087600000,2026-02-03,03:00:00,4782.875,4792.738,4780.125,4788.245,0.4979
1770087900000,2026-02-03,03:05:00,4788.175,4793.555,4771.135,4775.905,0.4152
1770088200000,2026-02-03,03:10:00,4775.935,4776.215,4761.655,4768.005,0.3587
1770088500000,2026-02-03,03:15:00,4767.975,4773.175,4758.095,4768.925,0.307
1770088800000,2026-02-03,03:20:00,4768.835,4779.855,4759.175,4764.305,0.3562
1770089100000,2026-02-03,03:25:00,4764.508,4772.935,4751.165,4772.805,0.4118
1770089400000,2026-02-03,03:30:00,4772.805,4787.925,4769.555,4781.885,0.4534
1770089700000,2026-02-03,03:35:00,4781.855,4804.875,4779.245,4804.075,0.3235
1770090000000,2026-02-03,03:40:00,4803.985,4811.905,4799.125,4804.975,0.2636
1770090300000,2026-02-03,03:45:00,4804.975,4805.755,4792.845,4795.015,0.3017
1770090600000,2026-02-03,03:50:00,4795.045,4800.045,4786.035,4798.305,0.323
1770090900000,2026-02-03,03:55:00,4798.455,4812.865,4798.375,4808.795,0.3488
1770091200000,2026-02-03,04:00:00,4808.665,4820.175,4807.635,4816.705,0.2956
1770091500000,2026-02-03,04:05:00,4816.715,4824.685,4812.625,4815.095,0.2962
1770091800000,2026-02-03,04:10:00,4815.085,4823.425,4814.045,4815.635,0.2202
1770092100000,2026-02-03,04:15:00,4815.145,4818.035,4806.475,4813.615,0.1903
1770092400000,2026-02-03,04:20:00,4813.635,4818.355,4800.215,4803.505,0.2016
1770092700000,2026-02-03,04:25:00,4803.445,4810.935,4801.635,4805.665,0.2097
1770093000000,2026-02-03,04:30:00,4805.785,4815.175,4805.455,4813.239,0.2147
1770093300000,2026-02-03,04:35:00,4813.249,4824.765,4805.475,4821.605,0.2695
1770093600000,2026-02-03,04:40:00,4821.695,4822.445,4814.599,4820.035,0.2336
1770093900000,2026-02-03,04:45:00,4820.125,4824.525,4818.315,4821.235,0.1128
1770094200000,2026-02-03,04:50:00,4821.235,4822.445,4816.205,4820.825,0.1397
1770094500000,2026-02-03,04:55:00,4820.825,4821.175,4807.485,4808.765,0.1426
1770094800000,2026-02-03,05:00:00,4809.255,4821.175,4808.965,4817.195,0.2155
1770095100000,2026-02-03,05:05:00,4817.205,4820.705,4810.205,4818.969,0.2283
1770095400000,2026-02-03,05:10:00,4818.925,4820.715,4808.608,4812.305,0.2278
1770095700000,2026-02-03,05:15:00,4812.295,4824.455,4811.485,4820.755,0.1356
1770096000000,2026-02-03,05:20:00,4820.755,4828.495,4819.785,4823.365,0.1987
1770096300000,2026-02-03,05:25:00,4823.349,4841.365,4821.545,4839.245,0.1866
1770096600000,2026-02-03,05:30:00,4839.145,4839.605,4821.065,4830.705,0.5517
1770096900000,2026-02-03,05:35:00,4831.105,4833.915,4817.775,4830.095,0.3101
1770097200000,2026-02-03,05:40:00,4830.005,4835.935,4816.335,4820.215,0.2827
1770097500000,2026-02-03,05:45:00,4820.235,4828.995,4812.835,4828.155,0.2848
1770097800000,2026-02-03,05:50:00,4828.165,4829.865,4821.965,4823.065,0.3163
1770098100000,2026-02-03,05:55:00,4823.075,4829.515,4819.448,4824.605,0.2923
1770098400000,2026-02-03,06:00:00,4824.615,4829.265,4815.895,4819.385,0.2578
1770098700000,2026-02-03,06:05:00,4819.415,4828.435,4816.715,4826.075,0.2443
1770099000000,2026-02-03,06:10:00,4826.035,4848.325,4824.185,4842.465,0.3425
1770099300000,2026-02-03,06:15:00,4842.385,4856.505,4841.165,4856.365,0.3115
1770099600000,2026-02-03,06:20:00,4856.375,4862.385,4847.185,4860.775,0.2795
1770099900000,2026-02-03,06:25:00,4860.775,4874.795,4859.335,4870.935,0.3198
1770100200000,2026-02-03,06:30:00,4870.855,4876.045,4867.975,4875.315,0.3086
1770100500000,2026-02-03,06:35:00,4875.315,4878.345,4868.968,4874.595,0.3996
1770100800000,2026-02-03,06:40:00,4874.645,4893.075,4872.685,4890.925,0.4864
1770101100000,2026-02-03,06:45:00,4890.985,4893.535,4872.705,4873.585,0.4574
1770101400000,2026-02-03,06:50:00,4873.595,4883.255,4864.485,4872.339,0.4528
1770101700000,2026-02-03,06:55:00,4872.329,4883.725,4872.329,4880.745,0.3648
1770102000000,2026-02-03,07:00:00,4880.595,4881.755,4871.525,4880.505,0.271
1770102300000,2026-02-03,07:05:00,4880.535,4889.135,4880.415,4884.445,0.1945
1770102600000,2026-02-03,07:10:00,4884.415,4893.145,4882.205,4892.985,0.166
1770102900000,2026-02-03,07:15:00,4892.845,4893.235,4879.355,4882.405,0.2125
1770103200000,2026-02-03,07:20:00,4882.415,4892.795,4881.255,4891.455,0.1721
1770103500000,2026-02-03,07:25:00,4891.655,4901.315,4889.355,4899.895,0.2234
1770103800000,2026-02-03,07:30:00,4899.925,4922.355,4898.465,4917.405,0.2407
1770104100000,2026-02-03,07:35:00,4917.415,4931.165,4916.515,4930.905,0.2497
1770104400000,2026-02-03,07:40:00,4930.955,4933.305,4920.008,4920.898,0.2544
1770104700000,2026-02-03,07:45:00,4920.908,4925.515,4912.835,4919.415,0.2106
1770105000000,2026-02-03,07:50:00,4919.445,4923.785,4912.785,4922.835,0.1822
1770105300000,2026-02-03,07:55:00,4922.765,4927.035,4913.395,4916.935,0.2057
1770105600000,2026-02-03,08:00:00,4916.905,4920.425,4904.675,4909.345,0.2531
1770105900000,2026-02-03,08:05:00,4909.385,4920.175,4897.995,4919.205,0.3082
1770106200000,2026-02-03,08:10:00,4919.108,4931.995,4912.655,4928.095,0.2078
1770106500000,2026-02-03,08:15:00,4928.145,4941.785,4927.195,4939.445,0.2496
1770106800000,2026-02-03,08:20:00,4939.405,4939.898,4929.915,4933.295,0.3294
1770107100000,2026-02-03,08:25:00,4933.395,4940.015,4932.085,4936.225,0.1721
1770107400000,2026-02-03,08:30:00,4936.205,4938.365,4930.325,4932.255,0.1657
1770107700000,2026-02-03,08:35:00,4932.235,4939.245,4930.735,4934.025,0.1643
1770108000000,2026-02-03,08:40:00,4933.965,4949.395,4932.395,4935.385,0.236
1770108300000,2026-02-03,08:45:00,4935.425,4938.265,4930.245,4934.265,0.1958
1770108600000,2026-02-03,08:50:00,4934.245,4936.265,4930.385,4932.045,0.1688
1770108900000,2026-02-03,08:55:00,4932.065,4933.585,4910.875,4912.125,0.214
1770109200000,2026-02-03,09:00:00,4912.085,4922.395,4907.765,4911.975,0.2548
1770109500000,2026-02-03,09:05:00,4913.055,4923.595,4913.055,4918.798,0.1807
1770109800000,2026-02-03,09:10:00,4918.895,4919.885,4908.705,4915.995,0.2219
1770110100000,2026-02-03,09:15:00,4915.975,4916.195,4900.515,4906.105,0.2022
1770110400000,2026-02-03,09:20:00,4906.105,4910.565,4899.535,4904.335,0.1878
1770110700000,2026-02-03,09:25:00,4904.095,4904.935,4889.838,4890.748,0.2989
1770111000000,2026-02-03,09:30:00,4890.748,4902.885,4884.275,4897.315,0.2249
1770111300000,2026-02-03,09:35:00,4897.285,4914.635,4896.235,4914.575,0.1912
1770111600000,2026-02-03,09:40:00,4914.395,4922.095,4911.165,4921.105,0.1671
1770111900000,2026-02-03,09:45:00,4921.095,4925.915,4918.678,4923.005,0.1529
1770112200000,2026-02-03,09:50:00,4923.005,4923.795,4917.965,4918.135,0.1522
1770112500000,2026-02-03,09:55:00,4918.155,4919.755,4914.455,4915.835,0.1493
1770112800000,2026-02-03,10:00:00,4915.845,4921.205,4913.775,4917.865,0.1511
1770113100000,2026-02-03,10:05:00,4917.905,4922.805,4914.165,4922.805,0.1375
1770113400000,2026-02-03,10:10:00,4922.735,4929.515,4918.665,4922.675,0.157
1770113700000,2026-02-03,10:15:00,4922.705,4922.835,4914.415,4914.785,0.153
1770114000000,2026-02-03,10:20:00,4914.448,4918.985,4914.225,4916.385,0.1421
1770114300000,2026-02-03,10:25:00,4916.385,4919.325,4913.975,4914.465,0.1292
1770114600000,2026-02-03,10:30:00,4914.535,4923.635,4914.535,4919.995,0.1833
1770114900000,2026-02-03,10:35:00,4920.035,4921.035,4915.105,4916.645,0.1229
1770115200000,2026-02-03,10:40:00,4916.665,4920.525,4913.988,4919.695,0.1126
1770115500000,2026-02-03,10:45:00,4919.645,4923.875,4914.498,4918.875,0.1286
1770115800000,2026-02-03,10:50:00,4918.905,4919.525,4914.455,4916.205,0.1247
1770116100000,2026-02-03,10:55:00,4916.205,4917.905,4901.415,4901.965,0.1572
1770116400000,2026-02-03,11:00:00,4901.985,4903.205,4889.465,4902.675,0.1998
1770116700000,2026-02-03,11:05:00,4902.675,4912.318,4901.885,4907.555,0.174
1770117000000,2026-02-03,11:10:00,4907.515,4910.665,4905.805,4906.285,0.1535
1770117300000,2026-02-03,11:15:00,4906.055,4909.775,4896.535,4899.015,0.1671
1770117600000,2026-02-03,11:20:00,4899.065,4899.275,4883.445,4884.645,0.2073
1770117900000,2026-02-03,11:25:00,4884.605,4905.275,4884.475,4900.805,0.2037
1770118200000,2026-02-03,11:30:00,4900.765,4916.495,4897.955,4913.555,0.1937
1770118500000,2026-02-03,11:35:00,4913.545,4918.905,4910.375,4913.855,0.1821
1770118800000,2026-02-03,11:40:00,4913.855,4915.975,4908.725,4909.235,0.1543
1770119100000,2026-02-03,11:45:00,4909.195,4914.805,4906.515,4906.515,0.1331
1770119400000,2026-02-03,11:50:00,4906.105,4909.555,4898.345,4903.498,0.2212
1770119700000,2026-02-03,11:55:00,4903.488,4916.895,4902.665,4916.475,0.3238
1770120000000,2026-02-03,12:00:00,4916.991,4935.308,4909.715,4931.805,0.269
1770120300000,2026-02-03,12:05:00,4931.805,4934.105,4925.125,4929.478,0.3028
1770120600000,2026-02-03,12:10:00,4929.448,4930.445,4922.475,4924.425,0.2317
1770120900000,2026-02-03,12:15:00,4924.525,4925.595,4912.125,4912.685,0.1829
1770121200000,2026-02-03,12:20:00,4912.665,4912.895,4898.695,4899.118,0.2217
1770121500000,2026-02-03,12:25:00,4898.925,4907.155,4891.855,4902.165,0.2451
1770121800000,2026-02-03,12:30:00,4902.185,4917.765,4899.865,4916.645,0.1802
1770122100000,2026-02-03,12:35:00,4916.635,4917.845,4910.735,4911.225,0.1809
1770122400000,2026-02-03,12:40:00,4911.175,4918.778,4910.085,4911.955,0.1518
1770122700000,2026-02-03,12:45:00,4911.965,4916.825,4911.835,4913.045,0.1279
1770123000000,2026-02-03,12:50:00,4913.075,4918.255,4906.865,4909.065,0.1604
1770123300000,2026-02-03,12:55:00,4908.955,4917.755,4908.955,4913.405,0.1307
1770123600000,2026-02-03,13:00:00,4913.395,4921.075,4902.325,4920.925,0.3339
1770123900000,2026-02-03,13:05:00,4920.845,4930.685,4920.845,4926.385,0.2812
1770124200000,2026-02-03,13:10:00,4926.375,4928.835,4916.405,4928.415,0.2762
1770124500000,2026-02-03,13:15:00,4928.525,4929.695,4916.695,4917.615,0.242
1770124800000,2026-02-03,13:20:00,4918.055,4925.195,4916.828,4921.855,0.2924
1770125100000,2026-02-03,13:25:00,4921.855,4938.945,4921.465,4933.805,0.3376
1770125400000,2026-02-03,13:30:00,4933.795,4938.015,4929.645,4935.495,0.2964
1770125700000,2026-02-03,13:35:00,4935.475,4938.608,4928.415,4930.445,0.2987
1770126000000,2026-02-03,13:40:00,4930.395,4941.675,4929.265,4941.385,0.244
1770126300000,2026-02-03,13:45:00,4941.425,4950.835,4941.425,4945.455,0.2947
1770126600000,2026-02-03,13:50:00,4945.205,4947.645,4921.418,4925.755,0.329
1770126900000,2026-02-03,13:55:00,4925.765,4934.975,4920.335,4932.745,0.2844
1770127200000,2026-02-03,14:00:00,4932.685,4936.195,4917.205,4921.685,0.2847
1770127500000,2026-02-03,14:05:00,4921.715,4928.885,4918.955,4928.615,0.2968
1770127800000,2026-02-03,14:10:00,4928.585,4929.045,4920.925,4923.515,0.2714
1770128100000,2026-02-03,14:15:00,4923.515,4923.515,4895.975,4916.825,0.3154
1770128400000,2026-02-03,14:20:00,4916.755,4916.755,4899.485,4909.985,0.3146
1770128700000,2026-02-03,14:25:00,4910.015,4925.065,4906.405,4924.645,0.2758
1770129000000,2026-02-03,14:30:00,4924.645,4928.675,4896.895,4903.145,0.41
1770129300000,2026-02-03,14:35:00,4903.145,4918.005,4892.895,4917.935,0.3552
1770129600000,2026-02-03,14:40:00,4918.085,4925.505,4912.455,4917.745,0.3654
1770129900000,2026-02-03,14:45:00,4917.755,4923.825,4909.315,4923.008,0.4189
1770130200000,2026-02-03,14:50:00,4923.008,4929.915,4919.075,4928.585,0.3881
1770130500000,2026-02-03,14:55:00,4928.535,4928.675,4912.825,4916.245,0.4005
1770130800000,2026-02-03,15:00:00,4916.315,4924.355,4904.025,4918.675,0.3692
1770131100000,2026-02-03,15:05:00,4918.765,4938.175,4918.035,4936.715,0.3477
1770131400000,2026-02-03,15:10:00,4936.835,4948.355,4932.848,4936.055,0.4133
1770131700000,2026-02-03,15:15:00,4936.055,4942.748,4926.875,4927.365,0.525
1770132000000,2026-02-03,15:20:00,4927.345,4927.475,4910.285,4912.785,0.4043
1770132300000,2026-02-03,15:25:00,4912.805,4927.355,4907.595,4924.708,0.3725
1770132600000,2026-02-03,15:30:00,4924.708,4928.575,4913.915,4914.575,0.3655
1770132900000,2026-02-03,15:35:00,4914.375,4919.485,4907.465,4916.445,0.3119
1770133200000,2026-02-03,15:40:00,4916.555,4924.575,4915.695,4923.435,0.2671
1770133500000,2026-02-03,15:45:00,4923.445,4925.695,4917.975,4925.615,0.2776
1770133800000,2026-02-03,15:50:00,4925.555,4933.955,4922.498,4933.585,0.3173
1770134100000,2026-02-03,15:55:00,4933.385,4935.465,4926.808,4935.115,0.2772
1770134400000,2026-02-03,16:00:00,4935.265,4944.835,4929.955,4939.575,0.2709
1770134700000,2026-02-03,16:05:00,4939.605,4942.095,4929.425,4936.355,0.222
1770135000000,2026-02-03,16:10:00,4936.405,4945.708,4934.575,4943.945,0.1966
1770135300000,2026-02-03,16:15:00,4943.915,4971.095,4941.015,4966.879,0.3545
1770135600000,2026-02-03,16:20:00,4966.818,4973.445,4965.565,4969.685,0.2976
1770135900000,2026-02-03,16:25:00,4969.685,4980.255,4969.285,4973.035,0.3605
1770136200000,2026-02-03,16:30:00,4973.065,4977.195,4963.795,4973.355,0.3042
1770136500000,2026-02-03,16:35:00,4973.485,4993.458,4973.485,4992.748,0.3982
1770136800000,2026-02-03,16:40:00,4992.758,4992.758,4980.175,4980.695,0.3883
1770137100000,2026-02-03,16:45:00,4980.665,4983.055,4967.265,4976.215,0.3798
1770137400000,2026-02-03,16:50:00,4976.225,4976.225,4951.598,4953.098,0.4332
1770137700000,2026-02-03,16:55:00,4953.165,4964.068,4951.395,4955.348,0.3369
1770138000000,2026-02-03,17:00:00,4955.358,4962.215,4946.068,4954.098,0.4059
1770138300000,2026-02-03,17:05:00,4953.905,4957.295,4936.328,4941.405,0.4084
1770138600000,2026-02-03,17:10:00,4941.498,4947.265,4922.965,4943.418,0.5059
1770138900000,2026-02-03,17:15:00,4943.495,4966.685,4936.558,4965.565,0.4905
1770139200000,2026-02-03,17:20:00,4965.545,4969.425,4951.948,4953.038,0.6099
1770139500000,2026-02-03,17:25:00,4953.098,4959.355,4945.615,4948.025,0.4803
1770139800000,2026-02-03,17:30:00,4948.088,4964.308,4947.615,4954.309,0.6859
1770140100000,2026-02-03,17:35:00,4954.299,4956.788,4945.428,4952.015,0.6836
1770140400000,2026-02-03,17:40:00,4951.985,4951.985,4913.178,4921.715,0.5519
1770140700000,2026-02-03,17:45:00,4921.695,4934.805,4906.975,4932.275,0.4523
1770141000000,2026-02-03,17:50:00,4932.205,4947.715,4930.935,4938.668,0.4717
1770141300000,2026-02-03,17:55:00,4938.665,4941.355,4927.068,4928.405,0.4827
1770141600000,2026-02-03,18:00:00,4928.405,4939.455,4925.795,4934.935,0.4164
1770141900000,2026-02-03,18:05:00,4934.855,4949.408,4928.928,4940.918,0.6739
1770142200000,2026-02-03,18:10:00,4940.915,4953.635,4938.438,4942.718,0.5957
1770142500000,2026-02-03,18:15:00,4942.708,4948.225,4936.055,4941.065,0.3248
1770142800000,2026-02-03,18:20:00,4940.525,4945.345,4919.535,4922.605,0.3528
1770143100000,2026-02-03,18:25:00,4922.545,4930.945,4904.515,4908.525,0.4152
1770143400000,2026-02-03,18:30:00,4908.575,4918.285,4882.365,4895.335,0.4106
1770143700000,2026-02-03,18:35:00,4895.265,4905.825,4892.625,4904.355,0.4081
1770144000000,2026-02-03,18:40:00,4904.375,4912.355,4897.375,4905.685,0.3488
1770144300000,2026-02-03,18:45:00,4905.725,4914.745,4900.605,4902.365,0.3245
1770144600000,2026-02-03,18:50:00,4902.325,4911.055,4891.055,4908.505,0.3223
1770144900000,2026-02-03,18:55:00,4908.525,4914.685,4899.895,4908.075,0.3438
1770145200000,2026-02-03,19:00:00,4908.075,4908.115,4883.895,4888.095,0.4181
1770145500000,2026-02-03,19:05:00,4888.135,4893.165,4880.295,4881.085,0.4465
1770145800000,2026-02-03,19:10:00,4881.055,4917.425,4880.955,4915.328,0.5028
1770146100000,2026-02-03,19:15:00,4915.318,4929.455,4914.335,4925.555,0.4558
1770146400000,2026-02-03,19:20:00,4925.645,4929.835,4918.275,4922.035,0.3565
1770146700000,2026-02-03,19:25:00,4922.128,4933.305,4916.165,4930.155,0.341
1770147000000,2026-02-03,19:30:00,4930.048,4930.815,4921.805,4924.325,0.3478
1770147300000,2026-02-03,19:35:00,4924.365,4941.875,4923.145,4938.805,0.3113
1770147600000,2026-02-03,19:40:00,4938.755,4948.538,4937.535,4940.035,0.4958
1770147900000,2026-02-03,19:45:00,4940.075,4941.885,4929.905,4934.845,0.3714
1770148200000,2026-02-03,19:50:00,4934.885,4937.575,4915.545,4923.925,0.355
1770148500000,2026-02-03,19:55:00,4923.945,4928.805,4918.615,4926.945,0.3379
1770148800000,2026-02-03,20:00:00,4926.925,4927.015,4905.485,4909.745,0.3987
1770149100000,2026-02-03,20:05:00,4910.185,4917.855,4903.095,4917.855,0.3357
1770149400000,2026-02-03,20:10:00,4917.875,4920.715,4901.945,4920.625,0.3322
1770149700000,2026-02-03,20:15:00,4920.755,4932.825,4911.635,4930.695,0.333
1770150000000,2026-02-03,20:20:00,4930.725,4936.965,4923.015,4936.715,0.4107
1770150300000,2026-02-03,20:25:00,4936.308,4941.755,4928.795,4938.895,0.3216
1770150600000,2026-02-03,20:30:00,4938.965,4955.485,4937.295,4955.415,0.3169
1770150900000,2026-02-03,20:35:00,4954.858,4956.698,4948.355,4951.709,0.2598
1770151200000,2026-02-03,20:40:00,4951.629,4956.525,4947.645,4951.365,0.3346
1770151500000,2026-02-03,20:45:00,4951.355,4956.465,4934.405,4937.725,0.366
1770151800000,2026-02-03,20:50:00,4937.715,4942.075,4932.365,4937.199,0.4087
1770152100000,2026-02-03,20:55:00,4938.298,4946.265,4934.945,4943.988,0.3835
1770152400000,2026-02-03,21:00:00,4944.078,4953.405,4937.985,4950.275,0.1909
1770152700000,2026-02-03,21:05:00,4950.245,4953.735,4945.225,4947.885,0.1925
1770153000000,2026-02-03,21:10:00,4947.875,4963.965,4947.105,4957.609,0.2028
1770153300000,2026-02-03,21:15:00,4957.609,4958.179,4944.525,4944.525,0.106
1770153600000,2026-02-03,21:20:00,4944.545,4952.295,4942.565,4951.799,0.0878
1770153900000,2026-02-03,21:25:00,4951.799,4955.055,4949.225,4950.525,0.0896
1770154200000,2026-02-03,21:30:00,4950.535,4957.915,4950.535,4951.735,0.0983
1770154500000,2026-02-03,21:35:00,4951.745,4954.095,4944.575,4944.795,0.1267
1770154800000,2026-02-03,21:40:00,4944.775,4944.965,4935.265,4939.845,0.1904
1770155100000,2026-02-03,21:45:00,4939.825,4940.935,4934.618,4938.448,0.1097
1770155400000,2026-02-03,21:50:00,4938.645,4944.895,4933.328,4943.315,0.1009
1770155700000,2026-02-03,21:55:00,4943.335,4948.315,4940.188,4944.665,0.1044
1770159600000,2026-02-03,23:00:00,4940.908,4971.098,4940.908,4955.898,0.1507
1770159900000,2026-02-03,23:05:00,4956.098,4956.198,4904.069,4924.698,0.2862
1770160200000,2026-02-03,23:10:00,4924.698,4935.585,4923.098,4932.015,0.1712
1770160500000,2026-02-03,23:15:00,4931.535,4944.325,4928.075,4933.655,0.1548
1770160800000,2026-02-03,23:20:00,4934.565,4939.525,4926.765,4934.585,0.1315
1770161100000,2026-02-03,23:25:00,4934.575,4939.675,4919.265,4922.585,0.1517
1770161400000,2026-02-03,23:30:00,4922.675,4939.875,4919.515,4928.855,0.1586
1770161700000,2026-02-03,23:35:00,4928.735,4941.935,4928.589,4941.935,0.1135
1770162000000,2026-02-03,23:40:00,4942.745,4949.875,4938.425,4947.985,0.1602
1770162300000,2026-02-03,23:45:00,4947.955,4954.765,4940.825,4940.895,0.18
1770162600000,2026-02-03,23:50:00,4941.015,4953.955,4938.965,4942.905,0.1687
1770162900000,2026-02-03,23:55:00,4942.955,4951.505,4942.465,4946.875,0.1247
1770163200000,2026-02-04,00:00:00,4946.895,4958.295,4945.725,4956.685,0.2098
1770163500000,2026-02-04,00:05:00,4956.715,4968.855,4956.595,4968.815,0.1965
1770163800000,2026-02-04,00:10:00,4968.815,4987.535,4965.425,4986.565,0.2312
1770164100000,2026-02-04,00:15:00,4986.585,4997.465,4984.335,4994.235,0.3031
1770164400000,2026-02-04,00:20:00,4994.305,4999.288,4988.535,4991.885,0.272
1770164700000,2026-02-04,00:25:00,4991.915,4992.615,4977.548,4980.778,0.4084
1770165000000,2026-02-04,00:30:00,4980.558,4986.448,4967.788,4979.328,0.4136
1770165300000,2026-02-04,00:35:00,4979.485,4993.805,4979.365,4982.595,0.221
1770165600000,2026-02-04,00:40:00,4982.765,4989.235,4980.135,4986.335,0.1762
1770165900000,2026-02-04,00:45:00,4986.335,5003.655,4986.275,5002.715,0.2018
1770166200000,2026-02-04,00:50:00,5002.765,5005.315,4993.335,5004.825,0.1968
1770166500000,2026-02-04,00:55:00,5004.855,5015.868,5004.845,5015.425,0.256
1770166800000,2026-02-04,01:00:00,5015.865,5017.055,4984.635,5013.985,0.4196
1770167100000,2026-02-04,01:05:00,5014.015,5039.365,5012.498,5030.825,0.3982
1770167400000,2026-02-04,01:10:00,5030.815,5052.815,5030.815,5050.545,0.4838
1770167700000,2026-02-04,01:15:00,5050.535,5052.865,5043.785,5046.375,0.3381
1770168000000,2026-02-04,01:20:00,5046.428,5052.135,5032.945,5050.145,0.3063
1770168300000,2026-02-04,01:25:00,5050.135,5050.135,5030.765,5036.565,0.2595
1770168600000,2026-02-04,01:30:00,5036.485,5038.635,5022.375,5028.925,0.3928
1770168900000,2026-02-04,01:35:00,5029.098,5035.005,5010.145,5019.415,0.3134
1770169200000,2026-02-04,01:40:00,5019.485,5037.115,5017.835,5031.615,0.3194
1770169500000,2026-02-04,01:45:00,5031.855,5048.975,5027.735,5047.255,0.2838
1770169800000,2026-02-04,01:50:00,5047.255,5049.975,5035.075,5036.755,0.2631
1770170100000,2026-02-04,01:55:00,5036.765,5046.855,5035.015,5046.125,0.1705
1770170400000,2026-02-04,02:00:00,5046.115,5063.335,5045.995,5058.075,0.1862
1770170700000,2026-02-04,02:05:00,5058.025,5065.325,5054.225,5061.335,0.1973
1770171000000,2026-02-04,02:10:00,5061.315,5064.665,5055.595,5059.455,0.1815
1770171300000,2026-02-04,02:15:00,5059.485,5064.275,5055.105,5060.875,0.1306
1770171600000,2026-02-04,02:20:00,5060.865,5064.635,5052.585,5056.655,0.1281
1770171900000,2026-02-04,02:25:00,5056.665,5062.725,5054.888,5057.355,0.1624
1770172200000,2026-02-04,02:30:00,5057.335,5058.575,5043.755,5044.145,0.2541
1770172500000,2026-02-04,02:35:00,5043.995,5050.625,5038.815,5043.345,0.2105
1770172800000,2026-02-04,02:40:00,5043.325,5061.755,5041.765,5060.235,0.1795
1770173100000,2026-02-04,02:45:00,5060.255,5060.685,5049.605,5059.328,0.2335
1770173400000,2026-02-04,02:50:00,5059.355,5059.465,5036.305,5042.155,0.196
1770173700000,2026-02-04,02:55:00,5042.225,5047.235,5035.085,5039.645,0.2413
1770174000000,2026-02-04,03:00:00,5039.309,5048.575,5035.675,5047.655,0.2635
1770174300000,2026-02-04,03:05:00,5047.685,5052.865,5041.415,5048.525,0.3388
1770174600000,2026-02-04,03:10:00,5048.495,5055.805,5046.975,5048.839,0.2686
1770174900000,2026-02-04,03:15:00,5048.499,5052.525,5038.995,5045.435,0.204
1770175200000,2026-02-04,03:20:00,5045.285,5047.855,5038.505,5043.505,0.1512
1770175500000,2026-02-04,03:25:00,5043.535,5054.345,5039.915,5052.145,0.1288
1770175800000,2026-02-04,03:30:00,5051.275,5061.775,5051.205,5061.775,0.173
1770176100000,2026-02-04,03:35:00,5061.785,5070.795,5061.185,5069.955,0.1704
1770176400000,2026-02-04,03:40:00,5070.015,5071.609,5061.779,5062.109,0.2175
1770176700000,2026-02-04,03:45:00,5062.099,5068.365,5060.785,5064.205,0.1863
1770177000000,2026-02-04,03:50:00,5064.475,5073.315,5063.855,5072.255,0.1303
1770177300000,2026-02-04,03:55:00,5072.225,5072.655,5067.085,5069.805,0.1068
1770177600000,2026-02-04,04:00:00,5069.815,5070.945,5064.435,5064.758,0.1224
1770177900000,2026-02-04,04:05:00,5065.035,5069.908,5062.345,5063.975,0.1572
1770178200000,2026-02-04,04:10:00,5064.098,5073.478,5063.975,5072.278,0.264
1770178500000,2026-02-04,04:15:00,5072.288,5073.578,5064.975,5067.135,0.1593
1770178800000,2026-02-04,04:20:00,5067.145,5067.465,5055.895,5061.815,0.1117
1770179100000,2026-02-04,04:25:00,5061.955,5064.628,5058.345,5061.515,0.1844
1770179400000,2026-02-04,04:30:00,5061.545,5067.895,5059.975,5064.255,0.0911
1770179700000,2026-02-04,04:35:00,5064.255,5072.185,5063.845,5071.245,0.1025
1770180000000,2026-02-04,04:40:00,5071.225,5072.715,5068.375,5071.525,0.0716
1770180300000,2026-02-04,04:45:00,5071.495,5076.615,5070.905,5076.375,0.1074
1770180600000,2026-02-04,04:50:00,5076.345,5079.485,5076.008,5078.595,0.0896
1770180900000,2026-02-04,04:55:00,5078.585,5081.225,5075.995,5080.195,0.0759
1770181200000,2026-02-04,05:00:00,5080.125,5080.645,5076.365,5079.205,0.087
1770181500000,2026-02-04,05:05:00,5079.245,5082.925,5076.895,5082.755,0.0963
1770181800000,2026-02-04,05:10:00,5082.855,5083.508,5080.715,5082.735,0.0683
1770182100000,2026-02-04,05:15:00,5082.735,5085.075,5080.195,5081.245,0.0771
1770182400000,2026-02-04,05:20:00,5081.225,5082.975,5078.965,5079.555,0.0736
1770182700000,2026-02-04,05:25:00,5079.585,5081.415,5078.508,5079.875,0.0651
1770183000000,2026-02-04,05:30:00,5079.955,5084.755,5073.468,5075.048,0.4085
1770183300000,2026-02-04,05:35:00,5075.168,5077.695,5068.855,5076.955,0.3214
1770183600000,2026-02-04,05:40:00,5076.935,5086.355,5075.845,5080.835,0.196
1770183900000,2026-02-04,05:45:00,5081.965,5089.095,5081.265,5088.525,0.1276
1770184200000,2026-02-04,05:50:00,5088.575,5090.145,5083.795,5086.755,0.1121
1770184500000,2026-02-04,05:55:00,5086.755,5087.085,5076.908,5079.155,0.1478
1770184800000,2026-02-04,06:00:00,5079.185,5082.595,5074.285,5079.215,0.1924
1770185100000,2026-02-04,06:05:00,5079.215,5079.375,5055.565,5063.915,0.2523
1770185400000,2026-02-04,06:10:00,5063.875,5064.655,5056.785,5059.105,0.2011
1770185700000,2026-02-04,06:15:00,5059.305,5067.965,5050.745,5065.255,0.2447
1770186000000,2026-02-04,06:20:00,5065.225,5065.748,5053.605,5057.125,0.1824
1770186300000,2026-02-04,06:25:00,5057.195,5060.855,5052.678,5054.155,0.1883
1770186600000,2026-02-04,06:30:00,5054.175,5063.395,5053.445,5060.425,0.1719
1770186900000,2026-02-04,06:35:00,5060.648,5067.425,5060.205,5065.495,0.1736
1770187200000,2026-02-04,06:40:00,5065.525,5070.245,5063.185,5070.125,0.1859
1770187500000,2026-02-04,06:45:00,5070.045,5079.595,5067.095,5075.185,0.1895
1770187800000,2026-02-04,06:50:00,5075.245,5078.375,5071.815,5073.675,0.2023
1770188100000,2026-02-04,06:55:00,5073.675,5077.905,5073.245,5076.275,0.1794
1770188400000,2026-02-04,07:00:00,5076.265,5082.345,5065.615,5070.165,0.2213
1770188700000,2026-02-04,07:05:00,5070.145,5070.595,5063.915,5064.625,0.1404
1770189000000,2026-02-04,07:10:00,5064.625,5067.715,5062.775,5062.865,0.1267
1770189300000,2026-02-04,07:15:00,5062.885,5068.465,5061.785,5068.075,0.1304
1770189600000,2026-02-04,07:20:00,5068.055,5081.245,5068.005,5081.115,0.1144
1770189900000,2026-02-04,07:25:00,5081.105,5089.105,5079.645,5088.935,0.1813
1770190200000,2026-02-04,07:30:00,5088.919,5090.095,5073.098,5073.195,0.1939
1770190500000,2026-02-04,07:35:00,5073.205,5074.108,5066.625,5071.209,0.2782
1770190800000,2026-02-04,07:40:00,5071.265,5081.318,5071.265,5080.475,0.1975
1770191100000,2026-02-04,07:45:00,5080.365,5086.895,5080.005,5082.925,0.1164
1770191400000,2026-02-04,07:50:00,5082.945,5090.545,5080.205,5089.205,0.1729
1770191700000,2026-02-04,07:55:00,5089.275,5091.115,5084.108,5084.298,0.1337
1770192000000,2026-02-04,08:00:00,5084.298,5091.395,5074.318,5079.219,0.3642
1770192300000,2026-02-04,08:05:00,5079.219,5088.285,5077.008,5085.585,0.3166
1770192600000,2026-02-04,08:10:00,5085.605,5086.395,5076.005,5077.115,0.1611
1770192900000,2026-02-04,08:15:00,5077.165,5086.765,5076.405,5086.599,0.1438
1770193200000,2026-02-04,08:20:00,5086.609,5087.155,5080.539,5082.245,0.2009
1770193500000,2026-02-04,08:25:00,5082.245,5085.595,5081.325,5083.875,0.0849
1770193800000,2026-02-04,08:30:00,5083.945,5085.025,5071.248,5072.449,0.2558
1770194100000,2026-02-04,08:35:00,5072.499,5078.328,5068.475,5078.328,0.1849
1770194400000,2026-02-04,08:40:00,5078.335,5081.435,5077.065,5079.045,0.1472
1770194700000,2026-02-04,08:45:00,5079.055,5080.605,5072.845,5080.605,0.0897
1770195000000,2026-02-04,08:50:00,5080.445,5082.685,5070.898,5077.909,0.2127
1770195300000,2026-02-04,08:55:00,5077.909,5084.669,5076.538,5083.138,0.1713
1770195600000,2026-02-04,09:00:00,5083.148,5086.445,5075.165,5081.095,0.2078
1770195900000,2026-02-04,09:05:00,5081.135,5082.535,5073.728,5074.958,0.1678
1770196200000,2026-02-04,09:10:00,5074.998,5075.208,5067.508,5068.829,0.2822
1770196500000,2026-02-04,09:15:00,5068.829,5068.829,5058.985,5061.875,0.2909
1770196800000,2026-02-04,09:20:00,5061.735,5065.408,5052.675,5064.099,0.4017
1770197100000,2026-02-04,09:25:00,5064.229,5064.819,5055.055,5056.475,0.1842
1770197400000,2026-02-04,09:30:00,5056.545,5056.959,5042.655,5050.385,0.1845
1770197700000,2026-02-04,09:35:00,5050.365,5059.235,5050.325,5057.915,0.1991
1770198000000,2026-02-04,09:40:00,5057.838,5065.745,5055.985,5057.025,0.2187
1770198300000,2026-02-04,09:45:00,5056.975,5058.625,5046.975,5055.075,0.2023
1770198600000,2026-02-04,09:50:00,5055.085,5063.979,5055.085,5061.185,0.2069
1770198900000,2026-02-04,09:55:00,5060.965,5061.605,5057.835,5059.835,0.1339
1770199200000,2026-02-04,10:00:00,5059.855,5064.068,5051.065,5051.195,0.1685
1770199500000,2026-02-04,10:05:00,5051.235,5053.845,5047.815,5052.885,0.1616
1770199800000,2026-02-04,10:10:00,5052.885,5057.675,5051.885,5053.535,0.1364
1770200100000,2026-02-04,10:15:00,5053.515,5056.325,5047.095,5050.905,0.131
1770200400000,2026-02-04,10:20:00,5050.915,5055.435,5042.185,5042.345,0.1023
1770200700000,2026-02-04,10:25:00,5042.375,5047.705,5041.595,5043.015,0.1564
1770201000000,2026-02-04,10:30:00,5042.799,5057.235,5042.799,5054.725,0.1918
1770201300000,2026-02-04,10:35:00,5054.775,5058.085,5046.995,5055.085,0.3084
1770201600000,2026-02-04,10:40:00,5055.075,5061.059,5052.635,5059.715,0.1288
1770201900000,2026-02-04,10:45:00,5059.695,5060.805,5052.855,5053.245,0.1198
1770202200000,2026-02-04,10:50:00,5053.285,5054.075,5048.775,5052.649,0.1273
1770202500000,2026-02-04,10:55:00,5052.628,5054.845,5045.628,5048.285,0.1604
1770202800000,2026-02-04,11:00:00,5048.295,5053.015,5047.015,5048.595,0.1948
1770203100000,2026-02-04,11:05:00,5048.605,5048.675,5045.755,5047.435,0.1136
1770203400000,2026-02-04,11:10:00,5047.475,5047.595,5042.195,5042.365,0.1163
1770203700000,2026-02-04,11:15:00,5042.305,5043.935,5013.015,5029.635,0.3015
1770204000000,2026-02-04,11:20:00,5029.605,5031.805,5023.625,5030.658,0.1871
1770204300000,2026-02-04,11:25:00,5030.648,5032.115,5019.465,5023.475,0.2203
1770204600000,2026-02-04,11:30:00,5023.495,5035.465,5021.805,5032.895,0.2183
1770204900000,2026-02-04,11:35:00,5032.895,5039.725,5032.145,5038.185,0.1415
1770205200000,2026-02-04,11:40:00,5038.215,5039.115,5029.929,5031.975,0.1605
1770205500000,2026-02-04,11:45:00,5031.985,5038.695,5030.075,5038.675,0.1374
1770205800000,2026-02-04,11:50:00,5038.765,5045.735,5037.525,5044.905,0.1263
1770206100000,2026-02-04,11:55:00,5044.835,5050.155,5044.575,5047.255,0.1467
1770206400000,2026-02-04,12:00:00,5047.165,5055.115,5046.695,5047.705,0.2434
1770206700000,2026-02-04,12:05:00,5047.655,5051.335,5040.505,5040.695,0.1817
1770207000000,2026-02-04,12:10:00,5040.715,5045.995,5037.115,5044.915,0.133
1770207300000,2026-02-04,12:15:00,5044.965,5049.545,5040.825,5042.995,0.1409
1770207600000,2026-02-04,12:20:00,5042.995,5048.255,5039.645,5047.235,0.1066
1770207900000,2026-02-04,12:25:00,5047.125,5049.795,5045.755,5047.185,0.0864
1770208200000,2026-02-04,12:30:00,5047.195,5062.905,5047.145,5062.128,0.1596
1770208500000,2026-02-04,12:35:00,5062.085,5062.788,5050.105,5050.125,0.1704
1770208800000,2026-02-04,12:40:00,5050.125,5056.015,5050.068,5055.605,0.1255
1770209100000,2026-02-04,12:45:00,5055.605,5057.705,5049.075,5052.585,0.1089
1770209400000,2026-02-04,12:50:00,5052.595,5054.065,5043.428,5046.635,0.1183
1770209700000,2026-02-04,12:55:00,5046.655,5047.398,5036.135,5040.645,0.1745
1770210000000,2026-02-04,13:00:00,5040.955,5045.465,5030.785,5039.515,0.3607
1770210300000,2026-02-04,13:05:00,5039.335,5040.715,5029.115,5029.115,0.3325
1770210600000,2026-02-04,13:10:00,5029.125,5033.925,5022.975,5028.625,0.3112
1770210900000,2026-02-04,13:15:00,5029.215,5042.305,5027.715,5038.145,0.2407
1770211200000,2026-02-04,13:20:00,5037.079,5048.785,5035.855,5044.005,0.3513
1770211500000,2026-02-04,13:25:00,5043.995,5053.845,5040.885,5048.405,0.216
1770211800000,2026-02-04,13:30:00,5048.645,5058.725,5047.655,5056.975,0.1872
1770212100000,2026-02-04,13:35:00,5057.165,5058.405,5046.295,5046.835,0.1951
1770212400000,2026-02-04,13:40:00,5046.855,5050.675,5032.845,5036.565,0.2216
1770212700000,2026-02-04,13:45:00,5036.585,5050.285,5035.225,5050.285,0.1804
1770213000000,2026-02-04,13:50:00,5050.335,5062.988,5050.235,5061.195,0.223
1770213300000,2026-02-04,13:55:00,5061.155,5063.155,5052.295,5053.765,0.2231
1770213600000,2026-02-04,14:00:00,5053.775,5058.835,5047.175,5047.205,0.2021
1770213900000,2026-02-04,14:05:00,5047.035,5054.705,5034.285,5036.745,0.2325
1770214200000,2026-02-04,14:10:00,5036.245,5048.805,5035.965,5047.715,0.2127
1770214500000,2026-02-04,14:15:00,5047.695,5051.018,5034.545,5042.905,0.2287
1770214800000,2026-02-04,14:20:00,5042.885,5046.035,5035.155,5036.155,0.1592
1770215100000,2026-02-04,14:25:00,5035.995,5040.195,5028.585,5030.895,0.2492
1770215400000,2026-02-04,14:30:00,5031.095,5037.865,5003.665,5014.355,0.4425
1770215700000,2026-02-04,14:35:00,5014.365,5022.635,4968.175,4981.605,0.5122
1770216000000,2026-02-04,14:40:00,4981.575,4997.835,4966.515,4995.425,0.5094
1770216300000,2026-02-04,14:45:00,4995.915,4999.968,4970.365,4999.408,0.5908
1770216600000,2026-02-04,14:50:00,4999.425,5017.518,4992.495,5010.905,0.5263
1770216900000,2026-02-04,14:55:00,5010.905,5011.878,4976.165,4984.445,0.5061
1770217200000,2026-02-04,15:00:00,4984.379,4998.235,4971.398,4989.595,0.5282
1770217500000,2026-02-04,15:05:00,4989.615,5007.485,4989.615,4996.055,0.5697
1770217800000,2026-02-04,15:10:00,4997.395,5000.588,4981.265,4989.858,0.5741
1770218100000,2026-02-04,15:15:00,4989.798,4993.295,4970.778,4977.535,0.4516
1770218400000,2026-02-04,15:20:00,4977.565,4984.735,4950.575,4964.965,0.4579
1770218700000,2026-02-04,15:25:00,4964.975,4975.825,4950.335,4957.525,0.4526
1770219000000,2026-02-04,15:30:00,4957.465,4961.855,4913.795,4920.065,0.6201
1770219300000,2026-02-04,15:35:00,4919.978,4926.745,4886.798,4912.175,0.6178
1770219600000,2026-02-04,15:40:00,4912.125,4946.965,4905.015,4943.785,0.5817
1770219900000,2026-02-04,15:45:00,4943.715,4949.715,4931.325,4936.595,0.393
1770220200000,2026-02-04,15:50:00,4936.355,4945.755,4929.935,4937.255,0.386
1770220500000,2026-02-04,15:55:00,4937.175,4949.868,4909.188,4919.995,0.5029
1770220800000,2026-02-04,16:00:00,4919.975,4922.448,4894.988,4909.835,0.5024
1770221100000,2026-02-04,16:05:00,4909.778,4924.975,4905.958,4921.718,0.4348
1770221400000,2026-02-04,16:10:00,4921.488,4939.555,4914.895,4931.458,0.5885
1770221700000,2026-02-04,16:15:00,4931.458,4935.918,4911.415,4913.015,0.4385
1770222000000,2026-02-04,16:20:00,4913.535,4913.795,4890.078,4900.508,0.4145
1770222300000,2026-02-04,16:25:00,4900.518,4926.175,4893.645,4923.915,0.3793
1770222600000,2026-02-04,16:30:00,4923.945,4934.238,4913.658,4924.618,0.3604
1770222900000,2026-02-04,16:35:00,4924.045,4927.535,4908.335,4909.625,0.3912
1770223200000,2026-02-04,16:40:00,4909.655,4909.655,4894.845,4896.305,0.3554
1770223500000,2026-02-04,16:45:00,4896.295,4900.485,4844.165,4870.768,0.4687
1770223800000,2026-02-04,16:50:00,4870.775,4906.855,4869.395,4901.595,0.4151
1770224100000,2026-02-04,16:55:00,4901.625,4909.498,4896.745,4904.165,0.6349
1770224400000,2026-02-04,17:00:00,4904.175,4914.545,4891.738,4914.265,0.6316
1770224700000,2026-02-04,17:05:00,4914.068,4915.298,4894.845,4904.035,0.4516
1770225000000,2026-02-04,17:10:00,4904.045,4922.388,4897.305,4920.615,0.4281
1770225300000,2026-02-04,17:15:00,4920.805,4925.275,4906.965,4907.139,0.5316
1770225600000,2026-02-04,17:20:00,4907.149,4916.745,4897.775,4905.325,0.4718
1770225900000,2026-02-04,17:25:00,4905.305,4921.055,4887.995,4917.145,0.5368
1770226200000,2026-02-04,17:30:00,4917.085,4930.625,4913.995,4919.895,0.4267
1770226500000,2026-02-04,17:35:00,4919.845,4921.275,4903.808,4910.875,0.3507
1770226800000,2026-02-04,17:40:00,4910.705,4920.725,4903.298,4907.118,0.578
1770227100000,2026-02-04,17:45:00,4907.118,4909.488,4895.935,4899.188,0.4373
1770227400000,2026-02-04,17:50:00,4899.185,4907.095,4896.015,4897.995,0.3959
1770227700000,2026-02-04,17:55:00,4897.995,4909.235,4895.518,4897.435,0.4142
1770228000000,2026-02-04,18:00:00,4897.405,4900.665,4872.365,4896.635,0.4204
1770228300000,2026-02-04,18:05:00,4896.575,4920.778,4895.695,4910.508,0.402
1770228600000,2026-02-04,18:10:00,4910.158,4912.535,4906.075,4909.705,0.2868
1770228900000,2026-02-04,18:15:00,4909.675,4918.545,4901.305,4901.435,0.3309
1770229200000,2026-02-04,18:20:00,4901.375,4911.655,4895.885,4905.865,0.3588
1770229500000,2026-02-04,18:25:00,4906.415,4934.625,4906.075,4926.015,0.6679
1770229800000,2026-02-04,18:30:00,4925.989,4928.145,4919.175,4923.895,0.2763
1770230100000,2026-02-04,18:35:00,4923.865,4926.755,4903.495,4904.325,0.2568
1770230400000,2026-02-04,18:40:00,4904.355,4923.105,4904.275,4919.745,0.1954
1770230700000,2026-02-04,18:45:00,4919.755,4921.045,4910.495,4917.415,0.1838
1770231000000,2026-02-04,18:50:00,4917.425,4920.045,4910.975,4916.875,0.1667
1770231300000,2026-02-04,18:55:00,4917.065,4931.925,4917.065,4926.965,0.1789
1770231600000,2026-02-04,19:00:00,4927.048,4933.155,4914.635,4914.665,0.2307
1770231900000,2026-02-04,19:05:00,4914.565,4940.845,4914.155,4938.078,0.2782
1770232200000,2026-02-04,19:10:00,4938.078,4946.638,4937.168,4946.638,0.2806
1770232500000,2026-02-04,19:15:00,4946.595,4949.885,4936.795,4937.835,0.3056
1770232800000,2026-02-04,19:20:00,4937.715,4939.265,4920.088,4931.155,0.3046
1770233100000,2026-02-04,19:25:00,4931.305,4939.665,4931.275,4933.545,0.2356
1770233400000,2026-02-04,19:30:00,4933.585,4938.035,4928.195,4930.995,0.2546
1770233700000,2026-02-04,19:35:00,4931.288,4942.295,4930.465,4937.915,0.176
1770234000000,2026-02-04,19:40:00,4938.065,4944.865,4936.375,4942.085,0.1757
1770234300000,2026-02-04,19:45:00,4941.445,4950.395,4930.888,4937.985,0.2914
1770234600000,2026-02-04,19:50:00,4937.905,4957.335,4936.798,4936.798,0.3052
1770234900000,2026-02-04,19:55:00,4936.855,4943.198,4931.098,4941.535,0.2145
1770235200000,2026-02-04,20:00:00,4941.515,4945.525,4935.895,4941.225,0.2231
1770235500000,2026-02-04,20:05:00,4941.225,4942.435,4932.948,4940.105,0.1704
1770235800000,2026-02-04,20:10:00,4940.458,4941.115,4920.955,4933.305,0.2111
1770236100000,2026-02-04,20:15:00,4933.295,4936.425,4923.855,4926.085,0.1867
1770236400000,2026-02-04,20:20:00,4925.555,4932.705,4919.035,4926.365,0.2292
1770236700000,2026-02-04,20:25:00,4926.345,4930.125,4920.855,4922.275,0.2016
1770237000000,2026-02-04,20:30:00,4922.305,4927.815,4914.135,4927.795,0.2387
1770237300000,2026-02-04,20:35:00,4927.808,4948.105,4926.305,4947.885,0.2164
1770237600000,2026-02-04,20:40:00,4947.975,4951.035,4941.488,4942.135,0.2858
1770237900000,2026-02-04,20:45:00,4942.185,4947.315,4937.085,4940.145,0.2695
1770238200000,2026-02-04,20:50:00,4940.165,4949.745,4939.115,4943.065,0.306
1770238500000,2026-02-04,20:55:00,4943.095,4950.988,4933.768,4937.705,0.5143
1770238800000,2026-02-04,21:00:00,4937.825,4946.465,4937.125,4941.755,0.1968
1770239100000,2026-02-04,21:05:00,4941.765,4949.985,4941.465,4946.125,0.1231
1770239400000,2026-02-04,21:10:00,4946.155,4953.315,4943.379,4953.235,0.0962
1770239700000,2026-02-04,21:15:00,4953.195,4958.015,4951.425,4953.835,0.0902
1770240000000,2026-02-04,21:20:00,4953.825,4954.115,4949.155,4953.525,0.0509
1770240300000,2026-02-04,21:25:00,4953.515,4959.205,4952.855,4958.635,0.0661
1770240600000,2026-02-04,21:30:00,4958.565,4958.775,4952.235,4955.355,0.0839
1770240900000,2026-02-04,21:35:00,4955.385,4969.825,4955.385,4967.705,0.1278
1770241200000,2026-02-04,21:40:00,4967.695,4967.695,4959.555,4961.305,0.0965
1770241500000,2026-02-04,21:45:00,4961.325,4963.555,4958.225,4963.125,0.0652
1770241800000,2026-02-04,21:50:00,4963.095,4970.475,4962.165,4962.985,0.072
1770242100000,2026-02-04,21:55:00,4962.975,4966.035,4960.965,4964.125,0.0778
1770246000000,2026-02-04,23:00:00,4960.488,4994.948,4958.417,4993.808,0.1129
1770246300000,2026-02-04,23:05:00,4993.898,4997.548,4985.258,4993.748,0.1036
1770246600000,2026-02-04,23:10:00,4993.548,5009.195,4990.575,5009.195,0.0685
1770246900000,2026-02-04,23:15:00,5009.205,5015.885,5004.555,5007.595,0.1365
1770247200000,2026-02-04,23:20:00,5007.885,5016.745,4999.715,5012.735,0.1119
1770247500000,2026-02-04,23:25:00,5012.695,5020.665,5008.465,5019.175,0.1112
1770247800000,2026-02-04,23:30:00,5019.125,5021.175,5008.935,5019.085,0.118
1770248100000,2026-02-04,23:35:00,5019.115,5021.715,5013.425,5017.945,0.1411
1770248400000,2026-02-04,23:40:00,5018.165,5023.375,5016.035,5022.295,0.1214
1770248700000,2026-02-04,23:45:00,5022.355,5023.405,5014.125,5021.945,0.1516
1770249000000,2026-02-04,23:50:00,5021.915,5022.615,5014.885,5017.385,0.1182
1770249300000,2026-02-04,23:55:00,5017.405,5021.195,5007.605,5011.895,0.1635
1770249600000,2026-02-05,00:00:00,5011.705,5016.575,5004.075,5016.015,0.2321
1770249900000,2026-02-05,00:05:00,5016.385,5018.065,5001.165,5004.295,0.1623
1770250200000,2026-02-05,00:10:00,5004.295,5014.605,4996.305,4997.785,0.227
1770250500000,2026-02-05,00:15:00,4997.865,5017.845,4997.115,5017.005,0.1536
1770250800000,2026-02-05,00:20:00,5017.065,5018.045,5005.905,5010.995,0.1939
1770251100000,2026-02-05,00:25:00,5011.035,5019.088,5011.035,5015.039,0.1552
1770251400000,2026-02-05,00:30:00,5015.039,5016.738,5008.858,5009.168,0.192
1770251700000,2026-02-05,00:35:00,5009.095,5017.418,5008.878,5015.865,0.2127
1770252000000,2026-02-05,00:40:00,5015.865,5018.085,5013.545,5018.025,0.0958
1770252300000,2026-02-05,00:45:00,5017.995,5020.175,5015.865,5016.425,0.0879
1770252600000,2026-02-05,00:50:00,5016.455,5017.115,5010.545,5014.175,0.1491
1770252900000,2026-02-05,00:55:00,5014.205,5014.995,5003.825,5006.335,0.2025
1770253200000,2026-02-05,01:00:00,5007.647,5011.725,4990.415,5001.735,0.3674
1770253500000,2026-02-05,01:05:00,5001.795,5005.415,4990.735,4999.185,0.3541
1770253800000,2026-02-05,01:10:00,4999.205,5000.825,4966.655,4967.615,0.3943
1770254100000,2026-02-05,01:15:00,4967.775,4972.925,4943.665,4943.945,0.5734
1770254400000,2026-02-05,01:20:00,4943.945,4959.855,4939.278,4946.948,0.5636
1770254700000,2026-02-05,01:25:00,4946.948,4957.358,4935.215,4951.775,0.4777
1770255000000,2026-02-05,01:30:00,4951.785,4971.085,4951.725,4970.565,0.3198
1770255300000,2026-02-05,01:35:00,4970.585,4984.485,4970.585,4978.975,0.3108
1770255600000,2026-02-05,01:40:00,4978.649,4983.105,4965.675,4979.475,0.3139
1770255900000,2026-02-05,01:45:00,4979.315,4980.385,4967.985,4979.645,0.2958
1770256200000,2026-02-05,01:50:00,4979.625,4985.875,4975.915,4978.875,0.3016
1770256500000,2026-02-05,01:55:00,4978.865,4981.165,4957.255,4958.285,0.2909
1770256800000,2026-02-05,02:00:00,4958.315,4961.565,4948.045,4949.745,0.3076
1770257100000,2026-02-05,02:05:00,4950.365,4950.365,4931.465,4936.405,0.3882
1770257400000,2026-02-05,02:10:00,4936.235,4944.805,4899.029,4914.295,0.3934
1770257700000,2026-02-05,02:15:00,4914.065,4921.075,4893.105,4907.915,0.4028
1770258000000,2026-02-05,02:20:00,4907.955,4933.149,4902.795,4932.275,0.3979
1770258300000,2026-02-05,02:25:00,4932.285,4941.579,4925.789,4936.389,0.4242
1770258600000,2026-02-05,02:30:00,4936.459,4940.245,4911.225,4920.465,0.5444
1770258900000,2026-02-05,02:35:00,4920.465,4932.535,4908.515,4914.905,0.4629
1770259200000,2026-02-05,02:40:00,4914.905,4915.869,4894.805,4895.835,0.5191
1770259500000,2026-02-05,02:45:00,4896.015,4898.515,4826.805,4851.198,0.6684
1770259800000,2026-02-05,02:50:00,4851.098,4852.798,4803.798,4844.748,0.7933
1770260100000,2026-02-05,02:55:00,4843.988,4853.158,4805.938,4810.648,0.6406
1770260400000,2026-02-05,03:00:00,4810.768,4843.305,4787.685,4836.108,0.5362
1770260700000,2026-02-05,03:05:00,4836.138,4847.088,4825.588,4845.825,0.7383
1770261000000,2026-02-05,03:10:00,4845.915,4857.489,4840.548,4846.235,0.508
1770261300000,2026-02-05,03:15:00,4846.045,4861.525,4832.355,4859.165,0.3987
1770261600000,2026-02-05,03:20:00,4859.165,4887.095,4853.875,4870.585,0.4012
1770261900000,2026-02-05,03:25:00,4870.585,4882.055,4857.275,4858.025,0.3583
1770262200000,2026-02-05,03:30:00,4858.025,4869.855,4847.145,4859.505,0.3728
1770262500000,2026-02-05,03:35:00,4859.505,4863.735,4838.375,4859.618,0.4558
1770262800000,2026-02-05,03:40:00,4859.418,4878.065,4851.155,4866.175,0.6402
1770263100000,2026-02-05,03:45:00,4866.175,4873.985,4857.055,4865.405,0.3449
1770263400000,2026-02-05,03:50:00,4865.405,4880.575,4852.045,4873.665,0.2964
1770263700000,2026-02-05,03:55:00,4873.585,4885.215,4871.085,4879.905,0.2548
1770264000000,2026-02-05,04:00:00,4879.895,4884.575,4865.285,4866.878,0.2897
1770264300000,2026-02-05,04:05:00,4866.615,4877.075,4863.999,4867.925,0.2184
1770264600000,2026-02-05,04:10:00,4867.855,4875.435,4862.765,4874.495,0.1919
1770264900000,2026-02-05,04:15:00,4874.565,4884.245,4870.285,4879.585,0.1755
1770265200000,2026-02-05,04:20:00,4879.605,4890.705,4879.528,4881.395,0.2476
1770265500000,2026-02-05,04:25:00,4881.195,4887.925,4875.725,4886.285,0.2195
1770265800000,2026-02-05,04:30:00,4886.585,4887.775,4877.315,4885.045,0.1907
1770266100000,2026-02-05,04:35:00,4884.955,4887.275,4870.235,4870.635,0.164
1770266400000,2026-02-05,04:40:00,4870.885,4886.205,4869.555,4885.865,0.198
1770266700000,2026-02-05,04:45:00,4885.985,4887.815,4878.195,4880.345,0.1646
1770267000000,2026-02-05,04:50:00,4880.345,4887.235,4877.345,4880.315,0.182
1770267300000,2026-02-05,04:55:00,4880.295,4881.575,4863.195,4863.425,0.234
1770267600000,2026-02-05,05:00:00,4863.425,4875.565,4862.395,4872.155,0.2035
1770267900000,2026-02-05,05:05:00,4872.105,4873.975,4854.665,4860.575,0.2142
1770268200000,2026-02-05,05:10:00,4860.555,4866.205,4848.675,4852.415,0.1668
1770268500000,2026-02-05,05:15:00,4852.215,4859.195,4849.015,4852.105,0.197
1770268800000,2026-02-05,05:20:00,4852.075,4857.345,4839.945,4850.375,0.23
1770269100000,2026-02-05,05:25:00,4851.065,4869.675,4851.025,4868.155,0.1622
1770269400000,2026-02-05,05:30:00,4868.055,4868.705,4824.115,4840.515,0.3332
1770269700000,2026-02-05,05:35:00,4840.405,4859.455,4832.645,4851.935,0.4202
1770270000000,2026-02-05,05:40:00,4852.075,4886.488,4850.165,4884.468,0.5713
1770270300000,2026-02-05,05:45:00,4884.875,4905.315,4884.518,4893.948,0.522
1770270600000,2026-02-05,05:50:00,4893.948,4905.265,4889.748,4904.048,0.4251
1770270900000,2026-02-05,05:55:00,4904.048,4905.508,4885.165,4895.655,0.2896
1770271200000,2026-02-05,06:00:00,4895.625,4896.345,4876.285,4889.495,0.2511
1770271500000,2026-02-05,06:05:00,4888.755,4916.425,4888.755,4912.185,0.2785
1770271800000,2026-02-05,06:10:00,4912.255,4920.095,4906.708,4909.775,0.3017
1770272100000,2026-02-05,06:15:00,4909.615,4922.755,4900.735,4912.335,0.2922
1770272400000,2026-02-05,06:20:00,4911.415,4920.735,4909.025,4913.615,0.4031
1770272700000,2026-02-05,06:25:00,4913.455,4929.515,4910.135,4928.895,0.2683
1770273000000,2026-02-05,06:30:00,4928.925,4929.215,4917.935,4924.255,0.3047
1770273300000,2026-02-05,06:35:00,4924.335,4925.495,4908.785,4924.505,0.2618
1770273600000,2026-02-05,06:40:00,4924.225,4929.935,4922.285,4929.065,0.1636
1770273900000,2026-02-05,06:45:00,4929.175,4933.575,4916.565,4924.178,0.2988
1770274200000,2026-02-05,06:50:00,4924.155,4925.575,4904.655,4907.405,0.3175
1770274500000,2026-02-05,06:55:00,4907.435,4921.095,4897.735,4919.315,0.3556
1770274800000,2026-02-05,07:00:00,4919.265,4928.785,4915.175,4926.065,0.2915
1770275100000,2026-02-05,07:05:00,4926.055,4928.945,4921.715,4926.495,0.2244
1770275400000,2026-02-05,07:10:00,4926.545,4930.778,4920.108,4921.438,0.4916
1770275700000,2026-02-05,07:15:00,4921.428,4927.005,4916.138,4920.005,0.47
1770276000000,2026-02-05,07:20:00,4920.035,4924.805,4910.575,4924.705,0.2476
1770276300000,2026-02-05,07:25:00,4924.735,4939.925,4924.095,4932.095,0.43
1770276600000,2026-02-05,07:30:00,4932.428,4933.015,4915.365,4917.909,0.2799
1770276900000,2026-02-05,07:35:00,4917.929,4920.478,4904.548,4907.289,0.3515
1770277200000,2026-02-05,07:40:00,4907.239,4910.695,4895.385,4909.965,0.3055
1770277500000,2026-02-05,07:45:00,4909.965,4914.745,4906.655,4908.325,0.2487
1770277800000,2026-02-05,07:50:00,4907.575,4919.785,4907.575,4916.925,0.2261
1770278100000,2026-02-05,07:55:00,4916.915,4919.425,4913.215,4915.505,0.205
1770278400000,2026-02-05,08:00:00,4914.805,4928.425,4914.285,4919.075,0.2799
1770278700000,2026-02-05,08:05:00,4919.095,4922.195,4912.255,4921.515,0.2496
1770279000000,2026-02-05,08:10:00,4921.975,4941.985,4921.975,4940.315,0.2869
1770279300000,2026-02-05,08:15:00,4940.415,4943.215,4930.935,4931.385,0.1896
1770279600000,2026-02-05,08:20:00,4931.355,4941.485,4931.085,4934.455,0.2429
1770279900000,2026-02-05,08:25:00,4934.425,4935.635,4919.015,4920.855,0.274
1770280200000,2026-02-05,08:30:00,4920.855,4929.198,4916.955,4926.625,0.2634
1770280500000,2026-02-05,08:35:00,4926.625,4928.465,4917.145,4921.145,0.2292
1770280800000,2026-02-05,08:40:00,4921.145,4924.265,4918.475,4921.925,0.2426
1770281100000,2026-02-05,08:45:00,4921.925,4922.835,4908.328,4908.695,0.198
1770281400000,2026-02-05,08:50:00,4908.665,4917.189,4900.459,4904.279,0.3306
1770281700000,2026-02-05,08:55:00,4904.299,4918.105,4903.125,4911.275,0.2844
1770282000000,2026-02-05,09:00:00,4911.389,4913.625,4881.045,4883.225,0.4768
1770282300000,2026-02-05,09:05:00,4883.265,4888.025,4873.825,4878.895,0.328
1770282600000,2026-02-05,09:10:00,4878.915,4881.655,4862.075,4862.245,0.3187
1770282900000,2026-02-05,09:15:00,4862.245,4873.555,4862.025,4864.105,0.3081
1770283200000,2026-02-05,09:20:00,4864.105,4880.345,4852.935,4876.335,0.372
1770283500000,2026-02-05,09:25:00,4875.838,4885.955,4870.298,4873.175,0.302
1770283800000,2026-02-05,09:30:00,4873.715,4884.865,4872.895,4883.288,0.174
1770284100000,2026-02-05,09:35:00,4883.298,4889.835,4876.598,4886.395,0.2098
1770284400000,2026-02-05,09:40:00,4886.395,4890.895,4878.025,4889.535,0.2139
1770284700000,2026-02-05,09:45:00,4889.455,4893.885,4881.465,4881.589,0.2341
1770285000000,2026-02-05,09:50:00,4881.589,4882.359,4865.095,4869.175,0.3249
1770285300000,2026-02-05,09:55:00,4869.175,4869.729,4849.145,4853.935,0.3334
1770285600000,2026-02-05,10:00:00,4853.925,4866.435,4852.955,4860.115,0.3015
1770285900000,2026-02-05,10:05:00,4860.095,4862.198,4851.365,4860.368,0.291
1770286200000,2026-02-05,10:10:00,4860.388,4874.325,4858.915,4873.865,0.2268
1770286500000,2026-02-05,10:15:00,4873.608,4877.645,4863.795,4864.645,0.2187
1770286800000,2026-02-05,10:20:00,4864.625,4867.235,4854.705,4863.165,0.2221
1770287100000,2026-02-05,10:25:00,4863.195,4865.625,4847.205,4861.045,0.2366
1770287400000,2026-02-05,10:30:00,4862.195,4863.705,4851.365,4863.255,0.2071
1770287700000,2026-02-05,10:35:00,4863.265,4872.795,4860.375,4865.125,0.2271
1770288000000,2026-02-05,10:40:00,4865.115,4878.995,4865.115,4876.015,0.2179
1770288300000,2026-02-05,10:45:00,4876.005,4886.871,4875.165,4882.365,0.1861
1770288600000,2026-02-05,10:50:00,4882.355,4882.355,4872.619,4874.745,0.1685
1770288900000,2026-02-05,10:55:00,4874.675,4878.355,4867.765,4876.565,0.1349
1770289200000,2026-02-05,11:00:00,4876.565,4886.065,4876.225,4878.025,0.1616
1770289500000,2026-02-05,11:05:00,4878.015,4884.955,4877.935,4884.035,0.1391
1770289800000,2026-02-05,11:10:00,4884.455,4888.535,4880.435,4886.765,0.1637
1770290100000,2026-02-05,11:15:00,4886.765,4890.095,4878.845,4880.545,0.2023
1770290400000,2026-02-05,11:20:00,4880.565,4894.195,4880.485,4889.985,0.2149
1770290700000,2026-02-05,11:25:00,4890.025,4892.935,4887.465,4891.605,0.1614
1770291000000,2026-02-05,11:30:00,4891.675,4892.555,4881.135,4887.265,0.2154
1770291300000,2026-02-05,11:35:00,4887.225,4887.585,4873.945,4875.235,0.2255
1770291600000,2026-02-05,11:40:00,4875.325,4879.475,4870.045,4871.325,0.2145
1770291900000,2026-02-05,11:45:00,4871.365,4885.525,4870.395,4871.079,0.2753
1770292200000,2026-02-05,11:50:00,4871.239,4872.239,4864.095,4867.735,0.1953
1770292500000,2026-02-05,11:55:00,4867.675,4873.105,4865.755,4867.845,0.1378
1770292800000,2026-02-05,12:00:00,4867.498,4877.905,4860.385,4863.215,0.3533
1770293100000,2026-02-05,12:05:00,4863.379,4864.105,4848.095,4849.955,0.4006
1770293400000,2026-02-05,12:10:00,4849.755,4850.315,4833.125,4839.645,0.3429
1770293700000,2026-02-05,12:15:00,4839.535,4845.275,4819.435,4819.769,0.2997
1770294000000,2026-02-05,12:20:00,4819.689,4831.215,4817.645,4823.885,0.3433
1770294300000,2026-02-05,12:25:00,4824.035,4848.045,4810.085,4847.689,0.3733
1770294600000,2026-02-05,12:30:00,4847.635,4859.525,4840.145,4858.445,0.378
1770294900000,2026-02-05,12:35:00,4858.435,4870.445,4845.285,4861.009,0.3906
1770295200000,2026-02-05,12:40:00,4860.979,4864.405,4843.578,4847.408,0.353
1770295500000,2026-02-05,12:45:00,4847.408,4867.785,4847.035,4864.039,0.5324
1770295800000,2026-02-05,12:50:00,4864.059,4865.888,4853.435,4858.539,0.6028
1770296100000,2026-02-05,12:55:00,4858.329,4860.849,4837.895,4853.075,0.716
1770296400000,2026-02-05,13:00:00,4853.039,4854.085,4812.675,4822.019,1.031
1770296700000,2026-02-05,13:05:00,4821.365,4825.978,4801.388,4825.048,0.8222
1770297000000,2026-02-05,13:10:00,4824.948,4839.608,4818.625,4824.995,0.7022
1770297300000,2026-02-05,13:15:00,4824.715,4846.008,4824.035,4836.248,0.5538
1770297600000,2026-02-05,13:20:00,4836.588,4859.358,4834.128,4856.628,0.6846
1770297900000,2026-02-05,13:25:00,4856.505,4865.248,4848.165,4849.798,0.4594
1770298200000,2026-02-05,13:30:00,4850.698,4866.955,4840.435,4862.008,0.5481
1770298500000,2026-02-05,13:35:00,4861.998,4864.415,4838.155,4838.765,0.4095
1770298800000,2026-02-05,13:40:00,4838.975,4845.785,4822.245,4824.305,0.3346
1770299100000,2026-02-05,13:45:00,4824.095,4836.435,4819.635,4827.935,0.3168
1770299400000,2026-02-05,13:50:00,4827.905,4846.255,4827.905,4841.175,0.2575
1770299700000,2026-02-05,13:55:00,4841.175,4846.145,4826.355,4835.055,0.2711
1770300000000,2026-02-05,14:00:00,4835.075,4835.875,4814.478,4825.268,0.3814
1770300300000,2026-02-05,14:05:00,4825.378,4849.785,4822.325,4836.505,0.367
1770300600000,2026-02-05,14:10:00,4837.105,4843.115,4811.295,4813.895,0.323
1770300900000,2026-02-05,14:15:00,4814.205,4823.695,4809.795,4815.535,0.3234
1770301200000,2026-02-05,14:20:00,4815.105,4829.845,4809.975,4828.535,0.2871
1770301500000,2026-02-05,14:25:00,4828.845,4837.875,4828.205,4835.015,0.2768
1770301800000,2026-02-05,14:30:00,4834.985,4836.231,4805.735,4823.725,0.4016
1770302100000,2026-02-05,14:35:00,4823.585,4855.215,4811.535,4851.178,0.4096
1770302400000,2026-02-05,14:40:00,4850.655,4865.265,4849.475,4858.695,0.425
1770302700000,2026-02-05,14:45:00,4858.755,4866.048,4839.755,4849.615,0.5377
1770303000000,2026-02-05,14:50:00,4849.655,4869.198,4848.705,4854.585,0.6669
1770303300000,2026-02-05,14:55:00,4854.605,4858.585,4838.885,4845.215,0.4263
1770303600000,2026-02-05,15:00:00,4844.475,4865.575,4823.695,4829.625,0.5291
1770303900000,2026-02-05,15:05:00,4830.115,4857.225,4821.475,4850.098,0.4648
1770304200000,2026-02-05,15:10:00,4850.065,4856.048,4826.095,4827.905,0.404
1770304500000,2026-02-05,15:15:00,4827.895,4845.205,4822.755,4843.515,0.4006
1770304800000,2026-02-05,15:20:00,4843.445,4843.445,4825.375,4830.625,0.398
1770305100000,2026-02-05,15:25:00,4830.275,4840.955,4812.965,4819.208,0.3822
1770305400000,2026-02-05,15:30:00,4818.825,4825.055,4810.125,4813.935,0.3816
1770305700000,2026-02-05,15:35:00,4813.995,4837.915,4813.035,4834.585,0.2911
1770306000000,2026-02-05,15:40:00,4834.555,4835.695,4809.495,4811.175,0.3247
1770306300000,2026-02-05,15:45:00,4811.325,4815.385,4800.055,4814.995,0.3678
1770306600000,2026-02-05,15:50:00,4815.035,4824.875,4809.075,4810.805,0.3481
1770306900000,2026-02-05,15:55:00,4810.865,4820.335,4807.325,4817.345,0.3474
1770307200000,2026-02-05,16:00:00,4817.265,4829.695,4812.155,4817.915,0.3442
1770307500000,2026-02-05,16:05:00,4817.815,4836.565,4815.335,4825.785,0.3617
1770307800000,2026-02-05,16:10:00,4825.695,4840.975,4819.388,4820.089,0.6398
1770308100000,2026-02-05,16:15:00,4820.089,4837.629,4817.948,4837.469,0.9385
1770308400000,2026-02-05,16:20:00,4837.529,4851.588,4836.428,4849.855,0.7353
1770308700000,2026-02-05,16:25:00,4849.845,4856.595,4844.335,4849.198,0.351
1770309000000,2026-02-05,16:30:00,4849.425,4856.365,4846.415,4851.898,0.4218
1770309300000,2026-02-05,16:35:00,4852.098,4863.675,4844.288,4859.029,0.5284
1770309600000,2026-02-05,16:40:00,4859.109,4879.895,4854.755,4878.055,0.3879
1770309900000,2026-02-05,16:45:00,4877.975,4886.165,4863.905,4883.625,0.3482
1770310200000,2026-02-05,16:50:00,4883.675,4906.095,4883.675,4902.855,0.4893
1770310500000,2026-02-05,16:55:00,4903.095,4903.095,4883.648,4888.708,0.4198
1770310800000,2026-02-05,17:00:00,4888.708,4890.045,4868.295,4871.298,0.3287
1770311100000,2026-02-05,17:05:00,4870.955,4881.775,4869.885,4881.225,0.3197
1770311400000,2026-02-05,17:10:00,4881.015,4882.735,4865.565,4875.095,0.264
1770311700000,2026-02-05,17:15:00,4875.125,4880.045,4868.765,4871.465,0.3005
1770312000000,2026-02-05,17:20:00,4871.445,4878.585,4858.775,4873.995,0.2917
1770312300000,2026-02-05,17:25:00,4874.645,4875.015,4864.715,4867.035,0.2203
1770312600000,2026-02-05,17:30:00,4867.045,4870.665,4859.125,4865.395,0.2163
1770312900000,2026-02-05,17:35:00,4865.355,4872.495,4861.808,4863.825,0.2491
1770313200000,2026-02-05,17:40:00,4863.775,4878.195,4859.698,4870.345,0.2424
1770313500000,2026-02-05,17:45:00,4870.325,4884.675,4869.375,4873.525,0.2075
1770313800000,2026-02-05,17:50:00,4873.575,4882.855,4872.715,4880.065,0.2392
1770314100000,2026-02-05,17:55:00,4879.195,4879.935,4863.435,4868.625,0.471
1770314400000,2026-02-05,18:00:00,4868.655,4874.785,4863.158,4872.565,0.2515
1770314700000,2026-02-05,18:05:00,4872.535,4874.865,4861.255,4865.615,0.2551
1770315000000,2026-02-05,18:10:00,4865.605,4866.485,4854.695,4860.965,0.2637
1770315300000,2026-02-05,18:15:00,4861.005,4866.895,4850.735,4857.195,0.233
1770315600000,2026-02-05,18:20:00,4857.165,4872.575,4851.308,4864.645,0.3268
1770315900000,2026-02-05,18:25:00,4864.415,4874.855,4863.615,4868.715,0.3203
1770316200000,2026-02-05,18:30:00,4869.245,4871.845,4858.055,4869.245,0.2362
1770316500000,2026-02-05,18:35:00,4869.225,4870.345,4858.025,4859.195,0.1789
1770316800000,2026-02-05,18:40:00,4859.165,4872.725,4853.955,4870.225,0.1938
1770317100000,2026-02-05,18:45:00,4870.655,4872.955,4860.685,4861.555,0.1553
1770317400000,2026-02-05,18:50:00,4861.515,4869.765,4856.855,4858.495,0.1356
1770317700000,2026-02-05,18:55:00,4858.355,4858.395,4850.905,4857.855,0.2038
1770318000000,2026-02-05,19:00:00,4857.895,4862.045,4852.325,4854.305,0.1927
1770318300000,2026-02-05,19:05:00,4854.495,4864.995,4841.715,4859.535,0.2007
1770318600000,2026-02-05,19:10:00,4859.575,4861.895,4849.505,4850.855,0.1537
1770318900000,2026-02-05,19:15:00,4850.825,4854.205,4846.465,4853.245,0.1873
1770319200000,2026-02-05,19:20:00,4853.305,4854.575,4847.385,4852.425,0.1395
1770319500000,2026-02-05,19:25:00,4852.445,4859.505,4849.605,4851.075,0.1735
1770319800000,2026-02-05,19:30:00,4851.035,4853.475,4828.755,4835.695,0.237
1770320100000,2026-02-05,19:35:00,4835.125,4841.055,4830.875,4832.475,0.2343
1770320400000,2026-02-05,19:40:00,4832.445,4841.495,4827.908,4836.835,0.2483
1770320700000,2026-02-05,19:45:00,4836.815,4843.585,4836.265,4841.895,0.1896
1770321000000,2026-02-05,19:50:00,4841.895,4842.085,4823.405,4829.315,0.2124
1770321300000,2026-02-05,19:55:00,4829.365,4833.815,4827.395,4829.135,0.1815
1770321600000,2026-02-05,20:00:00,4828.879,4831.725,4813.325,4820.275,0.2477
1770321900000,2026-02-05,20:05:00,4820.245,4836.775,4815.325,4834.105,0.182
1770322200000,2026-02-05,20:10:00,4834.025,4842.985,4827.485,4832.875,0.1592
1770322500000,2026-02-05,20:15:00,4832.855,4835.565,4821.475,4822.795,0.1566
1770322800000,2026-02-05,20:20:00,4822.885,4824.535,4810.368,4820.385,0.2183
1770323100000,2026-02-05,20:25:00,4820.485,4828.185,4816.595,4825.235,0.2037
1770323400000,2026-02-05,20:30:00,4825.315,4831.715,4815.735,4821.465,0.1794
1770323700000,2026-02-05,20:35:00,4821.485,4822.085,4807.045,4809.795,0.1906
1770324000000,2026-02-05,20:40:00,4809.815,4816.255,4806.555,4812.495,0.2075
1770324300000,2026-02-05,20:45:00,4812.295,4816.855,4803.005,4803.545,0.2654
1770324600000,2026-02-05,20:50:00,4803.575,4807.215,4799.905,4800.965,0.2541
1770324900000,2026-02-05,20:55:00,4800.895,4813.915,4792.575,4811.135,0.2863
1770325200000,2026-02-05,21:00:00,4811.105,4825.855,4808.215,4823.185,0.1313
1770325500000,2026-02-05,21:05:00,4823.215,4823.495,4807.375,4808.345,0.1087
1770325800000,2026-02-05,21:10:00,4808.525,4811.345,4804.435,4810.075,0.077
1770326100000,2026-02-05,21:15:00,4810.135,4813.355,4796.875,4804.065,0.1063
1770326400000,2026-02-05,21:20:00,4804.125,4808.655,4799.735,4801.625,0.0989
1770326700000,2026-02-05,21:25:00,4801.695,4807.875,4795.045,4802.225,0.1063
1770327000000,2026-02-05,21:30:00,4802.185,4804.395,4761.985,4767.795,0.1297
1770327300000,2026-02-05,21:35:00,4767.775,4786.985,4761.145,4765.425,0.1892
1770327600000,2026-02-05,21:40:00,4765.445,4776.825,4759.365,4764.165,0.1685
1770327900000,2026-02-05,21:45:00,4763.555,4772.855,4761.875,4770.295,0.1394
1770328200000,2026-02-05,21:50:00,4770.105,4778.305,4759.915,4776.865,0.1234
1770328500000,2026-02-05,21:55:00,4776.875,4780.505,4773.578,4775.805,0.1098
1770332400000,2026-02-05,23:00:00,4791.698,4792.498,4754.828,4775.798,0.1469
1770332700000,2026-02-05,23:05:00,4775.498,4780.548,4764.179,4780.398,0.1088
1770333000000,2026-02-05,23:10:00,4780.258,4781.465,4765.395,4768.355,0.1437
1770333300000,2026-02-05,23:15:00,4768.375,4772.525,4760.715,4762.535,0.2046
1770333600000,2026-02-05,23:20:00,4762.525,4764.945,4755.215,4755.215,0.159
1770333900000,2026-02-05,23:25:00,4755.175,4760.715,4748.265,4751.445,0.2227
1770334200000,2026-02-05,23:30:00,4751.415,4756.445,4748.085,4752.238,0.2934
1770334500000,2026-02-05,23:35:00,4752.415,4752.948,4732.405,4738.775,0.3325
1770334800000,2026-02-05,23:40:00,4738.845,4754.955,4738.075,4741.365,0.2965
1770335100000,2026-02-05,23:45:00,4741.335,4742.465,4710.745,4713.785,0.3206
1770335400000,2026-02-05,23:50:00,4713.795,4721.975,4704.615,4710.918,0.3845
1770335700000,2026-02-05,23:55:00,4711.005,4721.095,4702.915,4703.275,0.2495
1770336000000,2026-02-06,00:00:00,4703.265,4706.855,4685.655,4686.135,0.2682
1770336300000,2026-02-06,00:05:00,4685.915,4700.925,4684.445,4687.525,0.3193
1770336600000,2026-02-06,00:10:00,4687.515,4705.685,4678.825,4681.665,0.2762
1770336900000,2026-02-06,00:15:00,4681.705,4682.675,4654.355,4670.935,0.413
1770337200000,2026-02-06,00:20:00,4670.915,4704.535,4669.075,4702.398,0.447
1770337500000,2026-02-06,00:25:00,4702.398,4729.755,4696.398,4723.525,0.5165
1770337800000,2026-02-06,00:30:00,4723.555,4734.085,4707.255,4733.805,0.3593
1770338100000,2026-02-06,00:35:00,4734.055,4753.635,4729.218,4739.298,0.4776
1770338400000,2026-02-06,00:40:00,4738.638,4760.075,4738.638,4757.255,0.4895
1770338700000,2026-02-06,00:45:00,4757.645,4757.655,4739.405,4755.515,0.4113
1770339000000,2026-02-06,00:50:00,4755.105,4759.835,4738.615,4740.845,0.3118
1770339300000,2026-02-06,00:55:00,4740.685,4764.025,4739.285,4762.295,0.3035
1770339600000,2026-02-06,01:00:00,4762.275,4762.835,4692.648,4745.149,0.7029
1770339900000,2026-02-06,01:05:00,4745.248,4758.545,4729.469,4736.548,0.9378
1770340200000,2026-02-06,01:10:00,4734.698,4752.898,4733.648,4746.399,0.9424
1770340500000,2026-02-06,01:15:00,4746.399,4761.709,4707.898,4717.208,0.7053
1770340800000,2026-02-06,01:20:00,4717.228,4727.275,4702.728,4715.398,0.5806
1770341100000,2026-02-06,01:25:00,4715.398,4728.998,4708.598,4710.508,0.5551
1770341400000,2026-02-06,01:30:00,4710.508,4744.655,4703.915,4740.135,0.4809
1770341700000,2026-02-06,01:35:00,4740.135,4746.465,4729.815,4731.489,0.3019
1770342000000,2026-02-06,01:40:00,4731.549,4744.435,4726.328,4740.895,0.4095
1770342300000,2026-02-06,01:45:00,4740.825,4755.155,4735.745,4750.639,0.3365
1770342600000,2026-02-06,01:50:00,4750.859,4769.795,4750.669,4769.785,0.2858
1770342900000,2026-02-06,01:55:00,4769.795,4784.255,4764.245,4773.725,0.2825
1770343200000,2026-02-06,02:00:00,4773.765,4780.065,4759.705,4769.365,0.361
1770343500000,2026-02-06,02:05:00,4769.355,4789.515,4768.935,4789.385,0.276
1770343800000,2026-02-06,02:10:00,4789.415,4796.315,4782.925,4787.095,0.319
1770344100000,2026-02-06,02:15:00,4786.905,4799.145,4782.215,4799.135,0.2676
1770344400000,2026-02-06,02:20:00,4799.085,4799.585,4789.055,4794.685,0.2219
1770344700000,2026-02-06,02:25:00,4794.295,4821.125,4790.185,4819.955,0.1977
1770345000000,2026-02-06,02:30:00,4820.075,4837.495,4808.775,4835.655,0.3695
1770345300000,2026-02-06,02:35:00,4835.605,4842.255,4822.295,4835.115,0.3234
1770345600000,2026-02-06,02:40:00,4835.005,4846.045,4818.465,4825.595,0.3633
1770345900000,2026-02-06,02:45:00,4826.165,4831.925,4819.285,4825.435,0.325
1770346200000,2026-02-06,02:50:00,4825.088,4825.998,4808.068,4816.185,0.5155
1770346500000,2026-02-06,02:55:00,4816.535,4828.095,4814.968,4815.995,0.234
1770346800000,2026-02-06,03:00:00,4815.905,4832.105,4808.465,4831.105,0.2707
1770347100000,2026-02-06,03:05:00,4831.065,4838.825,4826.798,4827.535,0.2368
1770347400000,2026-02-06,03:10:00,4827.515,4827.775,4813.575,4814.095,0.1978
1770347700000,2026-02-06,03:15:00,4814.095,4827.675,4814.075,4825.495,0.1631
1770348000000,2026-02-06,03:20:00,4825.525,4825.725,4800.745,4801.565,0.2291
1770348300000,2026-02-06,03:25:00,4801.675,4815.655,4801.675,4810.845,0.2641
1770348600000,2026-02-06,03:30:00,4810.869,4824.645,4806.665,4817.755,0.2757
1770348900000,2026-02-06,03:35:00,4817.755,4819.015,4806.825,4813.289,0.2344
1770349200000,2026-02-06,03:40:00,4813.319,4813.319,4800.288,4804.785,0.2789
1770349500000,2026-02-06,03:45:00,4804.415,4822.015,4804.315,4820.525,0.1927
1770349800000,2026-02-06,03:50:00,4820.535,4826.295,4819.475,4822.705,0.1601
1770350100000,2026-02-06,03:55:00,4822.665,4826.148,4819.498,4823.995,0.1321
1770350400000,2026-02-06,04:00:00,4823.915,4827.305,4814.525,4822.189,0.2228
1770350700000,2026-02-06,04:05:00,4822.219,4825.995,4814.989,4821.145,0.179
1770351000000,2026-02-06,04:10:00,4821.185,4826.915,4818.385,4818.609,0.1576
1770351300000,2026-02-06,04:15:00,4818.739,4825.545,4818.559,4819.095,0.133
1770351600000,2026-02-06,04:20:00,4819.075,4819.485,4806.895,4814.505,0.1391
1770351900000,2026-02-06,04:25:00,4814.525,4827.425,4813.315,4826.245,0.0883
1770352200000,2026-02-06,04:30:00,4826.285,4831.445,4821.685,4824.175,0.1305
1770352500000,2026-02-06,04:35:00,4823.645,4825.665,4819.545,4825.595,0.139
1770352800000,2026-02-06,04:40:00,4825.565,4825.795,4819.205,4821.785,0.1032
1770353100000,2026-02-06,04:45:00,4821.805,4822.505,4816.465,4820.505,0.1083
1770353400000,2026-02-06,04:50:00,4820.505,4824.045,4810.915,4811.385,0.0787
1770353700000,2026-02-06,04:55:00,4811.405,4818.605,4809.805,4813.185,0.1076
1770354000000,2026-02-06,05:00:00,4814.105,4822.955,4807.075,4818.515,0.1522
1770354300000,2026-02-06,05:05:00,4818.505,4824.515,4816.725,4823.655,0.1207
1770354600000,2026-02-06,05:10:00,4823.655,4825.185,4821.335,4823.375,0.1019
1770354900000,2026-02-06,05:15:00,4823.375,4831.885,4818.735,4831.305,0.1159
1770355200000,2026-02-06,05:20:00,4831.295,4836.115,4827.765,4835.835,0.1208
1770355500000,2026-02-06,05:25:00,4835.805,4851.865,4835.555,4851.785,0.1746
1770355800000,2026-02-06,05:30:00,4851.765,4854.875,4836.375,4854.375,0.32
1770356100000,2026-02-06,05:35:00,4854.395,4861.195,4848.598,4857.765,0.2346
1770356400000,2026-02-06,05:40:00,4857.775,4871.005,4857.665,4865.075,0.3181
1770356700000,2026-02-06,05:45:00,4865.095,4874.585,4861.785,4872.485,0.2233
1770357000000,2026-02-06,05:50:00,4872.245,4887.285,4871.355,4885.665,0.2169
1770357300000,2026-02-06,05:55:00,4885.145,4897.565,4883.005,4896.978,0.3076
1770357600000,2026-02-06,06:00:00,4896.885,4902.975,4881.595,4887.305,0.3501
1770357900000,2026-02-06,06:05:00,4887.335,4891.455,4869.485,4871.595,0.2719
1770358200000,2026-02-06,06:10:00,4871.545,4878.805,4864.898,4866.025,0.2604
1770358500000,2026-02-06,06:15:00,4865.875,4871.815,4859.268,4860.685,0.4663
1770358800000,2026-02-06,06:20:00,4860.705,4867.978,4852.378,4852.775,0.4129
1770359100000,2026-02-06,06:25:00,4852.805,4861.265,4847.675,4852.689,0.2853
1770359400000,2026-02-06,06:30:00,4852.689,4866.405,4842.855,4846.825,0.2075
1770359700000,2026-02-06,06:35:00,4846.805,4846.805,4836.175,4839.785,0.2693
1770360000000,2026-02-06,06:40:00,4839.845,4848.008,4835.995,4845.625,0.3416
1770360300000,2026-02-06,06:45:00,4845.605,4855.655,4839.755,4854.765,0.2056
1770360600000,2026-02-06,06:50:00,4854.805,4855.525,4844.245,4846.285,0.2152
1770360900000,2026-02-06,06:55:00,4846.235,4846.555,4824.548,4845.895,0.2326
1770361200000,2026-02-06,07:00:00,4845.925,4853.695,4837.435,4838.529,0.2097
1770361500000,2026-02-06,07:05:00,4840.325,4847.185,4838.745,4845.065,0.1205
1770361800000,2026-02-06,07:10:00,4846.535,4854.215,4843.525,4848.428,0.175
1770362100000,2026-02-06,07:15:00,4848.375,4851.498,4842.115,4845.635,0.209
1770362400000,2026-02-06,07:20:00,4845.615,4851.345,4844.225,4851.065,0.1692
1770362700000,2026-02-06,07:25:00,4850.915,4861.485,4850.905,4858.545,0.1732
1770363000000,2026-02-06,07:30:00,4858.195,4859.325,4847.175,4851.635,0.1869
1770363300000,2026-02-06,07:35:00,4851.595,4856.795,4850.305,4854.435,0.1383
1770363600000,2026-02-06,07:40:00,4854.455,4859.565,4850.075,4856.555,0.1252
1770363900000,2026-02-06,07:45:00,4856.525,4856.705,4847.048,4851.215,0.181
1770364200000,2026-02-06,07:50:00,4851.185,4853.715,4847.405,4848.529,0.1368
1770364500000,2026-02-06,07:55:00,4848.565,4853.805,4839.725,4840.185,0.2627
1770364800000,2026-02-06,08:00:00,4840.185,4844.348,4828.575,4836.625,0.6111
1770365100000,2026-02-06,08:05:00,4836.615,4842.985,4832.435,4840.999,0.2218
1770365400000,2026-02-06,08:10:00,4840.989,4853.065,4840.969,4850.845,0.1723
1770365700000,2026-02-06,08:15:00,4850.855,4859.615,4847.685,4854.755,0.205
1770366000000,2026-02-06,08:20:00,4854.755,4867.195,4854.365,4866.275,0.1417
1770366300000,2026-02-06,08:25:00,4865.275,4874.035,4865.275,4866.979,0.2327
1770366600000,2026-02-06,08:30:00,4866.969,4880.615,4866.495,4879.358,0.1803
1770366900000,2026-02-06,08:35:00,4879.348,4881.829,4858.798,4862.305,0.2706
1770367200000,2026-02-06,08:40:00,4862.219,4862.855,4854.835,4859.698,0.2079
1770367500000,2026-02-06,08:45:00,4859.695,4859.698,4852.035,4859.445,0.2385
1770367800000,2026-02-06,08:50:00,4859.259,4864.115,4856.948,4860.599,0.2906
1770368100000,2026-02-06,08:55:00,4860.555,4862.105,4853.909,4861.279,0.2714
1770368400000,2026-02-06,09:00:00,4861.279,4871.185,4843.265,4850.938,0.2806
1770368700000,2026-02-06,09:05:00,4851.365,4854.461,4839.435,4846.795,0.1689
1770369000000,2026-02-06,09:10:00,4846.755,4851.805,4839.045,4839.725,0.1406
1770369300000,2026-02-06,09:15:00,4839.695,4851.909,4837.905,4847.205,0.1505
1770369600000,2026-02-06,09:20:00,4847.205,4866.485,4847.155,4858.618,0.1903
1770369900000,2026-02-06,09:25:00,4858.469,4864.185,4855.885,4863.065,0.0922
1770370200000,2026-02-06,09:30:00,4863.035,4866.225,4860.565,4865.708,0.1088
1770370500000,2026-02-06,09:35:00,4865.355,4872.438,4861.038,4863.268,0.1261
1770370800000,2026-02-06,09:40:00,4862.625,4863.72,4858.098,4858.138,0.1095
1770371100000,2026-02-06,09:45:00,4857.435,4869.508,4855.805,4869.238,0.1355
1770371400000,2026-02-06,09:50:00,4869.075,4870.598,4862.695,4863.588,0.1695
1770371700000,2026-02-06,09:55:00,4863.598,4869.818,4859.895,4866.388,0.1481
1770372000000,2026-02-06,10:00:00,4866.165,4876.07,4865.558,4872.058,0.1557
1770372300000,2026-02-06,10:05:00,4871.975,4877.748,4870.198,4877.748,0.1378
1770372600000,2026-02-06,10:10:00,4877.818,4877.818,4870.538,4871.758,0.111
1770372900000,2026-02-06,10:15:00,4871.675,4875.945,4864.848,4865.958,0.1352
1770373200000,2026-02-06,10:20:00,4866.065,4866.195,4853.165,4859.295,0.1725
1770373500000,2026-02-06,10:25:00,4859.285,4859.935,4851.555,4854.639,0.1531
1770373800000,2026-02-06,10:30:00,4854.669,4869.085,4852.278,4867.975,0.1494
1770374100000,2026-02-06,10:35:00,4868.035,4872.715,4865.035,4872.695,0.1539
1770374400000,2026-02-06,10:40:00,4872.735,4877.855,4871.515,4875.165,0.1531
1770374700000,2026-02-06,10:45:00,4875.125,4875.895,4866.935,4869.365,0.1344
1770375000000,2026-02-06,10:50:00,4869.355,4879.875,4868.925,4875.445,0.1295
1770375300000,2026-02-06,10:55:00,4875.445,4878.245,4871.915,4878.185,0.112
1770375600000,2026-02-06,11:00:00,4878.075,4887.575,4871.718,4871.718,0.1678
1770375900000,2026-02-06,11:05:00,4871.915,4874.235,4863.468,4872.489,0.2666
1770376200000,2026-02-06,11:10:00,4872.575,4884.215,4871.875,4884.215,0.1273
1770376500000,2026-02-06,11:15:00,4884.055,4886.845,4878.228,4882.049,0.1472
1770376800000,2026-02-06,11:20:00,4882.049,4893.215,4879.645,4888.725,0.2256
1770377100000,2026-02-06,11:25:00,4888.985,4893.675,4883.215,4890.489,0.1906
1770377400000,2026-02-06,11:30:00,4890.549,4892.205,4879.878,4881.739,0.1985
1770377700000,2026-02-06,11:35:00,4881.739,4890.245,4879.929,4887.385,0.2032
1770378000000,2026-02-06,11:40:00,4886.895,4893.195,4884.705,4886.675,0.1573
1770378300000,2026-02-06,11:45:00,4886.385,4888.595,4882.388,4883.778,0.1537
1770378600000,2026-02-06,11:50:00,4883.778,4892.545,4882.208,4889.615,0.1766
1770378900000,2026-02-06,11:55:00,4889.635,4895.498,4886.635,4886.735,0.101
1770379200000,2026-02-06,12:00:00,4886.725,4894.285,4883.475,4889.295,0.1959
1770379500000,2026-02-06,12:05:00,4889.295,4903.165,4889.105,4898.065,0.2142
1770379800000,2026-02-06,12:10:00,4898.125,4899.425,4890.745,4895.595,0.1497
1770380100000,2026-02-06,12:15:00,4895.655,4896.245,4885.025,4885.025,0.1268
1770380400000,2026-02-06,12:20:00,4884.835,4888.345,4876.475,4878.755,0.162
1770380700000,2026-02-06,12:25:00,4878.775,4879.685,4871.555,4877.355,0.1111
1770381000000,2026-02-06,12:30:00,4877.395,4885.615,4876.855,4883.115,0.0884
1770381300000,2026-02-06,12:35:00,4883.075,4893.065,4881.765,4888.055,0.1038
1770381600000,2026-02-06,12:40:00,4887.965,4895.655,4885.505,4894.175,0.1323
1770381900000,2026-02-06,12:45:00,4894.205,4901.475,4893.875,4897.885,0.1258
1770382200000,2026-02-06,12:50:00,4897.905,4903.035,4896.415,4899.055,0.1086
1770382500000,2026-02-06,12:55:00,4899.095,4901.868,4896.505,4900.125,0.1132
1770382800000,2026-02-06,13:00:00,4900.145,4925.715,4896.965,4925.365,0.3206
1770383100000,2026-02-06,13:05:00,4925.395,4926.825,4909.035,4913.839,0.4798
1770383400000,2026-02-06,13:10:00,4913.965,4916.575,4905.515,4909.405,0.2976
1770383700000,2026-02-06,13:15:00,4909.385,4917.708,4906.828,4913.678,0.2892
1770384000000,2026-02-06,13:20:00,4913.698,4927.225,4912.138,4927.009,0.3131
1770384300000,2026-02-06,13:25:00,4927.039,4928.048,4904.735,4908.649,0.3275
1770384600000,2026-02-06,13:30:00,4908.469,4928.138,4908.329,4923.725,0.2655
1770384900000,2026-02-06,13:35:00,4923.755,4937.535,4921.055,4930.135,0.2178
1770385200000,2026-02-06,13:40:00,4930.098,4938.035,4929.615,4931.808,0.2975
1770385500000,2026-02-06,13:45:00,4931.808,4934.445,4927.608,4930.405,0.2677
1770385800000,2026-02-06,13:50:00,4930.348,4930.759,4921.898,4922.588,0.3618
1770386100000,2026-02-06,13:55:00,4922.598,4928.645,4921.898,4928.605,0.2125
1770386400000,2026-02-06,14:00:00,4928.625,4932.445,4921.185,4925.485,0.2255
1770386700000,2026-02-06,14:05:00,4925.515,4931.345,4913.565,4921.965,0.1672
1770387000000,2026-02-06,14:10:00,4922.665,4924.755,4909.608,4921.695,0.1571
1770387300000,2026-02-06,14:15:00,4921.725,4926.205,4918.425,4921.358,0.133
1770387600000,2026-02-06,14:20:00,4921.515,4922.435,4902.225,4904.045,0.2097
1770387900000,2026-02-06,14:25:00,4904.015,4907.768,4894.135,4904.855,0.2643
1770388200000,2026-02-06,14:30:00,4904.805,4930.165,4897.285,4928.895,0.3401
1770388500000,2026-02-06,14:35:00,4928.465,4946.898,4924.598,4936.305,0.3928
1770388800000,2026-02-06,14:40:00,4937.442,4937.915,4922.468,4932.099,0.4618
1770389100000,2026-02-06,14:45:00,4932.245,4939.288,4926.818,4938.719,0.5789
1770389400000,2026-02-06,14:50:00,4938.689,4944.099,4936.338,4938.138,0.4166
1770389700000,2026-02-06,14:55:00,4938.168,4949.408,4934.568,4947.058,0.4571
1770390000000,2026-02-06,15:00:00,4947.038,4959.068,4938.618,4942.015,0.4262
1770390300000,2026-02-06,15:05:00,4942.015,4964.338,4942.015,4957.498,0.3789
1770390600000,2026-02-06,15:10:00,4956.248,4960.155,4946.885,4947.628,0.4483
1770390900000,2026-02-06,15:15:00,4947.688,4952.565,4941.565,4945.925,0.3714
1770391200000,2026-02-06,15:20:00,4945.925,4954.385,4934.898,4943.515,0.3666
1770391500000,2026-02-06,15:25:00,4943.625,4959.665,4943.455,4955.275,0.2672
1770391800000,2026-02-06,15:30:00,4955.295,4960.255,4948.735,4954.818,0.2799
1770392100000,2026-02-06,15:35:00,4954.828,4955.995,4939.748,4945.375,0.2851
1770392400000,2026-02-06,15:40:00,4945.515,4952.525,4938.775,4942.355,0.2693
1770392700000,2026-02-06,15:45:00,4942.415,4947.645,4928.055,4941.765,0.2365
1770393000000,2026-02-06,15:50:00,4941.725,4950.585,4937.815,4938.445,0.2695
1770393300000,2026-02-06,15:55:00,4938.515,4944.795,4935.595,4943.365,0.2677
1770393600000,2026-02-06,16:00:00,4943.455,4950.138,4936.978,4949.625,0.3224
1770393900000,2026-02-06,16:05:00,4949.665,4949.995,4942.365,4942.725,0.2207
1770394200000,2026-02-06,16:10:00,4942.785,4949.855,4939.158,4940.585,0.178
1770394500000,2026-02-06,16:15:00,4940.545,4945.685,4930.555,4942.115,0.2005
1770394800000,2026-02-06,16:20:00,4942.325,4943.195,4929.265,4934.035,0.1636
1770395100000,2026-02-06,16:25:00,4934.245,4939.515,4921.578,4938.255,0.2247
1770395400000,2026-02-06,16:30:00,4938.225,4940.445,4931.765,4933.255,0.2117
1770395700000,2026-02-06,16:35:00,4933.175,4941.625,4929.458,4941.195,0.1753
1770396000000,2026-02-06,16:40:00,4941.185,4948.055,4933.255,4939.825,0.227
1770396300000,2026-02-06,16:45:00,4939.865,4947.895,4936.035,4947.135,0.2214
1770396600000,2026-02-06,16:50:00,4947.125,4947.925,4942.298,4943.655,0.1639
1770396900000,2026-02-06,16:55:00,4943.715,4953.095,4942.115,4951.455,0.1561
1770397200000,2026-02-06,17:00:00,4951.525,4958.355,4948.925,4958.355,0.1589
1770397500000,2026-02-06,17:05:00,4958.385,4959.735,4951.565,4959.635,0.1438
1770397800000,2026-02-06,17:10:00,4959.585,4960.555,4955.885,4957.378,0.1428
1770398100000,2026-02-06,17:15:00,4957.378,4958.645,4952.495,4958.025,0.136
1770398400000,2026-02-06,17:20:00,4958.055,4959.225,4954.925,4957.845,0.1297
1770398700000,2026-02-06,17:25:00,4957.975,4958.725,4952.955,4954.485,0.1049
1770399000000,2026-02-06,17:30:00,4954.505,4968.255,4954.505,4960.395,0.2591
1770399300000,2026-02-06,17:35:00,4960.365,4960.365,4947.805,4949.905,0.2033
1770399600000,2026-02-06,17:40:00,4949.925,4955.255,4949.285,4953.975,0.1484
1770399900000,2026-02-06,17:45:00,4953.995,4959.045,4953.775,4958.605,0.1197
1770400200000,2026-02-06,17:50:00,4958.645,4961.425,4955.915,4957.825,0.1092
1770400500000,2026-02-06,17:55:00,4957.835,4963.895,4953.645,4960.165,0.1237
1770400800000,2026-02-06,18:00:00,4960.305,4964.035,4958.545,4963.175,0.1523
1770401100000,2026-02-06,18:05:00,4963.148,4967.665,4961.748,4964.448,0.2118
1770401400000,2026-02-06,18:10:00,4964.448,4970.898,4962.948,4965.238,0.2727
1770401700000,2026-02-06,18:15:00,4965.238,4966.048,4961.525,4962.995,0.2928
1770402000000,2026-02-06,18:20:00,4962.975,4963.635,4943.615,4947.685,0.1836
1770402300000,2026-02-06,18:25:00,4947.725,4957.505,4946.695,4955.805,0.2076
1770402600000,2026-02-06,18:30:00,4955.935,4960.225,4951.388,4960.135,0.1374
1770402900000,2026-02-06,18:35:00,4960.065,4965.315,4958.545,4964.725,0.0778
1770403200000,2026-02-06,18:40:00,4964.755,4964.805,4961.845,4964.195,0.0726
1770403500000,2026-02-06,18:45:00,4964.215,4967.145,4962.245,4966.565,0.0736
1770403800000,2026-02-06,18:50:00,4966.645,4968.245,4963.415,4965.845,0.0848
1770404100000,2026-02-06,18:55:00,4965.825,4966.245,4960.525,4962.245,0.0727
1770404400000,2026-02-06,19:00:00,4962.285,4963.085,4959.475,4960.085,0.1166
1770404700000,2026-02-06,19:05:00,4960.038,4961.055,4956.445,4957.265,0.0738
1770405000000,2026-02-06,19:10:00,4957.155,4959.395,4953.505,4958.455,0.0712
1770405300000,2026-02-06,19:15:00,4958.435,4961.885,4956.935,4958.015,0.0825
1770405600000,2026-02-06,19:20:00,4957.985,4960.755,4957.728,4958.825,0.0787
1770405900000,2026-02-06,19:25:00,4958.745,4960.915,4957.175,4957.315,0.0792
1770406200000,2026-02-06,19:30:00,4957.365,4958.505,4953.925,4955.685,0.0902
1770406500000,2026-02-06,19:35:00,4955.705,4955.705,4948.505,4951.815,0.1073
1770406800000,2026-02-06,19:40:00,4951.855,4952.725,4948.875,4951.785,0.0725
1770407100000,2026-02-06,19:45:00,4951.625,4961.675,4951.585,4961.455,0.0955
1770407400000,2026-02-06,19:50:00,4961.405,4962.605,4958.955,4961.345,0.0721
1770407700000,2026-02-06,19:55:00,4961.305,4961.485,4956.305,4957.015,0.0781
1770408000000,2026-02-06,20:00:00,4957.065,4958.375,4950.825,4955.135,0.1206
1770408300000,2026-02-06,20:05:00,4955.235,4958.995,4954.765,4955.525,0.0797
1770408600000,2026-02-06,20:10:00,4955.505,4955.505,4950.945,4953.065,0.0958
1770408900000,2026-02-06,20:15:00,4952.985,4953.195,4946.445,4952.335,0.0928
1770409200000,2026-02-06,20:20:00,4952.285,4956.825,4950.235,4952.245,0.1061
1770409500000,2026-02-06,20:25:00,4952.165,4956.005,4952.145,4954.645,0.0991
1770409800000,2026-02-06,20:30:00,4954.755,4954.795,4940.285,4942.895,0.1372
1770410100000,2026-02-06,20:35:00,4942.385,4943.195,4936.385,4942.975,0.1608
1770410400000,2026-02-06,20:40:00,4943.005,4950.475,4942.385,4943.745,0.1586
1770410700000,2026-02-06,20:45:00,4943.955,4945.335,4940.025,4943.555,0.1359
1770411000000,2026-02-06,20:50:00,4943.445,4953.185,4942.775,4951.275,0.1681
1770411300000,2026-02-06,20:55:00,4951.305,4953.835,4947.058,4953.098,0.2168
1770411600000,2026-02-06,21:00:00,4953.098,4954.475,4948.855,4951.365,0.051
1770411900000,2026-02-06,21:05:00,4951.325,4958.135,4951.325,4953.595,0.0549
1770412200000,2026-02-06,21:10:00,4953.525,4955.475,4946.195,4949.335,0.045
1770412500000,2026-02-06,21:15:00,4949.365,4950.645,4947.315,4949.995,0.0411
1770412800000,2026-02-06,21:20:00,4950.165,4950.955,4947.385,4950.525,0.0387
1770413100000,2026-02-06,21:25:00,4950.575,4954.755,4950.575,4953.615,0.0504
1770413400000,2026-02-06,21:30:00,4953.645,4957.355,4953.565,4954.735,0.0347
1770413700000,2026-02-06,21:35:00,4954.715,4963.708,4954.225,4961.585,0.0587
1770414000000,2026-02-06,21:40:00,4961.635,4962.455,4957.825,4959.988,0.17
1770414300000,2026-02-06,21:45:00,4959.609,4960.458,4957.138,4960.438,0.1662
1770414600000,2026-02-06,21:50:00,4960.339,4964.858,4958.448,4963.459,0.1655
1770414900000,2026-02-06,21:55:00,4963.559,4967.598,4961.005,4964.298,0.1183
1770591600000,2026-02-08,23:00:00,4980.098,4989.478,4962.605,4986.148,0.2775
1770591900000,2026-02-08,23:05:00,4986.158,4990.048,4964.048,4974.648,0.2345
1770592200000,2026-02-08,23:10:00,4974.548,4984.405,4967.145,4979.505,0.1328
1770592500000,2026-02-08,23:15:00,4979.315,4989.525,4976.445,4987.525,0.1577
1770592800000,2026-02-08,23:20:00,4987.495,4996.955,4986.685,4996.905,0.1583
1770593100000,2026-02-08,23:25:00,4996.925,5025.655,4996.525,5024.245,0.2023
1770593400000,2026-02-08,23:30:00,5024.245,5043.595,5019.485,5034.435,0.2656
1770593700000,2026-02-08,23:35:00,5034.465,5042.585,5022.905,5035.975,0.2186
1770594000000,2026-02-08,23:40:00,5036.135,5042.745,5031.125,5040.975,0.1558
1770594300000,2026-02-08,23:45:00,5040.935,5046.385,5033.195,5044.815,0.1556
1770594600000,2026-02-08,23:50:00,5044.865,5045.135,5035.135,5040.635,0.1205
1770594900000,2026-02-08,23:55:00,5040.625,5046.805,5033.705,5035.475,0.1006
1770595200000,2026-02-09,00:00:00,5035.475,5037.015,5024.785,5027.215,0.2293
1770595500000,2026-02-09,00:05:00,5027.205,5044.195,5024.245,5035.495,0.2357
1770595800000,2026-02-09,00:10:00,5035.485,5035.565,5027.008,5028.888,0.3396
1770596100000,2026-02-09,00:15:00,5028.858,5040.695,5021.205,5035.555,0.2451
1770596400000,2026-02-09,00:20:00,5034.928,5037.485,5028.345,5034.555,0.191
1770596700000,2026-02-09,00:25:00,5034.485,5035.085,5025.505,5034.655,0.138
1770597000000,2026-02-09,00:30:00,5034.795,5037.085,5029.035,5031.708,0.1398
1770597300000,2026-02-09,00:35:00,5031.635,5033.275,5025.885,5028.165,0.1011
1770597600000,2026-02-09,00:40:00,5028.345,5031.485,5016.335,5027.375,0.1676
1770597900000,2026-02-09,00:45:00,5027.405,5027.405,5011.298,5012.788,0.1519
1770598200000,2026-02-09,00:50:00,5012.788,5021.925,5012.788,5019.825,0.1476
1770598500000,2026-02-09,00:55:00,5019.855,5026.015,5017.448,5019.125,0.1717
1770598800000,2026-02-09,01:00:00,5020.135,5041.465,5015.895,5025.825,0.5039
1770599100000,2026-02-09,01:05:00,5025.615,5026.335,5004.825,5014.525,0.3529
1770599400000,2026-02-09,01:10:00,5014.615,5020.825,5007.245,5018.535,0.296
1770599700000,2026-02-09,01:15:00,5018.425,5031.635,5011.665,5028.815,0.2925
1770600000000,2026-02-09,01:20:00,5028.655,5029.205,5018.695,5019.795,0.3073
1770600300000,2026-02-09,01:25:00,5019.805,5019.955,5009.455,5016.095,0.3731
1770600600000,2026-02-09,01:30:00,5016.095,5021.745,4997.438,5001.888,0.391
1770600900000,2026-02-09,01:35:00,5001.888,5001.888,4975.485,4982.315,0.4023
1770601200000,2026-02-09,01:40:00,4982.375,5009.375,4981.785,5009.048,0.3034
1770601500000,2026-02-09,01:45:00,5009.085,5011.735,4992.485,4996.385,0.2542
1770601800000,2026-02-09,01:50:00,4996.338,5000.375,4989.648,4992.995,0.223
1770602100000,2026-02-09,01:55:00,4992.985,4999.485,4979.695,4981.985,0.3114
1770602400000,2026-02-09,02:00:00,4981.985,4982.115,4967.835,4976.195,0.3558
1770602700000,2026-02-09,02:05:00,4976.215,4989.785,4975.425,4989.505,0.2446
1770603000000,2026-02-09,02:10:00,4989.325,5000.305,4988.475,4996.935,0.3173
1770603300000,2026-02-09,02:15:00,4996.855,4997.255,4988.665,4992.135,0.2504
1770603600000,2026-02-09,02:20:00,4992.115,4999.225,4991.625,4997.285,0.1803
1770603900000,2026-02-09,02:25:00,4997.445,5001.335,4993.895,5000.715,0.1928
1770604200000,2026-02-09,02:30:00,5000.685,5006.065,4992.275,5004.415,0.5093
1770604500000,2026-02-09,02:35:00,5004.225,5004.845,4996.335,4999.085,0.4993
1770604800000,2026-02-09,02:40:00,4999.125,4999.495,4988.878,4996.328,0.2009
1770605100000,2026-02-09,02:45:00,4996.755,4997.505,4985.925,4996.755,0.2021
1770605400000,2026-02-09,02:50:00,4996.755,5013.325,4996.685,5011.305,0.3271
1770605700000,2026-02-09,02:55:00,5011.285,5016.935,5003.898,5006.725,0.325
1770606000000,2026-02-09,03:00:00,5006.619,5019.335,5005.305,5015.685,0.1785
1770606300000,2026-02-09,03:05:00,5015.485,5020.065,5014.995,5018.135,0.2071
1770606600000,2026-02-09,03:10:00,5018.165,5021.175,5017.475,5020.085,0.2897
1770606900000,2026-02-09,03:15:00,5020.115,5020.215,5011.098,5014.805,0.2747
1770607200000,2026-02-09,03:20:00,5014.805,5022.405,5011.845,5022.255,0.237
1770607500000,2026-02-09,03:25:00,5022.305,5026.595,5021.735,5024.985,0.2127
1770607800000,2026-02-09,03:30:00,5024.995,5030.945,5021.555,5022.855,0.1489
1770608100000,2026-02-09,03:35:00,5022.865,5024.155,5018.208,5021.615,0.2041
1770608400000,2026-02-09,03:40:00,5021.615,5024.765,5019.015,5024.478,0.1948
1770608700000,2026-02-09,03:45:00,5024.595,5027.415,5015.248,5021.675,0.1777
1770609000000,2026-02-09,03:50:00,5021.675,5022.579,5017.088,5019.228,0.2036
1770609300000,2026-02-09,03:55:00,5019.298,5019.615,5011.878,5015.735,0.1378
1770609600000,2026-02-09,04:00:00,5015.885,5019.405,5012.455,5019.405,0.1239
1770609900000,2026-02-09,04:05:00,5019.425,5023.705,5019.425,5023.655,0.1152
1770610200000,2026-02-09,04:10:00,5023.635,5023.655,5011.625,5011.655,0.095
1770610500000,2026-02-09,04:15:00,5011.655,5024.135,5008.178,5019.819,0.1907
1770610800000,2026-02-09,04:20:00,5019.819,5023.245,5016.725,5018.755,0.1445
1770611100000,2026-02-09,04:25:00,5018.765,5020.885,5012.865,5017.065,0.1686
1770611400000,2026-02-09,04:30:00,5017.055,5020.175,5014.545,5019.445,0.0953
1770611700000,2026-02-09,04:35:00,5019.455,5022.655,5017.465,5022.138,0.1181
1770612000000,2026-02-09,04:40:00,5022.158,5022.575,5014.438,5018.039,0.1648
1770612300000,2026-02-09,04:45:00,5018.019,5019.559,5012.395,5013.399,0.2335
1770612600000,2026-02-09,04:50:00,5013.389,5016.555,5008.409,5014.559,0.1806
1770612900000,2026-02-09,04:55:00,5014.659,5015.705,5006.895,5011.749,0.1876
1770613200000,2026-02-09,05:00:00,5011.749,5014.765,5011.015,5014.755,0.08
1770613500000,2026-02-09,05:05:00,5014.795,5019.565,5012.795,5019.225,0.0826
1770613800000,2026-02-09,05:10:00,5019.255,5019.755,5013.565,5014.845,0.0837
1770614100000,2026-02-09,05:15:00,5014.855,5021.745,5014.855,5021.735,0.0528
1770614400000,2026-02-09,05:20:00,5021.625,5025.025,5020.398,5023.975,0.0666
1770614700000,2026-02-09,05:25:00,5023.965,5031.265,5023.505,5029.955,0.081
1770615000000,2026-02-09,05:30:00,5029.895,5032.805,5025.315,5031.415,0.2143
1770615300000,2026-02-09,05:35:00,5031.395,5034.865,5028.605,5032.875,0.2142
1770615600000,2026-02-09,05:40:00,5032.855,5041.075,5030.325,5034.125,0.1878
1770615900000,2026-02-09,05:45:00,5034.165,5034.375,5022.755,5030.245,0.3081
1770616200000,2026-02-09,05:50:00,5030.245,5035.155,5027.755,5034.795,0.1778
1770616500000,2026-02-09,05:55:00,5034.955,5037.885,5032.965,5036.155,0.1284
1770616800000,2026-02-09,06:00:00,5036.175,5045.615,5034.798,5043.805,0.1947
1770617100000,2026-02-09,06:05:00,5043.845,5044.765,5035.849,5037.085,0.1683
1770617400000,2026-02-09,06:10:00,5036.615,5038.585,5031.308,5033.995,0.1498
1770617700000,2026-02-09,06:15:00,5033.435,5037.265,5027.555,5027.555,0.1453
1770618000000,2026-02-09,06:20:00,5027.785,5027.785,5013.378,5021.555,0.2233
1770618300000,2026-02-09,06:25:00,5021.585,5028.435,5020.885,5025.115,0.1596
1770618600000,2026-02-09,06:30:00,5024.855,5032.145,5020.665,5026.375,0.1776
1770618900000,2026-02-09,06:35:00,5026.395,5032.185,5022.675,5031.665,0.1509
1770619200000,2026-02-09,06:40:00,5031.685,5035.995,5025.235,5035.045,0.1594
1770619500000,2026-02-09,06:45:00,5035.045,5036.365,5029.515,5030.315,0.1722
1770619800000,2026-02-09,06:50:00,5030.315,5037.305,5026.555,5036.765,0.1209
1770620100000,2026-02-09,06:55:00,5036.805,5039.655,5028.998,5030.889,0.1888
1770620400000,2026-02-09,07:00:00,5030.905,5030.905,5022.615,5028.865,0.1273
1770620700000,2026-02-09,07:05:00,5028.845,5029.005,5018.035,5020.595,0.1307
1770621000000,2026-02-09,07:10:00,5020.495,5021.425,5007.808,5012.735,0.115
1770621300000,2026-02-09,07:15:00,5012.735,5014.875,5007.245,5013.225,0.1403
1770621600000,2026-02-09,07:20:00,5013.175,5013.435,4994.955,5003.445,0.2003
1770621900000,2026-02-09,07:25:00,5003.475,5009.415,4998.568,5008.135,0.2277
1770622200000,2026-02-09,07:30:00,5008.315,5014.935,5007.375,5009.105,0.1748
1770622500000,2026-02-09,07:35:00,5009.115,5011.295,5006.945,5009.705,0.128
1770622800000,2026-02-09,07:40:00,5009.765,5014.505,5008.375,5012.085,0.146
1770623100000,2026-02-09,07:45:00,5012.195,5012.575,5000.585,5002.855,0.1426
1770623400000,2026-02-09,07:50:00,5003.075,5008.035,5000.715,5004.955,0.1234
1770623700000,2026-02-09,07:55:00,5004.965,5008.055,5003.725,5006.095,0.0891
1770624000000,2026-02-09,08:00:00,5006.125,5017.985,5002.505,5016.595,0.1603
1770624300000,2026-02-09,08:05:00,5016.555,5021.065,5013.065,5017.425,0.1478
1770624600000,2026-02-09,08:10:00,5017.435,5020.155,5016.185,5019.865,0.0917
1770624900000,2026-02-09,08:15:00,5019.905,5031.695,5019.905,5027.305,0.1475
1770625200000,2026-02-09,08:20:00,5027.275,5030.515,5023.355,5025.865,0.1243
1770625500000,2026-02-09,08:25:00,5025.795,5029.935,5023.135,5025.445,0.1102
1770625800000,2026-02-09,08:30:00,5025.175,5027.955,5021.215,5027.475,0.1139
1770626100000,2026-02-09,08:35:00,5027.505,5028.635,5022.625,5026.768,0.0817
1770626400000,2026-02-09,08:40:00,5026.768,5032.415,5023.665,5029.365,0.0927
1770626700000,2026-02-09,08:45:00,5029.345,5035.605,5027.335,5028.065,0.1165
1770627000000,2026-02-09,08:50:00,5028.135,5031.105,5023.805,5024.655,0.1139
1770627300000,2026-02-09,08:55:00,5024.635,5028.425,5024.305,5027.125,0.0711
1770627600000,2026-02-09,09:00:00,5027.165,5040.785,5024.965,5032.535,0.1259
1770627900000,2026-02-09,09:05:00,5032.565,5035.885,5026.145,5027.255,0.1047
1770628200000,2026-02-09,09:10:00,5027.305,5030.165,5022.735,5025.675,0.0915
1770628500000,2026-02-09,09:15:00,5025.655,5026.065,5021.398,5025.985,0.0876
1770628800000,2026-02-09,09:20:00,5025.955,5027.225,5022.965,5024.445,0.1141
1770629100000,2026-02-09,09:25:00,5024.485,5026.485,5016.075,5024.105,0.1052
1770629400000,2026-02-09,09:30:00,5024.065,5027.145,5017.355,5017.965,0.0874
1770629700000,2026-02-09,09:35:00,5017.945,5018.765,5012.045,5013.895,0.1001
1770630000000,2026-02-09,09:40:00,5013.795,5017.365,5011.555,5014.175,0.0928
1770630300000,2026-02-09,09:45:00,5014.125,5015.165,5007.975,5012.245,0.1071
1770630600000,2026-02-09,09:50:00,5012.265,5014.955,5005.215,5006.325,0.0963
1770630900000,2026-02-09,09:55:00,5006.375,5013.575,5002.355,5007.545,0.1386
1770631200000,2026-02-09,10:00:00,5007.585,5007.885,4996.245,5005.715,0.1638
1770631500000,2026-02-09,10:05:00,5005.735,5013.515,5005.395,5008.815,0.1177
1770631800000,2026-02-09,10:10:00,5008.775,5011.755,5007.705,5010.025,0.0814
1770632100000,2026-02-09,10:15:00,5009.975,5015.075,5005.785,5007.875,0.1093
1770632400000,2026-02-09,10:20:00,5007.875,5013.795,5005.935,5006.035,0.0816
1770632700000,2026-02-09,10:25:00,5006.085,5006.085,4985.795,4990.775,0.1928
1770633000000,2026-02-09,10:30:00,4990.805,4993.555,4982.125,4991.825,0.1485
1770633300000,2026-02-09,10:35:00,4991.845,4999.075,4989.815,4990.065,0.1233
1770633600000,2026-02-09,10:40:00,4990.045,4995.985,4984.795,4986.615,0.1385
1770633900000,2026-02-09,10:45:00,4986.615,4998.855,4982.545,4992.425,0.1412
1770634200000,2026-02-09,10:50:00,4992.465,4998.605,4992.285,4995.965,0.1002
1770634500000,2026-02-09,10:55:00,4996.065,4998.535,4988.328,4990.785,0.1181
1770634800000,2026-02-09,11:00:00,4990.785,4998.805,4988.425,4997.865,0.1133
1770635100000,2026-02-09,11:05:00,4997.805,4998.515,4991.655,4995.245,0.0977
1770635400000,2026-02-09,11:10:00,4995.235,4997.005,4989.548,4992.785,0.1138
1770635700000,2026-02-09,11:15:00,4992.825,4998.035,4990.895,4997.035,0.0803
1770636000000,2026-02-09,11:20:00,4997.085,5003.355,4994.525,5002.495,0.07
1770636300000,2026-02-09,11:25:00,5002.395,5006.295,4999.315,5005.805,0.0836
1770636600000,2026-02-09,11:30:00,5005.835,5007.455,5002.965,5003.575,0.0793
1770636900000,2026-02-09,11:35:00,5003.595,5008.755,5001.235,5005.105,0.0755
1770637200000,2026-02-09,11:40:00,5005.105,5012.815,5004.945,5008.435,0.0901
1770637500000,2026-02-09,11:45:00,5008.385,5011.025,5006.999,5008.005,0.0759
1770637800000,2026-02-09,11:50:00,5008.025,5017.795,5007.265,5011.855,0.1003
1770638100000,2026-02-09,11:55:00,5011.825,5014.755,5007.565,5010.585,0.0799
1770638400000,2026-02-09,12:00:00,5010.615,5014.795,5007.085,5011.665,0.1195
1770638700000,2026-02-09,12:05:00,5011.695,5016.625,5011.125,5014.845,0.1001
1770639000000,2026-02-09,12:10:00,5014.825,5017.135,5013.985,5016.225,0.0758
1770639300000,2026-02-09,12:15:00,5016.465,5017.555,5010.385,5013.635,0.0777
1770639600000,2026-02-09,12:20:00,5013.615,5016.515,5010.405,5014.295,0.0599
1770639900000,2026-02-09,12:25:00,5014.095,5014.645,5010.908,5013.815,0.0579
1770640200000,2026-02-09,12:30:00,5014.055,5019.455,5009.355,5014.455,0.0789
1770640500000,2026-02-09,12:35:00,5014.455,5021.655,5014.435,5015.425,0.0858
1770640800000,2026-02-09,12:40:00,5015.585,5019.175,5014.615,5015.015,0.0512
1770641100000,2026-02-09,12:45:00,5015.085,5018.705,5011.235,5012.205,0.0934
1770641400000,2026-02-09,12:50:00,5012.165,5018.375,5010.198,5017.445,0.0798
1770641700000,2026-02-09,12:55:00,5017.415,5017.505,5007.175,5013.105,0.1159
1770642000000,2026-02-09,13:00:00,5013.135,5019.915,5007.485,5018.845,0.2553
1770642300000,2026-02-09,13:05:00,5018.685,5024.235,5017.209,5022.555,0.1548
1770642600000,2026-02-09,13:10:00,5022.515,5024.605,5014.165,5021.875,0.1799
1770642900000,2026-02-09,13:15:00,5021.895,5024.135,5013.815,5017.305,0.1409
1770643200000,2026-02-09,13:20:00,5017.315,5019.495,5006.285,5016.165,0.2015
1770643500000,2026-02-09,13:25:00,5016.375,5018.645,5003.085,5004.055,0.2059
1770643800000,2026-02-09,13:30:00,5004.035,5014.705,5003.245,5007.845,0.1847
1770644100000,2026-02-09,13:35:00,5007.825,5009.325,5000.585,5001.785,0.1604
1770644400000,2026-02-09,13:40:00,5001.815,5004.435,4994.855,4998.455,0.1758
1770644700000,2026-02-09,13:45:00,4998.445,5004.735,4995.855,5003.925,0.1529
1770645000000,2026-02-09,13:50:00,5003.875,5010.465,5002.925,5007.795,0.1775
1770645300000,2026-02-09,13:55:00,5007.765,5010.135,5002.375,5006.795,0.1432
1770645600000,2026-02-09,14:00:00,5006.745,5012.795,5001.975,5009.585,0.1377
1770645900000,2026-02-09,14:05:00,5009.905,5017.375,5008.508,5010.605,0.115
1770646200000,2026-02-09,14:10:00,5010.575,5015.695,5009.435,5015.125,0.1357
1770646500000,2026-02-09,14:15:00,5015.395,5019.865,5013.815,5015.285,0.1207
1770646800000,2026-02-09,14:20:00,5015.245,5019.155,5009.435,5017.485,0.16
1770647100000,2026-02-09,14:25:00,5017.515,5023.695,5013.605,5020.745,0.15
1770647400000,2026-02-09,14:30:00,5020.685,5035.498,5013.565,5035.175,0.3224
1770647700000,2026-02-09,14:35:00,5034.965,5035.515,5025.578,5030.288,0.619
1770648000000,2026-02-09,14:40:00,5030.308,5036.855,5025.435,5036.255,0.6323
1770648300000,2026-02-09,14:45:00,5036.275,5039.658,5031.265,5032.535,0.3098
1770648600000,2026-02-09,14:50:00,5032.555,5040.125,5030.628,5040.005,0.2464
1770648900000,2026-02-09,14:55:00,5040.035,5040.695,5036.765,5037.875,0.2333
1770649200000,2026-02-09,15:00:00,5037.605,5041.945,5034.205,5037.705,0.2531
1770649500000,2026-02-09,15:05:00,5037.755,5040.215,5030.265,5035.475,0.2149
1770649800000,2026-02-09,15:10:00,5035.505,5037.315,5028.288,5029.855,0.2093
1770650100000,2026-02-09,15:15:00,5029.885,5031.195,5023.345,5026.998,0.2404
1770650400000,2026-02-09,15:20:00,5026.998,5035.375,5026.915,5032.398,0.2467
1770650700000,2026-02-09,15:25:00,5032.325,5034.065,5029.448,5033.095,0.1785
1770651000000,2026-02-09,15:30:00,5033.145,5055.705,5033.105,5053.305,0.2413
1770651300000,2026-02-09,15:35:00,5053.665,5054.175,5048.325,5051.535,0.2437
1770651600000,2026-02-09,15:40:00,5051.565,5056.025,5046.935,5055.645,0.1969
1770651900000,2026-02-09,15:45:00,5055.775,5060.045,5052.175,5059.815,0.1801
1770652200000,2026-02-09,15:50:00,5060.035,5060.035,5055.255,5057.875,0.1387
1770652500000,2026-02-09,15:55:00,5057.845,5059.575,5054.465,5058.675,0.1407
1770652800000,2026-02-09,16:00:00,5058.705,5068.405,5056.118,5066.845,0.2061
1770653100000,2026-02-09,16:05:00,5066.875,5067.435,5063.145,5065.215,0.142
1770653400000,2026-02-09,16:10:00,5065.245,5065.945,5062.005,5063.298,0.1594
1770653700000,2026-02-09,16:15:00,5063.298,5070.265,5063.205,5067.055,0.1632
1770654000000,2026-02-09,16:20:00,5067.015,5074.715,5066.455,5074.118,0.143
1770654300000,2026-02-09,16:25:00,5074.118,5079.615,5069.965,5072.245,0.2364
1770654600000,2026-02-09,16:30:00,5072.395,5077.298,5066.665,5066.665,0.166
1770654900000,2026-02-09,16:35:00,5066.845,5075.515,5066.595,5075.495,0.1394
1770655200000,2026-02-09,16:40:00,5075.445,5078.075,5072.285,5077.725,0.1596
1770655500000,2026-02-09,16:45:00,5077.725,5080.495,5074.795,5076.125,0.1561
1770655800000,2026-02-09,16:50:00,5076.105,5076.685,5072.755,5073.745,0.1328
1770656100000,2026-02-09,16:55:00,5073.735,5077.125,5070.935,5073.115,0.1592
1770656400000,2026-02-09,17:00:00,5073.105,5075.325,5064.585,5066.875,0.1821
1770656700000,2026-02-09,17:05:00,5066.935,5071.905,5060.635,5062.665,0.1517
1770657000000,2026-02-09,17:10:00,5062.735,5066.115,5062.535,5063.255,0.1112
1770657300000,2026-02-09,17:15:00,5063.225,5071.145,5063.215,5069.075,0.1014
1770657600000,2026-02-09,17:20:00,5069.055,5071.745,5068.335,5070.375,0.0886
1770657900000,2026-02-09,17:25:00,5070.505,5070.575,5066.685,5067.895,0.0802
1770658200000,2026-02-09,17:30:00,5068.635,5070.205,5066.745,5068.925,0.0919
1770658500000,2026-02-09,17:35:00,5068.985,5070.145,5065.955,5066.675,0.1202
1770658800000,2026-02-09,17:40:00,5066.785,5067.835,5060.925,5062.175,0.1442
1770659100000,2026-02-09,17:45:00,5062.155,5063.865,5057.125,5061.925,0.1554
1770659400000,2026-02-09,17:50:00,5061.995,5061.995,5046.355,5054.675,0.197
1770659700000,2026-02-09,17:55:00,5054.645,5055.275,5040.635,5046.125,0.1924
1770660000000,2026-02-09,18:00:00,5045.965,5054.425,5045.915,5053.015,0.1607
1770660300000,2026-02-09,18:05:00,5052.995,5057.385,5051.235,5055.955,0.1818
1770660600000,2026-02-09,18:10:00,5056.015,5058.965,5054.885,5058.095,0.1195
1770660900000,2026-02-09,18:15:00,5058.145,5059.495,5050.875,5051.805,0.1771
1770661200000,2026-02-09,18:20:00,5051.835,5056.185,5044.025,5049.875,0.2151
1770661500000,2026-02-09,18:25:00,5049.325,5056.735,5049.075,5053.955,0.1883
1770661800000,2026-02-09,18:30:00,5054.295,5055.455,5048.265,5054.845,0.1288
1770662100000,2026-02-09,18:35:00,5054.875,5058.435,5054.875,5057.585,0.1378
1770662400000,2026-02-09,18:40:00,5057.675,5059.375,5054.515,5056.085,0.1313
1770662700000,2026-02-09,18:45:00,5056.125,5057.855,5051.215,5055.335,0.1016
1770663000000,2026-02-09,18:50:00,5055.365,5057.835,5053.855,5055.575,0.0958
1770663300000,2026-02-09,18:55:00,5055.525,5063.745,5055.515,5062.525,0.1127
1770663600000,2026-02-09,19:00:00,5062.505,5065.755,5062.188,5065.755,0.101
1770663900000,2026-02-09,19:05:00,5065.725,5067.295,5063.955,5067.295,0.0966
1770664200000,2026-02-09,19:10:00,5067.615,5068.975,5064.898,5066.145,0.0982
1770664500000,2026-02-09,19:15:00,5066.005,5070.415,5063.995,5066.895,0.1025
1770664800000,2026-02-09,19:20:00,5066.875,5069.155,5065.555,5068.625,0.0803
1770665100000,2026-02-09,19:25:00,5068.698,5074.155,5068.675,5074.105,0.1152
1770665400000,2026-02-09,19:30:00,5074.155,5079.165,5073.828,5078.298,0.0999
1770665700000,2026-02-09,19:35:00,5078.245,5079.845,5075.125,5075.965,0.0915
1770666000000,2026-02-09,19:40:00,5075.935,5076.435,5072.498,5075.495,0.1105
1770666300000,2026-02-09,19:45:00,5075.545,5076.698,5073.098,5074.105,0.0975
1770666600000,2026-02-09,19:50:00,5074.135,5075.898,5072.715,5075.395,0.1019
1770666900000,2026-02-09,19:55:00,5075.425,5077.715,5074.055,5074.195,0.1142
1770667200000,2026-02-09,20:00:00,5074.275,5078.135,5073.315,5076.625,0.0964
1770667500000,2026-02-09,20:05:00,5076.585,5078.125,5073.185,5075.898,0.1941
1770667800000,2026-02-09,20:10:00,5075.898,5080.195,5075.288,5078.845,0.2522
1770668100000,2026-02-09,20:15:00,5078.875,5079.498,5075.315,5079.298,0.2598
1770668400000,2026-02-09,20:20:00,5079.298,5081.298,5076.908,5080.168,0.2674
1770668700000,2026-02-09,20:25:00,5080.168,5080.905,5079.498,5079.945,0.2096
1770669000000,2026-02-09,20:30:00,5079.945,5086.265,5076.135,5076.698,0.2965
1770669300000,2026-02-09,20:35:00,5076.698,5078.065,5072.015,5077.305,0.2334
1770669600000,2026-02-09,20:40:00,5077.365,5080.825,5076.845,5077.555,0.13
1770669900000,2026-02-09,20:45:00,5077.595,5078.005,5073.185,5075.845,0.1275
1770670200000,2026-02-09,20:50:00,5075.795,5082.095,5075.595,5081.205,0.1859
1770670500000,2026-02-09,20:55:00,5081.145,5082.665,5076.018,5079.385,0.2246
1770670800000,2026-02-09,21:00:00,5079.655,5082.955,5074.835,5075.365,0.0629
1770671100000,2026-02-09,21:05:00,5075.345,5076.415,5066.395,5069.005,0.0745
1770671400000,2026-02-09,21:10:00,5068.985,5070.765,5061.238,5063.055,0.0451
1770671700000,2026-02-09,21:15:00,5063.035,5066.105,5061.285,5064.755,0.0739
1770672000000,2026-02-09,21:20:00,5064.715,5066.005,5063.025,5065.035,0.0538
1770672300000,2026-02-09,21:25:00,5065.015,5065.145,5048.315,5054.935,0.0912
1770672600000,2026-02-09,21:30:00,5054.965,5060.525,5054.355,5057.515,0.0796
1770672900000,2026-02-09,21:35:00,5057.475,5059.775,5053.698,5059.775,0.0457
1770673200000,2026-02-09,21:40:00,5059.735,5064.275,5059.695,5061.245,0.0769
1770673500000,2026-02-09,21:45:00,5061.775,5066.115,5060.025,5065.115,0.0614
1770673800000,2026-02-09,21:50:00,5065.085,5065.415,5061.905,5062.195,0.0434
1770674100000,2026-02-09,21:55:00,5062.075,5062.645,5056.285,5058.315,0.0627
1770678000000,2026-02-09,23:00:00,5048.968,5074.398,5048.968,5055.348,0.1187
1770678300000,2026-02-09,23:05:00,5055.748,5064.048,5045.948,5046.048,0.1612
1770678600000,2026-02-09,23:10:00,5019.751,5035.996,4985.748,5011.948,0.4271
1770678900000,2026-02-09,23:15:00,5012.148,5024.088,5009.345,5010.368,0.2569
1770679200000,2026-02-09,23:20:00,5010.605,5027.705,5000.833,5013.645,0.2768
1770679500000,2026-02-09,23:25:00,5013.625,5024.863,5006.083,5022.728,0.2436
1770679800000,2026-02-09,23:30:00,5022.718,5024.495,5012.595,5021.828,0.2023
1770680100000,2026-02-09,23:35:00,5021.355,5026.015,5014.965,5021.088,0.1736
1770680400000,2026-02-09,23:40:00,5021.088,5039.775,5020.655,5039.315,0.1635
1770680700000,2026-02-09,23:45:00,5039.315,5041.115,5031.205,5034.498,0.1944
1770681000000,2026-02-09,23:50:00,5034.498,5038.565,5030.775,5034.425,0.125
1770681300000,2026-02-09,23:55:00,5034.378,5036.788,5029.425,5031.245,0.0862
1770681600000,2026-02-10,00:00:00,5031.095,5048.045,5031.095,5039.538,0.2264
1770681900000,2026-02-10,00:05:00,5039.578,5045.825,5037.805,5041.625,0.1452
1770682200000,2026-02-10,00:10:00,5041.635,5041.705,5032.205,5034.445,0.1343
1770682500000,2026-02-10,00:15:00,5034.365,5037.885,5032.865,5033.005,0.1117
1770682800000,2026-02-10,00:20:00,5033.025,5043.965,5032.865,5043.695,0.1326
1770683100000,2026-02-10,00:25:00,5044.015,5044.065,5031.165,5033.535,0.1384
1770683400000,2026-02-10,00:30:00,5033.605,5040.515,5033.525,5037.205,0.1199
1770683700000,2026-02-10,00:35:00,5037.205,5037.475,5016.125,5017.925,0.1789
1770684000000,2026-02-10,00:40:00,5017.895,5025.835,5015.145,5023.265,0.1351
1770684300000,2026-02-10,00:45:00,5023.265,5025.015,5008.155,5016.785,0.1602
1770684600000,2026-02-10,00:50:00,5016.845,5021.715,5013.275,5014.615,0.1456
1770684900000,2026-02-10,00:55:00,5014.595,5021.415,5013.835,5018.405,0.142
1770685200000,2026-02-10,01:00:00,5018.285,5027.635,5012.125,5022.865,0.2906
1770685500000,2026-02-10,01:05:00,5022.935,5030.875,5012.638,5030.625,0.3548
1770685800000,2026-02-10,01:10:00,5030.625,5033.965,5023.648,5030.525,0.3904
1770686100000,2026-02-10,01:15:00,5030.595,5037.205,5027.238,5030.675,0.2419
1770686400000,2026-02-10,01:20:00,5030.208,5032.625,5017.365,5022.665,0.3511
1770686700000,2026-02-10,01:25:00,5022.675,5023.595,5013.005,5016.595,0.412
1770687000000,2026-02-10,01:30:00,5016.555,5024.865,5014.105,5023.925,0.3469
1770687300000,2026-02-10,01:35:00,5024.005,5024.625,5017.475,5024.015,0.3118
1770687600000,2026-02-10,01:40:00,5023.835,5032.315,5022.778,5028.465,0.2331
1770687900000,2026-02-10,01:45:00,5028.475,5035.308,5026.145,5034.605,0.2402
1770688200000,2026-02-10,01:50:00,5034.635,5035.175,5027.408,5031.395,0.1646
1770688500000,2026-02-10,01:55:00,5031.415,5035.008,5023.685,5031.915,0.2345
1770688800000,2026-02-10,02:00:00,5031.915,5038.905,5031.028,5036.215,0.2657
1770689100000,2026-02-10,02:05:00,5036.535,5045.305,5035.268,5044.555,0.4022
1770689400000,2026-02-10,02:10:00,5044.545,5045.215,5039.815,5041.775,0.2281
1770689700000,2026-02-10,02:15:00,5041.745,5046.055,5039.845,5041.215,0.1485
1770690000000,2026-02-10,02:20:00,5041.165,5054.215,5040.915,5054.105,0.2293
1770690300000,2026-02-10,02:25:00,5053.905,5055.935,5046.155,5046.965,0.3064
1770690600000,2026-02-10,02:30:00,5046.975,5050.605,5044.095,5046.595,0.3725
1770690900000,2026-02-10,02:35:00,5046.505,5047.565,5041.615,5045.265,0.2637
1770691200000,2026-02-10,02:40:00,5045.195,5052.855,5045.195,5050.005,0.1467
1770691500000,2026-02-10,02:45:00,5050.035,5052.385,5042.135,5042.225,0.1585
1770691800000,2026-02-10,02:50:00,5042.195,5047.255,5034.445,5043.565,0.239
1770692100000,2026-02-10,02:55:00,5043.545,5048.895,5036.558,5037.875,0.2476
1770692400000,2026-02-10,03:00:00,5037.595,5037.595,5032.845,5033.795,0.253
1770692700000,2026-02-10,03:05:00,5033.825,5036.945,5027.935,5030.155,0.3169
1770693000000,2026-02-10,03:10:00,5030.125,5033.315,5024.538,5026.375,0.2479
1770693300000,2026-02-10,03:15:00,5026.365,5026.365,5016.035,5019.855,0.2822
1770693600000,2026-02-10,03:20:00,5019.865,5025.998,5018.708,5024.768,0.2103
1770693900000,2026-02-10,03:25:00,5024.758,5027.958,5020.785,5021.455,0.1871
1770694200000,2026-02-10,03:30:00,5021.395,5031.515,5019.815,5026.895,0.1655
1770694500000,2026-02-10,03:35:00,5026.965,5030.825,5025.765,5028.375,0.1619
1770694800000,2026-02-10,03:40:00,5028.625,5029.415,5022.118,5023.738,0.2077
1770695100000,2026-02-10,03:45:00,5023.975,5029.635,5023.045,5028.855,0.2158
1770695400000,2026-02-10,03:50:00,5028.855,5029.018,5023.745,5025.585,0.2402
1770695700000,2026-02-10,03:55:00,5025.585,5029.855,5015.705,5029.855,0.1681
1770696000000,2026-02-10,04:00:00,5029.655,5030.805,5020.815,5021.835,0.1591
1770696300000,2026-02-10,04:05:00,5021.825,5024.605,5017.195,5023.915,0.1909
1770696600000,2026-02-10,04:10:00,5023.909,5025.955,5019.165,5023.545,0.1982
1770696900000,2026-02-10,04:15:00,5023.555,5027.965,5022.385,5026.835,0.163
1770697200000,2026-02-10,04:20:00,5026.845,5026.845,5022.835,5025.499,0.1069
1770697500000,2026-02-10,04:25:00,5025.559,5029.465,5025.399,5027.125,0.1341
1770697800000,2026-02-10,04:30:00,5027.135,5027.405,5023.559,5025.809,0.1205
1770698100000,2026-02-10,04:35:00,5025.859,5025.929,5022.485,5023.779,0.0864
1770698400000,2026-02-10,04:40:00,5023.729,5029.465,5021.545,5026.395,0.15
1770698700000,2026-02-10,04:45:00,5026.425,5032.655,5024.255,5032.555,0.0996
1770699000000,2026-02-10,04:50:00,5032.245,5033.439,5028.205,5031.265,0.1418
1770699300000,2026-02-10,04:55:00,5031.295,5033.505,5030.035,5031.295,0.0753
1770699600000,2026-02-10,05:00:00,5031.119,5034.945,5029.399,5030.825,0.1584
1770699900000,2026-02-10,05:05:00,5030.845,5033.035,5027.155,5030.225,0.1262
1770700200000,2026-02-10,05:10:00,5030.235,5031.675,5028.625,5029.339,0.0953
1770700500000,2026-02-10,05:15:00,5029.329,5029.609,5021.385,5023.109,0.2214
1770700800000,2026-02-10,05:20:00,5023.069,5025.195,5019.055,5019.455,0.126
1770701100000,2026-02-10,05:25:00,5019.555,5020.445,5010.925,5019.075,0.1397
1770701400000,2026-02-10,05:30:00,5018.945,5024.895,5012.565,5020.439,0.2471
1770701700000,2026-02-10,05:35:00,5020.489,5030.135,5019.965,5029.025,0.2143
1770702000000,2026-02-10,05:40:00,5029.125,5032.275,5025.755,5032.255,0.1667
1770702300000,2026-02-10,05:45:00,5032.285,5036.845,5031.585,5034.375,0.1774
1770702600000,2026-02-10,05:50:00,5034.315,5040.235,5031.015,5037.809,0.1871
1770702900000,2026-02-10,05:55:00,5037.819,5039.965,5037.525,5039.085,0.1633
1770703200000,2026-02-10,06:00:00,5039.055,5040.295,5035.825,5038.775,0.1739
1770703500000,2026-02-10,06:05:00,5038.775,5045.195,5038.775,5039.575,0.2109
1770703800000,2026-02-10,06:10:00,5039.555,5040.045,5034.868,5036.695,0.1543
1770704100000,2026-02-10,06:15:00,5036.705,5037.465,5032.945,5033.685,0.1729
1770704400000,2026-02-10,06:20:00,5033.375,5036.745,5031.315,5034.185,0.1137
1770704700000,2026-02-10,06:25:00,5034.165,5036.885,5030.525,5031.365,0.1445
1770705000000,2026-02-10,06:30:00,5031.355,5037.475,5027.675,5037.335,0.1362
1770705300000,2026-02-10,06:35:00,5037.325,5038.765,5031.485,5033.725,0.1475
1770705600000,2026-02-10,06:40:00,5033.645,5033.965,5026.485,5028.345,0.1508
1770705900000,2026-02-10,06:45:00,5027.975,5035.845,5026.695,5029.585,0.1645
1770706200000,2026-02-10,06:50:00,5029.335,5029.335,5018.465,5021.605,0.1722
1770706500000,2026-02-10,06:55:00,5021.585,5027.785,5021.195,5023.425,0.1832
1770706800000,2026-02-10,07:00:00,5023.445,5028.575,5018.125,5028.563,0.1803
1770707100000,2026-02-10,07:05:00,5028.865,5030.165,5027.281,5028.325,0.0657
1770707400000,2026-02-10,07:10:00,5028.595,5034.075,5028.445,5028.505,0.0794
1770707700000,2026-02-10,07:15:00,5028.475,5031.585,5027.848,5029.699,0.1519
1770708000000,2026-02-10,07:20:00,5029.699,5030.565,5020.558,5022.225,0.1747
1770708300000,2026-02-10,07:25:00,5022.195,5026.645,5019.235,5025.085,0.0914
1770708600000,2026-02-10,07:30:00,5025.085,5031.755,5024.495,5028.785,0.1074
1770708900000,2026-02-10,07:35:00,5028.705,5034.645,5026.125,5027.775,0.0989
1770709200000,2026-02-10,07:40:00,5027.745,5032.295,5026.245,5028.655,0.097
1770709500000,2026-02-10,07:45:00,5028.655,5030.675,5026.565,5030.035,0.1239
1770709800000,2026-02-10,07:50:00,5030.035,5035.825,5030.035,5031.695,0.1296
1770710100000,2026-02-10,07:55:00,5030.745,5034.105,5029.665,5033.765,0.0847
1770710400000,2026-02-10,08:00:00,5033.519,5038.495,5028.605,5038.355,0.1446
1770710700000,2026-02-10,08:05:00,5038.325,5040.785,5033.605,5035.565,0.1518
1770711000000,2026-02-10,08:10:00,5035.605,5038.745,5031.438,5032.755,0.1439
1770711300000,2026-02-10,08:15:00,5032.795,5040.385,5031.955,5039.895,0.1145
1770711600000,2026-02-10,08:20:00,5039.915,5040.925,5035.655,5038.425,0.1047
1770711900000,2026-02-10,08:25:00,5038.395,5040.425,5034.625,5035.395,0.101
1770712200000,2026-02-10,08:30:00,5035.375,5039.775,5033.995,5038.035,0.0863
1770712500000,2026-02-10,08:35:00,5038.015,5044.975,5037.485,5043.865,0.0876
1770712800000,2026-02-10,08:40:00,5043.725,5048.715,5043.085,5048.505,0.0923
1770713100000,2026-02-10,08:45:00,5048.485,5054.985,5047.175,5050.945,0.1256
1770713400000,2026-02-10,08:50:00,5050.915,5051.135,5045.098,5047.335,0.0872
1770713700000,2026-02-10,08:55:00,5047.325,5047.325,5038.658,5041.555,0.1761
1770714000000,2026-02-10,09:00:00,5041.505,5051.355,5040.315,5049.255,0.1102
1770714300000,2026-02-10,09:05:00,5049.315,5063.055,5047.858,5057.335,0.103
1770714600000,2026-02-10,09:10:00,5057.299,5058.285,5050.918,5051.345,0.187
1770714900000,2026-02-10,09:15:00,5051.445,5053.145,5045.175,5047.865,0.1461
1770715200000,2026-02-10,09:20:00,5047.825,5055.435,5046.045,5053.325,0.0975
1770715500000,2026-02-10,09:25:00,5053.339,5055.279,5051.605,5051.808,0.1921
1770715800000,2026-02-10,09:30:00,5051.808,5052.855,5045.245,5046.485,0.1183
1770716100000,2026-02-10,09:35:00,5046.245,5049.155,5045.415,5047.085,0.0816
1770716400000,2026-02-10,09:40:00,5047.085,5049.295,5045.095,5048.465,0.0835
1770716700000,2026-02-10,09:45:00,5048.485,5049.635,5043.715,5045.995,0.0867
1770717000000,2026-02-10,09:50:00,5045.965,5049.025,5043.525,5044.605,0.102
1770717300000,2026-02-10,09:55:00,5044.635,5046.795,5041.865,5046.535,0.091
1770717600000,2026-02-10,10:00:00,5046.555,5052.455,5045.865,5049.285,0.1067
1770717900000,2026-02-10,10:05:00,5049.135,5050.675,5047.638,5048.505,0.0737
1770718200000,2026-02-10,10:10:00,5048.485,5049.255,5040.515,5040.985,0.0847
1770718500000,2026-02-10,10:15:00,5040.905,5041.775,5036.745,5041.155,0.1106
1770718800000,2026-02-10,10:20:00,5041.115,5048.905,5038.675,5048.845,0.0934
1770719100000,2026-02-10,10:25:00,5048.865,5050.435,5046.525,5047.225,0.0926
1770719400000,2026-02-10,10:30:00,5047.255,5054.835,5045.375,5051.675,0.1293
1770719700000,2026-02-10,10:35:00,5051.705,5056.135,5050.098,5054.645,0.0777
1770720000000,2026-02-10,10:40:00,5055.218,5057.925,5053.285,5053.855,0.0808
1770720300000,2026-02-10,10:45:00,5053.945,5055.735,5052.325,5053.905,0.0546
1770720600000,2026-02-10,10:50:00,5053.885,5056.445,5048.865,5049.185,0.0838
1770720900000,2026-02-10,10:55:00,5049.155,5049.515,5043.628,5046.585,0.0887
1770721200000,2026-02-10,11:00:00,5046.555,5047.815,5044.255,5046.295,0.0748
1770721500000,2026-02-10,11:05:00,5046.315,5052.815,5045.855,5052.815,0.0633
1770721800000,2026-02-10,11:10:00,5052.835,5052.835,5049.205,5050.125,0.0508
1770722100000,2026-02-10,11:15:00,5050.065,5051.385,5045.608,5046.915,0.0757
1770722400000,2026-02-10,11:20:00,5046.885,5048.225,5044.948,5046.255,0.0569
1770722700000,2026-02-10,11:25:00,5046.225,5048.495,5045.185,5047.585,0.0693
1770723000000,2026-02-10,11:30:00,5047.555,5050.875,5047.135,5050.805,0.0579
1770723300000,2026-02-10,11:35:00,5050.785,5053.905,5046.635,5049.708,0.0681
1770723600000,2026-02-10,11:40:00,5050.035,5052.425,5045.668,5047.055,0.0554
1770723900000,2026-02-10,11:45:00,5047.015,5051.615,5044.725,5051.595,0.0531
1770724200000,2026-02-10,11:50:00,5051.555,5056.495,5051.555,5055.025,0.0875
1770724500000,2026-02-10,11:55:00,5054.905,5057.205,5051.815,5055.675,0.0672
1770724800000,2026-02-10,12:00:00,5055.695,5056.925,5051.115,5051.785,0.094
1770725100000,2026-02-10,12:05:00,5051.755,5051.975,5040.725,5045.885,0.1206
1770725400000,2026-02-10,12:10:00,5045.915,5046.255,5040.935,5043.715,0.1027
1770725700000,2026-02-10,12:15:00,5043.318,5051.085,5042.885,5048.005,0.0994
1770726000000,2026-02-10,12:20:00,5048.035,5049.445,5042.115,5045.735,0.1018
1770726300000,2026-02-10,12:25:00,5045.705,5047.155,5042.965,5046.235,0.0785
1770726600000,2026-02-10,12:30:00,5046.965,5047.475,5041.205,5044.175,0.0763
1770726900000,2026-02-10,12:35:00,5044.215,5046.425,5043.885,5044.755,0.0763
1770727200000,2026-02-10,12:40:00,5044.755,5044.755,5023.525,5029.365,0.1376
1770727500000,2026-02-10,12:45:00,5029.345,5029.345,5020.395,5025.755,0.2096
1770727800000,2026-02-10,12:50:00,5025.715,5032.115,5019.415,5028.425,0.192
1770728100000,2026-02-10,12:55:00,5028.445,5034.185,5027.535,5031.975,0.1421
1770728400000,2026-02-10,13:00:00,5031.995,5034.855,5026.565,5029.765,0.206
1770728700000,2026-02-10,13:05:00,5029.825,5037.635,5029.745,5034.168,0.226
1770729000000,2026-02-10,13:10:00,5034.078,5042.185,5032.635,5041.945,0.1676
1770729300000,2026-02-10,13:15:00,5041.945,5046.025,5039.695,5045.145,0.1399
1770729600000,2026-02-10,13:20:00,5045.345,5046.095,5037.775,5038.625,0.1384
1770729900000,2026-02-10,13:25:00,5038.645,5038.795,5033.145,5037.235,0.1272
1770730200000,2026-02-10,13:30:00,5037.285,5058.725,5036.905,5052.605,0.2317
1770730500000,2026-02-10,13:35:00,5052.705,5056.625,5046.285,5048.825,0.2147
1770730800000,2026-02-10,13:40:00,5048.765,5053.095,5048.248,5052.675,0.1339
1770731100000,2026-02-10,13:45:00,5052.705,5056.885,5049.115,5055.248,0.1982
1770731400000,2026-02-10,13:50:00,5055.248,5055.938,5051.985,5052.475,0.1524
1770731700000,2026-02-10,13:55:00,5052.505,5055.165,5049.358,5050.765,0.1318
1770732000000,2026-02-10,14:00:00,5050.795,5054.135,5046.535,5048.525,0.1798
1770732300000,2026-02-10,14:05:00,5048.495,5057.335,5047.375,5055.625,0.1336
1770732600000,2026-02-10,14:10:00,5055.645,5058.085,5052.498,5055.668,0.097
1770732900000,2026-02-10,14:15:00,5055.658,5074.305,5055.658,5071.505,0.2508
1770733200000,2026-02-10,14:20:00,5071.525,5072.635,5067.335,5067.335,0.1769
1770733500000,2026-02-10,14:25:00,5067.265,5072.815,5066.665,5070.025,0.1796
1770733800000,2026-02-10,14:30:00,5070.045,5078.485,5067.695,5074.635,0.2883
1770734100000,2026-02-10,14:35:00,5075.145,5075.865,5058.425,5062.065,0.4053
1770734400000,2026-02-10,14:40:00,5062.095,5063.815,5053.145,5055.505,0.4797
1770734700000,2026-02-10,14:45:00,5055.525,5055.935,5020.225,5030.175,0.4439
1770735000000,2026-02-10,14:50:00,5030.215,5040.355,5029.225,5040.355,0.3274
1770735300000,2026-02-10,14:55:00,5040.375,5045.485,5037.645,5039.295,0.2585
1770735600000,2026-02-10,15:00:00,5038.988,5038.988,5028.388,5034.588,0.2814
1770735900000,2026-02-10,15:05:00,5034.595,5042.575,5033.198,5041.755,0.2619
1770736200000,2026-02-10,15:10:00,5041.645,5043.505,5036.535,5042.125,0.2145
1770736500000,2026-02-10,15:15:00,5042.075,5042.625,5035.528,5041.105,0.2158
1770736800000,2026-02-10,15:20:00,5041.035,5047.865,5039.788,5045.545,0.1954
1770737100000,2026-02-10,15:25:00,5045.365,5046.815,5032.005,5032.045,0.2201
1770737400000,2026-02-10,15:30:00,5031.845,5037.105,5026.705,5032.245,0.2639
1770737700000,2026-02-10,15:35:00,5032.295,5032.295,4998.685,5007.615,0.3747
1770738000000,2026-02-10,15:40:00,5007.645,5019.775,5007.525,5013.795,0.3162
1770738300000,2026-02-10,15:45:00,5013.815,5027.775,5012.125,5025.615,0.3221
1770738600000,2026-02-10,15:50:00,5025.635,5027.405,5017.905,5026.785,0.2373
1770738900000,2026-02-10,15:55:00,5026.745,5029.405,5015.748,5019.028,0.3406
1770739200000,2026-02-10,16:00:00,5019.035,5020.875,5012.285,5013.655,0.2461
1770739500000,2026-02-10,16:05:00,5013.615,5016.328,5006.315,5013.465,0.2548
1770739800000,2026-02-10,16:10:00,5013.435,5022.625,5013.435,5020.515,0.1984
1770740100000,2026-02-10,16:15:00,5020.485,5024.125,5015.995,5017.805,0.1911
1770740400000,2026-02-10,16:20:00,5017.835,5017.915,5008.355,5012.195,0.2315
1770740700000,2026-02-10,16:25:00,5012.245,5017.445,5005.495,5009.965,0.203
1770741000000,2026-02-10,16:30:00,5009.945,5020.585,5008.325,5018.275,0.1884
1770741300000,2026-02-10,16:35:00,5018.295,5023.435,5017.565,5019.025,0.1549
1770741600000,2026-02-10,16:40:00,5019.005,5021.815,5014.105,5021.675,0.173
1770741900000,2026-02-10,16:45:00,5022.015,5026.215,5017.225,5017.495,0.1841
1770742200000,2026-02-10,16:50:00,5017.465,5023.225,5015.665,5020.005,0.1889
1770742500000,2026-02-10,16:55:00,5019.955,5024.475,5019.035,5023.645,0.1393
1770742800000,2026-02-10,17:00:00,5023.575,5027.265,5022.758,5025.215,0.1564
1770743100000,2026-02-10,17:05:00,5025.275,5026.805,5020.385,5022.455,0.1248
1770743400000,2026-02-10,17:10:00,5022.485,5026.415,5020.568,5024.265,0.1064
1770743700000,2026-02-10,17:15:00,5024.235,5033.71,5024.165,5032.685,0.1449
1770744000000,2026-02-10,17:20:00,5032.625,5033.935,5029.545,5033.835,0.1227
1770744300000,2026-02-10,17:25:00,5033.865,5038.898,5032.575,5036.335,0.1214
1770744600000,2026-02-10,17:30:00,5036.355,5037.135,5033.638,5036.805,0.1126
1770744900000,2026-02-10,17:35:00,5036.765,5036.815,5032.095,5033.705,0.0913
1770745200000,2026-02-10,17:40:00,5033.675,5039.045,5031.755,5037.335,0.0816
1770745500000,2026-02-10,17:45:00,5037.375,5039.875,5028.905,5029.585,0.1239
1770745800000,2026-02-10,17:50:00,5029.565,5030.505,5025.825,5026.515,0.1174
1770746100000,2026-02-10,17:55:00,5026.545,5028.865,5024.755,5025.915,0.0967
1770746400000,2026-02-10,18:00:00,5025.639,5027.535,5021.138,5021.915,0.1324
1770746700000,2026-02-10,18:05:00,5021.935,5022.245,5014.915,5020.605,0.1426
1770747000000,2026-02-10,18:10:00,5020.525,5020.775,5013.378,5016.245,0.1254
1770747300000,2026-02-10,18:15:00,5016.205,5018.285,5010.805,5011.368,0.1493
1770747600000,2026-02-10,18:20:00,5011.295,5013.425,5004.625,5005.515,0.2004
1770747900000,2026-02-10,18:25:00,5005.565,5010.855,5004.558,5008.055,0.2151
1770748200000,2026-02-10,18:30:00,5008.285,5014.505,5004.775,5009.705,0.1893
1770748500000,2026-02-10,18:35:00,5009.745,5014.815,5009.675,5013.585,0.1613
1770748800000,2026-02-10,18:40:00,5013.585,5016.185,5010.658,5015.235,0.1312
1770749100000,2026-02-10,18:45:00,5015.205,5016.915,5010.505,5011.635,0.166
1770749400000,2026-02-10,18:50:00,5011.685,5013.585,5007.085,5007.295,0.1886
1770749700000,2026-02-10,18:55:00,5007.345,5014.438,5006.635,5012.755,0.1339
1770750000000,2026-02-10,19:00:00,5012.725,5013.688,5008.585,5009.835,0.105
1770750300000,2026-02-10,19:05:00,5009.815,5013.215,5009.815,5011.175,0.1093
1770750600000,2026-02-10,19:10:00,5010.965,5012.805,5009.685,5012.235,0.106
1770750900000,2026-02-10,19:15:00,5012.298,5019.238,5012.098,5018.465,0.1201
1770751200000,2026-02-10,19:20:00,5018.435,5019.805,5017.965,5018.635,0.1608
1770751500000,2026-02-10,19:25:00,5018.665,5021.535,5018.088,5020.805,0.1484
1770751800000,2026-02-10,19:30:00,5020.845,5029.835,5020.825,5026.255,0.1275
1770752100000,2026-02-10,19:35:00,5026.195,5029.175,5023.895,5026.325,0.1167
1770752400000,2026-02-10,19:40:00,5026.285,5027.185,5023.305,5024.158,0.1039
1770752700000,2026-02-10,19:45:00,5024.168,5027.765,5024.168,5026.555,0.0739
1770753000000,2026-02-10,19:50:00,5026.575,5029.995,5025.858,5027.795,0.0977
1770753300000,2026-02-10,19:55:00,5027.815,5029.335,5026.395,5027.685,0.0887
1770753600000,2026-02-10,20:00:00,5027.705,5029.775,5021.938,5022.505,0.1151
1770753900000,2026-02-10,20:05:00,5022.525,5024.665,5020.125,5024.535,0.0896
1770754200000,2026-02-10,20:10:00,5024.575,5026.155,5022.625,5025.755,0.1414
1770754500000,2026-02-10,20:15:00,5025.805,5033.675,5023.645,5032.985,0.1348
1770754800000,2026-02-10,20:20:00,5032.945,5033.775,5027.715,5027.715,0.1033
1770755100000,2026-02-10,20:25:00,5027.685,5028.715,5023.075,5027.975,0.1999
1770755400000,2026-02-10,20:30:00,5027.935,5031.115,5027.075,5030.495,0.0995
1770755700000,2026-02-10,20:35:00,5030.465,5031.115,5027.935,5028.855,0.1139
1770756000000,2026-02-10,20:40:00,5029.338,5036.255,5029.338,5035.995,0.1411
1770756300000,2026-02-10,20:45:00,5035.955,5045.155,5034.015,5035.505,0.2153
1770756600000,2026-02-10,20:50:00,5035.448,5038.455,5031.965,5033.635,0.1751
1770756900000,2026-02-10,20:55:00,5033.675,5036.655,5027.548,5029.898,0.266
1770757200000,2026-02-10,21:00:00,5029.898,5032.505,5026.338,5028.205,0.0523
1770757500000,2026-02-10,21:05:00,5028.175,5028.455,5026.345,5026.345,0.0497
1770757800000,2026-02-10,21:10:00,5026.355,5029.475,5025.305,5028.975,0.0451
1770758100000,2026-02-10,21:15:00,5028.935,5029.435,5027.575,5027.735,0.0679
1770758400000,2026-02-10,21:20:00,5027.715,5027.965,5024.365,5025.325,0.0464
1770758700000,2026-02-10,21:25:00,5025.295,5025.815,5022.915,5025.815,0.0974
1770759000000,2026-02-10,21:30:00,5025.785,5027.998,5025.155,5025.605,0.1264
1770759300000,2026-02-10,21:35:00,5025.625,5026.405,5023.965,5024.448,0.0581
1770759600000,2026-02-10,21:40:00,5024.455,5026.095,5022.765,5023.905,0.0501
1770759900000,2026-02-10,21:45:00,5023.905,5024.998,5020.045,5023.045,0.0766
1770760200000,2026-02-10,21:50:00,5023.015,5027.075,5022.948,5025.515,0.0428
1770760500000,2026-02-10,21:55:00,5025.515,5025.948,5021.575,5024.378,0.042
1770764400000,2026-02-10,23:00:00,5022.498,5036.348,5022.498,5032.948,0.0648
1770764700000,2026-02-10,23:05:00,5033.048,5036.498,5028.398,5033.298,0.0753
1770765000000,2026-02-10,23:10:00,5033.398,5034.915,5032.515,5033.835,0.0359
1770765300000,2026-02-10,23:15:00,5033.875,5044.015,5033.695,5043.815,0.0777
1770765600000,2026-02-10,23:20:00,5044.705,5054.435,5042.54,5047.625,0.1481
1770765900000,2026-02-10,23:25:00,5047.665,5048.235,5043.358,5046.235,0.0877
1770766200000,2026-02-10,23:30:00,5046.215,5047.795,5040.325,5040.588,0.0618
1770766500000,2026-02-10,23:35:00,5040.488,5044.765,5038.098,5043.055,0.0776
1770766800000,2026-02-10,23:40:00,5043.025,5043.065,5041.295,5042.015,0.0376
1770767100000,2026-02-10,23:45:00,5041.955,5047.075,5040.715,5040.775,0.0462
1770767400000,2026-02-10,23:50:00,5040.755,5042.365,5038.898,5040.425,0.0248
1770767700000,2026-02-10,23:55:00,5040.405,5042.165,5038.525,5041.575,0.029
1770768000000,2026-02-11,00:00:00,5041.535,5043.385,5037.865,5038.775,0.0719
1770768300000,2026-02-11,00:05:00,5038.788,5044.385,5035.175,5039.255,0.0712
1770768600000,2026-02-11,00:10:00,5039.225,5041.445,5030.608,5033.945,0.0981
1770768900000,2026-02-11,00:15:00,5033.935,5040.635,5027.755,5038.795,0.1079
1770769200000,2026-02-11,00:20:00,5038.775,5039.605,5032.468,5039.265,0.1078
1770769500000,2026-02-11,00:25:00,5039.155,5040.085,5036.625,5039.395,0.0868
1770769800000,2026-02-11,00:30:00,5039.615,5046.635,5039.318,5046.305,0.0804
1770770100000,2026-02-11,00:35:00,5046.325,5049.225,5044.465,5044.945,0.0652
1770770400000,2026-02-11,00:40:00,5045.055,5047.165,5038.798,5040.908,0.1078
1770770700000,2026-02-11,00:45:00,5040.948,5041.938,5034.055,5035.298,0.198
1770771000000,2026-02-11,00:50:00,5035.285,5038.785,5034.125,5038.515,0.0794
1770771300000,2026-02-11,00:55:00,5038.545,5038.845,5034.725,5037.535,0.0805
1770771600000,2026-02-11,01:00:00,5037.565,5047.435,5030.125,5044.285,0.2405
1770771900000,2026-02-11,01:05:00,5044.105,5044.545,5036.345,5041.605,0.2076
1770772200000,2026-02-11,01:10:00,5041.645,5046.525,5037.355,5041.025,0.1555
1770772500000,2026-02-11,01:15:00,5040.995,5045.165,5036.635,5037.765,0.1943
1770772800000,2026-02-11,01:20:00,5037.815,5039.325,5035.205,5037.285,0.0896
1770773100000,2026-02-11,01:25:00,5037.295,5038.635,5034.755,5037.405,0.102
1770773400000,2026-02-11,01:30:00,5037.375,5040.885,5032.368,5040.015,0.1116
1770773700000,2026-02-11,01:35:00,5040.025,5042.408,5038.825,5041.495,0.0967
1770774000000,2026-02-11,01:40:00,5041.375,5045.545,5040.985,5043.838,0.1045
1770774300000,2026-02-11,01:45:00,5043.838,5048.745,5041.475,5048.505,0.1078
1770774600000,2026-02-11,01:50:00,5048.465,5049.505,5040.775,5049.305,0.1099
1770774900000,2026-02-11,01:55:00,5049.285,5052.928,5047.135,5052.245,0.1113
1770775200000,2026-02-11,02:00:00,5052.215,5056.525,5042.915,5043.525,0.1647
1770775500000,2026-02-11,02:05:00,5043.495,5045.125,5035.905,5040.575,0.1449
1770775800000,2026-02-11,02:10:00,5040.615,5042.475,5034.325,5036.665,0.1118
1770776100000,2026-02-11,02:15:00,5036.665,5046.345,5032.255,5043.835,0.131
1770776400000,2026-02-11,02:20:00,5044.175,5046.035,5041.535,5041.815,0.0735
1770776700000,2026-02-11,02:25:00,5041.845,5044.285,5040.615,5041.855,0.0479
1770777000000,2026-02-11,02:30:00,5041.198,5046.425,5040.815,5045.555,0.0931
1770777300000,2026-02-11,02:35:00,5045.585,5048.475,5045.095,5047.975,0.079
1770777600000,2026-02-11,02:40:00,5047.955,5053.895,5047.795,5053.765,0.0997
1770777900000,2026-02-11,02:45:00,5053.765,5055.975,5050.515,5052.955,0.1177
1770778200000,2026-02-11,02:50:00,5052.935,5056.975,5052.655,5055.675,0.117
1770778500000,2026-02-11,02:55:00,5055.705,5057.535,5052.215,5055.465,0.1081
1770778800000,2026-02-11,03:00:00,5055.435,5055.965,5051.395,5052.735,0.0985
1770779100000,2026-02-11,03:05:00,5052.755,5053.175,5048.885,5052.995,0.0912
1770779400000,2026-02-11,03:10:00,5052.975,5053.035,5048.845,5048.855,0.0655
1770779700000,2026-02-11,03:15:00,5048.905,5049.665,5044.508,5049.315,0.1371
1770780000000,2026-02-11,03:20:00,5049.338,5058.115,5049.255,5055.995,0.1409
1770780300000,2026-02-11,03:25:00,5056.015,5058.725,5053.595,5056.715,0.0843
1770780600000,2026-02-11,03:30:00,5056.695,5060.335,5054,5054,0.075
1770780900000,2026-02-11,03:35:00,5054,5056.045,5053.405,5054.875,0.1035
1770781200000,2026-02-11,03:40:00,5054.855,5058.505,5054.855,5058.125,0.0695
1770781500000,2026-02-11,03:45:00,5058.298,5060.425,5057.095,5057.765,0.058
1770781800000,2026-02-11,03:50:00,5057.745,5057.745,5053.978,5054.988,0.0657
1770782100000,2026-02-11,03:55:00,5054.988,5055.155,5052.785,5054.055,0.0761
1770782400000,2026-02-11,04:00:00,5054.025,5058.175,5053.675,5055.795,0.0395
1770782700000,2026-02-11,04:05:00,5055.755,5056.385,5053.395,5054.545,0.0387
1770783000000,2026-02-11,04:10:00,5054.515,5057.535,5052.845,5057.265,0.0326
1770783300000,2026-02-11,04:15:00,5057.285,5058.995,5056.615,5058.805,0.0379
1770783600000,2026-02-11,04:20:00,5058.765,5059.415,5056.835,5057.065,0.0324
1770783900000,2026-02-11,04:25:00,5057.085,5058.295,5056.265,5058.185,0.0274
1770784200000,2026-02-11,04:30:00,5058.165,5059.145,5056.295,5056.385,0.0325
1770784500000,2026-02-11,04:35:00,5056.405,5058.865,5055.115,5055.335,0.0301
1770784800000,2026-02-11,04:40:00,5055.315,5055.535,5051.455,5051.875,0.0509
1770785100000,2026-02-11,04:45:00,5051.855,5055.795,5050.035,5050.205,0.0505
1770785400000,2026-02-11,04:50:00,5050.225,5050.935,5045.538,5048.388,0.0877
1770785700000,2026-02-11,04:55:00,5048.388,5049.155,5045.665,5045.985,0.0375
1770786000000,2026-02-11,05:00:00,5046.005,5047.625,5043.945,5046.335,0.0749
1770786300000,2026-02-11,05:05:00,5046.545,5047.765,5043.285,5046.775,0.0561
1770786600000,2026-02-11,05:10:00,5046.745,5049.885,5046.425,5047.935,0.0511
1770786900000,2026-02-11,05:15:00,5048.065,5051.155,5045.555,5051.085,0.0488
1770787200000,2026-02-11,05:20:00,5051.045,5051.755,5048.745,5048.955,0.0344
1770787500000,2026-02-11,05:25:00,5049.035,5053.365,5049.005,5052.885,0.046
1770787800000,2026-02-11,05:30:00,5052.915,5057.615,5052.345,5057.275,0.1147
1770788100000,2026-02-11,05:35:00,5057.315,5062.835,5057.055,5061.985,0.1052
1770788400000,2026-02-11,05:40:00,5062.025,5063.675,5060.965,5062.065,0.0741
1770788700000,2026-02-11,05:45:00,5062.085,5062.655,5053.425,5053.605,0.084
1770789000000,2026-02-11,05:50:00,5053.775,5053.795,5046.835,5046.995,0.1298
1770789300000,2026-02-11,05:55:00,5047.235,5053.015,5045.975,5052.485,0.1191
1770789600000,2026-02-11,06:00:00,5052.515,5054.285,5050.185,5050.315,0.0775
1770789900000,2026-02-11,06:05:00,5050.048,5057.195,5049.145,5055.375,0.0876
1770790200000,2026-02-11,06:10:00,5055.355,5056.175,5052.245,5054.245,0.0727
1770790500000,2026-02-11,06:15:00,5054.275,5061.295,5053.175,5060.835,0.1294
1770790800000,2026-02-11,06:20:00,5060.835,5061.325,5055.245,5056.465,0.0953
1770791100000,2026-02-11,06:25:00,5056.495,5057.755,5054.555,5056.245,0.0727
1770791400000,2026-02-11,06:30:00,5056.285,5058.725,5053.815,5056.765,0.088
1770791700000,2026-02-11,06:35:00,5056.795,5058.995,5053.318,5053.318,0.0776
1770792000000,2026-02-11,06:40:00,5053.265,5060.165,5053.165,5053.625,0.0811
1770792300000,2026-02-11,06:45:00,5053.655,5060.205,5051.775,5058.285,0.1126
1770792600000,2026-02-11,06:50:00,5058.265,5062.595,5057.635,5060.085,0.1215
1770792900000,2026-02-11,06:55:00,5060.115,5064.295,5058.495,5063.865,0.1391
1770793200000,2026-02-11,07:00:00,5063.905,5065.345,5059.325,5063.115,0.1034
1770793500000,2026-02-11,07:05:00,5063.115,5065.815,5060.025,5063.575,0.0942
1770793800000,2026-02-11,07:10:00,5063.595,5069.125,5057.115,5059.055,0.1792
1770794100000,2026-02-11,07:15:00,5059.065,5065.855,5058.175,5059.025,0.1238
1770794400000,2026-02-11,07:20:00,5058.925,5063.555,5054.235,5056.035,0.1102
1770794700000,2026-02-11,07:25:00,5055.805,5060.225,5052.358,5059.645,0.1438
1770795000000,2026-02-11,07:30:00,5059.695,5061.695,5055.748,5057.605,0.1302
1770795300000,2026-02-11,07:35:00,5057.635,5060.945,5054.135,5056.485,0.094
1770795600000,2026-02-11,07:40:00,5056.535,5057.195,5052.635,5054.285,0.114
1770795900000,2026-02-11,07:45:00,5054.285,5054.695,5048.475,5052.125,0.0781
1770796200000,2026-02-11,07:50:00,5052.135,5055.675,5052.005,5054.515,0.0709
1770796500000,2026-02-11,07:55:00,5054.455,5056.045,5053.255,5055.255,0.0507
1770796800000,2026-02-11,08:00:00,5054.735,5060.215,5054.495,5058.645,0.1213
1770797100000,2026-02-11,08:05:00,5058.695,5058.815,5052.115,5053.388,0.1044
1770797400000,2026-02-11,08:10:00,5053.405,5055.975,5051.408,5051.418,0.0949
1770797700000,2026-02-11,08:15:00,5051.418,5052.718,5050.125,5051.968,0.1112
1770798000000,2026-02-11,08:20:00,5051.958,5055.235,5051.055,5053.975,0.0778
1770798300000,2026-02-11,08:25:00,5053.935,5055.405,5050.455,5051.295,0.0691
1770798600000,2026-02-11,08:30:00,5051.275,5051.458,5045.365,5047.425,0.0937
1770798900000,2026-02-11,08:35:00,5047.498,5051.705,5045.898,5050.835,0.1132
1770799200000,2026-02-11,08:40:00,5050.855,5053.275,5050.348,5052.098,0.0567
1770799500000,2026-02-11,08:45:00,5052.049,5054.325,5051.195,5053.795,0.0537
1770799800000,2026-02-11,08:50:00,5053.825,5054.668,5050.355,5053.015,0.0614
1770800100000,2026-02-11,08:55:00,5052.975,5054.105,5051.105,5053.315,0.0544
1770800400000,2026-02-11,09:00:00,5053.295,5055.565,5052.145,5052.665,0.1093
1770800700000,2026-02-11,09:05:00,5052.645,5052.865,5046.755,5051.085,0.0912
1770801000000,2026-02-11,09:10:00,5051.065,5053.915,5049.995,5051.255,0.0564
1770801300000,2026-02-11,09:15:00,5051.225,5054.805,5049.785,5054.165,0.0583
1770801600000,2026-02-11,09:20:00,5054.195,5054.195,5051.235,5052.118,0.064
1770801900000,2026-02-11,09:25:00,5052.218,5054.735,5052.175,5054.125,0.0545
1770802200000,2026-02-11,09:30:00,5054.155,5059.878,5053.315,5057.485,0.1261
1770802500000,2026-02-11,09:35:00,5057.505,5061.185,5057.165,5058.635,0.1254
1770802800000,2026-02-11,09:40:00,5058.595,5065.715,5055.915,5064.305,0.1274
1770803100000,2026-02-11,09:45:00,5064.355,5071.955,5063.155,5063.438,0.1894
1770803400000,2026-02-11,09:50:00,5063.488,5063.638,5060.285,5061.005,0.0878
1770803700000,2026-02-11,09:55:00,5060.985,5063.148,5059.618,5062.485,0.0679
1770804000000,2026-02-11,10:00:00,5062.545,5065.885,5062.095,5064.218,0.139
1770804300000,2026-02-11,10:05:00,5064.245,5066.448,5064.155,5065.675,0.194
1770804600000,2026-02-11,10:10:00,5065.738,5069.615,5064.898,5068.635,0.0807
1770804900000,2026-02-11,10:15:00,5068.675,5073.615,5068.205,5071.815,0.1169
1770805200000,2026-02-11,10:20:00,5071.835,5076.138,5071.655,5075.269,0.1373
1770805500000,2026-02-11,10:25:00,5075.085,5075.518,5068.035,5070.738,0.1445
1770805800000,2026-02-11,10:30:00,5070.655,5072.715,5068.045,5069.065,0.0943
1770806100000,2026-02-11,10:35:00,5069.085,5074.485,5067.925,5072.885,0.0997
1770806400000,2026-02-11,10:40:00,5072.905,5099.991,5072.758,5099.498,0.2726
1770806700000,2026-02-11,10:45:00,5099.265,5100.915,5090.848,5099.265,0.2868
1770807000000,2026-02-11,10:50:00,5099.185,5099.675,5091.745,5093.995,0.2148
1770807300000,2026-02-11,10:55:00,5094.065,5096.765,5091.195,5092.985,0.1513
1770807600000,2026-02-11,11:00:00,5093.015,5095.755,5082.358,5085.695,0.1426
1770807900000,2026-02-11,11:05:00,5085.735,5095.325,5083.225,5093.875,0.0839
1770808200000,2026-02-11,11:10:00,5093.905,5094.058,5088.405,5089.468,0.0762
1770808500000,2026-02-11,11:15:00,5089.468,5097.075,5089.468,5095.975,0.0728
1770808800000,2026-02-11,11:20:00,5096.065,5102.185,5095.165,5097.155,0.089
1770809100000,2026-02-11,11:25:00,5097.145,5107.605,5096.035,5107.075,0.1067
1770809400000,2026-02-11,11:30:00,5107.105,5107.615,5100.398,5103.055,0.2068
1770809700000,2026-02-11,11:35:00,5103.055,5107.948,5101.848,5102.148,0.1446
1770810000000,2026-02-11,11:40:00,5102.148,5109.938,5101.318,5108.285,0.2178
1770810300000,2026-02-11,11:45:00,5108.315,5115.295,5108.018,5113.438,0.2057
1770810600000,2026-02-11,11:50:00,5113.438,5116.185,5111.338,5112.745,0.1372
1770810900000,2026-02-11,11:55:00,5112.725,5113.745,5108.888,5111.405,0.1031
1770811200000,2026-02-11,12:00:00,5112.065,5118.815,5104.125,5104.835,0.1859
1770811500000,2026-02-11,12:05:00,5104.785,5106.345,5098.365,5098.985,0.2145
1770811800000,2026-02-11,12:10:00,5098.955,5106.425,5098.935,5105.785,0.2483
1770812100000,2026-02-11,12:15:00,5105.755,5106.975,5091.508,5092.805,0.1693
1770812400000,2026-02-11,12:20:00,5092.825,5097.275,5086.028,5096.215,0.1668
1770812700000,2026-02-11,12:25:00,5096.195,5098.555,5091.918,5094.835,0.1289
1770813000000,2026-02-11,12:30:00,5094.785,5098.395,5082.708,5084.345,0.1475
1770813300000,2026-02-11,12:35:00,5084.305,5086.815,5079.685,5083.758,0.1888
1770813600000,2026-02-11,12:40:00,5083.658,5083.658,5049.495,5068.385,0.2871
1770813900000,2026-02-11,12:45:00,5068.085,5075.055,5065.365,5070.325,0.211
1770814200000,2026-02-11,12:50:00,5070.305,5079.455,5069.745,5078.245,0.1428
1770814500000,2026-02-11,12:55:00,5078.215,5083.438,5073.745,5083.055,0.1418
1770814800000,2026-02-11,13:00:00,5083.025,5087.445,5078.375,5081.505,0.2452
1770815100000,2026-02-11,13:05:00,5081.475,5085.245,5080.325,5082.765,0.1649
1770815400000,2026-02-11,13:10:00,5082.805,5082.955,5072.928,5082.085,0.1613
1770815700000,2026-02-11,13:15:00,5081.945,5081.945,5063.545,5072.305,0.1982
1770816000000,2026-02-11,13:20:00,5072.915,5084.695,5072.905,5083.815,0.1757
1770816300000,2026-02-11,13:25:00,5083.815,5089.745,5079.965,5080.508,0.1858
1770816600000,2026-02-11,13:30:00,5080.508,5085.768,5017.995,5049.375,0.4496
1770816900000,2026-02-11,13:35:00,5048.929,5067.165,5040.365,5063.648,0.4134
1770817200000,2026-02-11,13:40:00,5063.648,5065.625,5052.468,5059.775,0.4333
1770817500000,2026-02-11,13:45:00,5059.545,5069.645,5054.265,5068.705,0.3677
1770817800000,2026-02-11,13:50:00,5068.655,5069.235,5058.465,5066.515,0.305
1770818100000,2026-02-11,13:55:00,5066.515,5072.885,5064.918,5065.455,0.3073
1770818400000,2026-02-11,14:00:00,5065.495,5074.798,5061.565,5074.195,0.2504
1770818700000,2026-02-11,14:05:00,5074.098,5077.135,5072.895,5075.575,0.2282
1770819000000,2026-02-11,14:10:00,5075.605,5076.265,5071.025,5073.685,0.1857
1770819300000,2026-02-11,14:15:00,5073.675,5083.008,5071.645,5079.165,0.213
1770819600000,2026-02-11,14:20:00,5079.195,5081.185,5066.995,5070.185,0.2215
1770819900000,2026-02-11,14:25:00,5070.315,5072.738,5067.125,5070.645,0.2006
1770820200000,2026-02-11,14:30:00,5070.685,5075.565,5060.235,5069.315,0.3891
1770820500000,2026-02-11,14:35:00,5069.325,5070.575,5043.405,5045.385,0.3975
1770820800000,2026-02-11,14:40:00,5045.555,5048.755,5035.535,5042.385,0.3709
1770821100000,2026-02-11,14:45:00,5042.495,5051.235,5040.205,5047.425,0.3171
1770821400000,2026-02-11,14:50:00,5047.355,5059.065,5044.855,5058.945,0.2681
1770821700000,2026-02-11,14:55:00,5058.985,5065.175,5056.035,5059.008,0.294
1770822000000,2026-02-11,15:00:00,5059.008,5066.285,5053.365,5064.505,0.276
1770822300000,2026-02-11,15:05:00,5064.635,5081.485,5064.315,5079.385,0.2786
1770822600000,2026-02-11,15:10:00,5079.305,5081.445,5065.405,5066.735,0.3183
1770822900000,2026-02-11,15:15:00,5066.765,5074.215,5060.965,5065.205,0.3226
1770823200000,2026-02-11,15:20:00,5065.255,5070.625,5046.568,5049.458,0.3505
1770823500000,2026-02-11,15:25:00,5049.355,5055.585,5043.195,5048.675,0.3581
1770823800000,2026-02-11,15:30:00,5048.485,5053.785,5043.975,5053.315,0.3132
1770824100000,2026-02-11,15:35:00,5053.335,5057.195,5038.885,5046.015,0.331
1770824400000,2026-02-11,15:40:00,5046.015,5051.865,5043.695,5048.155,0.2648
1770824700000,2026-02-11,15:45:00,5048.165,5055.905,5044.225,5047.625,0.3065
1770825000000,2026-02-11,15:50:00,5047.665,5060.555,5045.185,5059.855,0.3071
1770825300000,2026-02-11,15:55:00,5059.855,5062.825,5058.635,5059.885,0.2491
1770825600000,2026-02-11,16:00:00,5059.515,5063.488,5053.985,5056.635,0.2593
1770825900000,2026-02-11,16:05:00,5056.705,5058.985,5051.675,5053.395,0.2865
1770826200000,2026-02-11,16:10:00,5053.415,5064.215,5052.768,5055.895,0.2624
1770826500000,2026-02-11,16:15:00,5055.955,5058.288,5042.745,5055.505,0.2584
1770826800000,2026-02-11,16:20:00,5055.615,5060.105,5050.645,5057.595,0.2093
1770827100000,2026-02-11,16:25:00,5057.595,5061.895,5056.015,5060.525,0.2123
1770827400000,2026-02-11,16:30:00,5060.875,5075.398,5055.825,5074.565,0.2805
1770827700000,2026-02-11,16:35:00,5074.455,5076.298,5069.965,5074.475,0.2111
1770828000000,2026-02-11,16:40:00,5074.505,5078.005,5073.365,5073.698,0.155
1770828300000,2026-02-11,16:45:00,5074.045,5076.498,5071.185,5072.555,0.1742
1770828600000,2026-02-11,16:50:00,5072.548,5075.815,5071.055,5073.158,0.1811
1770828900000,2026-02-11,16:55:00,5073.175,5075.208,5071.338,5074.775,0.1981
1770829200000,2026-02-11,17:00:00,5074.748,5077.048,5067.815,5072.835,0.2817
1770829500000,2026-02-11,17:05:00,5072.815,5082.965,5072.805,5079.995,0.2449
1770829800000,2026-02-11,17:10:00,5079.995,5085.098,5079.995,5084.548,0.249
1770830100000,2026-02-11,17:15:00,5084.548,5090.965,5078.235,5083.355,0.2553
1770830400000,2026-02-11,17:20:00,5083.355,5088.575,5080.145,5088.325,0.2391
1770830700000,2026-02-11,17:25:00,5088.345,5089.265,5085.375,5087.305,0.2244
1770831000000,2026-02-11,17:30:00,5087.305,5088.035,5081.895,5082.615,0.1847
1770831300000,2026-02-11,17:35:00,5082.645,5086.345,5081.265,5083.605,0.1727
1770831600000,2026-02-11,17:40:00,5083.665,5098.765,5082.565,5095.935,0.2255
1770831900000,2026-02-11,17:45:00,5095.985,5097.315,5087.595,5088.885,0.1932
1770832200000,2026-02-11,17:50:00,5088.915,5093.265,5088.815,5092.305,0.1812
1770832500000,2026-02-11,17:55:00,5092.435,5093.585,5090.065,5091.245,0.1826
1770832800000,2026-02-11,18:00:00,5091.195,5092.508,5085.648,5089.285,0.2367
1770833100000,2026-02-11,18:05:00,5089.235,5089.235,5080.485,5081.025,0.3756
1770833400000,2026-02-11,18:10:00,5080.975,5081.015,5066.615,5072.775,0.5508
1770833700000,2026-02-11,18:15:00,5072.795,5079.205,5069.755,5077.415,0.2736
1770834000000,2026-02-11,18:20:00,5077.275,5077.645,5069.085,5069.085,0.2063
1770834300000,2026-02-11,18:25:00,5069.025,5075.985,5068.455,5073.395,0.3032
1770834600000,2026-02-11,18:30:00,5073.415,5077.925,5070.945,5075.045,0.1575
1770834900000,2026-02-11,18:35:00,5074.595,5084.235,5074.105,5080.955,0.1259
1770835200000,2026-02-11,18:40:00,5080.975,5085.145,5080.205,5083.255,0.1576
1770835500000,2026-02-11,18:45:00,5083.285,5084.835,5080.548,5084.175,0.1434
1770835800000,2026-02-11,18:50:00,5084.195,5087.115,5079.945,5082.635,0.2256
1770836100000,2026-02-11,18:55:00,5082.705,5084.755,5079.925,5082.275,0.1937
1770836400000,2026-02-11,19:00:00,5082.265,5089.035,5081.538,5087.005,0.1637
1770836700000,2026-02-11,19:05:00,5086.985,5087.436,5083.245,5086.605,0.1104
1770837000000,2026-02-11,19:10:00,5087.988,5092.445,5086.945,5088.955,0.1402
1770837300000,2026-02-11,19:15:00,5088.935,5090.685,5087.298,5088.875,0.114
1770837600000,2026-02-11,19:20:00,5088.905,5094.015,5088.905,5092.225,0.11
1770837900000,2026-02-11,19:25:00,5092.155,5093.725,5089.885,5091.435,0.0984
1770838200000,2026-02-11,19:30:00,5091.405,5091.785,5086.415,5087.215,0.1332
1770838500000,2026-02-11,19:35:00,5087.165,5087.705,5080.965,5082.085,0.1311
1770838800000,2026-02-11,19:40:00,5082.065,5086.665,5081.675,5085.445,0.1099
1770839100000,2026-02-11,19:45:00,5085.425,5088.175,5080.595,5085.515,0.1536
1770839400000,2026-02-11,19:50:00,5085.495,5086.415,5081.535,5083.395,0.1548
1770839700000,2026-02-11,19:55:00,5083.355,5083.895,5076.955,5081.705,0.1595
1770840000000,2026-02-11,20:00:00,5081.695,5083.555,5080.055,5080.805,0.1771
1770840300000,2026-02-11,20:05:00,5080.745,5086.735,5079.475,5086.145,0.1419
1770840600000,2026-02-11,20:10:00,5086.098,5088.015,5084.835,5087.935,0.1245
1770840900000,2026-02-11,20:15:00,5087.985,5088.785,5085.385,5086.799,0.1336
1770841200000,2026-02-11,20:20:00,5086.819,5087.705,5083.475,5084.425,0.1721
1770841500000,2026-02-11,20:25:00,5084.395,5086.825,5083.835,5084.825,0.1687
1770841800000,2026-02-11,20:30:00,5084.805,5085.905,5077.898,5080.005,0.6829
1770842100000,2026-02-11,20:35:00,5079.985,5084.855,5079.835,5084.805,0.0973
1770842400000,2026-02-11,20:40:00,5084.745,5087.098,5083.085,5086.335,0.3813
1770842700000,2026-02-11,20:45:00,5086.375,5088.455,5084.315,5087.365,0.5474
1770843000000,2026-02-11,20:50:00,5087.385,5089.055,5085.095,5088.848,0.3291
1770843300000,2026-02-11,20:55:00,5088.829,5089.948,5085.865,5086.625,0.2276
1770843600000,2026-02-11,21:00:00,5086.615,5088.425,5084.235,5086.045,0.0468
1770843900000,2026-02-11,21:05:00,5086.095,5088.055,5085.745,5085.975,0.0361
1770844200000,2026-02-11,21:10:00,5085.945,5088.905,5085.505,5088.085,0.0432
1770844500000,2026-02-11,21:15:00,5088.045,5091.745,5087.715,5091.165,0.0494
1770844800000,2026-02-11,21:20:00,5091.175,5092.605,5090.515,5091.285,0.0542
1770845100000,2026-02-11,21:25:00,5091.255,5091.465,5078.118,5081.995,0.0643
1770845400000,2026-02-11,21:30:00,5082.015,5084.215,5069.665,5076.635,0.109
1770845700000,2026-02-11,21:35:00,5076.915,5081.075,5075.715,5079.255,0.0845
1770846000000,2026-02-11,21:40:00,5079.275,5080.405,5077.605,5080.405,0.0498
1770846300000,2026-02-11,21:45:00,5079.909,5080.635,5076.595,5078.675,0.0754
1770846600000,2026-02-11,21:50:00,5078.635,5083.935,5077.845,5082.005,0.0561
1770846900000,2026-02-11,21:55:00,5081.659,5084.675,5080.385,5083.525,0.0657
1770850800000,2026-02-11,23:00:00,5084.198,5099.798,5077.548,5094.698,0.0969
1770851100000,2026-02-11,23:05:00,5094.698,5095.498,5071.599,5081.748,0.1245
1770851400000,2026-02-11,23:10:00,5081.848,5082.248,5051.925,5062.995,0.1606
1770851700000,2026-02-11,23:15:00,5062.995,5068.165,5058.415,5066.505,0.1838
1770852000000,2026-02-11,23:20:00,5066.635,5070.695,5062.608,5068.815,0.1296
1770852300000,2026-02-11,23:25:00,5068.845,5069.815,5065.885,5068.495,0.0784
1770852600000,2026-02-11,23:30:00,5068.465,5069.085,5059.525,5062.595,0.1097
1770852900000,2026-02-11,23:35:00,5062.575,5065.085,5060.615,5064.495,0.1069
1770853200000,2026-02-11,23:40:00,5064.415,5066.705,5062.625,5062.685,0.0768
1770853500000,2026-02-11,23:45:00,5062.675,5068.275,5062.645,5068.255,0.0766
1770853800000,2026-02-11,23:50:00,5068.185,5070.615,5063.935,5065.975,0.0899
1770854100000,2026-02-11,23:55:00,5065.975,5067.335,5059.465,5060.785,0.0922
1770854400000,2026-02-12,00:00:00,5060.625,5067.385,5055.405,5060.765,0.191
1770854700000,2026-02-12,00:05:00,5060.445,5062.595,5053.765,5057.105,0.1643
1770855000000,2026-02-12,00:10:00,5057.105,5059.975,5049.505,5056.485,0.135
1770855300000,2026-02-12,00:15:00,5056.365,5066.045,5053.955,5055.625,0.1859
1770855600000,2026-02-12,00:20:00,5055.885,5061.205,5053.195,5058.505,0.1645
1770855900000,2026-02-12,00:25:00,5058.515,5061.485,5056.825,5060.335,0.0982
1770856200000,2026-02-12,00:30:00,5060.335,5065.545,5059.185,5063.705,0.1262
1770856500000,2026-02-12,00:35:00,5063.685,5064.775,5056.959,5059.725,0.0832
1770856800000,2026-02-12,00:40:00,5059.565,5059.565,5055.565,5058.885,0.0635
1770857100000,2026-02-12,00:45:00,5058.865,5062.455,5058.795,5062.435,0.063
1770857400000,2026-02-12,00:50:00,5062.425,5064.995,5058.098,5062.475,0.1272
1770857700000,2026-02-12,00:55:00,5062.465,5065.385,5058.955,5062.645,0.1115
1770858000000,2026-02-12,01:00:00,5062.295,5062.555,5047.285,5050.995,0.3421
1770858300000,2026-02-12,01:05:00,5050.985,5056.565,5048.365,5053.815,0.2151
1770858600000,2026-02-12,01:10:00,5053.755,5055.245,5044.368,5048.955,0.2361
1770858900000,2026-02-12,01:15:00,5048.955,5059.385,5046.055,5057.895,0.2253
1770859200000,2026-02-12,01:20:00,5057.925,5060.475,5051.885,5053.295,0.174
1770859500000,2026-02-12,01:25:00,5053.305,5060.755,5053.229,5058.505,0.1136
1770859800000,2026-02-12,01:30:00,5058.505,5061.105,5055.145,5056.395,0.1477
1770860100000,2026-02-12,01:35:00,5056.405,5063.195,5055.615,5061.975,0.1677
1770860400000,2026-02-12,01:40:00,5061.815,5063.935,5059.175,5060.595,0.1572
1770860700000,2026-02-12,01:45:00,5060.605,5062.505,5053.975,5056.835,0.1923
1770861000000,2026-02-12,01:50:00,5056.855,5060.125,5052.585,5058.235,0.1839
1770861300000,2026-02-12,01:55:00,5058.325,5063.095,5057.885,5063.095,0.1585
1770861600000,2026-02-12,02:00:00,5063.115,5072.185,5063.115,5068.435,0.1525
1770861900000,2026-02-12,02:05:00,5068.475,5070.069,5066.385,5067.105,0.125
1770862200000,2026-02-12,02:10:00,5067.085,5069.505,5064.425,5067.875,0.0877
1770862500000,2026-02-12,02:15:00,5068.105,5069.745,5065.328,5065.338,0.0625
1770862800000,2026-02-12,02:20:00,5065.338,5072.665,5065.338,5066.075,0.1414
1770863100000,2026-02-12,02:25:00,5066.018,5066.595,5061.745,5066.405,0.1127
1770863400000,2026-02-12,02:30:00,5066.395,5069.535,5063.398,5064.385,0.2087
1770863700000,2026-02-12,02:35:00,5064.405,5064.478,5057.368,5060.075,0.147
1770864000000,2026-02-12,02:40:00,5060.115,5061.245,5056.085,5057.705,0.1232
1770864300000,2026-02-12,02:45:00,5057.685,5062.875,5054.745,5060.015,0.0862
1770864600000,2026-02-12,02:50:00,5059.995,5066.385,5056.689,5065.365,0.1373
1770864900000,2026-02-12,02:55:00,5065.295,5066.535,5063.245,5065.705,0.0852
1770865200000,2026-02-12,03:00:00,5065.675,5069.935,5062.485,5068.395,0.1171
1770865500000,2026-02-12,03:05:00,5068.395,5073.565,5067.168,5071.395,0.1234
1770865800000,2026-02-12,03:10:00,5071.435,5074.425,5067.805,5068.255,0.1038
1770866100000,2026-02-12,03:15:00,5068.275,5069.595,5065.775,5067.105,0.0495
1770866400000,2026-02-12,03:20:00,5067.085,5070.825,5063.365,5064.235,0.0712
1770866700000,2026-02-12,03:25:00,5064.215,5065.495,5054.419,5059.735,0.1462
1770867000000,2026-02-12,03:30:00,5059.705,5065.525,5058.495,5065.355,0.0887
1770867300000,2026-02-12,03:35:00,5065.355,5066.535,5064.105,5064.995,0.0772
1770867600000,2026-02-12,03:40:00,5064.995,5066.595,5064.075,5065.145,0.0514
1770867900000,2026-02-12,03:45:00,5065.145,5065.145,5058.425,5058.459,0.1152
1770868200000,2026-02-12,03:50:00,5058.489,5060.065,5056.235,5057.485,0.0964
1770868500000,2026-02-12,03:55:00,5057.455,5058.465,5054.615,5056.655,0.0917
1770868800000,2026-02-12,04:00:00,5056.605,5057.885,5052.008,5057.595,0.0683
1770869100000,2026-02-12,04:05:00,5057.555,5058.755,5055.395,5055.885,0.0341
1770869400000,2026-02-12,04:10:00,5055.845,5057.385,5054.635,5054.675,0.0372
1770869700000,2026-02-12,04:15:00,5054.615,5054.625,5050.568,5052.735,0.061
1770870000000,2026-02-12,04:20:00,5052.765,5055.255,5050.925,5055.085,0.0466
1770870300000,2026-02-12,04:25:00,5055.055,5057.335,5054.555,5056.095,0.0393
1770870600000,2026-02-12,04:30:00,5056.115,5056.115,5053.965,5055.025,0.0374
1770870900000,2026-02-12,04:35:00,5055.045,5059.955,5054.968,5058.985,0.0317
1770871200000,2026-02-12,04:40:00,5058.945,5058.945,5056.925,5057.685,0.0309
1770871500000,2026-02-12,04:45:00,5057.685,5058.905,5054.955,5055.585,0.0338
1770871800000,2026-02-12,04:50:00,5055.585,5063.505,5055.305,5062.755,0.0461
1770872100000,2026-02-12,04:55:00,5062.825,5069.845,5061.645,5069.165,0.0625
1770872400000,2026-02-12,05:00:00,5069.215,5071.015,5065.385,5069.755,0.0588
1770872700000,2026-02-12,05:05:00,5069.715,5077.405,5067.835,5077.345,0.0982
1770873000000,2026-02-12,05:10:00,5077.325,5077.995,5073.998,5074.485,0.0701
1770873300000,2026-02-12,05:15:00,5074.465,5076.425,5074.355,5075.505,0.048
1770873600000,2026-02-12,05:20:00,5075.435,5077.665,5072.115,5075.065,0.0599
1770873900000,2026-02-12,05:25:00,5075.035,5075.035,5070.148,5071.565,0.0599
1770874200000,2026-02-12,05:30:00,5071.525,5072.175,5064.455,5064.905,0.149
1770874500000,2026-02-12,05:35:00,5064.975,5067.675,5064.285,5065.295,0.0702
1770874800000,2026-02-12,05:40:00,5065.315,5071.995,5065.315,5071.795,0.066
1770875100000,2026-02-12,05:45:00,5071.825,5073.175,5069.565,5069.725,0.0615
1770875400000,2026-02-12,05:50:00,5070.175,5074.085,5067.085,5073.405,0.078
1770875700000,2026-02-12,05:55:00,5073.335,5075.805,5071.035,5075.315,0.0921
1770876000000,2026-02-12,06:00:00,5075.575,5076.095,5064.855,5068.735,0.1053
1770876300000,2026-02-12,06:05:00,5068.715,5068.915,5061.935,5065.735,0.0927
1770876600000,2026-02-12,06:10:00,5065.775,5068.765,5063.775,5068.725,0.0692
1770876900000,2026-02-12,06:15:00,5068.755,5070.045,5065.025,5065.505,0.0887
1770877200000,2026-02-12,06:20:00,5065.575,5068.305,5059.755,5061.795,0.0932
1770877500000,2026-02-12,06:25:00,5061.825,5063.345,5054.998,5055.095,0.089
1770877800000,2026-02-12,06:30:00,5055.075,5057.175,5049.135,5049.945,0.1764
1770878100000,2026-02-12,06:35:00,5049.915,5053.205,5046.678,5052.285,0.1676
1770878400000,2026-02-12,06:40:00,5051.845,5057.755,5051.398,5057.465,0.1376
1770878700000,2026-02-12,06:45:00,5057.495,5057.915,5053.535,5055.205,0.1484
1770879000000,2026-02-12,06:50:00,5055.268,5061.515,5055.178,5060.175,0.1462
1770879300000,2026-02-12,06:55:00,5060.175,5061.345,5058.875,5059.445,0.1216
1770879600000,2026-02-12,07:00:00,5059.435,5059.735,5051.535,5059.335,0.1271
1770879900000,2026-02-12,07:05:00,5059.355,5064.245,5057.595,5063.205,0.1095
1770880200000,2026-02-12,07:10:00,5063.475,5065.938,5060.915,5062.739,0.0935
1770880500000,2026-02-12,07:15:00,5062.739,5064.135,5059.939,5061.529,0.199
1770880800000,2026-02-12,07:20:00,5061.529,5063.369,5056.628,5058.659,0.1691
1770881100000,2026-02-12,07:25:00,5058.769,5062.435,5056.628,5061.939,0.2032
1770881400000,2026-02-12,07:30:00,5061.979,5063.665,5060.545,5062.235,0.1004
1770881700000,2026-02-12,07:35:00,5062.088,5062.245,5060.228,5060.595,0.0692
1770882000000,2026-02-12,07:40:00,5060.499,5060.805,5057.665,5058.015,0.0606
1770882300000,2026-02-12,07:45:00,5057.795,5060.985,5056.335,5060.965,0.0686
1770882600000,2026-02-12,07:50:00,5060.925,5060.995,5057.328,5059.378,0.0646
1770882900000,2026-02-12,07:55:00,5059.405,5065.355,5058.258,5063.385,0.0939
1770883200000,2026-02-12,08:00:00,5063.415,5068.588,5062.659,5068.385,0.0998
1770883500000,2026-02-12,08:05:00,5068.155,5073.115,5067.755,5072.055,0.1012
1770883800000,2026-02-12,08:10:00,5072.075,5073.128,5066.995,5067.725,0.1077
1770884100000,2026-02-12,08:15:00,5067.745,5069.285,5064.998,5065.025,0.0957
1770884400000,2026-02-12,08:20:00,5065.188,5068.025,5063.565,5066.095,0.1108
1770884700000,2026-02-12,08:25:00,5066.135,5066.295,5060.358,5060.358,0.0901
1770885000000,2026-02-12,08:30:00,5060.365,5060.365,5051.895,5060.095,0.1453
1770885300000,2026-02-12,08:35:00,5060.065,5061.745,5058.845,5059.755,0.0524
1770885600000,2026-02-12,08:40:00,5059.735,5063.175,5059.495,5062.765,0.0545
1770885900000,2026-02-12,08:45:00,5062.795,5065.155,5061.735,5061.735,0.0561
1770886200000,2026-02-12,08:50:00,5061.695,5068.215,5060.025,5066.575,0.1028
1770886500000,2026-02-12,08:55:00,5066.595,5072.095,5065.515,5068.345,0.0851
1770886800000,2026-02-12,09:00:00,5068.325,5073.265,5066.075,5073.005,0.0882
1770887100000,2026-02-12,09:05:00,5072.945,5075.965,5072.015,5074.975,0.113
1770887400000,2026-02-12,09:10:00,5075.005,5075.055,5070.898,5073.725,0.0868
1770887700000,2026-02-12,09:15:00,5073.705,5077.595,5072.225,5073.025,0.0722
1770888000000,2026-02-12,09:20:00,5073.005,5074.325,5071.695,5073.775,0.0635
1770888300000,2026-02-12,09:25:00,5073.805,5075.095,5070.895,5071.045,0.0467
1770888600000,2026-02-12,09:30:00,5071.065,5072.885,5068.365,5069.605,0.0683
1770888900000,2026-02-12,09:35:00,5069.575,5073.275,5068.715,5070.645,0.0531
1770889200000,2026-02-12,09:40:00,5070.695,5073.795,5070.635,5072.605,0.0455
1770889500000,2026-02-12,09:45:00,5072.625,5074.415,5070.915,5073.735,0.0463
1770889800000,2026-02-12,09:50:00,5073.765,5080.535,5073.765,5078.835,0.0794
1770890100000,2026-02-12,09:55:00,5078.988,5079.545,5072.665,5072.705,0.0898
1770890400000,2026-02-12,10:00:00,5072.735,5076.775,5070.805,5071.555,0.0858
1770890700000,2026-02-12,10:05:00,5071.655,5074.725,5068.965,5069.135,0.088
1770891000000,2026-02-12,10:10:00,5069.125,5069.405,5063.585,5065.765,0.0931
1770891300000,2026-02-12,10:15:00,5065.725,5065.748,5062.855,5062.905,0.1393
1770891600000,2026-02-12,10:20:00,5062.958,5065.678,5062.775,5064.265,0.1003
1770891900000,2026-02-12,10:25:00,5064.285,5065.635,5061.018,5061.018,0.1323
1770892200000,2026-02-12,10:30:00,5061.018,5065.328,5060.765,5062.175,0.1299
1770892500000,2026-02-12,10:35:00,5062.145,5065.725,5061.025,5062.135,0.0786
1770892800000,2026-02-12,10:40:00,5062.315,5063.655,5060.865,5061.895,0.0754
1770893100000,2026-02-12,10:45:00,5061.875,5062.025,5056.108,5058.925,0.0816
1770893400000,2026-02-12,10:50:00,5058.905,5060.285,5055.835,5059.775,0.1087
1770893700000,2026-02-12,10:55:00,5059.695,5062.465,5058.585,5061.805,0.0649
1770894000000,2026-02-12,11:00:00,5061.925,5063.258,5059.175,5061.315,0.0715
1770894300000,2026-02-12,11:05:00,5061.335,5065.188,5061.225,5063.025,0.0485
1770894600000,2026-02-12,11:10:00,5063.055,5064.215,5060.245,5060.785,0.0602
1770894900000,2026-02-12,11:15:00,5060.785,5064.435,5060.785,5062.375,0.0717
1770895200000,2026-02-12,11:20:00,5062.355,5063.355,5061.245,5062.815,0.0859
1770895500000,2026-02-12,11:25:00,5062.815,5065.425,5062.125,5062.385,0.0736
1770895800000,2026-02-12,11:30:00,5062.385,5063.825,5061.098,5062.805,0.0481
1770896100000,2026-02-12,11:35:00,5062.775,5065.105,5062.545,5063.215,0.0855
1770896400000,2026-02-12,11:40:00,5063.215,5064.085,5061.885,5063.505,0.0654
1770896700000,2026-02-12,11:45:00,5063.535,5065.125,5063.285,5064.625,0.0705
1770897000000,2026-02-12,11:50:00,5064.625,5068.055,5064.225,5067.645,0.0747
1770897300000,2026-02-12,11:55:00,5067.685,5067.685,5061.245,5063.505,0.1005
1770897600000,2026-02-12,12:00:00,5063.558,5066.505,5063.558,5064.875,0.1162
1770897900000,2026-02-12,12:05:00,5064.845,5065.405,5056.295,5061.035,0.1477
1770898200000,2026-02-12,12:10:00,5061.085,5062.055,5058.755,5061.995,0.0533
1770898500000,2026-02-12,12:15:00,5061.765,5063.915,5060.225,5063.375,0.0398
1770898800000,2026-02-12,12:20:00,5063.355,5063.695,5059.925,5059.925,0.0765
1770899100000,2026-02-12,12:25:00,5059.885,5062.395,5059.745,5062.095,0.037
1770899400000,2026-02-12,12:30:00,5062.115,5065.955,5061.495,5065.805,0.0703
1770899700000,2026-02-12,12:35:00,5065.835,5068.455,5063.485,5063.485,0.0554
1770900000000,2026-02-12,12:40:00,5063.455,5063.455,5054.678,5057.325,0.093
1770900300000,2026-02-12,12:45:00,5057.285,5058.225,5052.878,5054.875,0.096
1770900600000,2026-02-12,12:50:00,5054.855,5054.855,5049.635,5051.215,0.0929
1770900900000,2026-02-12,12:55:00,5051.185,5054.398,5048.485,5052.515,0.1574
1770901200000,2026-02-12,13:00:00,5052.475,5057.295,5051.165,5054.685,0.1763
1770901500000,2026-02-12,13:05:00,5054.575,5061.105,5053.895,5060.785,0.1506
1770901800000,2026-02-12,13:10:00,5060.825,5065.595,5060.825,5065.395,0.1312
1770902100000,2026-02-12,13:15:00,5065.375,5071.605,5063.835,5069.735,0.1215
1770902400000,2026-02-12,13:20:00,5069.675,5074.115,5068.455,5071.055,0.1228
1770902700000,2026-02-12,13:25:00,5071.005,5071.075,5061.715,5062.205,0.12
1770903000000,2026-02-12,13:30:00,5062.125,5074.155,5060.125,5072.235,0.1556
1770903300000,2026-02-12,13:35:00,5072.278,5076.248,5068.448,5074.365,0.1559
1770903600000,2026-02-12,13:40:00,5074.685,5077.005,5073.265,5075.245,0.1276
1770903900000,2026-02-12,13:45:00,5075.275,5080.828,5074.535,5077.615,0.1033
1770904200000,2026-02-12,13:50:00,5077.645,5080.585,5077.625,5079.985,0.1058
1770904500000,2026-02-12,13:55:00,5079.955,5083.475,5074.435,5075.098,0.1308
1770904800000,2026-02-12,14:00:00,5075.098,5077.185,5067.448,5069.228,0.2159
1770905100000,2026-02-12,14:05:00,5069.195,5075.245,5066.915,5074.845,0.1472
1770905400000,2026-02-12,14:10:00,5074.865,5077.485,5060.965,5064.925,0.1494
1770905700000,2026-02-12,14:15:00,5064.895,5068.065,5054.525,5057.825,0.2282
1770906000000,2026-02-12,14:20:00,5057.765,5063.605,5055.638,5063.295,0.1338
1770906300000,2026-02-12,14:25:00,5063.525,5064.715,5059.265,5059.665,0.0945
1770906600000,2026-02-12,14:30:00,5059.695,5071.355,5058.375,5067.905,0.2545
1770906900000,2026-02-12,14:35:00,5067.855,5069.275,5056.765,5058.895,0.2535
1770907200000,2026-02-12,14:40:00,5059.205,5062.645,5053.495,5055.955,0.2697
1770907500000,2026-02-12,14:45:00,5055.925,5061.105,5051.425,5054.485,0.2453
1770907800000,2026-02-12,14:50:00,5054.895,5057.835,5050.825,5053.775,0.2275
1770908100000,2026-02-12,14:55:00,5053.815,5055.255,5039.265,5044.055,0.3071
1770908400000,2026-02-12,15:00:00,5044.045,5054.295,5039.575,5053.455,0.3041
1770908700000,2026-02-12,15:05:00,5053.415,5058.405,5049.058,5057.395,0.2457
1770909000000,2026-02-12,15:10:00,5057.425,5065.363,5057.425,5064.755,0.1965
1770909300000,2026-02-12,15:15:00,5064.725,5069.645,5064.375,5065.705,0.1406
1770909600000,2026-02-12,15:20:00,5065.735,5066.395,5062.378,5062.765,0.1285
1770909900000,2026-02-12,15:25:00,5062.735,5066.515,5062.445,5065.805,0.1244
1770910200000,2026-02-12,15:30:00,5065.285,5072.145,5065.115,5069.135,0.1886
1770910500000,2026-02-12,15:35:00,5069.115,5072.135,5066.215,5068.535,0.1496
1770910800000,2026-02-12,15:40:00,5068.515,5071.665,5067.058,5070.435,0.1438
1770911100000,2026-02-12,15:45:00,5070.465,5074.655,5070.435,5072.985,0.1331
1770911400000,2026-02-12,15:50:00,5072.545,5073.825,5068.648,5069.445,0.1874
1770911700000,2026-02-12,15:55:00,5069.415,5072.515,5059.805,5060.248,0.2559
1770912000000,2026-02-12,16:00:00,5060.295,5067.895,5058.435,5065.115,0.2281
1770912300000,2026-02-12,16:05:00,5065.015,5065.115,5049.638,5049.835,0.2824
1770912600000,2026-02-12,16:10:00,5049.795,5049.835,4947.638,4950.978,0.4661
1770912900000,2026-02-12,16:15:00,4950.998,4965.425,4913.215,4934.335,0.5478
1770913200000,2026-02-12,16:20:00,4934.285,4935.055,4906.348,4922.165,0.5636
1770913500000,2026-02-12,16:25:00,4922.165,4922.775,4877.255,4896.428,0.6665
1770913800000,2026-02-12,16:30:00,4896.528,4942.975,4893.598,4937.485,0.5445
1770914100000,2026-02-12,16:35:00,4937.505,4957.445,4932.645,4957.055,0.581
1770914400000,2026-02-12,16:40:00,4957.105,4968.905,4948.458,4952.798,0.6124
1770914700000,2026-02-12,16:45:00,4952.635,4956.595,4932.795,4935.495,0.5049
1770915000000,2026-02-12,16:50:00,4935.455,4961.845,4930.635,4935.005,0.4819
1770915300000,2026-02-12,16:55:00,4935.315,4957.135,4934.545,4954.275,0.4641
1770915600000,2026-02-12,17:00:00,4954.295,4958.805,4942.805,4948.305,0.3822
1770915900000,2026-02-12,17:05:00,4948.115,4966.758,4939.055,4960.835,0.402
1770916200000,2026-02-12,17:10:00,4960.875,4963.185,4953.285,4959.145,0.3443
1770916500000,2026-02-12,17:15:00,4959.055,4965.585,4955.258,4959.518,0.3177
1770916800000,2026-02-12,17:20:00,4959.458,4980.795,4959.458,4972.868,0.4075
1770917100000,2026-02-12,17:25:00,4972.618,4982.335,4965.218,4965.428,0.3511
1770917400000,2026-02-12,17:30:00,4965.438,4967.385,4957.285,4964.395,0.3564
1770917700000,2026-02-12,17:35:00,4964.055,4971.735,4961.045,4967.215,0.296
1770918000000,2026-02-12,17:40:00,4967.245,4974.605,4958.238,4969.235,0.2826
1770918300000,2026-02-12,17:45:00,4969.295,4970.915,4949.925,4951.105,0.3366
1770918600000,2026-02-12,17:50:00,4951.135,4957.705,4944.608,4947.195,0.2948
1770918900000,2026-02-12,17:55:00,4947.395,4949.025,4939.225,4940.865,0.3123
1770919200000,2026-02-12,18:00:00,4940.645,4949.715,4931.105,4937.978,0.3322
1770919500000,2026-02-12,18:05:00,4938.138,4939.528,4921.055,4924.615,0.3733
1770919800000,2026-02-12,18:10:00,4924.625,4935.225,4922.125,4934.135,0.3599
1770920100000,2026-02-12,18:15:00,4934.185,4934.985,4907.275,4907.815,0.3195
1770920400000,2026-02-12,18:20:00,4907.735,4930.955,4906.185,4917.735,0.3774
1770920700000,2026-02-12,18:25:00,4918.255,4933.695,4915.325,4928.035,0.424
1770921000000,2026-02-12,18:30:00,4928.035,4935.665,4925.805,4932.505,0.5451
1770921300000,2026-02-12,18:35:00,4932.485,4942.615,4929.105,4940.645,0.3779
1770921600000,2026-02-12,18:40:00,4940.655,4946.275,4933.005,4939.915,0.382
1770921900000,2026-02-12,18:45:00,4939.978,4942.305,4934.975,4938.805,0.264
1770922200000,2026-02-12,18:50:00,4938.815,4951.855,4937.975,4944.415,0.2482
1770922500000,2026-02-12,18:55:00,4944.465,4945.865,4932.925,4935.245,0.2756
1770922800000,2026-02-12,19:00:00,4935.435,4937.975,4927.345,4932.375,0.2656
1770923100000,2026-02-12,19:05:00,4932.445,4941.325,4930.975,4936.295,0.2335
1770923400000,2026-02-12,19:10:00,4936.345,4938.815,4930.115,4932.985,0.2613
1770923700000,2026-02-12,19:15:00,4932.955,4943.645,4929.225,4943.035,0.2247
1770924000000,2026-02-12,19:20:00,4943.015,4944.045,4937.655,4940.275,0.2384
1770924300000,2026-02-12,19:25:00,4940.095,4941.875,4930.885,4931.018,0.2331
1770924600000,2026-02-12,19:30:00,4931.025,4948.235,4931.025,4945.535,0.2305
1770924900000,2026-02-12,19:35:00,4945.565,4950.095,4944.415,4947.225,0.193
1770925200000,2026-02-12,19:40:00,4947.095,4948.705,4941.228,4946.505,0.4032
1770925500000,2026-02-12,19:45:00,4946.505,4956.185,4945.865,4953.725,0.6779
1770925800000,2026-02-12,19:50:00,4953.705,4957.955,4953.025,4954.025,0.6223
1770926100000,2026-02-12,19:55:00,4954.005,4955.455,4943.165,4945.325,0.5319
1770926400000,2026-02-12,20:00:00,4945.425,4948.205,4940.395,4945.125,0.3604
1770926700000,2026-02-12,20:05:00,4945.145,4946.335,4939.295,4941.395,0.3679
1770927000000,2026-02-12,20:10:00,4941.395,4942.185,4933.495,4940.635,0.2899
1770927300000,2026-02-12,20:15:00,4940.655,4940.765,4935.255,4937.355,0.2254
1770927600000,2026-02-12,20:20:00,4937.325,4937.465,4927.035,4928.245,0.2491
1770927900000,2026-02-12,20:25:00,4928.155,4930.415,4921.465,4922.298,0.259
1770928200000,2026-02-12,20:30:00,4922.345,4922.395,4910.865,4919.635,0.3146
1770928500000,2026-02-12,20:35:00,4919.685,4927.945,4917.045,4919.785,0.2654
1770928800000,2026-02-12,20:40:00,4919.685,4923.335,4915.075,4920.415,0.307
1770929100000,2026-02-12,20:45:00,4920.555,4922.505,4913.285,4921.125,0.3176
1770929400000,2026-02-12,20:50:00,4921.145,4923.045,4911.625,4919.655,0.3964
1770929700000,2026-02-12,20:55:00,4919.633,4923.365,4913.065,4914.859,0.5136
1770930000000,2026-02-12,21:00:00,4914.615,4922.119,4912.045,4919.675,0.1988
1770930300000,2026-02-12,21:05:00,4919.569,4919.569,4911.455,4912.169,0.3117
1770930600000,2026-02-12,21:10:00,4912.118,4922.539,4912.118,4916.709,0.199
1770930900000,2026-02-12,21:15:00,4916.739,4921.745,4912.615,4921.145,0.1582
1770931200000,2026-02-12,21:20:00,4921.189,4924.195,4918.055,4922.605,0.1128
1770931500000,2026-02-12,21:25:00,4922.575,4923.825,4919.775,4920.045,0.044
1770931800000,2026-02-12,21:30:00,4920.015,4926.185,4919.705,4923.225,0.0803
1770932100000,2026-02-12,21:35:00,4922.965,4923.145,4920.735,4921.225,0.053
1770932400000,2026-02-12,21:40:00,4921.205,4921.475,4917.389,4917.965,0.0654
1770932700000,2026-02-12,21:45:00,4917.995,4919.895,4915.555,4919.565,0.069
1770933000000,2026-02-12,21:50:00,4919.585,4926.655,4919.585,4925.815,0.0795
1770933300000,2026-02-12,21:55:00,4925.795,4926.515,4920.495,4921.265,0.0899
1770937200000,2026-02-12,23:00:00,4916.308,4916.308,4886.258,4894.948,0.0085
1770937500000,2026-02-12,23:05:00,4899.148,4899.148,4899.148,4899.148,0.0001
1770937800000,2026-02-12,23:10:00,4908.805,4910.885,4904.135,4910.115,0.0377
1770938100000,2026-02-12,23:15:00,4909.815,4926.055,4909.805,4919.845,0.0832
1770938400000,2026-02-12,23:20:00,4920.075,4926.275,4918.095,4920.155,0.0579
1770938700000,2026-02-12,23:25:00,4920.045,4928.195,4919.225,4919.635,0.0753
1770939000000,2026-02-12,23:30:00,4919.535,4925.995,4911.975,4925.865,0.1073
1770939300000,2026-02-12,23:35:00,4925.615,4925.775,4906.645,4910.165,0.0938
1770939600000,2026-02-12,23:40:00,4910.235,4916.525,4906.018,4913.515,0.1161
1770939900000,2026-02-12,23:45:00,4913.535,4914.055,4905.475,4911.855,0.0711
1770940200000,2026-02-12,23:50:00,4911.895,4916.845,4911.375,4915.855,0.0522
1770940500000,2026-02-12,23:55:00,4915.875,4919.805,4910.065,4919.775,0.0778
1770940800000,2026-02-13,00:00:00,4919.875,4927.515,4913.505,4925.965,0.1163
1770941100000,2026-02-13,00:05:00,4926.045,4945.135,4924.185,4942.975,0.1654
1770941400000,2026-02-13,00:10:00,4942.925,4948.125,4936.995,4941.385,0.1475
1770941700000,2026-02-13,00:15:00,4941.225,4946.725,4936.265,4939.095,0.1486
1770942000000,2026-02-13,00:20:00,4939.285,4944.145,4937.725,4940.435,0.0871
1770942300000,2026-02-13,00:25:00,4939.905,4943.235,4933.945,4935.755,0.1046
1770942600000,2026-02-13,00:30:00,4935.785,4945.235,4935.259,4939.495,0.1119
1770942900000,2026-02-13,00:35:00,4939.465,4943.295,4937.895,4938.755,0.0994
1770943200000,2026-02-13,00:40:00,4938.755,4944.028,4932.375,4940.215,0.1295
1770943500000,2026-02-13,00:45:00,4940.525,4944.185,4931.118,4935.075,0.1221
1770943800000,2026-02-13,00:50:00,4935.045,4936.425,4929.715,4933.285,0.0886
1770944100000,2026-02-13,00:55:00,4933.275,4935.355,4926.555,4927.705,0.0848
1770944400000,2026-02-13,01:00:00,4928.235,4957.115,4926.675,4956.855,0.3096
1770944700000,2026-02-13,01:05:00,4955.975,4963.545,4953.035,4962.885,0.2248
1770945000000,2026-02-13,01:10:00,4962.195,4967.285,4961.635,4965.045,0.2007
1770945300000,2026-02-13,01:15:00,4964.735,4972.065,4961.775,4971.135,0.2261
1770945600000,2026-02-13,01:20:00,4971.115,4978.985,4970.455,4971.815,0.199
1770945900000,2026-02-13,01:25:00,4971.785,4973.255,4965.635,4969.505,0.1848
1770946200000,2026-02-13,01:30:00,4969.495,4974.998,4964.905,4972.955,0.2729
1770946500000,2026-02-13,01:35:00,4972.885,4974.645,4963.805,4970.015,0.3099
1770946800000,2026-02-13,01:40:00,4970.158,4982.075,4970.055,4979.465,0.2156
1770947100000,2026-02-13,01:45:00,4979.635,4987.985,4974.905,4986.445,0.1782
1770947400000,2026-02-13,01:50:00,4986.895,4988.285,4976.045,4979.545,0.144
1770947700000,2026-02-13,01:55:00,4979.565,4983.965,4976.065,4980.475,0.1602
1770948000000,2026-02-13,02:00:00,4980.445,4981.165,4974.548,4978.955,0.1714
1770948300000,2026-02-13,02:05:00,4978.795,4984.395,4975.315,4976.045,0.1232
1770948600000,2026-02-13,02:10:00,4976.395,4982.295,4972.525,4977.805,0.0953
1770948900000,2026-02-13,02:15:00,4977.775,4980.305,4975.375,4977.695,0.081
1770949200000,2026-02-13,02:20:00,4978.125,4984.075,4976.945,4983.095,0.0984
1770949500000,2026-02-13,02:25:00,4983.125,4985.865,4979.345,4985.745,0.0814
1770949800000,2026-02-13,02:30:00,4985.805,4989.125,4978.945,4980.245,0.127
1770950100000,2026-02-13,02:35:00,4980.215,4983.485,4978.585,4980.745,0.0785
1770950400000,2026-02-13,02:40:00,4980.725,4987.245,4973.045,4983.905,0.2181
1770950700000,2026-02-13,02:45:00,4983.925,4983.925,4971.815,4976.165,0.2308
1770951000000,2026-02-13,02:50:00,4976.225,4984.885,4975.245,4984.555,0.1474
1770951300000,2026-02-13,02:55:00,4984.505,4991.315,4983.755,4988.215,0.1667
1770951600000,2026-02-13,03:00:00,4988.185,4988.905,4983.815,4984.205,0.1221
1770951900000,2026-02-13,03:05:00,4984.215,4986.985,4980.705,4981.325,0.1288
1770952200000,2026-02-13,03:10:00,4981.255,4986.485,4980.325,4983.575,0.1063
1770952500000,2026-02-13,03:15:00,4982.965,4984.105,4978.298,4978.715,0.1527
1770952800000,2026-02-13,03:20:00,4978.695,4979.285,4973.575,4975.325,0.1106
1770953100000,2026-02-13,03:25:00,4975.095,4980.015,4973.665,4977.905,0.1032
1770953400000,2026-02-13,03:30:00,4977.925,4983.475,4976.025,4977.585,0.0698
1770953700000,2026-02-13,03:35:00,4977.365,4978.685,4975.575,4978.305,0.0347
1770954000000,2026-02-13,03:40:00,4978.295,4979.765,4974.755,4976.935,0.0433
1770954300000,2026-02-13,03:45:00,4976.955,4978.875,4976.295,4977.225,0.0642
1770954600000,2026-02-13,03:50:00,4977.165,4982.105,4976.075,4980.715,0.0554
1770954900000,2026-02-13,03:55:00,4980.745,4984.165,4980.745,4981.115,0.0446
1770955200000,2026-02-13,04:00:00,4981.095,4981.435,4977.635,4978.295,0.0441
1770955500000,2026-02-13,04:05:00,4978.265,4984.985,4976.205,4976.335,0.0587
1770955800000,2026-02-13,04:10:00,4976.365,4987.215,4975.375,4985.595,0.0821
1770956100000,2026-02-13,04:15:00,4985.625,4996.955,4985.625,4992.645,0.1335
1770956400000,2026-02-13,04:20:00,4992.675,4994.035,4988.415,4988.735,0.077
1770956700000,2026-02-13,04:25:00,4988.705,4991.265,4984.545,4984.955,0.0442
1770957000000,2026-02-13,04:30:00,4984.985,4985.985,4982.685,4983.145,0.0445
1770957300000,2026-02-13,04:35:00,4983.145,4983.195,4978.855,4979.615,0.0832
1770957600000,2026-02-13,04:40:00,4979.585,4980.805,4974.855,4976.485,0.0594
1770957900000,2026-02-13,04:45:00,4976.475,4978.035,4972.995,4973.615,0.0645
1770958200000,2026-02-13,04:50:00,4973.645,4976.025,4972.655,4974.935,0.0572
1770958500000,2026-02-13,04:55:00,4974.965,4976.715,4974.435,4976.365,0.05
1770958800000,2026-02-13,05:00:00,4976.375,4981.725,4976.255,4980.095,0.0729
1770959100000,2026-02-13,05:05:00,4980.075,4980.185,4974.455,4977.235,0.0542
1770959400000,2026-02-13,05:10:00,4977.425,4979.155,4975.425,4977.995,0.0435
1770959700000,2026-02-13,05:15:00,4977.975,4979.435,4964.718,4972.515,0.0852
1770960000000,2026-02-13,05:20:00,4972.535,4983.665,4972.535,4981.745,0.1147
1770960300000,2026-02-13,05:25:00,4981.745,4986.305,4979.025,4979.425,0.1105
1770960600000,2026-02-13,05:30:00,4979.445,4979.995,4966.695,4967.205,0.1767
1770960900000,2026-02-13,05:35:00,4967.285,4974.375,4967.045,4973.275,0.1094
1770961200000,2026-02-13,05:40:00,4973.265,4974.385,4959.285,4963.785,0.1305
1770961500000,2026-02-13,05:45:00,4963.805,4965.495,4956.358,4962.159,0.14
1770961800000,2026-02-13,05:50:00,4962.165,4962.465,4953.409,4954.795,0.1585
1770962100000,2026-02-13,05:55:00,4954.765,4955.455,4944.475,4945.855,0.1533
1770962400000,2026-02-13,06:00:00,4946.185,4956.285,4945.835,4947.905,0.1491
1770962700000,2026-02-13,06:05:00,4947.705,4959.795,4946.695,4959.665,0.1623
1770963000000,2026-02-13,06:10:00,4959.825,4961.655,4954.605,4957.965,0.1179
1770963300000,2026-02-13,06:15:00,4958.355,4960.935,4951.788,4952.965,0.1126
1770963600000,2026-02-13,06:20:00,4953.115,4955.825,4950.425,4954.738,0.1321
1770963900000,2026-02-13,06:25:00,4954.748,4957.875,4949.615,4952.935,0.1334
1770964200000,2026-02-13,06:30:00,4950.648,4961.715,4950.428,4961.695,0.1126
1770964500000,2026-02-13,06:35:00,4961.725,4961.725,4954.505,4954.505,0.1189
1770964800000,2026-02-13,06:40:00,4954.455,4960.475,4953.358,4954.785,0.1191
1770965100000,2026-02-13,06:45:00,4954.845,4958.035,4950.465,4957.545,0.1484
1770965400000,2026-02-13,06:50:00,4958.425,4959.755,4954.785,4955.585,0.1292
1770965700000,2026-02-13,06:55:00,4955.615,4968.515,4953.945,4966.875,0.1669
1770966000000,2026-02-13,07:00:00,4966.915,4966.915,4955.275,4959.475,0.1155
1770966300000,2026-02-13,07:05:00,4959.515,4967.685,4957.805,4958.115,0.1086
1770966600000,2026-02-13,07:10:00,4958.165,4961.025,4950.855,4959.975,0.1463
1770966900000,2026-02-13,07:15:00,4959.945,4976.365,4958.755,4974.275,0.1569
1770967200000,2026-02-13,07:20:00,4974.295,4974.465,4964.798,4965.695,0.1517
1770967500000,2026-02-13,07:25:00,4965.685,4970.715,4963.949,4968.095,0.1053
1770967800000,2026-02-13,07:30:00,4968.065,4974.858,4965.799,4972.598,0.1449
1770968100000,2026-02-13,07:35:00,4972.578,4982.485,4972.578,4978.405,0.1488
1770968400000,2026-02-13,07:40:00,4978.575,4979.975,4968.245,4970.305,0.1246
1770968700000,2026-02-13,07:45:00,4970.285,4976.545,4968.525,4975.105,0.1096
1770969000000,2026-02-13,07:50:00,4975.065,4981.275,4971.535,4981.275,0.1248
1770969300000,2026-02-13,07:55:00,4981.545,4981.545,4971.455,4974.845,0.1312
1770969600000,2026-02-13,08:00:00,4974.705,4978.295,4971.875,4978.295,0.1883
1770969900000,2026-02-13,08:05:00,4978.335,4987.448,4976.335,4985.559,0.1724
1770970200000,2026-02-13,08:10:00,4985.559,4989.315,4978.345,4979.085,0.1424
1770970500000,2026-02-13,08:15:00,4979.118,4983.385,4976.685,4978.325,0.1281
1770970800000,2026-02-13,08:20:00,4978.725,4985.755,4977.435,4978.135,0.1272
1770971100000,2026-02-13,08:25:00,4978.155,4984.815,4977.995,4982.305,0.1446
1770971400000,2026-02-13,08:30:00,4982.305,4982.895,4978.265,4981.135,0.1771
1770971700000,2026-02-13,08:35:00,4981.105,4985.475,4979.499,4981.165,0.1705
1770972000000,2026-02-13,08:40:00,4981.185,4984.815,4980.725,4983.039,0.1895
1770972300000,2026-02-13,08:45:00,4983.445,4986.675,4978.755,4978.805,0.155
1770972600000,2026-02-13,08:50:00,4978.825,4983.045,4971.318,4979.698,0.2137
1770972900000,2026-02-13,08:55:00,4979.695,4982.705,4978.178,4982.389,0.1523
1770973200000,2026-02-13,09:00:00,4982.389,4982.545,4976.385,4978.505,0.1998
1770973500000,2026-02-13,09:05:00,4978.485,4979.935,4977.269,4977.625,0.1246
1770973800000,2026-02-13,09:10:00,4977.625,4982.275,4977.095,4977.165,0.1218
1770974100000,2026-02-13,09:15:00,4977.155,4980.605,4972.455,4978.655,0.1383
1770974400000,2026-02-13,09:20:00,4978.675,4981.535,4975.525,4977.855,0.1047
1770974700000,2026-02-13,09:25:00,4977.875,4978.205,4963.995,4964.625,0.2072
1770975000000,2026-02-13,09:30:00,4964.595,4971.535,4961.105,4968.645,0.2036
1770975300000,2026-02-13,09:35:00,4968.685,4969.539,4963.895,4964.709,0.1285
1770975600000,2026-02-13,09:40:00,4965.355,4973.595,4964.525,4970.669,0.1356
1770975900000,2026-02-13,09:45:00,4970.669,4976.565,4969.455,4973.069,0.1334
1770976200000,2026-02-13,09:50:00,4973.099,4974.985,4970.355,4971.669,0.0995
1770976500000,2026-02-13,09:55:00,4971.619,4975.055,4968.655,4970.085,0.1025
1770976800000,2026-02-13,10:00:00,4970.085,4971.615,4966.885,4971.475,0.0858
1770977100000,2026-02-13,10:05:00,4971.475,4976.245,4969.775,4971.765,0.1428
1770977400000,2026-02-13,10:10:00,4971.575,4977.655,4970.245,4972.235,0.1436
1770977700000,2026-02-13,10:15:00,4972.255,4976.055,4966.048,4966.229,0.1145
1770978000000,2026-02-13,10:20:00,4966.249,4972.659,4966.209,4970.495,0.1088
1770978300000,2026-02-13,10:25:00,4970.475,4980.495,4970.419,4977.245,0.1058
1770978600000,2026-02-13,10:30:00,4977.265,4978.365,4968.985,4970.235,0.1329
1770978900000,2026-02-13,10:35:00,4970.465,4971.239,4968.465,4969.655,0.1266
1770979200000,2026-02-13,10:40:00,4969.639,4970.869,4967.405,4969.059,0.1309
1770979500000,2026-02-13,10:45:00,4969.059,4970.119,4957.605,4962.835,0.1548
1770979800000,2026-02-13,10:50:00,4962.865,4967.705,4961.185,4961.599,0.1141
1770980100000,2026-02-13,10:55:00,4961.599,4963.365,4946.825,4949.755,0.1979
1770980400000,2026-02-13,11:00:00,4949.829,4952.005,4943.745,4946.095,0.1736
1770980700000,2026-02-13,11:05:00,4945.985,4950.255,4940.785,4946.505,0.161
1770981000000,2026-02-13,11:10:00,4945.835,4953.485,4943.655,4951.265,0.175
1770981300000,2026-02-13,11:15:00,4951.255,4951.315,4944.885,4947.955,0.1309
1770981600000,2026-02-13,11:20:00,4947.915,4952.425,4933.495,4938.835,0.1222
1770981900000,2026-02-13,11:25:00,4938.875,4945.355,4934.295,4944.715,0.1434
1770982200000,2026-02-13,11:30:00,4944.745,4945.395,4935.155,4940.505,0.1481
1770982500000,2026-02-13,11:35:00,4940.465,4948.465,4939.715,4943.815,0.1233
1770982800000,2026-02-13,11:40:00,4943.755,4948.285,4942.045,4943.785,0.1287
1770983100000,2026-02-13,11:45:00,4943.735,4944.575,4939.115,4943.995,0.1304
1770983400000,2026-02-13,11:50:00,4943.715,4951.365,4941.175,4949.965,0.1285
1770983700000,2026-02-13,11:55:00,4949.929,4955.155,4948.845,4953.795,0.1201
1770984000000,2026-02-13,12:00:00,4953.355,4959.465,4951.795,4958.275,0.1665
1770984300000,2026-02-13,12:05:00,4958.245,4962.905,4956.255,4956.649,0.1513
1770984600000,2026-02-13,12:10:00,4956.679,4964.215,4953.255,4963.605,0.1746
1770984900000,2026-02-13,12:15:00,4963.585,4969.425,4962.405,4966.995,0.1295
1770985200000,2026-02-13,12:20:00,4967.645,4972.825,4966.795,4970.935,0.0804
1770985500000,2026-02-13,12:25:00,4970.915,4972.805,4966.215,4967.095,0.0516
1770985800000,2026-02-13,12:30:00,4967.075,4972.285,4963.605,4971.075,0.066
1770986100000,2026-02-13,12:35:00,4971.065,4973.425,4967.625,4969.135,0.0821
1770986400000,2026-02-13,12:40:00,4969.085,4971.718,4965.635,4965.825,0.0926
1770986700000,2026-02-13,12:45:00,4965.875,4972.265,4964.955,4969.648,0.1093
1770987000000,2026-02-13,12:50:00,4969.588,4971.425,4964.228,4970.275,0.0819
1770987300000,2026-02-13,12:55:00,4970.295,4973.755,4966.445,4969.275,0.0866
1770987600000,2026-02-13,13:00:00,4969.275,4975.985,4969.275,4971.165,0.1132
1770987900000,2026-02-13,13:05:00,4971.069,4971.385,4965.165,4968.125,0.1057
1770988200000,2026-02-13,13:10:00,4968.165,4969.355,4966.345,4966.855,0.0786
1770988500000,2026-02-13,13:15:00,4966.915,4967.645,4960.695,4961.905,0.0958
1770988800000,2026-02-13,13:20:00,4961.935,4970.495,4957.385,4969.165,0.1271
1770989100000,2026-02-13,13:25:00,4969.285,4969.835,4963.865,4966.695,0.1451
1770989400000,2026-02-13,13:30:00,4966.485,4999.185,4966.338,4993.165,0.4597
1770989700000,2026-02-13,13:35:00,4993.255,4996.305,4983.288,4991.675,0.3049
1770990000000,2026-02-13,13:40:00,4991.655,4993.798,4982.748,4983.668,0.3586
1770990300000,2026-02-13,13:45:00,4983.668,4985.705,4971.885,4980.825,0.2125
1770990600000,2026-02-13,13:50:00,4980.855,4987.685,4974.018,4985.865,0.1542
1770990900000,2026-02-13,13:55:00,4986.035,4992.635,4984.518,4986.775,0.1437
1770991200000,2026-02-13,14:00:00,4986.298,4995.285,4985.665,4992.058,0.1515
1770991500000,2026-02-13,14:05:00,4992.005,4997.015,4984.498,4990.605,0.1554
1770991800000,2026-02-13,14:10:00,4990.655,4999.995,4989.295,4998.395,0.1334
1770992100000,2026-02-13,14:15:00,4998.385,5005.785,4994.735,5002.995,0.1697
1770992400000,2026-02-13,14:20:00,5003.025,5007.715,4999.395,5001.155,0.131
1770992700000,2026-02-13,14:25:00,5001.125,5005.565,5000.365,5002.258,0.1524
1770993000000,2026-02-13,14:30:00,5002.355,5010.636,4993.815,5004.685,0.3019
1770993300000,2026-02-13,14:35:00,5004.655,5010.49,4986.655,4987.455,0.3501
1770993600000,2026-02-13,14:40:00,4987.425,4992.445,4963.748,4991.205,0.4287
1770993900000,2026-02-13,14:45:00,4991.205,5006.648,4989.715,4997.885,0.3893
1770994200000,2026-02-13,14:50:00,4998.205,4999.485,4989.015,4991.225,0.3864
1770994500000,2026-02-13,14:55:00,4991.245,5005.545,4989.725,4995.185,0.4183
1770994800000,2026-02-13,15:00:00,4995.225,5005.798,4991.778,4999.555,0.4392
1770995100000,2026-02-13,15:05:00,4999.655,5010.808,4995.885,5010.035,0.3774
1770995400000,2026-02-13,15:10:00,5010.035,5011.025,4999.848,5002.945,0.3254
1770995700000,2026-02-13,15:15:00,5002.975,5006.415,4994.425,4997.738,0.3392
1770996000000,2026-02-13,15:20:00,4997.738,5003.025,4994.585,5001.768,0.3109
1770996300000,2026-02-13,15:25:00,5001.805,5011.338,4998.718,5009.645,0.295
1770996600000,2026-02-13,15:30:00,5009.675,5011.045,5006.765,5008.065,0.2509
1770996900000,2026-02-13,15:35:00,5008.035,5020.155,5006.835,5008.055,0.2569
1770997200000,2026-02-13,15:40:00,5008.085,5012.605,5004.355,5006.375,0.2479
1770997500000,2026-02-13,15:45:00,5006.395,5009.945,4990.015,4994.515,0.3067
1770997800000,2026-02-13,15:50:00,4994.475,4999.675,4984.315,4986.285,0.2747
1770998100000,2026-02-13,15:55:00,4986.305,4987.478,4973.688,4976.338,0.2878
1770998400000,2026-02-13,16:00:00,4976.375,4994.145,4975.298,4990.435,0.2923
1770998700000,2026-02-13,16:05:00,4990.405,4994.855,4987.045,4991.085,0.227
1770999000000,2026-02-13,16:10:00,4991.125,4997.385,4987.545,4997.285,0.2285
1770999300000,2026-02-13,16:15:00,4997.275,5007.818,4995.745,5006.805,0.2629
1770999600000,2026-02-13,16:20:00,5006.875,5011.065,5004.075,5009.665,0.2383
1770999900000,2026-02-13,16:25:00,5009.715,5033.618,5008.675,5027.548,0.3247
1771000200000,2026-02-13,16:30:00,5027.235,5028.048,5016.425,5018.665,0.2581
1771000500000,2026-02-13,16:35:00,5018.648,5019.615,5013.315,5015.125,0.2273
1771000800000,2026-02-13,16:40:00,5015.185,5017.945,5012.839,5016.655,0.3052
1771001100000,2026-02-13,16:45:00,5016.645,5018.625,5012.878,5015.405,0.2016
1771001400000,2026-02-13,16:50:00,5015.425,5015.635,5013.235,5014.345,0.1941
1771001700000,2026-02-13,16:55:00,5014.375,5016.955,5005.795,5007.605,0.1451
1771002000000,2026-02-13,17:00:00,5007.635,5014.615,5006.239,5012.565,0.1584
1771002300000,2026-02-13,17:05:00,5012.665,5022.085,5012.155,5014.085,0.1292
1771002600000,2026-02-13,17:10:00,5014.155,5015.425,5009.595,5015.395,0.134
1771002900000,2026-02-13,17:15:00,5015.395,5015.895,5005.655,5010.255,0.1507
1771003200000,2026-02-13,17:20:00,5010.305,5016.895,5010.235,5013.025,0.1206
1771003500000,2026-02-13,17:25:00,5013.055,5019.165,5011.935,5017.385,0.1288
1771003800000,2026-02-13,17:30:00,5017.415,5025.348,5015.805,5024.948,0.1513
1771004100000,2026-02-13,17:35:00,5024.835,5028.898,5018.965,5020.048,0.1391
1771004400000,2026-02-13,17:40:00,5019.975,5022.785,5017.748,5022.065,0.1141
1771004700000,2026-02-13,17:45:00,5022.185,5023.795,5019.755,5021.155,0.1239
1771005000000,2026-02-13,17:50:00,5021.185,5022.705,5018.435,5019.755,0.1268
1771005300000,2026-02-13,17:55:00,5019.775,5020.735,5015.865,5020.715,0.1586
1771005600000,2026-02-13,18:00:00,5020.745,5024.398,5015.098,5020.745,0.2255
1771005900000,2026-02-13,18:05:00,5020.765,5023.048,5018.985,5021.235,0.1474
1771006200000,2026-02-13,18:10:00,5021.205,5029.395,5020.025,5028.835,0.1273
1771006500000,2026-02-13,18:15:00,5028.755,5030.405,5022.135,5022.705,0.1455
1771006800000,2026-02-13,18:20:00,5022.735,5029.955,5022.735,5027.415,0.1315
1771007100000,2026-02-13,18:25:00,5027.395,5028.485,5019.935,5022.025,0.1713
1771007400000,2026-02-13,18:30:00,5021.748,5030.095,5020.205,5028.855,0.1341
1771007700000,2026-02-13,18:35:00,5028.945,5031.125,5027.955,5030.355,0.1362
1771008000000,2026-02-13,18:40:00,5030.365,5031.048,5028.235,5029.635,0.157
1771008300000,2026-02-13,18:45:00,5029.605,5031.115,5028.795,5029.345,0.1483
1771008600000,2026-02-13,18:50:00,5029.375,5035.215,5026.355,5033.285,0.1255
1771008900000,2026-02-13,18:55:00,5033.245,5034.715,5030.405,5030.855,0.1004
1771009200000,2026-02-13,19:00:00,5030.915,5035.605,5030.115,5033.098,0.0965
1771009500000,2026-02-13,19:05:00,5033.098,5045.595,5033.055,5045.365,0.1511
1771009800000,2026-02-13,19:10:00,5045.335,5045.805,5036.888,5039.325,0.1584
1771010100000,2026-02-13,19:15:00,5039.295,5040.615,5036.345,5040.415,0.1297
1771010400000,2026-02-13,19:20:00,5040.865,5044.635,5040.275,5044.135,0.1415
1771010700000,2026-02-13,19:25:00,5044.075,5044.745,5040.565,5041.098,0.1471
1771011000000,2026-02-13,19:30:00,5041.098,5042.725,5039.165,5040.275,0.171
1771011300000,2026-02-13,19:35:00,5040.245,5040.715,5037.355,5037.995,0.1186
1771011600000,2026-02-13,19:40:00,5037.855,5038.275,5032.545,5034.175,0.1435
1771011900000,2026-02-13,19:45:00,5034.155,5037.735,5033.755,5034.215,0.0987
1771012200000,2026-02-13,19:50:00,5034.225,5035.005,5030.305,5032.135,0.1004
1771012500000,2026-02-13,19:55:00,5032.115,5033.725,5023.285,5023.285,0.123
1771012800000,2026-02-13,20:00:00,5023.595,5033.965,5023.475,5031.745,0.2
1771013100000,2026-02-13,20:05:00,5031.745,5032.695,5028.495,5029.375,0.1532
1771013400000,2026-02-13,20:10:00,5029.395,5031.755,5027.455,5028.755,0.184
1771013700000,2026-02-13,20:15:00,5028.725,5032.385,5027.615,5031.165,0.1333
1771014000000,2026-02-13,20:20:00,5031.135,5031.955,5026.595,5031.095,0.1503
1771014300000,2026-02-13,20:25:00,5031.125,5033.015,5028.055,5028.625,0.1533
1771014600000,2026-02-13,20:30:00,5028.509,5030.095,5024.085,5025.565,0.1685
1771014900000,2026-02-13,20:35:00,5025.535,5029.175,5025.415,5027.555,0.1541
1771015200000,2026-02-13,20:40:00,5027.525,5033.875,5027.115,5030.155,0.1598
1771015500000,2026-02-13,20:45:00,5030.235,5031.175,5025.475,5027.695,0.1885
1771015800000,2026-02-13,20:50:00,5027.725,5029.115,5021.275,5027.485,0.2089
1771016100000,2026-02-13,20:55:00,5027.455,5034.498,5022.455,5032.315,0.2163
1771016400000,2026-02-13,21:00:00,5032.295,5034.695,5030.255,5033.635,0.0693
1771016700000,2026-02-13,21:05:00,5033.665,5035.795,5031.475,5032.325,0.0437
1771017000000,2026-02-13,21:10:00,5032.305,5033.465,5029.425,5033.025,0.0467
1771017300000,2026-02-13,21:15:00,5033.055,5034.355,5032.295,5032.365,0.0316
1771017600000,2026-02-13,21:20:00,5032.385,5032.815,5030.518,5031.775,0.0392
1771017900000,2026-02-13,21:25:00,5031.845,5033.715,5031.015,5032.835,0.0374
1771018200000,2026-02-13,21:30:00,5032.805,5035.108,5031.075,5034.215,0.0314
1771018500000,2026-02-13,21:35:00,5034.145,5035.085,5032.955,5033.995,0.0307
1771018800000,2026-02-13,21:40:00,5034.015,5039.085,5033.545,5038.635,0.041
1771019100000,2026-02-13,21:45:00,5038.615,5045.965,5037.375,5042.715,0.0633
1771019400000,2026-02-13,21:50:00,5042.685,5042.925,5037.835,5042.635,0.064
1771019700000,2026-02-13,21:55:00,5042.448,5043.165,5039.895,5040.285,0.1591
1771196400000,2026-02-15,23:00:00,5035.898,5051.678,5009.888,5013.948,0.1862
1771196700000,2026-02-15,23:05:00,5012.895,5022.438,5006.628,5022.438,0.1509
1771197000000,2026-02-15,23:10:00,5022.148,5024.325,5012.415,5022.055,0.1742
1771197300000,2026-02-15,23:15:00,5022.095,5031.815,5020.648,5024.815,0.2745
1771197600000,2026-02-15,23:20:00,5025.045,5030.235,5021.125,5025.415,0.1938
1771197900000,2026-02-15,23:25:00,5025.565,5030.385,5025.225,5028.735,0.1204
1771198200000,2026-02-15,23:30:00,5028.725,5030.575,5026.085,5029.375,0.1169
1771198500000,2026-02-15,23:35:00,5029.395,5030.575,5021.515,5025.645,0.0813
1771198800000,2026-02-15,23:40:00,5025.665,5031.255,5016.448,5018.305,0.1213
1771199100000,2026-02-15,23:45:00,5018.305,5019.725,5012.935,5014.398,0.174
1771199400000,2026-02-15,23:50:00,5014.398,5019.185,5014.035,5018.488,0.1066
1771199700000,2026-02-15,23:55:00,5018.215,5020.925,5016.795,5019.898,0.1142
1771200000000,2026-02-16,00:00:00,5019.655,5021.498,4999.428,5007.835,0.2487
1771200300000,2026-02-16,00:05:00,5007.825,5016.295,5007.795,5014.955,0.1818
1771200600000,2026-02-16,00:10:00,5015.015,5017.905,5012.145,5016.975,0.1413
1771200900000,2026-02-16,00:15:00,5016.718,5020.535,5015.138,5017.465,0.1454
1771201200000,2026-02-16,00:20:00,5017.535,5018.105,5012.158,5014.015,0.1109
1771201500000,2026-02-16,00:25:00,5014.465,5014.465,5007.775,5011.955,0.1061
1771201800000,2026-02-16,00:30:00,5011.945,5014.125,5008.545,5009.425,0.0872
1771202100000,2026-02-16,00:35:00,5009.355,5013.495,5008.805,5013.355,0.0719
1771202400000,2026-02-16,00:40:00,5013.265,5014.445,5012.635,5013.755,0.0514
1771202700000,2026-02-16,00:45:00,5013.378,5018.095,5010.255,5017.995,0.0664
1771203000000,2026-02-16,00:50:00,5018.005,5022.235,5016.905,5019.845,0.0751
1771203300000,2026-02-16,00:55:00,5019.875,5021.775,5014.705,5015.265,0.0478
1771203600000,2026-02-16,01:00:00,5015.215,5017.555,5006.685,5016.525,0.129
1771203900000,2026-02-16,01:05:00,5016.565,5021.785,5016.525,5021.485,0.1042
1771204200000,2026-02-16,01:10:00,5021.455,5023.375,5016.695,5022.855,0.0936
1771204500000,2026-02-16,01:15:00,5022.545,5029.365,5022.485,5028.755,0.0918
1771204800000,2026-02-16,01:20:00,5028.785,5030.945,5025.105,5027.005,0.1124
1771205100000,2026-02-16,01:25:00,5027.055,5030.715,5026.855,5028.935,0.0736
1771205400000,2026-02-16,01:30:00,5029.045,5030.665,5026.035,5028.955,0.096
1771205700000,2026-02-16,01:35:00,5028.985,5030.265,5026.655,5028.075,0.095
1771206000000,2026-02-16,01:40:00,5028.095,5030.235,5027.435,5030.155,0.1163
1771206300000,2026-02-16,01:45:00,5030.155,5030.365,5028.145,5028.215,0.0725
1771206600000,2026-02-16,01:50:00,5028.235,5028.255,5025.165,5026.405,0.0619
1771206900000,2026-02-16,01:55:00,5026.425,5028.845,5025.405,5028.585,0.0757
1771207200000,2026-02-16,02:00:00,5028.605,5030.885,5028.605,5028.915,0.0758
1771207500000,2026-02-16,02:05:00,5028.915,5028.915,5022.715,5023.535,0.0881
1771207800000,2026-02-16,02:10:00,5023.615,5024.355,5020.165,5021.995,0.1068
1771208100000,2026-02-16,02:15:00,5022.065,5025.875,5021.805,5023.325,0.0681
1771208400000,2026-02-16,02:20:00,5023.565,5024.835,5022.715,5023.665,0.0585
1771208700000,2026-02-16,02:25:00,5023.745,5023.875,5018.665,5019.225,0.0932
1771209000000,2026-02-16,02:30:00,5019.265,5021.595,5018.305,5018.865,0.1033
1771209300000,2026-02-16,02:35:00,5018.795,5019.285,5001.925,5008.795,0.1816
1771209600000,2026-02-16,02:40:00,5008.825,5009.645,5001.725,5001.835,0.1317
1771209900000,2026-02-16,02:45:00,5001.805,5002.738,4994.665,4998.379,0.209
1771210200000,2026-02-16,02:50:00,4998.369,4998.569,4991.815,4994.045,0.1955
1771210500000,2026-02-16,02:55:00,4994.109,4996.475,4992.398,4994.405,0.1487
1771210800000,2026-02-16,03:00:00,4994.405,4997.995,4988.985,4995.815,0.1425
1771211100000,2026-02-16,03:05:00,4995.845,4999.665,4988.258,4991.269,0.1266
1771211400000,2026-02-16,03:10:00,4991.269,4997.355,4991.095,4997.315,0.0986
1771211700000,2026-02-16,03:15:00,4997.355,4998.405,4995.645,4997.105,0.0744
1771212000000,2026-02-16,03:20:00,4997.075,4997.525,4993.265,4996.585,0.1066
1771212300000,2026-02-16,03:25:00,4996.535,4997.765,4994.185,4994.575,0.0918
1771212600000,2026-02-16,03:30:00,4994.539,4996.525,4992.045,4994.755,0.0768
1771212900000,2026-02-16,03:35:00,4994.735,4995.795,4988.825,4990.455,0.1062
1771213200000,2026-02-16,03:40:00,4990.485,4993.865,4989.645,4990.625,0.0741
1771213500000,2026-02-16,03:45:00,4990.645,4992.905,4967.305,4984.985,0.122
1771213800000,2026-02-16,03:50:00,4985.215,4993.375,4984.065,4990.875,0.1798
1771214100000,2026-02-16,03:55:00,4990.865,4992.135,4987.035,4987.195,0.0687
1771214400000,2026-02-16,04:00:00,4987.195,4991.915,4986.285,4987.525,0.0894
1771214700000,2026-02-16,04:05:00,4987.455,4987.455,4975.145,4976.545,0.1338
1771215000000,2026-02-16,04:10:00,4976.975,4979.765,4971.238,4976.728,0.1176
1771215300000,2026-02-16,04:15:00,4976.728,4976.738,4973.158,4974.309,0.0955
1771215600000,2026-02-16,04:20:00,4974.359,4979.075,4972.825,4977.205,0.1403
1771215900000,2026-02-16,04:25:00,4977.175,4979.918,4976.105,4976.105,0.0747
1771216200000,2026-02-16,04:30:00,4976.075,4978.115,4973.515,4973.935,0.1012
1771216500000,2026-02-16,04:35:00,4973.848,4975.615,4973.345,4974.345,0.0724
1771216800000,2026-02-16,04:40:00,4973.865,4977.228,4973.225,4975.815,0.1075
1771217100000,2026-02-16,04:45:00,4975.795,4978.995,4975.695,4978.015,0.0778
1771217400000,2026-02-16,04:50:00,4978.045,4979.855,4976.085,4978.635,0.0862
1771217700000,2026-02-16,04:55:00,4978.745,4978.905,4973.835,4977.525,0.1312
1771218000000,2026-02-16,05:00:00,4977.515,4977.795,4964.868,4977.035,0.0994
1771218300000,2026-02-16,05:05:00,4977.115,4984.555,4976.565,4983.285,0.1649
1771218600000,2026-02-16,05:10:00,4983.255,4985.625,4980.235,4983.195,0.0836
1771218900000,2026-02-16,05:15:00,4983.225,4986.835,4982.965,4986.385,0.1173
1771219200000,2026-02-16,05:20:00,4986.385,4986.795,4984.055,4986.325,0.0593
1771219500000,2026-02-16,05:25:00,4986.345,4988.375,4984.965,4986.045,0.0524
1771219800000,2026-02-16,05:30:00,4986.115,4989.965,4984.145,4985.335,0.0478
1771220100000,2026-02-16,05:35:00,4985.355,4986.555,4983.795,4984.745,0.0825
1771220400000,2026-02-16,05:40:00,4984.685,4986.415,4982.715,4985.755,0.1062
1771220700000,2026-02-16,05:45:00,4985.725,4988.945,4984.975,4986.695,0.1321
1771221000000,2026-02-16,05:50:00,4986.665,4989.745,4984.625,4989.025,0.059
1771221300000,2026-02-16,05:55:00,4988.935,4990.485,4988.205,4990.375,0.0607
1771221600000,2026-02-16,06:00:00,4990.155,4992.615,4988.045,4988.235,0.05
1771221900000,2026-02-16,06:05:00,4988.265,4989.625,4987.355,4989.185,0.0425
1771222200000,2026-02-16,06:10:00,4989.165,4990.335,4988.828,4990.085,0.0417
1771222500000,2026-02-16,06:15:00,4990.198,4990.505,4984.325,4986.735,0.0678
1771222800000,2026-02-16,06:20:00,4986.665,4990.645,4986.645,4990.205,0.045
1771223100000,2026-02-16,06:25:00,4990.185,4994.545,4990.075,4992.775,0.0589
1771223400000,2026-02-16,06:30:00,4992.725,4993.265,4990.225,4992.205,0.041
1771223700000,2026-02-16,06:35:00,4992.245,4997.275,4991.685,4997.135,0.0743
1771224000000,2026-02-16,06:40:00,4997.095,5002.775,4995.895,5002.045,0.0757
1771224300000,2026-02-16,06:45:00,5001.925,5002.465,4997.565,4997.585,0.0732
1771224600000,2026-02-16,06:50:00,4997.565,4998.325,4995.295,4995.885,0.054
1771224900000,2026-02-16,06:55:00,4995.925,4996.575,4993.965,4994.445,0.0386
1771225200000,2026-02-16,07:00:00,4994.505,4995.005,4991.145,4991.145,0.0674
1771225500000,2026-02-16,07:05:00,4991.175,4997.615,4988.745,4997.215,0.0656
1771225800000,2026-02-16,07:10:00,4997.245,4997.535,4993.985,4996.095,0.0452
1771226100000,2026-02-16,07:15:00,4996.065,4996.365,4993.925,4995.445,0.0402
1771226400000,2026-02-16,07:20:00,4995.495,4997.295,4995.148,4996.515,0.0389
1771226700000,2026-02-16,07:25:00,4996.535,4999.125,4996.435,4997.835,0.053
1771227000000,2026-02-16,07:30:00,4997.245,4999.925,4996.575,4999.335,0.0476
1771227300000,2026-02-16,07:35:00,4999.455,5000.555,4998.275,4999.945,0.0723
1771227600000,2026-02-16,07:40:00,4999.945,5005.695,4999.375,5001.125,0.0989
1771227900000,2026-02-16,07:45:00,5001.095,5009.738,5000.705,5007.885,0.1149
1771228200000,2026-02-16,07:50:00,5007.885,5009.545,5006.035,5007.015,0.0783
1771228500000,2026-02-16,07:55:00,5007.045,5007.565,5003.148,5006.985,0.078
1771228800000,2026-02-16,08:00:00,5006.985,5013.015,5006.475,5009.925,0.1001
1771229100000,2026-02-16,08:05:00,5009.935,5011.998,5005.525,5006.015,0.0717
1771229400000,2026-02-16,08:10:00,5006.045,5006.065,4996.118,4997.895,0.1258
1771229700000,2026-02-16,08:15:00,4997.875,5002.995,4995.295,5001.675,0.1117
1771230000000,2026-02-16,08:20:00,5001.815,5005.915,5000.455,5002.625,0.0838
1771230300000,2026-02-16,08:25:00,5002.715,5006.275,5002.715,5005.945,0.0573
1771230600000,2026-02-16,08:30:00,5005.985,5007.805,5005.065,5005.985,0.0725
1771230900000,2026-02-16,08:35:00,5005.945,5008.375,5005.665,5006.755,0.0558
1771231200000,2026-02-16,08:40:00,5006.775,5007.235,5004.685,5006.125,0.0541
1771231500000,2026-02-16,08:45:00,5006.165,5007.145,5003.215,5003.925,0.064
1771231800000,2026-02-16,08:50:00,5003.965,5007.225,5003.348,5006.825,0.0453
1771232100000,2026-02-16,08:55:00,5006.855,5009.945,5005.665,5007.825,0.0609
1771232400000,2026-02-16,09:00:00,5007.715,5015.095,5007.695,5012.515,0.0886
1771232700000,2026-02-16,09:05:00,5012.485,5012.485,5010.005,5010.885,0.0499
1771233000000,2026-02-16,09:10:00,5010.855,5012.235,5007.845,5011.085,0.0444
1771233300000,2026-02-16,09:15:00,5011.175,5016.055,5010.995,5015.135,0.0695
1771233600000,2026-02-16,09:20:00,5015.165,5015.205,5010.905,5012.645,0.0535
1771233900000,2026-02-16,09:25:00,5012.675,5014.105,5012.355,5013.215,0.0343
1771234200000,2026-02-16,09:30:00,5013.185,5013.335,5009.845,5010.225,0.0373
1771234500000,2026-02-16,09:35:00,5010.255,5014.125,5010.255,5013.865,0.0498
1771234800000,2026-02-16,09:40:00,5013.885,5014.515,5009.955,5010.215,0.0344
1771235100000,2026-02-16,09:45:00,5010.185,5015.055,5008.185,5014.425,0.0772
1771235400000,2026-02-16,09:50:00,5014.405,5017.055,5014.125,5015.475,0.0575
1771235700000,2026-02-16,09:55:00,5015.455,5016.855,5012.885,5013.195,0.0442
1771236000000,2026-02-16,10:00:00,5012.955,5016.975,5012.925,5012.995,0.0418
1771236300000,2026-02-16,10:05:00,5012.398,5012.398,5009.718,5011.505,0.0488
1771236600000,2026-02-16,10:10:00,5011.525,5011.555,5006.295,5007.255,0.0608
1771236900000,2026-02-16,10:15:00,5007.225,5011.875,5006.958,5007.435,0.0711
1771237200000,2026-02-16,10:20:00,5007.465,5009.685,5004.445,5009.645,0.0588
1771237500000,2026-02-16,10:25:00,5009.685,5010.105,5004.675,5004.795,0.0433
1771237800000,2026-02-16,10:30:00,5004.585,5006.145,4999.945,5005.945,0.1151
1771238100000,2026-02-16,10:35:00,5005.965,5009.438,5003.825,5004.198,0.0712
1771238400000,2026-02-16,10:40:00,5004.198,5008.185,5003.018,5007.895,0.0511
1771238700000,2026-02-16,10:45:00,5007.865,5010.515,5007.405,5008.435,0.049
1771239000000,2026-02-16,10:50:00,5008.395,5009.455,5007.098,5007.855,0.0277
1771239300000,2026-02-16,10:55:00,5007.875,5008.265,5005.365,5005.735,0.0342
1771239600000,2026-02-16,11:00:00,5005.765,5006.755,5003.045,5003.705,0.0422
1771239900000,2026-02-16,11:05:00,5003.685,5004.715,5001.225,5001.285,0.0518
1771240200000,2026-02-16,11:10:00,5001.315,5002.295,4998.625,5000.735,0.0708
1771240500000,2026-02-16,11:15:00,5000.755,5003.685,4999.438,5002.615,0.0539
1771240800000,2026-02-16,11:20:00,5002.635,5003.015,5001.258,5002.285,0.0371
1771241100000,2026-02-16,11:25:00,5002.278,5005.215,5001.625,5004.315,0.0418
1771241400000,2026-02-16,11:30:00,5004.845,5005.255,5002.575,5003.555,0.0268
1771241700000,2026-02-16,11:35:00,5003.515,5003.575,5002.595,5003.525,0.0237
1771242000000,2026-02-16,11:40:00,5003.495,5006.595,5003.055,5006.475,0.0353
1771242300000,2026-02-16,11:45:00,5006.365,5007.845,5001.885,5002.465,0.0362
1771242600000,2026-02-16,11:50:00,5002.435,5005.755,5001.965,5004.725,0.0504
1771242900000,2026-02-16,11:55:00,5004.675,5004.905,5002.815,5004.075,0.0348
1771243200000,2026-02-16,12:00:00,5004.115,5004.715,5001.945,5002.515,0.0466
1771243500000,2026-02-16,12:05:00,5003.105,5003.695,5000.495,5002.105,0.0414
1771243800000,2026-02-16,12:10:00,5002.045,5002.235,4997.335,4997.415,0.0544
1771244100000,2026-02-16,12:15:00,4997.395,4998.935,4992.558,4998.935,0.0932
1771244400000,2026-02-16,12:20:00,4998.995,4999.085,4997.458,4998.575,0.0332
1771244700000,2026-02-16,12:25:00,4998.605,4998.635,4994.805,4995.905,0.0573
1771245000000,2026-02-16,12:30:00,4995.928,5005.955,4994.725,5005.275,0.1071
1771245300000,2026-02-16,12:35:00,5005.255,5007.865,5002.645,5003.055,0.0734
1771245600000,2026-02-16,12:40:00,5002.965,5004.755,5001.365,5004.755,0.0533
1771245900000,2026-02-16,12:45:00,5004.715,5005.715,5001.415,5002.085,0.0498
1771246200000,2026-02-16,12:50:00,5001.905,5002.065,4998.985,4999.955,0.0463
1771246500000,2026-02-16,12:55:00,4999.985,5002.098,4999.615,5001.625,0.0371
1771246800000,2026-02-16,13:00:00,5001.585,5003.405,5000.705,5002.325,0.0443
1771247100000,2026-02-16,13:05:00,5002.548,5003.315,5000.705,5001.835,0.0528
1771247400000,2026-02-16,13:10:00,5001.795,5002.055,4997.555,4997.825,0.0435
1771247700000,2026-02-16,13:15:00,4997.895,5000.215,4995.505,4998.645,0.0697
1771248000000,2026-02-16,13:20:00,4998.698,5001.725,4997.335,5000.905,0.0569
1771248300000,2026-02-16,13:25:00,5000.865,5001.555,4992.798,4993.898,0.18
1771248600000,2026-02-16,13:30:00,4993.919,4997.269,4993.448,4995.795,0.1357
1771248900000,2026-02-16,13:35:00,4995.815,4998.355,4992.585,4993.415,0.0827
1771249200000,2026-02-16,13:40:00,4993.445,4995.185,4992.295,4994.945,0.0513
1771249500000,2026-02-16,13:45:00,4995.035,4995.378,4989.218,4993.185,0.1349
1771249800000,2026-02-16,13:50:00,4993.198,4997.755,4993.065,4994.335,0.0753
1771250100000,2026-02-16,13:55:00,4994.285,4998.238,4993.985,4996.995,0.0563
1771250400000,2026-02-16,14:00:00,4996.975,4997.555,4993.945,4994.925,0.0568
1771250700000,2026-02-16,14:05:00,4994.915,4998.105,4994.915,4996.575,0.0641
1771251000000,2026-02-16,14:10:00,4996.595,4996.815,4994.185,4994.955,0.062
1771251300000,2026-02-16,14:15:00,4994.925,4999.395,4993.925,4994.695,0.0815
1771251600000,2026-02-16,14:20:00,4994.725,4994.785,4990.175,4994.255,0.0878
1771251900000,2026-02-16,14:25:00,4994.305,4994.785,4989.535,4992.065,0.079
1771252200000,2026-02-16,14:30:00,4992.025,4994.275,4991.745,4993.355,0.0734
1771252500000,2026-02-16,14:35:00,4993.578,4994.025,4987.735,4989.605,0.0955
1771252800000,2026-02-16,14:40:00,4989.575,4991.575,4983.228,4988.575,0.1167
1771253100000,2026-02-16,14:45:00,4988.555,4988.555,4981.425,4986.695,0.1011
1771253400000,2026-02-16,14:50:00,4986.725,4989.025,4985.115,4985.825,0.0793
1771253700000,2026-02-16,14:55:00,4985.905,4988.105,4984.375,4988.105,0.0771
1771254000000,2026-02-16,15:00:00,4987.779,4988.025,4971.518,4973.465,0.1998
1771254300000,2026-02-16,15:05:00,4973.495,4979.345,4968.665,4977.405,0.1619
1771254600000,2026-02-16,15:10:00,4977.425,4978.505,4974.655,4976.245,0.0809
1771254900000,2026-02-16,15:15:00,4976.265,4978.215,4975.335,4977.465,0.0677
1771255200000,2026-02-16,15:20:00,4977.625,4980.965,4976.498,4979.115,0.0682
1771255500000,2026-02-16,15:25:00,4979.085,4981.225,4978.685,4980.135,0.0533
1771255800000,2026-02-16,15:30:00,4980.045,4980.495,4975.495,4976.625,0.071
1771256100000,2026-02-16,15:35:00,4976.655,4978.265,4974.715,4977.085,0.0765
1771256400000,2026-02-16,15:40:00,4977.115,4980.525,4976.865,4980.435,0.0604
1771256700000,2026-02-16,15:45:00,4980.455,4981.015,4977.615,4977.925,0.049
1771257000000,2026-02-16,15:50:00,4977.955,4982.045,4976.645,4981.045,0.0617
1771257300000,2026-02-16,15:55:00,4981.005,4982.849,4978.949,4979.405,0.0687
1771257600000,2026-02-16,16:00:00,4979.365,4979.905,4972.875,4976.055,0.1049
1771257900000,2026-02-16,16:05:00,4976.025,4977.505,4974.125,4974.885,0.0644
1771258200000,2026-02-16,16:10:00,4975.105,4979.555,4974.135,4979.185,0.0565
1771258500000,2026-02-16,16:15:00,4979.165,4981.265,4975.335,4975.635,0.0709
1771258800000,2026-02-16,16:20:00,4975.665,4979.475,4975.115,4979.445,0.0592
1771259100000,2026-02-16,16:25:00,4979.725,4987.255,4979.405,4985.955,0.1151
1771259400000,2026-02-16,16:30:00,4985.995,4988.645,4985.655,4987.345,0.0799
1771259700000,2026-02-16,16:35:00,4987.305,4988.965,4986.538,4987.115,0.0647
1771260000000,2026-02-16,16:40:00,4987.115,4990.135,4986.745,4988.675,0.062
1771260300000,2026-02-16,16:45:00,4988.655,4988.715,4984.785,4986.585,0.0462
1771260600000,2026-02-16,16:50:00,4986.595,4988.445,4986.405,4987.905,0.0374
1771260900000,2026-02-16,16:55:00,4987.865,4988.515,4987.005,4987.875,0.0272
1771261200000,2026-02-16,17:00:00,4987.875,4994.025,4987.855,4992.465,0.0496
1771261500000,2026-02-16,17:05:00,4992.395,4993.255,4991.325,4992.415,0.0295
1771261800000,2026-02-16,17:10:00,4992.365,4993.605,4990.795,4991.045,0.0335
1771262100000,2026-02-16,17:15:00,4990.995,4994.535,4990.455,4991.265,0.0425
1771262400000,2026-02-16,17:20:00,4991.235,4993.395,4991.215,4992.975,0.0265
1771262700000,2026-02-16,17:25:00,4993.025,4995.048,4992.665,4994.495,0.0382
1771263000000,2026-02-16,17:30:00,4994.465,4995.795,4993.155,4993.375,0.049
1771263300000,2026-02-16,17:35:00,4993.465,4993.515,4991.598,4991.645,0.0269
1771263600000,2026-02-16,17:40:00,4991.605,4993.355,4991.245,4992.695,0.0336
1771263900000,2026-02-16,17:45:00,4992.805,4992.825,4990.445,4991.195,0.0335
1771264200000,2026-02-16,17:50:00,4991.315,4992.665,4989.798,4992.455,0.0254
1771264500000,2026-02-16,17:55:00,4992.435,4992.855,4990.125,4991.375,0.0485
1771264800000,2026-02-16,18:00:00,4991.695,4991.815,4988.305,4988.905,0.0555
1771265100000,2026-02-16,18:05:00,4988.835,4991.975,4988.805,4991.135,0.0557
1771265400000,2026-02-16,18:10:00,4991.065,4993.945,4990.805,4993.295,0.0527
1771265700000,2026-02-16,18:15:00,4993.065,4993.905,4992.298,4992.675,0.0298
1771266000000,2026-02-16,18:20:00,4992.685,4997.225,4992.685,4995.045,0.0519
1771266300000,2026-02-16,18:25:00,4995.025,4995.185,4993.675,4994.038,0.0415
1771266600000,2026-02-16,18:30:00,4994.038,4994.155,4990.945,4993.455,0.0576
1771266900000,2026-02-16,18:35:00,4993.505,4994.675,4991.445,4992.815,0.0692
1771267200000,2026-02-16,18:40:00,4992.775,4995.115,4992.555,4995.115,0.0306
1771267500000,2026-02-16,18:45:00,4995.085,4997.365,4994.745,4996.655,0.066
1771267800000,2026-02-16,18:50:00,4996.635,4997.535,4995.165,4995.598,0.032
1771268100000,2026-02-16,18:55:00,4995.855,4996.295,4994.125,4994.255,0.0323
1771268400000,2026-02-16,19:00:00,4994.235,4995.785,4994.235,4995.145,0.0536
1771268700000,2026-02-16,19:05:00,4995.165,4995.195,4993.955,4994.985,0.0403
1771269000000,2026-02-16,19:10:00,4995.015,4995.645,4990.408,4990.795,0.0705
1771269300000,2026-02-16,19:15:00,4990.785,4996.025,4990.415,4991.345,0.1072
1771269600000,2026-02-16,19:20:00,4991.365,4992.015,4990.619,4991.345,0.0478
1771269900000,2026-02-16,19:25:00,4991.365,4991.785,4990.148,4990.375,0.0284
1771282800000,2026-02-16,23:00:00,4994.098,4997.548,4987.855,4997.448,0.0698
1771283100000,2026-02-16,23:05:00,4997.448,4998.648,4993.948,4996.775,0.0458
1771283400000,2026-02-16,23:10:00,4996.795,4997.048,4985.448,4990.218,0.1277
1771283700000,2026-02-16,23:15:00,4989.925,4990.618,4984.445,4989.035,0.1186
1771284000000,2026-02-16,23:20:00,4989.015,5000.645,4987.525,4997.205,0.0814
1771284300000,2026-02-16,23:25:00,4996.475,4999.595,4993.455,4993.748,0.0577
1771284600000,2026-02-16,23:30:00,4993.775,4995.395,4989.935,4990.725,0.0513
1771284900000,2026-02-16,23:35:00,4990.755,4992.505,4989.205,4989.455,0.0549
1771285200000,2026-02-16,23:40:00,4989.405,4991.205,4986.165,4989.525,0.0433
1771285500000,2026-02-16,23:45:00,4989.485,4994.035,4988.735,4993.305,0.0301
1771285800000,2026-02-16,23:50:00,4993.285,4993.605,4990.805,4993.395,0.0263
1771286100000,2026-02-16,23:55:00,4993.415,4993.535,4988.475,4989.435,0.0377
1771286400000,2026-02-17,00:00:00,4989.465,4991.005,4982.725,4984.725,0.0794
1771286700000,2026-02-17,00:05:00,4984.745,4986.035,4975.835,4978.085,0.1062
1771287000000,2026-02-17,00:10:00,4978.065,4979.195,4975.148,4978.985,0.0772
1771287300000,2026-02-17,00:15:00,4978.985,4981.285,4977.675,4979.035,0.0569
1771287600000,2026-02-17,00:20:00,4979.065,4979.335,4974.775,4976.545,0.0655
1771287900000,2026-02-17,00:25:00,4976.405,4976.405,4970.598,4972.965,0.0847
1771288200000,2026-02-17,00:30:00,4972.995,4976.665,4972.995,4975.955,0.0685
1771288500000,2026-02-17,00:35:00,4976.265,4978.645,4970.955,4975.315,0.079
1771288800000,2026-02-17,00:40:00,4975.485,4975.505,4968.305,4970.105,0.129
1771289100000,2026-02-17,00:45:00,4970.025,4970.025,4968.155,4968.845,0.1179
1771289400000,2026-02-17,00:50:00,4968.815,4969.555,4949.175,4951.995,0.2488
1771289700000,2026-02-17,00:55:00,4951.975,4952.955,4931.785,4935.275,0.3297
1771290000000,2026-02-17,01:00:00,4935.405,4944.595,4922.558,4933.825,0.3463
1771290300000,2026-02-17,01:05:00,4933.865,4949.085,4933.865,4947.265,0.2742
1771290600000,2026-02-17,01:10:00,4947.295,4950.928,4946.535,4949.815,0.1678
1771290900000,2026-02-17,01:15:00,4949.918,4950.565,4944.798,4946.575,0.1116
1771291200000,2026-02-17,01:20:00,4946.555,4953.018,4944.235,4952.498,0.1681
1771291500000,2026-02-17,01:25:00,4952.498,4957.725,4951.215,4956.515,0.2457
1771291800000,2026-02-17,01:30:00,4956.545,4958.005,4954.398,4955.935,0.0886
1771292100000,2026-02-17,01:35:00,4955.965,4960.955,4955.945,4958.335,0.0998
1771292400000,2026-02-17,01:40:00,4958.375,4963.565,4956.615,4962.945,0.0943
1771292700000,2026-02-17,01:45:00,4962.968,4963.405,4958.648,4959.685,0.0823
1771293000000,2026-02-17,01:50:00,4959.685,4961.215,4955.235,4958.405,0.1031
1771293300000,2026-02-17,01:55:00,4958.375,4959.415,4955.865,4957.535,0.078
1771293600000,2026-02-17,02:00:00,4957.178,4958.275,4955.075,4956.585,0.11
1771293900000,2026-02-17,02:05:00,4956.565,4963.515,4954.225,4963.305,0.1096
1771294200000,2026-02-17,02:10:00,4963.285,4965.355,4962.115,4964.635,0.0701
1771294500000,2026-02-17,02:15:00,4964.655,4968.225,4963.015,4968.005,0.0619
1771294800000,2026-02-17,02:20:00,4968.025,4970.845,4967.125,4967.145,0.0718
1771295100000,2026-02-17,02:25:00,4967.115,4967.755,4963.768,4965.065,0.0766
1771295400000,2026-02-17,02:30:00,4965.055,4966.515,4961.225,4963.225,0.0877
1771295700000,2026-02-17,02:35:00,4963.245,4964.265,4962.465,4963.795,0.055
1771296000000,2026-02-17,02:40:00,4963.785,4963.945,4959.115,4960.695,0.0702
1771296300000,2026-02-17,02:45:00,4960.735,4964.005,4959.925,4962.125,0.0504
1771296600000,2026-02-17,02:50:00,4962.015,4964.225,4960.835,4962.955,0.073
1771296900000,2026-02-17,02:55:00,4962.865,4966.825,4962.625,4966.638,0.1098
1771297200000,2026-02-17,03:00:00,4966.578,4969.778,4961.955,4962.095,0.1155
1771297500000,2026-02-17,03:05:00,4962.268,4965.245,4960.178,4963.395,0.0925
1771297800000,2026-02-17,03:10:00,4963.415,4964.465,4958.765,4961.215,0.0745
1771298100000,2026-02-17,03:15:00,4961.155,4961.495,4956.258,4957.135,0.076
1771298400000,2026-02-17,03:20:00,4957.175,4961.445,4956.585,4957.755,0.0682
1771298700000,2026-02-17,03:25:00,4957.565,4958.785,4953.475,4955.085,0.091
1771299000000,2026-02-17,03:30:00,4955.125,4960.025,4953.645,4954.575,0.0733
1771299300000,2026-02-17,03:35:00,4954.555,4954.835,4949.955,4950.775,0.0867
1771299600000,2026-02-17,03:40:00,4950.785,4955.735,4949.645,4953.275,0.0832
1771299900000,2026-02-17,03:45:00,4953.325,4957.635,4952.965,4956.755,0.0572
1771300200000,2026-02-17,03:50:00,4956.735,4959.355,4956.715,4957.225,0.0505
1771300500000,2026-02-17,03:55:00,4957.265,4960.045,4955.455,4956.505,0.0424
1771300800000,2026-02-17,04:00:00,4956.425,4956.425,4949.565,4950.375,0.1252
1771301100000,2026-02-17,04:05:00,4950.395,4950.455,4946.245,4949.335,0.0946
1771301400000,2026-02-17,04:10:00,4949.365,4953.675,4949.245,4951.745,0.0547
1771301700000,2026-02-17,04:15:00,4951.745,4954.845,4950.205,4953.445,0.0756
1771302000000,2026-02-17,04:20:00,4953.485,4957.715,4953.485,4956.955,0.0734
1771302300000,2026-02-17,04:25:00,4956.955,4960.055,4956.595,4959.395,0.0718
1771302600000,2026-02-17,04:30:00,4959.395,4959.945,4953.035,4953.505,0.0865
1771302900000,2026-02-17,04:35:00,4953.535,4954.705,4950.135,4954.125,0.0676
1771303200000,2026-02-17,04:40:00,4954.095,4955.115,4951.245,4951.945,0.038
1771303500000,2026-02-17,04:45:00,4951.925,4953.495,4949.375,4950.955,0.0358
1771303800000,2026-02-17,04:50:00,4950.935,4952.285,4949.155,4950.655,0.0298
1771304100000,2026-02-17,04:55:00,4950.675,4953.645,4950.095,4952.545,0.0381
1771304400000,2026-02-17,05:00:00,4952.515,4953.975,4948.338,4949.165,0.0518
1771304700000,2026-02-17,05:05:00,4949.135,4949.335,4936.845,4944.225,0.1084
1771305000000,2026-02-17,05:10:00,4944.195,4944.795,4926.865,4927.678,0.1464
1771305300000,2026-02-17,05:15:00,4927.505,4927.895,4895.885,4900.735,0.3703
1771305600000,2026-02-17,05:20:00,4900.715,4903.185,4888.205,4897.085,0.3184
1771305900000,2026-02-17,05:25:00,4897.285,4903.545,4888.065,4900.305,0.3875
1771306200000,2026-02-17,05:30:00,4900.375,4901.895,4856.648,4884.179,0.4702
1771306500000,2026-02-17,05:35:00,4884.199,4889.455,4874.498,4882.918,0.4693
1771306800000,2026-02-17,05:40:00,4882.798,4886.085,4874.105,4879.025,0.2516
1771307100000,2026-02-17,05:45:00,4879.025,4887.375,4873.245,4885.775,0.2571
1771307400000,2026-02-17,05:50:00,4885.775,4897.515,4884.345,4888.705,0.1657
1771307700000,2026-02-17,05:55:00,4888.725,4890.055,4883.695,4888.485,0.113
1771308000000,2026-02-17,06:00:00,4888.315,4893.248,4887.485,4891.095,0.1847
1771308300000,2026-02-17,06:05:00,4891.075,4894.198,4889.148,4891.348,0.1224
1771308600000,2026-02-17,06:10:00,4891.348,4892.748,4887.435,4891.335,0.1129
1771308900000,2026-02-17,06:15:00,4891.355,4901.325,4886.205,4899.365,0.1314
1771309200000,2026-02-17,06:20:00,4899.348,4900.695,4895.085,4895.425,0.1014
1771309500000,2026-02-17,06:25:00,4895.475,4895.545,4891.385,4894.445,0.0946
1771309800000,2026-02-17,06:30:00,4894.415,4904.985,4890.985,4903.895,0.0838
1771310100000,2026-02-17,06:35:00,4903.865,4909.448,4902.918,4909.215,0.0961
1771310400000,2026-02-17,06:40:00,4909.245,4913.848,4905.895,4908.545,0.1071
1771310700000,2026-02-17,06:45:00,4908.565,4909.285,4899.065,4908.645,0.0805
1771311000000,2026-02-17,06:50:00,4908.625,4913.675,4907.605,4913.105,0.06
1771311300000,2026-02-17,06:55:00,4913.125,4913.135,4908.095,4910.105,0.062
1771311600000,2026-02-17,07:00:00,4910.115,4910.775,4903.595,4910.725,0.147
1771311900000,2026-02-17,07:05:00,4910.705,4913.535,4907.705,4908.175,0.1231
1771312200000,2026-02-17,07:10:00,4908.308,4910.565,4905.555,4906.535,0.0809
1771312500000,2026-02-17,07:15:00,4906.525,4908.815,4905.335,4907.495,0.0593
1771312800000,2026-02-17,07:20:00,4907.495,4916.445,4907.185,4909.755,0.084
1771313100000,2026-02-17,07:25:00,4909.315,4911.555,4906.855,4907.805,0.0699
1771313400000,2026-02-17,07:30:00,4907.785,4910.605,4903.885,4909.955,0.077
1771313700000,2026-02-17,07:35:00,4910.045,4920.155,4909.265,4919.525,0.1025
1771314000000,2026-02-17,07:40:00,4919.475,4920.865,4916.765,4917.155,0.082
1771314300000,2026-02-17,07:45:00,4916.898,4918.005,4914.865,4915.065,0.0663
1771314600000,2026-02-17,07:50:00,4915.085,4921.905,4914.445,4920.885,0.0664
1771314900000,2026-02-17,07:55:00,4920.835,4921.325,4914.845,4916.765,0.0792
1771315200000,2026-02-17,08:00:00,4916.885,4925.975,4916.195,4925.495,0.1614
1771315500000,2026-02-17,08:05:00,4925.495,4925.495,4917.395,4919.895,0.1087
1771315800000,2026-02-17,08:10:00,4921.078,4930.195,4920.958,4927.335,0.1174
1771316100000,2026-02-17,08:15:00,4927.315,4928.815,4923.585,4924.015,0.0702
1771316400000,2026-02-17,08:20:00,4923.995,4928.175,4922.015,4925.165,0.0837
1771316700000,2026-02-17,08:25:00,4925.195,4925.575,4918.945,4919.755,0.0752
1771317000000,2026-02-17,08:30:00,4919.735,4925.365,4918.515,4919.365,0.0849
1771317300000,2026-02-17,08:35:00,4919.345,4921.595,4916.335,4917.945,0.09
1771317600000,2026-02-17,08:40:00,4917.945,4920.165,4916.165,4917.665,0.0608
1771317900000,2026-02-17,08:45:00,4917.625,4924.065,4917.625,4922.598,0.0846
1771318200000,2026-02-17,08:50:00,4922.585,4925.105,4920.258,4921.835,0.0592
1771318500000,2026-02-17,08:55:00,4921.815,4922.965,4919.665,4920.385,0.0664
1771318800000,2026-02-17,09:00:00,4920.185,4928.415,4919.755,4928.335,0.1124
1771319100000,2026-02-17,09:05:00,4928.415,4928.958,4920.765,4922.475,0.0839
1771319400000,2026-02-17,09:10:00,4922.825,4925.485,4920.038,4921.475,0.074
1771319700000,2026-02-17,09:15:00,4921.455,4923.655,4917.885,4919.305,0.0801
1771320000000,2026-02-17,09:20:00,4919.285,4921.475,4918.205,4920.518,0.0686
1771320300000,2026-02-17,09:25:00,4920.765,4921.465,4917.758,4918.575,0.063
1771320600000,2026-02-17,09:30:00,4918.555,4920.915,4916.165,4919.765,0.0645
1771320900000,2026-02-17,09:35:00,4919.815,4924.115,4919.595,4921.595,0.0866
1771321200000,2026-02-17,09:40:00,4921.535,4921.915,4918.025,4920.695,0.0701
1771321500000,2026-02-17,09:45:00,4920.725,4921.995,4912.735,4917.935,0.0934
1771321800000,2026-02-17,09:50:00,4917.965,4932.175,4917.965,4927.225,0.1435
1771322100000,2026-02-17,09:55:00,4927.005,4927.955,4925.465,4925.655,0.0429
1771322400000,2026-02-17,10:00:00,4925.635,4928.465,4923.385,4927.115,0.0711
1771322700000,2026-02-17,10:05:00,4927.145,4929.365,4926.205,4928.955,0.0578
1771323000000,2026-02-17,10:10:00,4928.965,4938.965,4928.085,4936.035,0.1123
1771323300000,2026-02-17,10:15:00,4936.095,4937.505,4931.185,4932.535,0.0656
1771323600000,2026-02-17,10:20:00,4932.495,4935.425,4931.825,4931.825,0.0396
1771323900000,2026-02-17,10:25:00,4931.795,4932.175,4927.785,4927.825,0.0521
1771324200000,2026-02-17,10:30:00,4927.755,4927.985,4920.738,4925.085,0.1028
1771324500000,2026-02-17,10:35:00,4925.105,4926.775,4919.225,4925.975,0.0635
1771324800000,2026-02-17,10:40:00,4925.935,4925.935,4920.415,4921.515,0.0665
1771325100000,2026-02-17,10:45:00,4921.215,4922.565,4915.405,4915.945,0.0782
1771325400000,2026-02-17,10:50:00,4915.905,4917.965,4907.355,4911.715,0.1416
1771325700000,2026-02-17,10:55:00,4911.685,4913.915,4909.635,4912.925,0.0921
1771326000000,2026-02-17,11:00:00,4912.955,4920.035,4912.835,4918.995,0.0715
1771326300000,2026-02-17,11:05:00,4919.015,4924.775,4918.525,4922.215,0.0916
1771326600000,2026-02-17,11:10:00,4922.185,4926.635,4920.845,4925.985,0.073
1771326900000,2026-02-17,11:15:00,4926.035,4927.745,4925.245,4926.695,0.0526
1771327200000,2026-02-17,11:20:00,4926.695,4930.735,4924.375,4927.225,0.088
1771327500000,2026-02-17,11:25:00,4927.205,4929.238,4925.985,4927.545,0.0515
1771327800000,2026-02-17,11:30:00,4927.575,4928.875,4923.715,4923.985,0.0573
1771328100000,2026-02-17,11:35:00,4924.335,4926.605,4921.835,4926.595,0.0646
1771328400000,2026-02-17,11:40:00,4926.615,4929.765,4924.385,4927.575,0.0447
1771328700000,2026-02-17,11:45:00,4927.615,4929.415,4925.345,4929.055,0.0362
1771329000000,2026-02-17,11:50:00,4928.749,4929.348,4924.055,4924.998,0.0583
1771329300000,2026-02-17,11:55:00,4925.015,4930.648,4921.195,4929.015,0.0943
1771329600000,2026-02-17,12:00:00,4928.679,4933.855,4927.925,4930.045,0.1026
1771329900000,2026-02-17,12:05:00,4930.005,4937.635,4929.185,4937.235,0.0936
1771330200000,2026-02-17,12:10:00,4937.265,4938.495,4933.235,4933.435,0.1158
1771330500000,2026-02-17,12:15:00,4933.475,4944.255,4933.475,4937.275,0.119
1771330800000,2026-02-17,12:20:00,4937.235,4941.585,4936.835,4940.665,0.055
1771331100000,2026-02-17,12:25:00,4940.635,4943.465,4939.115,4942.665,0.0729
1771331400000,2026-02-17,12:30:00,4942.625,4943.885,4936.855,4939.975,0.0777
1771331700000,2026-02-17,12:35:00,4939.945,4942.985,4936.615,4938.155,0.0758
1771332000000,2026-02-17,12:40:00,4938.125,4938.125,4933.255,4937.035,0.0747
1771332300000,2026-02-17,12:45:00,4937.365,4937.425,4934.105,4934.155,0.0596
1771332600000,2026-02-17,12:50:00,4934.525,4935.815,4932.615,4932.875,0.0621
1771332900000,2026-02-17,12:55:00,4932.855,4934.255,4928.645,4931.685,0.0992
1771333200000,2026-02-17,13:00:00,4931.795,4933.055,4926.085,4927.125,0.1069
1771333500000,2026-02-17,13:05:00,4927.118,4928.275,4921.775,4924.515,0.1031
1771333800000,2026-02-17,13:10:00,4924.485,4924.875,4918.075,4921.658,0.1299
1771334100000,2026-02-17,13:15:00,4921.285,4922.615,4912.298,4912.545,0.1391
1771334400000,2026-02-17,13:20:00,4912.378,4922.695,4910.585,4917.205,0.1666
1771334700000,2026-02-17,13:25:00,4917.155,4921.095,4915.265,4918.775,0.1302
1771335000000,2026-02-17,13:30:00,4919.285,4921.475,4907.578,4912.015,0.1573
1771335300000,2026-02-17,13:35:00,4911.815,4918.035,4910.665,4915.505,0.1519
1771335600000,2026-02-17,13:40:00,4915.485,4922.305,4912.175,4921.445,0.1562
1771335900000,2026-02-17,13:45:00,4921.485,4924.095,4919.125,4919.538,0.115
1771336200000,2026-02-17,13:50:00,4919.538,4920.995,4909.445,4916.435,0.2555
1771336500000,2026-02-17,13:55:00,4916.415,4916.475,4869.705,4870.485,0.312
1771336800000,2026-02-17,14:00:00,4870.525,4873.905,4840.095,4871.615,0.4112
1771337100000,2026-02-17,14:05:00,4871.645,4899.325,4866.895,4892.178,0.4378
1771337400000,2026-02-17,14:10:00,4892.405,4898.848,4884.148,4895.848,0.3335
1771337700000,2026-02-17,14:15:00,4895.748,4899.585,4889.428,4892.838,0.2473
1771338000000,2026-02-17,14:20:00,4892.825,4904.035,4890.875,4896.025,0.1561
1771338300000,2026-02-17,14:25:00,4896.055,4900.675,4893.028,4897.805,0.2263
1771338600000,2026-02-17,14:30:00,4897.825,4906.675,4886.965,4897.435,0.4486
1771338900000,2026-02-17,14:35:00,4897.195,4902.595,4874.218,4875.478,0.4247
1771339200000,2026-02-17,14:40:00,4874.498,4886.315,4866.945,4869.905,0.4031
1771339500000,2026-02-17,14:45:00,4869.905,4876.488,4860.218,4865.008,0.4272
1771339800000,2026-02-17,14:50:00,4865.275,4880.125,4855.715,4873.805,0.432
1771340100000,2026-02-17,14:55:00,4873.955,4879.385,4861.555,4863.305,0.3758
1771340400000,2026-02-17,15:00:00,4862.825,4868.315,4848.485,4866.675,0.4115
1771340700000,2026-02-17,15:05:00,4866.505,4872.625,4855.695,4857.065,0.6127
1771341000000,2026-02-17,15:10:00,4856.835,4863.905,4850.918,4856.735,0.4437
1771341300000,2026-02-17,15:15:00,4856.735,4874.188,4853.195,4873.845,0.4941
1771341600000,2026-02-17,15:20:00,4873.845,4877.205,4862.725,4869.045,0.7396
1771341900000,2026-02-17,15:25:00,4869.045,4871.345,4860.645,4861.145,0.4682
1771342200000,2026-02-17,15:30:00,4861.105,4863.245,4852.505,4853.805,0.3559
1771342500000,2026-02-17,15:35:00,4853.935,4864.835,4852.325,4864.275,0.3278
1771342800000,2026-02-17,15:40:00,4864.295,4872.875,4861.735,4868.045,0.2783
1771343100000,2026-02-17,15:45:00,4868.135,4874.655,4865.745,4868.055,0.2871
1771343400000,2026-02-17,15:50:00,4868.005,4870.785,4861.008,4865.855,0.3168
1771343700000,2026-02-17,15:55:00,4865.835,4882.098,4864.445,4878.135,0.3359
1771344000000,2026-02-17,16:00:00,4878.165,4887.715,4876.375,4876.995,0.3285
1771344300000,2026-02-17,16:05:00,4876.945,4893.085,4876.199,4888.305,0.318
1771344600000,2026-02-17,16:10:00,4888.255,4890.565,4882.345,4883.225,0.2355
1771344900000,2026-02-17,16:15:00,4883.275,4890.155,4882.395,4884.668,0.3146
1771345200000,2026-02-17,16:20:00,4884.668,4891.075,4883.408,4885.405,0.2647
1771345500000,2026-02-17,16:25:00,4885.365,4887.208,4880.335,4883.365,0.2366
1771345800000,2026-02-17,16:30:00,4883.285,4885.485,4876.015,4879.435,0.2266
1771346100000,2026-02-17,16:35:00,4879.595,4882.305,4876.895,4878.105,0.2326
1771346400000,2026-02-17,16:40:00,4878.218,4887.395,4873.565,4877.025,0.2095
1771346700000,2026-02-17,16:45:00,4877.055,4881.695,4874.155,4876.795,0.196
1771347000000,2026-02-17,16:50:00,4876.815,4882.955,4873.215,4875.875,0.2356
1771347300000,2026-02-17,16:55:00,4875.855,4876.585,4868.118,4868.755,0.2301
1771347600000,2026-02-17,17:00:00,4868.775,4870.835,4857.765,4866.045,0.2445
1771347900000,2026-02-17,17:05:00,4866.025,4870.985,4863.925,4865.165,0.2358
1771348200000,2026-02-17,17:10:00,4865.145,4866.795,4849.645,4854.955,0.2762
1771348500000,2026-02-17,17:15:00,4854.935,4864.025,4854.645,4862.975,0.1649
1771348800000,2026-02-17,17:20:00,4863.005,4863.635,4858.398,4859.285,0.1721
1771349100000,2026-02-17,17:25:00,4858.835,4864.895,4857.075,4864.585,0.2148
1771349400000,2026-02-17,17:30:00,4864.115,4867.598,4861.475,4863.898,0.1843
1771349700000,2026-02-17,17:35:00,4864.015,4868.155,4861.375,4863.685,0.1272
1771350000000,2026-02-17,17:40:00,4863.645,4864.835,4859.018,4859.555,0.1724
1771350300000,2026-02-17,17:45:00,4859.545,4863.295,4855.575,4862.615,0.1917
1771350600000,2026-02-17,17:50:00,4862.345,4865.615,4853.385,4856.535,0.2401
1771350900000,2026-02-17,17:55:00,4856.495,4867.545,4855.775,4864.615,0.2279
1771351200000,2026-02-17,18:00:00,4864.675,4871.565,4863.095,4868.105,0.264
1771351500000,2026-02-17,18:05:00,4868.135,4868.148,4862.085,4864.785,0.1353
1771351800000,2026-02-17,18:10:00,4865.105,4867.525,4863.075,4866.725,0.127
1771352100000,2026-02-17,18:15:00,4866.775,4877.815,4866.655,4877.505,0.1696
1771352400000,2026-02-17,18:20:00,4877.545,4885.695,4877.145,4885.305,0.3235
1771352700000,2026-02-17,18:25:00,4885.348,4890.355,4880.355,4886.705,0.2482
1771353000000,2026-02-17,18:30:00,4886.645,4887.195,4879.525,4881.395,0.144
1771353300000,2026-02-17,18:35:00,4881.375,4891.185,4880.545,4890.455,0.1742
1771353600000,2026-02-17,18:40:00,4890.415,4895.245,4888.595,4889.058,0.1494
1771353900000,2026-02-17,18:45:00,4889.058,4892.075,4884.815,4891.615,0.1419
1771354200000,2026-02-17,18:50:00,4891.595,4896.545,4889.855,4893.695,0.2085
1771354500000,2026-02-17,18:55:00,4893.835,4910.165,4893.445,4898.505,0.2603
1771354800000,2026-02-17,19:00:00,4898.525,4900.808,4893.915,4897.875,0.2206
1771355100000,2026-02-17,19:05:00,4897.835,4900.045,4894.655,4897.615,0.1886
1771355400000,2026-02-17,19:10:00,4897.635,4898.155,4892.515,4893.315,0.1971
1771355700000,2026-02-17,19:15:00,4893.285,4897.595,4889.398,4889.645,0.1649
1771356000000,2026-02-17,19:20:00,4889.625,4893.955,4886.818,4890.615,0.1626
1771356300000,2026-02-17,19:25:00,4890.645,4890.935,4881.435,4883.235,0.2168
1771356600000,2026-02-17,19:30:00,4883.208,4883.555,4876.135,4880.495,0.213
1771356900000,2026-02-17,19:35:00,4880.445,4887.395,4879.545,4885.175,0.1446
1771357200000,2026-02-17,19:40:00,4885.195,4888.015,4882.065,4884.195,0.1449
1771357500000,2026-02-17,19:45:00,4884.225,4885.155,4881.455,4884.595,0.1412
1771357800000,2026-02-17,19:50:00,4884.615,4885.315,4881.398,4882.665,0.1294
1771358100000,2026-02-17,19:55:00,4882.695,4884.555,4879.628,4879.975,0.1485
1771358400000,2026-02-17,20:00:00,4879.925,4882.145,4873.595,4878.585,0.3286
1771358700000,2026-02-17,20:05:00,4878.615,4878.805,4874.448,4876.345,0.3372
1771359000000,2026-02-17,20:10:00,4876.465,4879.645,4876.465,4879.355,0.3437
1771359300000,2026-02-17,20:15:00,4879.365,4880.015,4875.508,4876.015,0.2521
1771359600000,2026-02-17,20:20:00,4876.045,4878.095,4872.985,4874.385,0.2717
1771359900000,2026-02-17,20:25:00,4874.365,4879.035,4874.045,4877.475,0.2601
1771360200000,2026-02-17,20:30:00,4877.495,4879.135,4873.485,4875.745,0.3407
1771360500000,2026-02-17,20:35:00,4875.455,4879.025,4874.158,4878.595,0.2778
1771360800000,2026-02-17,20:40:00,4878.615,4883.005,4876.885,4878.295,0.2462
1771361100000,2026-02-17,20:45:00,4878.295,4881.465,4878.295,4879.565,0.2301
1771361400000,2026-02-17,20:50:00,4879.595,4883.885,4879.495,4882.335,0.2881
1771361700000,2026-02-17,20:55:00,4882.295,4883.655,4876.118,4877.558,0.4611
1771362000000,2026-02-17,21:00:00,4877.575,4884.155,4875.258,4882.965,0.1032
1771362300000,2026-02-17,21:05:00,4883.075,4883.105,4874.545,4878.755,0.0847
1771362600000,2026-02-17,21:10:00,4878.725,4882.155,4877.965,4880.685,0.0579
1771362900000,2026-02-17,21:15:00,4880.685,4886.485,4879.395,4883.135,0.0781
1771363200000,2026-02-17,21:20:00,4883.105,4883.105,4877.405,4879.165,0.0648
1771363500000,2026-02-17,21:25:00,4879.185,4882.115,4878.985,4880.075,0.0472
1771363800000,2026-02-17,21:30:00,4880.065,4880.825,4879.358,4879.855,0.0327
1771364100000,2026-02-17,21:35:00,4879.735,4881.715,4878.445,4878.795,0.0359
1771364400000,2026-02-17,21:40:00,4878.735,4880.645,4878.305,4879.175,0.0348
1771364700000,2026-02-17,21:45:00,4879.169,4879.595,4876.715,4877.295,0.0426
1771365000000,2026-02-17,21:50:00,4877.295,4878.585,4876.698,4877.685,0.0448
1771365300000,2026-02-17,21:55:00,4877.735,4878.715,4876.455,4878.465,0.0655
1771369200000,2026-02-17,23:00:00,4874.828,4875.068,4869.638,4869.698,0.0113
1771369500000,2026-02-17,23:05:00,4869.698,4874.648,4861.245,4873.748,0.0573
1771369800000,2026-02-17,23:10:00,4873.179,4883.325,4865.315,4882.235,0.0681
1771370100000,2026-02-17,23:15:00,4882.245,4884.155,4867.445,4873.485,0.1051
1771370400000,2026-02-17,23:20:00,4873.465,4878.595,4867.485,4871.945,0.0915
1771370700000,2026-02-17,23:25:00,4872.365,4878.435,4869.785,4877.375,0.0575
1771371000000,2026-02-17,23:30:00,4877.405,4883.365,4868.008,4869.025,0.063
1771371300000,2026-02-17,23:35:00,4868.995,4872.305,4865.775,4865.925,0.0547
1771371600000,2026-02-17,23:40:00,4866.468,4876.685,4866.375,4875.925,0.0889
1771371900000,2026-02-17,23:45:00,4875.835,4876.525,4863.655,4864.395,0.0945
1771372200000,2026-02-17,23:50:00,4864.365,4865.725,4853.775,4857.718,0.1241
1771372500000,2026-02-17,23:55:00,4857.718,4862.125,4854.228,4858.815,0.0999
1771372800000,2026-02-18,00:00:00,4858.855,4869.495,4857.995,4862.915,0.1205
1771373100000,2026-02-18,00:05:00,4863.145,4868.075,4859.745,4866.495,0.0924
1771373400000,2026-02-18,00:10:00,4866.285,4868.945,4860.905,4863.515,0.1158
1771373700000,2026-02-18,00:15:00,4863.485,4869.105,4862.815,4864.985,0.0829
1771374000000,2026-02-18,00:20:00,4864.955,4870.695,4857.848,4869.585,0.1042
1771374300000,2026-02-18,00:25:00,4869.555,4871.965,4867.248,4869.745,0.0849
1771374600000,2026-02-18,00:30:00,4869.775,4878.948,4867.415,4874.985,0.0803
1771374900000,2026-02-18,00:35:00,4874.965,4880.165,4874.315,4875.535,0.086
1771375200000,2026-02-18,00:40:00,4875.505,4881.545,4875.435,4877.745,0.0913
1771375500000,2026-02-18,00:45:00,4877.725,4878.915,4875.225,4878.105,0.0901
1771375800000,2026-02-18,00:50:00,4878.055,4882.925,4877.335,4878.005,0.0712
1771376100000,2026-02-18,00:55:00,4877.185,4880.615,4871.868,4874.495,0.1118
1771376400000,2026-02-18,01:00:00,4874.435,4888.775,4874.185,4883.708,0.1819
1771376700000,2026-02-18,01:05:00,4883.798,4889.695,4881.988,4887.555,0.1366
1771377000000,2026-02-18,01:10:00,4887.688,4891.078,4883.028,4886.395,0.1227
1771377300000,2026-02-18,01:15:00,4886.375,4891.325,4882.748,4884.935,0.1612
1771377600000,2026-02-18,01:20:00,4884.945,4886.775,4882.798,4883.785,0.1777
1771377900000,2026-02-18,01:25:00,4883.765,4888.675,4880.855,4886.805,0.0975
1771378200000,2026-02-18,01:30:00,4886.775,4890.465,4883.565,4888.445,0.078
1771378500000,2026-02-18,01:35:00,4888.425,4892.448,4887.145,4887.455,0.0866
1771378800000,2026-02-18,01:40:00,4887.495,4889.445,4885.495,4885.525,0.0638
1771379100000,2026-02-18,01:45:00,4885.485,4888.385,4882.795,4886.535,0.0939
1771379400000,2026-02-18,01:50:00,4886.555,4886.605,4882.745,4884.875,0.0413
1771379700000,2026-02-18,01:55:00,4884.905,4892.355,4884.705,4889.615,0.051
1771380000000,2026-02-18,02:00:00,4889.555,4896.985,4886.115,4895.475,0.0783
1771380300000,2026-02-18,02:05:00,4895.495,4900.465,4894.665,4899.675,0.1114
1771380600000,2026-02-18,02:10:00,4899.705,4901.135,4896.448,4898.175,0.0654
1771380900000,2026-02-18,02:15:00,4898.155,4900.135,4895.798,4896.205,0.0688
1771381200000,2026-02-18,02:20:00,4896.235,4900.495,4894.985,4900.215,0.0507
1771381500000,2026-02-18,02:25:00,4900.175,4904.055,4900.135,4900.745,0.1
1771381800000,2026-02-18,02:30:00,4900.715,4905.165,4900.285,4904.695,0.079
1771382100000,2026-02-18,02:35:00,4904.665,4906.098,4903.155,4904.675,0.0694
1771382400000,2026-02-18,02:40:00,4904.675,4905.425,4903.645,4904.548,0.0483
1771382700000,2026-02-18,02:45:00,4904.548,4906.048,4903.148,4903.375,0.0379
1771383000000,2026-02-18,02:50:00,4903.405,4906.985,4903.185,4905.685,0.0325
1771383300000,2026-02-18,02:55:00,4905.645,4905.645,4902.575,4904.945,0.0377
1771383600000,2026-02-18,03:00:00,4904.975,4914.305,4903.825,4913.225,0.0789
1771383900000,2026-02-18,03:05:00,4913.225,4915.945,4912.745,4914.715,0.1292
1771384200000,2026-02-18,03:10:00,4914.735,4915.495,4911.198,4912.365,0.0752
1771384500000,2026-02-18,03:15:00,4912.415,4916.255,4912.385,4915.075,0.0559
1771384800000,2026-02-18,03:20:00,4915.075,4919.355,4915.075,4918.685,0.0793
1771385100000,2026-02-18,03:25:00,4918.705,4919.775,4917.765,4918.995,0.0621
1771385400000,2026-02-18,03:30:00,4918.975,4920.425,4916.245,4916.265,0.0714
1771385700000,2026-02-18,03:35:00,4916.435,4918.308,4916.398,4916.945,0.0359
1771386000000,2026-02-18,03:40:00,4916.985,4918.598,4916.498,4918.465,0.0352
1771386300000,2026-02-18,03:45:00,4918.395,4919.805,4917.515,4919.525,0.0466
1771386600000,2026-02-18,03:50:00,4919.625,4920.325,4918.115,4920.325,0.0504
1771386900000,2026-02-18,03:55:00,4920.375,4921.975,4919.345,4920.425,0.0868
1771387200000,2026-02-18,04:00:00,4920.445,4921.215,4918.015,4921.005,0.0472
1771387500000,2026-02-18,04:05:00,4921.225,4927.995,4920.965,4925.085,0.0795
1771387800000,2026-02-18,04:10:00,4925.125,4930.825,4925.125,4928.198,0.0889
1771388100000,2026-02-18,04:15:00,4928.515,4928.798,4924.245,4926.545,0.0497
1771388400000,2026-02-18,04:20:00,4926.515,4929.035,4925.665,4928.385,0.0395
1771388700000,2026-02-18,04:25:00,4928.425,4933.175,4928.255,4932.725,0.0575
1771389000000,2026-02-18,04:30:00,4932.775,4936.585,4932.775,4935.265,0.0907
1771389300000,2026-02-18,04:35:00,4935.285,4935.698,4931.805,4932.778,0.0551
1771389600000,2026-02-18,04:40:00,4932.625,4933.605,4931.125,4932.798,0.0942
1771389900000,2026-02-18,04:45:00,4932.798,4937.358,4931.898,4937.358,0.0715
1771390200000,2026-02-18,04:50:00,4937.358,4939.845,4935.945,4936.125,0.1021
1771390500000,2026-02-18,04:55:00,4936.075,4936.075,4931.998,4933.585,0.1136
1771390800000,2026-02-18,05:00:00,4933.655,4938.198,4933.095,4934.218,0.1173
1771391100000,2026-02-18,05:05:00,4934.218,4934.675,4930.318,4931.445,0.0599
1771391400000,2026-02-18,05:10:00,4931.405,4934.065,4929.555,4932.865,0.0547
1771391700000,2026-02-18,05:15:00,4932.775,4933.395,4931.385,4932.995,0.0343
1771392000000,2026-02-18,05:20:00,4933.055,4936.675,4933.055,4936.295,0.0377
1771392300000,2026-02-18,05:25:00,4936.315,4939.035,4934.505,4935.055,0.0447
1771392600000,2026-02-18,05:30:00,4935.085,4936.385,4934.945,4935.525,0.0305
1771392900000,2026-02-18,05:35:00,4935.545,4939.525,4934.945,4938.675,0.0358
1771393200000,2026-02-18,05:40:00,4938.655,4938.895,4934.175,4934.478,0.0515
1771393500000,2026-02-18,05:45:00,4934.478,4935.778,4933.575,4935.395,0.05
1771393800000,2026-02-18,05:50:00,4935.365,4938.415,4934.965,4936.735,0.032
1771394100000,2026-02-18,05:55:00,4936.725,4937.035,4932.895,4933.165,0.0349
1771394400000,2026-02-18,06:00:00,4933.205,4933.875,4928.338,4931.835,0.0715
1771394700000,2026-02-18,06:05:00,4931.775,4932.245,4925.935,4927.435,0.067
1771395000000,2026-02-18,06:10:00,4927.475,4929.355,4925.745,4926.575,0.0624
1771395300000,2026-02-18,06:15:00,4926.595,4927.835,4924.925,4927.315,0.0494
1771395600000,2026-02-18,06:20:00,4927.335,4931.715,4926.705,4931.075,0.0499
1771395900000,2026-02-18,06:25:00,4931.095,4932.423,4930.025,4930.265,0.0405
1771396200000,2026-02-18,06:30:00,4930.285,4932.095,4926.435,4926.795,0.0575
1771396500000,2026-02-18,06:35:00,4926.825,4928.985,4926.495,4928.005,0.0583
1771396800000,2026-02-18,06:40:00,4927.998,4932.445,4927.798,4930.785,0.0461
1771397100000,2026-02-18,06:45:00,4930.805,4935.745,4930.805,4935.365,0.0343
1771397400000,2026-02-18,06:50:00,4935.405,4935.725,4932.995,4934.535,0.0425
1771397700000,2026-02-18,06:55:00,4934.605,4934.785,4930.335,4930.525,0.0409
1771398000000,2026-02-18,07:00:00,4930.495,4935.095,4929.815,4934.665,0.0514
1771398300000,2026-02-18,07:05:00,4934.835,4938.955,4933.085,4938.325,0.0598
1771398600000,2026-02-18,07:10:00,4938.295,4942.095,4935.115,4938.165,0.0709
1771398900000,2026-02-18,07:15:00,4938.155,4939.265,4933.835,4933.895,0.0658
1771399200000,2026-02-18,07:20:00,4933.935,4935.755,4932.175,4934.945,0.0441
1771399500000,2026-02-18,07:25:00,4934.965,4941.35,4933.235,4938.895,0.0537
1771399800000,2026-02-18,07:30:00,4938.875,4940.325,4936.475,4938.245,0.0531
1771400100000,2026-02-18,07:35:00,4938.415,4940.255,4936.595,4936.765,0.0375
1771400400000,2026-02-18,07:40:00,4936.715,4936.785,4933.505,4933.825,0.036
1771400700000,2026-02-18,07:45:00,4933.855,4935.295,4930.375,4931.585,0.0419
1771401000000,2026-02-18,07:50:00,4931.815,4931.815,4929.555,4929.905,0.0326
1771401300000,2026-02-18,07:55:00,4929.955,4930.885,4928.865,4929.995,0.0401
1771401600000,2026-02-18,08:00:00,4929.945,4932.098,4929.145,4929.598,0.1738
1771401900000,2026-02-18,08:05:00,4929.598,4930.515,4926.498,4929.355,0.0585
1771402200000,2026-02-18,08:10:00,4929.455,4930.945,4927.985,4929.065,0.0351
1771402500000,2026-02-18,08:15:00,4929.095,4929.225,4923.635,4925.775,0.0486
1771402800000,2026-02-18,08:20:00,4925.795,4926.725,4923.415,4926.455,0.0544
1771403100000,2026-02-18,08:25:00,4926.425,4927.348,4922.405,4925.685,0.0589
1771403400000,2026-02-18,08:30:00,4925.985,4926.495,4921.135,4923.945,0.0572
1771403700000,2026-02-18,08:35:00,4924.075,4926.725,4922.095,4925.305,0.0645
1771404000000,2026-02-18,08:40:00,4925.335,4926.775,4919.205,4920.905,0.0574
1771404300000,2026-02-18,08:45:00,4920.945,4922.415,4919.085,4921.035,0.0712
1771404600000,2026-02-18,08:50:00,4920.795,4921.335,4918.105,4920.715,0.0603
1771404900000,2026-02-18,08:55:00,4920.685,4921.895,4916.345,4916.825,0.0687
1771405200000,2026-02-18,09:00:00,4917.393,4920.265,4914.285,4914.825,0.1006
1771405500000,2026-02-18,09:05:00,4914.745,4919.645,4912.775,4918.455,0.076
1771405800000,2026-02-18,09:10:00,4918.485,4918.925,4915.475,4916.465,0.0605
1771406100000,2026-02-18,09:15:00,4916.545,4916.895,4912.735,4915.445,0.0631
1771406400000,2026-02-18,09:20:00,4915.415,4922.725,4914.975,4922.715,0.0648
1771406700000,2026-02-18,09:25:00,4922.735,4922.805,4920.025,4921.045,0.0657
1771407000000,2026-02-18,09:30:00,4921.045,4922.875,4916.065,4916.555,0.0572
1771407300000,2026-02-18,09:35:00,4916.595,4918.915,4915.995,4916.685,0.0418
1771407600000,2026-02-18,09:40:00,4916.715,4920.515,4916.715,4920.325,0.0394
1771407900000,2026-02-18,09:45:00,4920.375,4920.995,4918.965,4919.595,0.0403
1771408200000,2026-02-18,09:50:00,4919.545,4922.145,4916.545,4920.445,0.0451
1771408500000,2026-02-18,09:55:00,4920.425,4921.455,4915.975,4917.105,0.0453
1771408800000,2026-02-18,10:00:00,4917.135,4921.615,4916.595,4921.525,0.0492
1771409100000,2026-02-18,10:05:00,4921.475,4923.625,4920.405,4922.405,0.0772
1771409400000,2026-02-18,10:10:00,4922.475,4924.175,4918.925,4919.885,0.1108
1771409700000,2026-02-18,10:15:00,4919.915,4921.265,4917.695,4919.235,0.0893
1771410000000,2026-02-18,10:20:00,4919.515,4924.335,4917.765,4922.295,0.1007
1771410300000,2026-02-18,10:25:00,4922.235,4922.808,4919.665,4921.228,0.1249
1771410600000,2026-02-18,10:30:00,4921.165,4921.165,4915.335,4916.665,0.1194
1771410900000,2026-02-18,10:35:00,4916.688,4917.365,4909.225,4913.905,0.1178
1771411200000,2026-02-18,10:40:00,4913.855,4914.955,4910.175,4911.885,0.0684
1771411500000,2026-02-18,10:45:00,4911.805,4913.415,4911.658,4912.585,0.0448
1771411800000,2026-02-18,10:50:00,4912.615,4913.305,4909.935,4912.035,0.0409
1771412100000,2026-02-18,10:55:00,4912.075,4916.485,4911.935,4914.175,0.0356
1771412400000,2026-02-18,11:00:00,4914.155,4914.985,4912.235,4913.765,0.0398
1771412700000,2026-02-18,11:05:00,4913.795,4914.695,4912.135,4913.035,0.0379
1771413000000,2026-02-18,11:10:00,4913.005,4915.955,4912.975,4915.505,0.0375
1771413300000,2026-02-18,11:15:00,4915.505,4917.125,4915.155,4916.665,0.074
1771413600000,2026-02-18,11:20:00,4916.725,4917.435,4914.695,4916.185,0.0388
1771413900000,2026-02-18,11:25:00,4916.205,4916.295,4914.275,4915.145,0.0383
1771414200000,2026-02-18,11:30:00,4915.095,4916.345,4912.235,4912.685,0.039
1771414500000,2026-02-18,11:35:00,4912.725,4915.825,4912.645,4914.435,0.0478
1771414800000,2026-02-18,11:40:00,4914.435,4914.505,4910.825,4911.075,0.0349
1771415100000,2026-02-18,11:45:00,4911.095,4913.385,4906.055,4913.355,0.0758
1771415400000,2026-02-18,11:50:00,4913.558,4915.705,4911.145,4914.125,0.0597
1771415700000,2026-02-18,11:55:00,4914.145,4914.185,4909.145,4912.735,0.0465
1771416000000,2026-02-18,12:00:00,4912.775,4919.385,4911.765,4918.705,0.1096
1771416300000,2026-02-18,12:05:00,4918.685,4924.285,4918.235,4923.785,0.1049
1771416600000,2026-02-18,12:10:00,4923.755,4925.905,4921.145,4921.415,0.0764
1771416900000,2026-02-18,12:15:00,4921.445,4929.168,4921.445,4926,0.0928
1771417200000,2026-02-18,12:20:00,4926,4928.815,4923.605,4925.998,0.1524
1771417500000,2026-02-18,12:25:00,4925.988,4925.988,4920.825,4920.825,0.0803
1771417800000,2026-02-18,12:30:00,4920.775,4922.595,4917.495,4921.815,0.0858
1771418100000,2026-02-18,12:35:00,4921.775,4925.015,4920.615,4924.545,0.0518
1771418400000,2026-02-18,12:40:00,4925.018,4930.965,4925.018,4928.945,0.0704
1771418700000,2026-02-18,12:45:00,4928.985,4931.025,4928.095,4931.025,0.0452
1771419000000,2026-02-18,12:50:00,4931.395,4933.445,4929.535,4933.385,0.0695
1771419300000,2026-02-18,12:55:00,4933.355,4946.935,4933.345,4942.735,0.1285
1771419600000,2026-02-18,13:00:00,4942.915,4954.965,4942.765,4946.195,0.202
1771419900000,2026-02-18,13:05:00,4946.105,4958.818,4943.665,4954.935,0.1707
1771420200000,2026-02-18,13:10:00,4954.905,4958.235,4953.478,4957.415,0.1215
1771420500000,2026-02-18,13:15:00,4957.445,4958.845,4954.918,4955.445,0.0991
1771420800000,2026-02-18,13:20:00,4955.425,4958.855,4952.085,4955.165,0.118
1771421100000,2026-02-18,13:25:00,4955.135,4959.388,4953.595,4955.825,0.0924
1771421400000,2026-02-18,13:30:00,4955.815,4959.248,4954.715,4957.085,0.1119
1771421700000,2026-02-18,13:35:00,4956.885,4968.585,4956.748,4961.585,0.1924
1771422000000,2026-02-18,13:40:00,4961.695,4962.385,4952.055,4955.855,0.1436
1771422300000,2026-02-18,13:45:00,4955.875,4956.455,4950.405,4953.225,0.1011
1771422600000,2026-02-18,13:50:00,4953.445,4954.755,4949.515,4950.738,0.0957
1771422900000,2026-02-18,13:55:00,4950.785,4955.155,4948.845,4954.265,0.0844
1771423200000,2026-02-18,14:00:00,4954.285,4961.155,4953.658,4958.438,0.1161
1771423500000,2026-02-18,14:05:00,4958.438,4958.438,4953.835,4954.345,0.106
1771423800000,2026-02-18,14:10:00,4954.228,4959.655,4951.985,4957.865,0.0788
1771424100000,2026-02-18,14:15:00,4957.945,4961.105,4956.385,4959.175,0.09
1771424400000,2026-02-18,14:20:00,4959.045,4959.825,4955.265,4956.455,0.0851
1771424700000,2026-02-18,14:25:00,4956.405,4963.435,4955.945,4960.575,0.092
1771425000000,2026-02-18,14:30:00,4960.715,4978.845,4955.278,4969.775,0.322
1771425300000,2026-02-18,14:35:00,4969.805,4985.455,4969.405,4983.455,0.3086
1771425600000,2026-02-18,14:40:00,4983.375,4986.035,4978.725,4981.505,0.2567
1771425900000,2026-02-18,14:45:00,4981.535,4989.035,4980.105,4983.665,0.2691
1771426200000,2026-02-18,14:50:00,4983.675,4994.098,4983.675,4992.635,0.2701
1771426500000,2026-02-18,14:55:00,4992.675,4993.938,4990.115,4991.595,0.2233
1771426800000,2026-02-18,15:00:00,4991.535,5007.825,4991.215,5003.148,0.3179
1771427100000,2026-02-18,15:05:00,5003.158,5005.888,4994.215,4997.985,0.2538
1771427400000,2026-02-18,15:10:00,4998.035,5004.548,4994.335,5003.748,0.1842
1771427700000,2026-02-18,15:15:00,5003.915,5008.698,5000.145,5004.905,0.2371
1771428000000,2026-02-18,15:20:00,5004.875,5007.135,5001.615,5005.505,0.1461
1771428300000,2026-02-18,15:25:00,5005.535,5007.245,5002.645,5004.665,0.1448
1771428600000,2026-02-18,15:30:00,5004.445,5005.015,4999.975,5001.495,0.1887
1771428900000,2026-02-18,15:35:00,5001.445,5004.045,4996.955,4999.035,0.2198
1771429200000,2026-02-18,15:40:00,4999.115,5002.545,4998.345,5000.165,0.1492
1771429500000,2026-02-18,15:45:00,5000.205,5000.295,4996.018,4998.255,0.1411
1771429800000,2026-02-18,15:50:00,4998.175,4999.045,4994.785,4995.495,0.1235
1771430100000,2026-02-18,15:55:00,4995.545,4997.915,4994.745,4997.625,0.1891
1771430400000,2026-02-18,16:00:00,4997.765,5002.975,4996.565,5002.895,0.206
1771430700000,2026-02-18,16:05:00,5002.885,5002.995,4998.395,4998.855,0.1347
1771431000000,2026-02-18,16:10:00,4998.865,5000.605,4996.675,4999.355,0.1296
1771431300000,2026-02-18,16:15:00,4999.335,5000.005,4996.285,4997.005,0.1287
1771431600000,2026-02-18,16:20:00,4996.945,4997.835,4991.468,4993.135,0.1436
1771431900000,2026-02-18,16:25:00,4993.095,4996.965,4991.145,4996.685,0.1203
1771432200000,2026-02-18,16:30:00,4996.655,5000.925,4994.185,5000.825,0.1322
1771432500000,2026-02-18,16:35:00,5000.815,5004.325,4999.375,5001.065,0.1696
1771432800000,2026-02-18,16:40:00,5001.045,5006.375,5000.625,5005.355,0.2031
1771433100000,2026-02-18,16:45:00,5005.325,5010.815,5004.095,5004.255,0.204
1771433400000,2026-02-18,16:50:00,5004.285,5007.065,5002.985,5003.415,0.1392
1771433700000,2026-02-18,16:55:00,5003.525,5004.035,4999.355,5000.215,0.1311
1771434000000,2026-02-18,17:00:00,5000.185,5001.395,4996.685,4999.445,0.1291
1771434300000,2026-02-18,17:05:00,4999.475,5000.785,4997.675,4999.445,0.1242
1771434600000,2026-02-18,17:10:00,4999.505,4999.505,4995.945,4998.835,0.1261
1771434900000,2026-02-18,17:15:00,4998.815,4999.915,4997.175,4998.295,0.1102
1771435200000,2026-02-18,17:20:00,4998.295,5000.495,4998.065,4999.385,0.109
1771435500000,2026-02-18,17:25:00,4999.385,4999.465,4997.425,4999.145,0.1091
1771435800000,2026-02-18,17:30:00,4999.025,4999.785,4993.148,4994.765,0.1094
1771436100000,2026-02-18,17:35:00,4994.925,4998.905,4993.205,4994.315,0.1324
1771436400000,2026-02-18,17:40:00,4994.365,4998.005,4993.135,4997.475,0.1472
1771436700000,2026-02-18,17:45:00,4997.518,5000.055,4996.965,4997.845,0.1042
1771437000000,2026-02-18,17:50:00,4997.805,4999.515,4996.975,4998.965,0.1015
1771437300000,2026-02-18,17:55:00,4998.935,5000.505,4997.545,4998.875,0.1165
1771437600000,2026-02-18,18:00:00,4998.855,5002.475,4998.395,5001.515,0.1014
1771437900000,2026-02-18,18:05:00,5001.498,5002.828,4999.698,5000.755,0.2172
1771438200000,2026-02-18,18:10:00,5000.758,5000.825,4997.475,4997.675,0.1377
1771438500000,2026-02-18,18:15:00,4997.765,4999.025,4993.015,4994.235,0.13
1771438800000,2026-02-18,18:20:00,4994.395,4996.175,4993.505,4994.085,0.1582
1771439100000,2026-02-18,18:25:00,4994.165,4994.165,4986.375,4987.835,0.1931
1771439400000,2026-02-18,18:30:00,4987.885,4992.045,4982.575,4991.185,0.1899
1771439700000,2026-02-18,18:35:00,4991.245,4992.775,4982.175,4986.165,0.1722
1771440000000,2026-02-18,18:40:00,4986.195,4987.768,4980.295,4983.165,0.1441
1771440300000,2026-02-18,18:45:00,4983.185,4986.295,4982.245,4984.015,0.1666
1771440600000,2026-02-18,18:50:00,4984.075,4986.615,4983.435,4984.145,0.1371
1771440900000,2026-02-18,18:55:00,4984.125,4987.365,4983.378,4986.508,0.1049
1771441200000,2026-02-18,19:00:00,4986.448,4994.208,4983.225,4991.355,0.1888
1771441500000,2026-02-18,19:05:00,4991.385,4991.715,4987.165,4989.415,0.1251
1771441800000,2026-02-18,19:10:00,4989.445,4993.715,4988.985,4991.795,0.1491
1771442100000,2026-02-18,19:15:00,4991.795,4994.775,4990.225,4994.365,0.1237
1771442400000,2026-02-18,19:20:00,4994.415,4994.825,4991.815,4993.005,0.1086
1771442700000,2026-02-18,19:25:00,4993.135,4995.215,4972.685,4978.405,0.2119
1771443000000,2026-02-18,19:30:00,4978.435,4982.975,4972.655,4982.775,0.2086
1771443300000,2026-02-18,19:35:00,4982.745,4984.105,4976.445,4982.175,0.1631
1771443600000,2026-02-18,19:40:00,4982.155,4982.315,4979.525,4982.315,0.2017
1771443900000,2026-02-18,19:45:00,4982.315,4984.335,4979.235,4979.895,0.1579
1771444200000,2026-02-18,19:50:00,4979.855,4981.465,4978.295,4980.205,0.1387
1771444500000,2026-02-18,19:55:00,4980.095,4981.555,4978.345,4980.315,0.12
1771444800000,2026-02-18,20:00:00,4980.335,4984.455,4978.875,4983.905,0.1675
1771445100000,2026-02-18,20:05:00,4983.905,4984.215,4978.625,4979.915,0.1471
1771445400000,2026-02-18,20:10:00,4979.935,4981.255,4975.225,4978.325,0.1596
1771445700000,2026-02-18,20:15:00,4978.325,4980.775,4976.445,4978.865,0.2289
1771446000000,2026-02-18,20:20:00,4979.035,4980.195,4976.825,4978.245,0.1366
1771446300000,2026-02-18,20:25:00,4978.155,4979.995,4977.365,4977.415,0.1523
1771446600000,2026-02-18,20:30:00,4977.075,4982.515,4976.505,4981.485,0.1548
1771446900000,2026-02-18,20:35:00,4981.545,4985.095,4980.635,4983.425,0.1184
1771447200000,2026-02-18,20:40:00,4983.455,4987.335,4982.755,4985.165,0.0997
1771447500000,2026-02-18,20:45:00,4985.145,4985.835,4983.605,4984.639,0.137
1771447800000,2026-02-18,20:50:00,4984.845,4985.505,4981.525,4981.995,0.1868
1771448100000,2026-02-18,20:55:00,4982.045,4985.825,4979.195,4984.595,0.2704
1771448400000,2026-02-18,21:00:00,4984.505,4986.125,4983.465,4983.948,0.0383
1771448700000,2026-02-18,21:05:00,4983.739,4983.739,4980.355,4982.685,0.0314
1771449000000,2026-02-18,21:10:00,4982.665,4983.095,4980.265,4980.548,0.0165
1771449300000,2026-02-18,21:15:00,4980.405,4983.605,4980.185,4982.885,0.0239
1771449600000,2026-02-18,21:20:00,4982.855,4983.985,4982.705,4983.475,0.014
1771449900000,2026-02-18,21:25:00,4983.645,4983.935,4981.285,4981.285,0.0227
1771450200000,2026-02-18,21:30:00,4981.315,4982.205,4979.498,4980.185,0.0235
1771450500000,2026-02-18,21:35:00,4980.165,4981.075,4978.885,4980.305,0.022
1771450800000,2026-02-18,21:40:00,4980.265,4981.065,4978.445,4979.855,0.021
1771451100000,2026-02-18,21:45:00,4979.685,4980.335,4979.025,4979.155,0.02
1771451400000,2026-02-18,21:50:00,4979.185,4979.635,4976.645,4976.715,0.0317
1771451700000,2026-02-18,21:55:00,4976.815,4977.755,4975.235,4975.715,0.0575
1771455600000,2026-02-18,23:00:00,4971.648,4979.798,4965.255,4971.798,0.0959
1771455900000,2026-02-18,23:05:00,4971.998,4975.998,4966.198,4975.998,0.0729
1771456200000,2026-02-18,23:10:00,4975.598,4980.555,4971.578,4976.175,0.1126
1771456500000,2026-02-18,23:15:00,4976.395,4979.205,4971.525,4975.945,0.0789
1771456800000,2026-02-18,23:20:00,4975.965,4981.615,4974.765,4981.545,0.0569
1771457100000,2026-02-18,23:25:00,4981.635,4983.545,4979.798,4981.465,0.1016
1771457400000,2026-02-18,23:30:00,4981.495,4988.495,4980.748,4981.375,0.1525
1771457700000,2026-02-18,23:35:00,4981.405,4983.425,4979.745,4981.505,0.0557
1771458000000,2026-02-18,23:40:00,4981.445,4982.535,4980.245,4981.405,0.0318
1771458300000,2026-02-18,23:45:00,4981.365,4982.645,4975.465,4978.515,0.059
1771458600000,2026-02-18,23:50:00,4978.575,4980.345,4974.445,4975.415,0.0391
1771458900000,2026-02-18,23:55:00,4975.578,4977.215,4967.998,4975.635,0.0839
1771459200000,2026-02-19,00:00:00,4975.615,4975.975,4960.965,4962.615,0.1544
1771459500000,2026-02-19,00:05:00,4962.545,4968.525,4960.875,4964.525,0.0944
1771459800000,2026-02-19,00:10:00,4964.605,4967.885,4964.435,4967.675,0.055
1771460100000,2026-02-19,00:15:00,4967.655,4971.765,4967.178,4968.825,0.05
1771460400000,2026-02-19,00:20:00,4968.805,4969.115,4964.605,4967.045,0.0545
1771460700000,2026-02-19,00:25:00,4967.075,4967.595,4963.585,4967.015,0.0508
1771461000000,2026-02-19,00:30:00,4967.475,4970.745,4965.625,4970.215,0.067
1771461300000,2026-02-19,00:35:00,4969.945,4972.845,4964.565,4970.745,0.0665
1771461600000,2026-02-19,00:40:00,4970.695,4971.165,4964.635,4964.905,0.0375
1771461900000,2026-02-19,00:45:00,4964.605,4965.525,4962.485,4962.775,0.0368
1771462200000,2026-02-19,00:50:00,4962.805,4964.315,4960.048,4962.545,0.0608
1771462500000,2026-02-19,00:55:00,4962.375,4963.205,4960.125,4960.995,0.0883
1771462800000,2026-02-19,01:00:00,4960.985,4964.876,4960.198,4964.725,0.1486
1771463100000,2026-02-19,01:05:00,4964.755,4968.358,4963.858,4964.628,0.073
1771463400000,2026-02-19,01:10:00,4964.638,4965.545,4960.965,4965.535,0.0812
1771463700000,2026-02-19,01:15:00,4965.535,4966.945,4963.785,4964.965,0.044
1771464000000,2026-02-19,01:20:00,4964.785,4965.375,4961.395,4961.395,0.0465
1771464300000,2026-02-19,01:25:00,4961.365,4964.375,4961.235,4963.825,0.0532
1771464600000,2026-02-19,01:30:00,4963.855,4967.045,4961.535,4965.505,0.0498
1771464900000,2026-02-19,01:35:00,4965.535,4970.375,4965.475,4967.975,0.0587
1771465200000,2026-02-19,01:40:00,4967.975,4970.145,4966.865,4969.995,0.0436
1771465500000,2026-02-19,01:45:00,4970.105,4971.705,4969.005,4970.815,0.0434
1771465800000,2026-02-19,01:50:00,4970.845,4974.905,4970.338,4973.495,0.0641
1771466100000,2026-02-19,01:55:00,4973.515,4975.225,4972.065,4972.755,0.0424
1771466400000,2026-02-19,02:00:00,4972.725,4976.905,4970.775,4976.905,0.0691
1771466700000,2026-02-19,02:05:00,4976.935,4977.095,4973.575,4975.425,0.0382
1771467000000,2026-02-19,02:10:00,4975.455,4975.455,4972.345,4973.815,0.0372
1771467300000,2026-02-19,02:15:00,4973.905,4974.435,4965.455,4969.495,0.0843
1771467600000,2026-02-19,02:20:00,4969.555,4970.795,4967.725,4968.575,0.052
1771467900000,2026-02-19,02:25:00,4968.595,4973.915,4968.595,4972.505,0.0644
1771468200000,2026-02-19,02:30:00,4972.455,4972.825,4968.555,4970.375,0.0494
1771468500000,2026-02-19,02:35:00,4970.375,4972.205,4968.195,4971.865,0.0416
1771468800000,2026-02-19,02:40:00,4971.865,4972.985,4970.245,4971.075,0.0285
1771469100000,2026-02-19,02:45:00,4971.055,4971.965,4970.595,4971.695,0.0247
1771469400000,2026-02-19,02:50:00,4971.645,4972.915,4969.915,4972.525,0.0261
1771469700000,2026-02-19,02:55:00,4972.465,4972.845,4967.235,4967.925,0.0331
1771470000000,2026-02-19,03:00:00,4967.885,4968.395,4966.075,4967.325,0.0429
1771470300000,2026-02-19,03:05:00,4967.558,4969.575,4966.365,4969.355,0.0353
1771470600000,2026-02-19,03:10:00,4969.355,4970.695,4967.785,4969.195,0.0271
1771470900000,2026-02-19,03:15:00,4969.135,4970.495,4967.805,4970.495,0.0247
1771471200000,2026-02-19,03:20:00,4970.455,4971.535,4966.595,4968.025,0.0296
1771471500000,2026-02-19,03:25:00,4968.075,4969.835,4967.615,4969.285,0.0301
1771471800000,2026-02-19,03:30:00,4969.315,4978.665,4969.315,4976.355,0.081
1771472100000,2026-02-19,03:35:00,4976.395,4977.995,4974.805,4975.155,0.0462
1771472400000,2026-02-19,03:40:00,4975.125,4977.435,4973.515,4976.885,0.0456
1771472700000,2026-02-19,03:45:00,4976.905,4981.795,4976.655,4981.725,0.0569
1771473000000,2026-02-19,03:50:00,4981.665,4982.925,4980.245,4981.475,0.0455
1771473300000,2026-02-19,03:55:00,4981.405,4982.285,4980.325,4981.278,0.0269
1771473600000,2026-02-19,04:00:00,4981.115,4981.205,4978.255,4980.215,0.0389
1771473900000,2026-02-19,04:05:00,4980.275,4983.325,4979.945,4982.415,0.0384
1771474200000,2026-02-19,04:10:00,4982.495,4984.635,4981.065,4981.245,0.0328
1771474500000,2026-02-19,04:15:00,4981.195,4981.475,4979.155,4980.125,0.0266
1771474800000,2026-02-19,04:20:00,4980.175,4982.045,4977.495,4981.915,0.032
1771475100000,2026-02-19,04:25:00,4981.885,4983.095,4979.435,4979.525,0.0256
1771475400000,2026-02-19,04:30:00,4979.475,4985.205,4979.475,4984.045,0.0349
1771475700000,2026-02-19,04:35:00,4984.005,4984.225,4980.975,4980.995,0.0246
1771476000000,2026-02-19,04:40:00,4980.975,4981.665,4979.075,4980.245,0.0333
1771476300000,2026-02-19,04:45:00,4980.295,4980.655,4976.655,4978.498,0.0556
1771476600000,2026-02-19,04:50:00,4978.485,4981.758,4976.735,4981.758,0.0465
1771476900000,2026-02-19,04:55:00,4982.575,4985.115,4982.575,4984.025,0.0316
1771477200000,2026-02-19,05:00:00,4983.925,4988.305,4983.925,4987.715,0.0433
1771477500000,2026-02-19,05:05:00,4987.695,4990.265,4986.815,4990.145,0.0332
1771477800000,2026-02-19,05:10:00,4990.125,4993.055,4989.435,4990.085,0.038
1771478100000,2026-02-19,05:15:00,4990.135,4990.135,4987.498,4988.845,0.0287
1771478400000,2026-02-19,05:20:00,4988.515,4989.405,4987.415,4988.515,0.0248
1771478700000,2026-02-19,05:25:00,4988.585,4989.955,4987.335,4988.835,0.0308
1771479000000,2026-02-19,05:30:00,4988.875,4992.215,4988.625,4991.865,0.0379
1771479300000,2026-02-19,05:35:00,4991.825,4994.705,4991.695,4993.325,0.0611
1771479600000,2026-02-19,05:40:00,4993.355,4996.085,4992.635,4995.745,0.0465
1771479900000,2026-02-19,05:45:00,4995.705,4998.405,4995.335,4996.135,0.0437
1771480200000,2026-02-19,05:50:00,4996.165,4998.035,4995.645,4996.565,0.0335
1771480500000,2026-02-19,05:55:00,4996.635,4998.115,4995.165,4996.665,0.0495
1771480800000,2026-02-19,06:00:00,4996.645,4999.425,4996.385,4999.365,0.0454
1771481100000,2026-02-19,06:05:00,4999.365,4999.755,4996.335,4998.475,0.0605
1771481400000,2026-02-19,06:10:00,4998.475,4999.715,4997.255,4998.875,0.0281
1771481700000,2026-02-19,06:15:00,4998.845,5000.765,4997.605,4999.755,0.0375
1771482000000,2026-02-19,06:20:00,4999.675,5000.095,4996.728,4998.825,0.0325
1771482300000,2026-02-19,06:25:00,4998.805,5002.095,4998.515,5001.015,0.0379
1771482600000,2026-02-19,06:30:00,5000.795,5007.625,5000.685,5007.305,0.0684
1771482900000,2026-02-19,06:35:00,5007.325,5008.405,5006.895,5007.735,0.0465
1771483200000,2026-02-19,06:40:00,5007.645,5010.315,5007.248,5008.885,0.0509
1771483500000,2026-02-19,06:45:00,5009.905,5015.815,5009.905,5015.305,0.082
1771483800000,2026-02-19,06:50:00,5015.265,5019.545,5013.905,5017.485,0.0861
1771484100000,2026-02-19,06:55:00,5017.535,5019.685,5016.875,5017.955,0.061
1771484400000,2026-02-19,07:00:00,5017.995,5019.915,5017.355,5019.795,0.0849
1771484700000,2026-02-19,07:05:00,5019.735,5021.365,5016.585,5020.585,0.0653
1771485000000,2026-02-19,07:10:00,5020.605,5021.555,5017.465,5017.745,0.0619
1771485300000,2026-02-19,07:15:00,5017.735,5019.535,5015.565,5016.495,0.0529
1771485600000,2026-02-19,07:20:00,5016.515,5016.725,5014.575,5016.395,0.0434
1771485900000,2026-02-19,07:25:00,5016.415,5019.865,5015.635,5017.655,0.047
1771486200000,2026-02-19,07:30:00,5017.705,5020.055,5017.255,5018.275,0.0377
1771486500000,2026-02-19,07:35:00,5018.305,5019.735,5016.805,5017.065,0.0321
1771486800000,2026-02-19,07:40:00,5017.035,5017.295,5014.545,5015.175,0.0362
1771487100000,2026-02-19,07:45:00,5015.155,5015.975,5012.965,5015.355,0.0501
1771487400000,2026-02-19,07:50:00,5015.375,5016.915,5014.175,5014.675,0.0334
1771487700000,2026-02-19,07:55:00,5014.495,5014.545,5008.585,5010.025,0.0846
1771488000000,2026-02-19,08:00:00,5010.005,5011.065,5007.065,5008.345,0.0988
1771488300000,2026-02-19,08:05:00,5008.325,5010.925,5006.045,5010.175,0.108
1771488600000,2026-02-19,08:10:00,5010.195,5011.965,5008.678,5011.525,0.0794
1771488900000,2026-02-19,08:15:00,5011.485,5014.325,5008.955,5013.115,0.076
1771489200000,2026-02-19,08:20:00,5013.135,5014.265,5012.275,5013.545,0.0602
1771489500000,2026-02-19,08:25:00,5013.515,5014.735,5011.485,5014.605,0.046
1771489800000,2026-02-19,08:30:00,5014.575,5015.075,5011.525,5011.885,0.0437
1771490100000,2026-02-19,08:35:00,5011.855,5015.515,5010.198,5015.305,0.0563
1771490400000,2026-02-19,08:40:00,5015.285,5019.825,5015,5019.635,0.0603
1771490700000,2026-02-19,08:45:00,5019.585,5022.015,5018.125,5019.605,0.0897
1771491000000,2026-02-19,08:50:00,5019.575,5020.375,5013.235,5016.495,0.0792
1771491300000,2026-02-19,08:55:00,5016.475,5017.715,5014.695,5016.885,0.0725
1771491600000,2026-02-19,09:00:00,5016.925,5017.675,5015.565,5016.425,0.075
1771491900000,2026-02-19,09:05:00,5016.395,5019.015,5015.945,5018.835,0.0424
1771492200000,2026-02-19,09:10:00,5018.855,5020.045,5017.475,5019.095,0.0484
1771492500000,2026-02-19,09:15:00,5019.575,5020.265,5013.165,5013.635,0.0694
1771492800000,2026-02-19,09:20:00,5013.765,5014.335,5009.085,5010.365,0.0865
1771493100000,2026-02-19,09:25:00,5010.385,5010.455,4999.445,5000.325,0.1495
1771493400000,2026-02-19,09:30:00,5000.295,5005.405,4999.258,5001.395,0.1068
1771493700000,2026-02-19,09:35:00,5001.325,5001.325,4992.778,4999.675,0.124
1771494000000,2026-02-19,09:40:00,4999.715,5003.525,4998.435,5003.185,0.0601
1771494300000,2026-02-19,09:45:00,5003.165,5004.205,5001.805,5002.535,0.079
1771494600000,2026-02-19,09:50:00,5002.575,5005.135,5001.375,5001.465,0.0837
1771494900000,2026-02-19,09:55:00,5001.435,5001.615,4995.245,4995.485,0.063
1771495200000,2026-02-19,10:00:00,4995.445,4995.995,4988.785,4991.475,0.1193
1771495500000,2026-02-19,10:05:00,4991.505,4993.735,4985.655,4989.985,0.1204
1771495800000,2026-02-19,10:10:00,4989.955,4989.955,4983.125,4988.995,0.1184
1771496100000,2026-02-19,10:15:00,4988.975,4991.385,4986.705,4989.515,0.0934
1771496400000,2026-02-19,10:20:00,4989.538,4991.285,4988.685,4990.635,0.0594
1771496700000,2026-02-19,10:25:00,4990.665,4991.385,4985.035,4986.585,0.0785
1771497000000,2026-02-19,10:30:00,4986.635,4993.188,4981.138,4992.478,0.1311
1771497300000,2026-02-19,10:35:00,4992.488,4995.088,4990.068,4994.208,0.1262
1771497600000,2026-02-19,10:40:00,4994.115,4994.665,4988.158,4988.385,0.083
1771497900000,2026-02-19,10:45:00,4988.355,4990.595,4987.565,4989.755,0.059
1771498200000,2026-02-19,10:50:00,4989.698,4991.455,4988.095,4989.345,0.0418
1771498500000,2026-02-19,10:55:00,4989.285,4993.105,4988.505,4993.015,0.0496
1771498800000,2026-02-19,11:00:00,4992.975,4993.015,4988.958,4991.345,0.0597
1771499100000,2026-02-19,11:05:00,4991.325,4994.295,4989.475,4993.905,0.0684
1771499400000,2026-02-19,11:10:00,4993.925,4996.215,4992.028,4992.365,0.0906
1771499700000,2026-02-19,11:15:00,4992.385,4994.175,4977.905,4986.935,0.1389
1771500000000,2026-02-19,11:20:00,4986.895,4990.165,4985.765,4985.965,0.0761
1771500300000,2026-02-19,11:25:00,4985.945,4986.905,4983.185,4984.475,0.0971
1771500600000,2026-02-19,11:30:00,4984.655,4986.915,4982.415,4985.545,0.0611
1771500900000,2026-02-19,11:35:00,4985.485,4985.798,4983.185,4984.145,0.1131
1771501200000,2026-02-19,11:40:00,4984.095,4986.215,4981.555,4982.305,0.1317
1771501500000,2026-02-19,11:45:00,4982.235,4985.545,4981.258,4985.455,0.1967
1771501800000,2026-02-19,11:50:00,4985.455,4985.885,4977.695,4982.835,0.2461
1771502100000,2026-02-19,11:55:00,4982.998,4985.865,4981.985,4984.115,0.1072
1771502400000,2026-02-19,12:00:00,4984.125,4986.205,4980.135,4985.795,0.1419
1771502700000,2026-02-19,12:05:00,4985.845,4990.025,4982.525,4983.155,0.1034
1771503000000,2026-02-19,12:10:00,4983.185,4988.205,4981.075,4988.085,0.0942
1771503300000,2026-02-19,12:15:00,4988.115,4988.855,4984.795,4985.095,0.0553
1771503600000,2026-02-19,12:20:00,4985.095,4987.875,4984.338,4986.185,0.0802
1771503900000,2026-02-19,12:25:00,4986.125,4991.855,4985.275,4991.835,0.0953
1771504200000,2026-02-19,12:30:00,4991.865,4992.575,4987.475,4988.165,0.1064
1771504500000,2026-02-19,12:35:00,4988.135,4988.815,4983.155,4984.418,0.0999
1771504800000,2026-02-19,12:40:00,4984.418,4987.125,4983.665,4986.055,0.0915
1771505100000,2026-02-19,12:45:00,4986.015,4987.195,4981.585,4981.605,0.0588
1771505400000,2026-02-19,12:50:00,4981.485,4985.455,4980.665,4982.905,0.0618
1771505700000,2026-02-19,12:55:00,4982.905,4985.875,4982.765,4984.498,0.0517
1771506000000,2026-02-19,13:00:00,4984.635,4985.485,4974.395,4983.135,0.1598
1771506300000,2026-02-19,13:05:00,4983.075,4985.825,4981.075,4982.835,0.1316
1771506600000,2026-02-19,13:10:00,4982.875,4984.735,4980.515,4983.565,0.0985
1771506900000,2026-02-19,13:15:00,4983.545,4985.485,4981.445,4983.445,0.0995
1771507200000,2026-02-19,13:20:00,4983.415,4986.745,4979.345,4983.155,0.1627
1771507500000,2026-02-19,13:25:00,4983.175,4987.395,4982.488,4982.488,0.0923
1771507800000,2026-02-19,13:30:00,4982.895,4990.425,4971.978,4987.985,0.1942
1771508100000,2026-02-19,13:35:00,4987.775,4994.975,4986.605,4994.305,0.1718
1771508400000,2026-02-19,13:40:00,4994.315,4996.985,4991.765,4993.445,0.1621
1771508700000,2026-02-19,13:45:00,4993.445,4994.165,4991.055,4991.575,0.1171
1771509000000,2026-02-19,13:50:00,4991.615,4996.705,4991.565,4995.075,0.1271
1771509300000,2026-02-19,13:55:00,4995.045,4998.205,4993.988,4996.815,0.0967
1771509600000,2026-02-19,14:00:00,4996.795,4996.835,4984.318,4984.778,0.157
1771509900000,2026-02-19,14:05:00,4984.778,4987.155,4978.165,4979.135,0.1586
1771510200000,2026-02-19,14:10:00,4978.845,4979.555,4971.775,4972.425,0.176
1771510500000,2026-02-19,14:15:00,4972.405,4982.165,4971.578,4978.315,0.1498
1771510800000,2026-02-19,14:20:00,4978.275,4979.865,4976.275,4978.415,0.1187
1771511100000,2026-02-19,14:25:00,4978.415,4979.805,4976.025,4977.905,0.1112
1771511400000,2026-02-19,14:30:00,4978.025,4978.335,4962.638,4973.585,0.2853
1771511700000,2026-02-19,14:35:00,4973.815,4985.105,4972.525,4985.065,0.3457
1771512000000,2026-02-19,14:40:00,4985.065,4994.995,4980.698,4992.315,0.3637
1771512300000,2026-02-19,14:45:00,4992.265,4999.525,4987.275,4999.425,0.3312
1771512600000,2026-02-19,14:50:00,4999.465,5007.125,4994.505,5005.535,0.3033
1771512900000,2026-02-19,14:55:00,5005.535,5010.175,5003.975,5005.138,0.2698
1771513200000,2026-02-19,15:00:00,5005.138,5009.448,4999.105,5003.465,0.3565
1771513500000,2026-02-19,15:05:00,5003.575,5007.595,4998.738,5002.965,0.3087
1771513800000,2026-02-19,15:10:00,5003.025,5005.235,4998.788,4999.265,0.2465
1771514100000,2026-02-19,15:15:00,4999.735,5004.555,4995.988,4999.295,0.3885
1771514400000,2026-02-19,15:20:00,4999.665,5007.435,4999.325,5006.495,0.3105
1771514700000,2026-02-19,15:25:00,5006.085,5016.115,5002.205,5015.735,0.3014
1771515000000,2026-02-19,15:30:00,5016.005,5021.778,5013.775,5021.078,0.312
1771515300000,2026-02-19,15:35:00,5021.115,5021.948,5014.298,5015.375,0.2363
1771515600000,2026-02-19,15:40:00,5015.435,5016.115,5012.158,5015.085,0.2508
1771515900000,2026-02-19,15:45:00,5015.405,5015.815,5012.515,5015.075,0.213
1771516200000,2026-02-19,15:50:00,5015.055,5015.555,5006.205,5009.378,0.2584
1771516500000,2026-02-19,15:55:00,5009.398,5013.978,5007.458,5013.445,0.2204
1771516800000,2026-02-19,16:00:00,5013.398,5014.025,5010.655,5010.805,0.1878
1771517100000,2026-02-19,16:05:00,5010.835,5011.345,5000.735,5008.415,0.2498
1771517400000,2026-02-19,16:10:00,5008.445,5009.375,5004.285,5005.125,0.156
1771517700000,2026-02-19,16:15:00,5005.055,5005.945,4999.205,5001.078,0.2466
1771518000000,2026-02-19,16:20:00,5001.078,5006.085,4998.078,5000.045,0.1873
1771518300000,2026-02-19,16:25:00,5000.098,5002.345,4991.285,4998.115,0.1556
1771518600000,2026-02-19,16:30:00,4997.675,5003.265,4997.675,5002.915,0.1674
1771518900000,2026-02-19,16:35:00,5002.955,5005.595,4999.545,5002.865,0.1984
1771519200000,2026-02-19,16:40:00,5002.835,5008.705,5002.745,5006.085,0.1488
1771519500000,2026-02-19,16:45:00,5006.065,5006.875,4998.295,5003.405,0.1333
1771519800000,2026-02-19,16:50:00,5003.498,5003.685,4996.705,5002.615,0.1606
1771520100000,2026-02-19,16:55:00,5002.635,5002.695,4989.965,4994.745,0.145
1771520400000,2026-02-19,17:00:00,4994.885,4997.675,4991.885,4994.815,0.1359
1771520700000,2026-02-19,17:05:00,4994.785,4998.958,4991.865,4995.925,0.1264
1771521000000,2026-02-19,17:10:00,4995.975,4999.255,4995.528,4996.265,0.0957
1771521300000,2026-02-19,17:15:00,4996.175,4999.085,4992.235,4997.905,0.1264
1771521600000,2026-02-19,17:20:00,4997.935,5001.095,4996.685,4999.155,0.1057
1771521900000,2026-02-19,17:25:00,4999.155,5001.495,4992.985,4993.755,0.0965
1771522200000,2026-02-19,17:30:00,4993.805,4996.075,4990.625,4993.225,0.1163
1771522500000,2026-02-19,17:35:00,4993.185,4995.175,4986.025,4995.018,0.1576
1771522800000,2026-02-19,17:40:00,4995.245,4995.258,4992.365,4993.005,0.113
1771523100000,2026-02-19,17:45:00,4992.915,4994.075,4989.135,4991.285,0.1256
1771523400000,2026-02-19,17:50:00,4990.885,4992.735,4985.185,4986.345,0.1343
1771523700000,2026-02-19,17:55:00,4986.318,4987.925,4982.565,4984.605,0.1296
1771524000000,2026-02-19,18:00:00,4984.635,4987.325,4981.065,4986.575,0.1226
1771524300000,2026-02-19,18:05:00,4986.635,4987.715,4979.275,4982.715,0.1241
1771524600000,2026-02-19,18:10:00,4982.735,4988.555,4981.115,4987.915,0.1354
1771524900000,2026-02-19,18:15:00,4987.865,4989.155,4982.105,4983.555,0.1302
1771525200000,2026-02-19,18:20:00,4983.585,4983.975,4978.155,4978.935,0.1309
1771525500000,2026-02-19,18:25:00,4978.895,4980.895,4975.805,4977.775,0.1546
1771525800000,2026-02-19,18:30:00,4977.885,4982.885,4976.585,4980.525,0.1273
1771526100000,2026-02-19,18:35:00,4980.495,4982.125,4978.665,4979.705,0.082
1771526400000,2026-02-19,18:40:00,4979.725,4979.795,4975.065,4975.545,0.0865
1771526700000,2026-02-19,18:45:00,4975.575,4981.965,4975.575,4981.385,0.0946
1771527000000,2026-02-19,18:50:00,4981.125,4984.365,4979.385,4983.045,0.1363
1771527300000,2026-02-19,18:55:00,4983.045,4983.285,4979.405,4981.485,0.1302
1771527600000,2026-02-19,19:00:00,4981.465,4984.395,4980.365,4983.955,0.1372
1771527900000,2026-02-19,19:05:00,4983.985,4988.685,4983.625,4987.895,0.1046
1771528200000,2026-02-19,19:10:00,4987.865,4989.425,4986.155,4986.735,0.0822
1771528500000,2026-02-19,19:15:00,4986.705,4988.715,4985.755,4988.595,0.0755
1771528800000,2026-02-19,19:20:00,4988.635,4990.015,4987.745,4987.745,0.0634
1771529100000,2026-02-19,19:25:00,4987.705,4990.035,4987.335,4989.095,0.096
1771529400000,2026-02-19,19:30:00,4989.065,4989.595,4987.515,4987.778,0.0784
1771529700000,2026-02-19,19:35:00,4987.798,4988.155,4979.335,4980.435,0.1029
1771530000000,2026-02-19,19:40:00,4980.465,4985.865,4978.015,4984.585,0.1249
1771530300000,2026-02-19,19:45:00,4984.625,4986.005,4981.925,4985.725,0.1096
1771530600000,2026-02-19,19:50:00,4985.825,4988.075,4985.298,4986.545,0.0934
1771530900000,2026-02-19,19:55:00,4986.565,4988.515,4986.425,4987.675,0.0752
1771531200000,2026-02-19,20:00:00,4987.715,4991.835,4987.715,4989.675,0.0897
1771531500000,2026-02-19,20:05:00,4989.635,4991.335,4987.955,4990.785,0.1033
1771531800000,2026-02-19,20:10:00,4990.805,4991.795,4989.715,4990.775,0.0943
1771532100000,2026-02-19,20:15:00,4990.805,4994.305,4988.935,4994.085,0.1102
1771532400000,2026-02-19,20:20:00,4994.175,4995.295,4993.015,4994.255,0.1189
1771532700000,2026-02-19,20:25:00,4994.305,4996.855,4994.025,4995.415,0.128
1771533000000,2026-02-19,20:30:00,4995.445,4997.555,4994.725,4996.245,0.1161
1771533300000,2026-02-19,20:35:00,4996.225,4997.645,4995.905,4997.225,0.1258
1771533600000,2026-02-19,20:40:00,4997.225,5000.345,4996.645,4999.045,0.1457
1771533900000,2026-02-19,20:45:00,4999.075,5003.175,4998.765,5002.545,0.1455
1771534200000,2026-02-19,20:50:00,5002.148,5002.695,5000.305,5001.225,0.2116
1771534500000,2026-02-19,20:55:00,5001.285,5002.465,4999.325,5001.505,0.2377
1771534800000,2026-02-19,21:00:00,5001.475,5003.885,4998.575,4999.415,0.0446
1771535100000,2026-02-19,21:05:00,4999.355,5000.505,4997.595,4998.405,0.0429
1771535400000,2026-02-19,21:10:00,4998.365,4999.915,4997.815,4999.645,0.0244
1771535700000,2026-02-19,21:15:00,4999.595,5000.515,4998.995,4999.965,0.0198
1771536000000,2026-02-19,21:20:00,5000.005,5000.965,4991.715,4998.335,0.0556
1771536300000,2026-02-19,21:25:00,4998.355,4998.445,4992.685,4993.695,0.0239
1771536600000,2026-02-19,21:30:00,4993.665,4995.565,4993.358,4995.245,0.0226
1771536900000,2026-02-19,21:35:00,4995.215,4997.015,4995.085,4996.585,0.0199
1771537200000,2026-02-19,21:40:00,4996.695,4998.875,4995.515,4998.725,0.0284
1771537500000,2026-02-19,21:45:00,4998.298,4999.195,4996.605,4998.995,0.028
1771537800000,2026-02-19,21:50:00,4998.975,4999.665,4993.945,4994.275,0.0341
1771538100000,2026-02-19,21:55:00,4993.455,4996.568,4992.915,4993.685,0.1316
1771542000000,2026-02-19,23:00:00,4992.808,5003.098,4991.865,5000.698,0.0813
1771542300000,2026-02-19,23:05:00,4999.898,5007.498,4999.498,5004.098,0.0775
1771542600000,2026-02-19,23:10:00,5003.498,5004.995,4997.515,4998.285,0.0836
1771542900000,2026-02-19,23:15:00,4998.305,5002.085,4992.685,5000.575,0.0931
1771543200000,2026-02-19,23:20:00,5000.595,5003.145,4998.115,4999.815,0.0395
1771543500000,2026-02-19,23:25:00,5000.095,5002.025,4996.845,4996.925,0.0977
1771543800000,2026-02-19,23:30:00,4996.955,4998.245,4994.605,4997.995,0.0407
1771544100000,2026-02-19,23:35:00,4998.015,5001.065,4997.445,4999.165,0.0265
1771544400000,2026-02-19,23:40:00,4999.125,5000.285,4995.895,4996.035,0.0401
1771544700000,2026-02-19,23:45:00,4995.985,5000.505,4995.205,4997.315,0.0453
1771545000000,2026-02-19,23:50:00,4997.335,4999.875,4991.205,4992.095,0.0457
1771545300000,2026-02-19,23:55:00,4992.075,4993.455,4985.135,4987.445,0.0742
1771545600000,2026-02-20,00:00:00,4987.508,4994.105,4985.045,4993.235,0.0947
1771545900000,2026-02-20,00:05:00,4993.245,4995.555,4991.455,4991.958,0.0462
1771546200000,2026-02-20,00:10:00,4992.345,4996.285,4991.965,4993.155,0.0497
1771546500000,2026-02-20,00:15:00,4993.165,4995.875,4993.025,4993.395,0.0325
1771546800000,2026-02-20,00:20:00,4993.365,4993.365,4987.855,4990.425,0.0455
1771547100000,2026-02-20,00:25:00,4990.465,4990.505,4987.695,4990.345,0.0358
1771547400000,2026-02-20,00:30:00,4990.535,4992.535,4989.545,4989.985,0.0424
1771547700000,2026-02-20,00:35:00,4989.945,4992.995,4986.455,4992.605,0.0393
1771548000000,2026-02-20,00:40:00,4992.555,4995.835,4992.285,4993.825,0.0407
1771548300000,2026-02-20,00:45:00,4993.865,4998.705,4993.465,4995.885,0.0398
1771548600000,2026-02-20,00:50:00,4995.935,5001.085,4995.245,5000.745,0.0443
1771548900000,2026-02-20,00:55:00,5000.785,5006.565,5000.205,5006.085,0.0505
1771549200000,2026-02-20,01:00:00,5006.065,5012.445,5005.445,5008.805,0.1353
1771549500000,2026-02-20,01:05:00,5008.835,5013.865,5008.835,5010.355,0.1093
1771549800000,2026-02-20,01:10:00,5010.385,5014.515,5010.275,5013.025,0.0596
1771550100000,2026-02-20,01:15:00,5013.045,5013.215,5007.195,5008.675,0.0674
1771550400000,2026-02-20,01:20:00,5008.725,5010.665,5001.465,5002.305,0.0696
1771550700000,2026-02-20,01:25:00,5002.275,5003.165,4995.445,4999.165,0.1504
1771551000000,2026-02-20,01:30:00,4999.135,5003.415,4996.965,4999.385,0.0804
1771551300000,2026-02-20,01:35:00,4999.365,5000.625,4995.265,4996.525,0.0562
1771551600000,2026-02-20,01:40:00,4996.535,4998.885,4994.965,4997.275,0.0638
1771551900000,2026-02-20,01:45:00,4997.225,4999.615,4995.155,4997.218,0.0473
1771552200000,2026-02-20,01:50:00,4997.355,4999.285,4995.805,4998.955,0.0385
1771552500000,2026-02-20,01:55:00,4998.935,5000.205,4995.975,4996.615,0.0477
1771552800000,2026-02-20,02:00:00,4996.645,5005.585,4992.415,5003.885,0.0838
1771553100000,2026-02-20,02:05:00,5003.905,5007.145,5000.245,5001.355,0.0784
1771553400000,2026-02-20,02:10:00,5001.315,5001.475,4992.955,4996.585,0.062
1771553700000,2026-02-20,02:15:00,4996.665,4998.835,4992.455,4994.335,0.0533
1771554000000,2026-02-20,02:20:00,4994.325,4997.185,4994.095,4996.465,0.0449
1771554300000,2026-02-20,02:25:00,4996.485,4998.435,4994.455,4997.195,0.0543
1771554600000,2026-02-20,02:30:00,4997.215,5003.245,4997.215,4998.715,0.072
1771554900000,2026-02-20,02:35:00,4998.735,5000.375,4998.085,4999.465,0.034
1771555200000,2026-02-20,02:40:00,4999.485,5000.485,4998.355,4999.405,0.0265
1771555500000,2026-02-20,02:45:00,4999.455,4999.565,4993.995,4995.495,0.0458
1771555800000,2026-02-20,02:50:00,4995.555,4997.725,4993.315,4993.335,0.0453
1771556100000,2026-02-20,02:55:00,4993.505,4996.575,4992.825,4995.825,0.0517
1771556400000,2026-02-20,03:00:00,4995.845,4997.215,4993.175,4994.715,0.0494
1771556700000,2026-02-20,03:05:00,4994.655,4994.765,4989.465,4993.275,0.052
1771557000000,2026-02-20,03:10:00,4993.358,4996.255,4992.905,4994.045,0.0315
1771557300000,2026-02-20,03:15:00,4994.085,4998.065,4993.975,4997.295,0.0262
1771557600000,2026-02-20,03:20:00,4997.325,4998.095,4995.005,4995.465,0.0249
1771557900000,2026-02-20,03:25:00,4995.505,4995.905,4991.795,4991.925,0.0225
1771558200000,2026-02-20,03:30:00,4991.905,4998.055,4991.765,4995.635,0.0484
1771558500000,2026-02-20,03:35:00,4995.665,4998.885,4995.265,4997.395,0.0257
1771558800000,2026-02-20,03:40:00,4997.415,4997.445,4981.315,4987.075,0.1159
1771559100000,2026-02-20,03:45:00,4987.415,4995.045,4985.915,4995.025,0.0835
1771559400000,2026-02-20,03:50:00,4995.045,4995.555,4991.745,4992.175,0.0927
1771559700000,2026-02-20,03:55:00,4992.155,4992.475,4986.605,4987.685,0.0525
1771560000000,2026-02-20,04:00:00,4988.045,4992.155,4986.365,4991.285,0.0444
1771560300000,2026-02-20,04:05:00,4991.225,4992.915,4990.635,4991.455,0.02
1771560600000,2026-02-20,04:10:00,4991.475,4992.435,4989.735,4992.175,0.0207
1771560900000,2026-02-20,04:15:00,4992.205,4992.785,4990.558,4991.195,0.0261
1771561200000,2026-02-20,04:20:00,4991.245,4992.315,4990.175,4991.695,0.0149
1771561500000,2026-02-20,04:25:00,4991.675,4994.405,4991.465,4994.155,0.022
1771561800000,2026-02-20,04:30:00,4994.195,4995.775,4993.315,4995.205,0.0307
1771562100000,2026-02-20,04:35:00,4995.248,4995.865,4994.815,4995.535,0.0172
1771562400000,2026-02-20,04:40:00,4995.555,5003.015,4995.395,4998.485,0.0674
1771562700000,2026-02-20,04:45:00,4998.435,4999.515,4997.265,4997.385,0.0487
1771563000000,2026-02-20,04:50:00,4997.365,4997.875,4995.925,4996.708,0.0388
1771563300000,2026-02-20,04:55:00,4996.785,5000.015,4996.675,4999.445,0.0347
1771563600000,2026-02-20,05:00:00,4999.605,5005.535,4999.345,5005.155,0.0626
1771563900000,2026-02-20,05:05:00,5005.195,5005.755,5000.388,5000.505,0.0496
1771564200000,2026-02-20,05:10:00,5000.405,5003.475,5000.115,5000.995,0.0361
1771564500000,2026-02-20,05:15:00,5000.895,5001.815,4998.275,4998.835,0.0567
1771564800000,2026-02-20,05:20:00,4998.835,5002.075,4998.378,5001.185,0.1
1771565100000,2026-02-20,05:25:00,5001.185,5002.225,5000.705,5001.235,0.0364
1771565400000,2026-02-20,05:30:00,5001.195,5002.415,5000.385,5002.035,0.0381
1771565700000,2026-02-20,05:35:00,5002.055,5004.485,5002.055,5003.015,0.0441
1771566000000,2026-02-20,05:40:00,5002.995,5003.365,4997.598,4998.998,0.0506
1771566300000,2026-02-20,05:45:00,4998.978,5007.025,4997.885,5006.625,0.0596
1771566600000,2026-02-20,05:50:00,5006.685,5007.748,5005.965,5007.155,0.0648
1771566900000,2026-02-20,05:55:00,5007.218,5011.555,5006.675,5011.535,0.0726
1771567200000,2026-02-20,06:00:00,5011.578,5017.318,5011.578,5014.545,0.1523
1771567500000,2026-02-20,06:05:00,5014.525,5014.675,5011.498,5012.785,0.0588
1771567800000,2026-02-20,06:10:00,5012.798,5019.755,5012.798,5016.015,0.0804
1771568100000,2026-02-20,06:15:00,5016.015,5018.478,5015.935,5016.785,0.0423
1771568400000,2026-02-20,06:20:00,5016.765,5022.775,5016.435,5022.025,0.0924
1771568700000,2026-02-20,06:25:00,5022.015,5029.065,5021.145,5021.855,0.1063
1771569000000,2026-02-20,06:30:00,5021.825,5025.225,5020.345,5024.285,0.0678
1771569300000,2026-02-20,06:35:00,5024.165,5027.845,5021.485,5026.795,0.0677
1771569600000,2026-02-20,06:40:00,5026.555,5027.105,5025.575,5026.595,0.0584
1771569900000,2026-02-20,06:45:00,5026.575,5029.425,5026.495,5029.285,0.0517
1771570200000,2026-02-20,06:50:00,5029.325,5029.675,5024.295,5025.355,0.048
1771570500000,2026-02-20,06:55:00,5025.405,5025.415,5020.098,5020.305,0.0776
1771570800000,2026-02-20,07:00:00,5020.365,5022.045,5015.365,5020.955,0.1151
1771571100000,2026-02-20,07:05:00,5020.975,5025.685,5020.975,5025.275,0.0865
1771571400000,2026-02-20,07:10:00,5025.235,5027.975,5021.625,5022.425,0.063
1771571700000,2026-02-20,07:15:00,5022.415,5023.305,5020.065,5020.085,0.0359
1771572000000,2026-02-20,07:20:00,5020.045,5020.175,5011.485,5011.745,0.1165
1771572300000,2026-02-20,07:25:00,5011.765,5015.905,5009.118,5015.125,0.0904
1771572600000,2026-02-20,07:30:00,5015.155,5016.025,5012.375,5014.105,0.0578
1771572900000,2026-02-20,07:35:00,5014.135,5017.635,5013.538,5017.635,0.0556
1771573200000,2026-02-20,07:40:00,5017.675,5017.805,5012.985,5016.005,0.0746
1771573500000,2026-02-20,07:45:00,5016.045,5016.055,5013.308,5013.845,0.0362
1771573800000,2026-02-20,07:50:00,5013.885,5015.255,5010.018,5011.735,0.0652
1771574100000,2026-02-20,07:55:00,5011.765,5011.765,5005.835,5006.005,0.1061
1771574400000,2026-02-20,08:00:00,5006.035,5015.455,5005.559,5014.695,0.1213
1771574700000,2026-02-20,08:05:00,5014.665,5016.225,5005.998,5006.565,0.1078
1771575000000,2026-02-20,08:10:00,5006.545,5012.765,5004.665,5012.215,0.089
1771575300000,2026-02-20,08:15:00,5012.235,5013.475,5011.045,5013.475,0.0692
1771575600000,2026-02-20,08:20:00,5013.495,5015.715,5012,5015.165,0.0524
1771575900000,2026-02-20,08:25:00,5015.215,5019.605,5014.805,5018.235,0.0943
1771576200000,2026-02-20,08:30:00,5018.265,5022.455,5017.555,5021.095,0.1088
1771576500000,2026-02-20,08:35:00,5021.665,5027.215,5021.265,5025.555,0.1244
1771576800000,2026-02-20,08:40:00,5025.615,5026.605,5021.686,5022.335,0.0942
1771577100000,2026-02-20,08:45:00,5022.365,5025.395,5022.355,5024.545,0.0814
1771577400000,2026-02-20,08:50:00,5024.525,5030.265,5024.315,5030.125,0.0989
1771577700000,2026-02-20,08:55:00,5030.185,5030.845,5027.695,5028.645,0.0933
1771578000000,2026-02-20,09:00:00,5029.245,5034.905,5027.925,5034.335,0.154
1771578300000,2026-02-20,09:05:00,5034.357,5038.845,5032.585,5038.775,0.1346
1771578600000,2026-02-20,09:10:00,5038.695,5040.395,5034.448,5038.965,0.1411
1771578900000,2026-02-20,09:15:00,5038.935,5041.998,5036.278,5038.305,0.2345
1771579200000,2026-02-20,09:20:00,5038.275,5042.325,5036.418,5037.755,0.1276
1771579500000,2026-02-20,09:25:00,5037.755,5037.815,5033.085,5033.815,0.1102
1771579800000,2026-02-20,09:30:00,5033.785,5035.415,5030,5035.055,0.1115
1771580100000,2026-02-20,09:35:00,5035.085,5035.285,5030,5031.255,0.0812
1771580400000,2026-02-20,09:40:00,5031.215,5033.415,5031.145,5031.945,0.0553
1771580700000,2026-02-20,09:45:00,5031.975,5033.375,5031.205,5033.225,0.0527
1771581000000,2026-02-20,09:50:00,5033.265,5034.398,5030.445,5030.795,0.0597
1771581300000,2026-02-20,09:55:00,5030.815,5030.945,5027.195,5027.345,0.0733
1771581600000,2026-02-20,10:00:00,5027.485,5028.255,5024.095,5024.485,0.0906
1771581900000,2026-02-20,10:05:00,5024.575,5025.475,5022.275,5024.665,0.09
1771582200000,2026-02-20,10:10:00,5024.685,5026.215,5019.258,5025.615,0.0823
1771582500000,2026-02-20,10:15:00,5025.815,5030.665,5024.735,5029.415,0.0729
1771582800000,2026-02-20,10:20:00,5029.445,5029.835,5025.445,5025.735,0.0848
1771583100000,2026-02-20,10:25:00,5025.705,5026.505,5022.988,5026.245,0.0697
1771583400000,2026-02-20,10:30:00,5026.185,5034.015,5026.185,5033.045,0.1011
1771583700000,2026-02-20,10:35:00,5033.058,5038.095,5032.905,5036.535,0.083
1771584000000,2026-02-20,10:40:00,5036.535,5037.095,5032.265,5033.635,0.0894
1771584300000,2026-02-20,10:45:00,5033.685,5033.705,5025.465,5029.165,0.0952
1771584600000,2026-02-20,10:50:00,5029.235,5035.775,5028.735,5035.095,0.0906
1771584900000,2026-02-20,10:55:00,5035.125,5036.72,5032.915,5034.415,0.0579
1771585200000,2026-02-20,11:00:00,5034.375,5034.505,5032.095,5032.575,0.0598
1771585500000,2026-02-20,11:05:00,5032.578,5033.755,5032.315,5033.295,0.0407
1771585800000,2026-02-20,11:10:00,5033.255,5034.505,5030.655,5031.005,0.0358
1771586100000,2026-02-20,11:15:00,5031.055,5031.985,5029.025,5030.935,0.0487
1771586400000,2026-02-20,11:20:00,5030.875,5031.955,5027.525,5028.425,0.055
1771586700000,2026-02-20,11:25:00,5028.405,5029.688,5025.595,5028.575,0.0618
1771587000000,2026-02-20,11:30:00,5028.635,5033.085,5026.745,5031.658,0.0734
1771587300000,2026-02-20,11:35:00,5031.725,5033.155,5025.798,5026.075,0.0751
1771587600000,2026-02-20,11:40:00,5026.055,5027.118,5022.215,5026.805,0.077
1771587900000,2026-02-20,11:45:00,5026.755,5028.405,5015.855,5022.155,0.1305
1771588200000,2026-02-20,11:50:00,5021.965,5023.035,5018.235,5019.985,0.0944
1771588500000,2026-02-20,11:55:00,5019.965,5019.965,5015.085,5016.955,0.1226
1771588800000,2026-02-20,12:00:00,5017.395,5022.385,5013.435,5020.225,0.1509
1771589100000,2026-02-20,12:05:00,5020.205,5023.555,5017.945,5022.845,0.0985
1771589400000,2026-02-20,12:10:00,5022.875,5022.925,5019.085,5022.035,0.0557
1771589700000,2026-02-20,12:15:00,5022.085,5023.235,5016.715,5019.235,0.0788
1771590000000,2026-02-20,12:20:00,5019.205,5019.205,5014.085,5015.405,0.0755
1771590300000,2026-02-20,12:25:00,5015.365,5018.305,5011.435,5011.585,0.0764
1771590600000,2026-02-20,12:30:00,5011.645,5022.685,5006.775,5020.725,0.1777
1771590900000,2026-02-20,12:35:00,5020.755,5024.045,5020.475,5022.415,0.0914
1771591200000,2026-02-20,12:40:00,5022.665,5025.325,5019.305,5024.915,0.1013
1771591500000,2026-02-20,12:45:00,5024.865,5025.155,5021.635,5022.375,0.0572
1771591800000,2026-02-20,12:50:00,5022.305,5022.825,5021.335,5022.185,0.0524
1771592100000,2026-02-20,12:55:00,5022.145,5026.425,5021.305,5024.935,0.0718
1771592400000,2026-02-20,13:00:00,5024.955,5028.265,5023.315,5028.265,0.1003
1771592700000,2026-02-20,13:05:00,5028.245,5028.395,5025.755,5026.365,0.0924
1771593000000,2026-02-20,13:10:00,5026.458,5027.348,5024.755,5025.155,0.0608
1771593300000,2026-02-20,13:15:00,5025.115,5030.075,5024.875,5029.155,0.1033
1771593600000,2026-02-20,13:20:00,5029.215,5030.985,5026.825,5030.115,0.097
1771593900000,2026-02-20,13:25:00,5030.155,5031.665,5027.795,5028.388,0.1043
1771594200000,2026-02-20,13:30:00,5028.388,5031.795,5017.795,5023.635,0.2293
1771594500000,2026-02-20,13:35:00,5023.785,5029.258,5020.715,5028.805,0.1877
1771594800000,2026-02-20,13:40:00,5028.825,5031.598,5025.548,5030.775,0.1298
1771595100000,2026-02-20,13:45:00,5030.735,5042.028,5030.585,5040.815,0.1734
1771595400000,2026-02-20,13:50:00,5040.775,5047.958,5040.545,5045.255,0.2226
1771595700000,2026-02-20,13:55:00,5045.275,5048.555,5042.898,5043.285,0.1782
1771596000000,2026-02-20,14:00:00,5043.265,5045.295,5039.125,5039.945,0.1819
1771596300000,2026-02-20,14:05:00,5040.055,5046.395,5036.885,5044.705,0.1409
1771596600000,2026-02-20,14:10:00,5044.655,5047.135,5039.365,5042.578,0.1228
1771596900000,2026-02-20,14:15:00,5042.645,5044.545,5041.265,5042.045,0.093
1771597200000,2026-02-20,14:20:00,5042.065,5043.405,5040.605,5041.405,0.0914
1771597500000,2026-02-20,14:25:00,5042.005,5042.005,5038.385,5041.205,0.1478
1771597800000,2026-02-20,14:30:00,5041.025,5052.125,5037.325,5046.635,0.3388
1771598100000,2026-02-20,14:35:00,5046.515,5052.365,5040.095,5047.345,0.3423
1771598400000,2026-02-20,14:40:00,5047.245,5054.425,5044.095,5052.485,0.2827
1771598700000,2026-02-20,14:45:00,5053.325,5060.105,5053.315,5057.255,0.2281
1771599000000,2026-02-20,14:50:00,5057.235,5060.255,5052.995,5058.545,0.2246
1771599300000,2026-02-20,14:55:00,5058.725,5059.135,5048.285,5054.045,0.2238
1771599600000,2026-02-20,15:00:00,5053.915,5063.775,5015.285,5026.785,0.4524
1771599900000,2026-02-20,15:05:00,5026.805,5030.285,4989.025,5022.005,0.569
1771600200000,2026-02-20,15:10:00,5021.628,5027.438,5008.165,5021.948,0.581
1771600500000,2026-02-20,15:15:00,5021.948,5044.558,5019.445,5035.098,0.7822
1771600800000,2026-02-20,15:20:00,5035.518,5038.168,5022.585,5023.455,0.6555
1771601100000,2026-02-20,15:25:00,5023.495,5026.175,5010.918,5025.225,0.5354
1771601400000,2026-02-20,15:30:00,5025.135,5029.818,5016.505,5025.055,0.49
1771601700000,2026-02-20,15:35:00,5024.985,5037.805,5018.845,5036.078,0.4546
1771602000000,2026-02-20,15:40:00,5036.085,5046.065,5027.105,5044.765,0.3972
1771602300000,2026-02-20,15:45:00,5044.915,5052.198,5044.285,5046.945,0.3584
1771602600000,2026-02-20,15:50:00,5046.935,5048.405,5036.145,5043.415,0.3287
1771602900000,2026-02-20,15:55:00,5043.505,5044.355,5037.385,5042.318,0.2902
1771603200000,2026-02-20,16:00:00,5042.318,5049.055,5038.875,5042.455,0.2701
1771603500000,2026-02-20,16:05:00,5042.515,5052.715,5038.365,5048.175,0.2497
1771603800000,2026-02-20,16:10:00,5048.445,5055.575,5047.575,5054.215,0.244
1771604100000,2026-02-20,16:15:00,5054.305,5056.395,5047.935,5049.045,0.3016
1771604400000,2026-02-20,16:20:00,5049.395,5051.385,5045.065,5050.795,0.2895
1771604700000,2026-02-20,16:25:00,5050.835,5054.315,5046.578,5053.585,0.2959
1771605000000,2026-02-20,16:30:00,5053.625,5068.825,5052.535,5067.295,0.2872
1771605300000,2026-02-20,16:35:00,5067.375,5068.375,5058.838,5064.095,0.2851
1771605600000,2026-02-20,16:40:00,5064.158,5064.925,5059.195,5062.635,0.1785
1771605900000,2026-02-20,16:45:00,5062.675,5067.535,5062.675,5064.465,0.159
1771606200000,2026-02-20,16:50:00,5064.495,5067.008,5060.635,5063.765,0.1721
1771606500000,2026-02-20,16:55:00,5063.735,5066.965,5059.955,5066.435,0.1729
1771606800000,2026-02-20,17:00:00,5065.968,5069.845,5064.085,5066.365,0.2161
1771607100000,2026-02-20,17:05:00,5066.385,5071.975,5065.585,5070.535,0.1844
1771607400000,2026-02-20,17:10:00,5070.605,5073.255,5065.025,5066.445,0.2093
1771607700000,2026-02-20,17:15:00,5066.425,5067.995,5060.605,5060.735,0.2236
1771608000000,2026-02-20,17:20:00,5060.535,5061.345,5054.545,5055.405,0.2203
1771608300000,2026-02-20,17:25:00,5055.505,5064.825,5054.155,5063.895,0.2018
1771608600000,2026-02-20,17:30:00,5063.925,5066.655,5061.345,5064.405,0.198
1771608900000,2026-02-20,17:35:00,5064.275,5067.455,5063.115,5066.655,0.1475
1771609200000,2026-02-20,17:40:00,5066.605,5069.725,5065.165,5068.075,0.1838
1771609500000,2026-02-20,17:45:00,5068.005,5073.815,5067.095,5073.525,0.1671
1771609800000,2026-02-20,17:50:00,5073.475,5076.038,5071.485,5074.955,0.1993
1771610100000,2026-02-20,17:55:00,5074.885,5075.665,5071.525,5072.695,0.1929
1771610400000,2026-02-20,18:00:00,5072.625,5073.345,5070.465,5071.035,0.178
1771610700000,2026-02-20,18:05:00,5071.125,5072.625,5066.135,5070.145,0.1687
1771611000000,2026-02-20,18:10:00,5070.205,5072.355,5068.205,5069.405,0.1804
1771611300000,2026-02-20,18:15:00,5069.385,5069.578,5064.675,5065.715,0.174
1771611600000,2026-02-20,18:20:00,5065.365,5069.445,5063.875,5069.205,0.219
1771611900000,2026-02-20,18:25:00,5069.455,5070.555,5053.715,5058.045,0.2923
1771612200000,2026-02-20,18:30:00,5057.995,5071.405,5057.098,5065.125,0.2359
1771612500000,2026-02-20,18:35:00,5064.925,5074.755,5059.915,5070.648,0.2963
1771612800000,2026-02-20,18:40:00,5070.638,5072.728,5065.128,5066.378,0.4682
1771613100000,2026-02-20,18:45:00,5066.345,5073.648,5066.275,5072.148,0.2637
1771613400000,2026-02-20,18:50:00,5072.148,5072.148,5066.748,5071.075,0.2118
1771613700000,2026-02-20,18:55:00,5071.105,5072.035,5068.048,5071.098,0.1624
1771614000000,2026-02-20,19:00:00,5071.105,5075.125,5070.695,5072.185,0.1224
1771614300000,2026-02-20,19:05:00,5072.235,5072.455,5069.805,5071.198,0.1064
1771614600000,2026-02-20,19:10:00,5071.235,5072.598,5068.498,5071.248,0.1613
1771614900000,2026-02-20,19:15:00,5071.248,5075.185,5068.525,5073.798,0.1316
1771615200000,2026-02-20,19:20:00,5073.798,5073.898,5071.705,5072.695,0.0873
1771615500000,2026-02-20,19:25:00,5072.905,5073.345,5069.185,5069.315,0.0953
1771615800000,2026-02-20,19:30:00,5069.415,5072.635,5069.395,5071.225,0.1008
1771616100000,2026-02-20,19:35:00,5071.245,5072.425,5070.495,5072.235,0.0856
1771616400000,2026-02-20,19:40:00,5072.395,5073.795,5071.285,5073.385,0.1114
1771616700000,2026-02-20,19:45:00,5073.355,5075.095,5072.075,5072.415,0.0962
1771617000000,2026-02-20,19:50:00,5072.365,5076.315,5071.958,5075.615,0.1236
1771617300000,2026-02-20,19:55:00,5075.635,5079.675,5075.105,5079.098,0.1653
1771617600000,2026-02-20,20:00:00,5079.165,5079.565,5076.798,5077.855,0.1615
1771617900000,2026-02-20,20:05:00,5077.695,5081.235,5076.555,5079.975,0.1411
1771618200000,2026-02-20,20:10:00,5079.995,5081.155,5077.195,5079.335,0.1323
1771618500000,2026-02-20,20:15:00,5079.298,5084.265,5078.335,5082.805,0.1616
1771618800000,2026-02-20,20:20:00,5082.855,5086.255,5082.445,5085.775,0.1318
1771619100000,2026-02-20,20:25:00,5085.805,5085.905,5083.698,5084.465,0.1467
1771619400000,2026-02-20,20:30:00,5084.465,5087.135,5082.365,5084.095,0.1729
1771619700000,2026-02-20,20:35:00,5084.155,5086.298,5083.675,5085.655,0.1278
1771620000000,2026-02-20,20:40:00,5085.685,5086.815,5082.815,5084.585,0.1501
1771620300000,2026-02-20,20:45:00,5084.685,5086.515,5083.305,5084.055,0.2123
1771620600000,2026-02-20,20:50:00,5084.075,5088.365,5083.325,5087.615,0.2716
1771620900000,2026-02-20,20:55:00,5087.615,5098.035,5087.095,5096.635,0.3702
1771621200000,2026-02-20,21:00:00,5096.825,5098.795,5092.035,5094.965,0.1033
1771621500000,2026-02-20,21:05:00,5094.935,5096.015,5091.665,5093.205,0.0612
1771621800000,2026-02-20,21:10:00,5093.225,5095.405,5092.415,5093.045,0.054
1771622100000,2026-02-20,21:15:00,5093.065,5094.765,5091.465,5093.525,0.0606
1771622400000,2026-02-20,21:20:00,5093.525,5095.895,5092.705,5094.495,0.0441
1771622700000,2026-02-20,21:25:00,5094.445,5098.555,5093.515,5097.725,0.0652
1771623000000,2026-02-20,21:30:00,5097.725,5099.895,5097.345,5097.925,0.0547
1771623300000,2026-02-20,21:35:00,5097.855,5099.848,5097.515,5099.495,0.0379
1771623600000,2026-02-20,21:40:00,5099.448,5100.065,5097.455,5099.148,0.0471
1771623900000,2026-02-20,21:45:00,5098.878,5104.598,5098.198,5103.678,0.1399
1771624200000,2026-02-20,21:50:00,5103.545,5106.595,5101.435,5103.348,0.1523
1771624500000,2026-02-20,21:55:00,5103.348,5107.698,5102.398,5106.169,0.2625
1771801200000,2026-02-22,23:00:00,5106.098,5120.068,5096.958,5116.518,0.2472
1771801500000,2026-02-22,23:05:00,5116.518,5140.118,5116.518,5134.235,0.4061
1771801800000,2026-02-22,23:10:00,5134.198,5146.285,5134.118,5145.985,0.1976
1771802100000,2026-02-22,23:15:00,5145.955,5149.995,5141.058,5141.735,0.1785
1771802400000,2026-02-22,23:20:00,5141.755,5147.255,5140.235,5145.955,0.1507
1771802700000,2026-02-22,23:25:00,5145.895,5151.875,5143.225,5146.075,0.1477
1771803000000,2026-02-22,23:30:00,5146.025,5150.905,5144.145,5146.305,0.1119
1771803300000,2026-02-22,23:35:00,5146.365,5151.375,5145.808,5146.995,0.1346
1771803600000,2026-02-22,23:40:00,5147.185,5158.885,5146.955,5158.365,0.169
1771803900000,2026-02-22,23:45:00,5158.345,5160.645,5153.455,5158.425,0.118
1771804200000,2026-02-22,23:50:00,5158.445,5167.415,5156.875,5165.035,0.1235
1771804500000,2026-02-22,23:55:00,5165.065,5171.565,5163.245,5165.025,0.1015
1771804800000,2026-02-23,00:00:00,5164.255,5166.295,5138.848,5148.115,0.274
1771805100000,2026-02-23,00:05:00,5148.135,5151.095,5137.848,5149.225,0.2031
1771805400000,2026-02-23,00:10:00,5149.338,5150.525,5132.378,5137.775,0.2596
1771805700000,2026-02-23,00:15:00,5137.825,5140.325,5130.745,5130.958,0.1603
1771806000000,2026-02-23,00:20:00,5130.958,5145.305,5129.035,5145.195,0.1704
1771806300000,2026-02-23,00:25:00,5145.145,5153.138,5136.938,5152.875,0.1914
1771806600000,2026-02-23,00:30:00,5152.975,5160.565,5147.965,5149.375,0.1607
1771806900000,2026-02-23,00:35:00,5149.405,5152.095,5141.165,5144.235,0.151
1771807200000,2026-02-23,00:40:00,5144.195,5149.595,5138.945,5140.515,0.1186
1771807500000,2026-02-23,00:45:00,5140.535,5140.535,5134.625,5137.485,0.1298
1771807800000,2026-02-23,00:50:00,5137.445,5144.405,5136.735,5143.325,0.1105
1771808100000,2026-02-23,00:55:00,5143.398,5146.145,5141.535,5144.235,0.0964
1771808400000,2026-02-23,01:00:00,5144.255,5149.375,5139.745,5148.715,0.2164
1771808700000,2026-02-23,01:05:00,5148.695,5157.795,5146.215,5154.895,0.2273
1771809000000,2026-02-23,01:10:00,5154.615,5154.885,5145.318,5147.169,0.2378
1771809300000,2026-02-23,01:15:00,5147.209,5152.735,5146.035,5152.735,0.1318
1771809600000,2026-02-23,01:20:00,5152.695,5158.945,5152.665,5156.075,0.1615
1771809900000,2026-02-23,01:25:00,5155.975,5159.235,5152.485,5158.945,0.1484
1771810200000,2026-02-23,01:30:00,5158.815,5161.105,5155.195,5156.718,0.1344
1771810500000,2026-02-23,01:35:00,5156.665,5161.005,5156.405,5158.015,0.1132
1771810800000,2026-02-23,01:40:00,5158.055,5166.185,5155.428,5165.805,0.1757
1771811100000,2026-02-23,01:45:00,5165.825,5166.755,5159.175,5163.885,0.1613
1771811400000,2026-02-23,01:50:00,5163.895,5167.465,5155.985,5156.575,0.1498
1771811700000,2026-02-23,01:55:00,5156.595,5159.465,5155.968,5157.015,0.1669
1771812000000,2026-02-23,02:00:00,5156.885,5163.385,5156.275,5163.178,0.1431
1771812300000,2026-02-23,02:05:00,5163.065,5166.715,5160.995,5165.135,0.1126
1771812600000,2026-02-23,02:10:00,5165.135,5165.135,5158.755,5160.145,0.1555
1771812900000,2026-02-23,02:15:00,5160.165,5166.985,5158.705,5159.165,0.1544
1771813200000,2026-02-23,02:20:00,5159.165,5161.415,5157.205,5159.295,0.1219
1771813500000,2026-02-23,02:25:00,5159.385,5162.955,5158.649,5160.895,0.1024
1771813800000,2026-02-23,02:30:00,5160.829,5165.295,5160.695,5163.885,0.094
1771814100000,2026-02-23,02:35:00,5163.748,5169.145,5163.285,5168.469,0.1396
1771814400000,2026-02-23,02:40:00,5168.459,5176.255,5167.709,5174.145,0.1736
1771814700000,2026-02-23,02:45:00,5174.095,5176.385,5170.308,5170.485,0.1234
1771815000000,2026-02-23,02:50:00,5170.455,5173.018,5163.515,5173.018,0.1529
1771815300000,2026-02-23,02:55:00,5173.185,5174.168,5171.355,5173.365,0.1292
1771815600000,2026-02-23,03:00:00,5173.365,5175.685,5171.515,5171.805,0.1258
1771815900000,2026-02-23,03:05:00,5171.785,5174.745,5163.065,5164.505,0.1717
1771816200000,2026-02-23,03:10:00,5164.535,5164.625,5151.655,5157.885,0.2248
1771816500000,2026-02-23,03:15:00,5157.865,5158.608,5153.268,5155.145,0.1539
1771816800000,2026-02-23,03:20:00,5155.145,5162.025,5155.145,5161.585,0.1334
1771817100000,2026-02-23,03:25:00,5161.665,5164.355,5161.515,5163.965,0.1237
1771817400000,2026-02-23,03:30:00,5163.915,5169.035,5163.915,5166.435,0.1278
1771817700000,2026-02-23,03:35:00,5166.698,5170.435,5165.175,5168.308,0.0954
1771818000000,2026-02-23,03:40:00,5168.318,5169.975,5166.425,5168.395,0.1337
1771818300000,2026-02-23,03:45:00,5168.345,5170.085,5168.165,5169.875,0.0899
1771818600000,2026-02-23,03:50:00,5169.845,5170.915,5167.838,5169.885,0.0972
1771818900000,2026-02-23,03:55:00,5169.935,5170.515,5166.218,5166.415,0.1183
1771819200000,2026-02-23,04:00:00,5166.345,5168.585,5161.648,5162.785,0.1538
1771819500000,2026-02-23,04:05:00,5162.578,5164.895,5155.105,5155.565,0.1337
1771819800000,2026-02-23,04:10:00,5156.365,5164.145,5156.015,5162.005,0.1077
1771820100000,2026-02-23,04:15:00,5161.945,5164.325,5160.385,5163.895,0.0723
1771820400000,2026-02-23,04:20:00,5163.825,5164.305,5161.015,5161.965,0.0722
1771820700000,2026-02-23,04:25:00,5161.925,5161.975,5158.718,5159.925,0.0891
1771821000000,2026-02-23,04:30:00,5159.895,5163.535,5158.385,5158.725,0.0897
1771821300000,2026-02-23,04:35:00,5159.178,5159.825,5155.665,5158.945,0.1431
1771821600000,2026-02-23,04:40:00,5158.985,5160.755,5158.225,5159.095,0.0593
1771821900000,2026-02-23,04:45:00,5159.135,5161.595,5157.918,5160.445,0.0735
1771822200000,2026-02-23,04:50:00,5160.445,5160.545,5157.545,5159.045,0.0741
1771822500000,2026-02-23,04:55:00,5159.105,5161.395,5158.938,5160.425,0.1079
1771822800000,2026-02-23,05:00:00,5160.405,5161.438,5154.525,5154.665,0.1732
1771823100000,2026-02-23,05:05:00,5154.675,5156.675,5151.938,5155.945,0.1371
1771823400000,2026-02-23,05:10:00,5155.885,5160.035,5154.275,5158.105,0.0827
1771823700000,2026-02-23,05:15:00,5158.165,5159.135,5154.545,5154.595,0.0667
1771824000000,2026-02-23,05:20:00,5154.545,5156.665,5152.695,5154.225,0.0782
1771824300000,2026-02-23,05:25:00,5154.325,5157.868,5153.225,5157.685,0.1043
1771824600000,2026-02-23,05:30:00,5157.725,5157.925,5154.425,5154.845,0.0857
1771824900000,2026-02-23,05:35:00,5154.918,5156.295,5153.148,5153.335,0.0599
1771825200000,2026-02-23,05:40:00,5153.405,5156.875,5153.248,5156.705,0.0847
1771825500000,2026-02-23,05:45:00,5156.725,5159.615,5156.248,5158.455,0.0746
1771825800000,2026-02-23,05:50:00,5158.545,5158.645,5155.805,5158.225,0.0732
1771826100000,2026-02-23,05:55:00,5158.265,5159.105,5156.898,5157.965,0.0543
1771826400000,2026-02-23,06:00:00,5157.945,5160.935,5157.225,5158.978,0.0772
1771826700000,2026-02-23,06:05:00,5159.015,5160.585,5156.978,5157.995,0.0764
1771827000000,2026-02-23,06:10:00,5158.025,5160.278,5157.685,5159.095,0.0591
1771827300000,2026-02-23,06:15:00,5159.518,5160.335,5158.575,5160.315,0.0583
1771827600000,2026-02-23,06:20:00,5160.465,5161.265,5157.938,5158.025,0.0535
1771827900000,2026-02-23,06:25:00,5158.018,5160.475,5151.818,5152.285,0.0711
1771828200000,2026-02-23,06:30:00,5152.325,5156.325,5151.495,5155.695,0.0919
1771828500000,2026-02-23,06:35:00,5154.925,5156.645,5151.985,5153.975,0.0747
1771828800000,2026-02-23,06:40:00,5154.035,5154.705,5146.895,5148.025,0.1117
1771829100000,2026-02-23,06:45:00,5148.075,5152.885,5145.965,5151.745,0.0928
1771829400000,2026-02-23,06:50:00,5151.825,5152.895,5147.755,5148.255,0.0617
1771829700000,2026-02-23,06:55:00,5148.375,5148.785,5144.715,5145.385,0.0844
1771830000000,2026-02-23,07:00:00,5145.585,5149.355,5139.145,5139.825,0.1589
1771830300000,2026-02-23,07:05:00,5139.875,5154.175,5137.755,5150.675,0.1452
1771830600000,2026-02-23,07:10:00,5150.635,5150.635,5146.548,5146.565,0.084
1771830900000,2026-02-23,07:15:00,5146.565,5149.035,5144.245,5144.618,0.1025
1771831200000,2026-02-23,07:20:00,5144.518,5145.418,5136.105,5138.715,0.1367
1771831500000,2026-02-23,07:25:00,5138.745,5140.525,5125.378,5136.085,0.1831
1771831800000,2026-02-23,07:30:00,5136.225,5137.015,5129.705,5130.665,0.119
1771832100000,2026-02-23,07:35:00,5130.625,5133.335,5124.965,5132.395,0.1353
1771832400000,2026-02-23,07:40:00,5132.345,5136.685,5131.575,5136.595,0.1094
1771832700000,2026-02-23,07:45:00,5136.635,5137.445,5134.545,5136.575,0.1065
1771833000000,2026-02-23,07:50:00,5136.545,5138.875,5135.125,5136.545,0.0925
1771833300000,2026-02-23,07:55:00,5136.595,5139.085,5135.925,5136.535,0.1147
1771833600000,2026-02-23,08:00:00,5136.245,5138.605,5130.805,5134.195,0.1508
1771833900000,2026-02-23,08:05:00,5134.225,5139.325,5132.595,5136.505,0.1019
1771834200000,2026-02-23,08:10:00,5136.465,5138.375,5134.805,5137.975,0.0823
1771834500000,2026-02-23,08:15:00,5138.005,5139.265,5134.585,5136.215,0.0732
1771834800000,2026-02-23,08:20:00,5136.145,5138.195,5127.825,5127.845,0.104
1771835100000,2026-02-23,08:25:00,5127.885,5130.545,5122.218,5124.885,0.1517
1771835400000,2026-02-23,08:30:00,5124.875,5132.165,5121.818,5130.645,0.1219
1771835700000,2026-02-23,08:35:00,5130.685,5131.905,5126.805,5126.905,0.0819
1771836000000,2026-02-23,08:40:00,5126.835,5128.295,5124.645,5127.895,0.0977
1771836300000,2026-02-23,08:45:00,5127.865,5134.415,5127.445,5133.605,0.0939
1771836600000,2026-02-23,08:50:00,5133.575,5137.695,5132.595,5137.695,0.0956
1771836900000,2026-02-23,08:55:00,5137.665,5141.905,5137.475,5139.975,0.0853
1771837200000,2026-02-23,09:00:00,5139.925,5142.805,5139.275,5141.885,0.1089
1771837500000,2026-02-23,09:05:00,5141.995,5145.245,5139.945,5143.835,0.11
1771837800000,2026-02-23,09:10:00,5143.815,5146.745,5143.125,5145.665,0.0964
1771838100000,2026-02-23,09:15:00,5145.725,5147.445,5144.885,5145.725,0.0862
1771838400000,2026-02-23,09:20:00,5145.745,5148.185,5144.705,5146.365,0.0577
1771838700000,2026-02-23,09:25:00,5146.405,5149.255,5146.315,5148.905,0.0624
1771839000000,2026-02-23,09:30:00,5148.875,5149.835,5145.675,5147.265,0.0593
1771839300000,2026-02-23,09:35:00,5147.325,5147.855,5143.285,5145.305,0.0718
1771839600000,2026-02-23,09:40:00,5145.285,5146.785,5142.855,5146.355,0.0598
1771839900000,2026-02-23,09:45:00,5146.455,5149.098,5143.935,5147.245,0.0448
1771840200000,2026-02-23,09:50:00,5147.175,5147.675,5145.155,5146.825,0.0475
1771840500000,2026-02-23,09:55:00,5146.845,5149.595,5146.385,5149.375,0.0521
1771840800000,2026-02-23,10:00:00,5149.395,5152.865,5148.795,5151.225,0.076
1771841100000,2026-02-23,10:05:00,5151.245,5152.475,5146.155,5147.515,0.0858
1771841400000,2026-02-23,10:10:00,5147.518,5149.635,5146.235,5149.248,0.0743
1771841700000,2026-02-23,10:15:00,5149.248,5152.865,5148.985,5152.725,0.0829
1771842000000,2026-02-23,10:20:00,5152.695,5156.375,5150.495,5153.625,0.0828
1771842300000,2026-02-23,10:25:00,5153.565,5156.165,5151.545,5155.795,0.1357
1771842600000,2026-02-23,10:30:00,5155.775,5157.465,5146.948,5148.895,0.1444
1771842900000,2026-02-23,10:35:00,5149.108,5154.605,5144.748,5152.398,0.1116
1771843200000,2026-02-23,10:40:00,5152.378,5154.595,5150.455,5152.035,0.0565
1771843500000,2026-02-23,10:45:00,5152.065,5154.555,5151.715,5154.275,0.0567
1771843800000,2026-02-23,10:50:00,5154.315,5160.165,5152.465,5159.865,0.0946
1771844100000,2026-02-23,10:55:00,5159.925,5163.295,5159.745,5162.705,0.1001
1771844400000,2026-02-23,11:00:00,5162.725,5163.215,5160.135,5162.095,0.0763
1771844700000,2026-02-23,11:05:00,5162.065,5162.485,5157.305,5159.155,0.0747
1771845000000,2026-02-23,11:10:00,5159.125,5160.205,5152.765,5153.125,0.0792
1771845300000,2026-02-23,11:15:00,5153.145,5154.165,5147.075,5149.198,0.1
1771845600000,2026-02-23,11:20:00,5149.798,5150.025,5146.325,5148.225,0.0683
1771845900000,2026-02-23,11:25:00,5148.265,5153.125,5148.265,5150.445,0.0794
1771846200000,2026-02-23,11:30:00,5150.415,5152.405,5147.595,5150.485,0.0742
1771846500000,2026-02-23,11:35:00,5150.115,5153.445,5149.965,5150.985,0.068
1771846800000,2026-02-23,11:40:00,5151.035,5151.465,5148.985,5150.785,0.053
1771847100000,2026-02-23,11:45:00,5150.825,5154.415,5150.655,5153.645,0.0636
1771847400000,2026-02-23,11:50:00,5153.675,5154.305,5152.265,5152.385,0.0547
1771847700000,2026-02-23,11:55:00,5152.365,5152.715,5149.305,5149.475,0.057
1771848000000,2026-02-23,12:00:00,5149.275,5154.385,5148.355,5153.075,0.1282
1771848300000,2026-02-23,12:05:00,5153.135,5153.135,5146.735,5149.038,0.0795
1771848600000,2026-02-23,12:10:00,5149.145,5150.905,5147.625,5149.415,0.0836
1771848900000,2026-02-23,12:15:00,5149.445,5151.445,5148.455,5149.385,0.0713
1771849200000,2026-02-23,12:20:00,5149.665,5152.165,5148.195,5149.265,0.0809
1771849500000,2026-02-23,12:25:00,5149.225,5150.015,5145.225,5149.935,0.0748
1771849800000,2026-02-23,12:30:00,5149.985,5153.855,5149.845,5151.525,0.0878
1771850100000,2026-02-23,12:35:00,5151.245,5157.905,5149.485,5157.815,0.0865
1771850400000,2026-02-23,12:40:00,5157.795,5164.385,5157.205,5164.235,0.1204
1771850700000,2026-02-23,12:45:00,5164.195,5164.515,5159.975,5159.975,0.0931
1771851000000,2026-02-23,12:50:00,5159.825,5164.695,5159.465,5163.255,0.0804
1771851300000,2026-02-23,12:55:00,5163.185,5165.235,5162.215,5163.875,0.0625
1771851600000,2026-02-23,13:00:00,5163.835,5165.188,5159.445,5159.935,0.1233
1771851900000,2026-02-23,13:05:00,5159.745,5160.005,5154.275,5155.895,0.1347
1771852200000,2026-02-23,13:10:00,5155.865,5156.935,5152.755,5154.705,0.1178
1771852500000,2026-02-23,13:15:00,5154.725,5156.415,5151.375,5155.465,0.0856
1771852800000,2026-02-23,13:20:00,5155.445,5156.175,5147.605,5148.685,0.1698
1771853100000,2026-02-23,13:25:00,5148.635,5150.398,5143.405,5149.445,0.168
1771853400000,2026-02-23,13:30:00,5149.465,5153.745,5147.045,5153.225,0.1338
1771853700000,2026-02-23,13:35:00,5153.265,5153.845,5149.638,5150.615,0.1032
1771854000000,2026-02-23,13:40:00,5150.565,5152.965,5148.315,5152.565,0.0897
1771854300000,2026-02-23,13:45:00,5152.395,5153.045,5147.005,5150.365,0.1009
1771854600000,2026-02-23,13:50:00,5150.335,5151.945,5149.185,5149.345,0.0861
1771854900000,2026-02-23,13:55:00,5149.345,5150.795,5145.305,5146.055,0.1315
1771855200000,2026-02-23,14:00:00,5145.995,5149.595,5141.225,5149.395,0.1495
1771855500000,2026-02-23,14:05:00,5149.435,5152.475,5148.365,5150.015,0.099
1771855800000,2026-02-23,14:10:00,5149.975,5156.905,5148.555,5156.695,0.1098
1771856100000,2026-02-23,14:15:00,5156.805,5159.925,5155.855,5159.595,0.1067
1771856400000,2026-02-23,14:20:00,5159.685,5165.225,5158.995,5163.465,0.1583
1771856700000,2026-02-23,14:25:00,5163.495,5165.215,5162.448,5165.095,0.1319
1771857000000,2026-02-23,14:30:00,5165.015,5173.675,5164.638,5171.448,0.323
1771857300000,2026-02-23,14:35:00,5171.315,5183.738,5170.948,5183.738,0.3151
1771857600000,2026-02-23,14:40:00,5183.778,5190.565,5181.895,5190.358,0.3468
1771857900000,2026-02-23,14:45:00,5190.525,5198.735,5190.315,5194.445,0.3902
1771858200000,2026-02-23,14:50:00,5194.505,5200.198,5192.405,5196.005,0.3035
1771858500000,2026-02-23,14:55:00,5195.895,5200.175,5187.185,5192.245,0.328
1771858800000,2026-02-23,15:00:00,5192.245,5194.115,5180.355,5188.355,0.2878
1771859100000,2026-02-23,15:05:00,5188.748,5198.098,5186.895,5196.795,0.2607
1771859400000,2026-02-23,15:10:00,5196.815,5198.955,5186.475,5198.865,0.2766
1771859700000,2026-02-23,15:15:00,5198.885,5199.675,5194.355,5199.348,0.308
1771860000000,2026-02-23,15:20:00,5199.378,5203.408,5190.998,5193.758,0.5247
1771860300000,2026-02-23,15:25:00,5193.938,5200.065,5191.318,5197.415,0.2569
1771860600000,2026-02-23,15:30:00,5197.365,5198.778,5191.015,5191.525,0.2414
1771860900000,2026-02-23,15:35:00,5191.495,5199.915,5185.955,5199.115,0.2679
1771861200000,2026-02-23,15:40:00,5199.165,5202.715,5195.595,5201.025,0.2276
1771861500000,2026-02-23,15:45:00,5201.045,5204.875,5196.005,5201.765,0.2047
1771861800000,2026-02-23,15:50:00,5201.795,5203.935,5193.075,5195.635,0.2475
1771862100000,2026-02-23,15:55:00,5195.665,5199.725,5190.145,5195.928,0.3659
1771862400000,2026-02-23,16:00:00,5195.588,5195.588,5175.545,5179.535,0.4469
1771862700000,2026-02-23,16:05:00,5179.545,5197.245,5178.705,5196.525,0.2837
1771863000000,2026-02-23,16:10:00,5196.605,5204.165,5196.605,5202.215,0.2319
1771863300000,2026-02-23,16:15:00,5202.265,5216.615,5201.215,5214.745,0.2575
1771863600000,2026-02-23,16:20:00,5214.685,5217.185,5211.685,5215.855,0.2855
1771863900000,2026-02-23,16:25:00,5215.825,5218.865,5213.725,5214.328,0.263
1771864200000,2026-02-23,16:30:00,5214.485,5215.395,5206.225,5209.165,0.3164
1771864500000,2026-02-23,16:35:00,5209.255,5213.645,5208.675,5210.285,0.2951
1771864800000,2026-02-23,16:40:00,5210.345,5212.135,5208.115,5209.435,0.2854
1771865100000,2026-02-23,16:45:00,5209.818,5210.755,5206.335,5210.045,0.224
1771865400000,2026-02-23,16:50:00,5210.155,5217.635,5208.485,5211.945,0.2322
1771865700000,2026-02-23,16:55:00,5211.985,5213.885,5207.948,5209.705,0.158
1771866000000,2026-02-23,17:00:00,5209.755,5212.285,5207.975,5211.875,0.1909
1771866300000,2026-02-23,17:05:00,5211.545,5213.225,5206.755,5208.585,0.1729
1771866600000,2026-02-23,17:10:00,5208.555,5209.655,5199.335,5203.525,0.2176
1771866900000,2026-02-23,17:15:00,5203.505,5210.475,5202.385,5206.935,0.2086
1771867200000,2026-02-23,17:20:00,5206.915,5209.585,5203.875,5209.298,0.1935
1771867500000,2026-02-23,17:25:00,5209.315,5212.375,5208.885,5210.095,0.1514
1771867800000,2026-02-23,17:30:00,5209.875,5210.915,5207.015,5207.785,0.1339
1771868100000,2026-02-23,17:35:00,5207.745,5207.745,5190.675,5196.265,0.2386
1771868400000,2026-02-23,17:40:00,5196.625,5204.085,5195.655,5199.395,0.2139
1771868700000,2026-02-23,17:45:00,5199.345,5201.895,5196.305,5199.435,0.1467
1771869000000,2026-02-23,17:50:00,5199.405,5207.385,5198.898,5204.935,0.153
1771869300000,2026-02-23,17:55:00,5204.985,5207.925,5203.955,5207.665,0.146
1771869600000,2026-02-23,18:00:00,5207.748,5210.155,5206.895,5209.805,0.1221
1771869900000,2026-02-23,18:05:00,5209.725,5214.395,5209.605,5214.005,0.1283
1771870200000,2026-02-23,18:10:00,5214.135,5215.655,5212.275,5212.275,0.1228
1771870500000,2026-02-23,18:15:00,5212.365,5212.635,5207.188,5207.675,0.1573
1771870800000,2026-02-23,18:20:00,5207.705,5213.075,5206.061,5206.098,0.1644
1771871100000,2026-02-23,18:25:00,5206.098,5207.885,5200.998,5205.875,0.197
1771871400000,2026-02-23,18:30:00,5205.975,5210.355,5205.465,5207.858,0.1588
1771871700000,2026-02-23,18:35:00,5207.875,5213.265,5206.885,5208.645,0.1041
1771872000000,2026-02-23,18:40:00,5208.675,5210.055,5205.238,5206.498,0.1278
1771872300000,2026-02-23,18:45:00,5206.498,5209.898,5205.685,5208.775,0.11
1771872600000,2026-02-23,18:50:00,5208.805,5211.915,5208.455,5210.265,0.1006
1771872900000,2026-02-23,18:55:00,5210.245,5210.985,5208.065,5209.285,0.1072
1771873200000,2026-02-23,19:00:00,5209.315,5210.135,5206.435,5208.945,0.1133
1771873500000,2026-02-23,19:05:00,5209.088,5210.035,5206.325,5209.185,0.0822
1771873800000,2026-02-23,19:10:00,5209.265,5211.895,5208.275,5211.135,0.0845
1771874100000,2026-02-23,19:15:00,5211.115,5214.285,5211.115,5212.305,0.0944
1771874400000,2026-02-23,19:20:00,5212.275,5214.765,5210.625,5211.365,0.1097
1771874700000,2026-02-23,19:25:00,5211.345,5213.025,5206.645,5208.945,0.1391
1771875000000,2026-02-23,19:30:00,5208.898,5211.995,5207.845,5211.898,0.1269
1771875300000,2026-02-23,19:35:00,5212.015,5215.098,5209.415,5214.898,0.1494
1771875600000,2026-02-23,19:40:00,5214.735,5217.175,5210.875,5216.698,0.1683
1771875900000,2026-02-23,19:45:00,5216.698,5217.935,5214.775,5217.098,0.1714
1771876200000,2026-02-23,19:50:00,5217.098,5217.535,5214.005,5216.075,0.1397
1771876500000,2026-02-23,19:55:00,5215.915,5216.298,5214.278,5215.298,0.1493
1771876800000,2026-02-23,20:00:00,5215.265,5222.525,5214.515,5222.298,0.3144
1771877100000,2026-02-23,20:05:00,5222.298,5222.645,5218.515,5222.615,0.2438
1771877400000,2026-02-23,20:10:00,5222.645,5224.098,5221.015,5222.895,0.2053
1771877700000,2026-02-23,20:15:00,5222.799,5224.378,5221.665,5223.715,0.16
1771878000000,2026-02-23,20:20:00,5223.745,5225.298,5223.365,5224.365,0.1636
1771878300000,2026-02-23,20:25:00,5224.385,5225.805,5223.318,5224.935,0.129
1771878600000,2026-02-23,20:30:00,5224.905,5228.898,5224.295,5227.698,0.1574
1771878900000,2026-02-23,20:35:00,5227.698,5229.725,5226.998,5228.898,0.1758
1771879200000,2026-02-23,20:40:00,5229.098,5229.298,5227.178,5227.525,0.193
1771879500000,2026-02-23,20:45:00,5227.405,5229.098,5224.425,5228.298,0.2231
1771879800000,2026-02-23,20:50:00,5228.298,5235.765,5228.298,5233.898,0.291
1771880100000,2026-02-23,20:55:00,5233.828,5237.725,5230.488,5236.205,0.3148
1771880400000,2026-02-23,21:00:00,5236.145,5237.055,5233.598,5234.398,0.0781
1771880700000,2026-02-23,21:05:00,5234.395,5235.558,5232.355,5234.148,0.0784
1771881000000,2026-02-23,21:10:00,5234.088,5234.748,5229.498,5230.698,0.0865
1771881300000,2026-02-23,21:15:00,5230.698,5231.265,5228.638,5230.925,0.0592
1771881600000,2026-02-23,21:20:00,5230.955,5231.895,5229.935,5230.095,0.0377
1771881900000,2026-02-23,21:25:00,5230.125,5231.205,5228.905,5229.645,0.0386
1771882200000,2026-02-23,21:30:00,5229.488,5231.515,5226.265,5231.385,0.0524
1771882500000,2026-02-23,21:35:00,5231.305,5232.765,5229.298,5229.895,0.0417
1771882800000,2026-02-23,21:40:00,5229.735,5230.415,5228.145,5228.505,0.0503
1771883100000,2026-02-23,21:45:00,5228.475,5231.205,5226.815,5231.205,0.055
1771883400000,2026-02-23,21:50:00,5230.805,5231.425,5227.575,5228.498,0.0552
1771883700000,2026-02-23,21:55:00,5228.598,5229.898,5226.335,5226.635,0.0735
1771887600000,2026-02-23,23:00:00,5225.898,5247.215,5221.639,5241.998,0.1615
1771887900000,2026-02-23,23:05:00,5242.105,5245.598,5234.198,5240.465,0.1834
1771888200000,2026-02-23,23:10:00,5240.465,5248.765,5240.378,5244.275,0.1163
1771888500000,2026-02-23,23:15:00,5244.275,5249.575,5243.848,5246.455,0.1055
1771888800000,2026-02-23,23:20:00,5246.425,5248.395,5237.755,5238.915,0.1113
1771889100000,2026-02-23,23:25:00,5238.945,5242.855,5233.645,5236.115,0.1339
1771889400000,2026-02-23,23:30:00,5236.175,5246.725,5236.175,5245.415,0.0941
1771889700000,2026-02-23,23:35:00,5245.435,5246.665,5234.088,5240.625,0.0755
1771890000000,2026-02-23,23:40:00,5240.605,5242.395,5237.465,5242.255,0.0543
1771890300000,2026-02-23,23:45:00,5242.235,5242.585,5239.075,5241.845,0.0443
1771890600000,2026-02-23,23:50:00,5241.865,5241.985,5233.958,5234.305,0.0684
1771890900000,2026-02-23,23:55:00,5234.335,5238.895,5234.335,5235.345,0.0586
1771891200000,2026-02-24,00:00:00,5235.395,5235.395,5217.295,5229.835,0.2326
1771891500000,2026-02-24,00:05:00,5229.865,5233.545,5223.105,5227.475,0.1464
1771891800000,2026-02-24,00:10:00,5227.505,5232.035,5226.215,5229.505,0.084
1771892100000,2026-02-24,00:15:00,5229.718,5235.338,5229.578,5231.555,0.0855
1771892400000,2026-02-24,00:20:00,5231.575,5237.825,5229.595,5235.305,0.0949
1771892700000,2026-02-24,00:25:00,5235.325,5236.025,5224.298,5226.375,0.0991
1771893000000,2026-02-24,00:30:00,5226.455,5231.255,5225.645,5228.125,0.0666
1771893300000,2026-02-24,00:35:00,5228.215,5232.295,5224.295,5227.255,0.087
1771893600000,2026-02-24,00:40:00,5227.305,5230.365,5225.898,5230.135,0.0812
1771893900000,2026-02-24,00:45:00,5229.525,5231.865,5228.465,5229.535,0.0498
1771894200000,2026-02-24,00:50:00,5229.565,5231.475,5226.445,5226.835,0.0665
1771894500000,2026-02-24,00:55:00,5226.815,5226.815,5220.825,5223.555,0.1851
1771894800000,2026-02-24,01:00:00,5223.505,5223.715,5200.985,5212.785,0.4269
1771895100000,2026-02-24,01:05:00,5212.845,5213.085,5195.725,5207.225,0.4634
1771895400000,2026-02-24,01:10:00,5207.015,5210.765,5183.145,5184.995,0.4958
1771895700000,2026-02-24,01:15:00,5185.088,5188.695,5144.698,5159.715,0.585
1771896000000,2026-02-24,01:20:00,5159.655,5172.098,5149.398,5150.198,0.4584
1771896300000,2026-02-24,01:25:00,5151.005,5165.575,5148.348,5164.448,0.4376
1771896600000,2026-02-24,01:30:00,5164.665,5173.355,5160.965,5170.125,0.355
1771896900000,2026-02-24,01:35:00,5169.925,5175.498,5161.865,5163.838,0.3484
1771897200000,2026-02-24,01:40:00,5163.838,5175.838,5163.025,5173.515,0.2449
1771897500000,2026-02-24,01:45:00,5173.545,5179.025,5172.315,5178.145,0.2175
1771897800000,2026-02-24,01:50:00,5178.438,5179.025,5165.975,5167.115,0.224
1771898100000,2026-02-24,01:55:00,5167.095,5176.975,5163.658,5176.855,0.1608
1771898400000,2026-02-24,02:00:00,5177.125,5181.435,5170.548,5171.585,0.2775
1771898700000,2026-02-24,02:05:00,5171.615,5176.025,5166.358,5172.465,0.3048
1771899000000,2026-02-24,02:10:00,5172.315,5174.435,5166.325,5172.275,0.1395
1771899300000,2026-02-24,02:15:00,5172.189,5174.465,5165.168,5172.155,0.1175
1771899600000,2026-02-24,02:20:00,5172.125,5173.825,5166.675,5168.905,0.0907
1771899900000,2026-02-24,02:25:00,5168.925,5173.005,5166.365,5172.965,0.0703
1771900200000,2026-02-24,02:30:00,5172.835,5185.475,5172.245,5183.825,0.1479
1771900500000,2026-02-24,02:35:00,5183.935,5187.625,5180.448,5187.625,0.1403
1771900800000,2026-02-24,02:40:00,5187.585,5187.605,5182.735,5183.285,0.1233
1771901100000,2026-02-24,02:45:00,5183.305,5186.675,5183.105,5185.715,0.1108
1771901400000,2026-02-24,02:50:00,5185.835,5190.445,5184.255,5184.465,0.0954
1771901700000,2026-02-24,02:55:00,5184.495,5190.665,5183.635,5189.695,0.0987
1771902000000,2026-02-24,03:00:00,5189.665,5190.085,5186.315,5186.565,0.0786
1771902300000,2026-02-24,03:05:00,5186.585,5191.605,5185.295,5187.575,0.0904
1771902600000,2026-02-24,03:10:00,5187.545,5188.925,5185.245,5188.605,0.0743
1771902900000,2026-02-24,03:15:00,5188.625,5189.635,5185.995,5186.955,0.0791
1771903200000,2026-02-24,03:20:00,5186.915,5188.815,5182.545,5186.745,0.0814
1771903500000,2026-02-24,03:25:00,5186.725,5186.725,5181.648,5182.405,0.0676
1771903800000,2026-02-24,03:30:00,5182.235,5185.735,5181.725,5185.575,0.125
1771904100000,2026-02-24,03:35:00,5185.585,5188.475,5183.945,5184.165,0.0628
1771904400000,2026-02-24,03:40:00,5184.115,5185.605,5175.778,5179.095,0.1128
1771904700000,2026-02-24,03:45:00,5179.075,5179.675,5173.845,5175.615,0.1108
1771905000000,2026-02-24,03:50:00,5175.585,5177.195,5173.205,5175.695,0.066
1771905300000,2026-02-24,03:55:00,5175.715,5176.565,5170.735,5171.765,0.1015
1771905600000,2026-02-24,04:00:00,5171.765,5171.765,5160.698,5163.735,0.18
1771905900000,2026-02-24,04:05:00,5163.765,5171.208,5161.535,5168.465,0.0891
1771906200000,2026-02-24,04:10:00,5168.505,5169.925,5166.585,5167.915,0.0524
1771906500000,2026-02-24,04:15:00,5167.935,5172.905,5167.935,5171.205,0.0531
1771906800000,2026-02-24,04:20:00,5171.185,5174.985,5170.235,5171.275,0.0575
1771907100000,2026-02-24,04:25:00,5171.255,5173.035,5169.835,5171.755,0.055
1771907400000,2026-02-24,04:30:00,5171.785,5172.965,5166.485,5167.405,0.0607
1771907700000,2026-02-24,04:35:00,5167.545,5168.835,5165.385,5168.725,0.052
1771908000000,2026-02-24,04:40:00,5168.755,5171.395,5164.305,5164.355,0.0743
1771908300000,2026-02-24,04:45:00,5164.335,5170.585,5163.105,5170.385,0.0681
1771908600000,2026-02-24,04:50:00,5170.265,5170.335,5167.365,5168.055,0.0444
1771908900000,2026-02-24,04:55:00,5168.085,5169.285,5167.495,5167.935,0.0386
1771909200000,2026-02-24,05:00:00,5167.865,5171.695,5163.715,5170.535,0.0883
1771909500000,2026-02-24,05:05:00,5170.425,5171.525,5166.875,5170.295,0.0708
1771909800000,2026-02-24,05:10:00,5170.265,5174.145,5169.015,5171.905,0.072
1771910100000,2026-02-24,05:15:00,5171.905,5173.435,5170.145,5171.895,0.0621
1771910400000,2026-02-24,05:20:00,5171.855,5175.125,5171.625,5173.115,0.063
1771910700000,2026-02-24,05:25:00,5173.075,5173.505,5166.305,5167.115,0.0903
1771911000000,2026-02-24,05:30:00,5167.085,5172.645,5164.155,5171.965,0.1694
1771911300000,2026-02-24,05:35:00,5172.005,5174.485,5167.165,5170.925,0.1463
1771911600000,2026-02-24,05:40:00,5170.955,5173.875,5169.135,5172.398,0.1136
1771911900000,2026-02-24,05:45:00,5172.388,5176.995,5171.905,5174.105,0.0969
1771912200000,2026-02-24,05:50:00,5174.075,5181.498,5173.125,5180.635,0.0915
1771912500000,2026-02-24,05:55:00,5180.585,5185.545,5179.175,5182.205,0.1183
1771912800000,2026-02-24,06:00:00,5182.225,5182.545,5176.775,5180.055,0.1119
1771913100000,2026-02-24,06:05:00,5180.085,5184.545,5177.505,5182.725,0.0783
1771913400000,2026-02-24,06:10:00,5182.755,5184.455,5181.435,5182.375,0.0916
1771913700000,2026-02-24,06:15:00,5182.445,5183.395,5180.125,5180.615,0.0767
1771914000000,2026-02-24,06:20:00,5180.695,5180.805,5175.255,5177.475,0.0823
1771914300000,2026-02-24,06:25:00,5177.318,5177.365,5166.595,5168.465,0.0943
1771914600000,2026-02-24,06:30:00,5168.535,5172.375,5163.915,5166.005,0.1322
1771914900000,2026-02-24,06:35:00,5165.958,5173.185,5156.305,5172.768,0.2124
1771915200000,2026-02-24,06:40:00,5172.768,5173.098,5168.325,5168.675,0.0684
1771915500000,2026-02-24,06:45:00,5168.748,5173.795,5168.748,5173.025,0.0822
1771915800000,2026-02-24,06:50:00,5172.935,5172.995,5167.508,5168.205,0.0803
1771916100000,2026-02-24,06:55:00,5168.225,5174.885,5168.225,5173.165,0.0559
1771916400000,2026-02-24,07:00:00,5173.305,5173.455,5168.995,5170.185,0.0721
1771916700000,2026-02-24,07:05:00,5170.205,5172.825,5165.135,5166.825,0.1368
1771917000000,2026-02-24,07:10:00,5166.855,5171.205,5163.845,5171.075,0.1207
1771917300000,2026-02-24,07:15:00,5171.075,5178.695,5171.015,5178.605,0.1075
1771917600000,2026-02-24,07:20:00,5178.555,5179.105,5169.095,5174.515,0.1341
1771917900000,2026-02-24,07:25:00,5174.135,5183.135,5171.938,5183.135,0.1068
1771918200000,2026-02-24,07:30:00,5182.965,5183.555,5174.238,5179.215,0.181
1771918500000,2026-02-24,07:35:00,5179.235,5182.275,5177.235,5177.875,0.1182
1771918800000,2026-02-24,07:40:00,5177.905,5183.505,5177.215,5179.555,0.0742
1771919100000,2026-02-24,07:45:00,5179.515,5179.515,5175.005,5176.635,0.0775
1771919400000,2026-02-24,07:50:00,5176.715,5181.015,5176.575,5180.585,0.0521
1771919700000,2026-02-24,07:55:00,5180.545,5182.795,5177.585,5179.125,0.0529
1771920000000,2026-02-24,08:00:00,5178.869,5179.185,5172.055,5172.555,0.1273
1771920300000,2026-02-24,08:05:00,5172.575,5175.235,5169.405,5175.115,0.1169
1771920600000,2026-02-24,08:10:00,5175.055,5175.495,5169.205,5170.765,0.0971
1771920900000,2026-02-24,08:15:00,5170.725,5173.185,5165.405,5168.345,0.0929
1771921200000,2026-02-24,08:20:00,5168.215,5173.678,5164.575,5173.098,0.1828
1771921500000,2026-02-24,08:25:00,5173.118,5174.595,5169.595,5169.975,0.1648
1771921800000,2026-02-24,08:30:00,5169.945,5181.035,5169.125,5180.215,0.1429
1771922100000,2026-02-24,08:35:00,5180.215,5181.648,5177.595,5178.608,0.1936
1771922400000,2026-02-24,08:40:00,5178.665,5179.715,5174.048,5174.305,0.1372
1771922700000,2026-02-24,08:45:00,5174.285,5174.958,5168.545,5172.085,0.1663
1771923000000,2026-02-24,08:50:00,5172.085,5174.118,5169.975,5171.558,0.1187
1771923300000,2026-02-24,08:55:00,5171.498,5176.438,5170.545,5173.175,0.1459
1771923600000,2026-02-24,09:00:00,5172.928,5177.825,5172.005,5176.205,0.1464
1771923900000,2026-02-24,09:05:00,5176.215,5179.958,5175.235,5177.138,0.1251
1771924200000,2026-02-24,09:10:00,5177.125,5177.145,5171.215,5172.105,0.1226
1771924500000,2026-02-24,09:15:00,5172.085,5174.415,5170.885,5171.938,0.1061
1771924800000,2026-02-24,09:20:00,5171.918,5173.678,5168.218,5170.085,0.1242
1771925100000,2026-02-24,09:25:00,5170.085,5172.318,5167.458,5168.398,0.1496
1771925400000,2026-02-24,09:30:00,5168.398,5173.385,5168.175,5172.515,0.0972
1771925700000,2026-02-24,09:35:00,5172.515,5173.295,5166.225,5170.155,0.1402
1771926000000,2026-02-24,09:40:00,5170.125,5172.036,5168.715,5169.498,0.1126
1771926300000,2026-02-24,09:45:00,5169.498,5170.435,5166.875,5169.678,0.0761
1771926600000,2026-02-24,09:50:00,5169.698,5171.695,5169.438,5170.135,0.0562
1771926900000,2026-02-24,09:55:00,5170.055,5172.675,5169.525,5171.038,0.0665
1771927200000,2026-02-24,10:00:00,5171.038,5175.845,5170.605,5175.795,0.0692
1771927500000,2026-02-24,10:05:00,5175.855,5175.855,5171.965,5172.915,0.0625
1771927800000,2026-02-24,10:10:00,5172.955,5174.435,5172.545,5174.255,0.0436
1771928100000,2026-02-24,10:15:00,5174.145,5175.005,5171.955,5173.625,0.0608
1771928400000,2026-02-24,10:20:00,5173.655,5181.275,5173.438,5180.365,0.0725
1771928700000,2026-02-24,10:25:00,5180.395,5180.505,5175.328,5175.655,0.0538
1771929000000,2026-02-24,10:30:00,5175.885,5176.675,5165.965,5166.898,0.104
1771929300000,2026-02-24,10:35:00,5166.878,5171.465,5162.845,5166.435,0.1492
1771929600000,2026-02-24,10:40:00,5166.455,5171.695,5165.235,5170.055,0.0852
1771929900000,2026-02-24,10:45:00,5169.985,5171.385,5168.548,5170.025,0.0533
1771930200000,2026-02-24,10:50:00,5169.985,5172.845,5168.965,5172.415,0.0539
1771930500000,2026-02-24,10:55:00,5172.395,5174.295,5171.195,5172.595,0.0528
1771930800000,2026-02-24,11:00:00,5172.615,5175.905,5172.355,5175.535,0.0574
1771931100000,2026-02-24,11:05:00,5175.555,5176.365,5172.045,5173.395,0.0402
1771931400000,2026-02-24,11:10:00,5173.365,5177.205,5173.115,5176.175,0.0401
1771931700000,2026-02-24,11:15:00,5176.205,5176.665,5172.848,5173.635,0.0442
1771932000000,2026-02-24,11:20:00,5173.685,5174.225,5170.655,5171.695,0.0421
1771932300000,2026-02-24,11:25:00,5171.755,5174.905,5171.565,5174.545,0.0353
1771932600000,2026-02-24,11:30:00,5174.505,5174.915,5173.475,5173.915,0.0295
1771932900000,2026-02-24,11:35:00,5173.885,5176.575,5172.785,5176.315,0.0376
1771933200000,2026-02-24,11:40:00,5176.335,5177.975,5175.298,5177.875,0.0503
1771933500000,2026-02-24,11:45:00,5177.915,5178.295,5172.575,5173.365,0.0489
1771933800000,2026-02-24,11:50:00,5173.395,5175.315,5171.885,5175.305,0.0557
1771934100000,2026-02-24,11:55:00,5175.355,5176.425,5172.135,5172.545,0.0538
1771934400000,2026-02-24,12:00:00,5172.525,5173.255,5169.095,5169.335,0.101
1771934700000,2026-02-24,12:05:00,5169.315,5172.515,5167.945,5170.585,0.0615
1771935000000,2026-02-24,12:10:00,5170.625,5170.815,5164.778,5167.355,0.0811
1771935300000,2026-02-24,12:15:00,5167.385,5168.215,5146.865,5151.015,0.1885
1771935600000,2026-02-24,12:20:00,5151.035,5161.878,5150.335,5158.155,0.1311
1771935900000,2026-02-24,12:25:00,5158.155,5162.925,5157.115,5161.275,0.1032
1771936200000,2026-02-24,12:30:00,5161.315,5164.305,5156.905,5159.385,0.108
1771936500000,2026-02-24,12:35:00,5159.475,5159.475,5153.585,5156.195,0.1386
1771936800000,2026-02-24,12:40:00,5156.245,5159.255,5154.035,5157.605,0.1033
1771937100000,2026-02-24,12:45:00,5157.575,5158.605,5154.085,5154.175,0.1017
1771937400000,2026-02-24,12:50:00,5154.155,5155.145,5144.815,5146.585,0.1388
1771937700000,2026-02-24,12:55:00,5146.495,5153.835,5146.145,5150.415,0.1384
1771938000000,2026-02-24,13:00:00,5150.325,5160.385,5150.325,5154.445,0.2622
1771938300000,2026-02-24,13:05:00,5154.375,5158.745,5152.075,5158.335,0.2206
1771938600000,2026-02-24,13:10:00,5158.335,5161.105,5156.545,5158.645,0.1402
1771938900000,2026-02-24,13:15:00,5158.655,5158.865,5152.555,5152.685,0.1502
1771939200000,2026-02-24,13:20:00,5152.625,5157.885,5151.599,5156.485,0.1456
1771939500000,2026-02-24,13:25:00,5156.435,5157.975,5154.495,5156.085,0.1437
1771939800000,2026-02-24,13:30:00,5156.035,5158.505,5149.485,5153.585,0.1618
1771940100000,2026-02-24,13:35:00,5153.805,5155.125,5133.085,5138.135,0.1919
1771940400000,2026-02-24,13:40:00,5138.185,5148.215,5136.345,5145.525,0.2565
1771940700000,2026-02-24,13:45:00,5145.295,5145.915,5124.585,5126.195,0.2781
1771941000000,2026-02-24,13:50:00,5126.205,5133.775,5121.995,5132.575,0.3846
1771941300000,2026-02-24,13:55:00,5132.595,5133.925,5110.565,5114.635,0.3429
1771941600000,2026-02-24,14:00:00,5114.665,5124.025,5107.805,5117.675,0.3579
1771941900000,2026-02-24,14:05:00,5117.658,5127.145,5116.545,5120.668,0.3349
1771942200000,2026-02-24,14:10:00,5120.678,5121.585,5093.225,5104.545,0.3083
1771942500000,2026-02-24,14:15:00,5104.575,5108.435,5100.295,5101.565,0.2712
1771942800000,2026-02-24,14:20:00,5101.585,5119.065,5101.145,5118.295,0.2386
1771943100000,2026-02-24,14:25:00,5118.375,5119.195,5111.215,5114.605,0.2022
1771943400000,2026-02-24,14:30:00,5114.915,5124.965,5109.405,5117.278,0.3972
1771943700000,2026-02-24,14:35:00,5117.238,5134.805,5114.418,5134.475,0.3951
1771944000000,2026-02-24,14:40:00,5134.065,5138.875,5128.865,5136.865,0.3508
1771944300000,2026-02-24,14:45:00,5136.985,5139.015,5127.685,5132.705,0.3239
1771944600000,2026-02-24,14:50:00,5132.625,5138.635,5126.348,5129.275,0.6648
1771944900000,2026-02-24,14:55:00,5129.225,5132.435,5126.835,5127.405,0.4171
1771945200000,2026-02-24,15:00:00,5127.615,5129.345,5117.775,5125.275,0.5182
1771945500000,2026-02-24,15:05:00,5125.275,5137.235,5125.055,5135.345,0.3875
1771945800000,2026-02-24,15:10:00,5135.355,5137.445,5132.175,5136.675,0.3107
1771946100000,2026-02-24,15:15:00,5136.615,5141.035,5134.545,5140.095,0.2525
1771946400000,2026-02-24,15:20:00,5139.955,5144.155,5137.435,5143.435,0.233
1771946700000,2026-02-24,15:25:00,5143.415,5145.895,5137.665,5138.105,0.2658
1771947000000,2026-02-24,15:30:00,5138.075,5141.345,5133.805,5140.445,0.2413
1771947300000,2026-02-24,15:35:00,5140.465,5146.625,5140.135,5144.425,0.1896
1771947600000,2026-02-24,15:40:00,5144.405,5149.945,5144.405,5149.695,0.1816
1771947900000,2026-02-24,15:45:00,5149.715,5155.045,5149.565,5152.465,0.1792
1771948200000,2026-02-24,15:50:00,5152.495,5152.615,5144.785,5145.478,0.1793
1771948500000,2026-02-24,15:55:00,5145.495,5151.255,5145.125,5150.098,0.1543
1771948800000,2026-02-24,16:00:00,5150.098,5152.055,5148.275,5148.348,0.1798
1771949100000,2026-02-24,16:05:00,5148.385,5148.965,5141.155,5143.905,0.216
1771949400000,2026-02-24,16:10:00,5143.965,5148.155,5141.055,5147.165,0.1556
1771949700000,2026-02-24,16:15:00,5147.145,5150.505,5145.945,5147.345,0.1515
1771950000000,2026-02-24,16:20:00,5147.385,5147.435,5142.105,5143.075,0.165
1771950300000,2026-02-24,16:25:00,5143.365,5144.145,5141.215,5143.375,0.1433
1771950600000,2026-02-24,16:30:00,5143.535,5143.605,5134.965,5136.905,0.1792
1771950900000,2026-02-24,16:35:00,5136.785,5146.365,5136.055,5145.475,0.1977
1771951200000,2026-02-24,16:40:00,5145.525,5150.698,5142.215,5145.298,0.2215
1771951500000,2026-02-24,16:45:00,5145.298,5145.485,5134.675,5135.745,0.2593
1771951800000,2026-02-24,16:50:00,5135.785,5138.565,5130.498,5137.755,0.4697
1771952100000,2026-02-24,16:55:00,5137.755,5141.765,5137.055,5141.715,0.3205
1771952400000,2026-02-24,17:00:00,5141.795,5149.515,5141.485,5149.265,0.2292
1771952700000,2026-02-24,17:05:00,5149.285,5153.075,5148.335,5152.675,0.1882
1771953000000,2026-02-24,17:10:00,5152.805,5157.615,5152.325,5156.095,0.177
1771953300000,2026-02-24,17:15:00,5156.125,5161.225,5155.285,5160.598,0.1826
1771953600000,2026-02-24,17:20:00,5160.598,5163.225,5158.635,5159.748,0.2047
1771953900000,2026-02-24,17:25:00,5159.048,5159.248,5154.548,5158.355,0.1625
1771954200000,2026-02-24,17:30:00,5158.358,5159.205,5156.225,5157.945,0.126
1771954500000,2026-02-24,17:35:00,5157.965,5158.925,5156.465,5158.085,0.1081
1771954800000,2026-02-24,17:40:00,5158.135,5160.975,5158.135,5160.165,0.1507
1771955100000,2026-02-24,17:45:00,5160.005,5161.555,5158.348,5159.805,0.2273
1771955400000,2026-02-24,17:50:00,5159.825,5159.825,5157.235,5158.948,0.1123
1771955700000,2026-02-24,17:55:00,5158.965,5163.555,5158.018,5163.435,0.1291
1771956000000,2026-02-24,18:00:00,5163.348,5168.275,5163.285,5167.075,0.1604
1771956300000,2026-02-24,18:05:00,5167.025,5170.045,5166.635,5168.235,0.1429
1771956600000,2026-02-24,18:10:00,5168.255,5168.835,5163.898,5163.938,0.2674
1771956900000,2026-02-24,18:15:00,5164.058,5165.405,5159.525,5159.535,0.1864
1771957200000,2026-02-24,18:20:00,5160.165,5162.095,5157.135,5158.845,0.1597
1771957500000,2026-02-24,18:25:00,5158.815,5160.115,5155.325,5158.225,0.2367
1771957800000,2026-02-24,18:30:00,5158.525,5161.165,5154.805,5156.148,0.143
1771958100000,2026-02-24,18:35:00,5156.045,5158.995,5153.305,5157.755,0.1534
1771958400000,2026-02-24,18:40:00,5157.795,5160.035,5157.735,5158.855,0.096
1771958700000,2026-02-24,18:45:00,5159.145,5160.705,5155.745,5159.215,0.1187
1771959000000,2026-02-24,18:50:00,5159.298,5162.345,5158.725,5160.145,0.1125
1771959300000,2026-02-24,18:55:00,5160.085,5162.705,5159.335,5159.785,0.1013
1771959600000,2026-02-24,19:00:00,5159.485,5160.185,5154.835,5155.825,0.1338
1771959900000,2026-02-24,19:05:00,5155.785,5157.205,5152.335,5152.745,0.1299
1771960200000,2026-02-24,19:10:00,5152.655,5156.305,5149.225,5156.075,0.1481
1771960500000,2026-02-24,19:15:00,5156.095,5157.325,5148.665,5148.735,0.1399
1771960800000,2026-02-24,19:20:00,5148.705,5151.325,5146.165,5147.125,0.144
1771961100000,2026-02-24,19:25:00,5147.145,5152.245,5146.755,5151.255,0.1211
1771961400000,2026-02-24,19:30:00,5151.285,5153.715,5148.705,5153.415,0.1125
1771961700000,2026-02-24,19:35:00,5153.445,5156.405,5152.595,5155.415,0.1054
1771962000000,2026-02-24,19:40:00,5155.355,5156.425,5151.785,5151.898,0.1061
1771962300000,2026-02-24,19:45:00,5151.855,5154.575,5151.045,5154.055,0.1016
1771962600000,2026-02-24,19:50:00,5154.075,5155.235,5151.665,5152.515,0.0999
1771962900000,2026-02-24,19:55:00,5152.535,5154.765,5152.535,5153.705,0.0938
1771963200000,2026-02-24,20:00:00,5153.735,5155.635,5151.025,5152.905,0.1041
1771963500000,2026-02-24,20:05:00,5152.885,5153.165,5147.935,5149.365,0.1458
1771963800000,2026-02-24,20:10:00,5149.435,5150.005,5146.415,5148.905,0.1661
1771964100000,2026-02-24,20:15:00,5148.965,5155.345,5147.965,5154.585,0.1276
1771964400000,2026-02-24,20:20:00,5154.645,5165.285,5154.645,5164.745,0.1557
1771964700000,2026-02-24,20:25:00,5164.805,5169.965,5163.595,5168.105,0.1352
1771965000000,2026-02-24,20:30:00,5168.155,5170.375,5165.298,5170.235,0.1845
1771965300000,2026-02-24,20:35:00,5170.235,5172.485,5168.615,5169.485,0.1571
1771965600000,2026-02-24,20:40:00,5169.535,5173.075,5168.555,5171.895,0.1668
1771965900000,2026-02-24,20:45:00,5171.865,5172.235,5167.655,5168.005,0.177
1771966200000,2026-02-24,20:50:00,5167.975,5170.055,5161.405,5163.455,0.2
1771966500000,2026-02-24,20:55:00,5163.455,5164.815,5157.815,5163.655,0.2596
1771966800000,2026-02-24,21:00:00,5163.898,5165.615,5157.545,5157.955,0.0792
1771967100000,2026-02-24,21:05:00,5157.955,5158.648,5156.148,5157.155,0.0914
1771967400000,2026-02-24,21:10:00,5157.178,5160.815,5156.148,5160.748,0.0391
1771967700000,2026-02-24,21:15:00,5160.675,5161.965,5157.885,5158.005,0.0383
1771968000000,2026-02-24,21:20:00,5158.035,5158.185,5153.545,5153.555,0.0427
1771968300000,2026-02-24,21:25:00,5153.615,5156.095,5153.515,5155.185,0.1392
1771968600000,2026-02-24,21:30:00,5155.185,5155.585,5148.258,5149.645,0.2155
1771968900000,2026-02-24,21:35:00,5149.695,5150.435,5145.715,5149.555,0.1063
1771969200000,2026-02-24,21:40:00,5149.525,5151.005,5145.895,5150.555,0.044
1771969500000,2026-02-24,21:45:00,5150.535,5150.535,5146.605,5147.865,0.0418
1771969800000,2026-02-24,21:50:00,5147.865,5147.865,5139.675,5144.635,0.0763
1771970100000,2026-02-24,21:55:00,5144.635,5145.405,5141.345,5141.345,0.0647
1771974000000,2026-02-24,23:00:00,5137.095,5139.998,5131.568,5135.298,0.0226
1771974300000,2026-02-24,23:05:00,5135.038,5137.148,5127.048,5133.048,0.0818
1771974600000,2026-02-24,23:10:00,5133.048,5135.705,5128.495,5135.425,0.0658
1771974900000,2026-02-24,23:15:00,5135.945,5137.505,5130.805,5132.095,0.0592
1771975200000,2026-02-24,23:20:00,5132.135,5132.945,5129.465,5132.305,0.0486
1771975500000,2026-02-24,23:25:00,5132.548,5132.775,5128.035,5130.655,0.0466
1771975800000,2026-02-24,23:30:00,5130.605,5135.745,5129.195,5131.675,0.0509
1771976100000,2026-02-24,23:35:00,5131.755,5138.685,5131.685,5138.615,0.0573
1771976400000,2026-02-24,23:40:00,5138.625,5149.375,5137.248,5146.875,0.1235
1771976700000,2026-02-24,23:45:00,5146.548,5151.035,5145.118,5149.535,0.0736
1771977000000,2026-02-24,23:50:00,5149.565,5152.005,5148.585,5150.285,0.0528
1771977300000,2026-02-24,23:55:00,5150.305,5150.585,5145.848,5146.365,0.0315
1771977600000,2026-02-25,00:00:00,5146.395,5149.405,5139.485,5139.985,0.0582
1771977900000,2026-02-25,00:05:00,5139.945,5143.263,5136.535,5142.975,0.0733
1771978200000,2026-02-25,00:10:00,5142.945,5142.945,5138.475,5140.135,0.0542
1771978500000,2026-02-25,00:15:00,5139.965,5144.655,5138.635,5142.745,0.0614
1771978800000,2026-02-25,00:20:00,5142.785,5145.925,5142.415,5142.575,0.045
1771979100000,2026-02-25,00:25:00,5142.595,5142.595,5137.595,5140.115,0.0631
1771979400000,2026-02-25,00:30:00,5140.175,5151.005,5140.175,5147.305,0.1023
1771979700000,2026-02-25,00:35:00,5147.335,5154.325,5144.945,5152.055,0.1201
1771980000000,2026-02-25,00:40:00,5152.025,5155.185,5146.085,5146.865,0.0892
1771980300000,2026-02-25,00:45:00,5146.825,5147.115,5141.535,5144.245,0.1181
1771980600000,2026-02-25,00:50:00,5144.265,5147.395,5142.425,5147.155,0.0513
1771980900000,2026-02-25,00:55:00,5147.015,5155.835,5146.175,5151.855,0.093
1771981200000,2026-02-25,01:00:00,5151.885,5161.665,5143.798,5158.925,0.2575
1771981500000,2026-02-25,01:05:00,5158.925,5171.725,5158.105,5168.535,0.2012
1771981800000,2026-02-25,01:10:00,5168.595,5176.255,5163.695,5173.955,0.2224
1771982100000,2026-02-25,01:15:00,5173.945,5184.675,5173.495,5184.025,0.2456
1771982400000,2026-02-25,01:20:00,5183.975,5186.395,5177.835,5178.375,0.1794
1771982700000,2026-02-25,01:25:00,5178.405,5188.215,5178.355,5185.055,0.1571
1771983000000,2026-02-25,01:30:00,5184.865,5186.575,5181.295,5185.215,0.1246
1771983300000,2026-02-25,01:35:00,5185.235,5189.635,5178.775,5182.165,0.1437
1771983600000,2026-02-25,01:40:00,5182.125,5185.935,5178.255,5180.165,0.1003
1771983900000,2026-02-25,01:45:00,5180.145,5186.085,5180.035,5183.595,0.0834
1771984200000,2026-02-25,01:50:00,5183.645,5184.515,5180.025,5182.995,0.1004
1771984500000,2026-02-25,01:55:00,5182.935,5183.585,5174.265,5176.505,0.142
1771984800000,2026-02-25,02:00:00,5176.465,5183.965,5176.115,5182.975,0.1738
1771985100000,2026-02-25,02:05:00,5183.075,5186.195,5181.748,5186.115,0.0872
1771985400000,2026-02-25,02:10:00,5186.065,5189.015,5182.585,5188.345,0.1178
1771985700000,2026-02-25,02:15:00,5188.285,5193.518,5188.195,5190.175,0.136
1771986000000,2026-02-25,02:20:00,5190.065,5190.515,5184.445,5187.385,0.0895
1771986300000,2026-02-25,02:25:00,5187.405,5190.105,5185.315,5189.385,0.0621
1771986600000,2026-02-25,02:30:00,5189.425,5190.365,5187.145,5187.555,0.1337
1771986900000,2026-02-25,02:35:00,5187.595,5187.785,5182.485,5185.875,0.1466
1771987200000,2026-02-25,02:40:00,5185.835,5187.165,5182.465,5185.715,0.0941
1771987500000,2026-02-25,02:45:00,5185.685,5186.555,5183.355,5184.175,0.0874
1771987800000,2026-02-25,02:50:00,5184.085,5184.085,5166.205,5175.455,0.1888
1771988100000,2026-02-25,02:55:00,5175.395,5182.715,5174.495,5180.325,0.1104
1771988400000,2026-02-25,03:00:00,5180.365,5189.805,5180.365,5184.015,0.1338
1771988700000,2026-02-25,03:05:00,5183.975,5186.085,5181.465,5184.065,0.1067
1771989000000,2026-02-25,03:10:00,5184.095,5186.285,5182.555,5185.965,0.1221
1771989300000,2026-02-25,03:15:00,5186.025,5187.175,5180.055,5184.235,0.1084
1771989600000,2026-02-25,03:20:00,5184.235,5185.295,5179.165,5179.165,0.0734
1771989900000,2026-02-25,03:25:00,5179.115,5186.535,5179.055,5185.995,0.0945
1771990200000,2026-02-25,03:30:00,5186.115,5188.265,5179.905,5187.025,0.0792
1771990500000,2026-02-25,03:35:00,5187.005,5187.985,5182.805,5183.235,0.0662
1771990800000,2026-02-25,03:40:00,5183.215,5184.525,5179.045,5183.645,0.0677
1771991100000,2026-02-25,03:45:00,5183.365,5187.355,5182.925,5184.925,0.0588
1771991400000,2026-02-25,03:50:00,5184.895,5185.075,5178.498,5179.155,0.0745
1771991700000,2026-02-25,03:55:00,5179.125,5184.345,5177.905,5181.648,0.0828
1771992000000,2026-02-25,04:00:00,5181.648,5183.125,5179.555,5181.898,0.1015
1771992300000,2026-02-25,04:05:00,5181.898,5181.898,5173.985,5174.715,0.0727
1771992600000,2026-02-25,04:10:00,5174.665,5181.645,5171.945,5180.605,0.066
1771992900000,2026-02-25,04:15:00,5180.465,5184.555,5180.175,5182.375,0.0547
1771993200000,2026-02-25,04:20:00,5182.355,5184.355,5180.475,5181.755,0.0485
1771993500000,2026-02-25,04:25:00,5181.805,5184.805,5181.315,5182.485,0.0469
1771993800000,2026-02-25,04:30:00,5182.445,5183.655,5181.188,5181.188,0.0382
1771994100000,2026-02-25,04:35:00,5181.145,5182.725,5179.595,5182.385,0.0293
1771994400000,2026-02-25,04:40:00,5182.445,5183.875,5181.785,5183.855,0.0273
1771994700000,2026-02-25,04:45:00,5183.885,5184.825,5180.125,5180.695,0.0491
1771995000000,2026-02-25,04:50:00,5180.715,5181.585,5180.195,5180.985,0.0335
1771995300000,2026-02-25,04:55:00,5180.955,5183.235,5179.548,5182.365,0.0386
1771995600000,2026-02-25,05:00:00,5182.685,5188.145,5182.398,5186.345,0.073
1771995900000,2026-02-25,05:05:00,5186.365,5191.365,5186.275,5187.645,0.0691
1771996200000,2026-02-25,05:10:00,5187.685,5189.475,5186.555,5188.095,0.043
1771996500000,2026-02-25,05:15:00,5188.125,5194.515,5188.075,5192.135,0.0541
1771996800000,2026-02-25,05:20:00,5191.975,5192.418,5187.515,5188.315,0.0501
1771997100000,2026-02-25,05:25:00,5188.265,5195.945,5187.748,5195.115,0.0617
1771997400000,2026-02-25,05:30:00,5195.085,5199.225,5192.115,5197.155,0.1586
1771997700000,2026-02-25,05:35:00,5197.205,5198.005,5194.358,5197.348,0.1555
1771998000000,2026-02-25,05:40:00,5197.348,5203.805,5196.648,5202.498,0.29
1771998300000,2026-02-25,05:45:00,5202.525,5209.075,5201.345,5208.835,0.1327
1771998600000,2026-02-25,05:50:00,5208.885,5210.335,5202.575,5207.805,0.1465
1771998900000,2026-02-25,05:55:00,5207.785,5207.815,5200.798,5201.275,0.1913
1771999200000,2026-02-25,06:00:00,5201.298,5201.298,5193.048,5193.348,0.1638
1771999500000,2026-02-25,06:05:00,5193.195,5193.855,5182.175,5186.385,0.1757
1771999800000,2026-02-25,06:10:00,5186.385,5192.075,5184.605,5191.575,0.1378
1772000100000,2026-02-25,06:15:00,5191.595,5194.385,5189.965,5193.335,0.1111
1772000400000,2026-02-25,06:20:00,5193.305,5194.915,5189.725,5190.125,0.1021
1772000700000,2026-02-25,06:25:00,5190.175,5192.415,5188.538,5189.358,0.1025
1772001000000,2026-02-25,06:30:00,5189.005,5193.158,5188.408,5192.638,0.1113
1772001300000,2026-02-25,06:35:00,5192.628,5194.278,5190.938,5192.858,0.079
1772001600000,2026-02-25,06:40:00,5192.858,5192.858,5188.995,5191.138,0.0775
1772001900000,2026-02-25,06:45:00,5191.158,5193.165,5188.898,5191.665,0.094
1772002200000,2026-02-25,06:50:00,5191.625,5193.625,5190.125,5191.625,0.0665
1772002500000,2026-02-25,06:55:00,5191.645,5194.425,5190.985,5194.425,0.0717
1772002800000,2026-02-25,07:00:00,5194.415,5194.865,5187.415,5188.045,0.0813
1772003100000,2026-02-25,07:05:00,5188.238,5194.205,5188.238,5192.935,0.0539
1772003400000,2026-02-25,07:10:00,5192.955,5193.405,5187.055,5188.365,0.0544
1772003700000,2026-02-25,07:15:00,5188.355,5190.075,5185.215,5186.565,0.0449
1772004000000,2026-02-25,07:20:00,5186.525,5189.075,5184.125,5186.425,0.0485
1772004300000,2026-02-25,07:25:00,5186.395,5189.515,5181.985,5189.245,0.0612
1772004600000,2026-02-25,07:30:00,5189.245,5190.205,5186.305,5188.145,0.0505
1772004900000,2026-02-25,07:35:00,5188.715,5189.145,5185.535,5186.465,0.0505
1772005200000,2026-02-25,07:40:00,5186.478,5188.055,5185.775,5185.965,0.0358
1772005500000,2026-02-25,07:45:00,5185.805,5189.095,5184.915,5187.095,0.0615
1772005800000,2026-02-25,07:50:00,5187.135,5188.188,5180.065,5182.315,0.079
1772006100000,2026-02-25,07:55:00,5182.345,5186.085,5182.315,5184.455,0.0593
1772006400000,2026-02-25,08:00:00,5184.415,5190.155,5184.148,5187.705,0.0897
1772006700000,2026-02-25,08:05:00,5187.685,5188.465,5185.925,5186.695,0.0628
1772007000000,2026-02-25,08:10:00,5186.655,5189.325,5186.075,5186.995,0.0571
1772007300000,2026-02-25,08:15:00,5186.975,5192.615,5186.545,5192.215,0.0767
1772007600000,2026-02-25,08:20:00,5192.245,5194.055,5190.345,5192.915,0.0759
1772007900000,2026-02-25,08:25:00,5192.945,5193.285,5189.825,5193.235,0.0711
1772008200000,2026-02-25,08:30:00,5193.255,5195.365,5192.385,5195.105,0.0737
1772008500000,2026-02-25,08:35:00,5195.125,5197.025,5193.595,5193.668,0.0752
1772008800000,2026-02-25,08:40:00,5194.008,5195.035,5190.995,5191.945,0.0646
1772009100000,2026-02-25,08:45:00,5192.005,5192.105,5190.065,5191.845,0.0627
1772009400000,2026-02-25,08:50:00,5191.618,5191.625,5186.785,5187.455,0.0736
1772009700000,2026-02-25,08:55:00,5187.425,5189.695,5183.895,5185.055,0.07
1772010000000,2026-02-25,09:00:00,5185.155,5186.615,5176.325,5181.335,0.1382
1772010300000,2026-02-25,09:05:00,5181.298,5185.595,5178.855,5184.505,0.1106
1772010600000,2026-02-25,09:10:00,5184.595,5187.855,5183.315,5183.605,0.0885
1772010900000,2026-02-25,09:15:00,5183.545,5185.965,5181.448,5185.665,0.0912
1772011200000,2026-02-25,09:20:00,5185.335,5188.085,5185.035,5186.585,0.0574
1772011500000,2026-02-25,09:25:00,5186.605,5188.245,5185.798,5186.515,0.0608
1772011800000,2026-02-25,09:30:00,5186.475,5189.435,5185.625,5189.275,0.0607
1772012100000,2026-02-25,09:35:00,5189.205,5193.565,5189.025,5190.855,0.0951
1772012400000,2026-02-25,09:40:00,5190.625,5192.665,5190.445,5190.685,0.0712
1772012700000,2026-02-25,09:45:00,5190.745,5191.815,5189.805,5190.485,0.0651
1772013000000,2026-02-25,09:50:00,5190.455,5194.375,5188.755,5189.705,0.0894
1772013300000,2026-02-25,09:55:00,5189.675,5193.595,5187.648,5193.095,0.0953
1772013600000,2026-02-25,10:00:00,5193.115,5195.025,5187.865,5188.485,0.0854
1772013900000,2026-02-25,10:05:00,5188.465,5189.565,5183.925,5184.075,0.0769
1772014200000,2026-02-25,10:10:00,5184.075,5185.815,5182.558,5184.375,0.0678
1772014500000,2026-02-25,10:15:00,5184.138,5184.565,5176.645,5177.358,0.1033
1772014800000,2026-02-25,10:20:00,5177.355,5180.635,5173.805,5173.805,0.104
1772015100000,2026-02-25,10:25:00,5173.695,5179.655,5172.045,5175.015,0.0983
1772015400000,2026-02-25,10:30:00,5174.995,5176.075,5169.745,5173.175,0.1275
1772015700000,2026-02-25,10:35:00,5173.285,5178.785,5173.285,5178.785,0.0702
1772016000000,2026-02-25,10:40:00,5178.805,5180.738,5175.955,5176.625,0.0669
1772016300000,2026-02-25,10:45:00,5176.545,5177.015,5174.395,5175.035,0.0415
1772016600000,2026-02-25,10:50:00,5175.065,5175.595,5172.135,5174.325,0.0475
1772016900000,2026-02-25,10:55:00,5174.305,5176.005,5173.305,5174.785,0.0572
1772017200000,2026-02-25,11:00:00,5174.715,5175.015,5170.985,5170.985,0.0649
1772017500000,2026-02-25,11:05:00,5171.005,5175.675,5169.108,5169.395,0.0805
1772017800000,2026-02-25,11:10:00,5169.415,5169.705,5162.695,5163.465,0.1411
1772018100000,2026-02-25,11:15:00,5163.445,5165.645,5154.895,5159.178,0.1617
1772018400000,2026-02-25,11:20:00,5159.198,5165.175,5157.895,5164.855,0.0944
1772018700000,2026-02-25,11:25:00,5164.895,5169.205,5164.245,5168.565,0.0949
1772019000000,2026-02-25,11:30:00,5168.595,5172.275,5167.515,5169.605,0.0715
1772019300000,2026-02-25,11:35:00,5169.355,5170.335,5167.195,5167.195,0.0579
1772019600000,2026-02-25,11:40:00,5167.125,5173.685,5166.415,5172.975,0.0714
1772019900000,2026-02-25,11:45:00,5173.005,5174.395,5172.205,5173.065,0.0571
1772020200000,2026-02-25,11:50:00,5173.105,5176.125,5172.055,5173.315,0.0626
1772020500000,2026-02-25,11:55:00,5173.235,5182.305,5173.235,5181.315,0.0813
1772020800000,2026-02-25,12:00:00,5181.295,5182.665,5177.888,5179.415,0.1
1772021100000,2026-02-25,12:05:00,5179.445,5181.395,5179.445,5180.705,0.0699
1772021400000,2026-02-25,12:10:00,5180.735,5182.645,5180.355,5181.705,0.0688
1772021700000,2026-02-25,12:15:00,5181.755,5185.425,5181.555,5183.525,0.0704
1772022000000,2026-02-25,12:20:00,5183.618,5186.735,5182.965,5186.525,0.0784
1772022300000,2026-02-25,12:25:00,5186.555,5187.175,5183.185,5183.375,0.0742
1772022600000,2026-02-25,12:30:00,5183.295,5184.795,5179.005,5179.445,0.1216
1772022900000,2026-02-25,12:35:00,5179.455,5183.755,5177.035,5183.645,0.1573
1772023200000,2026-02-25,12:40:00,5183.705,5186.205,5182.135,5184.525,0.1238
1772023500000,2026-02-25,12:45:00,5184.925,5185.078,5181.435,5181.585,0.0599
1772023800000,2026-02-25,12:50:00,5181.505,5184.295,5180.778,5181.565,0.0578
1772024100000,2026-02-25,12:55:00,5181.595,5182.875,5178.375,5182.525,0.0847
1772024400000,2026-02-25,13:00:00,5182.505,5185.625,5180.855,5185.245,0.1871
1772024700000,2026-02-25,13:05:00,5185.215,5189.635,5184.365,5188.045,0.1164
1772025000000,2026-02-25,13:10:00,5188.085,5189.005,5185.095,5186.895,0.106
1772025300000,2026-02-25,13:15:00,5187.275,5189.335,5185.745,5186.725,0.1136
1772025600000,2026-02-25,13:20:00,5186.705,5191.275,5185.905,5190.955,0.1377
1772025900000,2026-02-25,13:25:00,5190.915,5191.245,5186.515,5187.705,0.1072
1772026200000,2026-02-25,13:30:00,5187.685,5190.095,5186.345,5187.785,0.108
1772026500000,2026-02-25,13:35:00,5187.835,5190.045,5187.415,5189.355,0.195
1772026800000,2026-02-25,13:40:00,5189.385,5191.045,5181.745,5186.865,0.1621
1772027100000,2026-02-25,13:45:00,5186.905,5190.935,5185.098,5186.905,0.1225
1772027400000,2026-02-25,13:50:00,5186.935,5187.195,5183.955,5185.695,0.1274
1772027700000,2026-02-25,13:55:00,5185.715,5188.235,5184.515,5184.935,0.1091
1772028000000,2026-02-25,14:00:00,5184.895,5187.145,5183.585,5186.845,0.1426
1772028300000,2026-02-25,14:05:00,5186.985,5190.865,5186.545,5189.845,0.1156
1772028600000,2026-02-25,14:10:00,5189.825,5190.105,5183.355,5185.005,0.1164
1772028900000,2026-02-25,14:15:00,5185.035,5185.745,5181.665,5182.445,0.1255
1772029200000,2026-02-25,14:20:00,5182.515,5185.315,5179.665,5181.115,0.134
1772029500000,2026-02-25,14:25:00,5181.345,5182.285,5174.575,5177.505,0.1468
1772029800000,2026-02-25,14:30:00,5177.495,5180.738,5171.955,5173.915,0.3091
1772030100000,2026-02-25,14:35:00,5173.895,5175.945,5158.445,5159.678,0.3755
1772030400000,2026-02-25,14:40:00,5159.728,5176.098,5159.048,5174.815,0.3383
1772030700000,2026-02-25,14:45:00,5174.668,5181.495,5174.425,5181.475,0.2902
1772031000000,2026-02-25,14:50:00,5181.245,5188.945,5179.565,5188.355,0.2683
1772031300000,2026-02-25,14:55:00,5188.305,5193.065,5187.595,5190.935,0.2191
1772031600000,2026-02-25,15:00:00,5190.925,5201.075,5190.265,5198.395,0.2667
1772031900000,2026-02-25,15:05:00,5198.375,5202.355,5195.115,5195.825,0.2494
1772032200000,2026-02-25,15:10:00,5195.825,5195.925,5190.075,5192.915,0.2533
1772032500000,2026-02-25,15:15:00,5193.085,5195.475,5188.065,5188.658,0.2178
1772032800000,2026-02-25,15:20:00,5188.658,5191.285,5183.628,5185.505,0.2541
1772033100000,2026-02-25,15:25:00,5185.475,5186.875,5173.665,5180.025,0.2506
1772033400000,2026-02-25,15:30:00,5180.005,5182.635,5171.758,5181.085,0.2505
1772033700000,2026-02-25,15:35:00,5181.105,5189.255,5180.805,5187.695,0.2104
1772034000000,2026-02-25,15:40:00,5187.745,5192.965,5186.605,5190.725,0.184
1772034300000,2026-02-25,15:45:00,5190.705,5198.105,5186.385,5197.625,0.2709
1772034600000,2026-02-25,15:50:00,5197.695,5197.885,5192.495,5195.125,0.2273
1772034900000,2026-02-25,15:55:00,5195.295,5197.855,5192.998,5194.645,0.1607
1772035200000,2026-02-25,16:00:00,5194.625,5198.405,5192.815,5194.135,0.1835
1772035500000,2026-02-25,16:05:00,5194.105,5195.105,5190.155,5191.035,0.1408
1772035800000,2026-02-25,16:10:00,5191.005,5195.615,5189.445,5192.225,0.143
1772036100000,2026-02-25,16:15:00,5192.255,5197.465,5191.425,5196.875,0.1295
1772036400000,2026-02-25,16:20:00,5196.915,5205.535,5196.915,5205.035,0.1698
1772036700000,2026-02-25,16:25:00,5204.945,5205.975,5200.848,5202.615,0.1381
1772037000000,2026-02-25,16:30:00,5202.595,5206.545,5198.875,5206.305,0.1483
1772037300000,2026-02-25,16:35:00,5206.345,5206.885,5202.125,5203.295,0.1387
1772037600000,2026-02-25,16:40:00,5203.275,5207.485,5203.255,5207.285,0.1404
1772037900000,2026-02-25,16:45:00,5207.445,5213.615,5206.475,5208.035,0.2223
1772038200000,2026-02-25,16:50:00,5208.065,5212.505,5207.305,5211.655,0.1265
1772038500000,2026-02-25,16:55:00,5211.685,5212.765,5209.875,5212.005,0.1243
1772038800000,2026-02-25,17:00:00,5211.985,5212.415,5207.675,5209.765,0.1335
1772039100000,2026-02-25,17:05:00,5209.905,5214.865,5207.445,5214.375,0.1385
1772039400000,2026-02-25,17:10:00,5214.345,5217.385,5213.915,5214.895,0.1661
1772039700000,2026-02-25,17:15:00,5214.985,5215.035,5211.865,5214.248,0.1506
1772040000000,2026-02-25,17:20:00,5214.255,5215.605,5211.365,5213.255,0.1334
1772040300000,2026-02-25,17:25:00,5213.295,5215.845,5211.978,5212.825,0.135
1772040600000,2026-02-25,17:30:00,5212.915,5214.198,5210.795,5211.645,0.1063
1772040900000,2026-02-25,17:35:00,5211.665,5213.328,5209.965,5212.898,0.1598
1772041200000,2026-02-25,17:40:00,5212.855,5213.558,5208.108,5208.178,0.1626
1772041500000,2026-02-25,17:45:00,5208.225,5208.828,5204.198,5206.745,0.1436
1772041800000,2026-02-25,17:50:00,5206.725,5210.505,5204.585,5206.098,0.1227
1772042100000,2026-02-25,17:55:00,5206.555,5207.805,5203.445,5206.585,0.1311
1772042400000,2026-02-25,18:00:00,5206.615,5207.185,5206.545,5207.098,0.0302
1772042700000,2026-02-25,18:05:00,5207.098,5207.335,5206.885,5207.105,0.0265
1772043000000,2026-02-25,18:10:00,5207.085,5207.105,5206.578,5206.625,0.0379
1772043300000,2026-02-25,18:15:00,5206.578,5207.095,5206.568,5206.635,0.0408
1772043600000,2026-02-25,18:20:00,5206.665,5207.205,5206.525,5206.558,0.0687
1772043900000,2026-02-25,18:25:00,5206.558,5206.955,5206.338,5206.805,0.0669
1772044200000,2026-02-25,18:30:00,5206.805,5207.375,5206.685,5206.765,0.06
1772044500000,2026-02-25,18:35:00,5206.805,5206.835,5205.758,5206.285,0.0464
1772044800000,2026-02-25,18:40:00,5206.345,5206.605,5204.898,5205.005,0.0575
1772045100000,2026-02-25,18:45:00,5204.958,5205.245,5200.375,5200.685,0.0621
1772045400000,2026-02-25,18:50:00,5200.665,5203.735,5200.565,5202.298,0.1085
1772045700000,2026-02-25,18:55:00,5202.355,5203.265,5200.975,5201.805,0.0797
1772046000000,2026-02-25,19:00:00,5201.855,5202.465,5200.465,5200.715,0.0601
1772046300000,2026-02-25,19:05:00,5200.725,5200.875,5193.795,5194.075,0.1189
1772046600000,2026-02-25,19:10:00,5194.105,5207.705,5191.325,5206.885,0.1268
1772046900000,2026-02-25,19:15:00,5206.975,5207.035,5199.898,5200.255,0.0926
1772047200000,2026-02-25,19:20:00,5200.215,5200.345,5193.665,5196.955,0.1001
1772047500000,2026-02-25,19:25:00,5196.965,5202.515,5193.745,5202.145,0.1038
1772047800000,2026-02-25,19:30:00,5202.295,5204.255,5199.175,5202.185,0.1399
1772048100000,2026-02-25,19:35:00,5202.145,5205.965,5199.825,5200.585,0.1736
1772048400000,2026-02-25,19:40:00,5200.545,5204.865,5199.785,5203.945,0.148
1772048700000,2026-02-25,19:45:00,5203.915,5207.498,5198.775,5204.698,0.2531
1772049000000,2026-02-25,19:50:00,5204.198,5207.948,5200.105,5205.098,0.2092
1772049300000,2026-02-25,19:55:00,5205.045,5207.498,5203.325,5204.745,0.1833
1772049600000,2026-02-25,20:00:00,5204.785,5205.098,5196.555,5201.625,0.2283
1772049900000,2026-02-25,20:05:00,5201.645,5205.705,5200.605,5202.315,0.1652
1772050200000,2026-02-25,20:10:00,5202.335,5206.098,5195.005,5195.098,0.1437
1772050500000,2026-02-25,20:15:00,5195.345,5196.205,5183.185,5184.535,0.2219
1772050800000,2026-02-25,20:20:00,5184.515,5188.935,5182.625,5188.935,0.1304
1772051100000,2026-02-25,20:25:00,5188.985,5193.055,5185.385,5185.835,0.1356
1772051400000,2026-02-25,20:30:00,5185.855,5190.335,5179.288,5187.875,0.175
1772051700000,2026-02-25,20:35:00,5187.855,5188.395,5180.965,5183.115,0.1437
1772052000000,2026-02-25,20:40:00,5183.085,5184.065,5176.948,5181.165,0.1359
1772052300000,2026-02-25,20:45:00,5181.195,5181.285,5166.775,5173.335,0.2364
1772052600000,2026-02-25,20:50:00,5173.275,5180.265,5171.745,5177.775,0.2318
1772052900000,2026-02-25,20:55:00,5177.775,5177.855,5144.958,5151.765,0.3312
1772053200000,2026-02-25,21:00:00,5151.905,5159.895,5150.095,5155.845,0.1743
1772053500000,2026-02-25,21:05:00,5155.825,5162.955,5155.735,5162.555,0.0994
1772053800000,2026-02-25,21:10:00,5162.605,5165.355,5158.325,5161.625,0.1412
1772054100000,2026-02-25,21:15:00,5161.625,5173.115,5160.575,5165.075,0.1588
1772054400000,2026-02-25,21:20:00,5165.045,5170.185,5164.655,5168.895,0.0578
1772054700000,2026-02-25,21:25:00,5168.425,5170.155,5167.355,5168.815,0.0599
1772055000000,2026-02-25,21:30:00,5169.075,5171.275,5166.325,5167.895,0.0973
1772055300000,2026-02-25,21:35:00,5167.845,5173.235,5167.845,5168.685,0.0913
1772055600000,2026-02-25,21:40:00,5168.415,5170.555,5167.815,5170.015,0.0723
1772055900000,2026-02-25,21:45:00,5169.975,5171.345,5168.595,5170.338,0.0769
1772056200000,2026-02-25,21:50:00,5170.025,5171.195,5162.555,5164.055,0.0844
1772056500000,2026-02-25,21:55:00,5164.075,5170.345,5161.848,5164.915,0.1239
1772060400000,2026-02-25,23:00:00,5157.898,5177.848,5154.955,5171.678,0.1026
1772060700000,2026-02-25,23:05:00,5176.618,5181.278,5174.855,5178.878,0.0574
1772061000000,2026-02-25,23:10:00,5178.748,5179.295,5165.815,5168.245,0.0916
1772061300000,2026-02-25,23:15:00,5168.215,5174.725,5163.295,5173.615,0.0921
1772061600000,2026-02-25,23:20:00,5173.615,5179.555,5170.005,5170.295,0.0814
1772061900000,2026-02-25,23:25:00,5170.315,5171.085,5166.645,5169.585,0.0682
1772062200000,2026-02-25,23:30:00,5169.725,5169.925,5165.045,5168.655,0.0686
1772062500000,2026-02-25,23:35:00,5168.685,5169.525,5163.065,5169.525,0.0695
1772062800000,2026-02-25,23:40:00,5169.495,5174.075,5168.315,5172.285,0.077
1772063100000,2026-02-25,23:45:00,5172.265,5178.946,5166.035,5166.955,0.1199
1772063400000,2026-02-25,23:50:00,5167.715,5170.355,5164.798,5169.125,0.1027
1772063700000,2026-02-25,23:55:00,5169.055,5170.335,5161.018,5162.905,0.1293
1772064000000,2026-02-26,00:00:00,5162.925,5167.575,5154.835,5159.795,0.1816
1772064300000,2026-02-26,00:05:00,5159.815,5167.035,5155.645,5161.635,0.1325
1772064600000,2026-02-26,00:10:00,5161.895,5169.225,5160.385,5167.305,0.0887
1772064900000,2026-02-26,00:15:00,5167.375,5174.325,5167.085,5169.675,0.097
1772065200000,2026-02-26,00:20:00,5169.765,5182.165,5169.318,5180.645,0.1211
1772065500000,2026-02-26,00:25:00,5180.645,5185.935,5178.445,5185.015,0.0865
1772065800000,2026-02-26,00:30:00,5184.995,5189.015,5181.885,5181.885,0.1248
1772066100000,2026-02-26,00:35:00,5182.018,5185.085,5181.085,5182.365,0.0807
1772066400000,2026-02-26,00:40:00,5182.335,5188.205,5180.925,5188.115,0.0826
1772066700000,2026-02-26,00:45:00,5188.155,5189.805,5184.915,5185.625,0.076
1772067000000,2026-02-26,00:50:00,5185.645,5190.985,5184.635,5189.525,0.0745
1772067300000,2026-02-26,00:55:00,5189.545,5191.965,5185.825,5187.995,0.1049
1772067600000,2026-02-26,01:00:00,5187.965,5198.285,5187.265,5194.405,0.2535
1772067900000,2026-02-26,01:05:00,5194.425,5194.425,5182.785,5183.695,0.1814
1772068200000,2026-02-26,01:10:00,5183.715,5188.935,5182.505,5187.355,0.1775
1772068500000,2026-02-26,01:15:00,5187.375,5192.658,5187.245,5189.065,0.1848
1772068800000,2026-02-26,01:20:00,5189.025,5194.895,5182.895,5185.818,0.3012
1772069100000,2026-02-26,01:25:00,5186.008,5186.858,5178.255,5180.025,0.4112
1772069400000,2026-02-26,01:30:00,5179.975,5188.035,5178.175,5187.715,0.1491
1772069700000,2026-02-26,01:35:00,5187.825,5191.095,5184.555,5184.945,0.1506
1772070000000,2026-02-26,01:40:00,5184.975,5192.255,5184.675,5189.155,0.1158
1772070300000,2026-02-26,01:45:00,5189.205,5191.975,5186.625,5189.545,0.1309
1772070600000,2026-02-26,01:50:00,5189.575,5193.045,5184.795,5190.735,0.1438
1772070900000,2026-02-26,01:55:00,5190.665,5193.595,5189.915,5191.235,0.0986
1772071200000,2026-02-26,02:00:00,5191.195,5195.515,5187.445,5189.745,0.1132
1772071500000,2026-02-26,02:05:00,5189.655,5189.985,5184.265,5186.795,0.095
1772071800000,2026-02-26,02:10:00,5186.775,5190.735,5181.965,5182.855,0.1511
1772072100000,2026-02-26,02:15:00,5182.855,5189.685,5181.185,5187.805,0.0883
1772072400000,2026-02-26,02:20:00,5187.805,5189.005,5181.045,5183.055,0.0779
1772072700000,2026-02-26,02:25:00,5183.035,5184.285,5180.225,5180.475,0.0892
1772073000000,2026-02-26,02:30:00,5180.595,5183.405,5177.825,5178.415,0.169
1772073300000,2026-02-26,02:35:00,5178.395,5183.935,5173.995,5180.315,0.1524
1772073600000,2026-02-26,02:40:00,5180.015,5180.265,5173.698,5175.615,0.192
1772073900000,2026-02-26,02:45:00,5175.575,5182.975,5175.575,5180.485,0.1309
1772074200000,2026-02-26,02:50:00,5180.505,5184.415,5180.425,5184.415,0.0969
1772074500000,2026-02-26,02:55:00,5184.435,5185.928,5183.355,5184.095,0.0974
1772074800000,2026-02-26,03:00:00,5184.075,5187.375,5182.695,5187.225,0.1312
1772075100000,2026-02-26,03:05:00,5187.165,5187.265,5184.115,5185.615,0.1001
1772075400000,2026-02-26,03:10:00,5185.635,5187.845,5183.948,5186.895,0.0907
1772075700000,2026-02-26,03:15:00,5186.915,5193.565,5185.165,5189.865,0.1346
1772076000000,2026-02-26,03:20:00,5189.915,5191.355,5187.565,5190.805,0.1168
1772076300000,2026-02-26,03:25:00,5190.645,5191.045,5187.508,5187.915,0.0759
1772076600000,2026-02-26,03:30:00,5187.975,5189.578,5187.558,5188.058,0.2631
1772076900000,2026-02-26,03:35:00,5188.048,5188.345,5185.775,5186.275,0.112
1772077200000,2026-02-26,03:40:00,5186.225,5188.638,5185.628,5185.875,0.1471
1772077500000,2026-02-26,03:45:00,5185.855,5188.498,5183.815,5188.245,0.0947
1772077800000,2026-02-26,03:50:00,5188.275,5191.225,5187.385,5191.025,0.0851
1772078100000,2026-02-26,03:55:00,5191.075,5192.675,5190.175,5192.455,0.0613
1772078400000,2026-02-26,04:00:00,5192.425,5195.218,5192.135,5193.865,0.1027
1772078700000,2026-02-26,04:05:00,5193.998,5196.425,5192.955,5195.575,0.0626
1772079000000,2026-02-26,04:10:00,5195.605,5199.165,5194.675,5196.485,0.0742
1772079300000,2026-02-26,04:15:00,5196.445,5196.798,5191.205,5193.495,0.0802
1772079600000,2026-02-26,04:20:00,5193.475,5195.175,5191.145,5193.385,0.0698
1772079900000,2026-02-26,04:25:00,5193.445,5194.395,5191.275,5193.865,0.0741
1772080200000,2026-02-26,04:30:00,5193.845,5194.785,5192.615,5194.525,0.0565
1772080500000,2026-02-26,04:35:00,5194.555,5195.125,5193.775,5195.025,0.046
1772080800000,2026-02-26,04:40:00,5195.025,5195.515,5193.728,5193.805,0.0999
1772081100000,2026-02-26,04:45:00,5193.825,5194.445,5190.355,5191.055,0.1434
1772081400000,2026-02-26,04:50:00,5190.955,5192.525,5190.065,5192.088,0.1103
1772081700000,2026-02-26,04:55:00,5192.115,5193.198,5191.665,5192.265,0.0867
1772082000000,2026-02-26,05:00:00,5192.268,5195.045,5189.765,5192.965,0.0884
1772082300000,2026-02-26,05:05:00,5192.935,5194.305,5191.755,5194.305,0.0702
1772082600000,2026-02-26,05:10:00,5194.315,5199.445,5193.395,5197.735,0.1049
1772082900000,2026-02-26,05:15:00,5197.725,5202.105,5196.235,5199.658,0.1142
1772083200000,2026-02-26,05:20:00,5199.625,5203.035,5197.818,5202.445,0.0977
1772083500000,2026-02-26,05:25:00,5202.625,5205.215,5199.248,5200.055,0.1685
1772083800000,2026-02-26,05:30:00,5200.055,5201.448,5198.648,5200.855,0.2191
1772084100000,2026-02-26,05:35:00,5200.605,5203.245,5195.695,5199.165,0.1296
1772084400000,2026-02-26,05:40:00,5199.145,5201.515,5198.758,5199.305,0.0994
1772084700000,2026-02-26,05:45:00,5199.275,5199.725,5191.025,5193.565,0.1457
1772085000000,2026-02-26,05:50:00,5193.565,5195.865,5192.815,5193.845,0.094
1772085300000,2026-02-26,05:55:00,5193.875,5198.495,5193.875,5198.105,0.1595
1772085600000,2026-02-26,06:00:00,5198.085,5199.145,5193.348,5193.625,0.1188
1772085900000,2026-02-26,06:05:00,5193.625,5199.385,5193.325,5198.075,0.1166
1772086200000,2026-02-26,06:10:00,5197.905,5198.075,5195.355,5197.695,0.0735
1772086500000,2026-02-26,06:15:00,5197.675,5198.015,5194.245,5195.605,0.0847
1772086800000,2026-02-26,06:20:00,5195.635,5196.805,5192.655,5196.085,0.0732
1772087100000,2026-02-26,06:25:00,5196.055,5197.565,5192.835,5193.525,0.0926
1772087400000,2026-02-26,06:30:00,5193.525,5197.515,5193.235,5196.835,0.1127
1772087700000,2026-02-26,06:35:00,5196.745,5198.145,5193.935,5196.775,0.1051
1772088000000,2026-02-26,06:40:00,5196.775,5197.305,5194.145,5196.355,0.0841
1772088300000,2026-02-26,06:45:00,5196.355,5196.885,5191.998,5192.395,0.073
1772088600000,2026-02-26,06:50:00,5192.458,5196.695,5190.798,5192.785,0.105
1772088900000,2026-02-26,06:55:00,5192.875,5193.195,5190.105,5192.935,0.1047
1772089200000,2026-02-26,07:00:00,5192.975,5194.595,5185.115,5190.385,0.0934
1772089500000,2026-02-26,07:05:00,5190.365,5190.515,5182.115,5184.575,0.0833
1772089800000,2026-02-26,07:10:00,5184.595,5187.355,5182.185,5187.185,0.103
1772090100000,2026-02-26,07:15:00,5187.215,5190.375,5184.945,5188.455,0.0865
1772090400000,2026-02-26,07:20:00,5188.435,5189.008,5181.855,5185.835,0.0827
1772090700000,2026-02-26,07:25:00,5185.815,5187.725,5184.055,5184.695,0.07
1772091000000,2026-02-26,07:30:00,5184.915,5188.595,5184.115,5185.885,0.0646
1772091300000,2026-02-26,07:35:00,5185.865,5188.655,5184.305,5188.135,0.0552
1772091600000,2026-02-26,07:40:00,5188.095,5189.615,5185.795,5186.205,0.0381
1772091900000,2026-02-26,07:45:00,5186.045,5186.425,5181.525,5181.575,0.0708
1772092200000,2026-02-26,07:50:00,5181.345,5183.875,5179.358,5183.365,0.0822
1772092500000,2026-02-26,07:55:00,5183.495,5187.945,5183.475,5185.745,0.0629
1772092800000,2026-02-26,08:00:00,5186.075,5186.835,5179.375,5180.965,0.188
1772093100000,2026-02-26,08:05:00,5180.868,5185.135,5179.058,5183.425,0.113
1772093400000,2026-02-26,08:10:00,5183.455,5190.585,5183.285,5189.165,0.1174
1772093700000,2026-02-26,08:15:00,5189.195,5190.605,5184.485,5187.035,0.0859
1772094000000,2026-02-26,08:20:00,5187.125,5187.245,5184.635,5186.785,0.0711
1772094300000,2026-02-26,08:25:00,5186.755,5187.395,5174.985,5176.665,0.1681
1772094600000,2026-02-26,08:30:00,5176.685,5180.495,5170.295,5174.715,0.1825
1772094900000,2026-02-26,08:35:00,5174.755,5177.385,5172.455,5174.545,0.1438
1772095200000,2026-02-26,08:40:00,5174.525,5176.745,5171.325,5173.788,0.1154
1772095500000,2026-02-26,08:45:00,5173.855,5179.465,5167.265,5179.375,0.1621
1772095800000,2026-02-26,08:50:00,5179.375,5181.965,5177.545,5178.165,0.1054
1772096100000,2026-02-26,08:55:00,5178.185,5181.215,5175.045,5179.145,0.1149
1772096400000,2026-02-26,09:00:00,5178.858,5180.225,5174.135,5174.135,0.1074
1772096700000,2026-02-26,09:05:00,5174.105,5178.055,5173.595,5177.345,0.0718
1772097000000,2026-02-26,09:10:00,5177.365,5182.335,5177.275,5181.435,0.0783
1772097300000,2026-02-26,09:15:00,5181.475,5182.065,5175.605,5176.815,0.0841
1772097600000,2026-02-26,09:20:00,5176.845,5176.895,5174.405,5176.325,0.069
1772097900000,2026-02-26,09:25:00,5176.318,5182.075,5176.318,5180.885,0.0889
1772098200000,2026-02-26,09:30:00,5180.845,5183.605,5179.015,5181.435,0.0785
1772098500000,2026-02-26,09:35:00,5181.365,5183.385,5179.965,5182.775,0.0637
1772098800000,2026-02-26,09:40:00,5182.855,5183.245,5180.045,5181.385,0.0511
1772099100000,2026-02-26,09:45:00,5181.405,5185.065,5181.405,5184.365,0.0662
1772099400000,2026-02-26,09:50:00,5184.285,5186.955,5183.785,5186.545,0.0712
1772099700000,2026-02-26,09:55:00,5186.595,5189.335,5185.815,5186.215,0.07
1772100000000,2026-02-26,10:00:00,5186.155,5189.295,5185.278,5189.245,0.0682
1772100300000,2026-02-26,10:05:00,5189.245,5189.905,5187.955,5188.205,0.0612
1772100600000,2026-02-26,10:10:00,5188.185,5188.445,5186.825,5187.635,0.0493
1772100900000,2026-02-26,10:15:00,5187.655,5188.515,5181.665,5182.485,0.0664
1772101200000,2026-02-26,10:20:00,5182.455,5184.235,5180.665,5183.185,0.0798
1772101500000,2026-02-26,10:25:00,5183.225,5184.705,5178.585,5178.808,0.0915
1772101800000,2026-02-26,10:30:00,5178.205,5179.185,5174.435,5176.775,0.1186
1772102100000,2026-02-26,10:35:00,5176.455,5176.985,5171.485,5175.765,0.0996
1772102400000,2026-02-26,10:40:00,5175.795,5178.525,5171.715,5171.798,0.0829
1772102700000,2026-02-26,10:45:00,5171.778,5174.925,5170.395,5170.915,0.0847
1772103000000,2026-02-26,10:50:00,5170.898,5173.415,5168.515,5173.235,0.0765
1772103300000,2026-02-26,10:55:00,5173.225,5173.395,5165.458,5171.245,0.1051
1772103600000,2026-02-26,11:00:00,5171.175,5174.955,5169.005,5173.615,0.0996
1772103900000,2026-02-26,11:05:00,5173.585,5178.145,5172.455,5177.035,0.0778
1772104200000,2026-02-26,11:10:00,5177.065,5177.205,5174.945,5175.575,0.0565
1772104500000,2026-02-26,11:15:00,5175.545,5175.765,5170.815,5175.275,0.0634
1772104800000,2026-02-26,11:20:00,5174.625,5175.585,5170.695,5171.395,0.0589
1772105100000,2026-02-26,11:25:00,5171.375,5175.915,5171.205,5171.745,0.0523
1772105400000,2026-02-26,11:30:00,5171.705,5173.825,5171.545,5173.165,0.0391
1772105700000,2026-02-26,11:35:00,5173.125,5175.125,5172.155,5173.195,0.0485
1772106000000,2026-02-26,11:40:00,5173.265,5174.775,5172.755,5174.335,0.0424
1772106300000,2026-02-26,11:45:00,5174.155,5174.205,5170.615,5171.125,0.0458
1772106600000,2026-02-26,11:50:00,5171.145,5171.275,5160.985,5163.435,0.0902
1772106900000,2026-02-26,11:55:00,5163.415,5165.705,5161.535,5164.405,0.0821
1772107200000,2026-02-26,12:00:00,5164.465,5167.945,5157.495,5165.455,0.1835
1772107500000,2026-02-26,12:05:00,5165.455,5169.005,5162.835,5168.795,0.125
1772107800000,2026-02-26,12:10:00,5168.785,5169.665,5166.485,5168.235,0.0825
1772108100000,2026-02-26,12:15:00,5168.215,5173.485,5165.755,5171.835,0.1033
1772108400000,2026-02-26,12:20:00,5171.865,5176.205,5169.905,5176.155,0.0985
1772108700000,2026-02-26,12:25:00,5176.175,5180.005,5175.535,5178.215,0.094
1772109000000,2026-02-26,12:30:00,5178.255,5183.825,5177.495,5182.715,0.0944
1772109300000,2026-02-26,12:35:00,5182.735,5184.085,5179.535,5181.925,0.0919
1772109600000,2026-02-26,12:40:00,5181.925,5187.455,5181.905,5187.245,0.1003
1772109900000,2026-02-26,12:45:00,5187.275,5187.585,5181.005,5181.005,0.084
1772110200000,2026-02-26,12:50:00,5181.045,5181.805,5179.295,5180.945,0.0738
1772110500000,2026-02-26,12:55:00,5180.958,5184.625,5179.725,5183.475,0.0763
1772110800000,2026-02-26,13:00:00,5183.495,5185.395,5174.818,5175.458,0.2048
1772111100000,2026-02-26,13:05:00,5175.585,5180.215,5170.815,5172.215,0.2277
1772111400000,2026-02-26,13:10:00,5172.175,5174.425,5167.995,5173.785,0.1804
1772111700000,2026-02-26,13:15:00,5173.805,5177.595,5171.225,5171.405,0.1669
1772112000000,2026-02-26,13:20:00,5171.465,5178.665,5171.018,5177.935,0.1552
1772112300000,2026-02-26,13:25:00,5177.678,5177.678,5174.095,5174.115,0.1063
1772112600000,2026-02-26,13:30:00,5174.095,5175.065,5165.735,5173.705,0.1849
1772112900000,2026-02-26,13:35:00,5173.665,5177.055,5169.335,5173.355,0.1562
1772113200000,2026-02-26,13:40:00,5173.325,5174.205,5163.905,5164.805,0.1663
1772113500000,2026-02-26,13:45:00,5164.818,5169.495,5164.335,5168.375,0.1501
1772113800000,2026-02-26,13:50:00,5168.345,5170.685,5167.355,5170.595,0.1168
1772114100000,2026-02-26,13:55:00,5170.625,5171.365,5165.765,5165.765,0.1099
1772114400000,2026-02-26,14:00:00,5165.735,5169.905,5162.435,5165.675,0.2183
1772114700000,2026-02-26,14:05:00,5165.715,5167.335,5159.945,5163.215,0.1707
1772115000000,2026-02-26,14:10:00,5163.185,5166.685,5162.335,5166.015,0.1086
1772115300000,2026-02-26,14:15:00,5165.955,5168.575,5164.805,5166.615,0.1819
1772115600000,2026-02-26,14:20:00,5166.645,5169.945,5163.265,5168.398,0.1521
1772115900000,2026-02-26,14:25:00,5168.408,5172.125,5168.075,5170.035,0.1599
1772116200000,2026-02-26,14:30:00,5170.005,5170.045,5139.485,5165.618,0.4175
1772116500000,2026-02-26,14:35:00,5165.618,5174.595,5163.495,5165.798,0.4036
1772116800000,2026-02-26,14:40:00,5165.378,5173.945,5157.795,5171.898,0.3969
1772117100000,2026-02-26,14:45:00,5171.915,5175.695,5165.485,5171.525,0.3307
1772117400000,2026-02-26,14:50:00,5171.505,5173.245,5162.855,5168.655,0.3468
1772117700000,2026-02-26,14:55:00,5168.655,5170.935,5163.615,5164.425,0.3076
1772118000000,2026-02-26,15:00:00,5164.365,5172.045,5158.395,5167.298,0.4119
1772118300000,2026-02-26,15:05:00,5167.298,5169.938,5163.315,5166.895,0.3979
1772118600000,2026-02-26,15:10:00,5166.915,5171.405,5160.885,5162.015,0.2562
1772118900000,2026-02-26,15:15:00,5162.105,5163.015,5149.855,5158.638,0.3246
1772119200000,2026-02-26,15:20:00,5158.365,5162.025,5151.575,5154.245,0.3223
1772119500000,2026-02-26,15:25:00,5154.345,5158.045,5129.495,5141.375,0.4074
1772119800000,2026-02-26,15:30:00,5141.295,5156.175,5140.285,5153.135,0.5588
1772120100000,2026-02-26,15:35:00,5153.185,5169.148,5152.358,5168.805,0.4701
1772120400000,2026-02-26,15:40:00,5168.698,5176.218,5165.925,5175.485,0.3326
1772120700000,2026-02-26,15:45:00,5175.465,5186.135,5175.015,5182.148,0.3426
1772121000000,2026-02-26,15:50:00,5182.148,5192.535,5180.618,5189.365,0.3823
1772121300000,2026-02-26,15:55:00,5189.335,5192.215,5182.778,5185.388,0.3298
1772121600000,2026-02-26,16:00:00,5185.388,5186.905,5178.115,5178.425,0.2683
1772121900000,2026-02-26,16:05:00,5178.418,5180.615,5176.508,5177.735,0.2306
1772122200000,2026-02-26,16:10:00,5177.985,5180.175,5172.735,5176.605,0.2062
1772122500000,2026-02-26,16:15:00,5176.645,5184.435,5173.575,5181.105,0.1912
1772122800000,2026-02-26,16:20:00,5181.175,5184.125,5176.085,5178.025,0.2016
1772123100000,2026-02-26,16:25:00,5178.435,5180.395,5175.155,5180.115,0.2036
1772123400000,2026-02-26,16:30:00,5180.135,5183.298,5177.735,5181.755,0.2068
1772123700000,2026-02-26,16:35:00,5182.208,5184.255,5179.555,5182.415,0.203
1772124000000,2026-02-26,16:40:00,5182.325,5186.105,5180.135,5182.935,0.1687
1772124300000,2026-02-26,16:45:00,5182.955,5185.295,5178.265,5181.275,0.1679
1772124600000,2026-02-26,16:50:00,5181.365,5183.605,5176.395,5178.805,0.1592
1772124900000,2026-02-26,16:55:00,5178.825,5180.665,5175.095,5179.395,0.143
1772125200000,2026-02-26,17:00:00,5179.475,5182.695,5178.045,5180.948,0.1595
1772125500000,2026-02-26,17:05:00,5180.948,5187.925,5180.495,5186.095,0.1813
1772125800000,2026-02-26,17:10:00,5186.145,5190.035,5179.215,5179.565,0.1746
1772126100000,2026-02-26,17:15:00,5179.575,5181.215,5175.215,5177.965,0.154
1772126400000,2026-02-26,17:20:00,5178.005,5181.625,5177.895,5179.265,0.1255
1772126700000,2026-02-26,17:25:00,5179.325,5179.975,5173.455,5174.045,0.1421
1772127000000,2026-02-26,17:30:00,5174.025,5176.775,5171.695,5176.325,0.1588
1772127300000,2026-02-26,17:35:00,5176.315,5177.695,5172.505,5173.675,0.1759
1772127600000,2026-02-26,17:40:00,5173.655,5176.745,5173.138,5174.545,0.1763
1772127900000,2026-02-26,17:45:00,5174.485,5175.205,5165.765,5169.665,0.1936
1772128200000,2026-02-26,17:50:00,5169.585,5172.905,5164.655,5166.685,0.1723
1772128500000,2026-02-26,17:55:00,5166.745,5168.575,5161.645,5167.005,0.1718
1772128800000,2026-02-26,18:00:00,5167.315,5171.385,5166.945,5168.575,0.1294
1772129100000,2026-02-26,18:05:00,5168.595,5170.895,5163.295,5169.855,0.1712
1772129400000,2026-02-26,18:10:00,5169.795,5173.405,5168.798,5173.095,0.1645
1772129700000,2026-02-26,18:15:00,5173.065,5176.175,5171.755,5174.075,0.1338
1772130000000,2026-02-26,18:20:00,5174.055,5176.715,5173.735,5174.435,0.165
1772130300000,2026-02-26,18:25:00,5174.275,5178.205,5173.565,5176.925,0.1417
1772130600000,2026-02-26,18:30:00,5176.895,5180.295,5165.505,5167.285,0.1887
1772130900000,2026-02-26,18:35:00,5167.345,5177.105,5160.115,5175.165,0.2253
1772131200000,2026-02-26,18:40:00,5174.845,5182.108,5174.278,5180.795,0.1915
1772131500000,2026-02-26,18:45:00,5180.815,5184.965,5180.815,5184.305,0.15
1772131800000,2026-02-26,18:50:00,5184.395,5185.785,5180.505,5180.525,0.1245
1772132100000,2026-02-26,18:55:00,5180.575,5182.255,5178.655,5180.145,0.1039
1772132400000,2026-02-26,19:00:00,5180.245,5186.095,5179.258,5185.195,0.1391
1772132700000,2026-02-26,19:05:00,5185.225,5187.545,5183.768,5185.878,0.1009
1772133000000,2026-02-26,19:10:00,5185.895,5188.135,5184.565,5186.145,0.096
1772133300000,2026-02-26,19:15:00,5186.165,5187.595,5184.905,5187.325,0.094
1772133600000,2026-02-26,19:20:00,5187.385,5189.015,5185.085,5185.445,0.0888
1772133900000,2026-02-26,19:25:00,5185.415,5186.345,5184.338,5185.255,0.0868
1772134200000,2026-02-26,19:30:00,5185.305,5188.705,5183.108,5188.695,0.0947
1772134500000,2026-02-26,19:35:00,5188.715,5190.645,5183.405,5183.885,0.0993
1772134800000,2026-02-26,19:40:00,5183.845,5186.715,5183.715,5186.045,0.0769
1772135100000,2026-02-26,19:45:00,5186.145,5193.845,5186.145,5193.785,0.1189
1772135400000,2026-02-26,19:50:00,5193.735,5193.765,5188.735,5189.465,0.104
1772135700000,2026-02-26,19:55:00,5189.555,5190.475,5186.095,5186.765,0.1034
1772136000000,2026-02-26,20:00:00,5186.548,5193.665,5186.495,5193.625,0.1306
1772136300000,2026-02-26,20:05:00,5193.615,5196.235,5193.505,5195.015,0.1051
1772136600000,2026-02-26,20:10:00,5194.985,5197.855,5194.075,5196.615,0.1401
1772136900000,2026-02-26,20:15:00,5196.585,5197.065,5191.678,5194.445,0.2272
1772137200000,2026-02-26,20:20:00,5194.415,5197.725,5194.058,5197.525,0.1626
1772137500000,2026-02-26,20:25:00,5197.505,5197.545,5193.048,5193.425,0.1272
1772137800000,2026-02-26,20:30:00,5193.365,5194.665,5190.495,5194.195,0.3652
1772138100000,2026-02-26,20:35:00,5194.285,5199.235,5194.045,5197.505,0.5412
1772138400000,2026-02-26,20:40:00,5197.645,5199.005,5196.215,5197.968,0.4576
1772138700000,2026-02-26,20:45:00,5198.095,5200.865,5197.995,5199.775,0.6126
1772139000000,2026-02-26,20:50:00,5199.785,5200.125,5191.048,5192.348,0.1965
1772139300000,2026-02-26,20:55:00,5192.395,5197.125,5189.098,5196.195,0.2098
1772139600000,2026-02-26,21:00:00,5196.205,5200.485,5196.205,5198.395,0.0548
1772139900000,2026-02-26,21:05:00,5198.365,5199.525,5198.128,5199.248,0.0465
1772140200000,2026-02-26,21:10:00,5199.248,5199.248,5196.075,5196.235,0.0424
1772140500000,2026-02-26,21:15:00,5196.105,5196.695,5193.295,5194.765,0.0406
1772140800000,2026-02-26,21:20:00,5194.608,5196.165,5191.085,5191.085,0.0358
1772141100000,2026-02-26,21:25:00,5191.055,5191.835,5184.645,5185.685,0.0576
1772141400000,2026-02-26,21:30:00,5185.705,5188.655,5184.115,5184.835,0.0384
1772141700000,2026-02-26,21:35:00,5184.925,5187.305,5184.265,5186.905,0.0304
1772142000000,2026-02-26,21:40:00,5186.855,5191.055,5186.495,5190.035,0.0382
1772142300000,2026-02-26,21:45:00,5189.685,5189.685,5186.755,5187.155,0.0302
1772142600000,2026-02-26,21:50:00,5187.055,5187.795,5182.748,5183.175,0.0416
1772142900000,2026-02-26,21:55:00,5183.145,5185.785,5179.825,5182.715,0.0416
1772146800000,2026-02-26,23:00:00,5180.488,5188.678,5172.845,5180.998,0.0875
1772147100000,2026-02-26,23:05:00,5180.998,5185.598,5177.478,5183.848,0.0531
1772147400000,2026-02-26,23:10:00,5184.325,5188.185,5182.695,5183.685,0.0529
1772147700000,2026-02-26,23:15:00,5183.665,5185.295,5182.305,5183.435,0.0309
1772148000000,2026-02-26,23:20:00,5183.405,5186.875,5183.275,5183.355,0.0321
1772148300000,2026-02-26,23:25:00,5182.885,5185.405,5180.935,5183.675,0.0489
1772148600000,2026-02-26,23:30:00,5183.595,5184.698,5181.255,5183.005,0.0475
1772148900000,2026-02-26,23:35:00,5182.955,5186.925,5182.915,5186.775,0.0372
1772149200000,2026-02-26,23:40:00,5186.745,5189.025,5183.665,5185.425,0.0702
1772149500000,2026-02-26,23:45:00,5185.445,5188.195,5183.475,5183.575,0.0358
1772149800000,2026-02-26,23:50:00,5183.605,5185.505,5181.975,5184.575,0.0387
1772150100000,2026-02-26,23:55:00,5184.615,5184.695,5183.145,5184.345,0.0281
1772150400000,2026-02-27,00:00:00,5184.375,5185.285,5178.498,5179.935,0.0851
1772150700000,2026-02-27,00:05:00,5179.955,5184.995,5178.685,5182.265,0.0687
1772151000000,2026-02-27,00:10:00,5182.205,5186.425,5182.135,5185.495,0.054
1772151300000,2026-02-27,00:15:00,5185.465,5189.905,5184.925,5189.015,0.0564
1772151600000,2026-02-27,00:20:00,5189.285,5194.565,5188.295,5192.025,0.0828
1772151900000,2026-02-27,00:25:00,5191.995,5192.478,5187.218,5187.568,0.1607
1772152200000,2026-02-27,00:30:00,5187.568,5189.358,5179.318,5181.825,0.2264
1772152500000,2026-02-27,00:35:00,5181.798,5181.798,5171.235,5174.375,0.1288
1772152800000,2026-02-27,00:40:00,5174.345,5177.285,5169.865,5174.678,0.0906
1772153100000,2026-02-27,00:45:00,5174.795,5177.065,5171.485,5173.595,0.094
1772153400000,2026-02-27,00:50:00,5173.535,5177.315,5171.915,5175.855,0.0696
1772153700000,2026-02-27,00:55:00,5175.845,5176.855,5173.295,5174.575,0.0738
1772154000000,2026-02-27,01:00:00,5174.605,5176.305,5168.305,5174.955,0.252
1772154300000,2026-02-27,01:05:00,5175.275,5176.395,5166.535,5174.525,0.1758
1772154600000,2026-02-27,01:10:00,5174.825,5178.345,5174.425,5176.235,0.1372
1772154900000,2026-02-27,01:15:00,5176.255,5178.575,5174.465,5177.255,0.1197
1772155200000,2026-02-27,01:20:00,5177.295,5179.685,5175.675,5177.525,0.1218
1772155500000,2026-02-27,01:25:00,5177.505,5177.915,5174.395,5174.505,0.0757
1772155800000,2026-02-27,01:30:00,5174.445,5182.138,5172.655,5181.825,0.1388
1772156100000,2026-02-27,01:35:00,5181.838,5190.585,5181.518,5190.315,0.1445
1772156400000,2026-02-27,01:40:00,5190.375,5190.985,5186.545,5188.115,0.115
1772156700000,2026-02-27,01:45:00,5188.175,5189.455,5186.998,5188.095,0.1306
1772157000000,2026-02-27,01:50:00,5188.075,5193.425,5186.995,5191.245,0.1595
1772157300000,2026-02-27,01:55:00,5191.165,5194.155,5189.525,5193.825,0.1253
1772157600000,2026-02-27,02:00:00,5193.775,5197.295,5191.465,5193.175,0.211
1772157900000,2026-02-27,02:05:00,5193.135,5199.425,5192.935,5195.538,0.2652
1772158200000,2026-02-27,02:10:00,5195.568,5196.498,5191.825,5194.068,0.4515
1772158500000,2026-02-27,02:15:00,5194.065,5195.008,5191.148,5191.158,0.1644
1772158800000,2026-02-27,02:20:00,5191.148,5191.698,5184.478,5186.535,0.3384
1772159100000,2026-02-27,02:25:00,5186.655,5188.045,5183.745,5183.948,0.2268
1772159400000,2026-02-27,02:30:00,5183.975,5186.015,5181.758,5183.545,0.1925
1772159700000,2026-02-27,02:35:00,5183.525,5184.405,5174.025,5178.305,0.2225
1772160000000,2026-02-27,02:40:00,5178.245,5181.845,5177.275,5181.205,0.1571
1772160300000,2026-02-27,02:45:00,5181.285,5182.475,5176.705,5178.095,0.1384
1772160600000,2026-02-27,02:50:00,5178.055,5178.465,5173.185,5177.355,0.1408
1772160900000,2026-02-27,02:55:00,5177.375,5183.815,5176.895,5183.345,0.1452
1772161200000,2026-02-27,03:00:00,5183.265,5184.745,5181.505,5182.335,0.0898
1772161500000,2026-02-27,03:05:00,5182.315,5183.725,5180.955,5182.635,0.099
1772161800000,2026-02-27,03:10:00,5182.618,5183.145,5181.105,5182.435,0.1071
1772162100000,2026-02-27,03:15:00,5182.585,5184.235,5181.215,5183.345,0.1069
1772162400000,2026-02-27,03:20:00,5183.315,5184.675,5181.585,5184.615,0.1364
1772162700000,2026-02-27,03:25:00,5184.645,5187.945,5184.645,5186.785,0.15
1772163000000,2026-02-27,03:30:00,5186.755,5188.955,5185.215,5187.415,0.1111
1772163300000,2026-02-27,03:35:00,5187.445,5187.578,5183.098,5185.955,0.0945
1772163600000,2026-02-27,03:40:00,5185.895,5187.455,5185.025,5186.775,0.0576
1772163900000,2026-02-27,03:45:00,5186.775,5190.435,5186.415,5189.385,0.0886
1772164200000,2026-02-27,03:50:00,5189.415,5190.435,5188.555,5189.245,0.0829
1772164500000,2026-02-27,03:55:00,5189.265,5190.215,5183.605,5183.675,0.0761
1772164800000,2026-02-27,04:00:00,5183.645,5185.955,5183.195,5185.138,0.0957
1772165100000,2026-02-27,04:05:00,5185.158,5187.415,5184.978,5185.725,0.0659
1772165400000,2026-02-27,04:10:00,5185.518,5186.315,5184.065,5186.315,0.0663
1772165700000,2026-02-27,04:15:00,5186.295,5186.665,5184.055,5184.515,0.0475
1772166000000,2026-02-27,04:20:00,5184.475,5187.705,5181.285,5187.425,0.0904
1772166300000,2026-02-27,04:25:00,5187.635,5188.585,5186.185,5186.985,0.0925
1772166600000,2026-02-27,04:30:00,5186.985,5187.155,5185.065,5186.505,0.0732
1772166900000,2026-02-27,04:35:00,5186.505,5188.315,5186.385,5187.505,0.0642
1772167200000,2026-02-27,04:40:00,5187.475,5187.975,5186.275,5187.085,0.0796
1772167500000,2026-02-27,04:45:00,5187.055,5187.375,5184.985,5185.225,0.0834
1772167800000,2026-02-27,04:50:00,5185.238,5185.645,5182.315,5182.885,0.076
1772168100000,2026-02-27,04:55:00,5182.855,5184.315,5180.645,5181.435,0.0721
1772168400000,2026-02-27,05:00:00,5181.405,5184.425,5181.075,5184.065,0.0745
1772168700000,2026-02-27,05:05:00,5184.095,5185.415,5183.865,5184.635,0.0694
1772169000000,2026-02-27,05:10:00,5184.665,5187.135,5183.995,5186.925,0.0729
1772169300000,2026-02-27,05:15:00,5187.175,5187.245,5185.395,5186.125,0.061
1772169600000,2026-02-27,05:20:00,5186.105,5189.275,5185.905,5188.788,0.0727
1772169900000,2026-02-27,05:25:00,5188.788,5194.565,5188.788,5194.425,0.1158
1772170200000,2026-02-27,05:30:00,5194.415,5197.155,5193.475,5195.548,0.1879
1772170500000,2026-02-27,05:35:00,5195.625,5195.955,5189.848,5194.188,0.1553
1772170800000,2026-02-27,05:40:00,5193.935,5194.088,5190.965,5191.785,0.3373
1772171100000,2026-02-27,05:45:00,5191.805,5193.495,5190.535,5190.855,0.119
1772171400000,2026-02-27,05:50:00,5190.815,5196.415,5190.498,5194.618,0.1068
1772171700000,2026-02-27,05:55:00,5194.578,5200.075,5193.625,5197.465,0.1653
1772172000000,2026-02-27,06:00:00,5197.285,5198.165,5192.605,5193.355,0.2306
1772172300000,2026-02-27,06:05:00,5193.305,5196.148,5193.255,5194.328,0.1509
1772172600000,2026-02-27,06:10:00,5194.338,5198.125,5194.338,5196.785,0.1444
1772172900000,2026-02-27,06:15:00,5196.688,5199.178,5194.545,5195.135,0.1123
1772173200000,2026-02-27,06:20:00,5195.175,5196.695,5193.825,5194.705,0.1354
1772173500000,2026-02-27,06:25:00,5194.645,5195.205,5192.125,5192.955,0.1418
1772173800000,2026-02-27,06:30:00,5192.985,5196.065,5192.015,5192.115,0.1751
1772174100000,2026-02-27,06:35:00,5192.095,5194.705,5191.048,5193.725,0.1066
1772174400000,2026-02-27,06:40:00,5193.745,5196.105,5192.508,5193.155,0.11
1772174700000,2026-02-27,06:45:00,5193.465,5193.545,5191.205,5191.505,0.0782
1772175000000,2026-02-27,06:50:00,5191.445,5192.365,5187.015,5188.538,0.1747
1772175300000,2026-02-27,06:55:00,5188.458,5188.575,5184.645,5185.395,0.1503
1772175600000,2026-02-27,07:00:00,5185.385,5187.785,5183.105,5184.825,0.0959
1772175900000,2026-02-27,07:05:00,5184.875,5189.475,5184.765,5186.925,0.076
1772176200000,2026-02-27,07:10:00,5186.835,5188.715,5180.975,5181.355,0.1173
1772176500000,2026-02-27,07:15:00,5181.335,5182.855,5177.215,5177.545,0.1174
1772176800000,2026-02-27,07:20:00,5177.655,5183.535,5177.605,5182.535,0.1112
1772177100000,2026-02-27,07:25:00,5182.615,5185.405,5178.175,5178.335,0.1323
1772177400000,2026-02-27,07:30:00,5178.335,5181.335,5175.375,5179.975,0.134
1772177700000,2026-02-27,07:35:00,5180.015,5182.585,5179.925,5182.405,0.0465
1772178000000,2026-02-27,07:40:00,5182.425,5182.505,5179.668,5180.195,0.06
1772178300000,2026-02-27,07:45:00,5180.215,5181.755,5179.135,5181.005,0.0672
1772178600000,2026-02-27,07:50:00,5180.915,5181.295,5177.415,5179.405,0.0811
1772178900000,2026-02-27,07:55:00,5179.425,5182.445,5175.445,5175.705,0.1952
1772179200000,2026-02-27,08:00:00,5176.135,5182.165,5175.945,5180.305,0.2611
1772179500000,2026-02-27,08:05:00,5180.315,5181.465,5176.855,5180.405,0.1663
1772179800000,2026-02-27,08:10:00,5180.425,5180.765,5177.245,5178.255,0.0669
1772180100000,2026-02-27,08:15:00,5178.315,5179.465,5176.885,5178.625,0.15
1772180400000,2026-02-27,08:20:00,5178.655,5179.145,5174.045,5174.675,0.0944
1772180700000,2026-02-27,08:25:00,5174.655,5179.385,5174.535,5177.375,0.1433
1772181000000,2026-02-27,08:30:00,5177.355,5181.555,5176.435,5181.485,0.143
1772181300000,2026-02-27,08:35:00,5181.435,5182.035,5179.525,5180.135,0.0751
1772181600000,2026-02-27,08:40:00,5180.095,5181.075,5179.138,5180.045,0.0513
1772181900000,2026-02-27,08:45:00,5180.065,5181.885,5179.075,5179.075,0.0539
1772182200000,2026-02-27,08:50:00,5178.895,5180.475,5176.188,5178.145,0.0945
1772182500000,2026-02-27,08:55:00,5178.165,5179.995,5177.455,5178.545,0.05
1772182800000,2026-02-27,09:00:00,5178.525,5181.448,5177.085,5178.145,0.0871
1772183100000,2026-02-27,09:05:00,5178.175,5179.125,5175.635,5177.875,0.0664
1772183400000,2026-02-27,09:10:00,5177.895,5178.445,5174.815,5178.275,0.0692
1772183700000,2026-02-27,09:15:00,5178.215,5180.905,5176.585,5177.745,0.0585
1772184000000,2026-02-27,09:20:00,5177.695,5180.025,5176.955,5178.915,0.0625
1772184300000,2026-02-27,09:25:00,5178.895,5181.975,5178.455,5178.695,0.0501
1772184600000,2026-02-27,09:30:00,5178.575,5180.055,5177.475,5179.375,0.0545
1772184900000,2026-02-27,09:35:00,5179.435,5180.185,5178.098,5179.985,0.0539
1772185200000,2026-02-27,09:40:00,5180.015,5181.455,5179.565,5180.715,0.0591
1772185500000,2026-02-27,09:45:00,5180.925,5182.355,5172.285,5176.775,0.1202
1772185800000,2026-02-27,09:50:00,5176.835,5177.378,5172.025,5172.895,0.1085
1772186100000,2026-02-27,09:55:00,5173.138,5176.135,5171.858,5175.645,0.0858
1772186400000,2026-02-27,10:00:00,5175.665,5176.535,5171.075,5172.235,0.0885
1772186700000,2026-02-27,10:05:00,5172.205,5176.275,5172.205,5174.835,0.0616
1772187000000,2026-02-27,10:10:00,5174.805,5175.525,5168.155,5174.185,0.1071
1772187300000,2026-02-27,10:15:00,5174.135,5179.945,5173.055,5178.315,0.0894
1772187600000,2026-02-27,10:20:00,5178.295,5180.215,5175.825,5176.335,0.0622
1772187900000,2026-02-27,10:25:00,5176.355,5180.625,5172.045,5173.225,0.0664
1772188200000,2026-02-27,10:30:00,5173.048,5176.115,5171.155,5171.155,0.1096
1772188500000,2026-02-27,10:35:00,5171.115,5174.735,5168.995,5174.125,0.0923
1772188800000,2026-02-27,10:40:00,5174.095,5175.985,5172.035,5175.965,0.0473
1772189100000,2026-02-27,10:45:00,5175.925,5178.435,5175.225,5177.725,0.086
1772189400000,2026-02-27,10:50:00,5177.755,5178.235,5175.545,5176.845,0.0526
1772189700000,2026-02-27,10:55:00,5176.825,5177.785,5175.525,5177.415,0.0533
1772190000000,2026-02-27,11:00:00,5177.435,5177.825,5175.355,5175.775,0.0501
1772190300000,2026-02-27,11:05:00,5175.755,5177.005,5174.605,5176.865,0.0544
1772190600000,2026-02-27,11:10:00,5176.898,5178.095,5173.025,5173.605,0.0643
1772190900000,2026-02-27,11:15:00,5173.605,5174.595,5172.235,5173.915,0.0693
1772191200000,2026-02-27,11:20:00,5173.978,5177.435,5173.115,5176.475,0.0548
1772191500000,2026-02-27,11:25:00,5176.495,5178.626,5174.758,5177.495,0.0863
1772191800000,2026-02-27,11:30:00,5177.535,5180.048,5177.535,5178.468,0.1433
1772192100000,2026-02-27,11:35:00,5178.485,5179.175,5176.455,5177.198,0.088
1772192400000,2026-02-27,11:40:00,5177.418,5178.508,5176.145,5177.505,0.1303
1772192700000,2026-02-27,11:45:00,5177.475,5181.315,5177.475,5180.765,0.1755
1772193000000,2026-02-27,11:50:00,5180.785,5182.305,5180.105,5182.235,0.1208
1772193300000,2026-02-27,11:55:00,5182.208,5185.515,5182.055,5185.495,0.2004
1772193600000,2026-02-27,12:00:00,5185.465,5187.325,5184.865,5186.555,0.1282
1772193900000,2026-02-27,12:05:00,5186.505,5190.455,5184.785,5187.525,0.1471
1772194200000,2026-02-27,12:10:00,5187.485,5187.975,5185.175,5185.205,0.1197
1772194500000,2026-02-27,12:15:00,5185.225,5187.815,5184.955,5187.605,0.1239
1772194800000,2026-02-27,12:20:00,5187.625,5189.535,5186.425,5186.635,0.2071
1772195100000,2026-02-27,12:25:00,5186.665,5187.745,5184.885,5186.525,0.3006
1772195400000,2026-02-27,12:30:00,5186.575,5188.045,5185.015,5185.325,0.1018
1772195700000,2026-02-27,12:35:00,5185.798,5186.708,5183.495,5185.395,0.1168
1772196000000,2026-02-27,12:40:00,5185.365,5187.355,5184.035,5184.555,0.1843
1772196300000,2026-02-27,12:45:00,5184.545,5186.398,5182.638,5184.305,0.3268
1772196600000,2026-02-27,12:50:00,5184.305,5186.408,5183.225,5186.348,0.4704
1772196900000,2026-02-27,12:55:00,5186.358,5188.635,5185.735,5187.135,0.3272
1772197200000,2026-02-27,13:00:00,5187.205,5195.248,5186.415,5194.815,0.3714
1772197500000,2026-02-27,13:05:00,5194.835,5214.505,5192.925,5211.065,0.3219
1772197800000,2026-02-27,13:10:00,5211.065,5214.455,5210.035,5212.618,0.3611
1772198100000,2026-02-27,13:15:00,5212.598,5220.725,5212.298,5218.035,0.2638
1772198400000,2026-02-27,13:20:00,5218.355,5236.785,5216.398,5234.975,0.4077
1772198700000,2026-02-27,13:25:00,5234.615,5240.235,5232.255,5234.708,0.3654
1772199000000,2026-02-27,13:30:00,5234.938,5235.748,5219.635,5225.045,0.2933
1772199300000,2026-02-27,13:35:00,5225.125,5226.165,5214.425,5218.365,0.2813
1772199600000,2026-02-27,13:40:00,5218.285,5218.305,5207.375,5216.265,0.2585
1772199900000,2026-02-27,13:45:00,5216.225,5219.365,5211.285,5212.995,0.2191
1772200200000,2026-02-27,13:50:00,5213.035,5217.685,5210.865,5216.795,0.1984
1772200500000,2026-02-27,13:55:00,5216.855,5225.585,5214.045,5222.795,0.2275
1772200800000,2026-02-27,14:00:00,5222.575,5230.035,5222.575,5225.635,0.2322
1772201100000,2026-02-27,14:05:00,5225.635,5227.255,5217.098,5219.235,0.1856
1772201400000,2026-02-27,14:10:00,5219.195,5227.535,5218.715,5226.315,0.1781
1772201700000,2026-02-27,14:15:00,5226.285,5228.155,5223.365,5228.155,0.1609
1772202000000,2026-02-27,14:20:00,5228.245,5236.145,5227.198,5232.515,0.2211
1772202300000,2026-02-27,14:25:00,5232.455,5232.985,5224.555,5230.925,0.1994
1772202600000,2026-02-27,14:30:00,5231.025,5233.545,5217.825,5223.245,0.4079
1772202900000,2026-02-27,14:35:00,5223.205,5230.195,5217.275,5218.175,0.3624
1772203200000,2026-02-27,14:40:00,5218.545,5227.745,5213.535,5225.175,0.2486
1772203500000,2026-02-27,14:45:00,5225.155,5226.115,5215.775,5222.505,0.3174
1772203800000,2026-02-27,14:50:00,5222.535,5229.265,5222.485,5225.548,0.3236
1772204100000,2026-02-27,14:55:00,5225.548,5227.148,5221.955,5223.395,0.29
1772204400000,2026-02-27,15:00:00,5223.315,5227.495,5220,5222.265,0.3251
1772204700000,2026-02-27,15:05:00,5222.305,5236.445,5221.505,5229.948,0.362
1772205000000,2026-02-27,15:10:00,5229.975,5239.785,5229.975,5237.615,0.2973
1772205300000,2026-02-27,15:15:00,5237.635,5239.885,5220.135,5222.745,0.3159
1772205600000,2026-02-27,15:20:00,5222.775,5225.005,5215.618,5218.965,0.301
1772205900000,2026-02-27,15:25:00,5218.955,5231.375,5214.378,5231.195,0.307
1772206200000,2026-02-27,15:30:00,5231.245,5233.875,5227.695,5228.765,0.2759
1772206500000,2026-02-27,15:35:00,5228.875,5235.845,5226.825,5231.275,0.2713
1772206800000,2026-02-27,15:40:00,5231.355,5233.625,5228.435,5230.815,0.2495
1772207100000,2026-02-27,15:45:00,5230.875,5236.698,5229.655,5235.415,0.3153
1772207400000,2026-02-27,15:50:00,5235.415,5243.205,5231.985,5234.025,0.3354
1772207700000,2026-02-27,15:55:00,5234.135,5246.248,5233.935,5239.215,0.2754
1772208000000,2026-02-27,16:00:00,5239.365,5245.655,5233.698,5243.725,0.2521
1772208300000,2026-02-27,16:05:00,5243.775,5245.805,5240.255,5243.848,0.2407
1772208600000,2026-02-27,16:10:00,5243.848,5255.385,5243.385,5253.535,0.3931
1772208900000,2026-02-27,16:15:00,5253.465,5257.405,5249.815,5250.065,0.2296
1772209200000,2026-02-27,16:20:00,5250.215,5250.235,5221.635,5229.635,0.3278
1772209500000,2026-02-27,16:25:00,5229.605,5235.445,5226.925,5233.718,0.2687
1772209800000,2026-02-27,16:30:00,5233.718,5238.075,5229.875,5232.195,0.2546
1772210100000,2026-02-27,16:35:00,5232.535,5237.655,5228.995,5235.445,0.249
1772210400000,2026-02-27,16:40:00,5235.375,5238.305,5232.525,5235.645,0.3005
1772210700000,2026-02-27,16:45:00,5235.615,5237.165,5231.795,5234.298,0.3013
1772211000000,2026-02-27,16:50:00,5234.298,5237.805,5229.735,5231.225,0.3205
1772211300000,2026-02-27,16:55:00,5231.205,5232.635,5228.495,5228.855,0.2878
1772211600000,2026-02-27,17:00:00,5228.785,5233.605,5225.815,5232.085,0.2456
1772211900000,2026-02-27,17:05:00,5232.065,5234.475,5230.365,5232.815,0.1973
1772212200000,2026-02-27,17:10:00,5232.835,5235.795,5228.495,5231.105,0.2818
1772212500000,2026-02-27,17:15:00,5231.085,5232.065,5227.305,5227.695,0.2254
1772212800000,2026-02-27,17:20:00,5227.978,5230.215,5223.345,5227.825,0.2264
1772213100000,2026-02-27,17:25:00,5227.985,5231.735,5227.305,5228.435,0.3135
1772213400000,2026-02-27,17:30:00,5228.395,5230.215,5220.375,5228.265,0.217
1772213700000,2026-02-27,17:35:00,5228.235,5229.305,5223.565,5228.465,0.1667
1772214000000,2026-02-27,17:40:00,5228.455,5236.485,5228.135,5234.265,0.2264
1772214300000,2026-02-27,17:45:00,5234.055,5236.565,5233.145,5236.085,0.1577
1772214600000,2026-02-27,17:50:00,5236.035,5236.705,5231.855,5234.745,0.177
1772214900000,2026-02-27,17:55:00,5234.815,5235.415,5232.145,5234.375,0.2132
1772215200000,2026-02-27,18:00:00,5234.348,5238.245,5233.628,5235.698,0.3155
1772215500000,2026-02-27,18:05:00,5235.685,5237.135,5233.325,5235.155,0.214
1772215800000,2026-02-27,18:10:00,5235.095,5235.815,5233.085,5233.295,0.1794
1772216100000,2026-02-27,18:15:00,5233.295,5234.215,5231.695,5232.315,0.2117
1772216400000,2026-02-27,18:20:00,5232.298,5233.835,5225.858,5227.795,0.2685
1772216700000,2026-02-27,18:25:00,5227.815,5232.095,5222.295,5230.145,0.3142
1772217000000,2026-02-27,18:30:00,5230.285,5232.358,5226.255,5228.415,0.188
1772217300000,2026-02-27,18:35:00,5228.575,5231.585,5228.048,5230.595,0.1924
1772217600000,2026-02-27,18:40:00,5230.625,5239.865,5230.098,5239.495,0.182
1772217900000,2026-02-27,18:45:00,5239.475,5244.005,5238.555,5243.498,0.196
1772218200000,2026-02-27,18:50:00,5243.498,5245.165,5240.145,5245.065,0.168
1772218500000,2026-02-27,18:55:00,5245.085,5246.565,5243.725,5245.065,0.1536
1772218800000,2026-02-27,19:00:00,5245.045,5250.398,5244.758,5250.245,0.1732
1772219100000,2026-02-27,19:05:00,5250.125,5250.915,5247.855,5248.198,0.1927
1772219400000,2026-02-27,19:10:00,5248.155,5248.825,5239.778,5246.515,0.2084
1772219700000,2026-02-27,19:15:00,5246.565,5252.105,5244.945,5249.765,0.1724
1772220000000,2026-02-27,19:20:00,5249.755,5250.395,5245.955,5247.595,0.1745
1772220300000,2026-02-27,19:25:00,5247.595,5249.005,5245.865,5247.915,0.1812
1772220600000,2026-02-27,19:30:00,5247.955,5250.985,5247.398,5248.985,0.177
1772220900000,2026-02-27,19:35:00,5248.945,5250.685,5246.805,5246.855,0.1416
1772221200000,2026-02-27,19:40:00,5246.875,5247.765,5243.398,5245.815,0.1488
1772221500000,2026-02-27,19:45:00,5245.815,5247.975,5245.215,5247.918,0.1811
1772221800000,2026-02-27,19:50:00,5247.945,5250.305,5247.855,5248.535,0.1629
1772222100000,2026-02-27,19:55:00,5248.515,5251.045,5247.695,5249.698,0.1957
1772222400000,2026-02-27,20:00:00,5249.705,5252.075,5248.335,5248.555,0.2797
1772222700000,2026-02-27,20:05:00,5248.848,5251.648,5248.848,5250.898,0.1683
1772223000000,2026-02-27,20:10:00,5250.898,5252.155,5250.398,5251.248,0.1997
1772223300000,2026-02-27,20:15:00,5251.148,5255.865,5251.148,5254.825,0.2858
1772223600000,2026-02-27,20:20:00,5254.865,5261.985,5253.935,5261.098,0.3393
1772223900000,2026-02-27,20:25:00,5261.055,5261.498,5256.078,5256.625,0.2719
1772224200000,2026-02-27,20:30:00,5256.645,5260.499,5256.205,5258.505,0.2834
1772224500000,2026-02-27,20:35:00,5258.498,5258.505,5254.295,5256.498,0.2874
1772224800000,2026-02-27,20:40:00,5256.498,5263.005,5256.268,5259.585,0.2526
1772225100000,2026-02-27,20:45:00,5259.655,5262.965,5259.235,5262.175,0.3017
1772225400000,2026-02-27,20:50:00,5262.225,5263.898,5261.045,5262.735,0.3109
1772225700000,2026-02-27,20:55:00,5262.665,5265.198,5259.948,5262.995,0.3766
1772226000000,2026-02-27,21:00:00,5263.005,5263.635,5257.845,5259.415,0.1048
1772226300000,2026-02-27,21:05:00,5259.625,5263.715,5259.015,5260.679,0.0722
1772226600000,2026-02-27,21:10:00,5260.648,5261.935,5257.555,5259.455,0.1345
1772226900000,2026-02-27,21:15:00,5259.449,5259.905,5256.858,5258.705,0.065
1772227200000,2026-02-27,21:20:00,5258.679,5263.395,5258.558,5261.205,0.0661
1772227500000,2026-02-27,21:25:00,5261.278,5263.195,5260.715,5261.895,0.0486
1772227800000,2026-02-27,21:30:00,5261.865,5261.925,5260.335,5261.415,0.0308
1772228100000,2026-02-27,21:35:00,5261.535,5270.565,5260.095,5270.258,0.0783
1772228400000,2026-02-27,21:40:00,5270.278,5276.118,5270.148,5274.159,0.1599
1772228700000,2026-02-27,21:45:00,5274.198,5278.738,5271.758,5277.598,0.1392
1772229000000,2026-02-27,21:50:00,5277.459,5280.878,5276.829,5279.898,0.1978
1772229300000,2026-02-27,21:55:00,5279.619,5280.198,5275.698,5277.419,0.1704
