timestamp,date,time,open,high,low,close,volume
1748815200000,2025-06-01,22:00:00,3298.375,3305.528,3295.208,3302.785,0.2319
1748815500000,2025-06-01,22:05:00,3302.805,3308.715,3302.665,3307.965,0.3766
1748815800000,2025-06-01,22:10:00,3307.985,3309.335,3305.815,3307.035,0.2643
1748816100000,2025-06-01,22:15:00,3307.035,3308.335,3304.805,3306.575,0.3136
1748816400000,2025-06-01,22:20:00,3306.605,3306.735,3302.038,3302.605,0.3066
1748816700000,2025-06-01,22:25:00,3302.555,3304.555,3299.625,3303.695,0.0867
1748817000000,2025-06-01,22:30:00,3303.675,3304.585,3302.705,3303.545,0.1193
1748817300000,2025-06-01,22:35:00,3303.585,3303.845,3302.145,3303.725,0.128
1748817600000,2025-06-01,22:40:00,3303.755,3305.595,3303.485,3305.435,0.1044
1748817900000,2025-06-01,22:45:00,3305.385,3308.025,3305.355,3307.255,0.1121
1748818200000,2025-06-01,22:50:00,3307.298,3311.055,3307.298,3310.085,0.1841
1748818500000,2025-06-01,22:55:00,3310.075,3314.815,3310.075,3312.798,0.1718
1748818800000,2025-06-01,23:00:00,3312.415,3316.448,3312.005,3314.898,0.0943
1748819100000,2025-06-01,23:05:00,3314.475,3314.918,3312.805,3313.698,0.0895
1748819400000,2025-06-01,23:10:00,3313.585,3314.248,3313.038,3313.398,0.0638
1748819700000,2025-06-01,23:15:00,3313.398,3313.698,3311.755,3312.548,0.0713
1748820000000,2025-06-01,23:20:00,3312.448,3313.155,3311.048,3312.448,0.0494
1748820300000,2025-06-01,23:25:00,3312.448,3312.448,3311.388,3311.775,0.0314
1748820600000,2025-06-01,23:30:00,3311.748,3312.635,3311.318,3312.325,0.0405
1748820900000,2025-06-01,23:35:00,3312.398,3312.915,3311.198,3312.035,0.0394
1748821200000,2025-06-01,23:40:00,3312.005,3312.065,3309.695,3310.948,0.052
1748821500000,2025-06-01,23:45:00,3310.948,3311.998,3310.005,3311.298,0.0815
1748821800000,2025-06-01,23:50:00,3311.298,3311.298,3308.795,3310.685,0.0723
1748822100000,2025-06-01,23:55:00,3310.548,3311.255,3309.175,3309.935,0.1108
1748822400000,2025-06-02,00:00:00,3309.955,3312.248,3309.605,3311.198,0.2356
1748822700000,2025-06-02,00:05:00,3311.208,3313.295,3310.858,3312.915,0.174
1748823000000,2025-06-02,00:10:00,3312.968,3314.448,3312.238,3312.768,0.1439
1748823300000,2025-06-02,00:15:00,3312.768,3314.698,3312.065,3312.998,0.1058
1748823600000,2025-06-02,00:20:00,3312.998,3313.498,3311.098,3312.075,0.1142
1748823900000,2025-06-02,00:25:00,3312.055,3313.998,3311.345,3312.648,0.1102
1748824200000,2025-06-02,00:30:00,3312.595,3313.248,3309.865,3310.575,0.1129
1748824500000,2025-06-02,00:35:00,3310.535,3311.248,3306.115,3306.268,0.1958
1748824800000,2025-06-02,00:40:00,3306.265,3307.548,3302.968,3307.198,0.2133
1748825100000,2025-06-02,00:45:00,3307.198,3310.535,3307.098,3308.438,0.157
1748825400000,2025-06-02,00:50:00,3308.295,3310.748,3306.878,3310.548,0.1948
1748825700000,2025-06-02,00:55:00,3310.548,3311.345,3309.198,3311.098,0.1531
1748826000000,2025-06-02,01:00:00,3311.215,3312.998,3310.265,3311.365,0.1351
1748826300000,2025-06-02,01:05:00,3311.365,3313.335,3311.035,3312.798,0.1016
1748826600000,2025-06-02,01:10:00,3312.825,3313.515,3310.745,3311.998,0.141
1748826900000,2025-06-02,01:15:00,3311.998,3313.198,3309.025,3309.098,0.1736
1748827200000,2025-06-02,01:20:00,3309.125,3310.248,3307.898,3309.398,0.1913
1748827500000,2025-06-02,01:25:00,3309.325,3310.798,3307.948,3309.255,0.1737
1748827800000,2025-06-02,01:30:00,3309.275,3310.665,3306.728,3307.198,0.1467
1748828100000,2025-06-02,01:35:00,3307.198,3308.698,3303.548,3308.298,0.2196
1748828400000,2025-06-02,01:40:00,3308.298,3308.298,3305.315,3306.085,0.1599
1748828700000,2025-06-02,01:45:00,3306.049,3306.895,3303.315,3303.565,0.1868
1748829000000,2025-06-02,01:50:00,3303.548,3305.345,3302.105,3303.258,0.2167
1748829300000,2025-06-02,01:55:00,3303.298,3303.645,3301.195,3303.298,0.1474
1748829600000,2025-06-02,02:00:00,3303.298,3306.448,3302.998,3306.248,0.1394
1748829900000,2025-06-02,02:05:00,3306.248,3308.548,3306.248,3307.098,0.1623
1748830200000,2025-06-02,02:10:00,3307.098,3308.698,3307.015,3308.198,0.1477
1748830500000,2025-06-02,02:15:00,3308.198,3311.365,3307.345,3307.598,0.1864
1748830800000,2025-06-02,02:20:00,3307.698,3308.098,3306.165,3306.405,0.1093
1748831100000,2025-06-02,02:25:00,3306.325,3307.945,3306.095,3306.585,0.0975
1748831400000,2025-06-02,02:30:00,3306.585,3309.435,3306.465,3308.005,0.1273
1748831700000,2025-06-02,02:35:00,3307.998,3308.725,3307.218,3308.065,0.0786
1748832000000,2025-06-02,02:40:00,3308.085,3308.565,3306.415,3306.898,0.0516
1748832300000,2025-06-02,02:45:00,3306.885,3308.098,3306.245,3307.198,0.1204
1748832600000,2025-06-02,02:50:00,3307.198,3308.445,3305.338,3306.298,0.1152
1748832900000,2025-06-02,02:55:00,3306.298,3307.795,3304.878,3307.105,0.1979
1748833200000,2025-06-02,03:00:00,3307.105,3307.425,3306.025,3306.415,0.1038
1748833500000,2025-06-02,03:05:00,3306.528,3307.398,3305.525,3305.738,0.108
1748833800000,2025-06-02,03:10:00,3305.738,3305.748,3304.438,3304.948,0.1755
1748834100000,2025-06-02,03:15:00,3304.895,3307.235,3304.658,3305.665,0.1218
1748834400000,2025-06-02,03:20:00,3305.595,3308.098,3305.595,3307.505,0.169
1748834700000,2025-06-02,03:25:00,3307.498,3307.915,3305.225,3305.225,0.1609
1748835000000,2025-06-02,03:30:00,3305.225,3305.225,3303.555,3304.398,0.1699
1748835300000,2025-06-02,03:35:00,3304.398,3304.698,3302.955,3304.198,0.1529
1748835600000,2025-06-02,03:40:00,3304.198,3305.648,3303.865,3305.135,0.2361
1748835900000,2025-06-02,03:45:00,3305.135,3307.198,3304.758,3306.848,0.1662
1748836200000,2025-06-02,03:50:00,3306.848,3307.645,3306.555,3307.348,0.1597
1748836500000,2025-06-02,03:55:00,3307.348,3308.698,3305.898,3308.448,0.1873
1748836800000,2025-06-02,04:00:00,3308.425,3311.198,3308.425,3310.725,0.1515
1748837100000,2025-06-02,04:05:00,3310.798,3311.398,3309.175,3310.498,0.1071
1748837400000,2025-06-02,04:10:00,3310.498,3312.248,3310.198,3311.198,0.1663
1748837700000,2025-06-02,04:15:00,3311.198,3312.865,3311.175,3312.865,0.1484
1748838000000,2025-06-02,04:20:00,3312.915,3313.595,3312.048,3312.085,0.0921
1748838300000,2025-06-02,04:25:00,3312.025,3313.705,3312.025,3313.348,0.0771
1748838600000,2025-06-02,04:30:00,3313.448,3314.798,3313.178,3313.798,0.1347
1748838900000,2025-06-02,04:35:00,3313.825,3314.025,3312.768,3313.245,0.0866
1748839200000,2025-06-02,04:40:00,3313.198,3315.498,3312.798,3314.398,0.1011
1748839500000,2025-06-02,04:45:00,3314.398,3314.398,3313.395,3313.895,0.0728
1748839800000,2025-06-02,04:50:00,3313.848,3315.475,3313.638,3314.735,0.0685
1748840100000,2025-06-02,04:55:00,3314.705,3317.998,3313.715,3313.758,0.1741
1748840400000,2025-06-02,05:00:00,3313.565,3316.848,3313.515,3315.598,0.1401
1748840700000,2025-06-02,05:05:00,3315.598,3316.148,3315.095,3315.258,0.1281
1748841000000,2025-06-02,05:10:00,3315.258,3319.455,3314.735,3318.448,0.1465
1748841300000,2025-06-02,05:15:00,3318.345,3319.648,3316.815,3317.088,0.1966
1748841600000,2025-06-02,05:20:00,3317.088,3317.088,3315.985,3316.558,0.1186
1748841900000,2025-06-02,05:25:00,3316.325,3318.448,3316.325,3317.948,0.1458
1748842200000,2025-06-02,05:30:00,3317.948,3318.198,3316.585,3318.198,0.1286
1748842500000,2025-06-02,05:35:00,3318.198,3319.595,3317.868,3319.165,0.1705
1748842800000,2025-06-02,05:40:00,3319.115,3323.098,3318.795,3322.305,0.1595
1748843100000,2025-06-02,05:45:00,3322.335,3324.348,3322.235,3322.498,0.1716
1748843400000,2025-06-02,05:50:00,3322.438,3325.548,3322.358,3323.048,0.1639
1748843700000,2025-06-02,05:55:00,3323.125,3324.395,3322.748,3323.448,0.134
1748844000000,2025-06-02,06:00:00,3323.465,3326.275,3323.465,3325.948,0.1748
1748844300000,2025-06-02,06:05:00,3325.948,3327.548,3325.728,3327.318,0.1302
1748844600000,2025-06-02,06:10:00,3327.318,3329.135,3325.318,3328,0.1226
1748844900000,2025-06-02,06:15:00,3328,3333.918,3327.505,3333.585,0.171
1748845200000,2025-06-02,06:20:00,3333.635,3335.025,3331.148,3334.588,0.172
1748845500000,2025-06-02,06:25:00,3334.595,3337.815,3333.645,3337.225,0.1376
1748845800000,2025-06-02,06:30:00,3337.265,3338.445,3335.728,3336.715,0.1815
1748846100000,2025-06-02,06:35:00,3336.745,3340.498,3335.675,3339.785,0.1767
1748846400000,2025-06-02,06:40:00,3339.785,3344.898,3338.945,3344.898,0.2021
1748846700000,2025-06-02,06:45:00,3344.798,3345.198,3340.625,3340.958,0.2159
1748847000000,2025-06-02,06:50:00,3341.109,3341.898,3340.339,3340.648,0.1999
1748847300000,2025-06-02,06:55:00,3340.648,3344.285,3339.678,3344.165,0.1202
1748847600000,2025-06-02,07:00:00,3344.255,3346.098,3342.879,3345.598,0.2364
1748847900000,2025-06-02,07:05:00,3345.598,3348.369,3345.398,3348.108,0.1858
1748848200000,2025-06-02,07:10:00,3348.108,3352.448,3348.098,3351.088,0.2338
1748848500000,2025-06-02,07:15:00,3350.905,3357.799,3350.905,3355.949,0.3297
1748848800000,2025-06-02,07:20:00,3355.979,3357.385,3354.178,3356.029,0.2838
1748849100000,2025-06-02,07:25:00,3356.129,3358.579,3353.189,3353.189,0.2722
1748849400000,2025-06-02,07:30:00,3353.189,3358.748,3353.055,3356.195,0.1755
1748849700000,2025-06-02,07:35:00,3356.448,3356.675,3354.195,3354.698,0.1459
1748850000000,2025-06-02,07:40:00,3354.715,3355.748,3353.858,3354.125,0.1367
1748850300000,2025-06-02,07:45:00,3354.095,3356.635,3352.315,3353.415,0.1758
1748850600000,2025-06-02,07:50:00,3353.415,3354.615,3351.285,3352.109,0.2304
1748850900000,2025-06-02,07:55:00,3352.128,3353.305,3350.465,3352.265,0.2126
1748851200000,2025-06-02,08:00:00,3352.385,3355.359,3350.338,3355.198,0.2808
1748851500000,2025-06-02,08:05:00,3355.198,3356.148,3353.139,3355.498,0.1268
1748851800000,2025-06-02,08:10:00,3355.498,3355.498,3350.448,3353.448,0.1482
1748852100000,2025-06-02,08:15:00,3352.958,3354.848,3351.748,3353.048,0.1318
1748852400000,2025-06-02,08:20:00,3352.865,3353.348,3351.525,3353.048,0.1169
1748852700000,2025-06-02,08:25:00,3352.909,3353.048,3350.268,3352.749,0.1451
1748853000000,2025-06-02,08:30:00,3352.749,3353.098,3349.798,3351.015,0.2145
1748853300000,2025-06-02,08:35:00,3351.075,3353.905,3350.845,3353.905,0.112
1748853600000,2025-06-02,08:40:00,3353.948,3354.315,3352.755,3353.415,0.0862
1748853900000,2025-06-02,08:45:00,3353.448,3355.435,3353.405,3355.048,0.0849
1748854200000,2025-06-02,08:50:00,3355.045,3355.248,3353.315,3354.005,0.0896
1748854500000,2025-06-02,08:55:00,3354.048,3354.048,3351.748,3351.748,0.1139
1748854800000,2025-06-02,09:00:00,3351.719,3352.148,3348.848,3350.815,0.1417
1748855100000,2025-06-02,09:05:00,3350.865,3351.648,3348.849,3349.055,0.1375
1748855400000,2025-06-02,09:10:00,3349.098,3349.335,3346.879,3348.245,0.1073
1748855700000,2025-06-02,09:15:00,3348.215,3350.585,3346.819,3350.455,0.1227
1748856000000,2025-06-02,09:20:00,3350.455,3350.875,3349.048,3349.348,0.0778
1748856300000,2025-06-02,09:25:00,3349.348,3349.648,3346.048,3346.798,0.1029
1748856600000,2025-06-02,09:30:00,3346.798,3347.435,3344.728,3345.748,0.1709
1748856900000,2025-06-02,09:35:00,3345.748,3345.848,3344.165,3344.515,0.1222
1748857200000,2025-06-02,09:40:00,3344.585,3346.598,3344.465,3346.398,0.1121
1748857500000,2025-06-02,09:45:00,3346.398,3347.515,3345.775,3347.298,0.125
1748857800000,2025-06-02,09:50:00,3347.298,3347.598,3346.029,3346.848,0.1305
1748858100000,2025-06-02,09:55:00,3346.848,3348.248,3345.748,3348.125,0.1391
1748858400000,2025-06-02,10:00:00,3348.065,3348.965,3346.649,3348.875,0.0895
1748858700000,2025-06-02,10:05:00,3348.895,3349.185,3346.498,3347.585,0.1247
1748859000000,2025-06-02,10:10:00,3347.545,3347.695,3345.198,3346.148,0.0922
1748859300000,2025-06-02,10:15:00,3346.265,3348.448,3346.265,3348.155,0.0854
1748859600000,2025-06-02,10:20:00,3348.135,3349.698,3347,3349.698,0.1074
1748859900000,2025-06-02,10:25:00,3349.698,3350.548,3348.545,3349.105,0.1324
1748860200000,2025-06-02,10:30:00,3349.075,3350.298,3347.515,3348.055,0.141
1748860500000,2025-06-02,10:35:00,3348.015,3349.345,3347.205,3348.565,0.1076
1748860800000,2025-06-02,10:40:00,3348.525,3349.475,3344.755,3344.985,0.1493
1748861100000,2025-06-02,10:45:00,3344.955,3347.498,3344.298,3346.798,0.1434
1748861400000,2025-06-02,10:50:00,3346.679,3347.298,3346.159,3347.215,0.0851
1748861700000,2025-06-02,10:55:00,3347.285,3351.165,3345.835,3348.398,0.2258
1748862000000,2025-06-02,11:00:00,3348.398,3349.098,3346.379,3346.715,0.1533
1748862300000,2025-06-02,11:05:00,3346.715,3348.798,3345.798,3348.598,0.1194
1748862600000,2025-06-02,11:10:00,3348.575,3349.668,3348.198,3348.908,0.1017
1748862900000,2025-06-02,11:15:00,3348.875,3350.778,3348.748,3348.748,0.1102
1748863200000,2025-06-02,11:20:00,3348.605,3353.235,3348.605,3351.978,0.1037
1748863500000,2025-06-02,11:25:00,3351.988,3353.705,3351.988,3353.145,0.093
1748863800000,2025-06-02,11:30:00,3353.125,3357.805,3353.125,3355.355,0.1596
1748864100000,2025-06-02,11:35:00,3355.385,3360.098,3354.605,3358.498,0.1739
1748864400000,2025-06-02,11:40:00,3358.435,3359.748,3355.418,3356.415,0.1456
1748864700000,2025-06-02,11:45:00,3356.365,3358.295,3354.068,3354.858,0.1265
1748865000000,2025-06-02,11:50:00,3354.858,3355.298,3352.908,3354.765,0.106
1748865300000,2025-06-02,11:55:00,3354.865,3356.125,3354.088,3356.065,0.1262
1748865600000,2025-06-02,12:00:00,3356.015,3357.645,3353.755,3354.055,0.1873
1748865900000,2025-06-02,12:05:00,3354.055,3359.929,3353.925,3358.359,0.2497
1748866200000,2025-06-02,12:10:00,3358.168,3359.819,3357.169,3357.498,0.2607
1748866500000,2025-06-02,12:15:00,3357.498,3359.615,3356.698,3358.998,0.1316
1748866800000,2025-06-02,12:20:00,3359.315,3362.545,3358.275,3362.005,0.1896
1748867100000,2025-06-02,12:25:00,3361.948,3363.245,3359.845,3360.548,0.2157
1748867400000,2025-06-02,12:30:00,3360.345,3363.348,3360.345,3361.155,0.2149
1748867700000,2025-06-02,12:35:00,3361.205,3363.225,3360.735,3362.048,0.1578
1748868000000,2025-06-02,12:40:00,3361.905,3362.905,3360.085,3361.498,0.1689
1748868300000,2025-06-02,12:45:00,3361.365,3361.798,3358.865,3360.325,0.1553
1748868600000,2025-06-02,12:50:00,3360.355,3360.755,3355.745,3356.098,0.1558
1748868900000,2025-06-02,12:55:00,3356.125,3356.325,3354.205,3355.265,0.179
1748869200000,2025-06-02,13:00:00,3355.465,3357.425,3353.298,3354.095,0.2011
1748869500000,2025-06-02,13:05:00,3354.165,3355.148,3352.698,3353.865,0.1788
1748869800000,2025-06-02,13:10:00,3353.898,3356.678,3352.428,3356.215,0.1809
1748870100000,2025-06-02,13:15:00,3356.245,3357.345,3355.145,3356.275,0.1588
1748870400000,2025-06-02,13:20:00,3356.355,3356.595,3354.315,3354.785,0.1291
1748870700000,2025-06-02,13:25:00,3354.825,3357.498,3351.698,3355.498,0.2011
1748871000000,2025-06-02,13:30:00,3355.498,3356.715,3349.925,3356.055,0.317
1748871300000,2025-06-02,13:35:00,3356.025,3359.948,3354.098,3358.648,0.3404
1748871600000,2025-06-02,13:40:00,3358.848,3366.698,3358.715,3366.108,0.4034
1748871900000,2025-06-02,13:45:00,3366.218,3369.975,3364.598,3365.548,0.4301
1748872200000,2025-06-02,13:50:00,3365.608,3374.555,3365.165,3374.248,0.4028
1748872500000,2025-06-02,13:55:00,3374.248,3375.948,3369.885,3370.368,0.2682
1748872800000,2025-06-02,14:00:00,3370.368,3376.198,3369.335,3371.748,0.3575
1748873100000,2025-06-02,14:05:00,3371.765,3373.348,3370,3370,0.3903
1748873400000,2025-06-02,14:10:00,3370,3374.405,3367.415,3374.385,0.3342
1748873700000,2025-06-02,14:15:00,3374.365,3377.865,3372.625,3377.598,0.4278
1748874000000,2025-06-02,14:20:00,3377.598,3377.798,3372.028,3372.948,0.3213
1748874300000,2025-06-02,14:25:00,3372.948,3375.948,3371.745,3372.865,0.2815
1748874600000,2025-06-02,14:30:00,3372.948,3376.048,3371.625,3374.898,0.3117
1748874900000,2025-06-02,14:35:00,3374.898,3377.648,3373.435,3374.565,0.3639
1748875200000,2025-06-02,14:40:00,3374.648,3377.775,3373.765,3377.735,0.2847
1748875500000,2025-06-02,14:45:00,3377.755,3377.755,3374.995,3375.898,0.2166
1748875800000,2025-06-02,14:50:00,3375.845,3377.615,3375.148,3377.495,0.224
1748876100000,2025-06-02,14:55:00,3377.555,3378.745,3375.498,3375.815,0.2472
1748876400000,2025-06-02,15:00:00,3375.825,3377.205,3374.138,3376.705,0.3146
1748876700000,2025-06-02,15:05:00,3376.745,3378.648,3376.635,3377.198,0.252
1748877000000,2025-06-02,15:10:00,3377.198,3377.198,3373.148,3374.548,0.2572
1748877300000,2025-06-02,15:15:00,3374.555,3376.298,3373.605,3376.298,0.1866
1748877600000,2025-06-02,15:20:00,3376.199,3378.248,3374.795,3374.985,0.1876
1748877900000,2025-06-02,15:25:00,3374.955,3374.965,3369.555,3373.235,0.2303
1748878200000,2025-06-02,15:30:00,3373.175,3373.615,3370.975,3373,0.153
1748878500000,2025-06-02,15:35:00,3373,3373.305,3370.825,3373.265,0.1642
1748878800000,2025-06-02,15:40:00,3373.265,3374.895,3373.025,3374.585,0.1271
1748879100000,2025-06-02,15:45:00,3374.615,3375.648,3374.105,3374.598,0.1303
1748879400000,2025-06-02,15:50:00,3374.598,3375.698,3372.765,3373.598,0.1653
1748879700000,2025-06-02,15:55:00,3373.335,3374.565,3372.118,3374.085,0.1569
1748880000000,2025-06-02,16:00:00,3374.085,3377.915,3374.085,3377.915,0.2004
1748880300000,2025-06-02,16:05:00,3377.948,3379.165,3375.155,3376.085,0.1609
1748880600000,2025-06-02,16:10:00,3376.085,3376.248,3370.808,3372.358,0.2289
1748880900000,2025-06-02,16:15:00,3372.358,3373.155,3371.805,3372.165,0.17
1748881200000,2025-06-02,16:20:00,3372.165,3372.175,3370.095,3371.005,0.3318
1748881500000,2025-06-02,16:25:00,3371.035,3373.398,3371.035,3372.798,0.1665
1748881800000,2025-06-02,16:30:00,3372.855,3374.865,3372.498,3374.215,0.1595
1748882100000,2025-06-02,16:35:00,3374.198,3374.798,3372.395,3373.448,0.2402
1748882400000,2025-06-02,16:40:00,3373.305,3373.848,3369.575,3370.228,0.7301
1748882700000,2025-06-02,16:45:00,3370.238,3372.498,3369.928,3370.958,0.181
1748883000000,2025-06-02,16:50:00,3370.958,3371.438,3368.975,3369.318,0.3735
1748883300000,2025-06-02,16:55:00,3369.308,3371.865,3369.288,3371.525,0.2676
1748883600000,2025-06-02,17:00:00,3371.448,3374.198,3371.245,3374.098,0.142
1748883900000,2025-06-02,17:05:00,3374.098,3374.648,3373.048,3373.848,0.1322
1748884200000,2025-06-02,17:10:00,3373.848,3375.348,3373.558,3374.638,0.2848
1748884500000,2025-06-02,17:15:00,3374.638,3374.698,3372.228,3373.488,0.2573
1748884800000,2025-06-02,17:20:00,3373.415,3375.115,3372.628,3373.105,0.3179
1748885100000,2025-06-02,17:25:00,3373.125,3373.405,3370.995,3372.048,0.1821
1748885400000,2025-06-02,17:30:00,3372.025,3374.848,3371.955,3373.785,0.1207
1748885700000,2025-06-02,17:35:00,3373.805,3373.945,3372.248,3373.048,0.11
1748886000000,2025-06-02,17:40:00,3373.048,3374.698,3372.975,3374.548,0.1508
1748886300000,2025-06-02,17:45:00,3374.475,3375.748,3374.348,3374.748,0.1542
1748886600000,2025-06-02,17:50:00,3374.748,3374.848,3372.955,3373.685,0.1136
1748886900000,2025-06-02,17:55:00,3373.715,3374.548,3373.148,3374.205,0.0995
1748887200000,2025-06-02,18:00:00,3374.185,3374.355,3370.998,3372.598,0.1084
1748887500000,2025-06-02,18:05:00,3372.575,3373.975,3372.298,3372.948,0.0961
1748887800000,2025-06-02,18:10:00,3372.948,3374.098,3372.535,3373.255,0.0825
1748888100000,2025-06-02,18:15:00,3373.225,3373.325,3371.348,3372.648,0.1222
1748888400000,2025-06-02,18:20:00,3372.565,3372.775,3370.598,3371.748,0.1274
1748888700000,2025-06-02,18:25:00,3371.748,3372.048,3370.548,3371.848,0.0888
1748889000000,2025-06-02,18:30:00,3371.695,3372.298,3371.115,3371.358,0.1116
1748889300000,2025-06-02,18:35:00,3371.358,3375.365,3371.358,3375.305,0.1403
1748889600000,2025-06-02,18:40:00,3375.298,3377.485,3374.998,3377.048,0.1511
1748889900000,2025-06-02,18:45:00,3377.048,3377.695,3376.698,3377.015,0.1049
1748890200000,2025-06-02,18:50:00,3377.065,3379.615,3376.798,3379.475,0.1318
1748890500000,2025-06-02,18:55:00,3379.495,3379.895,3378.665,3379.025,0.1683
1748890800000,2025-06-02,19:00:00,3378.978,3379.585,3377.638,3378.435,0.2194
1748891100000,2025-06-02,19:05:00,3378.445,3380.235,3378.385,3379.695,0.1867
1748891400000,2025-06-02,19:10:00,3379.465,3380.125,3379.105,3379.328,0.1345
1748891700000,2025-06-02,19:15:00,3379.278,3379.925,3378.988,3379.555,0.1328
1748892000000,2025-06-02,19:20:00,3379.585,3379.975,3378.948,3379.125,0.1416
1748892300000,2025-06-02,19:25:00,3379.145,3379.705,3378.685,3378.805,0.153
1748892600000,2025-06-02,19:30:00,3378.805,3379.845,3378.295,3379.535,0.2397
1748892900000,2025-06-02,19:35:00,3379.535,3380.175,3378.748,3380.135,0.2364
1748893200000,2025-06-02,19:40:00,3379.975,3380.695,3379.748,3380.295,0.1946
1748893500000,2025-06-02,19:45:00,3380.295,3380.965,3379.965,3380.435,0.1573
1748893800000,2025-06-02,19:50:00,3380.375,3382.165,3379.945,3381.535,0.2804
1748894100000,2025-06-02,19:55:00,3381.535,3382.275,3380.698,3381.415,0.3423
1748894400000,2025-06-02,20:00:00,3381.415,3381.745,3379.945,3381.585,0.1482
1748894700000,2025-06-02,20:05:00,3381.525,3381.525,3378.215,3380.015,0.2363
1748895000000,2025-06-02,20:10:00,3380.048,3380.148,3378.998,3379.955,0.282
1748895300000,2025-06-02,20:15:00,3379.955,3381.415,3379.955,3381.195,0.2187
1748895600000,2025-06-02,20:20:00,3381.175,3381.665,3381.055,3381.435,0.0836
1748895900000,2025-06-02,20:25:00,3381.448,3381.595,3379.645,3379.865,0.0826
1748896200000,2025-06-02,20:30:00,3379.865,3380.225,3378.825,3379.605,0.1583
1748896500000,2025-06-02,20:35:00,3379.605,3380.465,3379.325,3380.265,0.0906
1748896800000,2025-06-02,20:40:00,3380.198,3380.955,3379.905,3380.615,0.095
1748897100000,2025-06-02,20:45:00,3380.615,3382.695,3380.215,3381.835,0.1705
1748897400000,2025-06-02,20:50:00,3381.835,3382.695,3381.285,3382.315,0.1088
1748897700000,2025-06-02,20:55:00,3382.255,3382.375,3380.748,3381.215,0.0974
1748901600000,2025-06-02,22:00:00,3382.898,3385.435,3381.898,3384.638,0.4047
1748901900000,2025-06-02,22:05:00,3384.635,3385.475,3382.845,3385.035,0.1788
1748902200000,2025-06-02,22:10:00,3385.005,3386.595,3384.225,3386.085,0.0737
1748902500000,2025-06-02,22:15:00,3386.035,3387.975,3385.195,3387.895,0.1404
1748902800000,2025-06-02,22:20:00,3387.795,3390.205,3387.038,3387.975,0.3044
1748903100000,2025-06-02,22:25:00,3388.175,3391.165,3387.805,3389.635,0.2806
1748903400000,2025-06-02,22:30:00,3389.615,3389.625,3387.985,3388.198,0.3507
1748903700000,2025-06-02,22:35:00,3388.185,3390.185,3388.075,3389.205,0.2252
1748904000000,2025-06-02,22:40:00,3389.215,3390.605,3388.555,3388.875,0.1973
1748904300000,2025-06-02,22:45:00,3388.865,3389.655,3388.655,3389.265,0.2103
1748904600000,2025-06-02,22:50:00,3389.215,3389.598,3388.695,3388.915,0.1372
1748904900000,2025-06-02,22:55:00,3388.965,3389.765,3388.645,3389.765,0.2116
1748905200000,2025-06-02,23:00:00,3389.795,3390.325,3387.875,3388.425,0.3422
1748905500000,2025-06-02,23:05:00,3388.525,3389.298,3388.105,3388.725,0.2062
1748905800000,2025-06-02,23:10:00,3388.785,3389.675,3388.435,3388.655,0.1836
1748906100000,2025-06-02,23:15:00,3388.655,3389.798,3388.315,3389.385,0.2183
1748906400000,2025-06-02,23:20:00,3389.365,3389.855,3388.765,3389.475,0.171
1748906700000,2025-06-02,23:25:00,3389.475,3391.935,3384.765,3385.385,0.508
1748907000000,2025-06-02,23:30:00,3385.298,3387.925,3383.255,3383.348,0.1082
1748907300000,2025-06-02,23:35:00,3383.548,3386.055,3382.848,3385.825,0.1064
1748907600000,2025-06-02,23:40:00,3385.835,3386.685,3384.755,3386.565,0.0876
1748907900000,2025-06-02,23:45:00,3386.535,3387.248,3385.348,3386.048,0.0829
1748908200000,2025-06-02,23:50:00,3386.048,3386.355,3384.615,3385.348,0.0944
1748908500000,2025-06-02,23:55:00,3385.348,3387.315,3384.515,3387.198,0.0831
1748908800000,2025-06-03,00:00:00,3387.225,3388.398,3384.348,3384.465,0.1717
1748909100000,2025-06-03,00:05:00,3384.315,3384.345,3380.998,3382.998,0.2307
1748909400000,2025-06-03,00:10:00,3382.898,3383.655,3380.148,3381.855,0.124
1748909700000,2025-06-03,00:15:00,3381.955,3381.955,3375.395,3378.265,0.2602
1748910000000,2025-06-03,00:20:00,3378.235,3380.625,3378.145,3379.945,0.158
1748910300000,2025-06-03,00:25:00,3379.885,3380.965,3378.855,3379.515,0.0888
1748910600000,2025-06-03,00:30:00,3379.575,3381.325,3378.735,3378.865,0.1372
1748910900000,2025-06-03,00:35:00,3378.825,3378.945,3375.498,3375.845,0.1739
1748911200000,2025-06-03,00:40:00,3375.845,3378.485,3373.575,3376.805,0.1729
1748911500000,2025-06-03,00:45:00,3376.805,3378.685,3375.855,3377.695,0.1706
1748911800000,2025-06-03,00:50:00,3377.685,3377.848,3375.898,3377.135,0.1789
1748912100000,2025-06-03,00:55:00,3377.198,3378.835,3374.855,3375.615,0.2159
1748912400000,2025-06-03,01:00:00,3375.695,3375.798,3370.945,3372.248,0.4077
1748912700000,2025-06-03,01:05:00,3372.195,3373.005,3369.698,3370.945,0.3482
1748913000000,2025-06-03,01:10:00,3370.985,3373.565,3367.325,3367.398,0.2892
1748913300000,2025-06-03,01:15:00,3367.398,3368.298,3363.148,3365.265,0.3551
1748913600000,2025-06-03,01:20:00,3365.245,3367.535,3364.345,3366.165,0.2729
1748913900000,2025-06-03,01:25:00,3366.145,3368.675,3362.995,3368.275,0.2078
1748914200000,2025-06-03,01:30:00,3368.248,3370.745,3367.048,3367.965,0.2351
1748914500000,2025-06-03,01:35:00,3367.935,3371.325,3365.988,3371.115,0.2471
1748914800000,2025-06-03,01:40:00,3371.075,3373.445,3369.965,3372.925,0.2189
1748915100000,2025-06-03,01:45:00,3372.898,3375.245,3370.198,3374.005,0.2219
1748915400000,2025-06-03,01:50:00,3374.055,3375.465,3372.198,3372.698,0.1789
1748915700000,2025-06-03,01:55:00,3372.698,3372.925,3369.885,3372.535,0.1905
1748916000000,2025-06-03,02:00:00,3372.465,3374.135,3371.465,3373.548,0.2254
1748916300000,2025-06-03,02:05:00,3373.555,3375.155,3371.898,3372.298,0.1724
1748916600000,2025-06-03,02:10:00,3372.298,3374.305,3371.658,3374.148,0.2266
1748916900000,2025-06-03,02:15:00,3374.395,3377.765,3374.335,3376.648,0.1731
1748917200000,2025-06-03,02:20:00,3376.675,3376.685,3372.095,3372.498,0.1988
1748917500000,2025-06-03,02:25:00,3372.488,3374.035,3371.398,3372.175,0.1857
1748917800000,2025-06-03,02:30:00,3372.268,3372.505,3368,3368.045,0.1807
1748918100000,2025-06-03,02:35:00,3368.015,3368.895,3365.765,3367.898,0.1755
1748918400000,2025-06-03,02:40:00,3367.898,3368.385,3364.175,3367.625,0.2115
1748918700000,2025-06-03,02:45:00,3367.595,3371.148,3366.995,3371.055,0.1578
1748919000000,2025-06-03,02:50:00,3371.065,3375.098,3370.885,3373.355,0.1612
1748919300000,2025-06-03,02:55:00,3373.348,3373.348,3368.348,3368.465,0.1793
1748919600000,2025-06-03,03:00:00,3368.465,3369.298,3364.045,3366.655,0.1871
1748919900000,2025-06-03,03:05:00,3366.765,3368.948,3364.685,3367.095,0.1599
1748920200000,2025-06-03,03:10:00,3367.095,3368.548,3366.415,3368.398,0.2091
1748920500000,2025-06-03,03:15:00,3368.398,3368.798,3365.945,3366.715,0.2025
1748920800000,2025-06-03,03:20:00,3366.745,3366.835,3364.995,3365.725,0.1536
1748921100000,2025-06-03,03:25:00,3365.705,3367.748,3364.655,3364.655,0.1416
1748921400000,2025-06-03,03:30:00,3364.698,3366.548,3363.498,3365.895,0.127
1748921700000,2025-06-03,03:35:00,3365.848,3367.115,3363.975,3365.995,0.1111
1748922000000,2025-06-03,03:40:00,3366.025,3366.205,3359.445,3361.155,0.2171
1748922300000,2025-06-03,03:45:00,3361.185,3362.648,3361.098,3362.235,0.1064
1748922600000,2025-06-03,03:50:00,3362.275,3362.795,3361.215,3361.475,0.1014
1748922900000,2025-06-03,03:55:00,3361.455,3363.048,3360.278,3360.758,0.1475
1748923200000,2025-06-03,04:00:00,3360.755,3364.355,3360.755,3363.448,0.1378
1748923500000,2025-06-03,04:05:00,3363.535,3364.725,3363.115,3364.385,0.1101
1748923800000,2025-06-03,04:10:00,3364.415,3364.585,3362.325,3363.148,0.1008
1748924100000,2025-06-03,04:15:00,3363.148,3364.518,3362.598,3362.728,0.1039
1748924400000,2025-06-03,04:20:00,3362.798,3364.898,3361.548,3363.598,0.1247
1748924700000,2025-06-03,04:25:00,3363.555,3363.598,3360.755,3362.598,0.1443
1748925000000,2025-06-03,04:30:00,3362.535,3362.898,3359.805,3360.998,0.2149
1748925300000,2025-06-03,04:35:00,3360.998,3361.598,3359,3359.898,0.1747
1748925600000,2025-06-03,04:40:00,3359.898,3362.545,3359.708,3362.298,0.1491
1748925900000,2025-06-03,04:45:00,3362.298,3363.498,3361.355,3362.898,0.141
1748926200000,2025-06-03,04:50:00,3362.885,3363.398,3360.998,3361.598,0.1098
1748926500000,2025-06-03,04:55:00,3361.598,3362.798,3360.895,3362.498,0.1104
1748926800000,2025-06-03,05:00:00,3362.498,3363.198,3360.708,3361.698,0.1235
1748927100000,2025-06-03,05:05:00,3361.698,3362.975,3361.598,3362.215,0.1118
1748927400000,2025-06-03,05:10:00,3362.275,3363.245,3361.515,3361.955,0.1036
1748927700000,2025-06-03,05:15:00,3361.925,3362.605,3360.965,3362.045,0.0941
1748928000000,2025-06-03,05:20:00,3362.085,3363.915,3361.785,3362.635,0.1037
1748928300000,2025-06-03,05:25:00,3362.598,3363.615,3358.598,3358.775,0.1695
1748928600000,2025-06-03,05:30:00,3358.865,3360.098,3357.448,3358.348,0.1822
1748928900000,2025-06-03,05:35:00,3358.255,3359.448,3356.038,3359.248,0.1557
1748929200000,2025-06-03,05:40:00,3359.248,3362.005,3359.078,3360.675,0.1292
1748929500000,2025-06-03,05:45:00,3360.615,3365.575,3359.848,3364.715,0.2102
1748929800000,2025-06-03,05:50:00,3364.735,3367.575,3364.645,3365.698,0.1842
1748930100000,2025-06-03,05:55:00,3365.598,3366.285,3364.378,3364.765,0.1608
1748930400000,2025-06-03,06:00:00,3364.715,3367.065,3364.445,3365.005,0.2876
1748930700000,2025-06-03,06:05:00,3365.005,3365.005,3362.125,3362.365,0.411
1748931000000,2025-06-03,06:10:00,3362.345,3362.365,3359.005,3361.715,0.5276
1748931300000,2025-06-03,06:15:00,3361.715,3364.825,3361.398,3364.648,0.2751
1748931600000,2025-06-03,06:20:00,3364.575,3365.898,3363.348,3364.355,0.2155
1748931900000,2025-06-03,06:25:00,3364.355,3364.598,3363.265,3363.955,0.1254
1748932200000,2025-06-03,06:30:00,3364.005,3364.745,3360.335,3360.498,0.2222
1748932500000,2025-06-03,06:35:00,3360.498,3361.498,3358.348,3359.158,0.2405
1748932800000,2025-06-03,06:40:00,3359.158,3359.168,3351.698,3355.205,0.3115
1748933100000,2025-06-03,06:45:00,3355.198,3356.398,3350.938,3353.885,0.246
1748933400000,2025-06-03,06:50:00,3353.935,3357.085,3352.705,3357.085,0.1703
1748933700000,2025-06-03,06:55:00,3357.055,3359.415,3356.848,3358.598,0.158
1748934000000,2025-06-03,07:00:00,3358.615,3360.898,3354.315,3355.025,0.1921
1748934300000,2025-06-03,07:05:00,3355.045,3355.425,3352.795,3353.015,0.1537
1748934600000,2025-06-03,07:10:00,3353.098,3355.998,3352.245,3354.398,0.191
1748934900000,2025-06-03,07:15:00,3354.398,3358.065,3353.195,3357.595,0.1922
1748935200000,2025-06-03,07:20:00,3357.648,3358.515,3355.375,3357.788,0.2018
1748935500000,2025-06-03,07:25:00,3357.848,3360.125,3356.748,3356.828,0.2041
1748935800000,2025-06-03,07:30:00,3356.828,3356.918,3353.878,3355.798,0.2065
1748936100000,2025-06-03,07:35:00,3355.798,3356.098,3354.898,3355.398,0.1735
1748936400000,2025-06-03,07:40:00,3355.398,3358.548,3355.298,3358.548,0.1423
1748936700000,2025-06-03,07:45:00,3358.405,3359.465,3357.518,3358.208,0.1661
1748937000000,2025-06-03,07:50:00,3358.208,3358.935,3357.595,3358.238,0.1417
1748937300000,2025-06-03,07:55:00,3358.165,3359.358,3357.325,3359.348,0.156
1748937600000,2025-06-03,08:00:00,3359.348,3362.065,3359.339,3361.935,0.1785
1748937900000,2025-06-03,08:05:00,3361.915,3364.548,3361.215,3361.548,0.1895
1748938200000,2025-06-03,08:10:00,3361.535,3363.675,3361.375,3363.375,0.1206
1748938500000,2025-06-03,08:15:00,3363.305,3364.295,3362.565,3363.555,0.1191
1748938800000,2025-06-03,08:20:00,3363.555,3364.035,3362.055,3362.435,0.1755
1748939100000,2025-06-03,08:25:00,3362.495,3363.048,3361.425,3361.435,0.1468
1748939400000,2025-06-03,08:30:00,3361.435,3363.948,3361.325,3363.315,0.1257
1748939700000,2025-06-03,08:35:00,3363.338,3363.748,3362.175,3362.435,0.0916
1748940000000,2025-06-03,08:40:00,3362.398,3362.505,3360.095,3360.148,0.1377
1748940300000,2025-06-03,08:45:00,3360.148,3361.948,3359.935,3361.448,0.1079
1748940600000,2025-06-03,08:50:00,3361.448,3362.348,3360.745,3362.348,0.1296
1748940900000,2025-06-03,08:55:00,3362.348,3362.448,3359.648,3360.998,0.1094
1748941200000,2025-06-03,09:00:00,3361.015,3362.455,3360.045,3361.148,0.1102
1748941500000,2025-06-03,09:05:00,3361.115,3361.305,3359.115,3359.115,0.0948
1748941800000,2025-06-03,09:10:00,3359.155,3360.815,3358.195,3359.075,0.0944
1748942100000,2025-06-03,09:15:00,3359.075,3360.095,3357.485,3358.305,0.1219
1748942400000,2025-06-03,09:20:00,3358.398,3360.598,3358.375,3359.725,0.087
1748942700000,2025-06-03,09:25:00,3359.685,3360.105,3358.695,3358.815,0.0713
1748943000000,2025-06-03,09:30:00,3358.815,3358.815,3354.698,3358.198,0.1824
1748943300000,2025-06-03,09:35:00,3358.198,3358.705,3357.355,3358.625,0.1036
1748943600000,2025-06-03,09:40:00,3358.625,3360.348,3358.545,3359.748,0.1039
1748943900000,2025-06-03,09:45:00,3359.675,3360.315,3358.455,3358.715,0.085
1748944200000,2025-06-03,09:50:00,3358.655,3359.185,3356.185,3356.305,0.0931
1748944500000,2025-06-03,09:55:00,3356.285,3356.648,3355.255,3356.598,0.1122
1748944800000,2025-06-03,10:00:00,3356.605,3357.498,3355.895,3356.815,0.0913
1748945100000,2025-06-03,10:05:00,3356.748,3356.748,3354.945,3355.995,0.1258
1748945400000,2025-06-03,10:10:00,3356.015,3358.148,3355.468,3357.248,0.0893
1748945700000,2025-06-03,10:15:00,3357.165,3357.248,3355.485,3355.765,0.0984
1748946000000,2025-06-03,10:20:00,3355.665,3356.598,3354.775,3356.198,0.091
1748946300000,2025-06-03,10:25:00,3356.098,3357.915,3356,3357.665,0.1025
1748946600000,2025-06-03,10:30:00,3357.685,3358.325,3356.698,3357.165,0.1066
1748946900000,2025-06-03,10:35:00,3357.135,3357.765,3356.745,3357.015,0.0887
1748947200000,2025-06-03,10:40:00,3356.985,3358.508,3356.918,3357.098,0.0767
1748947500000,2025-06-03,10:45:00,3357.098,3357.128,3356,3356.295,0.0919
1748947800000,2025-06-03,10:50:00,3356.255,3356.415,3355.005,3356.035,0.091
1748948100000,2025-06-03,10:55:00,3355.975,3356.198,3354.715,3355.248,0.1108
1748948400000,2025-06-03,11:00:00,3355.248,3357.048,3355.005,3356.548,0.1236
1748948700000,2025-06-03,11:05:00,3356.445,3357.165,3355.105,3355.448,0.1367
1748949000000,2025-06-03,11:10:00,3355.375,3356.998,3353.085,3356.898,0.1571
1748949300000,2025-06-03,11:15:00,3356.905,3357.398,3356.398,3357.035,0.1125
1748949600000,2025-06-03,11:20:00,3356.975,3357.035,3355.695,3356.765,0.0921
1748949900000,2025-06-03,11:25:00,3356.795,3358.385,3356.065,3356.705,0.1645
1748950200000,2025-06-03,11:30:00,3356.898,3358.715,3356.265,3358.635,0.104
1748950500000,2025-06-03,11:35:00,3358.675,3359.665,3358.198,3358.805,0.0971
1748950800000,2025-06-03,11:40:00,3358.805,3359.105,3357.715,3357.715,0.0683
1748951100000,2025-06-03,11:45:00,3357.715,3359.115,3357.455,3358.735,0.0841
1748951400000,2025-06-03,11:50:00,3358.798,3360.298,3358.025,3359.198,0.0937
1748951700000,2025-06-03,11:55:00,3359.098,3359.398,3358.365,3359.098,0.1361
1748952000000,2025-06-03,12:00:00,3359.098,3359.698,3355.825,3356.025,0.2575
1748952300000,2025-06-03,12:05:00,3356.005,3356.105,3349.935,3354.505,0.3397
1748952600000,2025-06-03,12:10:00,3354.365,3354.948,3351.845,3353.115,0.3695
1748952900000,2025-06-03,12:15:00,3353.145,3353.905,3350.188,3350.898,0.4551
1748953200000,2025-06-03,12:20:00,3351.175,3353.635,3348.798,3353.055,0.3095
1748953500000,2025-06-03,12:25:00,3353.055,3355.498,3353.055,3354.545,0.2211
1748953800000,2025-06-03,12:30:00,3354.398,3355.925,3352.715,3353.498,0.2771
1748954100000,2025-06-03,12:35:00,3353.505,3358.785,3353.068,3358.565,0.2094
1748954400000,2025-06-03,12:40:00,3358.565,3362.918,3357.675,3361.125,0.249
1748954700000,2025-06-03,12:45:00,3361.155,3362.685,3358.885,3359.998,0.2304
1748955000000,2025-06-03,12:50:00,3359.925,3360.098,3357.368,3358.278,0.2865
1748955300000,2025-06-03,12:55:00,3358.318,3360.018,3357.668,3359.098,0.3295
1748955600000,2025-06-03,13:00:00,3359.035,3361.498,3356.845,3360.825,0.3553
1748955900000,2025-06-03,13:05:00,3360.885,3362.948,3360.248,3361.195,0.2504
1748956200000,2025-06-03,13:10:00,3361.235,3361.725,3358.448,3359.798,0.2608
1748956500000,2025-06-03,13:15:00,3359.798,3361.348,3359.069,3359.948,0.1938
1748956800000,2025-06-03,13:20:00,3360.048,3361.298,3359.315,3360.905,0.1947
1748957100000,2025-06-03,13:25:00,3360.955,3361.905,3357.725,3359.248,0.1434
1748957400000,2025-06-03,13:30:00,3359.248,3359.305,3351.809,3354.348,0.3466
1748957700000,2025-06-03,13:35:00,3354.148,3356.498,3351.815,3353.248,0.3495
1748958000000,2025-06-03,13:40:00,3353.135,3353.348,3348.798,3351.748,0.2473
1748958300000,2025-06-03,13:45:00,3351.748,3351.748,3341.555,3343.855,0.3471
1748958600000,2025-06-03,13:50:00,3343.785,3346.998,3340.565,3343.048,0.316
1748958900000,2025-06-03,13:55:00,3343.048,3345.785,3342.885,3345.425,0.1887
1748959200000,2025-06-03,14:00:00,3345.405,3345.605,3334.235,3335.458,0.3811
1748959500000,2025-06-03,14:05:00,3335.538,3339.548,3332.575,3338.498,0.4473
1748959800000,2025-06-03,14:10:00,3338.498,3341.298,3338.335,3338.598,0.3758
1748960100000,2025-06-03,14:15:00,3338.598,3341.698,3336.725,3339.998,0.2738
1748960400000,2025-06-03,14:20:00,3340.045,3344.605,3339.065,3343.465,0.2442
1748960700000,2025-06-03,14:25:00,3343.405,3346.425,3342.385,3346.298,0.2311
1748961000000,2025-06-03,14:30:00,3346.185,3347.698,3344.948,3345.055,0.2325
1748961300000,2025-06-03,14:35:00,3345.105,3349.325,3345.048,3347.425,0.1873
1748961600000,2025-06-03,14:40:00,3347.395,3349.945,3347.395,3349.605,0.1867
1748961900000,2025-06-03,14:45:00,3349.535,3349.645,3345.685,3345.948,0.198
1748962200000,2025-06-03,14:50:00,3345.985,3348.498,3344.718,3348.305,0.1845
1748962500000,2025-06-03,14:55:00,3348.298,3349.098,3346.025,3346.198,0.1781
1748962800000,2025-06-03,15:00:00,3346.198,3346.848,3344.148,3344.448,0.2101
1748963100000,2025-06-03,15:05:00,3344.448,3346.548,3343.848,3344.405,0.1716
1748963400000,2025-06-03,15:10:00,3344.425,3349.005,3344.155,3348.998,0.1669
1748963700000,2025-06-03,15:15:00,3348.998,3350.195,3346.898,3348.205,0.1685
1748964000000,2025-06-03,15:20:00,3348.175,3348.595,3345.995,3346.965,0.1527
1748964300000,2025-06-03,15:25:00,3346.948,3349.698,3346.945,3349.598,0.1371
1748964600000,2025-06-03,15:30:00,3349.598,3351.198,3348.098,3349.498,0.1424
1748964900000,2025-06-03,15:35:00,3349.498,3351.398,3348.998,3350.298,0.1128
1748965200000,2025-06-03,15:40:00,3350.195,3350.498,3348.805,3350.198,0.1184
1748965500000,2025-06-03,15:45:00,3350.198,3350.698,3346.448,3346.798,0.1617
1748965800000,2025-06-03,15:50:00,3346.798,3349.498,3346.798,3349.048,0.1634
1748966100000,2025-06-03,15:55:00,3349.048,3350.198,3348.998,3350.198,0.1381
1748966400000,2025-06-03,16:00:00,3350.198,3350.498,3347.898,3348.648,0.1262
1748966700000,2025-06-03,16:05:00,3348.648,3351.898,3348.065,3351.798,0.1201
1748967000000,2025-06-03,16:10:00,3351.798,3353.395,3350.285,3350.298,0.1419
1748967300000,2025-06-03,16:15:00,3350.298,3350.298,3348.098,3348.298,0.1132
1748967600000,2025-06-03,16:20:00,3348.298,3349.898,3348.135,3349.298,0.0948
1748967900000,2025-06-03,16:25:00,3349.298,3350.298,3348.765,3348.975,0.1198
1748968200000,2025-06-03,16:30:00,3348.945,3349.148,3345.965,3346.505,0.1384
1748968500000,2025-06-03,16:35:00,3346.598,3347.498,3346.155,3347.255,0.094
1748968800000,2025-06-03,16:40:00,3347.255,3348.648,3346.698,3346.998,0.1084
1748969100000,2025-06-03,16:45:00,3346.965,3346.998,3344.398,3346.265,0.135
1748969400000,2025-06-03,16:50:00,3346.235,3347.148,3345.245,3347.148,0.0814
1748969700000,2025-06-03,16:55:00,3347.148,3348.325,3346.748,3348.305,0.0962
1748970000000,2025-06-03,17:00:00,3348.275,3349.575,3347.025,3347.915,0.0943
1748970300000,2025-06-03,17:05:00,3347.915,3350.555,3347.805,3350.375,0.0848
1748970600000,2025-06-03,17:10:00,3350.375,3351.415,3350.015,3350.785,0.0955
1748970900000,2025-06-03,17:15:00,3350.805,3351.805,3349.825,3351.595,0.105
1748971200000,2025-06-03,17:20:00,3351.605,3353.205,3351.215,3352.685,0.1248
1748971500000,2025-06-03,17:25:00,3352.665,3353.485,3350.348,3353.355,0.1564
1748971800000,2025-06-03,17:30:00,3353.298,3353.798,3352.385,3352.498,0.1028
1748972100000,2025-06-03,17:35:00,3352.585,3354.348,3352.555,3353.698,0.1158
1748972400000,2025-06-03,17:40:00,3353.798,3354.048,3353.085,3353.205,0.1221
1748972700000,2025-06-03,17:45:00,3353.265,3353.405,3352.798,3353.225,0.0673
1748973000000,2025-06-03,17:50:00,3353.205,3353.398,3352.035,3352.648,0.0831
1748973300000,2025-06-03,17:55:00,3352.595,3353.098,3352.045,3352.905,0.0746
1748973600000,2025-06-03,18:00:00,3352.898,3353.198,3352.398,3352.698,0.0626
1748973900000,2025-06-03,18:05:00,3352.798,3353.598,3352.245,3352.455,0.074
1748974200000,2025-06-03,18:10:00,3352.455,3352.455,3350.525,3350.648,0.1288
1748974500000,2025-06-03,18:15:00,3350.605,3351.955,3350.145,3351.948,0.1001
1748974800000,2025-06-03,18:20:00,3351.948,3352.348,3350.988,3352.098,0.0638
1748975100000,2025-06-03,18:25:00,3352.145,3352.675,3351.868,3352.148,0.075
1748975400000,2025-06-03,18:30:00,3352.155,3352.248,3350.808,3351.735,0.0745
1748975700000,2025-06-03,18:35:00,3351.705,3352.075,3351.035,3351.948,0.0484
1748976000000,2025-06-03,18:40:00,3351.925,3352.265,3351.215,3351.545,0.0853
1748976300000,2025-06-03,18:45:00,3351.545,3352.395,3351.165,3352.045,0.0749
1748976600000,2025-06-03,18:50:00,3352.095,3352.455,3351.835,3352.165,0.0675
1748976900000,2025-06-03,18:55:00,3352.135,3353.398,3351.745,3353.298,0.0704
1748977200000,2025-06-03,19:00:00,3353.365,3354.598,3353.335,3354.198,0.0745
1748977500000,2025-06-03,19:05:00,3354.105,3355.245,3353.508,3354.998,0.0864
1748977800000,2025-06-03,19:10:00,3355.005,3355.195,3353.895,3354.248,0.0524
1748978100000,2025-06-03,19:15:00,3354.248,3354.348,3352.838,3353.085,0.073
1748978400000,2025-06-03,19:20:00,3353.085,3353.665,3352.775,3353.455,0.0616
1748978700000,2025-06-03,19:25:00,3353.465,3353.998,3352.875,3352.898,0.064
1748979000000,2025-06-03,19:30:00,3352.898,3353.798,3352.425,3353.798,0.0668
1748979300000,2025-06-03,19:35:00,3353.698,3354.148,3353.398,3353.898,0.0621
1748979600000,2025-06-03,19:40:00,3353.795,3355.215,3353.598,3354.748,0.0918
1748979900000,2025-06-03,19:45:00,3354.695,3354.848,3353.198,3353.205,0.0918
1748980200000,2025-06-03,19:50:00,3353.198,3353.445,3351.355,3351.748,0.1156
1748980500000,2025-06-03,19:55:00,3351.745,3352.455,3351.035,3352.375,0.0983
1748980800000,2025-06-03,20:00:00,3352.395,3353.535,3352.345,3353.305,0.055
1748981100000,2025-06-03,20:05:00,3353.345,3353.685,3352.655,3352.995,0.0306
1748981400000,2025-06-03,20:10:00,3352.945,3353.355,3352.785,3353.035,0.0192
1748981700000,2025-06-03,20:15:00,3353.075,3353.365,3352.485,3353.255,0.0232
1748982000000,2025-06-03,20:20:00,3353.345,3353.425,3353.105,3353.275,0.0133
1748982300000,2025-06-03,20:25:00,3353.265,3354.025,3353.155,3353.725,0.0347
1748982600000,2025-06-03,20:30:00,3353.775,3355.085,3353.715,3354.225,0.0336
1748982900000,2025-06-03,20:35:00,3354.255,3354.405,3353.615,3353.855,0.0227
1748983200000,2025-06-03,20:40:00,3353.815,3353.845,3352.995,3353.335,0.0248
1748983500000,2025-06-03,20:45:00,3353.365,3353.548,3353.015,3353.015,0.0253
1748983800000,2025-06-03,20:50:00,3352.948,3354.135,3352.918,3353.748,0.0294
1748984100000,2025-06-03,20:55:00,3353.748,3353.955,3352.605,3352.885,0.0354
1748988000000,2025-06-03,22:00:00,3353.515,3356.735,3353.235,3356.498,0.0535
1748988300000,2025-06-03,22:05:00,3356.498,3356.798,3355.498,3355.798,0.0503
1748988600000,2025-06-03,22:10:00,3355.798,3356.148,3355.275,3356.148,0.0503
1748988900000,2025-06-03,22:15:00,3356.048,3356.648,3355.828,3356.648,0.0551
1748989200000,2025-06-03,22:20:00,3356.515,3357.848,3356.515,3357.298,0.0696
1748989500000,2025-06-03,22:25:00,3357.298,3357.798,3356.888,3357.348,0.0558
1748989800000,2025-06-03,22:30:00,3357.248,3357.848,3356.948,3357.498,0.0373
1748990100000,2025-06-03,22:35:00,3357.498,3358.048,3357.208,3357.598,0.0445
1748990400000,2025-06-03,22:40:00,3357.598,3358.248,3357.238,3357.848,0.0247
1748990700000,2025-06-03,22:45:00,3357.798,3358.058,3357.468,3357.648,0.0133
1748991000000,2025-06-03,22:50:00,3357.658,3357.748,3356.938,3356.938,0.0117
1748991300000,2025-06-03,22:55:00,3356.998,3357.238,3356.838,3356.838,0.0065
1748991600000,2025-06-03,23:00:00,3356.625,3357.798,3356.625,3357.298,0.0276
1748991900000,2025-06-03,23:05:00,3357.308,3359.148,3357.308,3359.148,0.0284
1748992200000,2025-06-03,23:10:00,3359.148,3360.248,3359.035,3360.098,0.0522
1748992500000,2025-06-03,23:15:00,3360.098,3361.355,3359.545,3359.958,0.0469
1748992800000,2025-06-03,23:20:00,3359.845,3360.098,3357.598,3358.098,0.0443
1748993100000,2025-06-03,23:25:00,3358.098,3358.448,3357.248,3358.248,0.0302
1748993400000,2025-06-03,23:30:00,3358.248,3359.048,3358.148,3358.548,0.0339
1748993700000,2025-06-03,23:35:00,3358.348,3358.848,3356.658,3356.885,0.0417
1748994000000,2025-06-03,23:40:00,3356.848,3359.185,3354.955,3359.075,0.0965
1748994300000,2025-06-03,23:45:00,3359.085,3360.065,3358.395,3359.185,0.0653
1748994600000,2025-06-03,23:50:00,3359.348,3359.748,3358.018,3358.748,0.0935
1748994900000,2025-06-03,23:55:00,3358.748,3359.725,3358.318,3359.698,0.0823
1748995200000,2025-06-04,00:00:00,3359.698,3359.898,3355.938,3355.995,0.1422
1748995500000,2025-06-04,00:05:00,3355.945,3355.948,3352.838,3353.028,0.1305
1748995800000,2025-06-04,00:10:00,3353.115,3353.715,3351.478,3353.655,0.1104
1748996100000,2025-06-04,00:15:00,3353.635,3358.805,3353.555,3358.435,0.143
1748996400000,2025-06-04,00:20:00,3358.248,3358.935,3355.748,3355.948,0.1357
1748996700000,2025-06-04,00:25:00,3355.948,3357.848,3355.948,3357.125,0.1351
1748997000000,2025-06-04,00:30:00,3357.175,3357.515,3354.308,3355.065,0.184
1748997300000,2025-06-04,00:35:00,3355.025,3355.915,3352.788,3352.815,0.0927
1748997600000,2025-06-04,00:40:00,3352.845,3353.905,3350.825,3353.185,0.1643
1748997900000,2025-06-04,00:45:00,3353.205,3353.605,3351.025,3353.395,0.1204
1748998200000,2025-06-04,00:50:00,3353.365,3355.025,3350.575,3351.235,0.3125
1748998500000,2025-06-04,00:55:00,3351.235,3351.945,3349.668,3349.998,0.2248
1748998800000,2025-06-04,01:00:00,3349.998,3354.535,3346.195,3354.515,0.4051
1748999100000,2025-06-04,01:05:00,3354.598,3355.298,3352.788,3354.835,0.259
1748999400000,2025-06-04,01:10:00,3354.898,3357.885,3354.105,3357.865,0.2247
1748999700000,2025-06-04,01:15:00,3357.755,3361.255,3356.848,3361.145,0.1836
1749000000000,2025-06-04,01:20:00,3361.145,3363.798,3360.465,3363.398,0.253
1749000300000,2025-06-04,01:25:00,3363.398,3364.045,3362.198,3363.725,0.1669
1749000600000,2025-06-04,01:30:00,3363.745,3367.088,3362.395,3366.848,0.2496
1749000900000,2025-06-04,01:35:00,3366.895,3369.345,3365.775,3369.045,0.2236
1749001200000,2025-06-04,01:40:00,3368.988,3369.268,3366.348,3366.768,0.1971
1749001500000,2025-06-04,01:45:00,3366.778,3369.245,3366.238,3368.648,0.1904
1749001800000,2025-06-04,01:50:00,3368.675,3370.378,3367.598,3370.088,0.2087
1749002100000,2025-06-04,01:55:00,3370.088,3372.025,3368.928,3370.548,0.2207
1749002400000,2025-06-04,02:00:00,3370.548,3372.235,3369.345,3371.498,0.1716
1749002700000,2025-06-04,02:05:00,3371.415,3372.198,3370.015,3370.495,0.3606
1749003000000,2025-06-04,02:10:00,3370.495,3372.445,3369.545,3372.105,0.5695
1749003300000,2025-06-04,02:15:00,3372.105,3372.205,3369.765,3369.765,0.4437
1749003600000,2025-06-04,02:20:00,3369.765,3370.125,3368.515,3369.345,0.4567
1749003900000,2025-06-04,02:25:00,3369.485,3370.035,3368.175,3368.675,0.4399
1749004200000,2025-06-04,02:30:00,3368.695,3368.715,3365.395,3365.745,0.6009
1749004500000,2025-06-04,02:35:00,3365.755,3366.305,3364.185,3365.205,0.6431
1749004800000,2025-06-04,02:40:00,3365.205,3366.125,3362.695,3366.048,0.4993
1749005100000,2025-06-04,02:45:00,3366.048,3366.048,3364.255,3364.515,0.3774
1749005400000,2025-06-04,02:50:00,3364.555,3366.935,3364.355,3366.935,0.5086
1749005700000,2025-06-04,02:55:00,3366.925,3367.885,3365.065,3365.265,0.737
1749006000000,2025-06-04,03:00:00,3365.225,3366.115,3363.925,3364.795,0.5945
1749006300000,2025-06-04,03:05:00,3364.795,3366.565,3364.105,3365.235,0.6963
1749006600000,2025-06-04,03:10:00,3365.235,3365.495,3363.835,3364.095,0.563
1749006900000,2025-06-04,03:15:00,3364.089,3365.055,3363.135,3364.935,0.2949
1749007200000,2025-06-04,03:20:00,3364.935,3366.355,3364.375,3366.195,0.3298
1749007500000,2025-06-04,03:25:00,3366.248,3367.355,3365.105,3365.555,0.1997
1749007800000,2025-06-04,03:30:00,3365.555,3365.865,3360.648,3361.795,0.3866
1749008100000,2025-06-04,03:35:00,3361.815,3362.175,3360.248,3360.535,0.1816
1749008400000,2025-06-04,03:40:00,3360.415,3361.545,3359.995,3360.098,0.1742
1749008700000,2025-06-04,03:45:00,3360.098,3360.198,3358.165,3359.848,0.1361
1749009000000,2025-06-04,03:50:00,3359.855,3361.215,3359.415,3359.948,0.247
1749009300000,2025-06-04,03:55:00,3359.948,3360.298,3358.825,3358.998,0.1581
1749009600000,2025-06-04,04:00:00,3358.998,3359.825,3356.745,3359.485,0.2085
1749009900000,2025-06-04,04:05:00,3359.455,3360.448,3357.798,3359.198,0.248
1749010200000,2025-06-04,04:10:00,3359.298,3360.678,3358.498,3358.618,0.2374
1749010500000,2025-06-04,04:15:00,3358.605,3359.448,3357.025,3358.348,0.2734
1749010800000,2025-06-04,04:20:00,3358.348,3359.885,3357.448,3359.798,0.181
1749011100000,2025-06-04,04:25:00,3359.798,3361.235,3359.465,3359.845,0.1137
1749011400000,2025-06-04,04:30:00,3359.875,3360.375,3358.628,3358.695,0.1314
1749011700000,2025-06-04,04:35:00,3358.645,3359.015,3358.075,3358.385,0.0758
1749012000000,2025-06-04,04:40:00,3358.348,3358.425,3354.185,3354.765,0.1638
1749012300000,2025-06-04,04:45:00,3354.755,3355.478,3352.585,3354.675,0.2714
1749012600000,2025-06-04,04:50:00,3354.505,3354.505,3352.688,3352.915,0.0834
1749012900000,2025-06-04,04:55:00,3352.798,3354.935,3352.138,3354.505,0.1478
1749013200000,2025-06-04,05:00:00,3354.535,3356.255,3351.175,3351.455,0.2202
1749013500000,2025-06-04,05:05:00,3351.315,3355.048,3351.118,3354.648,0.106
1749013800000,2025-06-04,05:10:00,3354.748,3354.848,3353.635,3354.555,0.0959
1749014100000,2025-06-04,05:15:00,3354.549,3354.575,3352.548,3352.585,0.0602
1749014400000,2025-06-04,05:20:00,3352.548,3353.065,3351.025,3351.575,0.0944
1749014700000,2025-06-04,05:25:00,3351.535,3351.658,3349.248,3351.365,0.1785
1749015000000,2025-06-04,05:30:00,3351.348,3354.098,3349.475,3350.698,0.2325
1749015300000,2025-06-04,05:35:00,3350.695,3351.385,3347.745,3348.045,0.1581
1749015600000,2025-06-04,05:40:00,3348.015,3354.048,3347.815,3352.895,0.2235
1749015900000,2025-06-04,05:45:00,3352.865,3353.965,3350.798,3350.798,0.1696
1749016200000,2025-06-04,05:50:00,3350.798,3352.415,3348.498,3350.625,0.26
1749016500000,2025-06-04,05:55:00,3350.598,3352.545,3349.835,3350.798,0.2316
1749016800000,2025-06-04,06:00:00,3350.835,3352.955,3350.375,3352.235,0.2527
1749017100000,2025-06-04,06:05:00,3352.265,3352.265,3348.735,3351.225,0.1417
1749017400000,2025-06-04,06:10:00,3351.265,3353.798,3350.555,3352.348,0.1383
1749017700000,2025-06-04,06:15:00,3352.355,3354.848,3350.405,3352.245,0.2046
1749018000000,2025-06-04,06:20:00,3352.215,3354.535,3351.815,3352.748,0.1178
1749018300000,2025-06-04,06:25:00,3352.685,3355.398,3351.395,3355.398,0.1455
1749018600000,2025-06-04,06:30:00,3355.305,3356.915,3354.548,3355.755,0.1792
1749018900000,2025-06-04,06:35:00,3355.695,3357.268,3355.365,3355.978,0.1487
1749019200000,2025-06-04,06:40:00,3355.975,3358.148,3355.265,3355.978,0.1731
1749019500000,2025-06-04,06:45:00,3355.888,3358.245,3355.645,3357.365,0.1165
1749019800000,2025-06-04,06:50:00,3357.295,3357.635,3355.935,3356.345,0.0913
1749020100000,2025-06-04,06:55:00,3356.248,3356.265,3354.265,3355.465,0.1472
1749020400000,2025-06-04,07:00:00,3355.448,3358.705,3355.415,3358.505,0.1412
1749020700000,2025-06-04,07:05:00,3358.505,3362.255,3358.425,3361.355,0.192
1749021000000,2025-06-04,07:10:00,3361.445,3362.648,3359.505,3359.518,0.1278
1749021300000,2025-06-04,07:15:00,3359.575,3360.175,3358.638,3359.235,0.0971
1749021600000,2025-06-04,07:20:00,3359.205,3360.188,3358.528,3359.028,0.1473
1749021900000,2025-06-04,07:25:00,3358.935,3361.548,3358.275,3361.225,0.1237
1749022200000,2025-06-04,07:30:00,3361.225,3364.398,3361.225,3363.348,0.1172
1749022500000,2025-06-04,07:35:00,3363.285,3364.948,3361.165,3361.205,0.1809
1749022800000,2025-06-04,07:40:00,3361.198,3361.485,3359.598,3360.295,0.0981
1749023100000,2025-06-04,07:45:00,3360.345,3361.285,3358.118,3358.395,0.1251
1749023400000,2025-06-04,07:50:00,3358.455,3359.448,3356.685,3357.115,0.1328
1749023700000,2025-06-04,07:55:00,3357.098,3357.115,3353.455,3354.475,0.1892
1749024000000,2025-06-04,08:00:00,3354.415,3355.498,3352.815,3354.745,0.1702
1749024300000,2025-06-04,08:05:00,3354.835,3355.245,3351.355,3355.195,0.1775
1749024600000,2025-06-04,08:10:00,3355.215,3356.998,3354.695,3355.498,0.1848
1749024900000,2025-06-04,08:15:00,3355.498,3355.898,3353.848,3355.248,0.1481
1749025200000,2025-06-04,08:20:00,3355.225,3356.595,3354.135,3354.415,0.0802
1749025500000,2025-06-04,08:25:00,3354.415,3354.925,3353.498,3354.865,0.0758
1749025800000,2025-06-04,08:30:00,3354.905,3356.885,3354.798,3355.395,0.0842
1749026100000,2025-06-04,08:35:00,3355.435,3357.215,3355.005,3356.998,0.0805
1749026400000,2025-06-04,08:40:00,3357.098,3360.158,3356.545,3359.868,0.1816
1749026700000,2025-06-04,08:45:00,3359.908,3361.618,3359.888,3361.075,0.2991
1749027000000,2025-06-04,08:50:00,3361.045,3362.985,3360.755,3362.455,0.1726
1749027300000,2025-06-04,08:55:00,3362.465,3363.995,3361.705,3362.575,0.158
1749027600000,2025-06-04,09:00:00,3362.605,3363.475,3361.875,3362.245,0.1423
1749027900000,2025-06-04,09:05:00,3362.275,3363.798,3361.455,3363.598,0.1217
1749028200000,2025-06-04,09:10:00,3363.598,3364.085,3360.595,3360.998,0.1376
1749028500000,2025-06-04,09:15:00,3360.998,3362.498,3360.898,3361.198,0.1243
1749028800000,2025-06-04,09:20:00,3361.298,3363.205,3360.775,3362.725,0.1032
1749029100000,2025-06-04,09:25:00,3362.735,3364.935,3362.698,3364.225,0.1488
1749029400000,2025-06-04,09:30:00,3364.225,3364.475,3362.028,3362.385,0.1481
1749029700000,2025-06-04,09:35:00,3362.385,3362.705,3360.935,3361.248,0.0919
1749030000000,2025-06-04,09:40:00,3361.225,3361.805,3359.895,3361.548,0.115
1749030300000,2025-06-04,09:45:00,3361.425,3361.555,3359.115,3359.748,0.0896
1749030600000,2025-06-04,09:50:00,3359.748,3362.115,3359.348,3361.765,0.0991
1749030900000,2025-06-04,09:55:00,3361.785,3364.375,3361.785,3362.795,0.12
1749031200000,2025-06-04,10:00:00,3362.745,3363.385,3360.985,3363.045,0.1288
1749031500000,2025-06-04,10:05:00,3363.005,3363.775,3360.415,3360.625,0.0872
1749031800000,2025-06-04,10:10:00,3360.605,3360.635,3358.195,3359.398,0.1324
1749032100000,2025-06-04,10:15:00,3359.398,3360.198,3358.875,3359.408,0.1416
1749032400000,2025-06-04,10:20:00,3359.398,3360.248,3358.348,3358.348,0.1012
1749032700000,2025-06-04,10:25:00,3358.335,3358.548,3357.248,3358.075,0.0869
1749033000000,2025-06-04,10:30:00,3357.975,3358.698,3356.665,3357.505,0.2015
1749033300000,2025-06-04,10:35:00,3357.418,3358.448,3356.188,3357.145,0.1063
1749033600000,2025-06-04,10:40:00,3357.105,3357.145,3353.848,3354.065,0.2276
1749033900000,2025-06-04,10:45:00,3354.058,3354.218,3349.585,3351.198,0.2715
1749034200000,2025-06-04,10:50:00,3351.198,3351.498,3347.048,3350.555,0.2615
1749034500000,2025-06-04,10:55:00,3350.515,3351.535,3349.425,3350.598,0.1341
1749034800000,2025-06-04,11:00:00,3350.505,3351.795,3349.345,3349.598,0.1042
1749035100000,2025-06-04,11:05:00,3349.698,3350.695,3348.965,3350.475,0.1012
1749035400000,2025-06-04,11:10:00,3350.475,3351.435,3348.965,3350.285,0.1061
1749035700000,2025-06-04,11:15:00,3350.285,3351.298,3349.135,3351.198,0.1251
1749036000000,2025-06-04,11:20:00,3351.198,3351.198,3346.595,3348.915,0.1772
1749036300000,2025-06-04,11:25:00,3349.005,3349.408,3343.448,3346.448,0.1948
1749036600000,2025-06-04,11:30:00,3346.325,3348.295,3343.898,3347.225,0.1738
1749036900000,2025-06-04,11:35:00,3347.255,3348.215,3346.478,3347.395,0.1384
1749037200000,2025-06-04,11:40:00,3347.405,3349.398,3347.355,3349.398,0.1156
1749037500000,2025-06-04,11:45:00,3349.398,3349.698,3347.598,3348.115,0.1092
1749037800000,2025-06-04,11:50:00,3348.065,3350.398,3347.248,3347.448,0.1224
1749038100000,2025-06-04,11:55:00,3347.195,3347.848,3344.865,3346.315,0.1302
1749038400000,2025-06-04,12:00:00,3346.415,3347.298,3345.498,3345.998,0.2027
1749038700000,2025-06-04,12:05:00,3346.198,3349.098,3346.115,3348.898,0.1313
1749039000000,2025-06-04,12:10:00,3348.725,3349.698,3347.225,3347.828,0.1237
1749039300000,2025-06-04,12:15:00,3347.828,3354.498,3347.828,3351.205,0.3155
1749039600000,2025-06-04,12:20:00,3351.245,3355.435,3350.905,3354.198,0.2636
1749039900000,2025-06-04,12:25:00,3354.145,3354.405,3343.985,3349.405,0.2598
1749040200000,2025-06-04,12:30:00,3349.435,3355.215,3348.945,3354.398,0.2779
1749040500000,2025-06-04,12:35:00,3354.398,3356.198,3351.948,3352.515,0.2394
1749040800000,2025-06-04,12:40:00,3352.545,3355.748,3352.195,3355.648,0.2024
1749041100000,2025-06-04,12:45:00,3355.648,3360.448,3354.725,3358.848,0.2708
1749041400000,2025-06-04,12:50:00,3358.948,3360.598,3356.165,3357.448,0.2404
1749041700000,2025-06-04,12:55:00,3357.448,3359.385,3356.975,3358.698,0.1998
1749042000000,2025-06-04,13:00:00,3358.715,3360.235,3356.298,3359.905,0.2556
1749042300000,2025-06-04,13:05:00,3359.955,3362.545,3359.725,3360.348,0.2253
1749042600000,2025-06-04,13:10:00,3360.325,3361.685,3358.198,3358.265,0.1972
1749042900000,2025-06-04,13:15:00,3358.298,3359.285,3356.665,3358.925,0.2091
1749043200000,2025-06-04,13:20:00,3358.975,3359.925,3354.775,3357.525,0.2134
1749043500000,2025-06-04,13:25:00,3357.775,3358.148,3354.798,3357.948,0.1774
1749043800000,2025-06-04,13:30:00,3358.048,3359.245,3351.735,3354.598,0.2941
1749044100000,2025-06-04,13:35:00,3354.598,3355.498,3351.645,3355.265,0.2835
1749044400000,2025-06-04,13:40:00,3355.348,3356.415,3351.005,3352.598,0.1826
1749044700000,2025-06-04,13:45:00,3352.355,3353.885,3350.975,3352.075,0.1324
1749045000000,2025-06-04,13:50:00,3352.145,3355.175,3350.615,3353.225,0.1761
1749045300000,2025-06-04,13:55:00,3353.225,3353.555,3351.445,3352.395,0.1435
1749045600000,2025-06-04,14:00:00,3352.395,3358.735,3350.615,3358.145,0.3029
1749045900000,2025-06-04,14:05:00,3358.115,3365.498,3355.898,3364.248,0.36
1749046200000,2025-06-04,14:10:00,3364.448,3367.158,3362.835,3366.598,0.3209
1749046500000,2025-06-04,14:15:00,3366.498,3368.898,3363.935,3365.475,0.2624
1749046800000,2025-06-04,14:20:00,3365.485,3366.835,3363.775,3366.385,0.2104
1749047100000,2025-06-04,14:25:00,3366.525,3369.395,3363.738,3369.255,0.1979
1749047400000,2025-06-04,14:30:00,3369.225,3373.588,3368.578,3372.648,0.3081
1749047700000,2025-06-04,14:35:00,3372.648,3379.165,3371.915,3378.355,0.3369
1749048000000,2025-06-04,14:40:00,3378.375,3384.495,3378.355,3382.498,0.3735
1749048300000,2025-06-04,14:45:00,3382.405,3383.348,3381.135,3382.475,0.2422
1749048600000,2025-06-04,14:50:00,3382.498,3383.455,3379.465,3380.298,0.1893
1749048900000,2025-06-04,14:55:00,3380.335,3380.675,3375.428,3377.148,0.2254
1749049200000,2025-06-04,15:00:00,3377.148,3378.798,3373.695,3374.958,0.195
1749049500000,2025-06-04,15:05:00,3374.985,3376.758,3374.435,3376.048,0.1522
1749049800000,2025-06-04,15:10:00,3376.028,3376.588,3371.468,3372.485,0.2349
1749050100000,2025-06-04,15:15:00,3372.505,3374.095,3370.165,3372.648,0.182
1749050400000,2025-06-04,15:20:00,3372.605,3373.848,3371.945,3372.448,0.188
1749050700000,2025-06-04,15:25:00,3372.448,3374.575,3371.228,3373.988,0.2026
1749051000000,2025-06-04,15:30:00,3373.995,3374.575,3372.548,3372.748,0.1764
1749051300000,2025-06-04,15:35:00,3372.748,3372.798,3370,3370.048,0.1482
1749051600000,2025-06-04,15:40:00,3370,3373.365,3370,3373.315,0.1303
1749051900000,2025-06-04,15:45:00,3373.315,3374.275,3372.175,3373.405,0.1333
1749052200000,2025-06-04,15:50:00,3373.385,3374.025,3371.825,3372.055,0.1031
1749052500000,2025-06-04,15:55:00,3372.025,3372.645,3370.435,3371.498,0.1045
1749052800000,2025-06-04,16:00:00,3371.498,3374.748,3371.398,3373.948,0.1154
1749053100000,2025-06-04,16:05:00,3373.948,3374.248,3372.648,3372.948,0.0881
1749053400000,2025-06-04,16:10:00,3372.955,3374.255,3370.665,3370.815,0.1073
1749053700000,2025-06-04,16:15:00,3370.815,3373.195,3370.665,3372.535,0.0813
1749054000000,2025-06-04,16:20:00,3372.505,3373.615,3372.025,3372.745,0.0684
1749054300000,2025-06-04,16:25:00,3372.855,3373.575,3372.015,3372.775,0.059
1749054600000,2025-06-04,16:30:00,3372.805,3375.215,3372.735,3374.348,0.0679
1749054900000,2025-06-04,16:35:00,3374.348,3374.948,3373.148,3373.448,0.0831
1749055200000,2025-06-04,16:40:00,3373.448,3373.705,3372.648,3372.848,0.0716
1749055500000,2025-06-04,16:45:00,3372.848,3375.605,3372.145,3375.498,0.1193
1749055800000,2025-06-04,16:50:00,3375.498,3376.075,3374.655,3375.348,0.0886
1749056100000,2025-06-04,16:55:00,3375.348,3375.848,3374.548,3374.848,0.0836
1749056400000,2025-06-04,17:00:00,3374.848,3375.048,3372.748,3373.248,0.0908
1749056700000,2025-06-04,17:05:00,3373.248,3374.765,3372.965,3374.348,0.0706
1749057000000,2025-06-04,17:10:00,3374.348,3374.698,3373.285,3374.498,0.0498
1749057300000,2025-06-04,17:15:00,3374.515,3375.145,3373.575,3375.098,0.0615
1749057600000,2025-06-04,17:20:00,3375.135,3376.325,3373.998,3374.025,0.0837
1749057900000,2025-06-04,17:25:00,3374.055,3374.998,3373.398,3374.925,0.1107
1749058200000,2025-06-04,17:30:00,3374.965,3378.598,3374.965,3378.598,0.0974
1749058500000,2025-06-04,17:35:00,3378.598,3379.905,3378.345,3379.698,0.0763
1749058800000,2025-06-04,17:40:00,3379.698,3379.798,3378.348,3378.755,0.0949
1749059100000,2025-06-04,17:45:00,3378.795,3380.705,3378.795,3379.365,0.0598
1749059400000,2025-06-04,17:50:00,3379.455,3380.175,3378.745,3379.585,0.0542
1749059700000,2025-06-04,17:55:00,3379.525,3379.945,3378.605,3378.925,0.0412
1749060000000,2025-06-04,18:00:00,3378.955,3379.675,3377.765,3379.598,0.0851
1749060300000,2025-06-04,18:05:00,3379.625,3381.875,3379.605,3380.265,0.0901
1749060600000,2025-06-04,18:10:00,3380.248,3381.415,3380.248,3381.045,0.05
1749060900000,2025-06-04,18:15:00,3381.085,3381.265,3380.345,3380.665,0.0652
1749061200000,2025-06-04,18:20:00,3380.665,3380.665,3379.328,3379.598,0.0825
1749061500000,2025-06-04,18:25:00,3379.598,3380.975,3379.598,3379.935,0.0862
1749061800000,2025-06-04,18:30:00,3379.935,3380.655,3379.398,3379.498,0.0847
1749062100000,2025-06-04,18:35:00,3379.565,3379.825,3378.655,3378.795,0.0866
1749062400000,2025-06-04,18:40:00,3378.815,3378.848,3375.585,3376.965,0.1138
1749062700000,2025-06-04,18:45:00,3376.965,3377.048,3374.845,3375.098,0.0785
1749063000000,2025-06-04,18:50:00,3375.085,3375.535,3374.765,3375.428,0.0553
1749063300000,2025-06-04,18:55:00,3375.418,3376.098,3374.925,3375.898,0.0515
1749063600000,2025-06-04,19:00:00,3375.898,3376.135,3374.098,3374.215,0.1071
1749063900000,2025-06-04,19:05:00,3374.148,3374.498,3373.398,3374.065,0.1074
1749064200000,2025-06-04,19:10:00,3374.065,3374.198,3372.985,3374.048,0.1123
1749064500000,2025-06-04,19:15:00,3374.048,3375.598,3372.648,3373.048,0.0929
1749064800000,2025-06-04,19:20:00,3373.048,3373.235,3371.648,3373.105,0.067
1749065100000,2025-06-04,19:25:00,3373.085,3373.085,3371.998,3373.035,0.049
1749065400000,2025-06-04,19:30:00,3373.035,3373.585,3372.505,3373.385,0.0509
1749065700000,2025-06-04,19:35:00,3373.385,3373.995,3372.055,3372.098,0.0339
1749066000000,2025-06-04,19:40:00,3372.098,3372.825,3371.695,3371.798,0.0372
1749066300000,2025-06-04,19:45:00,3371.798,3373.298,3371.798,3372.598,0.0745
1749066600000,2025-06-04,19:50:00,3372.598,3373.575,3372.185,3372.748,0.0652
1749066900000,2025-06-04,19:55:00,3372.705,3373.548,3372.605,3373.348,0.0957
1749067200000,2025-06-04,20:00:00,3373.185,3373.598,3370.505,3372.085,0.0576
1749067500000,2025-06-04,20:05:00,3371.995,3374.305,3371.815,3372.975,0.0273
1749067800000,2025-06-04,20:10:00,3372.995,3372.995,3371.928,3372.308,0.0289
1749068100000,2025-06-04,20:15:00,3372.498,3373.318,3372.148,3372.458,0.0258
1749068400000,2025-06-04,20:20:00,3372.448,3372.548,3370.815,3371.158,0.0246
1749068700000,2025-06-04,20:25:00,3371.158,3373.798,3371.158,3373.598,0.0291
1749069000000,2025-06-04,20:30:00,3373.598,3374.548,3373.148,3374.265,0.0506
1749069300000,2025-06-04,20:35:00,3374.265,3374.848,3373.838,3374.748,0.0457
1749069600000,2025-06-04,20:40:00,3374.748,3374.748,3373.538,3373.798,0.0271
1749069900000,2025-06-04,20:45:00,3373.598,3373.998,3372.548,3372.948,0.0366
1749070200000,2025-06-04,20:50:00,3372.848,3372.848,3371.578,3372.548,0.0377
1749070500000,2025-06-04,20:55:00,3372.548,3373.798,3371.635,3372.445,0.0647
1749074400000,2025-06-04,22:00:00,3374.245,3374.898,3372.455,3374.125,0.0546
1749074700000,2025-06-04,22:05:00,3374.348,3374.398,3372.298,3373.198,0.0383
1749075000000,2025-06-04,22:10:00,3373.298,3373.798,3373.148,3373.428,0.0186
1749075300000,2025-06-04,22:15:00,3373.328,3373.648,3372.498,3373.198,0.0399
1749075600000,2025-06-04,22:20:00,3373.098,3374.098,3373.098,3373.798,0.0367
1749075900000,2025-06-04,22:25:00,3373.698,3375.048,3373.338,3375.048,0.0282
1749076200000,2025-06-04,22:30:00,3375.048,3375.748,3372.658,3372.748,0.0571
1749076500000,2025-06-04,22:35:00,3372.848,3372.998,3372.098,3372.398,0.0391
1749076800000,2025-06-04,22:40:00,3372.308,3373.798,3372.115,3373.298,0.0277
1749077100000,2025-06-04,22:45:00,3373.298,3374.198,3373.225,3373.798,0.0278
1749077400000,2025-06-04,22:50:00,3373.798,3374.098,3373.165,3373.455,0.0335
1749077700000,2025-06-04,22:55:00,3373.475,3373.748,3373.048,3373.258,0.0288
1749078000000,2025-06-04,23:00:00,3373.235,3373.548,3372.535,3373.048,0.0293
1749078300000,2025-06-04,23:05:00,3373.148,3373.548,3372.648,3372.648,0.0208
1749078600000,2025-06-04,23:10:00,3372.748,3373.305,3372.228,3372.948,0.0369
1749078900000,2025-06-04,23:15:00,3373.048,3376.065,3373.038,3376.025,0.0503
1749079200000,2025-06-04,23:20:00,3376.025,3378.488,3375.795,3377.515,0.0654
1749079500000,2025-06-04,23:25:00,3377.555,3378.798,3377.445,3378.498,0.0365
1749079800000,2025-06-04,23:30:00,3378.515,3378.765,3375.465,3376.005,0.0528
1749080100000,2025-06-04,23:35:00,3375.985,3375.985,3374.655,3374.998,0.0395
1749080400000,2025-06-04,23:40:00,3374.998,3375.445,3374.085,3375.265,0.0364
1749080700000,2025-06-04,23:45:00,3375.245,3376.155,3374.835,3375.325,0.0475
1749081000000,2025-06-04,23:50:00,3375.275,3377.198,3375.025,3376.865,0.0519
1749081300000,2025-06-04,23:55:00,3376.895,3378.455,3376.748,3377.935,0.0649
1749081600000,2025-06-05,00:00:00,3377.865,3378.748,3374.305,3374.305,0.106
1749081900000,2025-06-05,00:05:00,3374.425,3377.848,3374.205,3375.848,0.0796
1749082200000,2025-06-05,00:10:00,3375.948,3378.035,3375.248,3378.035,0.0897
1749082500000,2025-06-05,00:15:00,3377.998,3379.215,3377.095,3378.348,0.0976
1749082800000,2025-06-05,00:20:00,3378.348,3381.485,3378.115,3381.175,0.0989
1749083100000,2025-06-05,00:25:00,3381.155,3381.505,3380.748,3380.855,0.0567
1749083400000,2025-06-05,00:30:00,3380.785,3381.405,3379.295,3379.648,0.0803
1749083700000,2025-06-05,00:35:00,3379.548,3381.015,3376.658,3376.698,0.15
1749084000000,2025-06-05,00:40:00,3376.698,3376.968,3372.995,3375.505,0.222
1749084300000,2025-06-05,00:45:00,3375.595,3377.048,3372.5,3377.048,0.1801
1749084600000,2025-06-05,00:50:00,3377.105,3379.448,3377.075,3379.055,0.0955
1749084900000,2025-06-05,00:55:00,3379.098,3380.098,3378.105,3379.965,0.0775
1749085200000,2025-06-05,01:00:00,3379.948,3383.445,3378.898,3382.855,0.1619
1749085500000,2025-06-05,01:05:00,3382.875,3383.975,3381.735,3381.785,0.1331
1749085800000,2025-06-05,01:10:00,3381.785,3382.165,3379.035,3379.695,0.1434
1749086100000,2025-06-05,01:15:00,3379.715,3379.735,3376.595,3377.048,0.1381
1749086400000,2025-06-05,01:20:00,3377.048,3377.598,3374.898,3375.548,0.2337
1749086700000,2025-06-05,01:25:00,3375.448,3377.698,3374.598,3377.598,0.1787
1749087000000,2025-06-05,01:30:00,3377.598,3377.605,3373.665,3373.665,0.1816
1749087300000,2025-06-05,01:35:00,3373.705,3375.498,3371.955,3373.635,0.1588
1749087600000,2025-06-05,01:40:00,3373.645,3374.225,3371.755,3373.585,0.1316
1749087900000,2025-06-05,01:45:00,3373.545,3375.748,3371.408,3373.425,0.1958
1749088200000,2025-06-05,01:50:00,3373.445,3373.635,3371.598,3371.848,0.1401
1749088500000,2025-06-05,01:55:00,3371.848,3374.085,3370.308,3373.635,0.1683
1749088800000,2025-06-05,02:00:00,3373.585,3374.335,3372.115,3373.175,0.0997
1749089100000,2025-06-05,02:05:00,3373.105,3374.945,3372.605,3372.955,0.0882
1749089400000,2025-06-05,02:10:00,3372.915,3372.965,3369.215,3370.245,0.1502
1749089700000,2025-06-05,02:15:00,3370.265,3371.098,3368.048,3369.245,0.1287
1749090000000,2025-06-05,02:20:00,3369.265,3370.398,3368.215,3370.125,0.0987
1749090300000,2025-06-05,02:25:00,3370.145,3371.555,3369.998,3371.555,0.1142
1749090600000,2025-06-05,02:30:00,3371.875,3373.148,3371.198,3372.605,0.1252
1749090900000,2025-06-05,02:35:00,3372.698,3372.948,3369.995,3370.548,0.1328
1749091200000,2025-06-05,02:40:00,3370.548,3371.005,3367.898,3370.598,0.15
1749091500000,2025-06-05,02:45:00,3370.618,3371.198,3369.295,3370.775,0.0851
1749091800000,2025-06-05,02:50:00,3370.805,3371.275,3369.598,3371.065,0.1254
1749092100000,2025-06-05,02:55:00,3371.095,3371.545,3369.995,3370.675,0.0982
1749092400000,2025-06-05,03:00:00,3370.675,3372.125,3369.645,3371.598,0.0989
1749092700000,2025-06-05,03:05:00,3371.598,3372.005,3370.965,3370.965,0.0687
1749093000000,2025-06-05,03:10:00,3370.965,3371.025,3369.648,3370.948,0.0795
1749093300000,2025-06-05,03:15:00,3370.985,3372.745,3370.915,3372.195,0.0808
1749093600000,2025-06-05,03:20:00,3372.225,3373.725,3371.995,3373.305,0.1436
1749093900000,2025-06-05,03:25:00,3373.275,3373.745,3372.298,3373.698,0.1181
1749094200000,2025-06-05,03:30:00,3373.798,3375.748,3373.178,3375.555,0.1473
1749094500000,2025-06-05,03:35:00,3375.625,3377.175,3373.425,3374.298,0.1992
1749094800000,2025-06-05,03:40:00,3374.098,3374.698,3373.535,3374.498,0.0934
1749095100000,2025-06-05,03:45:00,3374.498,3375.198,3374.025,3374.198,0.0894
1749095400000,2025-06-05,03:50:00,3374.198,3374.198,3372.098,3373.098,0.2052
1749095700000,2025-06-05,03:55:00,3373.098,3373.098,3368.945,3369.448,0.1554
1749096000000,2025-06-05,04:00:00,3369.448,3369.448,3367.998,3368.975,0.0851
1749096300000,2025-06-05,04:05:00,3369.005,3372.195,3368.985,3371.955,0.1799
1749096600000,2025-06-05,04:10:00,3371.955,3372.295,3369.355,3369.435,0.1555
1749096900000,2025-06-05,04:15:00,3369.405,3369.465,3363.615,3368.335,0.304
1749097200000,2025-06-05,04:20:00,3368.345,3370.045,3367.335,3367.355,0.122
1749097500000,2025-06-05,04:25:00,3367.325,3369.895,3366.485,3367.235,0.1373
1749097800000,2025-06-05,04:30:00,3367.335,3368.455,3365.845,3366.945,0.1457
1749098100000,2025-06-05,04:35:00,3366.945,3368.675,3366.885,3368.305,0.1091
1749098400000,2025-06-05,04:40:00,3368.285,3368.615,3366.805,3367.775,0.1082
1749098700000,2025-06-05,04:45:00,3367.725,3368.825,3366.365,3366.715,0.0885
1749099000000,2025-06-05,04:50:00,3366.698,3368.235,3366.698,3367.755,0.0586
1749099300000,2025-06-05,04:55:00,3367.698,3368.395,3367.265,3368.235,0.0773
1749099600000,2025-06-05,05:00:00,3368.285,3369.548,3366.498,3368.105,0.1146
1749099900000,2025-06-05,05:05:00,3368.198,3368.448,3366.328,3367.745,0.1526
1749100200000,2025-06-05,05:10:00,3367.705,3368.985,3366.498,3368.065,0.1113
1749100500000,2025-06-05,05:15:00,3368.075,3369.148,3367.298,3367.398,0.1852
1749100800000,2025-06-05,05:20:00,3367.485,3367.535,3364.635,3365.178,0.2152
1749101100000,2025-06-05,05:25:00,3365.105,3365.835,3364.495,3365.619,0.1275
1749101400000,2025-06-05,05:30:00,3365.595,3366.998,3362.715,3363.815,0.2322
1749101700000,2025-06-05,05:35:00,3363.845,3365.025,3361.448,3363.935,0.1439
1749102000000,2025-06-05,05:40:00,3364.005,3366.055,3363.525,3365.785,0.092
1749102300000,2025-06-05,05:45:00,3365.805,3366.165,3362.965,3363.065,0.0912
1749102600000,2025-06-05,05:50:00,3363.095,3363.125,3361.098,3361.365,0.1166
1749102900000,2025-06-05,05:55:00,3361.298,3364.355,3360.925,3364.025,0.2426
1749103200000,2025-06-05,06:00:00,3364.045,3365.548,3363.615,3365.048,0.1685
1749103500000,2025-06-05,06:05:00,3365.065,3367.345,3364.455,3366.005,0.149
1749103800000,2025-06-05,06:10:00,3365.965,3367.875,3365.265,3367.835,0.1005
1749104100000,2025-06-05,06:15:00,3367.855,3367.925,3365.948,3367.048,0.1085
1749104400000,2025-06-05,06:20:00,3367.048,3368.448,3366.255,3367.948,0.1361
1749104700000,2025-06-05,06:25:00,3368.048,3368.705,3366.735,3368.535,0.1185
1749105000000,2025-06-05,06:30:00,3368.475,3369.798,3366.665,3366.975,0.1344
1749105300000,2025-06-05,06:35:00,3366.925,3367.445,3364.498,3364.635,0.0835
1749105600000,2025-06-05,06:40:00,3364.635,3366.805,3364.395,3364.748,0.0922
1749105900000,2025-06-05,06:45:00,3364.748,3366.845,3364.225,3366.695,0.0842
1749106200000,2025-06-05,06:50:00,3366.715,3367.245,3366.295,3367.185,0.0998
1749106500000,2025-06-05,06:55:00,3367.185,3367.285,3365.528,3365.845,0.1736
1749106800000,2025-06-05,07:00:00,3365.798,3368.365,3365.065,3368.365,0.1149
1749107100000,2025-06-05,07:05:00,3368.385,3371.295,3368.355,3370.998,0.0983
1749107400000,2025-06-05,07:10:00,3370.998,3372.498,3370.715,3370.915,0.2192
1749107700000,2025-06-05,07:15:00,3370.925,3373.935,3370.755,3373.105,0.1516
1749108000000,2025-06-05,07:20:00,3373.075,3374.298,3372.015,3372.525,0.139
1749108300000,2025-06-05,07:25:00,3372.505,3372.615,3371.285,3372.235,0.0799
1749108600000,2025-06-05,07:30:00,3372.285,3373.725,3372.045,3372.775,0.0718
1749108900000,2025-06-05,07:35:00,3372.745,3373.055,3371.275,3371.605,0.0622
1749109200000,2025-06-05,07:40:00,3371.585,3372.135,3370.648,3371.148,0.0705
1749109500000,2025-06-05,07:45:00,3371.048,3371.048,3369.098,3370.498,0.145
1749109800000,2025-06-05,07:50:00,3370.625,3371.305,3370.025,3371.005,0.056
1749110100000,2025-06-05,07:55:00,3370.995,3371.255,3369.585,3371.098,0.0822
1749110400000,2025-06-05,08:00:00,3371.115,3373.235,3369.595,3372.115,0.1251
1749110700000,2025-06-05,08:05:00,3372.095,3373.015,3371.445,3372.525,0.0694
1749111000000,2025-06-05,08:10:00,3372.555,3372.565,3369.605,3370.755,0.0797
1749111300000,2025-06-05,08:15:00,3370.755,3372.825,3370.555,3372.815,0.0876
1749111600000,2025-06-05,08:20:00,3372.845,3373.515,3372.145,3373.025,0.0682
1749111900000,2025-06-05,08:25:00,3373.045,3373.225,3372.225,3372.915,0.0667
1749112200000,2025-06-05,08:30:00,3372.935,3374.125,3371.785,3372.389,0.0743
1749112500000,2025-06-05,08:35:00,3372.385,3374.165,3372.385,3373.305,0.0637
1749112800000,2025-06-05,08:40:00,3373.325,3375.645,3373.155,3374.975,0.0654
1749113100000,2025-06-05,08:45:00,3375.065,3375.505,3374.348,3374.898,0.15
1749113400000,2025-06-05,08:50:00,3374.875,3376.098,3374.285,3375.898,0.1239
1749113700000,2025-06-05,08:55:00,3375.885,3376.698,3374.645,3375.045,0.2027
1749114000000,2025-06-05,09:00:00,3375.045,3377.848,3374.815,3375.345,0.2497
1749114300000,2025-06-05,09:05:00,3375.345,3376.035,3373.825,3375.205,0.163
1749114600000,2025-06-05,09:10:00,3375.245,3378.605,3375.105,3378.535,0.1733
1749114900000,2025-06-05,09:15:00,3378.485,3379.595,3377.425,3379.075,0.3147
1749115200000,2025-06-05,09:20:00,3379.075,3384.425,3379.075,3383.115,0.2592
1749115500000,2025-06-05,09:25:00,3383.155,3388.028,3382.035,3387.755,0.2901
1749115800000,2025-06-05,09:30:00,3387.709,3389.825,3381.655,3383.795,0.4374
1749116100000,2025-06-05,09:35:00,3383.825,3386.395,3382.598,3383.775,0.1555
1749116400000,2025-06-05,09:40:00,3383.815,3386.298,3383.815,3385.085,0.1321
1749116700000,2025-06-05,09:45:00,3385.105,3387.498,3384.515,3387.498,0.1014
1749117000000,2025-06-05,09:50:00,3387.525,3389.675,3386.485,3389.125,0.1292
1749117300000,2025-06-05,09:55:00,3389.155,3391.155,3387.965,3389.365,0.1357
1749117600000,2025-06-05,10:00:00,3389.325,3390.485,3387.948,3390.005,0.1597
1749117900000,2025-06-05,10:05:00,3389.975,3393.975,3389.855,3392.448,0.1788
1749118200000,2025-06-05,10:10:00,3392.325,3393.348,3389.998,3391.035,0.1625
1749118500000,2025-06-05,10:15:00,3390.898,3393.848,3390.798,3391.048,0.1137
1749118800000,2025-06-05,10:20:00,3391.148,3392.348,3390.148,3391.855,0.1242
1749119100000,2025-06-05,10:25:00,3391.848,3395.725,3391.765,3395.475,0.1287
1749119400000,2025-06-05,10:30:00,3395.495,3398.448,3394.065,3394.605,0.1807
1749119700000,2025-06-05,10:35:00,3394.548,3397.425,3393.245,3396.235,0.1089
1749120000000,2025-06-05,10:40:00,3396.165,3398.305,3394.795,3398.048,0.1332
1749120300000,2025-06-05,10:45:00,3398.148,3399.548,3396.655,3397.145,0.1232
1749120600000,2025-06-05,10:50:00,3397.165,3399.498,3395.668,3398.225,0.1543
1749120900000,2025-06-05,10:55:00,3398.235,3400.195,3397.835,3399.748,0.1297
1749121200000,2025-06-05,11:00:00,3399.765,3400.385,3398.148,3400.235,0.1202
1749121500000,2025-06-05,11:05:00,3400.275,3402.475,3399.885,3401.598,0.1646
1749121800000,2025-06-05,11:10:00,3401.575,3402.648,3399.398,3402.485,0.1413
1749122100000,2025-06-05,11:15:00,3402.545,3403.178,3398.185,3398.398,0.1686
1749122400000,2025-06-05,11:20:00,3398.398,3398.848,3395.648,3398.805,0.1657
1749122700000,2025-06-05,11:25:00,3398.775,3399.575,3394.548,3395.085,0.1883
1749123000000,2025-06-05,11:30:00,3395.125,3397.105,3393.848,3395.315,0.1396
1749123300000,2025-06-05,11:35:00,3395.355,3396.448,3392.055,3392.548,0.1553
1749123600000,2025-06-05,11:40:00,3392.648,3394.855,3392.165,3394.655,0.1364
1749123900000,2025-06-05,11:45:00,3394.675,3395.895,3393.675,3394.285,0.1343
1749124200000,2025-06-05,11:50:00,3394.315,3394.848,3391.325,3393.185,0.1525
1749124500000,2025-06-05,11:55:00,3393.205,3394.098,3391.648,3391.998,0.1477
1749124800000,2025-06-05,12:00:00,3392.345,3395.395,3391.715,3394.125,0.214
1749125100000,2025-06-05,12:05:00,3394.119,3395.848,3393.765,3395.109,0.1671
1749125400000,2025-06-05,12:10:00,3395.109,3395.815,3393.315,3395.815,0.0978
1749125700000,2025-06-05,12:15:00,3395.795,3396.798,3393.015,3394.585,0.1534
1749126000000,2025-06-05,12:20:00,3394.855,3395.145,3389.175,3393.785,0.2339
1749126300000,2025-06-05,12:25:00,3393.825,3394.945,3393.155,3394.095,0.0993
1749126600000,2025-06-05,12:30:00,3395.555,3399.848,3394.365,3398.648,0.2103
1749126900000,2025-06-05,12:35:00,3398.648,3399.255,3390.175,3392.548,0.1953
1749127200000,2025-06-05,12:40:00,3392.548,3395.348,3390.995,3393.765,0.2124
1749127500000,2025-06-05,12:45:00,3393.755,3395.248,3379.565,3382.375,0.2111
1749127800000,2025-06-05,12:50:00,3382.375,3384.448,3377.405,3380.148,0.4472
1749128100000,2025-06-05,12:55:00,3380.125,3383.848,3378.775,3382.848,0.2932
1749128400000,2025-06-05,13:00:00,3382.848,3383.448,3371.918,3374.685,0.419
1749128700000,2025-06-05,13:05:00,3374.855,3379.148,3370.835,3378.948,0.4247
1749129000000,2025-06-05,13:10:00,3378.948,3384.195,3377.655,3381.548,0.4004
1749129300000,2025-06-05,13:15:00,3381.355,3382.938,3377.365,3382.235,0.2951
1749129600000,2025-06-05,13:20:00,3382.355,3385.078,3379.148,3379.805,0.309
1749129900000,2025-06-05,13:25:00,3379.798,3380.948,3377.198,3378.558,0.2868
1749130200000,2025-06-05,13:30:00,3378.495,3384.948,3377.265,3383.698,0.4145
1749130500000,2025-06-05,13:35:00,3383.698,3387.868,3381.115,3387.198,0.4565
1749130800000,2025-06-05,13:40:00,3387.185,3388.198,3382.848,3384.548,0.5825
1749131100000,2025-06-05,13:45:00,3384.548,3384.948,3378.055,3378.335,0.4139
1749131400000,2025-06-05,13:50:00,3378.305,3381.048,3375.595,3378.598,0.3961
1749131700000,2025-06-05,13:55:00,3378.698,3381.398,3376.855,3377.905,0.3085
1749132000000,2025-06-05,14:00:00,3378.275,3378.785,3373.875,3374.295,0.3339
1749132300000,2025-06-05,14:05:00,3374.198,3376.255,3366.945,3376.115,0.3522
1749132600000,2025-06-05,14:10:00,3376.445,3377.635,3373.385,3374.795,0.3254
1749132900000,2025-06-05,14:15:00,3374.815,3380.695,3374.205,3379.955,0.2614
1749133200000,2025-06-05,14:20:00,3379.985,3380.205,3373.628,3377.655,0.2485
1749133500000,2025-06-05,14:25:00,3377.655,3378.775,3375.048,3375.175,0.1824
1749133800000,2025-06-05,14:30:00,3375.205,3382.998,3375.085,3380.298,0.2331
1749134100000,2025-06-05,14:35:00,3380.298,3382.598,3376.615,3380.365,0.3116
1749134400000,2025-06-05,14:40:00,3380.425,3382.798,3368.895,3373.975,0.3984
1749134700000,2025-06-05,14:45:00,3373.868,3374.755,3364.135,3366.755,0.5217
1749135000000,2025-06-05,14:50:00,3366.735,3371.848,3365.835,3368.045,0.3007
1749135300000,2025-06-05,14:55:00,3368.025,3369.198,3363.605,3367.415,0.3215
1749135600000,2025-06-05,15:00:00,3367.405,3370.598,3366.108,3368.715,0.2697
1749135900000,2025-06-05,15:05:00,3368.698,3371.665,3365.135,3370.585,0.2685
1749136200000,2025-06-05,15:10:00,3370.605,3372.765,3365.975,3367.298,0.2406
1749136500000,2025-06-05,15:15:00,3367.315,3367.375,3360.385,3364.655,0.4067
1749136800000,2025-06-05,15:20:00,3364.625,3365.615,3360.405,3363.815,0.2811
1749137100000,2025-06-05,15:25:00,3363.815,3367.345,3361.535,3361.755,0.3176
1749137400000,2025-06-05,15:30:00,3362.025,3362.848,3352.615,3355.215,0.2839
1749137700000,2025-06-05,15:35:00,3355.245,3356.755,3349.725,3351.445,0.2903
1749138000000,2025-06-05,15:40:00,3351.428,3352.865,3347.975,3350.305,0.2602
1749138300000,2025-06-05,15:45:00,3350.375,3350.598,3342.128,3349.038,0.3155
1749138600000,2025-06-05,15:50:00,3348.928,3349.398,3339.448,3341.348,0.2732
1749138900000,2025-06-05,15:55:00,3341.285,3346.248,3339.048,3344.545,0.2794
1749139200000,2025-06-05,16:00:00,3344.448,3344.948,3339.548,3344.748,0.274
1749139500000,2025-06-05,16:05:00,3344.675,3346.198,3339.778,3345.598,0.2509
1749139800000,2025-06-05,16:10:00,3345.535,3350.135,3344.605,3350.125,0.1903
1749140100000,2025-06-05,16:15:00,3350.125,3351.585,3348.725,3349.848,0.2106
1749140400000,2025-06-05,16:20:00,3349.775,3350.448,3347.575,3348.048,0.1858
1749140700000,2025-06-05,16:25:00,3348.048,3349.948,3346.935,3347.765,0.1372
1749141000000,2025-06-05,16:30:00,3347.765,3349.555,3347.245,3348.345,0.1184
1749141300000,2025-06-05,16:35:00,3348.605,3350.635,3347.125,3349.895,0.1243
1749141600000,2025-06-05,16:40:00,3349.875,3350.775,3349.248,3349.935,0.1167
1749141900000,2025-06-05,16:45:00,3349.895,3353.375,3349.895,3352.975,0.1644
1749142200000,2025-06-05,16:50:00,3352.948,3356.175,3352.175,3355.085,0.1893
1749142500000,2025-06-05,16:55:00,3355.065,3355.445,3352.825,3353.805,0.1306
1749142800000,2025-06-05,17:00:00,3354.115,3354.565,3350.685,3351.185,0.1248
1749143100000,2025-06-05,17:05:00,3351.225,3351.375,3348.998,3350.148,0.12
1749143400000,2025-06-05,17:10:00,3349.948,3351.648,3348.605,3349.705,0.1386
1749143700000,2025-06-05,17:15:00,3349.838,3352.638,3349.415,3352.615,0.1432
1749144000000,2025-06-05,17:20:00,3352.625,3353.608,3351.415,3352.948,0.2692
1749144300000,2025-06-05,17:25:00,3352.895,3354.048,3350.185,3352.298,0.2228
1749144600000,2025-06-05,17:30:00,3352.298,3352.798,3350.298,3351.105,0.0947
1749144900000,2025-06-05,17:35:00,3350.998,3353.075,3350.698,3352.685,0.0804
1749145200000,2025-06-05,17:40:00,3352.685,3353.145,3351.898,3352.185,0.086
1749145500000,2025-06-05,17:45:00,3352.135,3352.698,3350.725,3350.895,0.0955
1749145800000,2025-06-05,17:50:00,3350.895,3351.998,3349.795,3351.525,0.1295
1749146100000,2025-06-05,17:55:00,3351.515,3353.998,3351.498,3353.685,0.1453
1749146400000,2025-06-05,18:00:00,3353.685,3354.015,3352.515,3353.398,0.1181
1749146700000,2025-06-05,18:05:00,3353.398,3353.398,3351.545,3352.198,0.1021
1749147000000,2025-06-05,18:10:00,3352.198,3352.298,3350.755,3351.698,0.104
1749147300000,2025-06-05,18:15:00,3351.698,3353.398,3350.245,3351.098,0.1399
1749147600000,2025-06-05,18:20:00,3350.889,3352.698,3350.798,3352.048,0.0954
1749147900000,2025-06-05,18:25:00,3351.948,3355.598,3351.705,3355.198,0.0988
1749148200000,2025-06-05,18:30:00,3355.298,3355.498,3354.198,3354.898,0.1022
1749148500000,2025-06-05,18:35:00,3354.898,3355.415,3353.948,3355.098,0.1017
1749148800000,2025-06-05,18:40:00,3355.155,3355.698,3353.635,3353.748,0.092
1749149100000,2025-06-05,18:45:00,3353.725,3354.148,3352.448,3353.248,0.0986
1749149400000,2025-06-05,18:50:00,3353.248,3355.948,3353.048,3354.715,0.1201
1749149700000,2025-06-05,18:55:00,3354.735,3354.798,3352.735,3353.248,0.1484
1749150000000,2025-06-05,19:00:00,3353.235,3355.705,3352.845,3355.185,0.1596
1749150300000,2025-06-05,19:05:00,3355.245,3356.975,3354.995,3355.925,0.1974
1749150600000,2025-06-05,19:10:00,3355.965,3356.948,3354.938,3355.775,0.282
1749150900000,2025-06-05,19:15:00,3355.735,3356.738,3354.645,3356.438,0.2989
1749151200000,2025-06-05,19:20:00,3356.548,3359.715,3356.408,3359.545,0.1979
1749151500000,2025-06-05,19:25:00,3359.555,3361.115,3357.438,3357.508,0.1849
1749151800000,2025-06-05,19:30:00,3357.508,3357.538,3355.628,3356.668,0.1513
1749152100000,2025-06-05,19:35:00,3356.578,3357.478,3355.115,3356.055,0.1026
1749152400000,2025-06-05,19:40:00,3356.025,3357.888,3354.995,3356.845,0.1243
1749152700000,2025-06-05,19:45:00,3356.875,3357.245,3352.595,3355.025,0.1522
1749153000000,2025-06-05,19:50:00,3355.025,3358.055,3354.935,3357.925,0.1189
1749153300000,2025-06-05,19:55:00,3357.945,3358.748,3352.998,3356.505,0.1912
1749153600000,2025-06-05,20:00:00,3356.535,3357.548,3355.655,3355.885,0.0697
1749153900000,2025-06-05,20:05:00,3355.905,3356.525,3355.575,3355.755,0.0286
1749154200000,2025-06-05,20:10:00,3355.825,3356.845,3355.715,3356.485,0.027
1749154500000,2025-06-05,20:15:00,3356.385,3356.855,3354.895,3355.275,0.0599
1749154800000,2025-06-05,20:20:00,3355.348,3355.625,3354.098,3354.498,0.0392
1749155100000,2025-06-05,20:25:00,3354.498,3354.498,3352.848,3353.448,0.0518
1749155400000,2025-06-05,20:30:00,3353.448,3355.165,3353.348,3354.995,0.0235
1749155700000,2025-06-05,20:35:00,3354.945,3355.075,3354.085,3354.085,0.0287
1749156000000,2025-06-05,20:40:00,3354.075,3354.385,3353.435,3353.875,0.036
1749156300000,2025-06-05,20:45:00,3354.065,3354.165,3351.748,3352.305,0.0478
1749156600000,2025-06-05,20:50:00,3352.435,3354.225,3352.195,3354.145,0.0264
1749156900000,2025-06-05,20:55:00,3354.198,3354.198,3352.155,3352.285,0.0279
1749160800000,2025-06-05,22:00:00,3353.745,3356.148,3352.735,3355.748,0.0533
1749161100000,2025-06-05,22:05:00,3355.748,3356.048,3354.995,3355.045,0.0241
1749161400000,2025-06-05,22:10:00,3354.995,3355.705,3354.055,3355.675,0.0244
1749161700000,2025-06-05,22:15:00,3355.705,3357.588,3355.705,3357.168,0.1285
1749162000000,2025-06-05,22:20:00,3357.025,3359.098,3356.918,3358.865,0.1687
1749162300000,2025-06-05,22:25:00,3358.865,3363.208,3358.405,3360.418,0.2173
1749162600000,2025-06-05,22:30:00,3360.408,3361.175,3358.308,3358.598,0.1988
1749162900000,2025-06-05,22:35:00,3358.668,3358.758,3356.728,3357.098,0.0632
1749163200000,2025-06-05,22:40:00,3357.145,3358.848,3357.105,3358.348,0.0629
1749163500000,2025-06-05,22:45:00,3358.348,3360.048,3358.148,3359.885,0.0654
1749163800000,2025-06-05,22:50:00,3359.945,3361.375,3359.348,3359.438,0.0644
1749164100000,2025-06-05,22:55:00,3359.438,3360.048,3358.355,3358.748,0.0614
1749164400000,2025-06-05,23:00:00,3358.605,3360.748,3358.448,3358.998,0.055
1749164700000,2025-06-05,23:05:00,3358.845,3359.498,3358.318,3359.398,0.0244
1749165000000,2025-06-05,23:10:00,3359.298,3359.885,3358.745,3359.355,0.0296
1749165300000,2025-06-05,23:15:00,3359.398,3359.645,3358.798,3359.498,0.0233
1749165600000,2025-06-05,23:20:00,3359.355,3360.065,3359.005,3359.325,0.0236
1749165900000,2025-06-05,23:25:00,3359.285,3360.298,3359.005,3359.005,0.0195
1749166200000,2025-06-05,23:30:00,3359.015,3359.015,3357.538,3358.698,0.0311
1749166500000,2025-06-05,23:35:00,3358.698,3359.248,3357.985,3358.865,0.0234
1749166800000,2025-06-05,23:40:00,3358.848,3359.475,3358.465,3358.468,0.0247
1749167100000,2025-06-05,23:45:00,3357.878,3361.448,3357.248,3361.348,0.0615
1749167400000,2025-06-05,23:50:00,3361.365,3362.055,3359.935,3362.015,0.0755
1749167700000,2025-06-05,23:55:00,3361.945,3362.435,3361.275,3361.648,0.0893
1749168000000,2025-06-06,00:00:00,3361.648,3363.648,3361.265,3363.448,0.1044
1749168300000,2025-06-06,00:05:00,3363.445,3363.825,3362.268,3362.395,0.1414
1749168600000,2025-06-06,00:10:00,3362.425,3364.035,3361.835,3363.598,0.0806
1749168900000,2025-06-06,00:15:00,3363.535,3363.875,3362.698,3363.325,0.1224
1749169200000,2025-06-06,00:20:00,3363.305,3363.335,3361.848,3362.815,0.0676
1749169500000,2025-06-06,00:25:00,3362.765,3363.285,3362.515,3362.655,0.0584
1749169800000,2025-06-06,00:30:00,3362.655,3363.355,3362.198,3363.098,0.079
1749170100000,2025-06-06,00:35:00,3362.965,3364.015,3361.118,3361.465,0.1925
1749170400000,2025-06-06,00:40:00,3361.385,3361.815,3359.148,3361.248,0.1407
1749170700000,2025-06-06,00:45:00,3361.248,3361.615,3357.048,3357.948,0.1478
1749171000000,2025-06-06,00:50:00,3357.948,3360.305,3357.448,3358.948,0.1583
1749171300000,2025-06-06,00:55:00,3358.865,3359.825,3357.978,3359.148,0.1074
1749171600000,2025-06-06,01:00:00,3359.165,3360.015,3355.848,3359.198,0.2699
1749171900000,2025-06-06,01:05:00,3359.235,3361.875,3358.355,3361.048,0.243
1749172200000,2025-06-06,01:10:00,3360.948,3362.455,3360.675,3361.725,0.1368
1749172500000,2025-06-06,01:15:00,3361.755,3362.835,3360.525,3362.695,0.1514
1749172800000,2025-06-06,01:20:00,3362.635,3365.855,3362.048,3365.658,0.2137
1749173100000,2025-06-06,01:25:00,3365.768,3368.295,3365.745,3368.195,0.2247
1749173400000,2025-06-06,01:30:00,3368.255,3368.405,3362.698,3363.305,0.3025
1749173700000,2025-06-06,01:35:00,3363.175,3364.555,3362.155,3362.158,0.2148
1749174000000,2025-06-06,01:40:00,3362.065,3363.248,3360.218,3361.498,0.2331
1749174300000,2025-06-06,01:45:00,3361.398,3362.998,3360.298,3362.145,0.1526
1749174600000,2025-06-06,01:50:00,3362.085,3364.595,3361.015,3363.365,0.1344
1749174900000,2025-06-06,01:55:00,3363.415,3363.945,3362.648,3363.645,0.141
1749175200000,2025-06-06,02:00:00,3363.548,3364.215,3361.848,3363.148,0.1729
1749175500000,2025-06-06,02:05:00,3363.165,3364.948,3362.548,3363.395,0.1206
1749175800000,2025-06-06,02:10:00,3363.465,3365.075,3363.275,3364.565,0.0803
1749176100000,2025-06-06,02:15:00,3364.485,3365.048,3363.648,3364.348,0.0554
1749176400000,2025-06-06,02:20:00,3364.285,3365.048,3363.448,3363.448,0.0703
1749176700000,2025-06-06,02:25:00,3363.448,3364.395,3362.385,3363.705,0.0894
1749177000000,2025-06-06,02:30:00,3363.535,3364.795,3362.148,3364.185,0.128
1749177300000,2025-06-06,02:35:00,3364.215,3364.325,3362.875,3363.078,0.1411
1749177600000,2025-06-06,02:40:00,3363.058,3363.855,3362.268,3363.805,0.0853
1749177900000,2025-06-06,02:45:00,3363.975,3365.515,3362.545,3364.845,0.1113
1749178200000,2025-06-06,02:50:00,3364.755,3365.705,3363.288,3365.415,0.1501
1749178500000,2025-06-06,02:55:00,3365.355,3366.348,3363.188,3363.675,0.2164
1749178800000,2025-06-06,03:00:00,3363.655,3363.785,3361.218,3361.948,0.2017
1749179100000,2025-06-06,03:05:00,3361.948,3362.835,3360.865,3361.955,0.1131
1749179400000,2025-06-06,03:10:00,3362.005,3362.005,3359.235,3361.125,0.124
1749179700000,2025-06-06,03:15:00,3361.145,3363.125,3361.115,3362.548,0.1348
1749180000000,2025-06-06,03:20:00,3362.548,3364.845,3362.365,3363.935,0.0879
1749180300000,2025-06-06,03:25:00,3363.945,3367.105,3363.755,3366.545,0.1253
1749180600000,2025-06-06,03:30:00,3366.495,3368.105,3366.385,3368.055,0.1019
1749180900000,2025-06-06,03:35:00,3368.015,3369.065,3367.845,3368.495,0.0727
1749181200000,2025-06-06,03:40:00,3368.518,3370.455,3368.498,3370.005,0.1224
1749181500000,2025-06-06,03:45:00,3369.975,3370.935,3369.915,3370.695,0.0935
1749181800000,2025-06-06,03:50:00,3370.665,3371.045,3368.985,3370.605,0.13
1749182100000,2025-06-06,03:55:00,3370.565,3371.725,3369.448,3369.448,0.0891
1749182400000,2025-06-06,04:00:00,3369.365,3370.495,3368.898,3369.835,0.075
1749182700000,2025-06-06,04:05:00,3369.805,3371.948,3369.238,3371.098,0.0836
1749183000000,2025-06-06,04:10:00,3371.075,3371.105,3368.898,3370.375,0.1153
1749183300000,2025-06-06,04:15:00,3370.395,3372.435,3370.155,3371.805,0.0834
1749183600000,2025-06-06,04:20:00,3371.798,3373.505,3371.315,3371.315,0.0675
1749183900000,2025-06-06,04:25:00,3371.175,3372.485,3371.175,3371.865,0.082
1749184200000,2025-06-06,04:30:00,3371.885,3372.515,3370.538,3372.395,0.0863
1749184500000,2025-06-06,04:35:00,3372.395,3373.298,3372.115,3372.535,0.092
1749184800000,2025-06-06,04:40:00,3372.505,3372.865,3371.808,3371.885,0.0643
1749185100000,2025-06-06,04:45:00,3371.905,3373.975,3371.255,3373.555,0.0921
1749185400000,2025-06-06,04:50:00,3373.505,3374.365,3371.858,3372.148,0.1026
1749185700000,2025-06-06,04:55:00,3372.148,3373.755,3372.075,3373.448,0.0777
1749186000000,2025-06-06,05:00:00,3373.448,3374.848,3373.005,3374.448,0.1027
1749186300000,2025-06-06,05:05:00,3374.385,3375.348,3373.765,3374.348,0.1211
1749186600000,2025-06-06,05:10:00,3374.348,3375.048,3372.918,3373.608,0.1164
1749186900000,2025-06-06,05:15:00,3373.528,3373.528,3371.858,3372.315,0.1085
1749187200000,2025-06-06,05:20:00,3372.398,3372.498,3368.375,3368.745,0.1399
1749187500000,2025-06-06,05:25:00,3368.835,3369.898,3368.085,3368.898,0.1383
1749187800000,2025-06-06,05:30:00,3368.898,3369.298,3367.115,3367.548,0.1665
1749188100000,2025-06-06,05:35:00,3367.748,3369.155,3367.048,3368.148,0.1802
1749188400000,2025-06-06,05:40:00,3368.148,3368.148,3365.018,3365.995,0.2148
1749188700000,2025-06-06,05:45:00,3365.995,3366.115,3363.115,3364.365,0.2134
1749189000000,2025-06-06,05:50:00,3364.385,3364.525,3361.905,3362.235,0.2114
1749189300000,2025-06-06,05:55:00,3362.285,3366.715,3362.265,3365.785,0.2523
1749189600000,2025-06-06,06:00:00,3365.835,3366.675,3362.475,3364.485,0.1924
1749189900000,2025-06-06,06:05:00,3364.475,3364.645,3362.105,3362.675,0.1812
1749190200000,2025-06-06,06:10:00,3362.635,3363.035,3361.335,3362.665,0.1635
1749190500000,2025-06-06,06:15:00,3362.705,3365.275,3362.048,3364.898,0.1642
1749190800000,2025-06-06,06:20:00,3364.825,3365.145,3361.665,3363.935,0.1748
1749191100000,2025-06-06,06:25:00,3363.935,3366.875,3363.675,3364.625,0.2299
1749191400000,2025-06-06,06:30:00,3364.645,3365.095,3361.765,3363.015,0.3786
1749191700000,2025-06-06,06:35:00,3363.075,3363.595,3361.455,3362.935,0.2395
1749192000000,2025-06-06,06:40:00,3362.965,3362.965,3358.095,3358.095,0.5988
1749192300000,2025-06-06,06:45:00,3358.175,3360.705,3355.835,3359.805,0.4222
1749192600000,2025-06-06,06:50:00,3359.775,3361.225,3358.715,3360.505,0.1577
1749192900000,2025-06-06,06:55:00,3360.545,3361.105,3359.625,3360.525,0.2549
1749193200000,2025-06-06,07:00:00,3360.535,3361.055,3356.805,3357.505,0.3543
1749193500000,2025-06-06,07:05:00,3357.505,3359.735,3356.605,3357.555,0.2994
1749193800000,2025-06-06,07:10:00,3357.715,3362.075,3357.415,3361.195,0.2196
1749194100000,2025-06-06,07:15:00,3361.225,3362.145,3360.445,3360.925,0.2089
1749194400000,2025-06-06,07:20:00,3360.935,3361.375,3359.298,3359.535,0.2179
1749194700000,2025-06-06,07:25:00,3359.495,3361.585,3358.425,3360.285,0.2109
1749195000000,2025-06-06,07:30:00,3360.315,3360.405,3358.115,3359.285,0.2452
1749195300000,2025-06-06,07:35:00,3359.285,3360.125,3358.105,3359.735,0.2106
1749195600000,2025-06-06,07:40:00,3359.735,3359.735,3357.165,3358.795,0.178
1749195900000,2025-06-06,07:45:00,3358.795,3358.995,3354.825,3355.685,0.3363
1749196200000,2025-06-06,07:50:00,3355.575,3355.865,3352.615,3355.795,0.4981
1749196500000,2025-06-06,07:55:00,3355.795,3359.548,3354.945,3359.248,0.2339
1749196800000,2025-06-06,08:00:00,3359.415,3362.065,3359.405,3359.705,0.2315
1749197100000,2025-06-06,08:05:00,3359.665,3361.998,3359.575,3361.115,0.2812
1749197400000,2025-06-06,08:10:00,3361.135,3361.155,3358.315,3358.398,0.2001
1749197700000,2025-06-06,08:15:00,3358.355,3361.298,3358.115,3360.295,0.2057
1749198000000,2025-06-06,08:20:00,3360.255,3361.205,3358.875,3360.675,0.1112
1749198300000,2025-06-06,08:25:00,3360.675,3364.798,3359.885,3363.698,0.1919
1749198600000,2025-06-06,08:30:00,3363.698,3365.285,3363.099,3363.249,0.1611
1749198900000,2025-06-06,08:35:00,3363.249,3363.945,3362.845,3363.055,0.0903
1749199200000,2025-06-06,08:40:00,3363.029,3367.445,3362.915,3366.885,0.2824
1749199500000,2025-06-06,08:45:00,3366.879,3366.879,3364.865,3365.985,0.2919
1749199800000,2025-06-06,08:50:00,3365.985,3367.465,3365.565,3367.425,0.1401
1749200100000,2025-06-06,08:55:00,3367.405,3367.559,3365.095,3365.185,0.1166
1749200400000,2025-06-06,09:00:00,3365.245,3365.245,3363.595,3363.675,0.0821
1749200700000,2025-06-06,09:05:00,3363.725,3365.085,3359.345,3359.698,0.2074
1749201000000,2025-06-06,09:10:00,3359.698,3361.155,3359.105,3360.348,0.1196
1749201300000,2025-06-06,09:15:00,3360.295,3360.548,3358.415,3358.705,0.1998
1749201600000,2025-06-06,09:20:00,3358.735,3359.335,3356.565,3357.765,0.1631
1749201900000,2025-06-06,09:25:00,3357.765,3358.648,3355.198,3355.385,0.2388
1749202200000,2025-06-06,09:30:00,3355.398,3359.198,3355.185,3358.695,0.1246
1749202500000,2025-06-06,09:35:00,3358.715,3359.155,3357.855,3358.615,0.0687
1749202800000,2025-06-06,09:40:00,3358.585,3358.795,3356.655,3357.018,0.2254
1749203100000,2025-06-06,09:45:00,3357.015,3357.335,3352.665,3355.315,0.2517
1749203400000,2025-06-06,09:50:00,3355.345,3357.205,3355.145,3355.825,0.1181
1749203700000,2025-06-06,09:55:00,3355.855,3356.615,3355.625,3356.525,0.0622
1749204000000,2025-06-06,10:00:00,3356.545,3360.145,3356.545,3357.815,0.1635
1749204300000,2025-06-06,10:05:00,3357.505,3359.365,3356.815,3357.125,0.0786
1749204600000,2025-06-06,10:10:00,3357.095,3357.735,3356.435,3357.675,0.0808
1749204900000,2025-06-06,10:15:00,3357.655,3358.015,3356.295,3356.875,0.1707
1749205200000,2025-06-06,10:20:00,3356.905,3358.515,3355.588,3358.085,0.1462
1749205500000,2025-06-06,10:25:00,3358.065,3358.148,3356.295,3356.365,0.2317
1749205800000,2025-06-06,10:30:00,3356.348,3357.695,3356.315,3356.825,0.1694
1749206100000,2025-06-06,10:35:00,3356.865,3358.475,3356.675,3358.095,0.0515
1749206400000,2025-06-06,10:40:00,3358.095,3358.165,3356.865,3357.465,0.0649
1749206700000,2025-06-06,10:45:00,3357.465,3359.055,3356.865,3358.275,0.0762
1749207000000,2025-06-06,10:50:00,3358.255,3360.085,3357.805,3359.765,0.0619
1749207300000,2025-06-06,10:55:00,3359.695,3360.735,3359.265,3360.495,0.0925
1749207600000,2025-06-06,11:00:00,3360.565,3363.215,3360.535,3362.265,0.1676
1749207900000,2025-06-06,11:05:00,3362.248,3364.148,3361.485,3363.698,0.1484
1749208200000,2025-06-06,11:10:00,3363.705,3363.898,3361.175,3361.525,0.1412
1749208500000,2025-06-06,11:15:00,3361.405,3362.498,3360.985,3360.998,0.0951
1749208800000,2025-06-06,11:20:00,3361.198,3361.515,3360.105,3360.645,0.101
1749209100000,2025-06-06,11:25:00,3360.645,3361.635,3360.145,3360.695,0.0904
1749209400000,2025-06-06,11:30:00,3360.735,3364.165,3360.198,3363.698,0.1104
1749209700000,2025-06-06,11:35:00,3363.698,3364.115,3361.955,3362.015,0.11
1749210000000,2025-06-06,11:40:00,3362.035,3362.745,3359.885,3362.485,0.2222
1749210300000,2025-06-06,11:45:00,3362.548,3362.695,3359.315,3360.085,0.2514
1749210600000,2025-06-06,11:50:00,3360.115,3360.565,3358.068,3358.298,0.1982
1749210900000,2025-06-06,11:55:00,3358.298,3360.348,3357.915,3358.095,0.1591
1749211200000,2025-06-06,12:00:00,3358.265,3359.265,3357.075,3358.015,0.2093
1749211500000,2025-06-06,12:05:00,3358.055,3360.185,3357.675,3357.975,0.1087
1749211800000,2025-06-06,12:10:00,3357.875,3358.275,3355.555,3356.345,0.1341
1749212100000,2025-06-06,12:15:00,3356.345,3358.498,3356.055,3357.998,0.131
1749212400000,2025-06-06,12:20:00,3357.925,3359.298,3356.045,3356.498,0.2054
1749212700000,2025-06-06,12:25:00,3356.465,3358.375,3353.398,3357.565,0.1551
1749213000000,2025-06-06,12:30:00,3357.208,3364.098,3347.298,3356.665,0.4213
1749213300000,2025-06-06,12:35:00,3356.648,3359.735,3349.495,3350.265,0.4432
1749213600000,2025-06-06,12:40:00,3350.285,3353.148,3343.148,3352.885,0.4834
1749213900000,2025-06-06,12:45:00,3353.215,3359.275,3351.215,3358.748,0.375
1749214200000,2025-06-06,12:50:00,3358.548,3358.878,3354.985,3355.725,0.3161
1749214500000,2025-06-06,12:55:00,3355.705,3355.948,3352.345,3353.145,0.2875
1749214800000,2025-06-06,13:00:00,3353.075,3353.315,3346.225,3348.585,0.3501
1749215100000,2025-06-06,13:05:00,3348.635,3355.698,3347.625,3355.098,0.2887
1749215400000,2025-06-06,13:10:00,3355.115,3358.218,3353.315,3355.598,0.2767
1749215700000,2025-06-06,13:15:00,3355.698,3360.718,3353.548,3354.155,0.3182
1749216000000,2025-06-06,13:20:00,3354.048,3354.248,3348.485,3350.715,0.2404
1749216300000,2025-06-06,13:25:00,3350.745,3354.635,3350.175,3353.565,0.2609
1749216600000,2025-06-06,13:30:00,3353.609,3354.848,3347.205,3353.295,0.3914
1749216900000,2025-06-06,13:35:00,3353.345,3355.198,3345.715,3346.598,0.327
1749217200000,2025-06-06,13:40:00,3346.455,3350.848,3344.995,3346.585,0.3732
1749217500000,2025-06-06,13:45:00,3346.395,3350.045,3344.925,3349.165,0.3398
1749217800000,2025-06-06,13:50:00,3349.175,3351.895,3347.275,3347.975,0.2966
1749218100000,2025-06-06,13:55:00,3348.005,3348.085,3342.155,3342.925,0.4267
1749218400000,2025-06-06,14:00:00,3342.935,3344.648,3336.398,3341.565,0.4966
1749218700000,2025-06-06,14:05:00,3341.545,3342.548,3335.708,3338.535,0.3625
1749219000000,2025-06-06,14:10:00,3338.325,3341.925,3333.285,3333.535,0.3701
1749219300000,2025-06-06,14:15:00,3333.598,3335.398,3323.055,3323.548,0.4384
1749219600000,2025-06-06,14:20:00,3323.575,3324.945,3316.065,3320.215,0.4379
1749219900000,2025-06-06,14:25:00,3320.225,3324.915,3318.185,3323.885,0.3849
1749220200000,2025-06-06,14:30:00,3323.875,3330.085,3322.058,3329.175,0.3537
1749220500000,2025-06-06,14:35:00,3329.105,3332.148,3327.548,3331.325,0.2937
1749220800000,2025-06-06,14:40:00,3331.395,3334.115,3330.245,3333.655,0.2547
1749221100000,2025-06-06,14:45:00,3333.715,3333.715,3329.385,3330.455,0.2354
1749221400000,2025-06-06,14:50:00,3330.425,3331.115,3325.375,3326.405,0.3801
1749221700000,2025-06-06,14:55:00,3326.375,3327.185,3322.105,3325.965,0.3262
1749222000000,2025-06-06,15:00:00,3326.025,3327.055,3324.248,3324.765,0.2401
1749222300000,2025-06-06,15:05:00,3324.835,3329.578,3323.075,3325.775,0.36
1749222600000,2025-06-06,15:10:00,3325.848,3328.495,3323.155,3323.805,0.2526
1749222900000,2025-06-06,15:15:00,3323.775,3329.375,3323.565,3328.348,0.2507
1749223200000,2025-06-06,15:20:00,3328.255,3329.855,3326.465,3328.715,0.2964
1749223500000,2025-06-06,15:25:00,3328.695,3331.585,3328.365,3330.648,0.2062
1749223800000,2025-06-06,15:30:00,3330.595,3332.345,3328.375,3332.048,0.1989
1749224100000,2025-06-06,15:35:00,3332.048,3336.498,3331.805,3336.498,0.2284
1749224400000,2025-06-06,15:40:00,3336.498,3336.598,3332.265,3333.635,0.1352
1749224700000,2025-06-06,15:45:00,3333.665,3334.805,3331.325,3332.355,0.1556
1749225000000,2025-06-06,15:50:00,3332.375,3333.635,3331.509,3332.285,0.1372
1749225300000,2025-06-06,15:55:00,3332.315,3333.298,3331.645,3331.898,0.1614
1749225600000,2025-06-06,16:00:00,3331.875,3332.198,3330.318,3330.555,0.1446
1749225900000,2025-06-06,16:05:00,3330.585,3332.148,3329.818,3331.798,0.1097
1749226200000,2025-06-06,16:10:00,3331.845,3332.498,3328.945,3329.185,0.0945
1749226500000,2025-06-06,16:15:00,3329.185,3331.845,3329.185,3331.075,0.0891
1749226800000,2025-06-06,16:20:00,3331.055,3331.075,3328.245,3328.735,0.1159
1749227100000,2025-06-06,16:25:00,3328.495,3328.515,3323.595,3323.725,0.1279
1749227400000,2025-06-06,16:30:00,3323.775,3325.525,3323.185,3324.285,0.1181
1749227700000,2025-06-06,16:35:00,3324.265,3325.005,3321.148,3322.995,0.1254
1749228000000,2025-06-06,16:40:00,3323.048,3324.975,3322.135,3324.635,0.1319
1749228300000,2025-06-06,16:45:00,3324.598,3325.505,3323.785,3324.198,0.1001
1749228600000,2025-06-06,16:50:00,3324.038,3324.555,3320.748,3320.775,0.1417
1749228900000,2025-06-06,16:55:00,3320.748,3323.475,3320.615,3322.585,0.1423
1749229200000,2025-06-06,17:00:00,3322.625,3325.698,3322.515,3325.205,0.1308
1749229500000,2025-06-06,17:05:00,3325.198,3325.648,3323.648,3324.748,0.1046
1749229800000,2025-06-06,17:10:00,3324.748,3326.548,3324.695,3325.305,0.0961
1749230100000,2025-06-06,17:15:00,3325.315,3326.155,3324.055,3324.425,0.0802
1749230400000,2025-06-06,17:20:00,3324.498,3325.255,3322.848,3322.948,0.0977
1749230700000,2025-06-06,17:25:00,3323.005,3325.048,3322.948,3323.748,0.1175
1749231000000,2025-06-06,17:30:00,3323.815,3324.015,3321.505,3323.198,0.101
1749231300000,2025-06-06,17:35:00,3323.298,3323.815,3321.755,3322.315,0.0555
1749231600000,2025-06-06,17:40:00,3322.285,3322.798,3321.485,3322.015,0.0707
1749231900000,2025-06-06,17:45:00,3321.998,3323.865,3321.135,3323.648,0.0792
1749232200000,2025-06-06,17:50:00,3323.675,3323.965,3322.348,3322.985,0.0477
1749232500000,2025-06-06,17:55:00,3322.965,3324.248,3322.648,3323.445,0.0598
1749232800000,2025-06-06,18:00:00,3323.485,3323.895,3320.665,3321.205,0.0784
1749233100000,2025-06-06,18:05:00,3321.175,3322.075,3319.675,3320.055,0.1084
1749233400000,2025-06-06,18:10:00,3320.048,3320.055,3313.448,3315.185,0.1784
1749233700000,2025-06-06,18:15:00,3315.055,3316.765,3314.175,3314.835,0.1062
1749234000000,2025-06-06,18:20:00,3314.975,3317.295,3314.895,3317.195,0.0623
1749234300000,2025-06-06,18:25:00,3317.025,3317.035,3315.358,3315.675,0.0746
1749234600000,2025-06-06,18:30:00,3315.645,3319.185,3314.345,3319.185,0.0997
1749234900000,2025-06-06,18:35:00,3319.198,3319.898,3317.778,3318.985,0.1422
1749235200000,2025-06-06,18:40:00,3318.935,3319.748,3318.625,3319.305,0.1068
1749235500000,2025-06-06,18:45:00,3319.305,3319.468,3316.805,3317.035,0.0709
1749235800000,2025-06-06,18:50:00,3317.035,3317.375,3316.285,3316.895,0.0776
1749236100000,2025-06-06,18:55:00,3316.865,3317.635,3316.865,3317.265,0.049
1749236400000,2025-06-06,19:00:00,3317.285,3318.765,3316.785,3317.685,0.1308
1749236700000,2025-06-06,19:05:00,3317.705,3317.705,3315.905,3317.005,0.0916
1749237000000,2025-06-06,19:10:00,3316.995,3317.185,3314.975,3315.985,0.1109
1749237300000,2025-06-06,19:15:00,3316.005,3316.275,3314.685,3315.765,0.0651
1749237600000,2025-06-06,19:20:00,3316.105,3317.375,3315.245,3317.225,0.0988
1749237900000,2025-06-06,19:25:00,3317.195,3317.605,3313.335,3314.855,0.1216
1749238200000,2025-06-06,19:30:00,3314.895,3315.575,3312.545,3314.305,0.1089
1749238500000,2025-06-06,19:35:00,3314.265,3315.065,3313.685,3314.285,0.0579
1749238800000,2025-06-06,19:40:00,3314.355,3315.755,3314.305,3315.598,0.1104
1749239100000,2025-06-06,19:45:00,3315.598,3315.798,3312.815,3313.295,0.1595
1749239400000,2025-06-06,19:50:00,3313.245,3313.935,3312.715,3313.515,0.1597
1749239700000,2025-06-06,19:55:00,3313.535,3313.885,3311.095,3312.118,0.1707
1749240000000,2025-06-06,20:00:00,3312.135,3312.595,3309.535,3309.535,0.0764
1749240300000,2025-06-06,20:05:00,3309.505,3309.994,3307.285,3307.675,0.0557
1749240600000,2025-06-06,20:10:00,3307.725,3308.025,3306.915,3307.235,0.0407
1749240900000,2025-06-06,20:15:00,3307.275,3309.855,3307.275,3309.565,0.0405
1749241200000,2025-06-06,20:20:00,3309.535,3310.665,3309.305,3310.605,0.0286
1749241500000,2025-06-06,20:25:00,3310.585,3311.725,3310.575,3311.025,0.0448
1749241800000,2025-06-06,20:30:00,3311.025,3312.125,3310.755,3311.665,0.0444
1749242100000,2025-06-06,20:35:00,3311.698,3312.105,3310.675,3312.105,0.0593
1749242400000,2025-06-06,20:40:00,3311.915,3312.535,3310.585,3310.895,0.0704
1749242700000,2025-06-06,20:45:00,3310.825,3311.475,3310.685,3311.345,0.0291
1749243000000,2025-06-06,20:50:00,3311.095,3311.798,3310.545,3311.775,0.0516
1749243300000,2025-06-06,20:55:00,3311.815,3312.548,3309.435,3309.625,0.0912
1749420000000,2025-06-08,22:00:00,3311.395,3319.015,3311.395,3317.675,0.1779
1749420300000,2025-06-08,22:05:00,3317.655,3320.985,3316.255,3317.785,0.0747
1749420600000,2025-06-08,22:10:00,3317.695,3319.655,3315.105,3317.115,0.0573
1749420900000,2025-06-08,22:15:00,3317.095,3318.485,3316.865,3318.025,0.0321
1749421200000,2025-06-08,22:20:00,3317.935,3318.665,3317.155,3317.495,0.0305
1749421500000,2025-06-08,22:25:00,3317.535,3317.985,3316.395,3317.865,0.041
1749421800000,2025-06-08,22:30:00,3317.825,3318.335,3316.775,3317.795,0.0421
1749422100000,2025-06-08,22:35:00,3317.685,3317.775,3315.625,3315.755,0.0441
1749422400000,2025-06-08,22:40:00,3315.748,3316.148,3310.615,3311.975,0.1124
1749422700000,2025-06-08,22:45:00,3311.995,3313.515,3311.735,3313.335,0.0614
1749423000000,2025-06-08,22:50:00,3313.315,3313.315,3309.018,3312.895,0.0885
1749423300000,2025-06-08,22:55:00,3312.855,3314.748,3311.348,3314.548,0.0763
1749423600000,2025-06-08,23:00:00,3314.405,3317.248,3314.295,3316.955,0.3409
1749423900000,2025-06-08,23:05:00,3316.955,3317.898,3315.448,3315.748,0.2174
1749424200000,2025-06-08,23:10:00,3315.548,3317.025,3315.275,3316.755,0.0425
1749424500000,2025-06-08,23:15:00,3316.748,3317.548,3316.248,3316.548,0.0473
1749424800000,2025-06-08,23:20:00,3315.985,3315.985,3314.425,3314.845,0.0456
1749425100000,2025-06-08,23:25:00,3314.925,3316.098,3314.398,3315.798,0.0368
1749425400000,2025-06-08,23:30:00,3315.698,3315.898,3314.398,3315.015,0.0373
1749425700000,2025-06-08,23:35:00,3315.035,3315.248,3313.245,3314.685,0.0514
1749426000000,2025-06-08,23:40:00,3314.645,3315.565,3313.108,3315.295,0.0576
1749426300000,2025-06-08,23:45:00,3315.345,3316.525,3314.255,3315.905,0.0733
1749426600000,2025-06-08,23:50:00,3315.845,3317.655,3315.805,3316.998,0.0428
1749426900000,2025-06-08,23:55:00,3316.998,3318.348,3316.798,3317.798,0.1067
1749427200000,2025-06-09,00:00:00,3317.905,3318.448,3315.848,3316.898,0.1094
1749427500000,2025-06-09,00:05:00,3316.855,3316.855,3312.195,3312.775,0.1114
1749427800000,2025-06-09,00:10:00,3312.745,3312.775,3310.825,3311.595,0.1117
1749428100000,2025-06-09,00:15:00,3311.525,3311.595,3305.335,3306.815,0.1885
1749428400000,2025-06-09,00:20:00,3306.785,3307.495,3304.395,3307.375,0.1353
1749428700000,2025-06-09,00:25:00,3307.448,3309.915,3304.998,3309.818,0.1412
1749429000000,2025-06-09,00:30:00,3309.815,3311.725,3308.535,3311.375,0.1675
1749429300000,2025-06-09,00:35:00,3311.355,3311.385,3306.255,3307.905,0.2307
1749429600000,2025-06-09,00:40:00,3307.905,3307.905,3301.448,3302.598,0.2525
1749429900000,2025-06-09,00:45:00,3302.525,3302.598,3297.948,3302.395,0.269
1749430200000,2025-06-09,00:50:00,3302.375,3304.285,3300.975,3303.735,0.1693
1749430500000,2025-06-09,00:55:00,3303.625,3305.595,3302.748,3305.248,0.2166
1749430800000,2025-06-09,01:00:00,3305.215,3309.115,3301.005,3307.645,0.3554
1749431100000,2025-06-09,01:05:00,3307.495,3309.148,3304.515,3306.065,0.3369
1749431400000,2025-06-09,01:10:00,3306.048,3307.135,3303.445,3305.425,0.2321
1749431700000,2025-06-09,01:15:00,3305.425,3308.448,3303.648,3307.655,0.1489
1749432000000,2025-06-09,01:20:00,3307.655,3308.748,3305.715,3308.175,0.1984
1749432300000,2025-06-09,01:25:00,3308.085,3308.748,3305.985,3306.355,0.1351
1749432600000,2025-06-09,01:30:00,3306.395,3308.455,3302.775,3304.448,0.2208
1749432900000,2025-06-09,01:35:00,3304.545,3305.955,3303.148,3303.625,0.2646
1749433200000,2025-06-09,01:40:00,3303.585,3307.048,3302.735,3307.048,0.1548
1749433500000,2025-06-09,01:45:00,3307.048,3307.775,3305.095,3306.175,0.1706
1749433800000,2025-06-09,01:50:00,3306.195,3307.185,3302.735,3302.805,0.1326
1749434100000,2025-06-09,01:55:00,3302.715,3302.965,3294.815,3295.915,0.3107
1749434400000,2025-06-09,02:00:00,3295.995,3298.815,3293.198,3296.098,0.2118
1749434700000,2025-06-09,02:05:00,3296.098,3298.798,3295.398,3297.395,0.158
1749435000000,2025-06-09,02:10:00,3297.395,3298.965,3296.125,3297.675,0.114
1749435300000,2025-06-09,02:15:00,3297.648,3300.975,3296.655,3300.898,0.0986
1749435600000,2025-06-09,02:20:00,3300.898,3304.725,3300.898,3304.445,0.1458
1749435900000,2025-06-09,02:25:00,3304.398,3305.598,3300.248,3301.448,0.1974
1749436200000,2025-06-09,02:30:00,3301.448,3304.598,3299.948,3304.035,0.1643
1749436500000,2025-06-09,02:35:00,3304.065,3304.355,3302.398,3302.545,0.093
1749436800000,2025-06-09,02:40:00,3302.545,3303.625,3302.225,3302.295,0.1128
1749437100000,2025-06-09,02:45:00,3302.348,3305.965,3302.348,3305.665,0.1256
1749437400000,2025-06-09,02:50:00,3305.575,3307.085,3304.605,3306.395,0.115
1749437700000,2025-06-09,02:55:00,3306.415,3307.385,3304.848,3305.245,0.2955
1749438000000,2025-06-09,03:00:00,3305.215,3307.028,3305.165,3306.805,0.1507
1749438300000,2025-06-09,03:05:00,3306.825,3307.795,3306.615,3307.185,0.1118
1749438600000,2025-06-09,03:10:00,3307.655,3308.798,3306.975,3307.445,0.155
1749438900000,2025-06-09,03:15:00,3307.425,3308.635,3306.245,3306.445,0.1353
1749439200000,2025-06-09,03:20:00,3306.535,3307.448,3305.215,3306.905,0.1465
1749439500000,2025-06-09,03:25:00,3306.898,3306.898,3303.998,3303.998,0.1807
1749439800000,2025-06-09,03:30:00,3303.975,3306.875,3303.908,3306.298,0.1044
1749440100000,2025-06-09,03:35:00,3306.325,3306.715,3305.655,3305.905,0.0652
1749440400000,2025-06-09,03:40:00,3305.925,3309.198,3305.775,3308.555,0.1298
1749440700000,2025-06-09,03:45:00,3308.555,3310.748,3308.549,3310.248,0.1756
1749441000000,2025-06-09,03:50:00,3310.255,3311.448,3309.635,3311.048,0.1799
1749441300000,2025-06-09,03:55:00,3311.048,3311.748,3309.985,3310.518,0.145
1749441600000,2025-06-09,04:00:00,3310.448,3311.698,3308.948,3311.048,0.1629
1749441900000,2025-06-09,04:05:00,3311.088,3311.865,3310.885,3311.095,0.0827
1749442200000,2025-06-09,04:10:00,3311.145,3311.545,3309.705,3310.645,0.1233
1749442500000,2025-06-09,04:15:00,3310.625,3312.065,3310.175,3311.165,0.1395
1749442800000,2025-06-09,04:20:00,3311.165,3312.955,3310.695,3312.535,0.083
1749443100000,2025-06-09,04:25:00,3312.435,3312.555,3310.748,3311.948,0.0831
1749443400000,2025-06-09,04:30:00,3311.915,3312.215,3310.005,3310.465,0.0586
1749443700000,2025-06-09,04:35:00,3310.485,3312.248,3310.485,3312.148,0.056
1749444000000,2025-06-09,04:40:00,3312.148,3313.248,3311.648,3312.048,0.0945
1749444300000,2025-06-09,04:45:00,3311.885,3312.235,3310.358,3311.948,0.0747
1749444600000,2025-06-09,04:50:00,3311.948,3312.348,3310.948,3311.375,0.0671
1749444900000,2025-06-09,04:55:00,3311.348,3311.948,3311.255,3311.555,0.0818
1749445200000,2025-06-09,05:00:00,3311.535,3312.725,3309.355,3309.675,0.1091
1749445500000,2025-06-09,05:05:00,3309.765,3310.325,3309.348,3310.175,0.0885
1749445800000,2025-06-09,05:10:00,3310.248,3311.825,3310.115,3311.285,0.1067
1749446100000,2025-06-09,05:15:00,3311.345,3312.175,3310.015,3311.095,0.1514
1749446400000,2025-06-09,05:20:00,3311.175,3311.355,3309.605,3310.448,0.0716
1749446700000,2025-06-09,05:25:00,3310.448,3312.048,3310.148,3311.765,0.0808
1749447000000,2025-06-09,05:30:00,3311.625,3312.648,3310.448,3311.655,0.22
1749447300000,2025-06-09,05:35:00,3311.748,3313.398,3310.048,3313.345,0.1639
1749447600000,2025-06-09,05:40:00,3313.348,3315.148,3312.398,3315.148,0.2051
1749447900000,2025-06-09,05:45:00,3315.165,3316.305,3314.555,3315.598,0.3276
1749448200000,2025-06-09,05:50:00,3315.598,3315.798,3314.205,3314.748,0.2033
1749448500000,2025-06-09,05:55:00,3314.748,3315.348,3313.865,3314.355,0.1651
1749448800000,2025-06-09,06:00:00,3314.365,3314.775,3312.498,3313.165,0.3574
1749449100000,2025-06-09,06:05:00,3313.165,3316.375,3312.305,3315.395,0.3759
1749449400000,2025-06-09,06:10:00,3315.345,3316.975,3314.958,3316.565,0.3448
1749449700000,2025-06-09,06:15:00,3316.565,3317.735,3315.815,3316.685,0.2737
1749450000000,2025-06-09,06:20:00,3316.655,3320.228,3316.498,3320.005,0.3024
1749450300000,2025-06-09,06:25:00,3320.055,3320.205,3317.545,3318.535,0.334
1749450600000,2025-06-09,06:30:00,3318.508,3319.218,3317.345,3317.465,0.1871
1749450900000,2025-06-09,06:35:00,3317.485,3318.725,3317.485,3318.375,0.1738
1749451200000,2025-06-09,06:40:00,3318.385,3320.398,3318.305,3319.998,0.1284
1749451500000,2025-06-09,06:45:00,3319.925,3321.855,3319.249,3321.765,0.1422
1749451800000,2025-06-09,06:50:00,3321.775,3323.035,3320.795,3321.125,0.1293
1749452100000,2025-06-09,06:55:00,3321.165,3324.795,3320.918,3324.205,0.1636
1749452400000,2025-06-09,07:00:00,3324.199,3325.015,3321.695,3321.995,0.1417
1749452700000,2025-06-09,07:05:00,3321.989,3322.609,3321.345,3322.398,0.0985
1749453000000,2025-06-09,07:10:00,3322.485,3325.255,3322.265,3323.635,0.1097
1749453300000,2025-06-09,07:15:00,3323.615,3324.445,3322.635,3324.125,0.0987
1749453600000,2025-06-09,07:20:00,3324.105,3328.415,3323.625,3327.685,0.1298
1749453900000,2025-06-09,07:25:00,3327.715,3327.905,3324.985,3325.425,0.0887
1749454200000,2025-06-09,07:30:00,3325.355,3325.355,3323.185,3324.235,0.1332
1749454500000,2025-06-09,07:35:00,3324.215,3324.215,3322.345,3322.645,0.0912
1749454800000,2025-06-09,07:40:00,3322.645,3326.095,3321.475,3325.805,0.2144
1749455100000,2025-06-09,07:45:00,3325.855,3327.098,3324.305,3324.735,0.233
1749455400000,2025-06-09,07:50:00,3324.715,3325.525,3324.145,3325.495,0.1018
1749455700000,2025-06-09,07:55:00,3325.845,3325.885,3323.685,3323.948,0.1176
1749456000000,2025-06-09,08:00:00,3323.955,3324.595,3322.565,3323.098,0.2105
1749456300000,2025-06-09,08:05:00,3323.105,3325.265,3323.035,3323.525,0.1363
1749456600000,2025-06-09,08:10:00,3323.505,3324.665,3322.525,3323.265,0.1356
1749456900000,2025-06-09,08:15:00,3323.265,3323.495,3321.498,3322.605,0.1456
1749457200000,2025-06-09,08:20:00,3322.625,3324.395,3321.898,3323.448,0.1677
1749457500000,2025-06-09,08:25:00,3323.448,3324.698,3322.595,3324.698,0.1113
1749457800000,2025-06-09,08:30:00,3324.585,3325.275,3322.508,3322.795,0.2051
1749458100000,2025-06-09,08:35:00,3322.695,3325.485,3322.415,3323.559,0.1376
1749458400000,2025-06-09,08:40:00,3323.435,3324.055,3322.755,3323.095,0.0846
1749458700000,2025-06-09,08:45:00,3323.095,3323.515,3321.815,3322.465,0.0991
1749459000000,2025-06-09,08:50:00,3322.465,3322.525,3320.445,3321.875,0.1313
1749459300000,2025-06-09,08:55:00,3321.855,3322.355,3319.545,3319.615,0.1463
1749459600000,2025-06-09,09:00:00,3319.679,3323.098,3319.305,3322.848,0.1646
1749459900000,2025-06-09,09:05:00,3322.848,3322.948,3321.448,3322.048,0.1097
1749460200000,2025-06-09,09:10:00,3322.079,3323.298,3321.948,3322.955,0.1061
1749460500000,2025-06-09,09:15:00,3322.948,3323.148,3320.698,3321.035,0.1093
1749460800000,2025-06-09,09:20:00,3320.998,3320.998,3316.565,3316.665,0.177
1749461100000,2025-06-09,09:25:00,3316.659,3319.385,3316.605,3318.425,0.1718
1749461400000,2025-06-09,09:30:00,3318.415,3320.725,3317.885,3319.675,0.1469
1749461700000,2025-06-09,09:35:00,3319.695,3321.725,3319.695,3321.655,0.1028
1749462000000,2025-06-09,09:40:00,3321.655,3322.215,3320.785,3321.585,0.0903
1749462300000,2025-06-09,09:45:00,3321.645,3322.205,3320.555,3320.555,0.0816
1749462600000,2025-06-09,09:50:00,3320.525,3320.855,3319.605,3320.455,0.0987
1749462900000,2025-06-09,09:55:00,3320.405,3320.905,3318.405,3318.455,0.0977
1749463200000,2025-06-09,10:00:00,3318.455,3319.398,3317.698,3319.105,0.1141
1749463500000,2025-06-09,10:05:00,3319.165,3319.525,3317.955,3317.998,0.086
1749463800000,2025-06-09,10:10:00,3317.998,3319.235,3316.548,3319.165,0.0915
1749464100000,2025-06-09,10:15:00,3319.125,3319.465,3316.745,3317.425,0.0953
1749464400000,2025-06-09,10:20:00,3317.425,3318.105,3315.525,3316.245,0.1237
1749464700000,2025-06-09,10:25:00,3316.245,3317.385,3315.835,3316.615,0.11
1749465000000,2025-06-09,10:30:00,3316.675,3316.675,3315.095,3315.215,0.0737
1749465300000,2025-06-09,10:35:00,3315.175,3315.398,3313.925,3314.725,0.0948
1749465600000,2025-06-09,10:40:00,3314.725,3314.955,3312.345,3312.665,0.1427
1749465900000,2025-06-09,10:45:00,3312.665,3314.639,3312.425,3313.265,0.1367
1749466200000,2025-06-09,10:50:00,3313.265,3313.765,3311.979,3312.475,0.0964
1749466500000,2025-06-09,10:55:00,3312.469,3314.535,3312.129,3314.515,0.1162
1749466800000,2025-06-09,11:00:00,3314.505,3315.645,3313.975,3315.165,0.1421
1749467100000,2025-06-09,11:05:00,3315.075,3317.445,3314.825,3316.865,0.1206
1749467400000,2025-06-09,11:10:00,3316.865,3317.525,3315.948,3316.705,0.1058
1749467700000,2025-06-09,11:15:00,3317.065,3317.785,3315.305,3317.085,0.143
1749468000000,2025-06-09,11:20:00,3317.135,3318.665,3316.865,3317.395,0.1178
1749468300000,2025-06-09,11:25:00,3317.375,3318.335,3317.315,3318.115,0.0952
1749468600000,2025-06-09,11:30:00,3318.165,3319.875,3316.825,3317.845,0.156
1749468900000,2025-06-09,11:35:00,3317.865,3320.905,3317.635,3319.885,0.1447
1749469200000,2025-06-09,11:40:00,3319.925,3320.915,3319.435,3320.525,0.0992
1749469500000,2025-06-09,11:45:00,3320.555,3321.135,3318.815,3319.445,0.099
1749469800000,2025-06-09,11:50:00,3319.445,3319.445,3313.445,3313.835,0.2279
1749470100000,2025-06-09,11:55:00,3313.835,3317.745,3313.795,3317.248,0.1303
1749470400000,2025-06-09,12:00:00,3317.275,3318.445,3316.585,3316.985,0.147
1749470700000,2025-06-09,12:05:00,3316.975,3317.875,3313.915,3314.875,0.1794
1749471000000,2025-06-09,12:10:00,3314.885,3316.305,3313.365,3315.315,0.1476
1749471300000,2025-06-09,12:15:00,3315.335,3316.255,3313.425,3313.725,0.1715
1749471600000,2025-06-09,12:20:00,3313.719,3315.785,3312.875,3314.895,0.1779
1749471900000,2025-06-09,12:25:00,3314.915,3318.115,3314.095,3317.975,0.1483
1749472200000,2025-06-09,12:30:00,3318.048,3321.648,3317.605,3321.425,0.1551
1749472500000,2025-06-09,12:35:00,3321.435,3322.195,3318.568,3321.235,0.2361
1749472800000,2025-06-09,12:40:00,3321.265,3321.265,3319.165,3319.198,0.1885
1749473100000,2025-06-09,12:45:00,3319.198,3319.515,3317.275,3317.305,0.2328
1749473400000,2025-06-09,12:50:00,3317.315,3318.245,3315.315,3317.975,0.1215
1749473700000,2025-06-09,12:55:00,3317.848,3320.795,3317.848,3319.855,0.1669
1749474000000,2025-06-09,13:00:00,3319.885,3320.345,3315.805,3316.835,0.2111
1749474300000,2025-06-09,13:05:00,3316.815,3316.935,3314.175,3316.365,0.1763
1749474600000,2025-06-09,13:10:00,3316.385,3316.535,3315.005,3315.405,0.1757
1749474900000,2025-06-09,13:15:00,3315.425,3316.025,3312.885,3313.905,0.2564
1749475200000,2025-06-09,13:20:00,3313.899,3314.825,3310.525,3312.125,0.2264
1749475500000,2025-06-09,13:25:00,3312.215,3314.285,3311.425,3313.655,0.21
1749475800000,2025-06-09,13:30:00,3313.655,3317.735,3312.978,3315.995,0.311
1749476100000,2025-06-09,13:35:00,3315.975,3316.798,3310.658,3312.645,0.3702
1749476400000,2025-06-09,13:40:00,3312.669,3316.045,3312.285,3313.835,0.344
1749476700000,2025-06-09,13:45:00,3313.835,3320.025,3313.735,3317.735,0.3232
1749477000000,2025-06-09,13:50:00,3317.715,3319.965,3317.205,3319.785,0.2651
1749477300000,2025-06-09,13:55:00,3319.705,3321.505,3318.025,3319.135,0.2844
1749477600000,2025-06-09,14:00:00,3319.135,3321.165,3317.225,3320.915,0.313
1749477900000,2025-06-09,14:05:00,3320.865,3323.885,3319.805,3322.665,0.2703
1749478200000,2025-06-09,14:10:00,3322.665,3326.248,3321.498,3325.555,0.2821
1749478500000,2025-06-09,14:15:00,3325.555,3326.585,3322.535,3323.035,0.2607
1749478800000,2025-06-09,14:20:00,3323.035,3323.648,3320.775,3322.685,0.2965
1749479100000,2025-06-09,14:25:00,3322.765,3322.855,3320.095,3321.805,0.2642
1749479400000,2025-06-09,14:30:00,3321.805,3322.555,3318.935,3319.048,0.2852
1749479700000,2025-06-09,14:35:00,3319.025,3319.595,3317.175,3318.105,0.2284
1749480000000,2025-06-09,14:40:00,3318.105,3319.155,3315.925,3318.065,0.2293
1749480300000,2025-06-09,14:45:00,3318.148,3320.998,3317.735,3320.998,0.2285
1749480600000,2025-06-09,14:50:00,3320.939,3321.198,3319.498,3320.348,0.1817
1749480900000,2025-06-09,14:55:00,3320.345,3321.048,3319.805,3320.655,0.1196
1749481200000,2025-06-09,15:00:00,3320.675,3323.945,3320.185,3322.398,0.2202
1749481500000,2025-06-09,15:05:00,3322.398,3323.598,3321.198,3323.498,0.1439
1749481800000,2025-06-09,15:10:00,3323.498,3323.798,3322.298,3322.985,0.1353
1749482100000,2025-06-09,15:15:00,3322.985,3326.225,3322.985,3325.935,0.1795
1749482400000,2025-06-09,15:20:00,3325.935,3330.198,3325.305,3329.798,0.1955
1749482700000,2025-06-09,15:25:00,3329.798,3330.505,3328.505,3330.485,0.1614
1749483000000,2025-06-09,15:30:00,3330.448,3330.955,3328.935,3329.965,0.1299
1749483300000,2025-06-09,15:35:00,3329.948,3330.048,3328.035,3329.448,0.1322
1749483600000,2025-06-09,15:40:00,3329.535,3331.965,3329.448,3330.065,0.1589
1749483900000,2025-06-09,15:45:00,3330.065,3330.705,3328.975,3329.648,0.1764
1749484200000,2025-06-09,15:50:00,3329.645,3330.848,3329.495,3329.948,0.1126
1749484500000,2025-06-09,15:55:00,3330.015,3330.348,3328.378,3328.395,0.1458
1749484800000,2025-06-09,16:00:00,3328.378,3328.725,3327.305,3328.505,0.1305
1749485100000,2025-06-09,16:05:00,3328.485,3330.965,3327.945,3329.755,0.1203
1749485400000,2025-06-09,16:10:00,3329.715,3329.945,3328.495,3329.755,0.1131
1749485700000,2025-06-09,16:15:00,3329.755,3331.989,3329.755,3331.655,0.1898
1749486000000,2025-06-09,16:20:00,3331.605,3334.255,3330.935,3334.105,0.1506
1749486300000,2025-06-09,16:25:00,3334.105,3335.375,3332.898,3332.898,0.1258
1749486600000,2025-06-09,16:30:00,3332.895,3333.435,3331.635,3333.435,0.1292
1749486900000,2025-06-09,16:35:00,3333.375,3334.298,3331.585,3333.305,0.1322
1749487200000,2025-06-09,16:40:00,3333.305,3333.705,3332.598,3332.655,0.0703
1749487500000,2025-06-09,16:45:00,3332.685,3336.425,3332.598,3336.425,0.1794
1749487800000,2025-06-09,16:50:00,3336.398,3337.548,3336.085,3337.145,0.1429
1749488100000,2025-06-09,16:55:00,3337.105,3337.705,3335.755,3337.515,0.1363
1749488400000,2025-06-09,17:00:00,3337.519,3338.065,3335.105,3335.748,0.1893
1749488700000,2025-06-09,17:05:00,3335.748,3336.625,3335.248,3335.935,0.1216
1749489000000,2025-06-09,17:10:00,3335.948,3336.005,3333.635,3334.648,0.1169
1749489300000,2025-06-09,17:15:00,3334.648,3335.185,3333.655,3333.765,0.0908
1749489600000,2025-06-09,17:20:00,3333.775,3334.995,3333.715,3334.215,0.1056
1749489900000,2025-06-09,17:25:00,3334.145,3334.435,3332.748,3333.945,0.1591
1749490200000,2025-06-09,17:30:00,3333.905,3335.275,3332.745,3333.235,0.1133
1749490500000,2025-06-09,17:35:00,3333.235,3334.948,3333.055,3334.598,0.1012
1749490800000,2025-06-09,17:40:00,3334.505,3335.705,3334.395,3335.448,0.1314
1749491100000,2025-06-09,17:45:00,3335.425,3335.495,3334.348,3335.115,0.1029
1749491400000,2025-06-09,17:50:00,3335.115,3335.245,3333.785,3335.015,0.1267
1749491700000,2025-06-09,17:55:00,3334.975,3335.435,3333.075,3333.495,0.1492
1749492000000,2025-06-09,18:00:00,3333.495,3334.998,3333.045,3334.898,0.1032
1749492300000,2025-06-09,18:05:00,3334.898,3335.498,3334.435,3335.398,0.0679
1749492600000,2025-06-09,18:10:00,3335.398,3335.898,3334.798,3335.498,0.0938
1749492900000,2025-06-09,18:15:00,3335.505,3335.625,3334.548,3335.235,0.0986
1749493200000,2025-06-09,18:20:00,3335.205,3336.815,3335.205,3336.255,0.1168
1749493500000,2025-06-09,18:25:00,3336.275,3336.645,3335.645,3336.235,0.1098
1749493800000,2025-06-09,18:30:00,3336.275,3336.845,3335.725,3335.725,0.0891
1749494100000,2025-06-09,18:35:00,3335.725,3336.565,3334.405,3334.695,0.1373
1749494400000,2025-06-09,18:40:00,3334.705,3334.855,3333.498,3333.705,0.1066
1749494700000,2025-06-09,18:45:00,3333.705,3333.705,3332.905,3333.365,0.0959
1749495000000,2025-06-09,18:50:00,3333.348,3333.595,3332.548,3332.615,0.0972
1749495300000,2025-06-09,18:55:00,3332.615,3333.925,3332.548,3333.035,0.1187
1749495600000,2025-06-09,19:00:00,3333.029,3334.848,3332.765,3333.655,0.1026
1749495900000,2025-06-09,19:05:00,3333.655,3334.648,3333.655,3334.095,0.0865
1749496200000,2025-06-09,19:10:00,3334.085,3335.325,3333.665,3333.865,0.0952
1749496500000,2025-06-09,19:15:00,3333.935,3334.165,3333.355,3333.445,0.0929
1749496800000,2025-06-09,19:20:00,3333.439,3334.085,3332.825,3333.145,0.1014
1749497100000,2025-06-09,19:25:00,3333.298,3333.315,3331.015,3331.148,0.1253
1749497400000,2025-06-09,19:30:00,3331.095,3331.598,3330.008,3330.348,0.1069
1749497700000,2025-06-09,19:35:00,3330.448,3330.848,3328.805,3329.115,0.1687
1749498000000,2025-06-09,19:40:00,3329.105,3329.215,3327.665,3327.905,0.1433
1749498300000,2025-06-09,19:45:00,3327.898,3329.745,3327.805,3329.505,0.1369
1749498600000,2025-06-09,19:50:00,3329.505,3330.035,3327.198,3327.398,0.1415
1749498900000,2025-06-09,19:55:00,3327.415,3328.298,3325.655,3327.055,0.1853
1749499200000,2025-06-09,20:00:00,3327.049,3328.715,3326.275,3328.565,0.0927
1749499500000,2025-06-09,20:05:00,3328.565,3329.405,3328.165,3328.355,0.0549
1749499800000,2025-06-09,20:10:00,3328.335,3328.505,3326.725,3326.745,0.0443
1749500100000,2025-06-09,20:15:00,3326.705,3327.185,3326.285,3326.315,0.0478
1749500400000,2025-06-09,20:20:00,3326.315,3326.565,3325.585,3325.585,0.0273
1749500700000,2025-06-09,20:25:00,3325.585,3326.065,3325.215,3325.305,0.0389
1749501000000,2025-06-09,20:30:00,3325.405,3325.975,3324.865,3325.585,0.0423
1749501300000,2025-06-09,20:35:00,3325.595,3326.925,3324.775,3326.895,0.0447
1749501600000,2025-06-09,20:40:00,3326.895,3327.085,3326.048,3326.195,0.0412
1749501900000,2025-06-09,20:45:00,3326.175,3326.595,3325.795,3326.595,0.045
1749502200000,2025-06-09,20:50:00,3326.555,3326.995,3325.605,3325.995,0.0401
1749502500000,2025-06-09,20:55:00,3325.965,3325.965,3324.735,3325.215,0.0372
1749506400000,2025-06-09,22:00:00,3325.125,3327.148,3321.415,3323.995,0.0594
1749506700000,2025-06-09,22:05:00,3323.388,3323.885,3322.665,3323.775,0.0275
1749507000000,2025-06-09,22:10:00,3323.755,3324.575,3323.755,3324.485,0.0228
1749507300000,2025-06-09,22:15:00,3324.485,3325.415,3324.275,3325.415,0.0233
1749507600000,2025-06-09,22:20:00,3325.445,3326.548,3325.098,3325.605,0.0632
1749507900000,2025-06-09,22:25:00,3325.598,3325.598,3324.298,3325.115,0.0347
1749508200000,2025-06-09,22:30:00,3325.095,3326.725,3324.775,3324.835,0.0376
1749508500000,2025-06-09,22:35:00,3324.715,3325.485,3323.815,3323.885,0.0365
1749508800000,2025-06-09,22:40:00,3323.855,3324.235,3321.718,3321.888,0.1474
1749509100000,2025-06-09,22:45:00,3321.945,3324.055,3321.338,3322.805,0.0847
1749509400000,2025-06-09,22:50:00,3322.765,3324.245,3321.885,3323.725,0.0471
1749509700000,2025-06-09,22:55:00,3323.805,3323.815,3322.465,3323.198,0.024
1749510000000,2025-06-09,23:00:00,3323.135,3324.638,3323.135,3324.298,0.0366
1749510300000,2025-06-09,23:05:00,3324.398,3324.998,3323.845,3324.898,0.0125
1749510600000,2025-06-09,23:10:00,3324.998,3325.215,3324.465,3325.085,0.0202
1749510900000,2025-06-09,23:15:00,3325.125,3326.348,3324.448,3325.848,0.0362
1749511200000,2025-06-09,23:20:00,3325.855,3326.148,3325.348,3325.848,0.027
1749511500000,2025-06-09,23:25:00,3325.948,3326.048,3325.348,3325.948,0.0179
1749511800000,2025-06-09,23:30:00,3325.948,3326.415,3325.548,3325.655,0.0302
1749512100000,2025-06-09,23:35:00,3325.648,3326.295,3324.865,3326.225,0.0366
1749512400000,2025-06-09,23:40:00,3326.255,3326.785,3325.105,3325.325,0.0233
1749512700000,2025-06-09,23:45:00,3325.415,3325.915,3324.498,3325.325,0.0642
1749513000000,2025-06-09,23:50:00,3325.345,3327.455,3325.315,3327.355,0.037
1749513300000,2025-06-09,23:55:00,3327.405,3327.725,3326.505,3326.555,0.041
1749513600000,2025-06-10,00:00:00,3326.575,3326.595,3321.198,3321.198,0.1833
1749513900000,2025-06-10,00:05:00,3321.195,3321.898,3320.198,3320.298,0.1051
1749514200000,2025-06-10,00:10:00,3320.398,3323.595,3319.798,3323.295,0.0961
1749514500000,2025-06-10,00:15:00,3323.315,3324.448,3322.635,3323.848,0.079
1749514800000,2025-06-10,00:20:00,3323.885,3325.055,3322.365,3322.498,0.094
1749515100000,2025-06-10,00:25:00,3322.365,3322.498,3318.948,3320.515,0.1611
1749515400000,2025-06-10,00:30:00,3320.535,3322.435,3319.298,3319.515,0.1032
1749515700000,2025-06-10,00:35:00,3319.535,3320.098,3316.865,3318.465,0.2675
1749516000000,2025-06-10,00:40:00,3318.075,3319.148,3315.575,3315.805,0.2572
1749516300000,2025-06-10,00:45:00,3315.815,3317.598,3314.745,3316.748,0.1684
1749516600000,2025-06-10,00:50:00,3316.748,3318.198,3315.405,3315.448,0.1613
1749516900000,2025-06-10,00:55:00,3315.448,3316.648,3314.235,3316.398,0.2061
1749517200000,2025-06-10,01:00:00,3316.398,3319.298,3313.098,3319.098,0.3369
1749517500000,2025-06-10,01:05:00,3319.198,3319.785,3316.155,3316.325,0.2215
1749517800000,2025-06-10,01:10:00,3316.298,3317.175,3311.698,3313.275,0.2385
1749518100000,2025-06-10,01:15:00,3313.245,3314.805,3311.498,3314.125,0.262
1749518400000,2025-06-10,01:20:00,3314.148,3315.548,3310.698,3311.135,0.2876
1749518700000,2025-06-10,01:25:00,3311.105,3313.048,3308.625,3310.675,0.3024
1749519000000,2025-06-10,01:30:00,3310.715,3311.798,3306.198,3307.305,0.2024
1749519300000,2025-06-10,01:35:00,3307.465,3309.298,3306.605,3308.105,0.2377
1749519600000,2025-06-10,01:40:00,3308.075,3308.895,3305.505,3306.325,0.2394
1749519900000,2025-06-10,01:45:00,3306.005,3307.148,3304.425,3304.455,0.202
1749520200000,2025-06-10,01:50:00,3304.415,3305.965,3302.675,3304.598,0.2999
1749520500000,2025-06-10,01:55:00,3304.515,3307.965,3303.205,3305.915,0.1945
1749520800000,2025-06-10,02:00:00,3305.875,3307.465,3304.145,3305.048,0.2402
1749521100000,2025-06-10,02:05:00,3304.975,3305.948,3302.698,3305.948,0.2298
1749521400000,2025-06-10,02:10:00,3305.948,3308.048,3305.548,3307.725,0.1433
1749521700000,2025-06-10,02:15:00,3307.685,3308.548,3306.345,3306.485,0.157
1749522000000,2025-06-10,02:20:00,3306.498,3307.435,3303.875,3305.415,0.1313
1749522300000,2025-06-10,02:25:00,3305.395,3305.885,3302.695,3303.515,0.196
1749522600000,2025-06-10,02:30:00,3303.535,3305.095,3301.698,3304.425,0.2251
1749522900000,2025-06-10,02:35:00,3304.425,3307.425,3304.035,3306.115,0.215
1749523200000,2025-06-10,02:40:00,3306.065,3307.525,3304.055,3304.855,0.1157
1749523500000,2025-06-10,02:45:00,3305.055,3307.525,3304.365,3306.905,0.1014
1749523800000,2025-06-10,02:50:00,3306.915,3309.435,3306.265,3309.305,0.2006
1749524100000,2025-06-10,02:55:00,3309.215,3310.085,3307.398,3309.155,0.1075
1749524400000,2025-06-10,03:00:00,3309.105,3309.475,3307.448,3307.665,0.1368
1749524700000,2025-06-10,03:05:00,3307.695,3310.148,3307.048,3307.798,0.1371
1749525000000,2025-06-10,03:10:00,3307.798,3307.998,3305.175,3305.498,0.2164
1749525300000,2025-06-10,03:15:00,3305.498,3307.095,3304.825,3306.895,0.0886
1749525600000,2025-06-10,03:20:00,3306.895,3307.185,3305.725,3306.898,0.082
1749525900000,2025-06-10,03:25:00,3306.998,3308.875,3306.798,3307.298,0.1156
1749526200000,2025-06-10,03:30:00,3307.215,3309.375,3306.715,3308.755,0.087
1749526500000,2025-06-10,03:35:00,3308.765,3309.375,3308.175,3308.835,0.0719
1749526800000,2025-06-10,03:40:00,3308.835,3309.255,3307.605,3308.048,0.0692
1749527100000,2025-06-10,03:45:00,3307.975,3308.935,3307.385,3307.548,0.0449
1749527400000,2025-06-10,03:50:00,3307.585,3308.648,3306.805,3306.835,0.0423
1749527700000,2025-06-10,03:55:00,3306.805,3309.425,3306.805,3307.305,0.1165
1749528000000,2025-06-10,04:00:00,3307.345,3307.655,3306.065,3307.525,0.0716
1749528300000,2025-06-10,04:05:00,3307.498,3308.545,3306.598,3306.805,0.0677
1749528600000,2025-06-10,04:10:00,3306.798,3307.048,3305.935,3306.248,0.061
1749528900000,2025-06-10,04:15:00,3306.255,3307.285,3306.045,3307.248,0.0467
1749529200000,2025-06-10,04:20:00,3307.148,3308.085,3306.848,3307.348,0.0446
1749529500000,2025-06-10,04:25:00,3307.348,3307.348,3302.645,3303.135,0.0889
1749529800000,2025-06-10,04:30:00,3303.165,3304.295,3302.665,3303.445,0.0757
1749530100000,2025-06-10,04:35:00,3303.498,3305.015,3303.005,3304.795,0.1026
1749530400000,2025-06-10,04:40:00,3304.798,3306.098,3303.748,3304.748,0.1124
1749530700000,2025-06-10,04:45:00,3304.765,3306.248,3304.135,3305.948,0.0523
1749531000000,2025-06-10,04:50:00,3305.985,3307.485,3305.615,3307.375,0.052
1749531300000,2025-06-10,04:55:00,3307.355,3308.035,3306.655,3307.048,0.0578
1749531600000,2025-06-10,05:00:00,3307.015,3309.875,3306.505,3309.698,0.0828
1749531900000,2025-06-10,05:05:00,3309.698,3311.048,3309.498,3310.598,0.0785
1749532200000,2025-06-10,05:10:00,3310.498,3311.348,3309.898,3310.248,0.1112
1749532500000,2025-06-10,05:15:00,3310.145,3311.065,3309.158,3310.855,0.0869
1749532800000,2025-06-10,05:20:00,3310.875,3313.145,3310.148,3312.315,0.2164
1749533100000,2025-06-10,05:25:00,3312.398,3312.645,3309.228,3310.348,0.182
1749533400000,2025-06-10,05:30:00,3310.248,3316.598,3309.218,3316.598,0.3255
1749533700000,2025-06-10,05:35:00,3316.585,3318.995,3316.475,3317.185,0.1979
1749534000000,2025-06-10,05:40:00,3317.148,3317.315,3313.158,3315.498,0.1907
1749534300000,2025-06-10,05:45:00,3315.498,3316.315,3313.525,3315.985,0.135
1749534600000,2025-06-10,05:50:00,3315.935,3318.798,3315.148,3317.748,0.1785
1749534900000,2025-06-10,05:55:00,3317.748,3318.798,3316.898,3317.298,0.1886
1749535200000,2025-06-10,06:00:00,3317.398,3318.505,3315.245,3317.235,0.2531
1749535500000,2025-06-10,06:05:00,3317.445,3319.485,3316.585,3319.315,0.2343
1749535800000,2025-06-10,06:10:00,3319.355,3321.598,3318.695,3321.345,0.2928
1749536100000,2025-06-10,06:15:00,3321.425,3323.695,3320.695,3322.865,0.1676
1749536400000,2025-06-10,06:20:00,3322.905,3325.848,3322.755,3323.705,0.2572
1749536700000,2025-06-10,06:25:00,3323.715,3325.915,3321.205,3325.795,0.2948
1749537000000,2025-06-10,06:30:00,3325.675,3328.925,3325.285,3326.535,0.5194
1749537300000,2025-06-10,06:35:00,3326.555,3331.125,3326.555,3327.875,0.2825
1749537600000,2025-06-10,06:40:00,3327.845,3329.465,3326.925,3329.095,0.2189
1749537900000,2025-06-10,06:45:00,3329.145,3330.955,3328.355,3328.355,0.2608
1749538200000,2025-06-10,06:50:00,3328.335,3329.095,3326.615,3328.465,0.1524
1749538500000,2025-06-10,06:55:00,3328.465,3328.565,3325.245,3325.248,0.1569
1749538800000,2025-06-10,07:00:00,3325.255,3328.865,3325.108,3326.305,0.2329
1749539100000,2025-06-10,07:05:00,3326.335,3329.065,3325.935,3328.605,0.395
1749539400000,2025-06-10,07:10:00,3328.545,3329.348,3327.568,3327.805,0.2807
1749539700000,2025-06-10,07:15:00,3327.805,3328.505,3325.548,3325.785,0.3294
1749540000000,2025-06-10,07:20:00,3325.795,3326.265,3323.975,3324.398,0.316
1749540300000,2025-06-10,07:25:00,3324.205,3327.848,3323.775,3327.548,0.1502
1749540600000,2025-06-10,07:30:00,3327.725,3331.755,3327.495,3330.998,0.3539
1749540900000,2025-06-10,07:35:00,3330.975,3332.055,3328.825,3330.095,0.2339
1749541200000,2025-06-10,07:40:00,3330.095,3331.315,3327.218,3328.729,0.2432
1749541500000,2025-06-10,07:45:00,3328.605,3331.155,3327.715,3329.445,0.2731
1749541800000,2025-06-10,07:50:00,3329.475,3330.805,3328.625,3329.025,0.1332
1749542100000,2025-06-10,07:55:00,3329.025,3330.105,3328.525,3329.925,0.1045
1749542400000,2025-06-10,08:00:00,3330.025,3330.805,3328.105,3329.505,0.3622
1749542700000,2025-06-10,08:05:00,3329.385,3330.655,3326.755,3330.218,0.347
1749543000000,2025-06-10,08:10:00,3330.235,3332.525,3328.545,3331.855,0.3471
1749543300000,2025-06-10,08:15:00,3331.855,3334.775,3331.615,3332.625,0.2044
1749543600000,2025-06-10,08:20:00,3332.645,3332.715,3329.715,3330.005,0.1398
1749543900000,2025-06-10,08:25:00,3330.005,3330.575,3328.455,3328.975,0.2343
1749544200000,2025-06-10,08:30:00,3328.915,3329.755,3328.415,3329.345,0.101
1749544500000,2025-06-10,08:35:00,3329.365,3329.565,3327.105,3327.625,0.1781
1749544800000,2025-06-10,08:40:00,3327.625,3329.205,3326.848,3327.305,0.2484
1749545100000,2025-06-10,08:45:00,3327.255,3327.515,3325.948,3327.155,0.2021
1749545400000,2025-06-10,08:50:00,3327.155,3329.775,3327.105,3329.455,0.1297
1749545700000,2025-06-10,08:55:00,3329.448,3329.895,3327.935,3329.205,0.0979
1749546000000,2025-06-10,09:00:00,3329.205,3330.075,3328.645,3329.575,0.0877
1749546300000,2025-06-10,09:05:00,3329.525,3329.755,3327.325,3328.435,0.0922
1749546600000,2025-06-10,09:10:00,3328.435,3329.905,3328.395,3329.498,0.1243
1749546900000,2025-06-10,09:15:00,3329.535,3330.775,3329.225,3330.675,0.0843
1749547200000,2025-06-10,09:20:00,3330.695,3331.705,3329.485,3330.185,0.0785
1749547500000,2025-06-10,09:25:00,3330.205,3330.555,3328.648,3328.885,0.068
1749547800000,2025-06-10,09:30:00,3328.895,3329.125,3327.398,3328.385,0.1369
1749548100000,2025-06-10,09:35:00,3328.405,3328.835,3327.515,3328.395,0.1092
1749548400000,2025-06-10,09:40:00,3328.355,3328.895,3327.535,3327.548,0.0889
1749548700000,2025-06-10,09:45:00,3327.535,3328.548,3326.948,3328.048,0.0877
1749549000000,2025-06-10,09:50:00,3327.975,3328.848,3326.865,3327.648,0.1075
1749549300000,2025-06-10,09:55:00,3327.625,3329.595,3327.405,3329.545,0.0888
1749549600000,2025-06-10,10:00:00,3329.575,3330.095,3328.545,3328.735,0.0946
1749549900000,2025-06-10,10:05:00,3328.775,3329.835,3328.295,3328.805,0.0982
1749550200000,2025-06-10,10:10:00,3328.815,3330.155,3328.655,3328.865,0.1327
1749550500000,2025-06-10,10:15:00,3328.885,3330.535,3328.185,3330.125,0.1733
1749550800000,2025-06-10,10:20:00,3330.055,3333.645,3329.575,3333.365,0.133
1749551100000,2025-06-10,10:25:00,3333.478,3335.245,3332.575,3333.775,0.1417
1749551400000,2025-06-10,10:30:00,3333.745,3334.105,3332.655,3333.515,0.0858
1749551700000,2025-06-10,10:35:00,3333.555,3335.025,3333.435,3334.725,0.0751
1749552000000,2025-06-10,10:40:00,3334.655,3334.655,3332.745,3333.745,0.07
1749552300000,2025-06-10,10:45:00,3333.705,3334.175,3332.705,3333.605,0.0554
1749552600000,2025-06-10,10:50:00,3333.645,3335.045,3333.645,3334.765,0.0749
1749552900000,2025-06-10,10:55:00,3334.765,3336.035,3334.365,3335.105,0.078
1749553200000,2025-06-10,11:00:00,3335.098,3336.069,3333.555,3333.788,0.1277
1749553500000,2025-06-10,11:05:00,3333.798,3337.445,3333.725,3336.458,0.141
1749553800000,2025-06-10,11:10:00,3336.455,3339.125,3335.988,3338.905,0.122
1749554100000,2025-06-10,11:15:00,3338.835,3341.445,3338.835,3341.245,0.1379
1749554400000,2025-06-10,11:20:00,3341.275,3341.948,3339.555,3339.905,0.1424
1749554700000,2025-06-10,11:25:00,3339.895,3340.615,3339.005,3340.345,0.1072
1749555000000,2025-06-10,11:30:00,3340.285,3342.298,3339.725,3339.895,0.1231
1749555300000,2025-06-10,11:35:00,3339.875,3340.605,3338.515,3339.635,0.1241
1749555600000,2025-06-10,11:40:00,3339.635,3339.755,3335.875,3337.785,0.1551
1749555900000,2025-06-10,11:45:00,3337.785,3337.905,3336.015,3336.448,0.0919
1749556200000,2025-06-10,11:50:00,3336.548,3336.845,3333.198,3334.375,0.1816
1749556500000,2025-06-10,11:55:00,3334.455,3334.948,3332.118,3333.545,0.1567
1749556800000,2025-06-10,12:00:00,3333.595,3335.735,3332.605,3332.655,0.1844
1749557100000,2025-06-10,12:05:00,3332.685,3333.395,3331.195,3332.185,0.1501
1749557400000,2025-06-10,12:10:00,3332.205,3332.385,3329.035,3329.035,0.1316
1749557700000,2025-06-10,12:15:00,3328.885,3332.215,3328.015,3332.005,0.1271
1749558000000,2025-06-10,12:20:00,3332.025,3337.148,3331.948,3335.265,0.1847
1749558300000,2025-06-10,12:25:00,3335.415,3338.275,3335.375,3337.015,0.1363
1749558600000,2025-06-10,12:30:00,3337.105,3340.015,3336.725,3338.705,0.1594
1749558900000,2025-06-10,12:35:00,3338.705,3340.025,3337.348,3337.638,0.1252
1749559200000,2025-06-10,12:40:00,3337.658,3338.535,3335.275,3338.435,0.1305
1749559500000,2025-06-10,12:45:00,3338.415,3339.948,3338.185,3339.535,0.1036
1749559800000,2025-06-10,12:50:00,3339.465,3340.135,3338.455,3339.205,0.1214
1749560100000,2025-06-10,12:55:00,3339.195,3339.415,3336.795,3336.935,0.114
1749560400000,2025-06-10,13:00:00,3337.075,3338.805,3335.305,3338.705,0.2138
1749560700000,2025-06-10,13:05:00,3338.705,3338.705,3336.248,3337.545,0.1712
1749561000000,2025-06-10,13:10:00,3337.565,3340.005,3337.059,3338.795,0.1449
1749561300000,2025-06-10,13:15:00,3338.825,3340.865,3337.985,3340.185,0.1401
1749561600000,2025-06-10,13:20:00,3340.235,3344.535,3339.948,3344.155,0.2638
1749561900000,2025-06-10,13:25:00,3344.185,3345.985,3341.405,3345.628,0.2618
1749562200000,2025-06-10,13:30:00,3345.565,3346.855,3343.538,3344.338,0.286
1749562500000,2025-06-10,13:35:00,3344.309,3344.875,3342.315,3344.448,0.2485
1749562800000,2025-06-10,13:40:00,3344.448,3347.575,3343.555,3347.425,0.2065
1749563100000,2025-06-10,13:45:00,3347.355,3348.895,3345.365,3346.455,0.2534
1749563400000,2025-06-10,13:50:00,3346.515,3347.048,3344.685,3346.615,0.201
1749563700000,2025-06-10,13:55:00,3346.655,3347.015,3343.305,3343.355,0.218
1749564000000,2025-06-10,14:00:00,3343.355,3343.498,3337.648,3341.355,0.3411
1749564300000,2025-06-10,14:05:00,3341.355,3341.355,3334.218,3335.085,0.2963
1749564600000,2025-06-10,14:10:00,3335.145,3338.205,3333.455,3335.965,0.2826
1749564900000,2025-06-10,14:15:00,3336.015,3338.835,3330.995,3332.925,0.2871
1749565200000,2025-06-10,14:20:00,3332.865,3336.205,3331.465,3334.125,0.2696
1749565500000,2025-06-10,14:25:00,3334.125,3335.148,3332.565,3333.335,0.2684
1749565800000,2025-06-10,14:30:00,3333.335,3333.365,3331.045,3331.498,0.2788
1749566100000,2025-06-10,14:35:00,3331.435,3333.315,3330.248,3332.935,0.2391
1749566400000,2025-06-10,14:40:00,3332.935,3333.098,3328.805,3329.405,0.254
1749566700000,2025-06-10,14:45:00,3329.405,3332.285,3327.555,3330.198,0.2428
1749567000000,2025-06-10,14:50:00,3330.145,3330.365,3325.235,3327.675,0.2269
1749567300000,2025-06-10,14:55:00,3327.705,3329.405,3326.845,3328.335,0.2586
1749567600000,2025-06-10,15:00:00,3328.335,3328.335,3324.345,3324.345,0.3043
1749567900000,2025-06-10,15:05:00,3324.355,3328.995,3324.355,3327.855,0.2219
1749568200000,2025-06-10,15:10:00,3327.635,3328.548,3325.248,3325.555,0.2037
1749568500000,2025-06-10,15:15:00,3325.555,3325.898,3323.505,3324.805,0.2281
1749568800000,2025-06-10,15:20:00,3324.805,3326.075,3323.248,3323.505,0.1847
1749569100000,2025-06-10,15:25:00,3323.675,3326.435,3323.348,3326.365,0.1382
1749569400000,2025-06-10,15:30:00,3326.425,3329.075,3324.555,3326.185,0.2984
1749569700000,2025-06-10,15:35:00,3326.225,3328.755,3325.515,3325.785,0.2316
1749570000000,2025-06-10,15:40:00,3325.755,3327.595,3322.965,3325.935,0.2442
1749570300000,2025-06-10,15:45:00,3325.905,3326.115,3324.225,3325.748,0.1395
1749570600000,2025-06-10,15:50:00,3325.675,3328.055,3325.235,3327.935,0.1421
1749570900000,2025-06-10,15:55:00,3327.935,3328.175,3325.705,3326.495,0.1376
1749571200000,2025-06-10,16:00:00,3326.455,3327.565,3325.365,3327.065,0.1236
1749571500000,2025-06-10,16:05:00,3327.035,3327.165,3324.515,3325.175,0.1339
1749571800000,2025-06-10,16:10:00,3325.155,3325.155,3321.025,3322.695,0.1893
1749572100000,2025-06-10,16:15:00,3322.975,3323.005,3320.445,3321.995,0.1438
1749572400000,2025-06-10,16:20:00,3322.025,3323.265,3321.065,3321.505,0.1307
1749572700000,2025-06-10,16:25:00,3321.495,3322.805,3321.205,3322.575,0.109
1749573000000,2025-06-10,16:30:00,3322.648,3323.225,3321.725,3322.885,0.1348
1749573300000,2025-06-10,16:35:00,3322.965,3322.965,3321.175,3322.435,0.0996
1749573600000,2025-06-10,16:40:00,3322.495,3324.255,3322.205,3323.305,0.1536
1749573900000,2025-06-10,16:45:00,3323.295,3323.325,3320.475,3321.255,0.1192
1749574200000,2025-06-10,16:50:00,3321.249,3322.005,3320.745,3320.985,0.1288
1749574500000,2025-06-10,16:55:00,3320.995,3321.335,3319.755,3321.065,0.0882
1749574800000,2025-06-10,17:00:00,3321.065,3323.165,3320.235,3322.775,0.1334
1749575100000,2025-06-10,17:05:00,3322.769,3324.155,3321.445,3324.155,0.1302
1749575400000,2025-06-10,17:10:00,3324.165,3324.348,3322.065,3322.325,0.1451
1749575700000,2025-06-10,17:15:00,3322.245,3323.455,3320.925,3321.098,0.1353
1749576000000,2025-06-10,17:20:00,3321.115,3321.635,3320.298,3321.245,0.1389
1749576300000,2025-06-10,17:25:00,3321.125,3323.925,3321.125,3321.715,0.1368
1749576600000,2025-06-10,17:30:00,3321.805,3324.155,3321.799,3323.855,0.0829
1749576900000,2025-06-10,17:35:00,3323.915,3324.545,3323.395,3323.695,0.0949
1749577200000,2025-06-10,17:40:00,3323.665,3324.948,3323.215,3323.805,0.0991
1749577500000,2025-06-10,17:45:00,3323.799,3324.125,3322.805,3323.705,0.085
1749577800000,2025-06-10,17:50:00,3323.699,3325.195,3323.545,3325.075,0.0814
1749578100000,2025-06-10,17:55:00,3325.105,3325.725,3324.275,3324.575,0.099
1749578400000,2025-06-10,18:00:00,3324.615,3325.225,3323.135,3323.265,0.1611
1749578700000,2025-06-10,18:05:00,3323.265,3324.025,3322.795,3323.715,0.0988
1749579000000,2025-06-10,18:10:00,3323.705,3323.915,3321.975,3322.498,0.1408
1749579300000,2025-06-10,18:15:00,3322.515,3322.675,3321.505,3322.165,0.1299
1749579600000,2025-06-10,18:20:00,3322.145,3322.565,3321.005,3322.215,0.1056
1749579900000,2025-06-10,18:25:00,3322.255,3323.595,3322.015,3323.085,0.0993
1749580200000,2025-06-10,18:30:00,3323.135,3323.315,3321.485,3321.605,0.1
1749580500000,2025-06-10,18:35:00,3321.695,3323.285,3320.998,3323.285,0.0968
1749580800000,2025-06-10,18:40:00,3323.148,3323.795,3322.965,3323.705,0.0899
1749581100000,2025-06-10,18:45:00,3323.725,3323.785,3322.105,3322.175,0.104
1749581400000,2025-06-10,18:50:00,3322.195,3322.498,3320.795,3320.905,0.117
1749581700000,2025-06-10,18:55:00,3320.798,3322.798,3319.215,3321.405,0.1847
1749582000000,2025-06-10,19:00:00,3321.425,3324.165,3321.248,3322.995,0.1468
1749582300000,2025-06-10,19:05:00,3323.035,3324.805,3321.948,3324.695,0.1176
1749582600000,2025-06-10,19:10:00,3324.695,3325.948,3324.448,3325.948,0.077
1749582900000,2025-06-10,19:15:00,3325.948,3330.198,3325.948,3328.975,0.1424
1749583200000,2025-06-10,19:20:00,3328.969,3330.805,3328.935,3330.655,0.1358
1749583500000,2025-06-10,19:25:00,3330.705,3331.855,3330.148,3331.048,0.1243
1749583800000,2025-06-10,19:30:00,3331.048,3333.365,3330.875,3333.298,0.1336
1749584100000,2025-06-10,19:35:00,3333.315,3334.348,3333.198,3333.705,0.1229
1749584400000,2025-06-10,19:40:00,3333.735,3333.965,3332.335,3333.248,0.1414
1749584700000,2025-06-10,19:45:00,3333.248,3333.845,3331.928,3332.685,0.1318
1749585000000,2025-06-10,19:50:00,3332.679,3333.295,3329.225,3329.298,0.1332
1749585300000,2025-06-10,19:55:00,3329.399,3329.635,3327.658,3328.485,0.1584
1749585600000,2025-06-10,20:00:00,3328.535,3328.655,3326.658,3326.948,0.084
1749585900000,2025-06-10,20:05:00,3326.909,3327.538,3325.878,3327.418,0.0635
1749586200000,2025-06-10,20:10:00,3327.418,3328.455,3327.348,3327.658,0.0619
1749586500000,2025-06-10,20:15:00,3327.668,3328.538,3325.508,3325.725,0.0542
1749586800000,2025-06-10,20:20:00,3325.755,3325.968,3324.108,3325.235,0.0612
1749587100000,2025-06-10,20:25:00,3325.255,3326.315,3324.495,3324.675,0.0511
1749587400000,2025-06-10,20:30:00,3324.685,3326.225,3323.648,3323.848,0.0432
1749587700000,2025-06-10,20:35:00,3323.848,3323.888,3322.498,3322.758,0.0504
1749588000000,2025-06-10,20:40:00,3322.758,3323.408,3322.718,3323.388,0.0376
1749588300000,2025-06-10,20:45:00,3323.288,3323.658,3322.398,3323.118,0.0441
1749588600000,2025-06-10,20:50:00,3323.098,3323.435,3322.268,3322.458,0.03
1749588900000,2025-06-10,20:55:00,3322.495,3323.435,3322.235,3323.295,0.0445
1749592800000,2025-06-10,22:00:00,3322.298,3322.645,3320.615,3322.085,0.0507
1749593100000,2025-06-10,22:05:00,3322.105,3323.615,3322.105,3323.615,0.0206
1749593400000,2025-06-10,22:10:00,3323.725,3324.325,3321.598,3321.598,0.0484
1749593700000,2025-06-10,22:15:00,3321.598,3322.748,3320.948,3322.198,0.0356
1749594000000,2025-06-10,22:20:00,3322.198,3323.398,3322.198,3322.248,0.0253
1749594300000,2025-06-10,22:25:00,3322.305,3322.348,3320.445,3321.785,0.148
1749594600000,2025-06-10,22:30:00,3321.765,3323.255,3320.945,3322.595,0.0726
1749594900000,2025-06-10,22:35:00,3322.655,3324.015,3322.565,3323.795,0.0441
1749595200000,2025-06-10,22:40:00,3323.775,3326.805,3323.775,3326.805,0.0698
1749595500000,2025-06-10,22:45:00,3326.785,3327.175,3324.155,3325.148,0.0614
1749595800000,2025-06-10,22:50:00,3325.148,3325.465,3323.548,3324.198,0.0584
1749596100000,2025-06-10,22:55:00,3324.098,3324.605,3323.598,3324.198,0.0301
1749596400000,2025-06-10,23:00:00,3324.085,3324.898,3323.098,3323.798,0.0314
1749596700000,2025-06-10,23:05:00,3323.898,3326.998,3323.798,3325.798,0.0527
1749597000000,2025-06-10,23:10:00,3325.898,3326.595,3324.905,3325.415,0.0423
1749597300000,2025-06-10,23:15:00,3325.635,3325.905,3321.755,3321.755,0.0659
1749597600000,2025-06-10,23:20:00,3321.775,3322.205,3315.245,3320.575,0.2064
1749597900000,2025-06-10,23:25:00,3320.545,3323.025,3318.935,3321.748,0.085
1749598200000,2025-06-10,23:30:00,3321.748,3322.605,3319.348,3321.065,0.0647
1749598500000,2025-06-10,23:35:00,3321.135,3325.655,3320.805,3325.435,0.0667
1749598800000,2025-06-10,23:40:00,3325.465,3326.105,3324.515,3325.235,0.0397
1749599100000,2025-06-10,23:45:00,3325.275,3326.245,3324.145,3325.965,0.048
1749599400000,2025-06-10,23:50:00,3325.835,3327.835,3325.775,3326.135,0.0964
1749599700000,2025-06-10,23:55:00,3326.055,3327.955,3325.725,3327.755,0.0763
1749600000000,2025-06-11,00:00:00,3327.825,3327.925,3324.835,3325.095,0.1056
1749600300000,2025-06-11,00:05:00,3325.155,3328.565,3325.155,3327.695,0.0824
1749600600000,2025-06-11,00:10:00,3327.715,3330.085,3327.655,3328.095,0.0861
1749600900000,2025-06-11,00:15:00,3328.145,3331.665,3328.055,3331.335,0.1298
1749601200000,2025-06-11,00:20:00,3331.315,3333.598,3330.748,3331.248,0.1374
1749601500000,2025-06-11,00:25:00,3331.248,3331.498,3329.828,3330.698,0.1261
1749601800000,2025-06-11,00:30:00,3330.698,3332.448,3330.498,3331.798,0.1399
1749602100000,2025-06-11,00:35:00,3331.598,3334.048,3330.048,3333.548,0.1687
1749602400000,2025-06-11,00:40:00,3333.575,3334.995,3332.028,3332.998,0.2513
1749602700000,2025-06-11,00:45:00,3332.998,3334.098,3332.058,3333.698,0.1597
1749603000000,2025-06-11,00:50:00,3333.698,3333.835,3331.505,3331.645,0.1025
1749603300000,2025-06-11,00:55:00,3331.645,3332.495,3331.015,3332.165,0.1142
1749603600000,2025-06-11,01:00:00,3332.148,3333.305,3330.248,3330.635,0.1599
1749603900000,2025-06-11,01:05:00,3330.705,3332.675,3330.215,3332.255,0.103
1749604200000,2025-06-11,01:10:00,3332.275,3334.575,3332.255,3333.775,0.1312
1749604500000,2025-06-11,01:15:00,3333.825,3336.255,3332.815,3335.598,0.1436
1749604800000,2025-06-11,01:20:00,3335.645,3335.998,3334.305,3335.098,0.1471
1749605100000,2025-06-11,01:25:00,3335.098,3337.279,3334.349,3335.498,0.1348
1749605400000,2025-06-11,01:30:00,3335.405,3336.098,3333.935,3334.455,0.2121
1749605700000,2025-06-11,01:35:00,3334.455,3335.298,3332.798,3334.748,0.2131
1749606000000,2025-06-11,01:40:00,3334.758,3336.335,3334.115,3334.145,0.2693
1749606300000,2025-06-11,01:45:00,3334.125,3334.235,3330.875,3330.935,0.163
1749606600000,2025-06-11,01:50:00,3330.905,3330.905,3328.335,3328.445,0.1872
1749606900000,2025-06-11,01:55:00,3328.405,3329.055,3327.385,3328.345,0.1732
1749607200000,2025-06-11,02:00:00,3328.265,3329.105,3326.835,3327.948,0.1035
1749607500000,2025-06-11,02:05:00,3327.948,3330.045,3327.355,3330.015,0.0829
1749607800000,2025-06-11,02:10:00,3329.998,3332.298,3329.425,3332.245,0.1134
1749608100000,2025-06-11,02:15:00,3332.298,3335.848,3332.015,3335.648,0.1211
1749608400000,2025-06-11,02:20:00,3335.748,3336.198,3334.225,3335.415,0.1079
1749608700000,2025-06-11,02:25:00,3335.345,3335.705,3332.585,3333.265,0.0834
1749609000000,2025-06-11,02:30:00,3333.265,3335.455,3332.198,3334.498,0.1361
1749609300000,2025-06-11,02:35:00,3334.465,3334.565,3332.498,3334.365,0.1177
1749609600000,2025-06-11,02:40:00,3334.405,3337.055,3333.848,3336.945,0.0883
1749609900000,2025-06-11,02:45:00,3336.885,3338.495,3335.655,3337.865,0.1154
1749610200000,2025-06-11,02:50:00,3337.859,3339.335,3337.748,3338.755,0.1324
1749610500000,2025-06-11,02:55:00,3338.785,3339.415,3337.715,3337.965,0.085
1749610800000,2025-06-11,03:00:00,3337.965,3338.898,3337.098,3338.898,0.1465
1749611100000,2025-06-11,03:05:00,3339.215,3339.225,3337.395,3337.555,0.1316
1749611400000,2025-06-11,03:10:00,3337.535,3339.598,3336.275,3336.595,0.121
1749611700000,2025-06-11,03:15:00,3336.648,3338.925,3336.385,3338.045,0.0897
1749612000000,2025-06-11,03:20:00,3338.075,3338.198,3337.105,3337.635,0.0912
1749612300000,2025-06-11,03:25:00,3337.675,3339.498,3337.435,3339.225,0.1357
1749612600000,2025-06-11,03:30:00,3339.205,3341.048,3338.898,3340.748,0.1232
1749612900000,2025-06-11,03:35:00,3340.748,3341.475,3340.175,3340.248,0.1454
1749613200000,2025-06-11,03:40:00,3340.265,3340.975,3340.148,3340.765,0.0569
1749613500000,2025-06-11,03:45:00,3340.748,3340.948,3339.405,3339.765,0.0356
1749613800000,2025-06-11,03:50:00,3339.785,3339.815,3338.368,3338.898,0.0727
1749614100000,2025-06-11,03:55:00,3338.845,3339.555,3338.505,3339.105,0.0404
1749614400000,2025-06-11,04:00:00,3339.098,3339.098,3336.745,3337.925,0.0752
1749614700000,2025-06-11,04:05:00,3337.955,3340.855,3337.955,3340.365,0.0925
1749615000000,2025-06-11,04:10:00,3340.345,3342.735,3340.345,3342.535,0.1573
1749615300000,2025-06-11,04:15:00,3342.465,3342.465,3340.428,3340.455,0.1261
1749615600000,2025-06-11,04:20:00,3340.485,3340.508,3339.135,3339.848,0.1324
1749615900000,2025-06-11,04:25:00,3339.848,3341.825,3339.518,3341.455,0.2071
1749616200000,2025-06-11,04:30:00,3341.485,3341.495,3339.498,3339.665,0.0464
1749616500000,2025-06-11,04:35:00,3339.648,3340.385,3339.445,3339.498,0.0413
1749616800000,2025-06-11,04:40:00,3339.498,3340.565,3339.335,3340.515,0.0354
1749617100000,2025-06-11,04:45:00,3340.535,3342.095,3340.385,3341.835,0.0387
1749617400000,2025-06-11,04:50:00,3341.845,3342.548,3341.098,3341.848,0.0828
1749617700000,2025-06-11,04:55:00,3341.848,3342.248,3341.338,3341.525,0.106
1749618000000,2025-06-11,05:00:00,3341.519,3342.895,3341.065,3342.415,0.1098
1749618300000,2025-06-11,05:05:00,3342.438,3342.535,3340.758,3342.005,0.0936
1749618600000,2025-06-11,05:10:00,3342.055,3342.575,3340.055,3340.398,0.1101
1749618900000,2025-06-11,05:15:00,3340.178,3340.178,3338.618,3339.465,0.1674
1749619200000,2025-06-11,05:20:00,3339.465,3341.085,3339.255,3340.855,0.104
1749619500000,2025-06-11,05:25:00,3340.898,3341.795,3340.478,3340.525,0.0689
1749619800000,2025-06-11,05:30:00,3340.478,3342.115,3339.378,3341.545,0.1189
1749620100000,2025-06-11,05:35:00,3341.565,3342.395,3339.965,3340.465,0.0743
1749620400000,2025-06-11,05:40:00,3340.415,3340.415,3336.878,3338.255,0.1333
1749620700000,2025-06-11,05:45:00,3338.255,3339.255,3336.185,3337.285,0.1258
1749621000000,2025-06-11,05:50:00,3337.345,3338.925,3335.325,3335.605,0.1377
1749621300000,2025-06-11,05:55:00,3335.635,3339.605,3335.465,3339.498,0.226
1749621600000,2025-06-11,06:00:00,3339.525,3339.998,3336.965,3338.275,0.1686
1749621900000,2025-06-11,06:05:00,3338.335,3339.885,3338.215,3339.548,0.0785
1749622200000,2025-06-11,06:10:00,3339.648,3339.855,3337.875,3337.945,0.0826
1749622500000,2025-06-11,06:15:00,3337.995,3338.605,3336.818,3336.975,0.0855
1749622800000,2025-06-11,06:20:00,3337.165,3337.165,3335.105,3335.815,0.0987
1749623100000,2025-06-11,06:25:00,3335.815,3335.848,3332.225,3333.145,0.1384
1749623400000,2025-06-11,06:30:00,3333.185,3336.815,3333.095,3336.598,0.1469
1749623700000,2025-06-11,06:35:00,3336.555,3337.175,3334.835,3335.615,0.145
1749624000000,2025-06-11,06:40:00,3335.698,3337.648,3335.505,3337.215,0.1089
1749624300000,2025-06-11,06:45:00,3337.245,3338.565,3336.215,3336.705,0.0988
1749624600000,2025-06-11,06:50:00,3336.765,3338.945,3336.665,3337.665,0.0887
1749624900000,2025-06-11,06:55:00,3337.645,3337.795,3335.975,3337.125,0.085
1749625200000,2025-06-11,07:00:00,3337.085,3338.035,3335.738,3337.655,0.0913
1749625500000,2025-06-11,07:05:00,3337.648,3338.455,3336.335,3336.785,0.0944
1749625800000,2025-06-11,07:10:00,3336.375,3336.635,3334.965,3335.635,0.1003
1749626100000,2025-06-11,07:15:00,3335.675,3338.448,3335.675,3338.275,0.0828
1749626400000,2025-06-11,07:20:00,3338.255,3340.298,3338.155,3338.898,0.0791
1749626700000,2025-06-11,07:25:00,3338.898,3339.325,3337.695,3338.798,0.108
1749627000000,2025-06-11,07:30:00,3338.798,3341.148,3338.398,3338.915,0.115
1749627300000,2025-06-11,07:35:00,3338.898,3338.898,3335.935,3336.065,0.1219
1749627600000,2025-06-11,07:40:00,3336.025,3340.075,3335.818,3340.035,0.0964
1749627900000,2025-06-11,07:45:00,3340.055,3342.185,3339.485,3342.115,0.1232
1749628200000,2025-06-11,07:50:00,3342.085,3347.085,3342.075,3346.248,0.1735
1749628500000,2025-06-11,07:55:00,3346.248,3348.405,3345.065,3345.415,0.1439
1749628800000,2025-06-11,08:00:00,3345.409,3345.548,3343.678,3345.355,0.2169
1749629100000,2025-06-11,08:05:00,3345.375,3345.518,3343.648,3345.198,0.1188
1749629400000,2025-06-11,08:10:00,3345.198,3345.448,3344.018,3344.735,0.1124
1749629700000,2025-06-11,08:15:00,3344.748,3345.498,3343.198,3343.948,0.1011
1749630000000,2025-06-11,08:20:00,3343.948,3345.648,3343.675,3344.255,0.1297
1749630300000,2025-06-11,08:25:00,3344.268,3345.698,3343.098,3345.098,0.1076
1749630600000,2025-06-11,08:30:00,3345.098,3346.148,3344.888,3344.888,0.0578
1749630900000,2025-06-11,08:35:00,3344.728,3345.285,3342.518,3343.535,0.0837
1749631200000,2025-06-11,08:40:00,3343.575,3346.555,3343.575,3346.085,0.0694
1749631500000,2025-06-11,08:45:00,3346.145,3346.435,3345.058,3345.235,0.0536
1749631800000,2025-06-11,08:50:00,3345.205,3345.975,3345.045,3345.748,0.0581
1749632100000,2025-06-11,08:55:00,3345.648,3346.055,3344.205,3344.298,0.0891
1749632400000,2025-06-11,09:00:00,3344.225,3344.398,3340.628,3340.775,0.1269
1749632700000,2025-06-11,09:05:00,3340.758,3341.055,3333.848,3335.648,0.2506
1749633000000,2025-06-11,09:10:00,3335.685,3341.915,3335.685,3341.795,0.1855
1749633300000,2025-06-11,09:15:00,3341.815,3342.105,3339.975,3340.548,0.1202
1749633600000,2025-06-11,09:20:00,3340.548,3340.648,3337.595,3338.925,0.1013
1749633900000,2025-06-11,09:25:00,3338.945,3340.735,3338.485,3338.605,0.0944
1749634200000,2025-06-11,09:30:00,3338.575,3339.315,3336.535,3338.748,0.1072
1749634500000,2025-06-11,09:35:00,3338.725,3339.448,3336.575,3337.648,0.1386
1749634800000,2025-06-11,09:40:00,3337.575,3338.348,3336.148,3336.148,0.0864
1749635100000,2025-06-11,09:45:00,3336.148,3337.098,3334.265,3335.148,0.111
1749635400000,2025-06-11,09:50:00,3335.148,3335.148,3331.005,3333.665,0.1691
1749635700000,2025-06-11,09:55:00,3333.665,3334.688,3331.875,3333.525,0.1273
1749636000000,2025-06-11,10:00:00,3333.715,3336.445,3332.658,3335.295,0.1209
1749636300000,2025-06-11,10:05:00,3335.235,3335.855,3334.365,3334.575,0.0582
1749636600000,2025-06-11,10:10:00,3334.545,3334.815,3332.445,3334.085,0.0815
1749636900000,2025-06-11,10:15:00,3334.025,3336.595,3333.805,3334.095,0.059
1749637200000,2025-06-11,10:20:00,3334.215,3335.105,3333.825,3334.015,0.0607
1749637500000,2025-06-11,10:25:00,3333.965,3334.025,3331.145,3331.705,0.0776
1749637800000,2025-06-11,10:30:00,3331.725,3333.548,3330.285,3333.065,0.0999
1749638100000,2025-06-11,10:35:00,3333.065,3333.165,3331.385,3332.748,0.0497
1749638400000,2025-06-11,10:40:00,3332.748,3333.465,3330.645,3330.945,0.0645
1749638700000,2025-06-11,10:45:00,3330.965,3332.885,3330.755,3331.198,0.0614
1749639000000,2025-06-11,10:50:00,3331.198,3332.045,3329.795,3330.648,0.0918
1749639300000,2025-06-11,10:55:00,3330.555,3330.608,3328.195,3329.685,0.0964
1749639600000,2025-06-11,11:00:00,3329.705,3329.885,3326.348,3326.885,0.0975
1749639900000,2025-06-11,11:05:00,3326.895,3331.155,3325.755,3327.485,0.2011
1749640200000,2025-06-11,11:10:00,3327.415,3330.695,3327.415,3329.735,0.0965
1749640500000,2025-06-11,11:15:00,3329.685,3331.695,3329.665,3330.155,0.0608
1749640800000,2025-06-11,11:20:00,3330.185,3331.095,3329.705,3330.245,0.0661
1749641100000,2025-06-11,11:25:00,3330.275,3331.995,3329.495,3331.615,0.0777
1749641400000,2025-06-11,11:30:00,3331.555,3332.198,3329.815,3332.098,0.0544
1749641700000,2025-06-11,11:35:00,3332.098,3334.245,3331.938,3333.675,0.0859
1749642000000,2025-06-11,11:40:00,3333.745,3334.845,3332.778,3334.248,0.0728
1749642300000,2025-06-11,11:45:00,3334.248,3335.048,3333.015,3333.085,0.0668
1749642600000,2025-06-11,11:50:00,3333.135,3333.285,3331.785,3332.595,0.0604
1749642900000,2025-06-11,11:55:00,3332.615,3333.948,3331.505,3332.865,0.0752
1749643200000,2025-06-11,12:00:00,3332.935,3336.448,3328.135,3328.948,0.2571
1749643500000,2025-06-11,12:05:00,3328.875,3332.955,3326.835,3331.655,0.2753
1749643800000,2025-06-11,12:10:00,3331.655,3335.695,3330.025,3334.425,0.1488
1749644100000,2025-06-11,12:15:00,3334.425,3338.095,3333.448,3337.835,0.1275
1749644400000,2025-06-11,12:20:00,3338.145,3341.125,3337.495,3340.565,0.1488
1749644700000,2025-06-11,12:25:00,3340.685,3342.735,3338.695,3339.345,0.1155
1749645000000,2025-06-11,12:30:00,3338.765,3357.048,3338.645,3355.398,0.4163
1749645300000,2025-06-11,12:35:00,3355.265,3360.405,3355.235,3356.748,0.3471
1749645600000,2025-06-11,12:40:00,3356.435,3358.248,3352.605,3354.145,0.273
1749645900000,2025-06-11,12:45:00,3354.125,3355.505,3349.245,3349.825,0.2543
1749646200000,2025-06-11,12:50:00,3349.895,3352.198,3339.995,3342.445,0.2637
1749646500000,2025-06-11,12:55:00,3342.635,3342.848,3332.168,3336.525,0.3312
1749646800000,2025-06-11,13:00:00,3336.475,3338.948,3331.398,3335.298,0.3183
1749647100000,2025-06-11,13:05:00,3335.498,3341.048,3333.198,3341.048,0.2632
1749647400000,2025-06-11,13:10:00,3341.048,3341.365,3336.548,3341.345,0.2063
1749647700000,2025-06-11,13:15:00,3341.345,3344.345,3339.288,3343.958,0.1854
1749648000000,2025-06-11,13:20:00,3343.968,3344.085,3339.735,3339.938,0.2155
1749648300000,2025-06-11,13:25:00,3339.975,3342.395,3336.995,3337.515,0.2189
1749648600000,2025-06-11,13:30:00,3337.495,3338.198,3333.585,3336.655,0.2904
1749648900000,2025-06-11,13:35:00,3336.615,3339.405,3335.315,3338.015,0.2764
1749649200000,2025-06-11,13:40:00,3337.925,3339.035,3332.565,3332.565,0.2666
1749649500000,2025-06-11,13:45:00,3332.458,3334.135,3327.445,3332.305,0.3024
1749649800000,2025-06-11,13:50:00,3332.655,3334.955,3330.725,3333.848,0.1884
1749650100000,2025-06-11,13:55:00,3333.948,3334.448,3328.378,3329.598,0.2575
1749650400000,2025-06-11,14:00:00,3329.598,3333.248,3328.175,3330.575,0.2515
1749650700000,2025-06-11,14:05:00,3330.555,3332.798,3329.398,3332.265,0.2138
1749651000000,2025-06-11,14:10:00,3332.225,3333.458,3329.835,3331.348,0.175
1749651300000,2025-06-11,14:15:00,3331.348,3334.945,3331.148,3334.685,0.1417
1749651600000,2025-06-11,14:20:00,3334.655,3335.448,3332.335,3334.085,0.1508
1749651900000,2025-06-11,14:25:00,3334.185,3334.315,3331.505,3333.065,0.1766
1749652200000,2025-06-11,14:30:00,3333.035,3334.945,3332.275,3333.945,0.1288
1749652500000,2025-06-11,14:35:00,3333.945,3335.275,3333.705,3334.895,0.1161
1749652800000,2025-06-11,14:40:00,3334.865,3341.098,3333.795,3340.498,0.2616
1749653100000,2025-06-11,14:45:00,3340.498,3340.748,3337.585,3337.995,0.1712
1749653400000,2025-06-11,14:50:00,3337.975,3340.398,3337.298,3337.998,0.1825
1749653700000,2025-06-11,14:55:00,3337.998,3338.798,3336.798,3337.398,0.1354
1749654000000,2025-06-11,15:00:00,3337.398,3338.798,3336.548,3337.425,0.1433
1749654300000,2025-06-11,15:05:00,3337.325,3340.915,3336.375,3339.448,0.1658
1749654600000,2025-06-11,15:10:00,3339.548,3341.525,3337.905,3340.825,0.1422
1749654900000,2025-06-11,15:15:00,3340.855,3341.975,3338.655,3341.335,0.1254
1749655200000,2025-06-11,15:20:00,3341.295,3342.615,3339.448,3339.448,0.1089
1749655500000,2025-06-11,15:25:00,3339.485,3340.205,3338.385,3339.805,0.1068
1749655800000,2025-06-11,15:30:00,3339.845,3339.895,3336.398,3337.598,0.1104
1749656100000,2025-06-11,15:35:00,3337.498,3340.298,3337.448,3338.548,0.1197
1749656400000,2025-06-11,15:40:00,3338.648,3338.848,3335.048,3335.048,0.1004
1749656700000,2025-06-11,15:45:00,3335.048,3335.448,3329.365,3332.765,0.2277
1749657000000,2025-06-11,15:50:00,3332.405,3333.898,3331.198,3332.298,0.1459
1749657300000,2025-06-11,15:55:00,3332.398,3333.505,3331.298,3332.998,0.1094
1749657600000,2025-06-11,16:00:00,3332.998,3334.248,3332.348,3333.998,0.1134
1749657900000,2025-06-11,16:05:00,3334.045,3334.045,3331.648,3332.735,0.1004
1749658200000,2025-06-11,16:10:00,3332.755,3332.805,3329.328,3329.525,0.0938
1749658500000,2025-06-11,16:15:00,3329.555,3331.298,3328.895,3331.025,0.0968
1749658800000,2025-06-11,16:20:00,3331.098,3331.785,3329.725,3331.748,0.0729
1749659100000,2025-06-11,16:25:00,3331.775,3331.855,3329.795,3331.595,0.0804
1749659400000,2025-06-11,16:30:00,3331.595,3331.665,3328.958,3329.245,0.0785
1749659700000,2025-06-11,16:35:00,3329.245,3330.025,3328.335,3328.485,0.0868
1749660000000,2025-06-11,16:40:00,3328.525,3329.905,3327.905,3329.298,0.0939
1749660300000,2025-06-11,16:45:00,3329.298,3332.098,3328.765,3331.898,0.1014
1749660600000,2025-06-11,16:50:00,3331.898,3332.298,3330.265,3330.705,0.0873
1749660900000,2025-06-11,16:55:00,3330.685,3330.905,3328.915,3330.045,0.068
1749661200000,2025-06-11,17:00:00,3330.085,3330.848,3328.225,3330.665,0.1188
1749661500000,2025-06-11,17:05:00,3330.748,3331.155,3326.035,3327.345,0.1018
1749661800000,2025-06-11,17:10:00,3327.375,3327.515,3324.435,3327.035,0.1048
1749662100000,2025-06-11,17:15:00,3327.005,3328.215,3325.785,3325.915,0.1091
1749662400000,2025-06-11,17:20:00,3325.855,3326.848,3323.735,3325.448,0.1161
1749662700000,2025-06-11,17:25:00,3325.565,3325.848,3321.198,3323.648,0.1705
1749663000000,2025-06-11,17:30:00,3323.748,3325.248,3323.058,3323.998,0.128
1749663300000,2025-06-11,17:35:00,3323.795,3324.205,3320.295,3320.885,0.1148
1749663600000,2025-06-11,17:40:00,3320.775,3322.455,3319.405,3322.085,0.1111
1749663900000,2025-06-11,17:45:00,3322.055,3323.185,3321.548,3322.598,0.0762
1749664200000,2025-06-11,17:50:00,3322.798,3325.298,3322.798,3324.498,0.1419
1749664500000,2025-06-11,17:55:00,3324.398,3325.798,3323.095,3324.148,0.117
1749664800000,2025-06-11,18:00:00,3324.095,3333.715,3323.648,3332.798,0.1661
1749665100000,2025-06-11,18:05:00,3332.735,3339.848,3332.735,3337.405,0.2849
1749665400000,2025-06-11,18:10:00,3337.398,3341.915,3336.395,3341.805,0.2153
1749665700000,2025-06-11,18:15:00,3341.895,3343.208,3339.225,3340.555,0.2135
1749666000000,2025-06-11,18:20:00,3340.555,3344.8,3340.445,3341.575,0.1527
1749666300000,2025-06-11,18:25:00,3341.535,3345.498,3341.375,3345.405,0.1443
1749666600000,2025-06-11,18:30:00,3345.435,3346.998,3338.248,3339.175,0.2185
1749666900000,2025-06-11,18:35:00,3339.165,3342.498,3338.845,3339.025,0.1326
1749667200000,2025-06-11,18:40:00,3339.098,3342.375,3338.298,3340.998,0.1063
1749667500000,2025-06-11,18:45:00,3341.345,3342.948,3340.548,3341.648,0.0931
1749667800000,2025-06-11,18:50:00,3341.748,3343.948,3341.448,3342.795,0.0975
1749668100000,2025-06-11,18:55:00,3342.748,3344.548,3342.485,3343.698,0.1144
1749668400000,2025-06-11,19:00:00,3343.698,3345.245,3342.285,3343.535,0.1822
1749668700000,2025-06-11,19:05:00,3343.585,3345.335,3342.198,3342.955,0.1273
1749669000000,2025-06-11,19:10:00,3342.875,3344.375,3342.245,3344.225,0.0882
1749669300000,2025-06-11,19:15:00,3344.255,3346.145,3343.765,3345.405,0.1257
1749669600000,2025-06-11,19:20:00,3345.385,3345.485,3342.925,3343.355,0.0999
1749669900000,2025-06-11,19:25:00,3343.315,3345.409,3343.225,3344.905,0.1506
1749670200000,2025-06-11,19:30:00,3344.935,3348.948,3344.485,3348.765,0.1346
1749670500000,2025-06-11,19:35:00,3348.775,3349.065,3346.225,3346.698,0.1722
1749670800000,2025-06-11,19:40:00,3346.598,3348.305,3346.598,3348.248,0.1073
1749671100000,2025-06-11,19:45:00,3348.248,3348.455,3346.448,3347.775,0.1365
1749671400000,2025-06-11,19:50:00,3347.775,3347.775,3346.448,3346.648,0.1401
1749671700000,2025-06-11,19:55:00,3346.648,3347.148,3346.048,3346.538,0.1879
1749672000000,2025-06-11,20:00:00,3346.518,3348.765,3346.428,3348.378,0.0859
1749672300000,2025-06-11,20:05:00,3348.398,3348.478,3346.358,3346.358,0.0541
1749672600000,2025-06-11,20:10:00,3346.358,3347.965,3346.358,3347.965,0.0444
1749672900000,2025-06-11,20:15:00,3347.935,3347.965,3346.835,3347.435,0.039
1749673200000,2025-06-11,20:20:00,3347.485,3349.045,3347.445,3348.775,0.0426
1749673500000,2025-06-11,20:25:00,3348.845,3353.175,3348.595,3352.648,0.1106
1749673800000,2025-06-11,20:30:00,3352.685,3353.765,3352.545,3353.445,0.0729
1749674100000,2025-06-11,20:35:00,3353.425,3355.075,3351.145,3352.565,0.1192
1749674400000,2025-06-11,20:40:00,3352.585,3353.645,3351.385,3351.885,0.0896
1749674700000,2025-06-11,20:45:00,3351.965,3353.255,3351.605,3353.085,0.0606
1749675000000,2025-06-11,20:50:00,3352.905,3353.875,3352.535,3353.255,0.0684
1749675300000,2025-06-11,20:55:00,3353.325,3355.595,3352.965,3355.005,0.081
1749679200000,2025-06-11,22:00:00,3356.915,3359.405,3356.065,3357.698,0.1496
1749679500000,2025-06-11,22:05:00,3357.698,3360.015,3356.075,3359.725,0.2036
1749679800000,2025-06-11,22:10:00,3359.775,3361.415,3358.715,3360.805,0.1132
1749680100000,2025-06-11,22:15:00,3360.825,3363.945,3359.345,3362.575,0.1263
1749680400000,2025-06-11,22:20:00,3362.615,3364.935,3362.575,3363.185,0.2089
1749680700000,2025-06-11,22:25:00,3363.185,3364.885,3362.865,3363.625,0.2248
1749681000000,2025-06-11,22:30:00,3363.625,3365.425,3362.648,3365.025,0.185
1749681300000,2025-06-11,22:35:00,3365.025,3367.615,3365.025,3367.055,0.269
1749681600000,2025-06-11,22:40:00,3367.055,3367.265,3365.545,3365.795,0.1319
1749681900000,2025-06-11,22:45:00,3365.775,3366.165,3364.565,3364.845,0.0937
1749682200000,2025-06-11,22:50:00,3364.875,3367.025,3364.255,3367.025,0.0627
1749682500000,2025-06-11,22:55:00,3367.105,3369.448,3366.455,3368.698,0.0922
1749682800000,2025-06-11,23:00:00,3368.665,3373.168,3368.665,3371.628,0.2065
1749683100000,2025-06-11,23:05:00,3371.948,3372.598,3369.365,3369.698,0.1287
1749683400000,2025-06-11,23:10:00,3369.798,3370.348,3366.205,3366.495,0.1237
1749683700000,2025-06-11,23:15:00,3366.435,3367.745,3362.998,3366.405,0.1602
1749684000000,2025-06-11,23:20:00,3366.405,3366.708,3364.395,3366.205,0.0983
1749684300000,2025-06-11,23:25:00,3366.205,3366.505,3363.948,3364.448,0.0877
1749684600000,2025-06-11,23:30:00,3364.448,3366.748,3363.848,3366.048,0.0812
1749684900000,2025-06-11,23:35:00,3366.048,3366.448,3363.148,3364.248,0.1011
1749685200000,2025-06-11,23:40:00,3363.965,3366.048,3363.948,3365.348,0.0755
1749685500000,2025-06-11,23:45:00,3365.348,3366.098,3362.348,3362.498,0.1476
1749685800000,2025-06-11,23:50:00,3362.498,3363.185,3357.385,3358.548,0.195
1749686100000,2025-06-11,23:55:00,3358.645,3365.525,3358.448,3365.265,0.1669
1749686400000,2025-06-12,00:00:00,3365.165,3366.935,3362.275,3363.275,0.241
1749686700000,2025-06-12,00:05:00,3363.275,3365.298,3361.938,3364.308,0.1874
1749687000000,2025-06-12,00:10:00,3364.308,3365.098,3362.955,3364.838,0.1899
1749687300000,2025-06-12,00:15:00,3364.748,3366.735,3363.408,3366.605,0.1697
1749687600000,2025-06-12,00:20:00,3366.625,3366.625,3362.058,3365.298,0.2022
1749687900000,2025-06-12,00:25:00,3365.298,3369.965,3364.995,3367.038,0.2703
1749688200000,2025-06-12,00:30:00,3367.035,3367.758,3363.255,3366.285,0.2836
1749688500000,2025-06-12,00:35:00,3366.245,3368.798,3365.315,3368.698,0.288
1749688800000,2025-06-12,00:40:00,3368.765,3369.648,3366.398,3366.708,0.3424
1749689100000,2025-06-12,00:45:00,3366.645,3371.135,3366.345,3370.548,0.2043
1749689400000,2025-06-12,00:50:00,3370.548,3370.905,3366.865,3367.808,0.288
1749689700000,2025-06-12,00:55:00,3367.755,3368.498,3365.268,3365.555,0.1364
1749690000000,2025-06-12,01:00:00,3365.535,3367.205,3362.205,3366.285,0.4862
1749690300000,2025-06-12,01:05:00,3366.285,3368.915,3365.078,3368.555,0.2792
1749690600000,2025-06-12,01:10:00,3368.575,3370.645,3366.835,3367.005,0.3213
1749690900000,2025-06-12,01:15:00,3367.005,3372.005,3366.785,3369.698,0.4145
1749691200000,2025-06-12,01:20:00,3369.685,3374.966,3369.498,3372.925,0.3651
1749691500000,2025-06-12,01:25:00,3372.895,3376.848,3371.845,3375.245,0.245
1749691800000,2025-06-12,01:30:00,3375.175,3375.305,3371.555,3372.515,0.2387
1749692100000,2025-06-12,01:35:00,3372.505,3372.855,3369.558,3372.765,0.2445
1749692400000,2025-06-12,01:40:00,3372.835,3373.118,3367.995,3368.348,0.2139
1749692700000,2025-06-12,01:45:00,3368.348,3371.148,3368.085,3369.695,0.1948
1749693000000,2025-06-12,01:50:00,3369.515,3371.148,3369.215,3370.248,0.2723
1749693300000,2025-06-12,01:55:00,3370.165,3371.765,3367.808,3370.755,0.2997
1749693600000,2025-06-12,02:00:00,3370.698,3374.275,3368.645,3373.398,0.3091
1749693900000,2025-06-12,02:05:00,3373.398,3373.815,3369.318,3369.955,0.3206
1749694200000,2025-06-12,02:10:00,3369.955,3372.368,3369.175,3371.868,0.327
1749694500000,2025-06-12,02:15:00,3371.805,3374.048,3371.025,3373.198,0.1758
1749694800000,2025-06-12,02:20:00,3373.218,3373.998,3372.018,3372.758,0.1767
1749695100000,2025-06-12,02:25:00,3372.658,3375.498,3372.168,3373.995,0.2159
1749695400000,2025-06-12,02:30:00,3373.948,3377.045,3373.948,3374.718,0.3951
1749695700000,2025-06-12,02:35:00,3374.718,3376.435,3373.305,3376.145,0.4792
1749696000000,2025-06-12,02:40:00,3376.185,3377.548,3376.165,3376.905,0.2482
1749696300000,2025-06-12,02:45:00,3376.905,3377.518,3374.998,3375.408,0.2611
1749696600000,2025-06-12,02:50:00,3375.385,3375.428,3373.255,3374.145,0.3358
1749696900000,2025-06-12,02:55:00,3374.145,3376.055,3373.775,3374.505,0.1855
1749697200000,2025-06-12,03:00:00,3374.485,3376.045,3373.215,3373.555,0.1115
1749697500000,2025-06-12,03:05:00,3373.535,3375.548,3373.528,3375.125,0.1784
1749697800000,2025-06-12,03:10:00,3375.125,3376.625,3375.115,3375.445,0.1189
1749698100000,2025-06-12,03:15:00,3375.485,3375.965,3374.048,3374.275,0.1702
1749698400000,2025-06-12,03:20:00,3374.348,3375.215,3372.848,3374.455,0.1576
1749698700000,2025-06-12,03:25:00,3374.405,3375.115,3373.825,3374.495,0.1223
1749699000000,2025-06-12,03:30:00,3374.515,3374.765,3373.148,3374.098,0.1285
1749699300000,2025-06-12,03:35:00,3374.115,3375.655,3374.115,3374.998,0.0985
1749699600000,2025-06-12,03:40:00,3374.998,3375.335,3374.075,3374.535,0.0906
1749699900000,2025-06-12,03:45:00,3374.535,3374.645,3373.425,3374.048,0.0779
1749700200000,2025-06-12,03:50:00,3374.048,3374.048,3371.795,3371.875,0.0888
1749700500000,2025-06-12,03:55:00,3371.835,3373.915,3371.485,3373.198,0.0961
1749700800000,2025-06-12,04:00:00,3373.145,3373.455,3370.788,3370.985,0.0898
1749701100000,2025-06-12,04:05:00,3370.985,3371.755,3370.188,3370.548,0.0697
1749701400000,2025-06-12,04:10:00,3370.648,3370.798,3369.248,3369.848,0.0665
1749701700000,2025-06-12,04:15:00,3369.848,3371.449,3369.465,3370.348,0.0864
1749702000000,2025-06-12,04:20:00,3370.348,3371.948,3370.048,3371.048,0.0533
1749702300000,2025-06-12,04:25:00,3370.978,3372.248,3370.835,3371.595,0.0538
1749702600000,2025-06-12,04:30:00,3371.675,3372.448,3371.335,3371.635,0.0482
1749702900000,2025-06-12,04:35:00,3371.655,3372.365,3371.505,3371.935,0.0451
1749703200000,2025-06-12,04:40:00,3371.975,3373.525,3371.665,3373.235,0.0619
1749703500000,2025-06-12,04:45:00,3373.215,3373.545,3370.828,3372.748,0.0923
1749703800000,2025-06-12,04:50:00,3372.748,3373.348,3371.155,3371.548,0.0748
1749704100000,2025-06-12,04:55:00,3371.648,3372.048,3370.158,3370.205,0.0724
1749704400000,2025-06-12,05:00:00,3370.198,3370.198,3367.448,3370.075,0.1242
1749704700000,2025-06-12,05:05:00,3370.075,3371.475,3369.075,3371.185,0.056
1749705000000,2025-06-12,05:10:00,3371.165,3371.355,3370.495,3370.575,0.0581
1749705300000,2025-06-12,05:15:00,3370.605,3373.255,3370.548,3372.785,0.0765
1749705600000,2025-06-12,05:20:00,3372.785,3374.725,3372.545,3374.215,0.0893
1749705900000,2025-06-12,05:25:00,3374.235,3374.545,3373.715,3374.365,0.077
1749706200000,2025-06-12,05:30:00,3374.415,3375.645,3373.358,3375.445,0.1399
1749706500000,2025-06-12,05:35:00,3375.368,3375.655,3373.648,3374.325,0.1588
1749706800000,2025-06-12,05:40:00,3374.325,3375.005,3372.855,3374.375,0.1385
1749707100000,2025-06-12,05:45:00,3374.335,3374.625,3373.775,3374.475,0.121
1749707400000,2025-06-12,05:50:00,3374.475,3375.015,3372.675,3374.625,0.1122
1749707700000,2025-06-12,05:55:00,3374.625,3375.525,3374.225,3374.325,0.1072
1749708000000,2025-06-12,06:00:00,3374.465,3375.035,3372.755,3374.205,0.1434
1749708300000,2025-06-12,06:05:00,3374.225,3374.985,3371.735,3372.535,0.1122
1749708600000,2025-06-12,06:10:00,3372.488,3372.875,3371.075,3371.148,0.1361
1749708900000,2025-06-12,06:15:00,3371.148,3371.248,3365.365,3366.035,0.1482
1749709200000,2025-06-12,06:20:00,3365.995,3369.198,3365.048,3367.875,0.1584
1749709500000,2025-06-12,06:25:00,3367.948,3369.585,3367.348,3369.505,0.0995
1749709800000,2025-06-12,06:30:00,3369.535,3371.835,3369.535,3370.555,0.109
1749710100000,2025-06-12,06:35:00,3370.648,3373.375,3369.648,3372.815,0.0973
1749710400000,2025-06-12,06:40:00,3372.875,3373.005,3371.255,3371.905,0.0927
1749710700000,2025-06-12,06:45:00,3371.935,3373.335,3371.365,3373.115,0.1004
1749711000000,2025-06-12,06:50:00,3373.175,3375.045,3372.355,3374.748,0.1278
1749711300000,2025-06-12,06:55:00,3374.755,3375.435,3373.698,3374.775,0.127
1749711600000,2025-06-12,07:00:00,3374.695,3375.025,3373.068,3373.088,0.1524
1749711900000,2025-06-12,07:05:00,3373.065,3373.355,3371.478,3372.035,0.0776
1749712200000,2025-06-12,07:10:00,3372.065,3372.575,3370.255,3371.315,0.0867
1749712500000,2025-06-12,07:15:00,3371.285,3372.065,3369.185,3369.975,0.1015
1749712800000,2025-06-12,07:20:00,3369.995,3373.548,3369.835,3370.798,0.1245
1749713100000,2025-06-12,07:25:00,3370.798,3370.798,3367.985,3369.648,0.1498
1749713400000,2025-06-12,07:30:00,3369.635,3370.248,3361.725,3361.848,0.1818
1749713700000,2025-06-12,07:35:00,3361.865,3361.865,3348.898,3352.875,0.2918
1749714000000,2025-06-12,07:40:00,3352.745,3354.148,3338.385,3342.005,0.3334
1749714300000,2025-06-12,07:45:00,3341.965,3344.985,3340.098,3342.415,0.2664
1749714600000,2025-06-12,07:50:00,3342.398,3345.248,3339.715,3343.435,0.265
1749714900000,2025-06-12,07:55:00,3343.485,3346.898,3342.795,3345.925,0.2307
1749715200000,2025-06-12,08:00:00,3345.875,3351.195,3345.875,3350.475,0.2351
1749715500000,2025-06-12,08:05:00,3350.375,3350.555,3346.955,3349.215,0.158
1749715800000,2025-06-12,08:10:00,3349.195,3350.845,3347.425,3350.365,0.1506
1749716100000,2025-06-12,08:15:00,3350.395,3357.455,3350.305,3355.935,0.2232
1749716400000,2025-06-12,08:20:00,3355.935,3356.895,3354.425,3356.275,0.158
1749716700000,2025-06-12,08:25:00,3356.245,3359.995,3355.875,3358.715,0.1616
1749717000000,2025-06-12,08:30:00,3358.695,3360.485,3357.375,3359.815,0.1271
1749717300000,2025-06-12,08:35:00,3359.815,3360.895,3358.245,3358.245,0.1121
1749717600000,2025-06-12,08:40:00,3358.205,3360.955,3357.345,3357.948,0.1614
1749717900000,2025-06-12,08:45:00,3357.935,3359.405,3356.505,3359.265,0.1293
1749718200000,2025-06-12,08:50:00,3359.248,3359.945,3357.695,3357.998,0.1017
1749718500000,2025-06-12,08:55:00,3358.045,3358.205,3355.518,3356.565,0.1187
1749718800000,2025-06-12,09:00:00,3356.548,3357.698,3355.655,3356.798,0.1028
1749719100000,2025-06-12,09:05:00,3356.675,3359.435,3355.145,3358.625,0.1063
1749719400000,2025-06-12,09:10:00,3358.605,3363.115,3358.255,3361.615,0.1233
1749719700000,2025-06-12,09:15:00,3361.665,3363.655,3360.418,3360.848,0.0878
1749720000000,2025-06-12,09:20:00,3360.785,3361.895,3360.525,3360.765,0.0773
1749720300000,2025-06-12,09:25:00,3360.755,3361.798,3359.818,3360.848,0.0792
1749720600000,2025-06-12,09:30:00,3360.848,3362.298,3359.165,3360.645,0.0942
1749720900000,2025-06-12,09:35:00,3360.665,3361.405,3357.748,3360.125,0.0802
1749721200000,2025-06-12,09:40:00,3360.085,3361.945,3359.565,3360.735,0.0963
1749721500000,2025-06-12,09:45:00,3360.765,3367.085,3360.485,3364.925,0.1472
1749721800000,2025-06-12,09:50:00,3364.865,3367.648,3363.748,3366.335,0.1902
1749722100000,2025-06-12,09:55:00,3366.348,3366.695,3364.378,3365.195,0.122
1749722400000,2025-06-12,10:00:00,3365.395,3366.645,3363.075,3363.225,0.0975
1749722700000,2025-06-12,10:05:00,3363.255,3363.605,3362.255,3362.985,0.0755
1749723000000,2025-06-12,10:10:00,3362.985,3367.365,3362.935,3366.598,0.1018
1749723300000,2025-06-12,10:15:00,3366.598,3373.895,3366.195,3371.245,0.245
1749723600000,2025-06-12,10:20:00,3371.245,3375.455,3370.405,3375.115,0.2203
1749723900000,2025-06-12,10:25:00,3375.145,3379.825,3373.085,3379.305,0.2495
1749724200000,2025-06-12,10:30:00,3379.325,3383.315,3378.945,3381.615,0.3174
1749724500000,2025-06-12,10:35:00,3381.805,3385.655,3380.745,3383.275,0.2875
1749724800000,2025-06-12,10:40:00,3383.285,3383.715,3381.295,3381.998,0.2168
1749725100000,2025-06-12,10:45:00,3381.898,3384.345,3381.565,3381.748,0.1289
1749725400000,2025-06-12,10:50:00,3381.755,3384.548,3381.305,3382.138,0.1892
1749725700000,2025-06-12,10:55:00,3382.138,3383.355,3381.075,3382.298,0.1381
1749726000000,2025-06-12,11:00:00,3382.308,3388.355,3381.648,3387.585,0.2118
1749726300000,2025-06-12,11:05:00,3387.548,3387.625,3383.418,3385.498,0.1723
1749726600000,2025-06-12,11:10:00,3385.455,3385.925,3383.715,3384.908,0.1168
1749726900000,2025-06-12,11:15:00,3384.925,3385.338,3380.525,3383.225,0.1377
1749727200000,2025-06-12,11:20:00,3383.225,3384.248,3380.475,3383.245,0.1362
1749727500000,2025-06-12,11:25:00,3383.245,3384.065,3380.348,3380.705,0.1279
1749727800000,2025-06-12,11:30:00,3380.745,3383.125,3379.748,3382.245,0.1161
1749728100000,2025-06-12,11:35:00,3382.298,3382.415,3373.078,3373.135,0.2055
1749728400000,2025-06-12,11:40:00,3373.148,3376.855,3372.948,3376.548,0.1737
1749728700000,2025-06-12,11:45:00,3376.548,3378.348,3375.158,3377.798,0.1431
1749729000000,2025-06-12,11:50:00,3377.728,3379.515,3376.735,3377.975,0.1266
1749729300000,2025-06-12,11:55:00,3377.948,3380.395,3377.625,3379.095,0.1037
1749729600000,2025-06-12,12:00:00,3378.955,3380.165,3376.265,3377.915,0.165
1749729900000,2025-06-12,12:05:00,3377.915,3383.879,3377.915,3383.349,0.1825
1749730200000,2025-06-12,12:10:00,3383.359,3384.259,3379.379,3379.489,0.1752
1749730500000,2025-06-12,12:15:00,3379.489,3382.049,3378.709,3379.448,0.1709
1749730800000,2025-06-12,12:20:00,3379.448,3383.348,3378.649,3381.769,0.2419
1749731100000,2025-06-12,12:25:00,3381.748,3383.648,3381.548,3382.568,0.1315
1749731400000,2025-06-12,12:30:00,3382.568,3386.948,3381.048,3383.248,0.3524
1749731700000,2025-06-12,12:35:00,3383.165,3390.285,3382.448,3390.005,0.2336
1749732000000,2025-06-12,12:40:00,3390.005,3390.005,3386.458,3388.098,0.2171
1749732300000,2025-06-12,12:45:00,3388.148,3389.398,3385.298,3387.505,0.2118
1749732600000,2025-06-12,12:50:00,3387.525,3389.655,3386.825,3388.725,0.1613
1749732900000,2025-06-12,12:55:00,3388.865,3390.055,3387.745,3387.838,0.1542
1749733200000,2025-06-12,13:00:00,3387.915,3392.748,3386.115,3391.925,0.2442
1749733500000,2025-06-12,13:05:00,3391.875,3393.648,3388.275,3389.775,0.21
1749733800000,2025-06-12,13:10:00,3389.795,3390.748,3381.035,3383.005,0.2384
1749734100000,2025-06-12,13:15:00,3383.198,3385.765,3381.948,3385.325,0.2019
1749734400000,2025-06-12,13:20:00,3385.305,3385.948,3381.338,3382.348,0.2329
1749734700000,2025-06-12,13:25:00,3382.365,3383.615,3378.895,3382.645,0.2023
1749735000000,2025-06-12,13:30:00,3382.685,3388.148,3380.395,3387.545,0.381
1749735300000,2025-06-12,13:35:00,3387.555,3393.048,3387.515,3389.645,0.322
1749735600000,2025-06-12,13:40:00,3389.675,3398.738,3389.675,3398.148,0.3355
1749735900000,2025-06-12,13:45:00,3398.228,3398.745,3390.215,3391.225,0.332
1749736200000,2025-06-12,13:50:00,3391.085,3392.665,3386.755,3390.785,0.2856
1749736500000,2025-06-12,13:55:00,3390.785,3392.548,3387.898,3391.848,0.2739
1749736800000,2025-06-12,14:00:00,3391.848,3392.948,3387.628,3390.335,0.3212
1749737100000,2025-06-12,14:05:00,3390.515,3392.048,3388.475,3390.298,0.2433
1749737400000,2025-06-12,14:10:00,3390.235,3391.948,3384.148,3387.135,0.2843
1749737700000,2025-06-12,14:15:00,3387.098,3389.148,3385.195,3387.048,0.2665
1749738000000,2025-06-12,14:20:00,3387.015,3391.148,3384.885,3391.095,0.2125
1749738300000,2025-06-12,14:25:00,3391.148,3392.335,3385.205,3388.798,0.2723
1749738600000,2025-06-12,14:30:00,3388.798,3390.398,3385.288,3385.325,0.2328
1749738900000,2025-06-12,14:35:00,3385.298,3387.348,3384.255,3385.698,0.1963
1749739200000,2025-06-12,14:40:00,3385.798,3388.115,3385.198,3387.765,0.1405
1749739500000,2025-06-12,14:45:00,3387.748,3389.265,3386.738,3387.548,0.1423
1749739800000,2025-06-12,14:50:00,3387.548,3388.748,3385.198,3386.048,0.1952
1749740100000,2025-06-12,14:55:00,3386.048,3387.248,3382.795,3383.685,0.1963
1749740400000,2025-06-12,15:00:00,3383.675,3385.548,3382.985,3383.998,0.149
1749740700000,2025-06-12,15:05:00,3384.015,3386.198,3381.538,3382.505,0.133
1749741000000,2025-06-12,15:10:00,3382.465,3382.565,3378.485,3379.805,0.1885
1749741300000,2025-06-12,15:15:00,3379.805,3384.385,3377.635,3383.398,0.3092
1749741600000,2025-06-12,15:20:00,3383.348,3388.105,3382.248,3386.448,0.2731
1749741900000,2025-06-12,15:25:00,3386.795,3389.498,3386.685,3388.048,0.2203
1749742200000,2025-06-12,15:30:00,3387.985,3389.885,3386.675,3388.248,0.2471
1749742500000,2025-06-12,15:35:00,3388.215,3390.195,3386.645,3387.545,0.187
1749742800000,2025-06-12,15:40:00,3387.545,3388.898,3385.898,3387.505,0.1717
1749743100000,2025-06-12,15:45:00,3387.615,3388.325,3386.205,3387.948,0.2059
1749743400000,2025-06-12,15:50:00,3387.948,3389.095,3386.648,3387.898,0.1273
1749743700000,2025-06-12,15:55:00,3387.835,3389.305,3385.228,3385.498,0.1137
1749744000000,2025-06-12,16:00:00,3385.498,3386.548,3383.995,3386.348,0.1276
1749744300000,2025-06-12,16:05:00,3386.259,3387.948,3385.548,3387.048,0.1333
1749744600000,2025-06-12,16:10:00,3387.148,3388.748,3385.705,3386.498,0.1024
1749744900000,2025-06-12,16:15:00,3386.488,3387.048,3385.635,3386.948,0.0953
1749745200000,2025-06-12,16:20:00,3386.948,3390.048,3386.125,3389.248,0.1256
1749745500000,2025-06-12,16:25:00,3389.248,3390.148,3387.875,3389.048,0.1116
1749745800000,2025-06-12,16:30:00,3389.035,3391.198,3387.598,3388.948,0.1638
1749746100000,2025-06-12,16:35:00,3388.905,3390.148,3387.149,3387.268,0.1108
1749746400000,2025-06-12,16:40:00,3387.268,3388.548,3384.128,3388.248,0.1389
1749746700000,2025-06-12,16:45:00,3388.098,3388.248,3384.398,3384.848,0.1174
1749747000000,2025-06-12,16:50:00,3384.755,3384.948,3380.698,3382.048,0.1379
1749747300000,2025-06-12,16:55:00,3382.048,3384.498,3381.905,3383.405,0.1011
1749747600000,2025-06-12,17:00:00,3383.445,3384.448,3382.828,3383.748,0.0878
1749747900000,2025-06-12,17:05:00,3383.648,3384.748,3381.898,3382.898,0.0976
1749748200000,2025-06-12,17:10:00,3382.898,3383.098,3380.315,3381.098,0.0911
1749748500000,2025-06-12,17:15:00,3381.015,3381.698,3380.148,3380.398,0.0949
1749748800000,2025-06-12,17:20:00,3380.265,3380.398,3377.905,3378.498,0.1108
1749749100000,2025-06-12,17:25:00,3378.498,3381.698,3377.798,3380.998,0.1274
1749749400000,2025-06-12,17:30:00,3381.098,3381.198,3378.445,3379.498,0.0959
1749749700000,2025-06-12,17:35:00,3379.498,3380.198,3378.845,3379.998,0.064
1749750000000,2025-06-12,17:40:00,3379.998,3382.398,3379.898,3382.098,0.0815
1749750300000,2025-06-12,17:45:00,3382.098,3383.835,3381.798,3383.785,0.0722
1749750600000,2025-06-12,17:50:00,3383.805,3384.335,3382.665,3383.115,0.071
1749750900000,2025-06-12,17:55:00,3383.098,3383.298,3381.448,3382.448,0.0884
1749751200000,2025-06-12,18:00:00,3382.448,3383.975,3381.578,3383.748,0.0996
1749751500000,2025-06-12,18:05:00,3383.675,3384.048,3381.998,3383.148,0.0645
1749751800000,2025-06-12,18:10:00,3383.148,3384.148,3382.948,3383.948,0.0621
1749752100000,2025-06-12,18:15:00,3383.948,3384.748,3383.948,3384.238,0.0975
1749752400000,2025-06-12,18:20:00,3384.248,3384.648,3382.665,3382.698,0.0787
1749752700000,2025-06-12,18:25:00,3382.698,3383.548,3382.198,3382.735,0.1004
1749753000000,2025-06-12,18:30:00,3382.765,3384.075,3382.585,3384.048,0.0875
1749753300000,2025-06-12,18:35:00,3383.985,3385.055,3383.648,3383.648,0.0617
1749753600000,2025-06-12,18:40:00,3383.575,3384.098,3382.548,3383.548,0.0986
1749753900000,2025-06-12,18:45:00,3383.548,3384.675,3383.548,3384.598,0.0984
1749754200000,2025-06-12,18:50:00,3384.598,3385.348,3383.298,3384.648,0.1001
1749754500000,2025-06-12,18:55:00,3384.648,3386.115,3384.315,3385.755,0.0916
1749754800000,2025-06-12,19:00:00,3385.748,3385.865,3384.648,3384.648,0.1403
1749755100000,2025-06-12,19:05:00,3384.648,3386.385,3384.648,3385.765,0.1308
1749755400000,2025-06-12,19:10:00,3385.785,3386.455,3385.555,3386.315,0.1193
1749755700000,2025-06-12,19:15:00,3386.325,3386.945,3385.898,3386.395,0.1348
1749756000000,2025-06-12,19:20:00,3386.389,3386.875,3386.165,3386.348,0.1057
1749756300000,2025-06-12,19:25:00,3386.348,3386.948,3386.248,3386.748,0.0492
1749756600000,2025-06-12,19:30:00,3386.575,3387.148,3385.948,3386.848,0.0646
1749756900000,2025-06-12,19:35:00,3386.748,3387.498,3386.325,3387.198,0.0575
1749757200000,2025-06-12,19:40:00,3387.198,3388.148,3386.785,3388.048,0.0917
1749757500000,2025-06-12,19:45:00,3388.048,3388.548,3387.425,3387.798,0.0803
1749757800000,2025-06-12,19:50:00,3387.798,3388.348,3387.348,3388.198,0.0825
1749758100000,2025-06-12,19:55:00,3388.198,3389.248,3387.498,3388.048,0.1281
1749758400000,2025-06-12,20:00:00,3387.875,3388.848,3387.695,3388.348,0.0556
1749758700000,2025-06-12,20:05:00,3388.348,3388.548,3387.735,3387.898,0.045
1749759000000,2025-06-12,20:10:00,3387.898,3388.798,3387.495,3388.698,0.0324
1749759300000,2025-06-12,20:15:00,3388.698,3388.698,3387.765,3387.948,0.0291
1749759600000,2025-06-12,20:20:00,3387.795,3388.048,3385.905,3386.298,0.0558
1749759900000,2025-06-12,20:25:00,3386.298,3386.698,3385.498,3386.198,0.0416
1749760200000,2025-06-12,20:30:00,3386.298,3386.398,3384.538,3385.948,0.0548
1749760500000,2025-06-12,20:35:00,3385.865,3386.198,3385.428,3385.718,0.0388
1749760800000,2025-06-12,20:40:00,3385.798,3385.925,3385.498,3385.898,0.0237
1749761100000,2025-06-12,20:45:00,3385.895,3385.998,3385.248,3385.285,0.0192
1749761400000,2025-06-12,20:50:00,3385.255,3386.448,3385.155,3386.365,0.019
1749761700000,2025-06-12,20:55:00,3386.495,3386.595,3385.365,3385.625,0.0334
1749765600000,2025-06-12,22:00:00,3385.505,3386.348,3383.075,3383.625,0.048
1749765900000,2025-06-12,22:05:00,3383.665,3384.775,3382.365,3384.065,0.0362
1749766200000,2025-06-12,22:10:00,3384.025,3384.625,3382.395,3382.395,0.026
1749766500000,2025-06-12,22:15:00,3382.415,3382.725,3380.905,3381.085,0.0416
1749766800000,2025-06-12,22:20:00,3381.085,3383.285,3380.685,3381.855,0.0562
1749767100000,2025-06-12,22:25:00,3381.945,3383.165,3381.665,3382.425,0.0406
1749767400000,2025-06-12,22:30:00,3382.425,3382.915,3380.675,3380.885,0.037
1749767700000,2025-06-12,22:35:00,3380.905,3381.255,3379.805,3380.598,0.0519
1749768000000,2025-06-12,22:40:00,3380.598,3381.595,3379.378,3381.475,0.0665
1749768300000,2025-06-12,22:45:00,3381.485,3383.855,3381.365,3383.715,0.0531
1749768600000,2025-06-12,22:50:00,3383.715,3384.398,3382.998,3384.298,0.0436
1749768900000,2025-06-12,22:55:00,3384.298,3384.298,3382.788,3383.198,0.0448
1749769200000,2025-06-12,23:00:00,3382.885,3383.498,3382.285,3383.098,0.0561
1749769500000,2025-06-12,23:05:00,3383.198,3383.498,3382.398,3383.298,0.0484
1749769800000,2025-06-12,23:10:00,3383.398,3384.445,3382.595,3384.375,0.046
1749770100000,2025-06-12,23:15:00,3384.385,3385.125,3383.825,3384.745,0.0473
1749770400000,2025-06-12,23:20:00,3384.725,3385.115,3383.585,3384.115,0.0432
1749770700000,2025-06-12,23:25:00,3384.095,3384.265,3383.235,3383.348,0.0454
1749771000000,2025-06-12,23:30:00,3383.548,3384.348,3382.848,3383.348,0.0715
1749771300000,2025-06-12,23:35:00,3383.348,3383.748,3383.085,3383.485,0.0275
1749771600000,2025-06-12,23:40:00,3383.455,3387.255,3382.825,3387.255,0.0707
1749771900000,2025-06-12,23:45:00,3387.235,3390.115,3386.575,3389.725,0.0783
1749772200000,2025-06-12,23:50:00,3389.685,3391.698,3388.865,3391.095,0.0743
1749772500000,2025-06-12,23:55:00,3391.095,3395.955,3391.095,3395.545,0.149
1749772800000,2025-06-13,00:00:00,3395.425,3402.995,3391.465,3400.875,0.4776
1749773100000,2025-06-13,00:05:00,3400.555,3410.848,3399.135,3410.648,1.1684
1749773400000,2025-06-13,00:10:00,3410.115,3411.975,3401.225,3401.598,0.7979
1749773700000,2025-06-13,00:15:00,3401.685,3412.098,3399.835,3410.248,0.6523
1749774000000,2025-06-13,00:20:00,3410.275,3411.348,3406.225,3410.008,0.4202
1749774300000,2025-06-13,00:25:00,3410.098,3414.248,3404.275,3413.345,0.3587
1749774600000,2025-06-13,00:30:00,3413.348,3416.648,3409.295,3415.195,0.5258
1749774900000,2025-06-13,00:35:00,3415.285,3416.458,3409.375,3410.005,0.4214
1749775200000,2025-06-13,00:40:00,3410.005,3410.855,3403.198,3406.098,0.2832
1749775500000,2025-06-13,00:45:00,3405.855,3414.248,3405.855,3413.348,0.2593
1749775800000,2025-06-13,00:50:00,3413.348,3418.708,3412.225,3417.498,0.5179
1749776100000,2025-06-13,00:55:00,3417.515,3419.775,3414.698,3416.165,0.5308
1749776400000,2025-06-13,01:00:00,3416.348,3420.915,3413.468,3419.325,0.6513
1749776700000,2025-06-13,01:05:00,3419.335,3420.798,3415.965,3416.075,0.3295
1749777000000,2025-06-13,01:10:00,3416.055,3425.445,3415.375,3425.445,0.3395
1749777300000,2025-06-13,01:15:00,3425.445,3426.855,3422.095,3426.385,0.836
1749777600000,2025-06-13,01:20:00,3426.335,3430.048,3423.765,3426.285,0.7512
1749777900000,2025-06-13,01:25:00,3426.195,3429.948,3422.345,3429.455,0.458
1749778200000,2025-06-13,01:30:00,3429.455,3429.948,3426.805,3426.885,0.4228
1749778500000,2025-06-13,01:35:00,3426.885,3427.235,3424.175,3426.248,0.3019
1749778800000,2025-06-13,01:40:00,3426.248,3430.705,3426.115,3429.575,0.3808
1749779100000,2025-06-13,01:45:00,3429.548,3433.135,3429.148,3429.848,0.4357
1749779400000,2025-06-13,01:50:00,3429.785,3431.125,3425.675,3427.348,0.4243
1749779700000,2025-06-13,01:55:00,3427.348,3428.045,3422.505,3427.375,0.4112
1749780000000,2025-06-13,02:00:00,3427.245,3427.455,3424.548,3425.148,0.412
1749780300000,2025-06-13,02:05:00,3425.248,3429.495,3425.085,3429.415,0.1503
1749780600000,2025-06-13,02:10:00,3429.455,3431.698,3428.815,3429.595,0.2121
1749780900000,2025-06-13,02:15:00,3429.595,3431.548,3428.775,3429.148,0.2069
1749781200000,2025-06-13,02:20:00,3429.175,3434.548,3429.148,3433.898,0.1766
1749781500000,2025-06-13,02:25:00,3433.888,3435.748,3432.348,3432.425,0.2698
1749781800000,2025-06-13,02:30:00,3432.465,3439.055,3431.125,3436.698,0.4208
1749782100000,2025-06-13,02:35:00,3436.605,3438.969,3433.898,3437.948,0.2853
1749782400000,2025-06-13,02:40:00,3438.148,3439.925,3437.475,3437.748,0.2975
1749782700000,2025-06-13,02:45:00,3437.748,3439.525,3435.845,3437.015,0.2464
1749783000000,2025-06-13,02:50:00,3436.985,3442.665,3436.985,3442.615,0.1984
1749783300000,2025-06-13,02:55:00,3442.648,3443.965,3440.515,3441.155,0.26
1749783600000,2025-06-13,03:00:00,3441.135,3444.125,3440.285,3441.035,0.2049
1749783900000,2025-06-13,03:05:00,3441.035,3442.815,3435.245,3437.845,0.2055
1749784200000,2025-06-13,03:10:00,3437.865,3438.235,3430.648,3431.298,0.1952
1749784500000,2025-06-13,03:15:00,3431.398,3432.098,3423.368,3425.948,0.3098
1749784800000,2025-06-13,03:20:00,3425.785,3428.348,3423.875,3424.198,0.2039
1749785100000,2025-06-13,03:25:00,3424.135,3432.385,3424.095,3430.005,0.3209
1749785400000,2025-06-13,03:30:00,3429.975,3430.325,3426.255,3427.745,0.3561
1749785700000,2025-06-13,03:35:00,3427.745,3429.075,3426.345,3427.575,0.1278
1749786000000,2025-06-13,03:40:00,3427.565,3430.265,3425.675,3429.868,0.2366
1749786300000,2025-06-13,03:45:00,3429.818,3431.498,3428.998,3430.748,0.2097
1749786600000,2025-06-13,03:50:00,3430.748,3431.248,3426.425,3426.985,0.173
1749786900000,2025-06-13,03:55:00,3427.015,3428.765,3425.098,3425.348,0.1174
1749787200000,2025-06-13,04:00:00,3425.248,3426.675,3422.555,3423.955,0.2539
1749787500000,2025-06-13,04:05:00,3423.955,3429.385,3423.955,3427.685,0.1023
1749787800000,2025-06-13,04:10:00,3427.498,3429.548,3427.315,3427.735,0.1341
1749788100000,2025-06-13,04:15:00,3427.695,3429.955,3427.045,3427.395,0.1211
1749788400000,2025-06-13,04:20:00,3427.315,3430.135,3427.295,3429.865,0.1139
1749788700000,2025-06-13,04:25:00,3429.815,3430.065,3425.825,3427.035,0.0848
1749789000000,2025-06-13,04:30:00,3427.035,3427.735,3425.495,3426.775,0.1081
1749789300000,2025-06-13,04:35:00,3426.775,3428.795,3425.435,3428.405,0.0943
1749789600000,2025-06-13,04:40:00,3428.305,3429.445,3427.098,3428.175,0.0816
1749789900000,2025-06-13,04:45:00,3428.148,3429.005,3426.665,3427.535,0.0596
1749790200000,2025-06-13,04:50:00,3427.505,3428.145,3426.205,3426.915,0.0555
1749790500000,2025-06-13,04:55:00,3426.835,3427.125,3424.485,3425.095,0.0619
1749790800000,2025-06-13,05:00:00,3425.185,3425.765,3422.248,3424.948,0.119
1749791100000,2025-06-13,05:05:00,3424.955,3428.615,3424.395,3426.795,0.0866
1749791400000,2025-06-13,05:10:00,3426.865,3427.648,3424.248,3424.895,0.1201
1749791700000,2025-06-13,05:15:00,3424.875,3427.715,3424.275,3427.205,0.0791
1749792000000,2025-06-13,05:20:00,3427.185,3427.185,3420.755,3422.288,0.1379
1749792300000,2025-06-13,05:25:00,3422.409,3422.565,3418.045,3419.505,0.1858
1749792600000,2025-06-13,05:30:00,3419.525,3422.815,3417.898,3421.898,0.1724
1749792900000,2025-06-13,05:35:00,3421.898,3423.365,3420.765,3422.085,0.1117
1749793200000,2025-06-13,05:40:00,3421.985,3424.548,3421.535,3423.335,0.1346
1749793500000,2025-06-13,05:45:00,3423.375,3424.695,3422.215,3423.485,0.1119
1749793800000,2025-06-13,05:50:00,3423.455,3425.295,3422.925,3424.435,0.1174
1749794100000,2025-06-13,05:55:00,3424.435,3426.405,3424.108,3425.905,0.114
1749794400000,2025-06-13,06:00:00,3425.935,3427.425,3422.285,3425.505,0.1848
1749794700000,2025-06-13,06:05:00,3425.525,3426.015,3423.825,3425.045,0.1664
1749795000000,2025-06-13,06:10:00,3425.045,3426.045,3422.105,3422.105,0.1605
1749795300000,2025-06-13,06:15:00,3422.075,3423.215,3419.855,3421.855,0.159
1749795600000,2025-06-13,06:20:00,3421.625,3423.375,3420.975,3422.915,0.128
1749795900000,2025-06-13,06:25:00,3422.945,3425.225,3422.415,3425.135,0.1457
1749796200000,2025-06-13,06:30:00,3425.135,3426.275,3423.955,3425.465,0.1522
1749796500000,2025-06-13,06:35:00,3425.465,3427.848,3423.325,3427.645,0.1687
1749796800000,2025-06-13,06:40:00,3427.635,3428.635,3418.055,3418.698,0.2129
1749797100000,2025-06-13,06:45:00,3418.685,3419.048,3408.165,3408.365,0.3237
1749797400000,2025-06-13,06:50:00,3408.698,3414.975,3408.598,3413.655,0.3435
1749797700000,2025-06-13,06:55:00,3413.855,3418.405,3412.848,3416.125,0.1582
1749798000000,2025-06-13,07:00:00,3416.135,3417.548,3411.785,3412.085,0.1866
1749798300000,2025-06-13,07:05:00,3412.085,3413.845,3408.545,3408.955,0.1726
1749798600000,2025-06-13,07:10:00,3408.855,3413.345,3407.755,3412.905,0.1896
1749798900000,2025-06-13,07:15:00,3412.885,3416.825,3412.098,3414.775,0.1467
1749799200000,2025-06-13,07:20:00,3414.755,3416.765,3412.995,3414.098,0.228
1749799500000,2025-06-13,07:25:00,3414.098,3417.855,3413.698,3415.998,0.1876
1749799800000,2025-06-13,07:30:00,3415.855,3418.835,3415.855,3417.385,0.1132
1749800100000,2025-06-13,07:35:00,3417.395,3418.485,3414.775,3416.505,0.1463
1749800400000,2025-06-13,07:40:00,3416.495,3416.795,3414.885,3416.225,0.0738
1749800700000,2025-06-13,07:45:00,3416.195,3418.355,3415.275,3418.355,0.0709
1749801000000,2025-06-13,07:50:00,3418.315,3418.525,3415.598,3415.965,0.1065
1749801300000,2025-06-13,07:55:00,3415.995,3416.235,3414.025,3414.715,0.1041
1749801600000,2025-06-13,08:00:00,3414.695,3418.235,3414.075,3416.675,0.1262
1749801900000,2025-06-13,08:05:00,3416.675,3419.995,3415.655,3419.825,0.117
1749802200000,2025-06-13,08:10:00,3419.815,3422.475,3417.285,3422.395,0.1027
1749802500000,2025-06-13,08:15:00,3422.345,3422.525,3420.298,3420.298,0.1057
1749802800000,2025-06-13,08:20:00,3420.298,3425.515,3419.765,3425.395,0.1096
1749803100000,2025-06-13,08:25:00,3425.405,3425.905,3423.348,3423.565,0.12
1749803400000,2025-06-13,08:30:00,3423.555,3425.785,3423.235,3425.048,0.0826
1749803700000,2025-06-13,08:35:00,3425.035,3425.448,3423.098,3423.098,0.1258
1749804000000,2025-06-13,08:40:00,3423.098,3424.648,3422.468,3423.748,0.1281
1749804300000,2025-06-13,08:45:00,3423.748,3425.915,3423.448,3424.275,0.0946
1749804600000,2025-06-13,08:50:00,3424.235,3425.595,3422.955,3425.435,0.1067
1749804900000,2025-06-13,08:55:00,3425.525,3425.525,3423.948,3424.148,0.0951
1749805200000,2025-06-13,09:00:00,3424.148,3425.348,3421.415,3422.775,0.1724
1749805500000,2025-06-13,09:05:00,3422.865,3425.905,3421.648,3422.848,0.1222
1749805800000,2025-06-13,09:10:00,3422.725,3427.148,3422.725,3424.648,0.1382
1749806100000,2025-06-13,09:15:00,3424.848,3425.848,3421.668,3422.085,0.162
1749806400000,2025-06-13,09:20:00,3421.915,3422.865,3420.148,3422.575,0.1028
1749806700000,2025-06-13,09:25:00,3422.585,3424.598,3421.648,3421.948,0.1092
1749807000000,2025-06-13,09:30:00,3421.948,3423.298,3419.818,3422.455,0.1947
1749807300000,2025-06-13,09:35:00,3422.515,3424.698,3422.235,3423.365,0.0824
1749807600000,2025-06-13,09:40:00,3423.175,3425.075,3422.635,3423.075,0.0847
1749807900000,2025-06-13,09:45:00,3422.955,3424.465,3422.645,3423.965,0.0736
1749808200000,2025-06-13,09:50:00,3424.245,3425.485,3422.995,3423.758,0.1099
1749808500000,2025-06-13,09:55:00,3423.705,3424.275,3420.498,3424.195,0.1823
1749808800000,2025-06-13,10:00:00,3424.155,3427.545,3423.098,3425.995,0.1285
1749809100000,2025-06-13,10:05:00,3426.048,3426.885,3424.875,3425.095,0.1075
1749809400000,2025-06-13,10:10:00,3425.085,3425.215,3418.605,3419.765,0.1484
1749809700000,2025-06-13,10:15:00,3419.705,3421.948,3416.098,3417.045,0.1988
1749810000000,2025-06-13,10:20:00,3417.105,3418.248,3414.725,3417.648,0.1527
1749810300000,2025-06-13,10:25:00,3417.648,3422.225,3417.348,3421.885,0.1252
1749810600000,2025-06-13,10:30:00,3421.895,3423.948,3417.875,3418.065,0.1336
1749810900000,2025-06-13,10:35:00,3418.048,3418.048,3413.848,3414.855,0.1301
1749811200000,2025-06-13,10:40:00,3414.908,3417.125,3414.425,3414.485,0.0976
1749811500000,2025-06-13,10:45:00,3414.435,3416.048,3413.135,3413.985,0.1182
1749811800000,2025-06-13,10:50:00,3414.005,3415.065,3411.395,3414.555,0.1146
1749812100000,2025-06-13,10:55:00,3414.475,3416.765,3414.235,3415.685,0.1022
1749812400000,2025-06-13,11:00:00,3415.745,3416.465,3412.295,3415.135,0.1531
1749812700000,2025-06-13,11:05:00,3415.125,3415.325,3413.025,3413.865,0.1066
1749813000000,2025-06-13,11:10:00,3413.885,3416.965,3413.885,3416.455,0.1229
1749813300000,2025-06-13,11:15:00,3416.505,3418.415,3416.198,3417.915,0.1749
1749813600000,2025-06-13,11:20:00,3417.898,3421.448,3417.185,3419.748,0.1454
1749813900000,2025-06-13,11:25:00,3419.615,3420.075,3418.398,3419.175,0.122
1749814200000,2025-06-13,11:30:00,3419.195,3422.098,3418.865,3421.308,0.1236
1749814500000,2025-06-13,11:35:00,3421.298,3422.098,3418.348,3420.205,0.1823
1749814800000,2025-06-13,11:40:00,3420.225,3421.848,3418.748,3421.675,0.1133
1749815100000,2025-06-13,11:45:00,3421.695,3422.835,3420.555,3420.785,0.0803
1749815400000,2025-06-13,11:50:00,3420.665,3421.795,3419.005,3419.335,0.1086
1749815700000,2025-06-13,11:55:00,3419.365,3422.675,3419.365,3422.005,0.082
1749816000000,2025-06-13,12:00:00,3422.045,3423.895,3421.755,3423.275,0.1607
1749816300000,2025-06-13,12:05:00,3423.375,3426.955,3423.348,3424.365,0.1943
1749816600000,2025-06-13,12:10:00,3424.365,3424.495,3422.298,3423.905,0.1673
1749816900000,2025-06-13,12:15:00,3423.879,3425.575,3421.835,3421.965,0.1922
1749817200000,2025-06-13,12:20:00,3421.929,3425.435,3421.565,3425.195,0.2775
1749817500000,2025-06-13,12:25:00,3425.235,3427.648,3424.848,3427.348,0.1276
1749817800000,2025-06-13,12:30:00,3427.375,3430.048,3426.415,3429.798,0.2381
1749818100000,2025-06-13,12:35:00,3429.858,3434.335,3427.128,3431.948,0.276
1749818400000,2025-06-13,12:40:00,3432.048,3432.948,3430.758,3431.318,0.175
1749818700000,2025-06-13,12:45:00,3431.318,3432.998,3429.298,3430.248,0.297
1749819000000,2025-06-13,12:50:00,3430.265,3436.405,3430.265,3436.198,0.1969
1749819300000,2025-06-13,12:55:00,3436.198,3437.998,3435.685,3436.435,0.1703
1749819600000,2025-06-13,13:00:00,3436.348,3441.118,3435.525,3439.045,0.404
1749819900000,2025-06-13,13:05:00,3439.115,3439.505,3435.635,3435.635,0.2088
1749820200000,2025-06-13,13:10:00,3435.685,3441.155,3435.235,3440.598,0.2247
1749820500000,2025-06-13,13:15:00,3440.498,3442.635,3437.329,3437.848,0.3037
1749820800000,2025-06-13,13:20:00,3437.948,3442.445,3437.209,3441.385,0.2187
1749821100000,2025-06-13,13:25:00,3441.355,3444.298,3440.908,3443.305,0.1809
1749821400000,2025-06-13,13:30:00,3443.295,3443.455,3439.329,3441.755,0.2702
1749821700000,2025-06-13,13:35:00,3441.648,3446.648,3441.248,3444.055,0.3999
1749822000000,2025-06-13,13:40:00,3444.675,3444.948,3440.638,3441.715,0.2866
1749822300000,2025-06-13,13:45:00,3441.755,3442.455,3436.158,3439.455,0.2647
1749822600000,2025-06-13,13:50:00,3439.505,3439.785,3433.589,3433.698,0.2799
1749822900000,2025-06-13,13:55:00,3433.698,3438.795,3433.698,3436.865,0.1711
1749823200000,2025-06-13,14:00:00,3436.905,3438.048,3430.335,3434.195,0.3135
1749823500000,2025-06-13,14:05:00,3434.205,3437.275,3433.875,3435.248,0.2819
1749823800000,2025-06-13,14:10:00,3435.175,3435.748,3426.835,3429.248,0.3076
1749824100000,2025-06-13,14:15:00,3429.048,3430.798,3424.275,3427.398,0.3511
1749824400000,2025-06-13,14:20:00,3427.405,3432.498,3425.998,3432.048,0.2599
1749824700000,2025-06-13,14:25:00,3432.048,3435.848,3430.548,3435.848,0.2282
1749825000000,2025-06-13,14:30:00,3435.848,3436.265,3433.368,3434.398,0.2387
1749825300000,2025-06-13,14:35:00,3434.498,3436.615,3432.745,3436.495,0.3976
1749825600000,2025-06-13,14:40:00,3436.385,3436.605,3434.045,3435.948,0.4271
1749825900000,2025-06-13,14:45:00,3435.948,3439.515,3435.948,3439.319,0.2402
1749826200000,2025-06-13,14:50:00,3439.298,3439.698,3426.509,3429.385,0.7665
1749826500000,2025-06-13,14:55:00,3429.198,3429.198,3423.495,3427.715,0.8317
1749826800000,2025-06-13,15:00:00,3427.735,3430.198,3425.725,3428.075,0.3293
1749827100000,2025-06-13,15:05:00,3428.115,3428.385,3422.458,3427.505,0.6143
1749827400000,2025-06-13,15:10:00,3427.525,3427.945,3423.495,3424.305,0.1874
1749827700000,2025-06-13,15:15:00,3424.245,3429.265,3421.509,3428.748,0.2439
1749828000000,2025-06-13,15:20:00,3428.625,3428.725,3426.348,3428.055,0.4268
1749828300000,2025-06-13,15:25:00,3428.095,3429.548,3425.905,3426.015,1.3854
1749828600000,2025-06-13,15:30:00,3426.015,3426.185,3421.825,3422.755,1.0809
1749828900000,2025-06-13,15:35:00,3422.948,3424.925,3420.728,3424.798,0.458
1749829200000,2025-06-13,15:40:00,3424.798,3426.248,3423.765,3424.135,0.3438
1749829500000,2025-06-13,15:45:00,3424.105,3425.175,3422.975,3423.975,0.2354
1749829800000,2025-06-13,15:50:00,3423.935,3425.225,3422.735,3424.448,0.8418
1749830100000,2025-06-13,15:55:00,3424.465,3426.355,3424.048,3426.045,0.6847
1749830400000,2025-06-13,16:00:00,3426.035,3428.015,3425.848,3427.675,0.7514
1749830700000,2025-06-13,16:05:00,3427.675,3427.795,3420.958,3420.965,1.2161
1749831000000,2025-06-13,16:10:00,3420.975,3422.185,3419.055,3420.075,1.221
1749831300000,2025-06-13,16:15:00,3420.055,3423.265,3419.965,3422.635,0.1366
1749831600000,2025-06-13,16:20:00,3422.655,3424.985,3421.755,3424.985,0.2074
1749831900000,2025-06-13,16:25:00,3424.995,3427.348,3424.315,3427.005,0.5572
1749832200000,2025-06-13,16:30:00,3427.025,3429.535,3426.405,3428.575,0.1963
1749832500000,2025-06-13,16:35:00,3428.545,3430.975,3427.345,3430.585,0.2566
1749832800000,2025-06-13,16:40:00,3430.525,3430.715,3427.498,3429.198,0.2119
1749833100000,2025-06-13,16:45:00,3429.198,3429.198,3427.885,3427.948,0.1081
1749833400000,2025-06-13,16:50:00,3427.948,3430.365,3427.865,3429.545,0.1356
1749833700000,2025-06-13,16:55:00,3429.545,3430.015,3428.048,3429.915,0.1936
1749834000000,2025-06-13,17:00:00,3429.915,3430.475,3427.705,3429.115,0.1716
1749834300000,2025-06-13,17:05:00,3429.085,3431.235,3428.725,3430.815,0.1941
1749834600000,2025-06-13,17:10:00,3430.815,3432.048,3430.615,3431.355,0.1776
1749834900000,2025-06-13,17:15:00,3431.348,3433.298,3429.995,3432.448,0.1761
1749835200000,2025-06-13,17:20:00,3432.448,3432.955,3430.615,3431.598,0.2338
1749835500000,2025-06-13,17:25:00,3431.485,3432.848,3429.745,3431.848,0.1684
1749835800000,2025-06-13,17:30:00,3431.848,3432.648,3429.485,3430.605,0.1817
1749836100000,2025-06-13,17:35:00,3430.605,3431.655,3430.098,3430.348,0.1263
1749836400000,2025-06-13,17:40:00,3430.248,3430.948,3428.485,3429.448,0.1252
1749836700000,2025-06-13,17:45:00,3429.548,3429.848,3427.205,3427.948,0.0727
1749837000000,2025-06-13,17:50:00,3427.955,3429.395,3427.715,3428.548,0.0854
1749837300000,2025-06-13,17:55:00,3428.548,3430.448,3428.405,3430.198,0.0993
1749837600000,2025-06-13,18:00:00,3430.225,3432.098,3429.248,3432.025,0.1258
1749837900000,2025-06-13,18:05:00,3431.998,3434.548,3430.805,3434.048,0.1434
1749838200000,2025-06-13,18:10:00,3434.048,3434.148,3432.478,3433.048,0.1819
1749838500000,2025-06-13,18:15:00,3433.048,3435.698,3428.875,3429.365,0.2051
1749838800000,2025-06-13,18:20:00,3429.365,3431.615,3428.535,3429.505,0.1678
1749839100000,2025-06-13,18:25:00,3429.445,3432.648,3429.395,3432.448,0.1195
1749839400000,2025-06-13,18:30:00,3432.448,3436.205,3431.755,3435.848,0.1802
1749839700000,2025-06-13,18:35:00,3435.948,3436.048,3433.448,3433.625,0.1947
1749840000000,2025-06-13,18:40:00,3433.625,3435.825,3432.448,3435.275,0.2098
1749840300000,2025-06-13,18:45:00,3435.248,3438.515,3433.755,3438.305,0.2097
1749840600000,2025-06-13,18:50:00,3438.315,3439.395,3437.295,3437.355,0.237
1749840900000,2025-06-13,18:55:00,3437.435,3437.535,3435.595,3436.525,0.2402
1749841200000,2025-06-13,19:00:00,3436.535,3438.075,3436.155,3436.795,0.211
1749841500000,2025-06-13,19:05:00,3436.655,3437.495,3435.998,3436.398,0.1603
1749841800000,2025-06-13,19:10:00,3436.435,3437.335,3434.995,3436.175,0.1754
1749842100000,2025-06-13,19:15:00,3436.175,3437.815,3435.648,3437.348,0.1746
1749842400000,2025-06-13,19:20:00,3437.348,3437.548,3434.995,3435.995,0.1916
1749842700000,2025-06-13,19:25:00,3436.025,3436.025,3433.848,3435.165,0.1713
1749843000000,2025-06-13,19:30:00,3435.175,3435.175,3433.055,3434.535,0.2082
1749843300000,2025-06-13,19:35:00,3434.535,3435.505,3431.695,3434.075,0.2225
1749843600000,2025-06-13,19:40:00,3434.175,3435.155,3432.725,3434.595,0.208
1749843900000,2025-06-13,19:45:00,3434.675,3434.755,3432.305,3433.345,0.2281
1749844200000,2025-06-13,19:50:00,3433.339,3434.515,3431.745,3431.895,0.2216
1749844500000,2025-06-13,19:55:00,3431.975,3433.548,3431.645,3432.165,0.2261
1749844800000,2025-06-13,20:00:00,3432.235,3433.448,3429.448,3429.575,0.1418
1749845100000,2025-06-13,20:05:00,3429.548,3431.498,3428.905,3430.675,0.1001
1749845400000,2025-06-13,20:10:00,3430.675,3433.398,3430.675,3432.815,0.0904
1749845700000,2025-06-13,20:15:00,3432.705,3433.145,3431.785,3432.495,0.0782
1749846000000,2025-06-13,20:20:00,3432.495,3432.805,3431.805,3432.595,0.0659
1749846300000,2025-06-13,20:25:00,3432.595,3433.348,3431.905,3432.735,0.1141
1749846600000,2025-06-13,20:30:00,3432.675,3432.925,3430.985,3431.045,0.0593
1749846900000,2025-06-13,20:35:00,3431.098,3432.895,3431.098,3432.775,0.0367
1749847200000,2025-06-13,20:40:00,3432.755,3434.645,3432.675,3433.805,0.0651
1749847500000,2025-06-13,20:45:00,3433.755,3434.305,3432.665,3432.825,0.0521
1749847800000,2025-06-13,20:50:00,3432.825,3432.998,3431.535,3432.448,0.0544
1749848100000,2025-06-13,20:55:00,3432.548,3434.098,3430.955,3431.855,0.0854
1750024800000,2025-06-15,22:00:00,3451.065,3451.065,3428.075,3440.725,0.2549
1750025100000,2025-06-15,22:05:00,3440.725,3444.055,3438.325,3443.795,0.2012
1750025400000,2025-06-15,22:10:00,3443.845,3450.885,3443.745,3449.595,0.536
1750025700000,2025-06-15,22:15:00,3449.565,3450.735,3446.355,3450.048,0.4862
1750026000000,2025-06-15,22:20:00,3450.148,3450.345,3446.345,3449.935,0.32
1750026300000,2025-06-15,22:25:00,3449.965,3450.075,3446.645,3446.955,0.1821
1750026600000,2025-06-15,22:30:00,3446.985,3447.825,3442.298,3442.965,0.2572
1750026900000,2025-06-15,22:35:00,3442.805,3446.425,3439.465,3445.825,0.2079
1750027200000,2025-06-15,22:40:00,3445.848,3448.595,3444.235,3444.798,0.1144
1750027500000,2025-06-15,22:45:00,3444.898,3449.895,3444.798,3448.548,0.0923
1750027800000,2025-06-15,22:50:00,3448.565,3449.348,3447.048,3448.348,0.101
1750028100000,2025-06-15,22:55:00,3448.348,3449.398,3447.898,3448.098,0.042
1750028400000,2025-06-15,23:00:00,3448.095,3449.848,3446.498,3448.848,0.0802
1750028700000,2025-06-15,23:05:00,3448.848,3448.848,3445.805,3446.748,0.1045
1750029000000,2025-06-15,23:10:00,3446.675,3448.455,3446.025,3447.225,0.0722
1750029300000,2025-06-15,23:15:00,3447.195,3447.415,3442.955,3444.625,0.07
1750029600000,2025-06-15,23:20:00,3444.575,3449.025,3444.575,3447.925,0.0472
1750029900000,2025-06-15,23:25:00,3447.975,3448.325,3446.315,3447.755,0.0431
1750030200000,2025-06-15,23:30:00,3447.785,3449.125,3445.348,3446.248,0.0712
1750030500000,2025-06-15,23:35:00,3446.205,3447.935,3445.215,3447.505,0.0572
1750030800000,2025-06-15,23:40:00,3447.555,3447.975,3445.385,3445.748,0.0649
1750031100000,2025-06-15,23:45:00,3445.748,3445.748,3439.255,3443.185,0.1502
1750031400000,2025-06-15,23:50:00,3443.175,3445.495,3441.248,3442.135,0.0959
1750031700000,2025-06-15,23:55:00,3442.125,3444.015,3440.615,3444.015,0.1069
1750032000000,2025-06-16,00:00:00,3443.998,3444.465,3436.835,3439.498,0.1972
1750032300000,2025-06-16,00:05:00,3439.498,3445.285,3439.098,3444.048,0.1295
1750032600000,2025-06-16,00:10:00,3444.305,3445.655,3443.835,3445.285,0.095
1750032900000,2025-06-16,00:15:00,3445.265,3447.035,3444.905,3446.025,0.0892
1750033200000,2025-06-16,00:20:00,3446.005,3450.348,3445.835,3449.295,0.1313
1750033500000,2025-06-16,00:25:00,3449.295,3451.085,3448.248,3448.548,0.132
1750033800000,2025-06-16,00:30:00,3448.475,3449.748,3444.898,3445.548,0.1728
1750034100000,2025-06-16,00:35:00,3445.648,3447.165,3442.075,3444.598,0.1879
1750034400000,2025-06-16,00:40:00,3444.598,3444.815,3440.475,3440.705,0.0926
1750034700000,2025-06-16,00:45:00,3440.655,3441.675,3436.098,3436.565,0.1504
1750035000000,2025-06-16,00:50:00,3436.708,3437.655,3434.095,3435.295,0.1814
1750035300000,2025-06-16,00:55:00,3435.305,3437.948,3434.125,3436.148,0.1672
1750035600000,2025-06-16,01:00:00,3435.945,3439.248,3432.855,3438.265,0.2702
1750035900000,2025-06-16,01:05:00,3438.248,3439.595,3434.398,3438.935,0.1693
1750036200000,2025-06-16,01:10:00,3438.935,3441.315,3437.585,3440.505,0.1465
1750036500000,2025-06-16,01:15:00,3440.415,3442.905,3438.848,3440.265,0.1535
1750036800000,2025-06-16,01:20:00,3440.265,3441.148,3435.755,3437.805,0.2014
1750037100000,2025-06-16,01:25:00,3437.735,3438.045,3434.165,3435.815,0.1393
1750037400000,2025-06-16,01:30:00,3435.855,3438.595,3435.175,3436.865,0.1274
1750037700000,2025-06-16,01:35:00,3436.685,3438.435,3435.498,3438.165,0.1174
1750038000000,2025-06-16,01:40:00,3438.165,3439.065,3435.399,3438.495,0.0973
1750038300000,2025-06-16,01:45:00,3438.545,3440.555,3438.115,3440.425,0.1008
1750038600000,2025-06-16,01:50:00,3440.545,3441.755,3438.385,3440.645,0.1213
1750038900000,2025-06-16,01:55:00,3440.645,3442.115,3438.835,3441.305,0.1043
1750039200000,2025-06-16,02:00:00,3441.395,3444.175,3440.325,3443.235,0.1282
1750039500000,2025-06-16,02:05:00,3443.215,3446.025,3442.365,3445.695,0.1016
1750039800000,2025-06-16,02:10:00,3445.645,3446.105,3443.865,3443.935,0.1045
1750040100000,2025-06-16,02:15:00,3443.995,3444.765,3442.665,3443.775,0.1101
1750040400000,2025-06-16,02:20:00,3443.745,3445.948,3442.995,3444.348,0.1337
1750040700000,2025-06-16,02:25:00,3444.255,3445.148,3442.195,3442.255,0.156
1750041000000,2025-06-16,02:30:00,3442.248,3442.745,3440.248,3440.975,0.1157
1750041300000,2025-06-16,02:35:00,3440.915,3442.148,3440.039,3441.675,0.1103
1750041600000,2025-06-16,02:40:00,3441.685,3443.815,3441.405,3443.485,0.0925
1750041900000,2025-06-16,02:45:00,3443.415,3443.655,3439.948,3440.705,0.079
1750042200000,2025-06-16,02:50:00,3440.705,3441.505,3438.855,3440.935,0.1047
1750042500000,2025-06-16,02:55:00,3440.915,3441.735,3437.675,3438.155,0.0889
1750042800000,2025-06-16,03:00:00,3438.135,3438.625,3435.355,3438.185,0.1135
1750043100000,2025-06-16,03:05:00,3438.115,3439.355,3437.065,3439.135,0.1049
1750043400000,2025-06-16,03:10:00,3439.105,3439.145,3437.015,3437.375,0.097
1750043700000,2025-06-16,03:15:00,3437.275,3437.385,3433.905,3435.515,0.1084
1750044000000,2025-06-16,03:20:00,3435.475,3436.605,3434.285,3436.325,0.11
1750044300000,2025-06-16,03:25:00,3436.405,3437.498,3434.835,3436.895,0.1129
1750044600000,2025-06-16,03:30:00,3436.895,3436.895,3432.905,3433.855,0.0997
1750044900000,2025-06-16,03:35:00,3433.935,3435.595,3433.555,3433.915,0.0558
1750045200000,2025-06-16,03:40:00,3433.915,3435.265,3431.885,3432.215,0.0698
1750045500000,2025-06-16,03:45:00,3432.215,3432.855,3430.955,3431.055,0.1551
1750045800000,2025-06-16,03:50:00,3431.075,3432.565,3430.265,3430.865,0.0761
1750046100000,2025-06-16,03:55:00,3430.755,3431.605,3429.048,3431.365,0.0909
1750046400000,2025-06-16,04:00:00,3431.345,3433.165,3430.565,3431.325,0.1145
1750046700000,2025-06-16,04:05:00,3431.315,3431.325,3428.815,3429.875,0.0792
1750047000000,2025-06-16,04:10:00,3429.915,3431.595,3428.875,3429.525,0.0667
1750047300000,2025-06-16,04:15:00,3429.345,3430.935,3429.048,3430.555,0.0428
1750047600000,2025-06-16,04:20:00,3430.575,3431.698,3429.645,3429.955,0.089
1750047900000,2025-06-16,04:25:00,3429.985,3430.848,3429.848,3430.105,0.1033
1750048200000,2025-06-16,04:30:00,3430.055,3431.805,3429.248,3431.495,0.0842
1750048500000,2025-06-16,04:35:00,3431.455,3431.455,3429.375,3430.398,0.0599
1750048800000,2025-06-16,04:40:00,3430.598,3431.648,3429.625,3429.765,0.0706
1750049100000,2025-06-16,04:45:00,3429.759,3429.759,3427.348,3429.015,0.1046
1750049400000,2025-06-16,04:50:00,3428.995,3429.498,3427.035,3428.425,0.0838
1750049700000,2025-06-16,04:55:00,3428.345,3428.615,3426.705,3427.335,0.048
1750050000000,2025-06-16,05:00:00,3427.515,3428.355,3421.715,3425.245,0.1884
1750050300000,2025-06-16,05:05:00,3425.195,3429.195,3424.665,3428.495,0.1313
1750050600000,2025-06-16,05:10:00,3428.495,3429.545,3426.615,3427.025,0.0756
1750050900000,2025-06-16,05:15:00,3427.045,3427.345,3424.065,3425.155,0.0753
1750051200000,2025-06-16,05:20:00,3425.155,3426.598,3424.645,3426.398,0.0784
1750051500000,2025-06-16,05:25:00,3426.315,3427.948,3426.245,3427.348,0.0992
1750051800000,2025-06-16,05:30:00,3427.348,3430.255,3423.048,3423.048,0.2603
1750052100000,2025-06-16,05:35:00,3423.048,3425.548,3421.505,3423.805,0.2126
1750052400000,2025-06-16,05:40:00,3423.765,3423.765,3417.555,3420.448,0.2221
1750052700000,2025-06-16,05:45:00,3420.448,3422.605,3419.905,3422.035,0.1181
1750053000000,2025-06-16,05:50:00,3422.125,3424.875,3421.375,3421.975,0.1174
1750053300000,2025-06-16,05:55:00,3421.995,3423.575,3420.648,3421.348,0.1729
1750053600000,2025-06-16,06:00:00,3421.348,3421.348,3418.048,3418.675,0.2894
1750053900000,2025-06-16,06:05:00,3418.705,3418.745,3415.615,3416.365,0.2259
1750054200000,2025-06-16,06:10:00,3416.365,3418.925,3416.075,3418.765,0.1344
1750054500000,2025-06-16,06:15:00,3418.705,3420.395,3416.548,3416.775,0.1265
1750054800000,2025-06-16,06:20:00,3416.748,3417.305,3414.875,3417.045,0.136
1750055100000,2025-06-16,06:25:00,3417.095,3417.295,3412.698,3415.748,0.163
1750055400000,2025-06-16,06:30:00,3415.595,3416.685,3412.785,3416.685,0.1418
1750055700000,2025-06-16,06:35:00,3416.485,3418.348,3414.685,3416.748,0.1342
1750056000000,2025-06-16,06:40:00,3416.635,3419.785,3415.148,3419.165,0.1842
1750056300000,2025-06-16,06:45:00,3419.175,3419.285,3415.545,3416.165,0.0972
1750056600000,2025-06-16,06:50:00,3416.145,3417.525,3414.448,3416.995,0.1244
1750056900000,2025-06-16,06:55:00,3417.015,3418.245,3416.775,3418.105,0.0995
1750057200000,2025-06-16,07:00:00,3418.085,3418.875,3413.735,3418.745,0.1371
1750057500000,2025-06-16,07:05:00,3418.775,3419.655,3414.048,3414.648,0.1124
1750057800000,2025-06-16,07:10:00,3414.648,3415.648,3409.165,3410.855,0.2056
1750058100000,2025-06-16,07:15:00,3410.895,3412.665,3410.285,3410.875,0.1101
1750058400000,2025-06-16,07:20:00,3410.905,3415.725,3410.655,3413.745,0.1422
1750058700000,2025-06-16,07:25:00,3413.798,3414.255,3411.695,3413.425,0.1213
1750059000000,2025-06-16,07:30:00,3413.695,3415.248,3412.448,3413.045,0.1268
1750059300000,2025-06-16,07:35:00,3412.998,3416.205,3412.965,3415.665,0.0953
1750059600000,2025-06-16,07:40:00,3415.695,3416.025,3413.448,3413.748,0.0768
1750059900000,2025-06-16,07:45:00,3413.755,3414.948,3411.065,3411.148,0.1113
1750060200000,2025-06-16,07:50:00,3411.205,3413.355,3410.815,3413.135,0.1193
1750060500000,2025-06-16,07:55:00,3413.185,3414.715,3411.845,3412.455,0.1035
1750060800000,2025-06-16,08:00:00,3412.375,3414.475,3412.355,3413.275,0.1016
1750061100000,2025-06-16,08:05:00,3413.255,3413.595,3409.475,3410.615,0.1167
1750061400000,2025-06-16,08:10:00,3410.675,3415.015,3410.635,3414.575,0.0951
1750061700000,2025-06-16,08:15:00,3414.595,3416.485,3413.989,3416.275,0.1382
1750062000000,2025-06-16,08:20:00,3416.275,3418.255,3413.465,3413.845,0.1251
1750062300000,2025-06-16,08:25:00,3413.845,3414.755,3412.995,3413.795,0.1104
1750062600000,2025-06-16,08:30:00,3413.765,3415.985,3412.175,3415.548,0.093
1750062900000,2025-06-16,08:35:00,3415.285,3416.205,3414.195,3416.005,0.0782
1750063200000,2025-06-16,08:40:00,3416.015,3418.298,3415.885,3416.595,0.1125
1750063500000,2025-06-16,08:45:00,3416.595,3417.495,3415.445,3416.005,0.1013
1750063800000,2025-06-16,08:50:00,3415.998,3417.715,3414.645,3415.085,0.1021
1750064100000,2025-06-16,08:55:00,3414.855,3416.548,3412.945,3413.625,0.1087
1750064400000,2025-06-16,09:00:00,3413.715,3416.245,3412.725,3415.005,0.08
1750064700000,2025-06-16,09:05:00,3415.025,3417.615,3414.385,3417.585,0.0819
1750065000000,2025-06-16,09:10:00,3417.545,3418.615,3416.645,3416.665,0.078
1750065300000,2025-06-16,09:15:00,3416.655,3416.655,3414.899,3416.298,0.0939
1750065600000,2025-06-16,09:20:00,3416.325,3418.215,3416.135,3418.098,0.0781
1750065900000,2025-06-16,09:25:00,3418.098,3419.348,3417.485,3418.548,0.0904
1750066200000,2025-06-16,09:30:00,3418.548,3419.075,3415.148,3416.665,0.1526
1750066500000,2025-06-16,09:35:00,3416.665,3418.285,3416.095,3417.845,0.0916
1750066800000,2025-06-16,09:40:00,3417.815,3418.635,3415.748,3415.885,0.0929
1750067100000,2025-06-16,09:45:00,3415.945,3416.225,3413.555,3413.555,0.1008
1750067400000,2025-06-16,09:50:00,3413.585,3414.215,3412.015,3412.478,0.1566
1750067700000,2025-06-16,09:55:00,3412.475,3413.145,3411.738,3411.798,0.1314
1750068000000,2025-06-16,10:00:00,3412.025,3414.248,3411.798,3413.248,0.1192
1750068300000,2025-06-16,10:05:00,3413.245,3415.648,3412.548,3414.948,0.0979
1750068600000,2025-06-16,10:10:00,3414.948,3415.548,3411.645,3413.895,0.0992
1750068900000,2025-06-16,10:15:00,3413.875,3414.145,3411.175,3413.185,0.0546
1750069200000,2025-06-16,10:20:00,3413.155,3414.105,3410.545,3413.785,0.0692
1750069500000,2025-06-16,10:25:00,3413.755,3414.175,3412.815,3414.075,0.0534
1750069800000,2025-06-16,10:30:00,3414.115,3416.355,3413.505,3416.025,0.0704
1750070100000,2025-06-16,10:35:00,3416.055,3418.005,3415.995,3417.695,0.0901
1750070400000,2025-06-16,10:40:00,3417.735,3419.505,3417.345,3419.175,0.0917
1750070700000,2025-06-16,10:45:00,3419.215,3419.715,3418.305,3418.665,0.0934
1750071000000,2025-06-16,10:50:00,3418.655,3419.855,3417.025,3419.465,0.1384
1750071300000,2025-06-16,10:55:00,3419.465,3421.135,3418.765,3420.905,0.1021
1750071600000,2025-06-16,11:00:00,3420.875,3421.845,3419.498,3421.745,0.1335
1750071900000,2025-06-16,11:05:00,3421.745,3422.035,3418.548,3418.795,0.0896
1750072200000,2025-06-16,11:10:00,3418.765,3419.675,3417.945,3419.548,0.0815
1750072500000,2025-06-16,11:15:00,3419.448,3420.048,3418.805,3419.825,0.0763
1750072800000,2025-06-16,11:20:00,3419.905,3422.455,3419.805,3421.595,0.0684
1750073100000,2025-06-16,11:25:00,3421.585,3422.295,3419.088,3419.748,0.073
1750073400000,2025-06-16,11:30:00,3419.748,3419.748,3415.865,3417.525,0.1127
1750073700000,2025-06-16,11:35:00,3417.505,3419.065,3417.265,3418.345,0.0765
1750074000000,2025-06-16,11:40:00,3418.345,3419.455,3414.848,3415.085,0.1116
1750074300000,2025-06-16,11:45:00,3415.055,3415.485,3410.548,3413.285,0.179
1750074600000,2025-06-16,11:50:00,3413.285,3415.505,3413.075,3414.935,0.0928
1750074900000,2025-06-16,11:55:00,3414.985,3415.375,3414.125,3414.775,0.0735
1750075200000,2025-06-16,12:00:00,3414.825,3415.815,3412.765,3414.665,0.1272
1750075500000,2025-06-16,12:05:00,3414.755,3417.655,3414.649,3416.589,0.1475
1750075800000,2025-06-16,12:10:00,3416.589,3417.515,3415.645,3416.555,0.1155
1750076100000,2025-06-16,12:15:00,3416.615,3416.765,3413.819,3416.239,0.1013
1750076400000,2025-06-16,12:20:00,3416.239,3417.445,3412.705,3413.405,0.1976
1750076700000,2025-06-16,12:25:00,3413.435,3414.548,3412.385,3414.438,0.1277
1750077000000,2025-06-16,12:30:00,3414.329,3415.005,3410.825,3412.955,0.2113
1750077300000,2025-06-16,12:35:00,3413.035,3415.748,3412.315,3415.348,0.1532
1750077600000,2025-06-16,12:40:00,3415.335,3416.275,3413.198,3413.298,0.1218
1750077900000,2025-06-16,12:45:00,3413.298,3414.695,3412.948,3413.075,0.0887
1750078200000,2025-06-16,12:50:00,3413.055,3417.105,3412.748,3417.005,0.1375
1750078500000,2025-06-16,12:55:00,3416.998,3417.105,3415.145,3415.415,0.0863
1750078800000,2025-06-16,13:00:00,3415.395,3417.065,3413.515,3415.345,0.1406
1750079100000,2025-06-16,13:05:00,3415.345,3417.725,3414.705,3414.985,0.1269
1750079400000,2025-06-16,13:10:00,3415.085,3415.675,3413.405,3414.325,0.1155
1750079700000,2025-06-16,13:15:00,3414.505,3415.805,3405.738,3415.655,0.2506
1750080000000,2025-06-16,13:20:00,3415.775,3416.375,3411.648,3413.945,0.1993
1750080300000,2025-06-16,13:25:00,3413.975,3416.325,3411.885,3416.035,0.1286
1750080600000,2025-06-16,13:30:00,3416.055,3417.148,3413.545,3414.598,0.2462
1750080900000,2025-06-16,13:35:00,3414.598,3415.288,3409.805,3411.415,0.3161
1750081200000,2025-06-16,13:40:00,3411.398,3412.298,3402.705,3408.715,0.342
1750081500000,2025-06-16,13:45:00,3408.705,3410.135,3405.558,3408.975,0.2759
1750081800000,2025-06-16,13:50:00,3408.985,3409.965,3389.648,3389.748,0.3738
1750082100000,2025-06-16,13:55:00,3389.705,3393.898,3382.525,3387.708,0.6788
1750082400000,2025-06-16,14:00:00,3387.798,3396.198,3387.005,3393.675,0.3863
1750082700000,2025-06-16,14:05:00,3393.695,3399.248,3392.948,3395.648,0.3315
1750083000000,2025-06-16,14:10:00,3395.548,3397.648,3390.735,3396.315,0.2661
1750083300000,2025-06-16,14:15:00,3396.295,3398.615,3393.448,3395.955,0.2319
1750083600000,2025-06-16,14:20:00,3395.995,3397.248,3392.475,3395.055,0.2318
1750083900000,2025-06-16,14:25:00,3395.025,3396.248,3391.298,3391.648,0.2173
1750084200000,2025-06-16,14:30:00,3391.745,3393.798,3389.489,3393.105,0.2597
1750084500000,2025-06-16,14:35:00,3393.155,3395.545,3391.035,3391.545,0.206
1750084800000,2025-06-16,14:40:00,3391.565,3395.255,3391.565,3394.935,0.196
1750085100000,2025-06-16,14:45:00,3394.965,3397.445,3393.105,3396.548,0.2014
1750085400000,2025-06-16,14:50:00,3396.465,3398.565,3395.555,3396.105,0.1635
1750085700000,2025-06-16,14:55:00,3396.085,3397.545,3395.595,3396.765,0.1436
1750086000000,2025-06-16,15:00:00,3396.855,3400.475,3396.855,3400.145,0.1655
1750086300000,2025-06-16,15:05:00,3400.148,3403.275,3398.908,3401.035,0.1645
1750086600000,2025-06-16,15:10:00,3400.995,3402.225,3399.265,3400.765,0.1231
1750086900000,2025-06-16,15:15:00,3400.765,3402.648,3399.825,3400.045,0.0974
1750087200000,2025-06-16,15:20:00,3400.015,3401.948,3399.995,3401.655,0.0824
1750087500000,2025-06-16,15:25:00,3401.705,3405.095,3401.645,3404.305,0.1689
1750087800000,2025-06-16,15:30:00,3404.305,3405.225,3403.065,3405.025,0.1232
1750088100000,2025-06-16,15:35:00,3405.025,3405.415,3402.805,3404.345,0.1336
1750088400000,2025-06-16,15:40:00,3404.315,3404.648,3403.348,3403.548,0.1214
1750088700000,2025-06-16,15:45:00,3403.648,3404.905,3401.948,3402.748,0.1729
1750089000000,2025-06-16,15:50:00,3402.465,3403.415,3400.625,3403.355,0.1146
1750089300000,2025-06-16,15:55:00,3403.355,3405.448,3402.898,3404.375,0.1758
1750089600000,2025-06-16,16:00:00,3404.375,3404.848,3401.935,3403.155,0.1135
1750089900000,2025-06-16,16:05:00,3403.125,3403.845,3401.865,3403.305,0.0826
1750090200000,2025-06-16,16:10:00,3403.345,3403.805,3399.575,3400.615,0.1105
1750090500000,2025-06-16,16:15:00,3400.555,3400.775,3398.975,3400.775,0.0795
1750090800000,2025-06-16,16:20:00,3400.775,3400.955,3397.285,3398.665,0.0909
1750091100000,2025-06-16,16:25:00,3398.685,3400.698,3398.235,3399.698,0.0972
1750091400000,2025-06-16,16:30:00,3399.715,3399.995,3398.625,3399.505,0.0656
1750091700000,2025-06-16,16:35:00,3399.485,3400.085,3398.535,3398.965,0.0639
1750092000000,2025-06-16,16:40:00,3398.965,3400.615,3398.935,3399.948,0.0781
1750092300000,2025-06-16,16:45:00,3400.025,3400.265,3398.465,3399.235,0.0568
1750092600000,2025-06-16,16:50:00,3399.265,3399.845,3398.745,3399.575,0.05
1750092900000,2025-06-16,16:55:00,3399.435,3400.185,3398.985,3399.148,0.0412
1750093200000,2025-06-16,17:00:00,3399.125,3400.115,3398.005,3398.425,0.0665
1750093500000,2025-06-16,17:05:00,3398.465,3398.975,3397.265,3398.085,0.0649
1750093800000,2025-06-16,17:10:00,3397.975,3398.798,3396.935,3398.598,0.0714
1750094100000,2025-06-16,17:15:00,3398.598,3399.515,3397.755,3398.005,0.0627
1750094400000,2025-06-16,17:20:00,3397.998,3399.065,3396.448,3396.948,0.0843
1750094700000,2025-06-16,17:25:00,3397.048,3398.348,3396.348,3397.648,0.1198
1750095000000,2025-06-16,17:30:00,3397.648,3398.048,3393.398,3393.798,0.1112
1750095300000,2025-06-16,17:35:00,3393.698,3395.098,3392.855,3393.498,0.0845
1750095600000,2025-06-16,17:40:00,3393.598,3393.998,3390.885,3393.125,0.0784
1750095900000,2025-06-16,17:45:00,3393.095,3393.225,3391.015,3391.698,0.0723
1750096200000,2025-06-16,17:50:00,3391.698,3393.298,3391.548,3392.835,0.0625
1750096500000,2025-06-16,17:55:00,3392.898,3393.085,3391.995,3392.415,0.0514
1750096800000,2025-06-16,18:00:00,3392.365,3393.885,3391.455,3392.145,0.0599
1750097100000,2025-06-16,18:05:00,3392.125,3392.655,3389.845,3391.348,0.0657
1750097400000,2025-06-16,18:10:00,3391.375,3392.685,3390.915,3390.965,0.0508
1750097700000,2025-06-16,18:15:00,3391.005,3391.375,3388.995,3389.545,0.0655
1750098000000,2025-06-16,18:20:00,3389.635,3389.998,3387.725,3387.955,0.0628
1750098300000,2025-06-16,18:25:00,3387.955,3390.005,3387.735,3389.705,0.0698
1750098600000,2025-06-16,18:30:00,3389.698,3390.605,3389.445,3389.645,0.052
1750098900000,2025-06-16,18:35:00,3389.725,3390.145,3389.198,3389.965,0.0401
1750099200000,2025-06-16,18:40:00,3390.015,3390.015,3388.765,3388.955,0.0461
1750099500000,2025-06-16,18:45:00,3388.995,3389.255,3386.498,3388.075,0.0606
1750099800000,2025-06-16,18:50:00,3388.045,3388.295,3386.965,3387.755,0.0507
1750100100000,2025-06-16,18:55:00,3387.805,3388.205,3383.805,3385.165,0.0988
1750100400000,2025-06-16,19:00:00,3385.335,3385.545,3383.075,3384.705,0.1245
1750100700000,2025-06-16,19:05:00,3384.705,3385.835,3382.905,3383.055,0.0862
1750101000000,2025-06-16,19:10:00,3383.145,3384.755,3383.075,3383.915,0.1087
1750101300000,2025-06-16,19:15:00,3383.855,3384.485,3382.688,3382.925,0.1092
1750101600000,2025-06-16,19:20:00,3382.955,3384.795,3382.665,3383.455,0.1062
1750101900000,2025-06-16,19:25:00,3383.455,3384.775,3382.875,3384.545,0.1064
1750102200000,2025-06-16,19:30:00,3384.545,3387.145,3383.035,3387.125,0.1184
1750102500000,2025-06-16,19:35:00,3387.125,3387.635,3386.525,3387.285,0.1663
1750102800000,2025-06-16,19:40:00,3387.298,3387.585,3385.098,3386.245,0.1689
1750103100000,2025-06-16,19:45:00,3386.245,3386.648,3385.785,3386.548,0.1218
1750103400000,2025-06-16,19:50:00,3386.695,3388.348,3386.248,3387.175,0.1622
1750103700000,2025-06-16,19:55:00,3387.139,3387.139,3383.295,3383.885,0.1913
1750104000000,2025-06-16,20:00:00,3383.745,3384.715,3383.275,3384.265,0.0617
1750104300000,2025-06-16,20:05:00,3384.245,3384.915,3383.445,3384.185,0.0333
1750104600000,2025-06-16,20:10:00,3384.215,3384.555,3383.175,3384.495,0.0422
1750104900000,2025-06-16,20:15:00,3384.465,3385.055,3383.825,3384.715,0.0381
1750105200000,2025-06-16,20:20:00,3384.695,3384.895,3383.975,3384.375,0.0266
1750105500000,2025-06-16,20:25:00,3384.365,3385.095,3384.145,3384.535,0.0242
1750105800000,2025-06-16,20:30:00,3384.535,3385.245,3384.395,3384.885,0.0273
1750106100000,2025-06-16,20:35:00,3384.855,3385.915,3384.855,3385.295,0.0372
1750106400000,2025-06-16,20:40:00,3385.275,3385.475,3383.505,3383.635,0.0434
1750106700000,2025-06-16,20:45:00,3383.665,3384.235,3383.398,3383.698,0.0236
1750107000000,2025-06-16,20:50:00,3383.498,3384.548,3383.345,3384.348,0.0411
1750107300000,2025-06-16,20:55:00,3384.348,3385.398,3383.465,3383.485,0.0422
1750111200000,2025-06-16,22:00:00,3386.825,3389.248,3384.788,3388.148,0.0966
1750111500000,2025-06-16,22:05:00,3388.148,3388.518,3386.848,3386.878,0.0501
1750111800000,2025-06-16,22:10:00,3387.048,3387.748,3386.548,3387.548,0.0284
1750112100000,2025-06-16,22:15:00,3387.548,3388.748,3387.348,3387.748,0.0272
1750112400000,2025-06-16,22:20:00,3387.948,3388.348,3387.535,3387.848,0.0155
1750112700000,2025-06-16,22:25:00,3387.948,3389.048,3387.498,3387.498,0.0414
1750113000000,2025-06-16,22:30:00,3387.498,3390.198,3386.425,3390.098,0.0975
1750113300000,2025-06-16,22:35:00,3390.098,3393.048,3389.515,3392.688,0.1034
1750113600000,2025-06-16,22:40:00,3392.658,3394.215,3392.608,3393.648,0.0832
1750113900000,2025-06-16,22:45:00,3393.675,3397.998,3392.448,3397.398,0.1523
1750114200000,2025-06-16,22:50:00,3397.498,3398.248,3394.185,3394.998,0.0936
1750114500000,2025-06-16,22:55:00,3394.998,3396.048,3394.598,3395.348,0.0518
1750114800000,2025-06-16,23:00:00,3395.255,3396.398,3393.928,3395.698,0.0872
1750115100000,2025-06-16,23:05:00,3395.595,3396.698,3394.198,3395.475,0.0617
1750115400000,2025-06-16,23:10:00,3395.448,3395.848,3393.788,3394.498,0.0611
1750115700000,2025-06-16,23:15:00,3394.498,3395.965,3392.805,3395.905,0.0592
1750116000000,2025-06-16,23:20:00,3395.965,3398.055,3394.435,3397.175,0.0633
1750116300000,2025-06-16,23:25:00,3397.198,3398.575,3396.385,3398.515,0.0669
1750116600000,2025-06-16,23:30:00,3398.555,3400.025,3396.148,3397.148,0.1057
1750116900000,2025-06-16,23:35:00,3397.148,3397.748,3394.385,3396.598,0.0799
1750117200000,2025-06-16,23:40:00,3396.598,3396.798,3393.415,3393.848,0.0881
1750117500000,2025-06-16,23:45:00,3393.848,3397.448,3392.728,3395.798,0.1314
1750117800000,2025-06-16,23:50:00,3395.728,3399.948,3395.728,3399.785,0.1121
1750118100000,2025-06-16,23:55:00,3399.625,3402.655,3399.055,3402.598,0.1261
1750118400000,2025-06-17,00:00:00,3402.635,3402.695,3396.998,3399.695,0.1912
1750118700000,2025-06-17,00:05:00,3399.675,3402.275,3398.848,3400.655,0.0975
1750119000000,2025-06-17,00:10:00,3400.625,3402.445,3400.555,3401.595,0.0868
1750119300000,2025-06-17,00:15:00,3401.615,3401.685,3397.415,3398.475,0.1121
1750119600000,2025-06-17,00:20:00,3398.535,3400.475,3397.425,3398.215,0.1893
1750119900000,2025-06-17,00:25:00,3398.185,3400.275,3396.945,3399.055,0.0967
1750120200000,2025-06-17,00:30:00,3399.095,3401.875,3399.095,3401.648,0.0968
1750120500000,2025-06-17,00:35:00,3401.648,3403.098,3400.548,3400.848,0.1176
1750120800000,2025-06-17,00:40:00,3400.848,3400.848,3399.298,3399.648,0.0832
1750121100000,2025-06-17,00:45:00,3399.648,3400.248,3396.615,3397.048,0.0913
1750121400000,2025-06-17,00:50:00,3397.148,3397.148,3393.915,3394.905,0.1361
1750121700000,2025-06-17,00:55:00,3394.875,3395.315,3391.335,3394.055,0.1331
1750122000000,2025-06-17,01:00:00,3394.125,3398.795,3394.055,3398.555,0.2174
1750122300000,2025-06-17,01:05:00,3398.555,3399.565,3397.865,3399.005,0.1188
1750122600000,2025-06-17,01:10:00,3398.985,3402.285,3398.375,3400.335,0.1053
1750122900000,2025-06-17,01:15:00,3400.165,3401.748,3399.175,3401.298,0.1525
1750123200000,2025-06-17,01:20:00,3401.198,3401.298,3399.225,3400.298,0.0859
1750123500000,2025-06-17,01:25:00,3400.198,3400.698,3398.775,3399.365,0.112
1750123800000,2025-06-17,01:30:00,3399.275,3400.555,3396.215,3399.955,0.2114
1750124100000,2025-06-17,01:35:00,3399.885,3401.235,3399.205,3399.715,0.1174
1750124400000,2025-06-17,01:40:00,3399.695,3400.605,3399.275,3399.558,0.111
1750124700000,2025-06-17,01:45:00,3399.535,3399.558,3394.985,3395.145,0.2025
1750125000000,2025-06-17,01:50:00,3395.129,3395.298,3392.998,3393.648,0.1526
1750125300000,2025-06-17,01:55:00,3393.848,3395.145,3393.448,3393.535,0.0841
1750125600000,2025-06-17,02:00:00,3393.535,3396.085,3393.185,3394.058,0.1468
1750125900000,2025-06-17,02:05:00,3394.058,3394.995,3389.735,3394.895,0.155
1750126200000,2025-06-17,02:10:00,3394.895,3397.175,3394.605,3395.375,0.1064
1750126500000,2025-06-17,02:15:00,3395.175,3397.598,3393.748,3396.698,0.1087
1750126800000,2025-06-17,02:20:00,3396.598,3397.048,3395.298,3396.398,0.0869
1750127100000,2025-06-17,02:25:00,3396.198,3397.548,3396.198,3397.055,0.1044
1750127400000,2025-06-17,02:30:00,3397.248,3398.248,3397.095,3397.598,0.1176
1750127700000,2025-06-17,02:35:00,3397.598,3398.198,3396.455,3396.555,0.1353
1750128000000,2025-06-17,02:40:00,3396.535,3400.085,3396.435,3399.575,0.0739
1750128300000,2025-06-17,02:45:00,3399.505,3400.215,3398.755,3399.435,0.0721
1750128600000,2025-06-17,02:50:00,3399.415,3399.455,3393.448,3393.598,0.1924
1750128900000,2025-06-17,02:55:00,3393.585,3394.745,3388.285,3389.755,0.197
1750129200000,2025-06-17,03:00:00,3389.748,3392.355,3388.148,3388.148,0.1305
1750129500000,2025-06-17,03:05:00,3388.148,3388.695,3383.848,3385.355,0.2271
1750129800000,2025-06-17,03:10:00,3385.405,3386.105,3380.125,3384.635,0.2263
1750130100000,2025-06-17,03:15:00,3384.585,3384.675,3380.575,3380.635,0.1749
1750130400000,2025-06-17,03:20:00,3380.615,3382.048,3373.235,3377.535,0.261
1750130700000,2025-06-17,03:25:00,3377.605,3385.545,3377.605,3385.385,0.1561
1750131000000,2025-06-17,03:30:00,3385.345,3387.355,3383.448,3386.775,0.1596
1750131300000,2025-06-17,03:35:00,3386.798,3387.398,3386.205,3386.455,0.1727
1750131600000,2025-06-17,03:40:00,3386.455,3387.105,3384.855,3385.995,0.0997
1750131900000,2025-06-17,03:45:00,3386.025,3386.355,3383.435,3383.885,0.0781
1750132200000,2025-06-17,03:50:00,3383.925,3384.545,3383.048,3384.435,0.0835
1750132500000,2025-06-17,03:55:00,3384.265,3387.848,3384.155,3387.348,0.0798
1750132800000,2025-06-17,04:00:00,3387.365,3389.215,3386.835,3388.835,0.1048
1750133100000,2025-06-17,04:05:00,3388.815,3389.535,3387.485,3387.648,0.1965
1750133400000,2025-06-17,04:10:00,3387.665,3389.425,3387.575,3389.245,0.0588
1750133700000,2025-06-17,04:15:00,3389.275,3390.465,3387.848,3388.395,0.096
1750134000000,2025-06-17,04:20:00,3388.485,3389.148,3387.598,3387.875,0.112
1750134300000,2025-06-17,04:25:00,3387.848,3389.145,3387.755,3388.865,0.049
1750134600000,2025-06-17,04:30:00,3388.945,3391.298,3388.945,3390.885,0.1281
1750134900000,2025-06-17,04:35:00,3390.885,3391.228,3389.498,3390.755,0.1703
1750135200000,2025-06-17,04:40:00,3390.755,3391.645,3389.905,3391.548,0.1441
1750135500000,2025-06-17,04:45:00,3391.628,3395.025,3391.438,3394.855,0.1785
1750135800000,2025-06-17,04:50:00,3394.835,3396.065,3393.205,3394.348,0.097
1750136100000,2025-06-17,04:55:00,3394.248,3394.248,3392.545,3393.748,0.0773
1750136400000,2025-06-17,05:00:00,3393.748,3394.648,3392.245,3392.405,0.1712
1750136700000,2025-06-17,05:05:00,3392.405,3393.955,3392.248,3392.248,0.0952
1750137000000,2025-06-17,05:10:00,3392.248,3393.448,3391.305,3392.405,0.0732
1750137300000,2025-06-17,05:15:00,3392.425,3393.025,3391.415,3391.845,0.1572
1750137600000,2025-06-17,05:20:00,3391.825,3393.775,3391.575,3392.865,0.0769
1750137900000,2025-06-17,05:25:00,3392.975,3393.745,3392.205,3393.298,0.1142
1750138200000,2025-06-17,05:30:00,3393.298,3393.598,3390.395,3391.575,0.2631
1750138500000,2025-06-17,05:35:00,3391.485,3393.175,3391.285,3392.545,0.1066
1750138800000,2025-06-17,05:40:00,3392.515,3392.875,3391.375,3392.465,0.0617
1750139100000,2025-06-17,05:45:00,3392.505,3393.395,3391.075,3391.148,0.1291
1750139400000,2025-06-17,05:50:00,3391.148,3394.045,3390.775,3394.045,0.2029
1750139700000,2025-06-17,05:55:00,3394.045,3395.148,3392.148,3392.348,0.2836
1750140000000,2025-06-17,06:00:00,3392.348,3392.348,3387.655,3388.055,0.3343
1750140300000,2025-06-17,06:05:00,3388.105,3390.025,3386.985,3388.005,0.2486
1750140600000,2025-06-17,06:10:00,3387.985,3390.425,3387.115,3389.945,0.1611
1750140900000,2025-06-17,06:15:00,3389.965,3390.175,3388.115,3388.885,0.0812
1750141200000,2025-06-17,06:20:00,3388.805,3390.065,3388.515,3389.665,0.1026
1750141500000,2025-06-17,06:25:00,3389.605,3389.775,3386.685,3388.305,0.0823
1750141800000,2025-06-17,06:30:00,3388.305,3388.985,3386.675,3386.705,0.0863
1750142100000,2025-06-17,06:35:00,3386.748,3387.495,3386.135,3386.955,0.0746
1750142400000,2025-06-17,06:40:00,3386.895,3387.255,3380.805,3381.745,0.191
1750142700000,2025-06-17,06:45:00,3381.745,3386.685,3381.745,3386.635,0.1598
1750143000000,2025-06-17,06:50:00,3386.615,3387.995,3384.975,3386.295,0.1132
1750143300000,2025-06-17,06:55:00,3386.295,3386.745,3385.115,3385.285,0.0849
1750143600000,2025-06-17,07:00:00,3385.275,3387.785,3382.965,3387.475,0.1241
1750143900000,2025-06-17,07:05:00,3387.445,3389.248,3386.675,3386.965,0.108
1750144200000,2025-06-17,07:10:00,3386.935,3386.985,3385.055,3385.375,0.0906
1750144500000,2025-06-17,07:15:00,3385.395,3389.698,3384.675,3389.155,0.0789
1750144800000,2025-06-17,07:20:00,3389.148,3389.648,3388.265,3389.548,0.1603
1750145100000,2025-06-17,07:25:00,3389.515,3390.898,3386.995,3386.995,0.1617
1750145400000,2025-06-17,07:30:00,3387.015,3388.098,3384.695,3384.948,0.1327
1750145700000,2025-06-17,07:35:00,3384.948,3386.405,3384.105,3384.425,0.0865
1750146000000,2025-06-17,07:40:00,3384.435,3389.775,3384.375,3389.095,0.0731
1750146300000,2025-06-17,07:45:00,3389.095,3391.195,3387.735,3389.465,0.092
1750146600000,2025-06-17,07:50:00,3389.405,3391.715,3386.875,3386.875,0.0753
1750146900000,2025-06-17,07:55:00,3386.855,3389.675,3385.715,3387.605,0.0915
1750147200000,2025-06-17,08:00:00,3387.645,3388.465,3386.685,3386.905,0.0963
1750147500000,2025-06-17,08:05:00,3386.905,3387.105,3384.898,3384.998,0.0867
1750147800000,2025-06-17,08:10:00,3384.998,3386.345,3384.598,3386.265,0.0834
1750148100000,2025-06-17,08:15:00,3386.285,3387.135,3386.165,3386.348,0.0619
1750148400000,2025-06-17,08:20:00,3386.305,3387.198,3384.375,3384.865,0.0639
1750148700000,2025-06-17,08:25:00,3384.805,3386.198,3384.075,3385.798,0.0752
1750149000000,2025-06-17,08:30:00,3385.805,3386.348,3383.835,3384.698,0.0726
1750149300000,2025-06-17,08:35:00,3384.698,3386.105,3383.455,3384.345,0.0968
1750149600000,2025-06-17,08:40:00,3384.285,3384.905,3382.505,3383.125,0.0794
1750149900000,2025-06-17,08:45:00,3383.095,3383.795,3381.185,3382.448,0.089
1750150200000,2025-06-17,08:50:00,3382.548,3383.248,3379.105,3381.055,0.126
1750150500000,2025-06-17,08:55:00,3380.719,3381.315,3377.365,3378.645,0.1711
1750150800000,2025-06-17,09:00:00,3378.548,3381.055,3377.008,3379.245,0.1291
1750151100000,2025-06-17,09:05:00,3379.245,3380.285,3375.445,3377.995,0.1345
1750151400000,2025-06-17,09:10:00,3378.075,3380.665,3377.245,3380.465,0.0894
1750151700000,2025-06-17,09:15:00,3380.445,3381.148,3379.235,3380.498,0.1163
1750152000000,2025-06-17,09:20:00,3380.498,3384.539,3379.998,3382.248,0.1641
1750152300000,2025-06-17,09:25:00,3382.248,3382.948,3379.245,3379.848,0.1182
1750152600000,2025-06-17,09:30:00,3379.848,3382.028,3378.735,3380.815,0.1136
1750152900000,2025-06-17,09:35:00,3380.785,3382.805,3379.575,3382.215,0.0915
1750153200000,2025-06-17,09:40:00,3382.215,3384.935,3381.755,3384.555,0.0937
1750153500000,2025-06-17,09:45:00,3384.505,3384.845,3380.175,3382.115,0.1031
1750153800000,2025-06-17,09:50:00,3382.105,3383.925,3381.865,3383.815,0.1353
1750154100000,2025-06-17,09:55:00,3383.775,3385.745,3383.085,3385.425,0.1101
1750154400000,2025-06-17,10:00:00,3385.505,3387.065,3385.145,3386.715,0.0844
1750154700000,2025-06-17,10:05:00,3386.745,3388.365,3386.355,3387.455,0.1009
1750155000000,2025-06-17,10:10:00,3387.515,3391.698,3387.235,3391.245,0.1108
1750155300000,2025-06-17,10:15:00,3391.298,3394.515,3391.128,3393.635,0.1675
1750155600000,2025-06-17,10:20:00,3393.995,3397.335,3393.005,3394.755,0.2196
1750155900000,2025-06-17,10:25:00,3394.815,3395.655,3393.285,3393.605,0.1586
1750156200000,2025-06-17,10:30:00,3393.665,3394.735,3392.625,3394.285,0.1136
1750156500000,2025-06-17,10:35:00,3394.325,3397.085,3393.745,3396.345,0.132
1750156800000,2025-06-17,10:40:00,3396.365,3398.595,3395.555,3395.805,0.1543
1750157100000,2025-06-17,10:45:00,3395.805,3396.725,3394.875,3396.635,0.1104
1750157400000,2025-06-17,10:50:00,3396.655,3396.655,3394.365,3395.295,0.0755
1750157700000,2025-06-17,10:55:00,3395.255,3398.585,3395.105,3397.985,0.0975
1750158000000,2025-06-17,11:00:00,3398.025,3399.185,3396.275,3399.105,0.0886
1750158300000,2025-06-17,11:05:00,3399.135,3399.275,3396.995,3397.505,0.0931
1750158600000,2025-06-17,11:10:00,3397.485,3399.948,3396.825,3398.075,0.1141
1750158900000,2025-06-17,11:15:00,3398.115,3398.175,3395.685,3395.945,0.0881
1750159200000,2025-06-17,11:20:00,3395.995,3396.365,3393.798,3393.898,0.119
1750159500000,2025-06-17,11:25:00,3393.998,3394.498,3392.505,3393.625,0.1252
1750159800000,2025-06-17,11:30:00,3393.645,3395.655,3393.645,3394.135,0.0808
1750160100000,2025-06-17,11:35:00,3394.248,3395.955,3392.075,3393.825,0.0951
1750160400000,2025-06-17,11:40:00,3393.875,3396.265,3393.385,3396.035,0.0893
1750160700000,2025-06-17,11:45:00,3396.015,3396.875,3394.335,3394.965,0.06
1750161000000,2025-06-17,11:50:00,3394.925,3394.925,3388.675,3391.275,0.1638
1750161300000,2025-06-17,11:55:00,3391.335,3392.548,3387.948,3388.348,0.1987
1750161600000,2025-06-17,12:00:00,3388.348,3388.348,3385.048,3385.455,0.2368
1750161900000,2025-06-17,12:05:00,3385.688,3387.298,3383.598,3386.265,0.167
1750162200000,2025-06-17,12:10:00,3386.265,3386.398,3384.435,3384.645,0.132
1750162500000,2025-06-17,12:15:00,3384.645,3386.205,3383.515,3384.905,0.235
1750162800000,2025-06-17,12:20:00,3384.885,3388.098,3383.305,3387.798,0.2468
1750163100000,2025-06-17,12:25:00,3387.798,3388.095,3386.105,3387.635,0.1107
1750163400000,2025-06-17,12:30:00,3387.408,3390.445,3384.855,3389.915,0.276
1750163700000,2025-06-17,12:35:00,3389.925,3391.345,3383.848,3387.298,0.26
1750164000000,2025-06-17,12:40:00,3387.298,3388.898,3384.235,3385.498,0.2497
1750164300000,2025-06-17,12:45:00,3385.515,3388.195,3384.298,3385.055,0.1734
1750164600000,2025-06-17,12:50:00,3385.025,3387.725,3383.468,3387.055,0.1484
1750164900000,2025-06-17,12:55:00,3386.955,3388.575,3384.955,3386.525,0.1579
1750165200000,2025-06-17,13:00:00,3386.605,3389.148,3385.648,3388.445,0.2275
1750165500000,2025-06-17,13:05:00,3388.498,3391.735,3387.825,3390.775,0.2165
1750165800000,2025-06-17,13:10:00,3390.835,3393.595,3389.615,3393.035,0.1494
1750166100000,2025-06-17,13:15:00,3393.075,3395.605,3393.015,3394.015,0.1359
1750166400000,2025-06-17,13:20:00,3394.075,3395.398,3393.005,3394.905,0.136
1750166700000,2025-06-17,13:25:00,3394.905,3395.835,3392.348,3393.248,0.1735
1750167000000,2025-06-17,13:30:00,3393.305,3397.275,3392.459,3396.598,0.2802
1750167300000,2025-06-17,13:35:00,3396.335,3396.725,3391.205,3394.298,0.2987
1750167600000,2025-06-17,13:40:00,3394.298,3396.798,3391.448,3395.298,0.2827
1750167900000,2025-06-17,13:45:00,3395.135,3395.348,3388.035,3389.585,0.3032
1750168200000,2025-06-17,13:50:00,3389.598,3391.898,3388.155,3391.448,0.1955
1750168500000,2025-06-17,13:55:00,3391.395,3392.948,3389.865,3390.385,0.2022
1750168800000,2025-06-17,14:00:00,3390.325,3391.748,3387.745,3387.948,0.2801
1750169100000,2025-06-17,14:05:00,3387.948,3389.493,3384.238,3388.665,0.2752
1750169400000,2025-06-17,14:10:00,3388.685,3390.455,3385.265,3385.795,0.2029
1750169700000,2025-06-17,14:15:00,3385.735,3387.625,3383.955,3387.098,0.1565
1750170000000,2025-06-17,14:20:00,3387.145,3387.648,3385.648,3386.298,0.1301
1750170300000,2025-06-17,14:25:00,3386.298,3386.398,3380.178,3383.695,0.2475
1750170600000,2025-06-17,14:30:00,3383.665,3383.665,3374.225,3375.498,0.3923
1750170900000,2025-06-17,14:35:00,3375.498,3376.198,3365.835,3371.435,0.3921
1750171200000,2025-06-17,14:40:00,3371.435,3376.495,3368.918,3375.348,0.3103
1750171500000,2025-06-17,14:45:00,3375.465,3379.065,3373.375,3378.725,0.2351
1750171800000,2025-06-17,14:50:00,3378.695,3383.705,3377.285,3383.675,0.2151
1750172100000,2025-06-17,14:55:00,3383.725,3386.405,3382.685,3384.785,0.1742
1750172400000,2025-06-17,15:00:00,3384.775,3385.945,3383.795,3384.465,0.1486
1750172700000,2025-06-17,15:05:00,3384.445,3388.075,3383.865,3386.205,0.1339
1750173000000,2025-06-17,15:10:00,3386.005,3386.768,3384.358,3384.948,0.1441
1750173300000,2025-06-17,15:15:00,3384.948,3386.965,3384.198,3385.515,0.122
1750173600000,2025-06-17,15:20:00,3385.475,3386.398,3383.348,3383.598,0.1522
1750173900000,2025-06-17,15:25:00,3383.335,3384.298,3379.245,3380.945,0.1824
1750174200000,2025-06-17,15:30:00,3380.915,3381.755,3377.545,3381.748,0.1223
1750174500000,2025-06-17,15:35:00,3381.695,3382.375,3377.255,3377.635,0.1128
1750174800000,2025-06-17,15:40:00,3377.665,3378.585,3376.195,3377.598,0.0978
1750175100000,2025-06-17,15:45:00,3377.585,3378.525,3373.795,3374.198,0.1397
1750175400000,2025-06-17,15:50:00,3374.198,3375.698,3372.178,3374.248,0.156
1750175700000,2025-06-17,15:55:00,3374.348,3379.298,3374.348,3379.098,0.1522
1750176000000,2025-06-17,16:00:00,3379.198,3381.148,3378.728,3379.548,0.1252
1750176300000,2025-06-17,16:05:00,3379.448,3381.298,3377.348,3379.415,0.1429
1750176600000,2025-06-17,16:10:00,3379.455,3379.735,3376.448,3378.435,0.1159
1750176900000,2025-06-17,16:15:00,3378.435,3379.335,3376.535,3379.065,0.1082
1750177200000,2025-06-17,16:20:00,3379.035,3381.635,3377.365,3380.375,0.0963
1750177500000,2025-06-17,16:25:00,3380.335,3382.448,3380.265,3381.458,0.112
1750177800000,2025-06-17,16:30:00,3381.445,3382.265,3379.965,3381.298,0.0967
1750178100000,2025-06-17,16:35:00,3381.145,3381.765,3380.648,3381.475,0.077
1750178400000,2025-06-17,16:40:00,3381.455,3383.698,3380.515,3381.975,0.0899
1750178700000,2025-06-17,16:45:00,3381.998,3383.485,3379.798,3383.095,0.1873
1750179000000,2025-06-17,16:50:00,3383.075,3385.845,3382.378,3382.635,0.1375
1750179300000,2025-06-17,16:55:00,3382.655,3384.565,3381.905,3382.735,0.0959
1750179600000,2025-06-17,17:00:00,3382.735,3383.925,3380.998,3381.695,0.0871
1750179900000,2025-06-17,17:05:00,3381.715,3384.685,3381.445,3384.045,0.0773
1750180200000,2025-06-17,17:10:00,3384.015,3385.515,3382.475,3385.345,0.0853
1750180500000,2025-06-17,17:15:00,3385.365,3389.915,3385.355,3388.298,0.1559
1750180800000,2025-06-17,17:20:00,3388.198,3390.448,3387.765,3388.998,0.1713
1750181100000,2025-06-17,17:25:00,3388.998,3390.455,3387.595,3388.135,0.1204
1750181400000,2025-06-17,17:30:00,3388.135,3390.575,3388.055,3390.345,0.0865
1750181700000,2025-06-17,17:35:00,3390.415,3390.885,3388.515,3389.605,0.0769
1750182000000,2025-06-17,17:40:00,3389.685,3390.898,3389.045,3390.898,0.0816
1750182300000,2025-06-17,17:45:00,3390.595,3390.998,3387.945,3390.148,0.1662
1750182600000,2025-06-17,17:50:00,3390.148,3391.115,3388.095,3388.605,0.1098
1750182900000,2025-06-17,17:55:00,3388.635,3390.415,3387.785,3390.155,0.0783
1750183200000,2025-06-17,18:00:00,3390.335,3390.525,3389.415,3390.248,0.0838
1750183500000,2025-06-17,18:05:00,3390.085,3391.198,3389.835,3390.248,0.1014
1750183800000,2025-06-17,18:10:00,3390.248,3391.148,3389.145,3389.798,0.0908
1750184100000,2025-06-17,18:15:00,3389.898,3391.098,3389.465,3389.748,0.1122
1750184400000,2025-06-17,18:20:00,3389.748,3391.598,3389.505,3391.318,0.0851
1750184700000,2025-06-17,18:25:00,3391.398,3392.298,3388.515,3388.998,0.149
1750185000000,2025-06-17,18:30:00,3388.998,3390.198,3388.465,3389.848,0.086
1750185300000,2025-06-17,18:35:00,3389.648,3390.748,3388.918,3390.198,0.0657
1750185600000,2025-06-17,18:40:00,3390.198,3391.098,3388.778,3389.248,0.0809
1750185900000,2025-06-17,18:45:00,3389.348,3389.348,3385.405,3385.605,0.1199
1750186200000,2025-06-17,18:50:00,3385.898,3386.298,3383.698,3383.698,0.0881
1750186500000,2025-06-17,18:55:00,3383.698,3384.598,3382.218,3382.655,0.1187
1750186800000,2025-06-17,19:00:00,3382.835,3384.375,3382.265,3384.075,0.1388
1750187100000,2025-06-17,19:05:00,3384.048,3384.895,3383.565,3383.955,0.0894
1750187400000,2025-06-17,19:10:00,3383.955,3385.098,3383.695,3384.975,0.0825
1750187700000,2025-06-17,19:15:00,3385.055,3385.348,3383.698,3384.875,0.0568
1750188000000,2025-06-17,19:20:00,3384.855,3384.855,3382.235,3383.215,0.078
1750188300000,2025-06-17,19:25:00,3383.195,3384.405,3383.015,3384.355,0.0526
1750188600000,2025-06-17,19:30:00,3384.355,3386.265,3383.985,3384.455,0.0658
1750188900000,2025-06-17,19:35:00,3384.455,3385.398,3383.115,3385.198,0.0589
1750189200000,2025-06-17,19:40:00,3385.215,3385.398,3383.975,3384.575,0.0709
1750189500000,2025-06-17,19:45:00,3384.615,3385.548,3384.245,3384.915,0.0592
1750189800000,2025-06-17,19:50:00,3384.759,3385.348,3382.925,3382.998,0.0846
1750190100000,2025-06-17,19:55:00,3383.285,3386.198,3382.955,3385.525,0.1342
1750190400000,2025-06-17,20:00:00,3385.495,3386.585,3383.965,3384.455,0.0501
1750190700000,2025-06-17,20:05:00,3384.405,3384.825,3383.795,3384.345,0.0287
1750191000000,2025-06-17,20:10:00,3384.375,3384.455,3383.525,3383.998,0.0398
1750191300000,2025-06-17,20:15:00,3383.945,3384.735,3383.398,3384.548,0.0432
1750191600000,2025-06-17,20:20:00,3384.548,3385.065,3384.085,3384.995,0.033
1750191900000,2025-06-17,20:25:00,3385.085,3387.025,3384.965,3386.145,0.0282
1750192200000,2025-06-17,20:30:00,3386.135,3386.135,3384.995,3385.235,0.0183
1750192500000,2025-06-17,20:35:00,3385.139,3386.425,3385.095,3386.355,0.02
1750192800000,2025-06-17,20:40:00,3386.315,3386.498,3385.898,3386.255,0.0184
1750193100000,2025-06-17,20:45:00,3386.348,3389.925,3386.165,3389.855,0.0342
1750193400000,2025-06-17,20:50:00,3389.855,3390.195,3387.488,3387.848,0.0435
1750193700000,2025-06-17,20:55:00,3387.779,3389.098,3387.385,3387.385,0.0619
1750197600000,2025-06-17,22:00:00,3389.698,3395.998,3389.568,3395.325,0.1144
1750197900000,2025-06-17,22:05:00,3395.355,3395.675,3392.625,3392.898,0.0726
1750198200000,2025-06-17,22:10:00,3392.865,3393.398,3392.215,3393.348,0.0576
1750198500000,2025-06-17,22:15:00,3393.285,3394.398,3392.198,3393.225,0.053
1750198800000,2025-06-17,22:20:00,3393.198,3393.798,3392.228,3392.615,0.0587
1750199100000,2025-06-17,22:25:00,3392.615,3392.615,3391.898,3392.198,0.054
1750199400000,2025-06-17,22:30:00,3392.198,3393.258,3390.025,3390.198,0.1472
1750199700000,2025-06-17,22:35:00,3390.208,3391.378,3389.295,3389.485,0.1172
1750200000000,2025-06-17,22:40:00,3389.455,3391.098,3389.415,3390.798,0.0625
1750200300000,2025-06-17,22:45:00,3390.735,3391.298,3390.198,3390.698,0.0569
1750200600000,2025-06-17,22:50:00,3390.768,3391.108,3389.898,3389.998,0.051
1750200900000,2025-06-17,22:55:00,3389.998,3390.758,3388.505,3388.518,0.0823
1750201200000,2025-06-17,23:00:00,3388.755,3390.028,3388.755,3388.865,0.0966
1750201500000,2025-06-17,23:05:00,3388.868,3390.045,3388.378,3389.828,0.0768
1750201800000,2025-06-17,23:10:00,3389.745,3389.948,3388.718,3389.628,0.0796
1750202100000,2025-06-17,23:15:00,3389.628,3389.818,3389.008,3389.428,0.0635
1750202400000,2025-06-17,23:20:00,3389.405,3389.945,3388.785,3389.218,0.0417
1750202700000,2025-06-17,23:25:00,3389.108,3389.665,3388.655,3389.665,0.0362
1750203000000,2025-06-17,23:30:00,3389.635,3389.738,3388.395,3388.435,0.0467
1750203300000,2025-06-17,23:35:00,3388.405,3389.125,3387.915,3388.635,0.0339
1750203600000,2025-06-17,23:40:00,3388.685,3388.685,3384.798,3385.275,0.0949
1750203900000,2025-06-17,23:45:00,3385.275,3386.495,3384.775,3385.725,0.0414
1750204200000,2025-06-17,23:50:00,3385.695,3387.725,3385.615,3387.225,0.0517
1750204500000,2025-06-17,23:55:00,3387.225,3388.055,3386.315,3387.155,0.0486
1750204800000,2025-06-18,00:00:00,3387.098,3387.098,3385.605,3385.625,0.0643
1750205100000,2025-06-18,00:05:00,3385.605,3388.645,3384.635,3386.935,0.1339
1750205400000,2025-06-18,00:10:00,3386.915,3386.965,3383.085,3383.525,0.0815
1750205700000,2025-06-18,00:15:00,3383.448,3384.648,3382.748,3384.648,0.0906
1750206000000,2025-06-18,00:20:00,3384.648,3385.198,3383.715,3385.005,0.0862
1750206300000,2025-06-18,00:25:00,3384.898,3385.205,3383.218,3384.398,0.0733
1750206600000,2025-06-18,00:30:00,3384.335,3385.598,3383.648,3383.675,0.1675
1750206900000,2025-06-18,00:35:00,3383.675,3385.015,3382.975,3384.675,0.2539
1750207200000,2025-06-18,00:40:00,3384.669,3386.148,3384.348,3386.055,0.2946
1750207500000,2025-06-18,00:45:00,3386.049,3387.348,3385.775,3387.165,0.2921
1750207800000,2025-06-18,00:50:00,3387.245,3387.918,3384.748,3385.155,0.2429
1750208100000,2025-06-18,00:55:00,3385.325,3386.885,3383.915,3385.548,0.1406
1750208400000,2025-06-18,01:00:00,3385.548,3387.698,3384.845,3385.198,0.2484
1750208700000,2025-06-18,01:05:00,3385.198,3386.155,3384.005,3384.148,0.1949
1750209000000,2025-06-18,01:10:00,3384.048,3384.748,3382.198,3383.735,0.1826
1750209300000,2025-06-18,01:15:00,3383.845,3385.065,3382.605,3383.825,0.08
1750209600000,2025-06-18,01:20:00,3383.775,3386.175,3383.775,3385.425,0.0753
1750209900000,2025-06-18,01:25:00,3385.455,3387.448,3385.405,3387.348,0.0917
1750210200000,2025-06-18,01:30:00,3387.448,3388.398,3386.135,3386.698,0.1807
1750210500000,2025-06-18,01:35:00,3386.698,3386.698,3383.698,3383.898,0.1806
1750210800000,2025-06-18,01:40:00,3383.845,3384.198,3379.785,3379.985,0.2307
1750211100000,2025-06-18,01:45:00,3380.075,3382.035,3378.898,3381.625,0.1051
1750211400000,2025-06-18,01:50:00,3382.045,3382.775,3380.098,3380.298,0.1063
1750211700000,2025-06-18,01:55:00,3380.298,3382.598,3378.515,3378.775,0.2023
1750212000000,2025-06-18,02:00:00,3378.625,3378.675,3374.698,3375.748,0.2277
1750212300000,2025-06-18,02:05:00,3375.848,3376.948,3374.255,3374.695,0.2276
1750212600000,2025-06-18,02:10:00,3374.648,3375.885,3373.975,3374.765,0.2661
1750212900000,2025-06-18,02:15:00,3374.725,3375.465,3372.955,3374.248,0.1421
1750213200000,2025-06-18,02:20:00,3374.248,3375.155,3373.715,3374.415,0.0901
1750213500000,2025-06-18,02:25:00,3374.365,3375.725,3372.875,3373.205,0.1696
1750213800000,2025-06-18,02:30:00,3373.205,3374.015,3370.345,3373.935,0.1834
1750214100000,2025-06-18,02:35:00,3373.955,3375.205,3373.725,3375.205,0.0905
1750214400000,2025-06-18,02:40:00,3375.155,3376.845,3374.815,3376.048,0.105
1750214700000,2025-06-18,02:45:00,3376.048,3377.248,3375.848,3377.148,0.1445
1750215000000,2025-06-18,02:50:00,3377.065,3378.805,3376.095,3378.635,0.115
1750215300000,2025-06-18,02:55:00,3378.635,3379.495,3377.948,3379.148,0.0897
1750215600000,2025-06-18,03:00:00,3379.165,3380.995,3379.048,3380.605,0.0862
1750215900000,2025-06-18,03:05:00,3380.625,3383.215,3380.055,3382.798,0.1448
1750216200000,2025-06-18,03:10:00,3382.798,3384.115,3382.075,3383.945,0.1123
1750216500000,2025-06-18,03:15:00,3383.985,3384.515,3383.348,3384.135,0.084
1750216800000,2025-06-18,03:20:00,3384.105,3385.515,3383.455,3385.355,0.0954
1750217100000,2025-06-18,03:25:00,3385.355,3385.895,3384.535,3384.695,0.0989
1750217400000,2025-06-18,03:30:00,3384.655,3387.785,3384.625,3387.305,0.1049
1750217700000,2025-06-18,03:35:00,3387.298,3388.595,3387.298,3388.365,0.0843
1750218000000,2025-06-18,03:40:00,3388.395,3390.148,3387.848,3388.948,0.091
1750218300000,2025-06-18,03:45:00,3388.955,3389.675,3387.198,3389.265,0.0774
1750218600000,2025-06-18,03:50:00,3389.398,3390.815,3389.398,3390.298,0.0667
1750218900000,2025-06-18,03:55:00,3390.298,3391.305,3389.098,3390.775,0.0771
1750219200000,2025-06-18,04:00:00,3390.805,3391.168,3389.225,3389.685,0.1055
1750219500000,2025-06-18,04:05:00,3389.625,3392.255,3389.365,3392.105,0.089
1750219800000,2025-06-18,04:10:00,3392.165,3392.695,3391.298,3391.765,0.0909
1750220100000,2025-06-18,04:15:00,3391.748,3393.285,3391.455,3392.605,0.0671
1750220400000,2025-06-18,04:20:00,3392.625,3393.975,3392.475,3393.698,0.0608
1750220700000,2025-06-18,04:25:00,3393.555,3394.965,3392.525,3394.775,0.0719
1750221000000,2025-06-18,04:30:00,3394.795,3396.448,3393.965,3394.655,0.2004
1750221300000,2025-06-18,04:35:00,3394.725,3397.035,3394.275,3395.848,0.1026
1750221600000,2025-06-18,04:40:00,3395.948,3397.515,3395.648,3397.195,0.0918
1750221900000,2025-06-18,04:45:00,3397.248,3399.845,3394.605,3394.925,0.2429
1750222200000,2025-06-18,04:50:00,3394.965,3396.855,3393.945,3395.965,0.1321
1750222500000,2025-06-18,04:55:00,3395.945,3396.865,3394.855,3394.975,0.0632
1750222800000,2025-06-18,05:00:00,3394.995,3395.445,3392.265,3394.825,0.1133
1750223100000,2025-06-18,05:05:00,3394.875,3394.875,3393.485,3393.625,0.0464
1750223400000,2025-06-18,05:10:00,3393.625,3393.915,3392.285,3393.205,0.0924
1750223700000,2025-06-18,05:15:00,3393.198,3394.398,3392.198,3394.198,0.0945
1750224000000,2025-06-18,05:20:00,3394.115,3394.398,3392.298,3393.065,0.1394
1750224300000,2025-06-18,05:25:00,3393.085,3393.405,3391.445,3392.045,0.0946
1750224600000,2025-06-18,05:30:00,3392.065,3392.375,3385.865,3388.835,0.3166
1750224900000,2025-06-18,05:35:00,3388.915,3390.545,3383.965,3386.415,0.3204
1750225200000,2025-06-18,05:40:00,3386.445,3387.898,3385.155,3387.425,0.1721
1750225500000,2025-06-18,05:45:00,3387.398,3388.495,3386.135,3387.765,0.1509
1750225800000,2025-06-18,05:50:00,3387.965,3388.048,3385.998,3386.078,0.1345
1750226100000,2025-06-18,05:55:00,3386.159,3387.265,3385.028,3386.215,0.1412
1750226400000,2025-06-18,06:00:00,3386.215,3386.515,3383.748,3384.725,0.2135
1750226700000,2025-06-18,06:05:00,3384.698,3385.905,3383.238,3385.825,0.1454
1750227000000,2025-06-18,06:10:00,3385.805,3386.115,3383.395,3383.998,0.1106
1750227300000,2025-06-18,06:15:00,3384.098,3384.698,3382.798,3382.998,0.1045
1750227600000,2025-06-18,06:20:00,3382.985,3385.255,3382.398,3382.998,0.1044
1750227900000,2025-06-18,06:25:00,3382.898,3383.298,3381.695,3382.225,0.1063
1750228200000,2025-06-18,06:30:00,3382.225,3383.225,3380.848,3382.325,0.1017
1750228500000,2025-06-18,06:35:00,3382.298,3383.548,3381.058,3381.198,0.1099
1750228800000,2025-06-18,06:40:00,3381.145,3382.148,3380,3380,0.1194
1750229100000,2025-06-18,06:45:00,3380,3382.145,3379.148,3382.065,0.0874
1750229400000,2025-06-18,06:50:00,3382.035,3385.348,3382.005,3384.215,0.1419
1750229700000,2025-06-18,06:55:00,3384.135,3384.865,3381.965,3382.148,0.1177
1750230000000,2025-06-18,07:00:00,3382.075,3382.448,3380.685,3381.428,0.1169
1750230300000,2025-06-18,07:05:00,3381.428,3383.455,3379.865,3383.225,0.1186
1750230600000,2025-06-18,07:10:00,3383.275,3383.848,3380.935,3381.365,0.0958
1750230900000,2025-06-18,07:15:00,3381.348,3383.065,3380.935,3382.948,0.1145
1750231200000,2025-06-18,07:20:00,3382.855,3382.855,3379.598,3380.248,0.1154
1750231500000,2025-06-18,07:25:00,3380.248,3381.448,3377.625,3378.135,0.1394
1750231800000,2025-06-18,07:30:00,3378.115,3380.725,3376.865,3380.615,0.0992
1750232100000,2025-06-18,07:35:00,3380.675,3383.355,3379.915,3383.195,0.0773
1750232400000,2025-06-18,07:40:00,3383.165,3384.285,3382.995,3383.745,0.1082
1750232700000,2025-06-18,07:45:00,3383.745,3384.735,3382.835,3383.295,0.0776
1750233000000,2025-06-18,07:50:00,3383.295,3385.165,3382.975,3384.805,0.0814
1750233300000,2025-06-18,07:55:00,3384.805,3385.898,3384.205,3385.695,0.1007
1750233600000,2025-06-18,08:00:00,3385.648,3388.205,3384.748,3386.905,0.1109
1750233900000,2025-06-18,08:05:00,3386.825,3387.805,3386.365,3386.898,0.0765
1750234200000,2025-06-18,08:10:00,3386.798,3388.105,3385.948,3385.948,0.0746
1750234500000,2025-06-18,08:15:00,3385.948,3386.315,3384.485,3385.705,0.0793
1750234800000,2025-06-18,08:20:00,3385.615,3387.165,3385.495,3387.065,0.0726
1750235100000,2025-06-18,08:25:00,3387.065,3387.905,3386.095,3386.895,0.0697
1750235400000,2025-06-18,08:30:00,3386.895,3387.265,3383.948,3384.605,0.0846
1750235700000,2025-06-18,08:35:00,3384.648,3385.445,3384.048,3384.148,0.0848
1750236000000,2025-06-18,08:40:00,3384.248,3384.298,3383.098,3383.798,0.0957
1750236300000,2025-06-18,08:45:00,3383.798,3385.398,3383.215,3385.198,0.1024
1750236600000,2025-06-18,08:50:00,3385.198,3385.198,3382.485,3383.098,0.1048
1750236900000,2025-06-18,08:55:00,3383.065,3384.065,3382.355,3383.348,0.1093
1750237200000,2025-06-18,09:00:00,3383.348,3385.148,3382.748,3384.148,0.0915
1750237500000,2025-06-18,09:05:00,3384.055,3385.348,3383.455,3384.648,0.0706
1750237800000,2025-06-18,09:10:00,3384.648,3385.315,3382.548,3382.548,0.0597
1750238100000,2025-06-18,09:15:00,3382.548,3382.548,3381.455,3382.255,0.0802
1750238400000,2025-06-18,09:20:00,3382.348,3383.375,3382.148,3383.065,0.0678
1750238700000,2025-06-18,09:25:00,3383.048,3384.148,3381.635,3381.755,0.0954
1750239000000,2025-06-18,09:30:00,3381.715,3382.348,3380.775,3381.048,0.1101
1750239300000,2025-06-18,09:35:00,3381.025,3381.498,3380.048,3381.098,0.0733
1750239600000,2025-06-18,09:40:00,3381.098,3381.648,3379.795,3381.248,0.081
1750239900000,2025-06-18,09:45:00,3381.175,3381.448,3378.465,3379.185,0.1225
1750240200000,2025-06-18,09:50:00,3379.145,3379.725,3377.115,3377.698,0.1427
1750240500000,2025-06-18,09:55:00,3377.675,3378.405,3375.248,3377.915,0.1091
1750240800000,2025-06-18,10:00:00,3377.998,3379.348,3377.048,3378.598,0.0945
1750241100000,2025-06-18,10:05:00,3378.485,3379.348,3377.115,3378.105,0.1781
1750241400000,2025-06-18,10:10:00,3378.135,3379.005,3376.898,3378.765,0.1896
1750241700000,2025-06-18,10:15:00,3378.765,3379.175,3377.735,3377.798,0.066
1750242000000,2025-06-18,10:20:00,3377.735,3378.098,3376.298,3377.148,0.0927
1750242300000,2025-06-18,10:25:00,3377.265,3377.548,3376.148,3376.385,0.0836
1750242600000,2025-06-18,10:30:00,3376.435,3380.748,3375.435,3380.648,0.1156
1750242900000,2025-06-18,10:35:00,3380.645,3382.148,3379.445,3380.425,0.114
1750243200000,2025-06-18,10:40:00,3380.305,3381.648,3377.845,3378.198,0.1034
1750243500000,2025-06-18,10:45:00,3378.198,3378.298,3375.748,3376.275,0.1237
1750243800000,2025-06-18,10:50:00,3376.275,3378.485,3375.715,3377.848,0.0887
1750244100000,2025-06-18,10:55:00,3377.815,3380.648,3377.348,3380.048,0.1186
1750244400000,2025-06-18,11:00:00,3380.048,3381.248,3379.658,3380.248,0.0756
1750244700000,2025-06-18,11:05:00,3380.348,3382.155,3380.248,3381.848,0.0686
1750245000000,2025-06-18,11:10:00,3381.895,3382.348,3381.348,3381.448,0.0662
1750245300000,2025-06-18,11:15:00,3381.328,3382.815,3380.548,3382.815,0.0605
1750245600000,2025-06-18,11:20:00,3382.915,3384.385,3382.705,3383.855,0.0693
1750245900000,2025-06-18,11:25:00,3383.948,3385.655,3383.695,3385.565,0.1002
1750246200000,2025-06-18,11:30:00,3385.585,3386.905,3384.845,3385.585,0.085
1750246500000,2025-06-18,11:35:00,3385.585,3386.695,3383.345,3384.498,0.1401
1750246800000,2025-06-18,11:40:00,3384.505,3384.598,3381.325,3381.335,0.1228
1750247100000,2025-06-18,11:45:00,3381.315,3385.045,3380.048,3384.348,0.1926
1750247400000,2025-06-18,11:50:00,3384.355,3385.665,3383.425,3384.398,0.1103
1750247700000,2025-06-18,11:55:00,3384.398,3384.765,3378.745,3381.915,0.175
1750248000000,2025-06-18,12:00:00,3381.885,3384.515,3381.505,3383.979,0.1631
1750248300000,2025-06-18,12:05:00,3383.999,3385.055,3381.768,3384.915,0.1653
1750248600000,2025-06-18,12:10:00,3384.895,3385.635,3383.415,3384.115,0.1408
1750248900000,2025-06-18,12:15:00,3384.145,3385.948,3382.805,3385.125,0.19
1750249200000,2025-06-18,12:20:00,3385.165,3387.455,3385.165,3387.335,0.1278
1750249500000,2025-06-18,12:25:00,3387.398,3387.755,3386.055,3386.225,0.0704
1750249800000,2025-06-18,12:30:00,3386.375,3389.645,3385.215,3388.375,0.1675
1750250100000,2025-06-18,12:35:00,3388.375,3389.155,3385.888,3386.658,0.2263
1750250400000,2025-06-18,12:40:00,3386.658,3389.345,3386.589,3388.845,0.1767
1750250700000,2025-06-18,12:45:00,3388.815,3388.815,3385.645,3387.198,0.1242
1750251000000,2025-06-18,12:50:00,3387.175,3387.385,3384.648,3385.388,0.1329
1750251300000,2025-06-18,12:55:00,3385.315,3387.125,3385.315,3386.485,0.0964
1750251600000,2025-06-18,13:00:00,3386.505,3389.175,3385.368,3388.105,0.1484
1750251900000,2025-06-18,13:05:00,3388.105,3389.985,3388.105,3389.775,0.1127
1750252200000,2025-06-18,13:10:00,3389.795,3391.698,3389.585,3390.898,0.1129
1750252500000,2025-06-18,13:15:00,3390.865,3392.285,3390.398,3390.785,0.1251
1750252800000,2025-06-18,13:20:00,3390.885,3392.565,3390.385,3390.795,0.1081
1750253100000,2025-06-18,13:25:00,3390.825,3395.225,3390.755,3394.995,0.1112
1750253400000,2025-06-18,13:30:00,3395.035,3396.648,3391.615,3393.055,0.2414
1750253700000,2025-06-18,13:35:00,3393.015,3395.198,3392.835,3394.698,0.2376
1750254000000,2025-06-18,13:40:00,3394.698,3395.598,3392.048,3392.548,0.2023
1750254300000,2025-06-18,13:45:00,3392.465,3393.248,3389.698,3391.098,0.1901
1750254600000,2025-06-18,13:50:00,3391.005,3392.648,3389.545,3391.098,0.2034
1750254900000,2025-06-18,13:55:00,3391.105,3393.475,3391.005,3391.998,0.1761
1750255200000,2025-06-18,14:00:00,3391.998,3392.198,3385.925,3389.305,0.7143
1750255500000,2025-06-18,14:05:00,3389.355,3390.348,3385.208,3386.098,0.2911
1750255800000,2025-06-18,14:10:00,3386.035,3387.798,3383.575,3384.735,0.2947
1750256100000,2025-06-18,14:15:00,3384.885,3386.848,3380.848,3381.248,0.332
1750256400000,2025-06-18,14:20:00,3381.245,3381.448,3373.545,3378.098,0.4868
1750256700000,2025-06-18,14:25:00,3378.045,3383.285,3376.348,3382.348,0.3001
1750257000000,2025-06-18,14:30:00,3382.255,3388.385,3382.255,3386.495,0.2426
1750257300000,2025-06-18,14:35:00,3386.465,3387.445,3384.725,3385.805,0.1865
1750257600000,2025-06-18,14:40:00,3385.735,3388.655,3384.745,3387.355,0.2326
1750257900000,2025-06-18,14:45:00,3387.355,3389.948,3386.845,3389.155,0.1475
1750258200000,2025-06-18,14:50:00,3389.148,3389.875,3385.185,3386.075,0.1587
1750258500000,2025-06-18,14:55:00,3386.045,3386.748,3385.005,3386.635,0.1554
1750258800000,2025-06-18,15:00:00,3386.645,3389.135,3386.098,3388.125,0.1362
1750259100000,2025-06-18,15:05:00,3388.125,3388.195,3385.605,3386.175,0.0888
1750259400000,2025-06-18,15:10:00,3386.155,3387.748,3385.198,3385.455,0.2089
1750259700000,2025-06-18,15:15:00,3385.515,3385.748,3381.085,3385.195,0.1901
1750260000000,2025-06-18,15:20:00,3385.225,3388.848,3384.395,3388.748,0.1525
1750260300000,2025-06-18,15:25:00,3388.805,3388.805,3387.098,3387.155,0.1829
1750260600000,2025-06-18,15:30:00,3387.035,3388.305,3386.715,3387.498,0.1597
1750260900000,2025-06-18,15:35:00,3387.498,3388.705,3387.035,3388.305,0.1383
1750261200000,2025-06-18,15:40:00,3388.298,3388.735,3386.298,3387.798,0.1935
1750261500000,2025-06-18,15:45:00,3387.798,3390.398,3387.525,3390.298,0.1727
1750261800000,2025-06-18,15:50:00,3390.265,3391.445,3389.898,3390.955,0.1693
1750262100000,2025-06-18,15:55:00,3391.048,3392.648,3390.448,3392.535,0.1479
1750262400000,2025-06-18,16:00:00,3392.485,3394.498,3392.265,3392.615,0.2099
1750262700000,2025-06-18,16:05:00,3392.605,3392.815,3390.305,3390.975,0.1151
1750263000000,2025-06-18,16:10:00,3390.965,3391.255,3390.225,3390.348,0.1092
1750263300000,2025-06-18,16:15:00,3390.348,3392.175,3389.735,3391.855,0.109
1750263600000,2025-06-18,16:20:00,3391.855,3391.985,3390.048,3391.095,0.0771
1750263900000,2025-06-18,16:25:00,3391.065,3392.445,3389.915,3392.085,0.0883
1750264200000,2025-06-18,16:30:00,3392.135,3393.015,3391.795,3392.005,0.0882
1750264500000,2025-06-18,16:35:00,3391.975,3392.245,3390.898,3391.335,0.0908
1750264800000,2025-06-18,16:40:00,3391.435,3391.998,3391.105,3391.525,0.0968
1750265100000,2025-06-18,16:45:00,3391.525,3392.185,3391.298,3392.015,0.0992
1750265400000,2025-06-18,16:50:00,3392.045,3392.255,3391.045,3391.148,0.0998
1750265700000,2025-06-18,16:55:00,3391.148,3391.965,3390.605,3390.745,0.1258
1750266000000,2025-06-18,17:00:00,3390.745,3390.875,3389.255,3389.475,0.1335
1750266300000,2025-06-18,17:05:00,3389.365,3389.595,3388.715,3389.248,0.0961
1750266600000,2025-06-18,17:10:00,3389.255,3390.998,3388.975,3390.105,0.0797
1750266900000,2025-06-18,17:15:00,3390.005,3390.198,3388.685,3389.345,0.0689
1750267200000,2025-06-18,17:20:00,3389.405,3389.598,3388.248,3389.495,0.0883
1750267500000,2025-06-18,17:25:00,3389.595,3390.195,3389.075,3389.475,0.1065
1750267800000,2025-06-18,17:30:00,3389.455,3389.455,3388.448,3388.548,0.1072
1750268100000,2025-06-18,17:35:00,3388.548,3388.548,3386.495,3386.915,0.1114
1750268400000,2025-06-18,17:40:00,3386.998,3386.998,3385.798,3386.098,0.1164
1750268700000,2025-06-18,17:45:00,3386.098,3387.148,3385.698,3386.948,0.129
1750269000000,2025-06-18,17:50:00,3386.948,3387.348,3385.125,3386.048,0.123
1750269300000,2025-06-18,17:55:00,3386.048,3386.648,3384.068,3384.708,0.1245
1750269600000,2025-06-18,18:00:00,3384.768,3393.198,3384.535,3387.115,0.2981
1750269900000,2025-06-18,18:05:00,3386.865,3395.598,3385.748,3393.915,0.2793
1750270200000,2025-06-18,18:10:00,3394.015,3394.235,3390.348,3391.895,0.2106
1750270500000,2025-06-18,18:15:00,3391.948,3394.785,3391.359,3391.465,0.1634
1750270800000,2025-06-18,18:20:00,3391.515,3393.015,3387.148,3388.985,0.1682
1750271100000,2025-06-18,18:25:00,3389.015,3391.465,3386.448,3390.798,0.1483
1750271400000,2025-06-18,18:30:00,3390.815,3392.235,3387.525,3389.848,0.1325
1750271700000,2025-06-18,18:35:00,3389.848,3391.245,3387.845,3389.945,0.1561
1750272000000,2025-06-18,18:40:00,3389.925,3390.898,3385.185,3387.185,0.2591
1750272300000,2025-06-18,18:45:00,3387.175,3387.175,3381.085,3381.898,0.3152
1750272600000,2025-06-18,18:50:00,3381.998,3382.598,3378.779,3379.855,0.3086
1750272900000,2025-06-18,18:55:00,3379.815,3380.398,3378.148,3378.875,0.3506
1750273200000,2025-06-18,19:00:00,3378.869,3378.975,3374.085,3376.515,0.3737
1750273500000,2025-06-18,19:05:00,3376.498,3378.655,3373.048,3375.598,0.3265
1750273800000,2025-06-18,19:10:00,3375.598,3378.689,3368.315,3372.055,0.3785
1750274100000,2025-06-18,19:15:00,3372.148,3376.335,3371.875,3373.665,0.295
1750274400000,2025-06-18,19:20:00,3373.855,3374.875,3369.905,3370.629,0.2828
1750274700000,2025-06-18,19:25:00,3370.545,3371.435,3365.075,3365.105,0.3331
1750275000000,2025-06-18,19:30:00,3365.155,3374.435,3362.705,3373.245,0.317
1750275300000,2025-06-18,19:35:00,3373.245,3374.285,3370.715,3373.085,0.2139
1750275600000,2025-06-18,19:40:00,3373.005,3374.445,3369.498,3369.625,0.2167
1750275900000,2025-06-18,19:45:00,3369.835,3369.835,3364.005,3365.295,0.2413
1750276200000,2025-06-18,19:50:00,3365.295,3368.075,3364.475,3367.095,0.2183
1750276500000,2025-06-18,19:55:00,3367.105,3367.798,3364.235,3366.598,0.2417
1750276800000,2025-06-18,20:00:00,3366.598,3368.775,3365.448,3367.365,0.1387
1750277100000,2025-06-18,20:05:00,3367.248,3367.248,3364.748,3366.298,0.1144
1750277400000,2025-06-18,20:10:00,3366.235,3366.235,3362.355,3364.455,0.1076
1750277700000,2025-06-18,20:15:00,3364.455,3365.455,3363.305,3364.825,0.0805
1750278000000,2025-06-18,20:20:00,3364.825,3366.745,3364.665,3365.375,0.077
1750278300000,2025-06-18,20:25:00,3365.385,3366.065,3364.289,3365.015,0.0729
1750278600000,2025-06-18,20:30:00,3365.015,3365.725,3364.325,3364.405,0.0864
1750278900000,2025-06-18,20:35:00,3364.399,3366.055,3364.198,3365.535,0.077
1750279200000,2025-06-18,20:40:00,3365.535,3369.235,3365.535,3366.798,0.096
1750279500000,2025-06-18,20:45:00,3366.715,3367.115,3364.625,3367.115,0.1013
1750279800000,2025-06-18,20:50:00,3367.215,3368.575,3367.048,3368.175,0.0725
1750280100000,2025-06-18,20:55:00,3368.285,3369.465,3368.125,3368.845,0.079
1750284000000,2025-06-18,22:00:00,3369.445,3373.685,3369.445,3371.005,0.0599
1750284300000,2025-06-18,22:05:00,3370.998,3374.128,3370.105,3373.908,0.0766
1750284600000,2025-06-18,22:10:00,3373.928,3375.085,3373.385,3374.285,0.0466
1750284900000,2025-06-18,22:15:00,3374.235,3376.935,3373.885,3376.325,0.045
1750285200000,2025-06-18,22:20:00,3376.275,3379.598,3374.898,3374.898,0.0786
1750285500000,2025-06-18,22:25:00,3374.898,3376.385,3373.215,3374.865,0.0817
1750285800000,2025-06-18,22:30:00,3374.855,3376.408,3373.405,3376.198,0.0406
1750286100000,2025-06-18,22:35:00,3376.098,3377.548,3375.048,3375.148,0.0603
1750286400000,2025-06-18,22:40:00,3375.148,3376.248,3375.115,3375.848,0.038
1750286700000,2025-06-18,22:45:00,3375.848,3376.148,3374.635,3374.648,0.0304
1750287000000,2025-06-18,22:50:00,3374.648,3374.948,3373.355,3374.435,0.0562
1750287300000,2025-06-18,22:55:00,3374.455,3375.365,3374.135,3374.948,0.0386
1750287600000,2025-06-18,23:00:00,3374.855,3375.548,3373.898,3375.348,0.0517
1750287900000,2025-06-18,23:05:00,3375.248,3375.248,3374.448,3374.448,0.0435
1750288200000,2025-06-18,23:10:00,3374.375,3375.448,3374.048,3374.555,0.0457
1750288500000,2025-06-18,23:15:00,3374.555,3374.585,3371.805,3374.245,0.0597
1750288800000,2025-06-18,23:20:00,3374.175,3374.175,3370.805,3370.805,0.0633
1750289100000,2025-06-18,23:25:00,3370.785,3372.548,3370.765,3371.498,0.0452
1750289400000,2025-06-18,23:30:00,3371.498,3372.765,3370.448,3372.415,0.08
1750289700000,2025-06-18,23:35:00,3372.395,3373.985,3372.125,3373.245,0.0371
1750290000000,2025-06-18,23:40:00,3373.198,3375.685,3372.898,3375.455,0.0489
1750290300000,2025-06-18,23:45:00,3375.548,3376.798,3374.198,3375.485,0.0838
1750290600000,2025-06-18,23:50:00,3375.555,3375.848,3373.965,3374.195,0.053
1750290900000,2025-06-18,23:55:00,3374.215,3375.305,3374.055,3374.885,0.0622
1750291200000,2025-06-19,00:00:00,3374.925,3377.205,3374.565,3376.105,0.1036
1750291500000,2025-06-19,00:05:00,3376.155,3377.835,3375.665,3377.745,0.0719
1750291800000,2025-06-19,00:10:00,3377.775,3378.955,3377.445,3378.015,0.0708
1750292100000,2025-06-19,00:15:00,3378.055,3378.975,3377.275,3377.615,0.0645
1750292400000,2025-06-19,00:20:00,3377.645,3379.835,3377.575,3379.195,0.0677
1750292700000,2025-06-19,00:25:00,3379.248,3380.055,3377.585,3378.905,0.0692
1750293000000,2025-06-19,00:30:00,3378.975,3380.345,3377.965,3378.585,0.0792
1750293300000,2025-06-19,00:35:00,3378.615,3380.425,3378.565,3380.365,0.0955
1750293600000,2025-06-19,00:40:00,3380.385,3381.555,3380.115,3381.525,0.0562
1750293900000,2025-06-19,00:45:00,3381.525,3383.135,3381.485,3381.965,0.1191
1750294200000,2025-06-19,00:50:00,3381.995,3381.995,3379.285,3379.565,0.0822
1750294500000,2025-06-19,00:55:00,3379.585,3379.775,3378.465,3379.255,0.0662
1750294800000,2025-06-19,01:00:00,3379.205,3384.555,3377.185,3383.035,0.2566
1750295100000,2025-06-19,01:05:00,3383.135,3387.798,3381.115,3381.148,0.4079
1750295400000,2025-06-19,01:10:00,3381.448,3383.048,3378.748,3380.795,0.2404
1750295700000,2025-06-19,01:15:00,3380.795,3382.448,3377.345,3377.448,0.219
1750296000000,2025-06-19,01:20:00,3377.548,3379.348,3376.848,3378.648,0.129
1750296300000,2025-06-19,01:25:00,3378.648,3380.598,3378.548,3379.905,0.1171
1750296600000,2025-06-19,01:30:00,3379.898,3381.448,3379.055,3379.198,0.1315
1750296900000,2025-06-19,01:35:00,3379.198,3379.748,3377.635,3379.148,0.1169
1750297200000,2025-06-19,01:40:00,3379.248,3380.048,3377.148,3378.148,0.1398
1750297500000,2025-06-19,01:45:00,3378.048,3380.415,3377.115,3380.148,0.2469
1750297800000,2025-06-19,01:50:00,3380.148,3381.348,3378.185,3378.498,0.1611
1750298100000,2025-06-19,01:55:00,3378.345,3378.598,3374.348,3374.615,0.2449
1750298400000,2025-06-19,02:00:00,3374.725,3377.285,3373.845,3377.155,0.213
1750298700000,2025-06-19,02:05:00,3377.125,3377.405,3376.585,3377.165,0.0606
1750299000000,2025-06-19,02:10:00,3377.148,3379.265,3377.135,3377.635,0.1024
1750299300000,2025-06-19,02:15:00,3377.605,3377.945,3375.198,3375.498,0.1012
1750299600000,2025-06-19,02:20:00,3375.498,3376.025,3374.855,3375.948,0.0743
1750299900000,2025-06-19,02:25:00,3375.995,3376.365,3374.848,3375.348,0.0533
1750300200000,2025-06-19,02:30:00,3375.285,3376.555,3374.448,3375.715,0.0625
1750300500000,2025-06-19,02:35:00,3375.635,3376.498,3374.198,3376.498,0.079
1750300800000,2025-06-19,02:40:00,3376.498,3379.248,3376.215,3377.598,0.1387
1750301100000,2025-06-19,02:45:00,3377.515,3378.448,3376.995,3377.148,0.0774
1750301400000,2025-06-19,02:50:00,3376.895,3377.248,3375.588,3376.348,0.0892
1750301700000,2025-06-19,02:55:00,3376.348,3376.575,3375.265,3376.498,0.1197
1750302000000,2025-06-19,03:00:00,3376.515,3377.045,3375.298,3376.465,0.0859
1750302300000,2025-06-19,03:05:00,3376.398,3377.098,3375.398,3376.348,0.0691
1750302600000,2025-06-19,03:10:00,3376.348,3376.848,3375.248,3375.948,0.084
1750302900000,2025-06-19,03:15:00,3375.948,3376.148,3372.775,3372.848,0.1809
1750303200000,2025-06-19,03:20:00,3372.848,3373.385,3371.348,3372.098,0.1622
1750303500000,2025-06-19,03:25:00,3372.165,3372.198,3369.438,3371.048,0.1202
1750303800000,2025-06-19,03:30:00,3371.045,3373.498,3370.195,3373.165,0.092
1750304100000,2025-06-19,03:35:00,3373.135,3375.965,3371.648,3374.395,0.1238
1750304400000,2025-06-19,03:40:00,3374.355,3374.645,3373.635,3374.175,0.0622
1750304700000,2025-06-19,03:45:00,3374.135,3374.305,3373.015,3373.525,0.0361
1750305000000,2025-06-19,03:50:00,3373.505,3374.735,3373.245,3374.445,0.055
1750305300000,2025-06-19,03:55:00,3374.385,3374.475,3373.285,3373.365,0.0418
1750305600000,2025-06-19,04:00:00,3373.325,3374.005,3372.948,3373.465,0.0606
1750305900000,2025-06-19,04:05:00,3373.445,3373.875,3372.885,3373.315,0.0308
1750306200000,2025-06-19,04:10:00,3373.355,3374.175,3373.285,3373.875,0.0495
1750306500000,2025-06-19,04:15:00,3373.875,3374.105,3372.635,3372.995,0.027
1750306800000,2025-06-19,04:20:00,3372.945,3373.515,3372.345,3373.025,0.0257
1750307100000,2025-06-19,04:25:00,3373.025,3374.425,3371.765,3372.925,0.0643
1750307400000,2025-06-19,04:30:00,3372.955,3373.425,3372.248,3372.248,0.0747
1750307700000,2025-06-19,04:35:00,3372.148,3372.875,3371.948,3372.685,0.0866
1750308000000,2025-06-19,04:40:00,3372.725,3373.365,3372.095,3373.175,0.0942
1750308300000,2025-06-19,04:45:00,3373.165,3373.395,3372.595,3373.005,0.0217
1750308600000,2025-06-19,04:50:00,3373.065,3374.648,3373.065,3374.315,0.0398
1750308900000,2025-06-19,04:55:00,3374.298,3374.998,3374.165,3374.325,0.0434
1750309200000,2025-06-19,05:00:00,3374.325,3375.065,3373.698,3374.145,0.0364
1750309500000,2025-06-19,05:05:00,3374.115,3375.005,3372.065,3372.215,0.0491
1750309800000,2025-06-19,05:10:00,3372.175,3372.798,3369.995,3372.798,0.134
1750310100000,2025-06-19,05:15:00,3372.898,3374.185,3372.348,3373.655,0.0617
1750310400000,2025-06-19,05:20:00,3373.648,3374.648,3371.545,3371.935,0.0694
1750310700000,2025-06-19,05:25:00,3371.885,3372.205,3371.045,3372.095,0.0746
1750311000000,2025-06-19,05:30:00,3371.985,3374.015,3371.225,3373.345,0.0811
1750311300000,2025-06-19,05:35:00,3373.275,3374.425,3372.725,3373.285,0.0626
1750311600000,2025-06-19,05:40:00,3373.348,3373.348,3368.255,3368.945,0.1605
1750311900000,2025-06-19,05:45:00,3368.945,3369.055,3363.835,3365.415,0.2308
1750312200000,2025-06-19,05:50:00,3365.505,3366.498,3359.948,3361.685,0.2202
1750312500000,2025-06-19,05:55:00,3361.675,3365.225,3361.355,3364.415,0.1687
1750312800000,2025-06-19,06:00:00,3364.405,3364.605,3355.625,3358.665,0.3745
1750313100000,2025-06-19,06:05:00,3358.625,3360.035,3353.995,3354.875,0.353
1750313400000,2025-06-19,06:10:00,3355.055,3357.805,3350.995,3355.515,0.6146
1750313700000,2025-06-19,06:15:00,3355.308,3355.965,3352.875,3353.255,0.5117
1750314000000,2025-06-19,06:20:00,3353.255,3354.895,3349.805,3354.175,0.6562
1750314300000,2025-06-19,06:25:00,3354.235,3354.775,3349.395,3350.005,0.662
1750314600000,2025-06-19,06:30:00,3349.999,3351.945,3347.795,3350.545,0.5685
1750314900000,2025-06-19,06:35:00,3350.575,3353.729,3349.745,3349.945,0.5214
1750315200000,2025-06-19,06:40:00,3349.925,3352.029,3347.265,3351.695,0.6602
1750315500000,2025-06-19,06:45:00,3351.435,3357.045,3349.875,3356.555,0.3931
1750315800000,2025-06-19,06:50:00,3356.525,3357.875,3355.135,3355.555,0.2841
1750316100000,2025-06-19,06:55:00,3355.575,3358.045,3355.545,3357.275,0.353
1750316400000,2025-06-19,07:00:00,3357.269,3358.435,3356.115,3356.585,0.3406
1750316700000,2025-06-19,07:05:00,3356.505,3358.455,3354.345,3357.955,0.2095
1750317000000,2025-06-19,07:10:00,3357.955,3358.455,3354.648,3355.248,0.2042
1750317300000,2025-06-19,07:15:00,3355.248,3356.598,3353.635,3354.135,0.3598
1750317600000,2025-06-19,07:20:00,3354.165,3354.355,3350.475,3351.848,0.3383
1750317900000,2025-06-19,07:25:00,3351.905,3356.545,3351.375,3352.855,0.4137
1750318200000,2025-06-19,07:30:00,3352.825,3356.945,3352.825,3356.765,0.4066
1750318500000,2025-06-19,07:35:00,3356.785,3365.565,3354.805,3365.565,0.5755
1750318800000,2025-06-19,07:40:00,3365.555,3368.565,3365.165,3366.765,0.4696
1750319100000,2025-06-19,07:45:00,3366.785,3368.765,3364.245,3368.615,0.1433
1750319400000,2025-06-19,07:50:00,3368.655,3368.905,3365.935,3367.065,0.1046
1750319700000,2025-06-19,07:55:00,3367.105,3367.315,3364.765,3365.745,0.0984
1750320000000,2025-06-19,08:00:00,3365.715,3366.298,3362.115,3364.055,0.1773
1750320300000,2025-06-19,08:05:00,3364.095,3365.475,3363.245,3364.055,0.0986
1750320600000,2025-06-19,08:10:00,3364.035,3364.845,3362.175,3362.205,0.0709
1750320900000,2025-06-19,08:15:00,3362.178,3364.795,3362.058,3364.555,0.0784
1750321200000,2025-06-19,08:20:00,3364.595,3366.555,3363.955,3366.325,0.085
1750321500000,2025-06-19,08:25:00,3366.285,3367.275,3365.138,3366.148,0.1455
1750321800000,2025-06-19,08:30:00,3366.009,3366.848,3363.865,3365.315,0.0971
1750322100000,2025-06-19,08:35:00,3365.405,3367.655,3364.895,3366.775,0.0647
1750322400000,2025-06-19,08:40:00,3366.755,3370.048,3366.695,3369.948,0.0791
1750322700000,2025-06-19,08:45:00,3369.948,3371.405,3368.018,3370.015,0.1246
1750323000000,2025-06-19,08:50:00,3369.975,3370.825,3369.365,3369.788,0.0672
1750323300000,2025-06-19,08:55:00,3369.808,3369.905,3367.875,3368.475,0.0699
1750323600000,2025-06-19,09:00:00,3368.475,3369.235,3365.418,3366.585,0.0856
1750323900000,2025-06-19,09:05:00,3366.665,3366.685,3363.348,3366.545,0.0843
1750324200000,2025-06-19,09:10:00,3366.555,3368.515,3366.025,3368.065,0.0816
1750324500000,2025-06-19,09:15:00,3368.065,3369.215,3367.265,3369.075,0.0605
1750324800000,2025-06-19,09:20:00,3369.125,3373.145,3368.845,3372.365,0.0758
1750325100000,2025-06-19,09:25:00,3372.448,3373.495,3371.848,3372.335,0.1084
1750325400000,2025-06-19,09:30:00,3372.215,3372.575,3370.395,3371.315,0.0958
1750325700000,2025-06-19,09:35:00,3371.318,3371.748,3370.499,3371.188,0.0789
1750326000000,2025-06-19,09:40:00,3371.188,3371.458,3370.568,3370.725,0.0575
1750326300000,2025-06-19,09:45:00,3370.745,3373.185,3370.575,3371.535,0.0798
1750326600000,2025-06-19,09:50:00,3371.475,3371.475,3369.345,3369.875,0.0838
1750326900000,2025-06-19,09:55:00,3369.875,3371.315,3369.495,3370.145,0.0639
1750327200000,2025-06-19,10:00:00,3370.145,3371.415,3368.818,3371.415,0.0781
1750327500000,2025-06-19,10:05:00,3371.298,3373.025,3371.298,3371.955,0.0796
1750327800000,2025-06-19,10:10:00,3371.985,3373.595,3371.635,3373.265,0.0676
1750328100000,2025-06-19,10:15:00,3373.295,3374.265,3372.565,3373.865,0.0663
1750328400000,2025-06-19,10:20:00,3373.925,3376.125,3373.225,3374.955,0.0727
1750328700000,2025-06-19,10:25:00,3375.045,3377.815,3374.235,3375.955,0.1421
1750329000000,2025-06-19,10:30:00,3375.955,3377.345,3375.585,3377.248,0.1052
1750329300000,2025-06-19,10:35:00,3377.248,3377.605,3375.468,3376.235,0.0749
1750329600000,2025-06-19,10:40:00,3376.198,3378.891,3375.468,3376.815,0.0876
1750329900000,2025-06-19,10:45:00,3376.755,3378.105,3375.709,3375.758,0.0858
1750330200000,2025-06-19,10:50:00,3375.758,3376.155,3373.498,3374.298,0.1708
1750330500000,2025-06-19,10:55:00,3374.398,3374.755,3373.715,3374.755,0.0905
1750330800000,2025-06-19,11:00:00,3374.795,3375.295,3372.995,3374.225,0.1329
1750331100000,2025-06-19,11:05:00,3374.285,3374.498,3371.775,3371.965,0.1432
1750331400000,2025-06-19,11:10:00,3371.965,3374.348,3371.635,3372.755,0.1106
1750331700000,2025-06-19,11:15:00,3372.775,3372.785,3371.955,3372.605,0.0525
1750332000000,2025-06-19,11:20:00,3372.575,3373.848,3372.085,3373.428,0.0666
1750332300000,2025-06-19,11:25:00,3373.498,3374.098,3372.448,3373.705,0.0539
1750332600000,2025-06-19,11:30:00,3373.685,3374.335,3373.355,3373.795,0.0396
1750332900000,2025-06-19,11:35:00,3373.748,3374.285,3371.998,3372.505,0.0689
1750333200000,2025-06-19,11:40:00,3372.475,3373.035,3371.685,3372.835,0.0501
1750333500000,2025-06-19,11:45:00,3372.785,3373.525,3372.295,3372.415,0.039
1750333800000,2025-06-19,11:50:00,3372.365,3372.505,3370.278,3370.875,0.0534
1750334100000,2025-06-19,11:55:00,3370.895,3371.825,3370.565,3371.735,0.0521
1750334400000,2025-06-19,12:00:00,3371.775,3372.335,3370.598,3371.235,0.1854
1750334700000,2025-06-19,12:05:00,3371.135,3371.598,3367.928,3368.475,0.0947
1750335000000,2025-06-19,12:10:00,3368.445,3368.475,3365.488,3365.918,0.1116
1750335300000,2025-06-19,12:15:00,3365.918,3367.405,3365.175,3365.575,0.1031
1750335600000,2025-06-19,12:20:00,3365.555,3365.955,3363.738,3365.565,0.0883
1750335900000,2025-06-19,12:25:00,3365.498,3366.085,3364.385,3365.175,0.0708
1750336200000,2025-06-19,12:30:00,3365.195,3369.465,3364.385,3369.348,0.091
1750336500000,2025-06-19,12:35:00,3369.355,3371.155,3367.098,3367.248,0.1329
1750336800000,2025-06-19,12:40:00,3367.575,3368.048,3366.455,3366.948,0.0724
1750337100000,2025-06-19,12:45:00,3366.945,3368.025,3365.718,3367.845,0.06
1750337400000,2025-06-19,12:50:00,3367.735,3369.715,3367.635,3369.245,0.0721
1750337700000,2025-06-19,12:55:00,3369.055,3369.548,3367.175,3367.748,0.0582
1750338000000,2025-06-19,13:00:00,3367.775,3367.955,3364.715,3365.768,0.1341
1750338300000,2025-06-19,13:05:00,3365.768,3368.655,3365.065,3366.955,0.1184
1750338600000,2025-06-19,13:10:00,3366.925,3367.935,3366.445,3366.968,0.0643
1750338900000,2025-06-19,13:15:00,3366.968,3368.205,3364.435,3367.825,0.0956
1750339200000,2025-06-19,13:20:00,3367.795,3368.205,3365.531,3365.655,0.075
1750339500000,2025-06-19,13:25:00,3365.635,3365.955,3361.265,3362.598,0.1207
1750339800000,2025-06-19,13:30:00,3362.598,3365.865,3361.565,3365.715,0.1396
1750340100000,2025-06-19,13:35:00,3365.725,3366.548,3361.985,3365.248,0.1558
1750340400000,2025-06-19,13:40:00,3365.175,3368.798,3365.175,3367.505,0.124
1750340700000,2025-06-19,13:45:00,3367.465,3370.698,3367.445,3370.415,0.1169
1750341000000,2025-06-19,13:50:00,3370.375,3372.755,3368.825,3371.848,0.1052
1750341300000,2025-06-19,13:55:00,3371.748,3372.155,3368.925,3369.218,0.1439
1750341600000,2025-06-19,14:00:00,3369.205,3370.718,3368.358,3368.548,0.2168
1750341900000,2025-06-19,14:05:00,3368.548,3369.348,3366.545,3367.455,0.1239
1750342200000,2025-06-19,14:10:00,3367.425,3369.215,3366.405,3368.525,0.0842
1750342500000,2025-06-19,14:15:00,3368.505,3369.285,3368.195,3368.935,0.0646
1750342800000,2025-06-19,14:20:00,3368.825,3369.015,3363.855,3364.285,0.1396
1750343100000,2025-06-19,14:25:00,3364.285,3364.625,3361.945,3361.948,0.1142
1750343400000,2025-06-19,14:30:00,3361.948,3364.445,3361.348,3363.198,0.14
1750343700000,2025-06-19,14:35:00,3363.165,3365.848,3361.485,3365.648,0.1117
1750344000000,2025-06-19,14:40:00,3365.648,3366.598,3364.255,3366.098,0.0995
1750344300000,2025-06-19,14:45:00,3366.098,3366.498,3364.435,3364.698,0.072
1750344600000,2025-06-19,14:50:00,3364.785,3366.015,3364.315,3365.115,0.0676
1750344900000,2025-06-19,14:55:00,3365.125,3365.948,3364.098,3364.405,0.1259
1750345200000,2025-06-19,15:00:00,3364.398,3365.005,3362.555,3364.535,0.1333
1750345500000,2025-06-19,15:05:00,3364.465,3367.745,3364.175,3367.148,0.0688
1750345800000,2025-06-19,15:10:00,3367.248,3368.248,3361.985,3366.365,0.2131
1750346100000,2025-06-19,15:15:00,3366.405,3367.395,3365.605,3367.248,0.0663
1750346400000,2025-06-19,15:20:00,3367.305,3369.895,3366.865,3368.805,0.0898
1750346700000,2025-06-19,15:25:00,3368.825,3369.425,3366.945,3367.235,0.0596
1750347000000,2025-06-19,15:30:00,3367.175,3367.955,3366.045,3366.845,0.0545
1750347300000,2025-06-19,15:35:00,3366.805,3368.245,3366.455,3366.795,0.0476
1750347600000,2025-06-19,15:40:00,3366.745,3367.205,3365.675,3367.065,0.0819
1750347900000,2025-06-19,15:45:00,3367.095,3367.195,3365.205,3366.555,0.0754
1750348200000,2025-06-19,15:50:00,3366.615,3371.248,3366.505,3369.898,0.1209
1750348500000,2025-06-19,15:55:00,3370.065,3371.848,3368.175,3369.015,0.2222
1750348800000,2025-06-19,16:00:00,3369.035,3369.395,3367.348,3367.448,0.0616
1750349100000,2025-06-19,16:05:00,3367.475,3368.615,3367.055,3367.548,0.0417
1750349400000,2025-06-19,16:10:00,3367.548,3368.195,3367.235,3367.295,0.0367
1750349700000,2025-06-19,16:15:00,3366.625,3367.365,3365.895,3366.885,0.0456
1750350000000,2025-06-19,16:20:00,3366.905,3371.498,3366.635,3370.218,0.1151
1750350300000,2025-06-19,16:25:00,3370.208,3370.848,3369.048,3369.615,0.1445
1750350600000,2025-06-19,16:30:00,3369.598,3370.275,3366.598,3367.775,0.1439
1750350900000,2025-06-19,16:35:00,3367.805,3368.995,3367.485,3368.625,0.0419
1750351200000,2025-06-19,16:40:00,3368.575,3369.895,3368.225,3369.445,0.0336
1750351500000,2025-06-19,16:45:00,3369.415,3370.785,3369.175,3370.625,0.0423
1750351800000,2025-06-19,16:50:00,3370.605,3371.465,3369.175,3370.285,0.0754
1750352100000,2025-06-19,16:55:00,3370.135,3371.485,3369.985,3370.795,0.0386
1750352400000,2025-06-19,17:00:00,3370.765,3371.875,3370.715,3371.605,0.0413
1750352700000,2025-06-19,17:05:00,3371.565,3372.035,3371.435,3371.845,0.0325
1750353000000,2025-06-19,17:10:00,3371.915,3373.925,3371.915,3373.265,0.05
1750353300000,2025-06-19,17:15:00,3372.955,3373.455,3372.645,3373.235,0.0319
1750353600000,2025-06-19,17:20:00,3373.245,3375.198,3372.798,3372.898,0.0946
1750353900000,2025-06-19,17:25:00,3373.098,3373.948,3372.898,3373.448,0.0526
1750354200000,2025-06-19,17:30:00,3373.448,3373.448,3368.448,3369.775,0.0992
1750354500000,2025-06-19,17:35:00,3369.795,3371.485,3366.225,3367.775,0.0587
1750354800000,2025-06-19,17:40:00,3367.745,3368.255,3365.615,3366.048,0.043
1750355100000,2025-06-19,17:45:00,3365.948,3367.648,3365.715,3366.565,0.0522
1750355400000,2025-06-19,17:50:00,3366.535,3369.448,3366.535,3369.075,0.0298
1750355700000,2025-06-19,17:55:00,3369.225,3369.448,3368.005,3368.025,0.0344
1750356000000,2025-06-19,18:00:00,3367.955,3368.115,3366.348,3367.505,0.0357
1750356300000,2025-06-19,18:05:00,3367.315,3369.355,3366.715,3368.995,0.0272
1750356600000,2025-06-19,18:10:00,3369.135,3370.145,3368.775,3369.225,0.0545
1750356900000,2025-06-19,18:15:00,3369.215,3371.155,3369.215,3370.855,0.0658
1750357200000,2025-06-19,18:20:00,3370.815,3371.185,3370.125,3370.285,0.0422
1750357500000,2025-06-19,18:25:00,3370.315,3370.315,3369.625,3370.075,0.0215
1750370400000,2025-06-19,22:00:00,3368.405,3370.055,3367.785,3370.045,0.042
1750370700000,2025-06-19,22:05:00,3370.065,3370.315,3366.355,3366.748,0.0439
1750371000000,2025-06-19,22:10:00,3366.848,3367.248,3361.725,3364.745,0.0692
1750371300000,2025-06-19,22:15:00,3364.715,3366.525,3363.748,3365.235,0.0473
1750371600000,2025-06-19,22:20:00,3364.878,3367.325,3364.685,3366.798,0.0462
1750371900000,2025-06-19,22:25:00,3366.818,3367.198,3365.895,3366.155,0.0429
1750372200000,2025-06-19,22:30:00,3366.135,3366.698,3363.995,3364.148,0.0662
1750372500000,2025-06-19,22:35:00,3364.158,3364.998,3362.465,3362.948,0.0773
1750372800000,2025-06-19,22:40:00,3362.948,3364.455,3362.098,3364.315,0.1116
1750373100000,2025-06-19,22:45:00,3364.345,3364.925,3363.895,3364.375,0.0298
1750373400000,2025-06-19,22:50:00,3364.428,3365.155,3364.065,3364.065,0.038
1750373700000,2025-06-19,22:55:00,3364.105,3365.598,3364.105,3365.398,0.0333
1750374000000,2025-06-19,23:00:00,3365.498,3365.698,3363.285,3365.098,0.03
1750374300000,2025-06-19,23:05:00,3365.015,3365.498,3364.198,3364.598,0.0378
1750374600000,2025-06-19,23:10:00,3364.525,3366.315,3364.325,3366.315,0.0396
1750374900000,2025-06-19,23:15:00,3366.225,3368.048,3366.215,3367.548,0.0536
1750375200000,2025-06-19,23:20:00,3367.595,3369.365,3367.325,3369.005,0.053
1750375500000,2025-06-19,23:25:00,3368.945,3370.265,3367.835,3368.195,0.034
1750375800000,2025-06-19,23:30:00,3368.225,3368.525,3366.265,3366.685,0.0426
1750376100000,2025-06-19,23:35:00,3366.815,3368.055,3365.705,3366.345,0.0454
1750376400000,2025-06-19,23:40:00,3366.175,3367.455,3365.265,3367.125,0.043
1750376700000,2025-06-19,23:45:00,3367.185,3369.898,3367.185,3368.495,0.0679
1750377000000,2025-06-19,23:50:00,3368.448,3369.598,3367.898,3368.455,0.0813
1750377300000,2025-06-19,23:55:00,3368.455,3368.748,3367.448,3368.585,0.0507
1750377600000,2025-06-20,00:00:00,3368.585,3370.115,3367.398,3368.798,0.1076
1750377900000,2025-06-20,00:05:00,3368.798,3369.098,3367.765,3367.998,0.1377
1750378200000,2025-06-20,00:10:00,3367.898,3368.698,3366.635,3368.098,0.1079
1750378500000,2025-06-20,00:15:00,3368.098,3368.698,3366.445,3367.698,0.0917
1750378800000,2025-06-20,00:20:00,3367.698,3367.798,3365.998,3366.398,0.0689
1750379100000,2025-06-20,00:25:00,3366.245,3366.698,3365.335,3365.598,0.0743
1750379400000,2025-06-20,00:30:00,3365.498,3366.698,3364.698,3364.898,0.0912
1750379700000,2025-06-20,00:35:00,3364.898,3366.315,3364.695,3365.375,0.0473
1750380000000,2025-06-20,00:40:00,3365.298,3365.998,3364.505,3365.798,0.042
1750380300000,2025-06-20,00:45:00,3365.898,3366.565,3364.535,3366.405,0.079
1750380600000,2025-06-20,00:50:00,3366.355,3367.318,3364.915,3367.075,0.0948
1750380900000,2025-06-20,00:55:00,3367.048,3369.048,3366.995,3367.898,0.1029
1750381200000,2025-06-20,01:00:00,3367.815,3368.098,3365.148,3365.685,0.1477
1750381500000,2025-06-20,01:05:00,3365.625,3366.395,3362.835,3363.255,0.1233
1750381800000,2025-06-20,01:10:00,3363.205,3363.695,3358.635,3359.005,0.1832
1750382100000,2025-06-20,01:15:00,3358.935,3361.075,3357.235,3359.175,0.164
1750382400000,2025-06-20,01:20:00,3359.155,3362.698,3358.285,3362.265,0.136
1750382700000,2025-06-20,01:25:00,3362.285,3362.685,3360.748,3361.465,0.0752
1750383000000,2025-06-20,01:30:00,3361.549,3362.275,3359.948,3361.155,0.0911
1750383300000,2025-06-20,01:35:00,3361.195,3362.698,3360.298,3360.545,0.083
1750383600000,2025-06-20,01:40:00,3360.465,3361.065,3358.985,3360.975,0.0788
1750383900000,2025-06-20,01:45:00,3361.048,3364.175,3360.985,3363.598,0.0957
1750384200000,2025-06-20,01:50:00,3363.598,3363.698,3358.598,3358.598,0.0887
1750384500000,2025-06-20,01:55:00,3358.625,3359.248,3355.898,3356.198,0.148
1750384800000,2025-06-20,02:00:00,3356.198,3359.898,3355.578,3359.748,0.1314
1750385100000,2025-06-20,02:05:00,3359.695,3360.398,3358.048,3358.348,0.0868
1750385400000,2025-06-20,02:10:00,3358.348,3358.848,3355.665,3355.898,0.1484
1750385700000,2025-06-20,02:15:00,3355.998,3357.915,3355.598,3357.915,0.1135
1750386000000,2025-06-20,02:20:00,3357.898,3358.198,3357.505,3357.935,0.0659
1750386300000,2025-06-20,02:25:00,3357.875,3357.935,3356.335,3357.125,0.0619
1750386600000,2025-06-20,02:30:00,3357.145,3357.845,3353.945,3354.585,0.3236
1750386900000,2025-06-20,02:35:00,3354.615,3356.348,3352.748,3354.655,0.315
1750387200000,2025-06-20,02:40:00,3354.648,3356.705,3353.848,3356.185,0.1943
1750387500000,2025-06-20,02:45:00,3356.165,3356.685,3352.585,3352.648,0.2553
1750387800000,2025-06-20,02:50:00,3352.685,3354.265,3351.348,3351.905,0.2387
1750388100000,2025-06-20,02:55:00,3351.955,3353.345,3351.635,3352.245,0.1207
1750388400000,2025-06-20,03:00:00,3352.275,3353.598,3350.598,3352.798,0.1435
1750388700000,2025-06-20,03:05:00,3352.798,3353.898,3348.505,3348.648,0.2377
1750389000000,2025-06-20,03:10:00,3348.605,3348.605,3344.375,3346.398,0.3079
1750389300000,2025-06-20,03:15:00,3346.415,3350.155,3346.125,3348.148,0.191
1750389600000,2025-06-20,03:20:00,3348.115,3350.798,3346.435,3349.345,0.16
1750389900000,2025-06-20,03:25:00,3349.398,3352.585,3348.635,3352.255,0.0978
1750390200000,2025-06-20,03:30:00,3352.365,3353.095,3351.598,3352.675,0.095
1750390500000,2025-06-20,03:35:00,3352.655,3352.985,3351.035,3351.348,0.0941
1750390800000,2025-06-20,03:40:00,3351.348,3355.125,3350.715,3354.515,0.0996
1750391100000,2025-06-20,03:45:00,3354.598,3354.698,3352.565,3354.275,0.0723
1750391400000,2025-06-20,03:50:00,3354.275,3354.965,3353.975,3354.735,0.047
1750391700000,2025-06-20,03:55:00,3354.735,3356.045,3354.215,3355.345,0.1147
1750392000000,2025-06-20,04:00:00,3355.355,3355.425,3353.965,3354.075,0.0933
1750392300000,2025-06-20,04:05:00,3354.115,3355.345,3353.765,3354.355,0.0546
1750392600000,2025-06-20,04:10:00,3354.315,3355.575,3354.105,3355.255,0.0315
1750392900000,2025-06-20,04:15:00,3355.285,3355.295,3353.975,3355.035,0.0457
1750393200000,2025-06-20,04:20:00,3355.115,3356.165,3354.895,3355.995,0.0435
1750393500000,2025-06-20,04:25:00,3355.965,3357.065,3355.948,3356.465,0.0658
1750393800000,2025-06-20,04:30:00,3356.515,3356.985,3356.105,3356.665,0.0586
1750394100000,2025-06-20,04:35:00,3356.645,3356.665,3356.025,3356.125,0.0355
1750394400000,2025-06-20,04:40:00,3356.125,3357.465,3355.975,3357.015,0.0436
1750394700000,2025-06-20,04:45:00,3357.098,3357.375,3355.285,3355.305,0.0644
1750395000000,2025-06-20,04:50:00,3355.315,3356.535,3353.665,3353.785,0.0692
1750395300000,2025-06-20,04:55:00,3353.755,3354.585,3352.355,3354.165,0.0913
1750395600000,2025-06-20,05:00:00,3354.145,3354.395,3353.125,3353.525,0.0467
1750395900000,2025-06-20,05:05:00,3353.505,3353.998,3352.448,3353.998,0.0577
1750396200000,2025-06-20,05:10:00,3353.915,3354.898,3351.948,3352.665,0.0767
1750396500000,2025-06-20,05:15:00,3352.685,3353.155,3351.548,3351.835,0.0886
1750396800000,2025-06-20,05:20:00,3351.885,3352.105,3351.398,3351.898,0.0313
1750397100000,2025-06-20,05:25:00,3351.825,3352.325,3348.965,3348.965,0.1233
1750397400000,2025-06-20,05:30:00,3348.948,3350.885,3346.375,3349.335,0.191
1750397700000,2025-06-20,05:35:00,3349.365,3352.665,3347.465,3352.385,0.1537
1750398000000,2025-06-20,05:40:00,3352.355,3352.535,3349.005,3349.405,0.11
1750398300000,2025-06-20,05:45:00,3349.335,3349.648,3346.548,3347.148,0.1575
1750398600000,2025-06-20,05:50:00,3347.148,3347.248,3344.455,3345.785,0.16
1750398900000,2025-06-20,05:55:00,3345.715,3346.645,3342.435,3344.525,0.1899
1750399200000,2025-06-20,06:00:00,3344.545,3346.398,3341.875,3345.785,0.1687
1750399500000,2025-06-20,06:05:00,3345.815,3347.985,3344.615,3345.195,0.1261
1750399800000,2025-06-20,06:10:00,3345.225,3348.155,3344.548,3347.948,0.0774
1750400100000,2025-06-20,06:15:00,3347.855,3348.625,3346.425,3347.675,0.0699
1750400400000,2025-06-20,06:20:00,3347.715,3347.975,3343.945,3344.405,0.1128
1750400700000,2025-06-20,06:25:00,3344.435,3344.865,3343.195,3343.915,0.092
1750401000000,2025-06-20,06:30:00,3343.935,3345.015,3341.545,3343.225,0.1222
1750401300000,2025-06-20,06:35:00,3343.255,3343.948,3341.148,3343.698,0.0979
1750401600000,2025-06-20,06:40:00,3343.798,3344.535,3340.175,3340.688,0.1705
1750401900000,2025-06-20,06:45:00,3340.818,3344.395,3340.565,3344.265,0.1071
1750402200000,2025-06-20,06:50:00,3344.215,3345.945,3344.135,3345.515,0.0768
1750402500000,2025-06-20,06:55:00,3345.515,3345.998,3343.965,3345.085,0.1028
1750402800000,2025-06-20,07:00:00,3345.048,3347.805,3343.145,3347.585,0.1244
1750403100000,2025-06-20,07:05:00,3347.675,3351.815,3347.348,3351.815,0.1131
1750403400000,2025-06-20,07:10:00,3351.785,3354.235,3351.495,3352.955,0.1126
1750403700000,2025-06-20,07:15:00,3352.885,3355.115,3351.198,3351.935,0.1063
1750404000000,2025-06-20,07:20:00,3351.845,3352.235,3349.655,3351.635,0.0651
1750404300000,2025-06-20,07:25:00,3351.675,3352.298,3350.435,3351.825,0.0691
1750404600000,2025-06-20,07:30:00,3351.735,3351.835,3349.755,3350.048,0.066
1750404900000,2025-06-20,07:35:00,3350.045,3350.965,3347.948,3348.048,0.0723
1750405200000,2025-06-20,07:40:00,3348.148,3349.148,3347.348,3347.898,0.0892
1750405500000,2025-06-20,07:45:00,3347.998,3348.098,3346.255,3346.275,0.0815
1750405800000,2025-06-20,07:50:00,3346.285,3349.548,3346.055,3347.715,0.0926
1750406100000,2025-06-20,07:55:00,3347.685,3348.765,3347.115,3347.465,0.0698
1750406400000,2025-06-20,08:00:00,3347.375,3349.005,3347.155,3347.375,0.0774
1750406700000,2025-06-20,08:05:00,3347.405,3348.685,3346.495,3347.935,0.0608
1750407000000,2025-06-20,08:10:00,3347.745,3348.555,3346.845,3348.505,0.0506
1750407300000,2025-06-20,08:15:00,3348.535,3349.648,3348.005,3349.648,0.0591
1750407600000,2025-06-20,08:20:00,3349.555,3350.115,3348.475,3348.815,0.0578
1750407900000,2025-06-20,08:25:00,3349.105,3349.545,3347.375,3348.795,0.0682
1750408200000,2025-06-20,08:30:00,3348.795,3351.248,3348.205,3349.245,0.0698
1750408500000,2025-06-20,08:35:00,3349.215,3351.645,3349.098,3349.785,0.0716
1750408800000,2025-06-20,08:40:00,3349.725,3352.205,3349.115,3352.155,0.0722
1750409100000,2025-06-20,08:45:00,3352.148,3352.248,3350.285,3351.225,0.0721
1750409400000,2025-06-20,08:50:00,3351.225,3351.545,3349.475,3351.115,0.0533
1750409700000,2025-06-20,08:55:00,3351.095,3351.435,3350.205,3350.845,0.0615
1750410000000,2025-06-20,09:00:00,3350.815,3351.855,3348.995,3351.695,0.0716
1750410300000,2025-06-20,09:05:00,3351.795,3353.525,3351.275,3353.485,0.0626
1750410600000,2025-06-20,09:10:00,3353.455,3354.005,3352.755,3353.765,0.0699
1750410900000,2025-06-20,09:15:00,3353.735,3354.848,3352.078,3352.468,0.1197
1750411200000,2025-06-20,09:20:00,3352.468,3354.725,3352.348,3354.655,0.0647
1750411500000,2025-06-20,09:25:00,3354.675,3356.739,3354.498,3355.845,0.0789
1750411800000,2025-06-20,09:30:00,3355.815,3357.465,3355.425,3357.015,0.0615
1750412100000,2025-06-20,09:35:00,3356.995,3357.395,3356.435,3357.345,0.0547
1750412400000,2025-06-20,09:40:00,3357.385,3358.465,3357.355,3358.115,0.0586
1750412700000,2025-06-20,09:45:00,3358.075,3359.085,3356.265,3356.395,0.0536
1750413000000,2025-06-20,09:50:00,3356.235,3356.455,3354.198,3355.185,0.0882
1750413300000,2025-06-20,09:55:00,3355.215,3356.305,3354.645,3355.055,0.0729
1750413600000,2025-06-20,10:00:00,3355.085,3356.455,3354.895,3355.155,0.0596
1750413900000,2025-06-20,10:05:00,3355.175,3356.605,3354.775,3356.348,0.0555
1750414200000,2025-06-20,10:10:00,3356.348,3356.635,3355.525,3356.065,0.0524
1750414500000,2025-06-20,10:15:00,3356.095,3357.775,3355.745,3357.275,0.0581
1750414800000,2025-06-20,10:20:00,3357.315,3357.585,3354.985,3355.165,0.0471
1750415100000,2025-06-20,10:25:00,3355.165,3356.405,3355.135,3356.265,0.0358
1750415400000,2025-06-20,10:30:00,3356.225,3356.775,3355.028,3355.465,0.041
1750415700000,2025-06-20,10:35:00,3355.495,3356.335,3355.095,3355.835,0.0374
1750416000000,2025-06-20,10:40:00,3355.815,3356.505,3355.545,3356.475,0.0427
1750416300000,2025-06-20,10:45:00,3356.455,3357.265,3355.745,3356.905,0.0482
1750416600000,2025-06-20,10:50:00,3356.865,3357.405,3355.705,3355.705,0.0419
1750416900000,2025-06-20,10:55:00,3355.668,3356.595,3355.245,3355.265,0.0389
1750417200000,2025-06-20,11:00:00,3355.235,3355.865,3354.585,3354.635,0.0401
1750417500000,2025-06-20,11:05:00,3354.685,3354.865,3352.875,3353.945,0.0738
1750417800000,2025-06-20,11:10:00,3353.975,3354.725,3353.775,3354.095,0.0597
1750418100000,2025-06-20,11:15:00,3354.075,3354.365,3353.318,3353.318,0.0545
1750418400000,2025-06-20,11:20:00,3353.205,3353.575,3352.225,3352.395,0.0549
1750418700000,2025-06-20,11:25:00,3352.365,3353.075,3350.948,3351.705,0.0705
1750419000000,2025-06-20,11:30:00,3351.805,3352.615,3350.948,3352.598,0.083
1750419300000,2025-06-20,11:35:00,3352.615,3355.275,3352.135,3354.648,0.0741
1750419600000,2025-06-20,11:40:00,3354.648,3354.648,3351.235,3351.385,0.0672
1750419900000,2025-06-20,11:45:00,3351.288,3353.855,3347.815,3349.848,0.2185
1750420200000,2025-06-20,11:50:00,3349.848,3351.185,3348.448,3348.545,0.0839
1750420500000,2025-06-20,11:55:00,3348.515,3349.548,3346.398,3346.798,0.1227
1750420800000,2025-06-20,12:00:00,3347.075,3349.395,3346.198,3349.395,0.0921
1750421100000,2025-06-20,12:05:00,3349.455,3350.248,3345.498,3346.315,0.1144
1750421400000,2025-06-20,12:10:00,3346.415,3347.995,3346.415,3347.875,0.0763
1750421700000,2025-06-20,12:15:00,3347.885,3349.035,3346.995,3347.095,0.0572
1750422000000,2025-06-20,12:20:00,3347.095,3350.605,3346.445,3350.245,0.1066
1750422300000,2025-06-20,12:25:00,3350.135,3350.305,3347.545,3348.005,0.0716
1750422600000,2025-06-20,12:30:00,3347.968,3348.455,3341.715,3345.998,0.2747
1750422900000,2025-06-20,12:35:00,3345.815,3348.048,3343.775,3346.798,0.1765
1750423200000,2025-06-20,12:40:00,3346.698,3349.098,3345.398,3346.325,0.1425
1750423500000,2025-06-20,12:45:00,3346.298,3346.465,3343.198,3343.305,0.1217
1750423800000,2025-06-20,12:50:00,3343.255,3345.848,3343.255,3344.795,0.151
1750424100000,2025-06-20,12:55:00,3344.748,3345.998,3343.048,3344.305,0.1396
1750424400000,2025-06-20,13:00:00,3344.355,3346.598,3342.798,3346.448,0.2267
1750424700000,2025-06-20,13:05:00,3346.465,3349.748,3346.055,3348.748,0.2023
1750425000000,2025-06-20,13:10:00,3348.675,3353.015,3348.445,3352.245,0.1757
1750425300000,2025-06-20,13:15:00,3352.275,3353.205,3350.385,3352.395,0.1226
1750425600000,2025-06-20,13:20:00,3352.395,3355.985,3351.258,3355.248,0.1257
1750425900000,2025-06-20,13:25:00,3355.248,3357.298,3355.248,3356.925,0.1616
1750426200000,2025-06-20,13:30:00,3356.965,3361.648,3356.378,3360.335,0.269
1750426500000,2025-06-20,13:35:00,3360.308,3364.448,3359.218,3364.095,0.2286
1750426800000,2025-06-20,13:40:00,3364.225,3364.675,3362.398,3363.925,0.1935
1750427100000,2025-06-20,13:45:00,3363.975,3367.158,3363.895,3366.798,0.1933
1750427400000,2025-06-20,13:50:00,3366.815,3371.965,3366.695,3371.835,0.2003
1750427700000,2025-06-20,13:55:00,3371.875,3373.575,3369.688,3370.048,0.2758
1750428000000,2025-06-20,14:00:00,3370.048,3370.548,3365.965,3367.445,0.278
1750428300000,2025-06-20,14:05:00,3367.525,3371.985,3367.075,3371.775,0.1725
1750428600000,2025-06-20,14:10:00,3371.805,3374.265,3369.565,3370.558,0.2183
1750428900000,2025-06-20,14:15:00,3370.445,3370.898,3367.875,3369.065,0.1826
1750429200000,2025-06-20,14:20:00,3369.048,3369.048,3365.018,3366.105,0.1738
1750429500000,2025-06-20,14:25:00,3366.105,3369.248,3365.815,3367.768,0.1696
1750429800000,2025-06-20,14:30:00,3367.795,3368.548,3365.958,3366.548,0.1741
1750430100000,2025-06-20,14:35:00,3366.575,3367.078,3365.165,3365.835,0.123
1750430400000,2025-06-20,14:40:00,3365.865,3370.275,3365.635,3367.098,0.2298
1750430700000,2025-06-20,14:45:00,3367.055,3367.998,3365.048,3367.845,0.1395
1750431000000,2025-06-20,14:50:00,3367.898,3369.948,3366.775,3369.348,0.1581
1750431300000,2025-06-20,14:55:00,3369.348,3370.485,3368.825,3368.975,0.1327
1750431600000,2025-06-20,15:00:00,3369.045,3371.535,3369.045,3371.105,0.1473
1750431900000,2025-06-20,15:05:00,3371.048,3371.085,3368.015,3368.585,0.1151
1750432200000,2025-06-20,15:10:00,3368.715,3368.915,3366.975,3367.348,0.0782
1750432500000,2025-06-20,15:15:00,3367.335,3367.848,3365.705,3367.075,0.0967
1750432800000,2025-06-20,15:20:00,3367.035,3368.355,3365.655,3368.055,0.086
1750433100000,2025-06-20,15:25:00,3368.055,3369.035,3366.698,3368.395,0.0762
1750433400000,2025-06-20,15:30:00,3368.415,3368.725,3366.315,3366.625,0.0615
1750433700000,2025-06-20,15:35:00,3366.625,3368.575,3366.405,3367.675,0.0696
1750434000000,2025-06-20,15:40:00,3367.645,3367.798,3366.185,3366.348,0.0803
1750434300000,2025-06-20,15:45:00,3366.348,3368.098,3366.225,3366.605,0.0859
1750434600000,2025-06-20,15:50:00,3366.605,3368.648,3366.575,3368.398,0.0628
1750434900000,2025-06-20,15:55:00,3368.425,3371.548,3368.198,3369.598,0.1106
1750435200000,2025-06-20,16:00:00,3369.525,3370.148,3368.398,3369.248,0.1047
1750435500000,2025-06-20,16:05:00,3369.248,3370.148,3367.548,3368.325,0.0978
1750435800000,2025-06-20,16:10:00,3368.475,3369.698,3368.135,3369.305,0.093
1750436100000,2025-06-20,16:15:00,3369.298,3369.948,3368.735,3369.198,0.0901
1750436400000,2025-06-20,16:20:00,3369.098,3369.898,3368.765,3369.698,0.0455
1750436700000,2025-06-20,16:25:00,3369.698,3370.648,3369.248,3369.315,0.0724
1750437000000,2025-06-20,16:30:00,3369.298,3370.755,3368.805,3370.625,0.0566
1750437300000,2025-06-20,16:35:00,3370.645,3371.425,3370.605,3371.225,0.0616
1750437600000,2025-06-20,16:40:00,3371.215,3373.148,3371.115,3372.948,0.0785
1750437900000,2025-06-20,16:45:00,3372.855,3373.098,3371.148,3371.148,0.0709
1750438200000,2025-06-20,16:50:00,3371.148,3371.798,3370.825,3370.998,0.0564
1750438500000,2025-06-20,16:55:00,3370.998,3371.548,3369.868,3371.248,0.0793
1750438800000,2025-06-20,17:00:00,3371.248,3371.548,3369.848,3370.498,0.0833
1750439100000,2025-06-20,17:05:00,3370.405,3370.948,3370.045,3370.355,0.0616
1750439400000,2025-06-20,17:10:00,3370.348,3370.898,3370.248,3370.715,0.0517
1750439700000,2025-06-20,17:15:00,3370.665,3371.398,3369.348,3371.398,0.0652
1750440000000,2025-06-20,17:20:00,3371.298,3371.415,3370.358,3370.948,0.0798
1750440300000,2025-06-20,17:25:00,3370.925,3371.295,3369.325,3369.648,0.1012
1750440600000,2025-06-20,17:30:00,3369.648,3369.798,3368.038,3368.048,0.076
1750440900000,2025-06-20,17:35:00,3368.088,3369.248,3367.748,3368.695,0.0672
1750441200000,2025-06-20,17:40:00,3368.885,3369.498,3367.975,3369.398,0.0542
1750441500000,2025-06-20,17:45:00,3369.398,3369.948,3368.898,3369.848,0.0548
1750441800000,2025-06-20,17:50:00,3369.848,3370.048,3367.098,3367.298,0.0707
1750442100000,2025-06-20,17:55:00,3367.298,3367.648,3366.348,3367.148,0.0686
1750442400000,2025-06-20,18:00:00,3367.165,3367.648,3366.575,3367.298,0.0522
1750442700000,2025-06-20,18:05:00,3367.325,3367.775,3366.848,3366.848,0.0353
1750443000000,2025-06-20,18:10:00,3366.865,3366.898,3365.695,3366.445,0.0646
1750443300000,2025-06-20,18:15:00,3366.495,3366.715,3364.455,3365.505,0.0544
1750443600000,2025-06-20,18:20:00,3365.548,3366.325,3365.255,3365.385,0.0547
1750443900000,2025-06-20,18:25:00,3365.345,3366.135,3364.548,3365.715,0.0513
1750444200000,2025-06-20,18:30:00,3365.685,3366.098,3365.098,3366.025,0.0346
1750444500000,2025-06-20,18:35:00,3366.098,3366.285,3365.105,3365.505,0.0336
1750444800000,2025-06-20,18:40:00,3365.498,3365.598,3364.455,3365.598,0.0288
1750445100000,2025-06-20,18:45:00,3365.605,3365.948,3365.248,3365.448,0.0371
1750445400000,2025-06-20,18:50:00,3365.485,3366.798,3364.855,3366.655,0.032
1750445700000,2025-06-20,18:55:00,3366.705,3367.148,3366.245,3366.448,0.0477
1750446000000,2025-06-20,19:00:00,3366.475,3367.748,3366.265,3367.648,0.0588
1750446300000,2025-06-20,19:05:00,3367.548,3370.585,3367.348,3369.925,0.0734
1750446600000,2025-06-20,19:10:00,3369.925,3370.225,3369.145,3370.055,0.0508
1750446900000,2025-06-20,19:15:00,3370.085,3370.465,3368.915,3369.425,0.0694
1750447200000,2025-06-20,19:20:00,3369.365,3370.095,3368.795,3369.885,0.0645
1750447500000,2025-06-20,19:25:00,3369.905,3370.065,3368.805,3369.145,0.0561
1750447800000,2025-06-20,19:30:00,3369.145,3369.348,3367.725,3368.065,0.0541
1750448100000,2025-06-20,19:35:00,3368.045,3368.045,3366.275,3366.725,0.0604
1750448400000,2025-06-20,19:40:00,3366.695,3366.815,3365.465,3365.545,0.0538
1750448700000,2025-06-20,19:45:00,3365.545,3365.865,3364.608,3364.788,0.0865
1750449000000,2025-06-20,19:50:00,3364.785,3365.245,3364.695,3365.105,0.0771
1750449300000,2025-06-20,19:55:00,3365.105,3365.615,3364.825,3365.345,0.152
1750449600000,2025-06-20,20:00:00,3365.345,3365.575,3364.698,3365.375,0.0707
1750449900000,2025-06-20,20:05:00,3365.375,3365.585,3364.765,3365.525,0.0588
1750450200000,2025-06-20,20:10:00,3365.488,3366.165,3364.488,3365.435,0.0693
1750450500000,2025-06-20,20:15:00,3365.435,3366.865,3365.235,3366.865,0.0415
1750450800000,2025-06-20,20:20:00,3366.835,3368.665,3366.515,3367.575,0.0627
1750451100000,2025-06-20,20:25:00,3367.605,3368.948,3367.085,3368.135,0.0552
1750451400000,2025-06-20,20:30:00,3368.125,3369.148,3367.695,3368.785,0.0398
1750451700000,2025-06-20,20:35:00,3368.765,3368.765,3368.275,3368.598,0.03
1750452000000,2025-06-20,20:40:00,3368.575,3368.605,3367.565,3367.998,0.0379
1750452300000,2025-06-20,20:45:00,3368.015,3369.098,3368.015,3368.985,0.0518
1750452600000,2025-06-20,20:50:00,3368.975,3369.148,3367.975,3368.745,0.0598
1750452900000,2025-06-20,20:55:00,3368.735,3368.925,3367.955,3368.005,0.0742
1750629600000,2025-06-22,22:00:00,3390.698,3396.648,3379.475,3383.815,0.2588
1750629900000,2025-06-22,22:05:00,3383.425,3388.065,3380.098,3380.448,0.5483
1750630200000,2025-06-22,22:10:00,3380.365,3381.085,3375.048,3379.598,0.2118
1750630500000,2025-06-22,22:15:00,3379.698,3381.535,3378.148,3381.485,0.0962
1750630800000,2025-06-22,22:20:00,3381.465,3385.748,3381.155,3382.098,0.1368
1750631100000,2025-06-22,22:25:00,3382.098,3382.598,3375.448,3375.448,0.1451
1750631400000,2025-06-22,22:30:00,3375.448,3377.928,3372.008,3376.148,0.1514
1750631700000,2025-06-22,22:35:00,3375.945,3376.648,3374.098,3376.348,0.1191
1750632000000,2025-06-22,22:40:00,3376.348,3379.998,3376.115,3379.498,0.0987
1750632300000,2025-06-22,22:45:00,3379.498,3380.948,3378.148,3379.975,0.0559
1750632600000,2025-06-22,22:50:00,3379.948,3383.855,3378.395,3383.848,0.0687
1750632900000,2025-06-22,22:55:00,3383.855,3384.448,3377.948,3378.748,0.0894
1750633200000,2025-06-22,23:00:00,3378.555,3380.248,3373.225,3374.148,0.1024
1750633500000,2025-06-22,23:05:00,3374.048,3375.648,3372.045,3375.148,0.0977
1750633800000,2025-06-22,23:10:00,3375.148,3377.098,3374.148,3375.698,0.0825
1750634100000,2025-06-22,23:15:00,3375.738,3376.898,3374.495,3375.198,0.0707
1750634400000,2025-06-22,23:20:00,3374.798,3375.598,3372.845,3374.498,0.0661
1750634700000,2025-06-22,23:25:00,3374.498,3376.098,3374.465,3374.855,0.0437
1750635000000,2025-06-22,23:30:00,3374.835,3376.898,3374.555,3375.615,0.0638
1750635300000,2025-06-22,23:35:00,3375.725,3377.705,3375.645,3377.595,0.0465
1750635600000,2025-06-22,23:40:00,3377.565,3378.265,3376.398,3376.665,0.0544
1750635900000,2025-06-22,23:45:00,3376.665,3376.665,3370.898,3372.148,0.1013
1750636200000,2025-06-22,23:50:00,3372.148,3374.798,3371.648,3374.698,0.0966
1750636500000,2025-06-22,23:55:00,3374.698,3374.698,3372.325,3372.498,0.0945
1750636800000,2025-06-23,00:00:00,3372.455,3373.348,3369.215,3370.048,0.1909
1750637100000,2025-06-23,00:05:00,3370.048,3372.348,3367.705,3367.898,0.1613
1750637400000,2025-06-23,00:10:00,3367.898,3370.055,3366.548,3367.998,0.1255
1750637700000,2025-06-23,00:15:00,3368.055,3368.948,3365.805,3365.848,0.1077
1750638000000,2025-06-23,00:20:00,3365.848,3366.598,3364.098,3364.798,0.1487
1750638300000,2025-06-23,00:25:00,3364.898,3365.148,3362.065,3362.548,0.1381
1750638600000,2025-06-23,00:30:00,3362.545,3364.498,3361.565,3364.498,0.0808
1750638900000,2025-06-23,00:35:00,3364.598,3365.535,3360.455,3361.085,0.2889
1750639200000,2025-06-23,00:40:00,3361.165,3365.975,3358.115,3364.748,0.1826
1750639500000,2025-06-23,00:45:00,3364.495,3366.655,3363.095,3363.855,0.0845
1750639800000,2025-06-23,00:50:00,3363.965,3366.145,3362.935,3364.565,0.0764
1750640100000,2025-06-23,00:55:00,3364.565,3365.585,3363.695,3365.405,0.0711
1750640400000,2025-06-23,01:00:00,3365.435,3367.598,3361.698,3366.498,0.2373
1750640700000,2025-06-23,01:05:00,3366.498,3367.848,3363.585,3363.905,0.1557
1750641000000,2025-06-23,01:10:00,3363.905,3366.005,3363.025,3365.485,0.1066
1750641300000,2025-06-23,01:15:00,3365.485,3365.835,3361.028,3361.548,0.1355
1750641600000,2025-06-23,01:20:00,3361.548,3361.648,3354.155,3355.925,0.1918
1750641900000,2025-06-23,01:25:00,3355.895,3356.075,3351.765,3353.325,0.1643
1750642200000,2025-06-23,01:30:00,3353.345,3355.898,3352.548,3354.498,0.1282
1750642500000,2025-06-23,01:35:00,3354.498,3356.905,3353.398,3356.655,0.1218
1750642800000,2025-06-23,01:40:00,3356.655,3358.898,3356.565,3357.815,0.1142
1750643100000,2025-06-23,01:45:00,3357.845,3357.915,3355.148,3356.515,0.1061
1750643400000,2025-06-23,01:50:00,3356.445,3356.815,3354.955,3356.095,0.0778
1750643700000,2025-06-23,01:55:00,3356.005,3356.415,3354.235,3355.065,0.1481
1750644000000,2025-06-23,02:00:00,3355.065,3358.495,3354.645,3357.895,0.2798
1750644300000,2025-06-23,02:05:00,3357.905,3360.505,3357.905,3359.948,0.1379
1750644600000,2025-06-23,02:10:00,3359.985,3363.535,3359.818,3362.798,0.1454
1750644900000,2025-06-23,02:15:00,3362.705,3364.105,3362.455,3363.655,0.1333
1750645200000,2025-06-23,02:20:00,3363.635,3364.345,3362.105,3362.525,0.0827
1750645500000,2025-06-23,02:25:00,3362.448,3364.745,3362.155,3363.105,0.0544
1750645800000,2025-06-23,02:30:00,3363.145,3363.505,3361.965,3362.745,0.081
1750646100000,2025-06-23,02:35:00,3362.725,3364.245,3362.035,3362.698,0.074
1750646400000,2025-06-23,02:40:00,3362.745,3363.315,3361.075,3362.625,0.0897
1750646700000,2025-06-23,02:45:00,3362.518,3362.795,3361.435,3361.848,0.0779
1750647000000,2025-06-23,02:50:00,3361.818,3362.655,3361.015,3361.875,0.1084
1750647300000,2025-06-23,02:55:00,3361.935,3362.248,3360.415,3361.335,0.1195
1750647600000,2025-06-23,03:00:00,3361.315,3361.998,3360.175,3361.985,0.0878
1750647900000,2025-06-23,03:05:00,3361.885,3365.935,3361.785,3365.125,0.1928
1750648200000,2025-06-23,03:10:00,3365.098,3366.185,3363.218,3363.298,0.1568
1750648500000,2025-06-23,03:15:00,3363.295,3365.015,3362.938,3364.618,0.139
1750648800000,2025-06-23,03:20:00,3364.618,3365.875,3363.695,3363.748,0.1027
1750649100000,2025-06-23,03:25:00,3363.705,3363.748,3361.198,3361.555,0.151
1750649400000,2025-06-23,03:30:00,3361.525,3363.398,3360.898,3362.985,0.1686
1750649700000,2025-06-23,03:35:00,3363.015,3364.635,3363.015,3363.255,0.0678
1750650000000,2025-06-23,03:40:00,3363.275,3363.395,3362.085,3362.225,0.0616
1750650300000,2025-06-23,03:45:00,3362.215,3363.855,3362.198,3363.735,0.0548
1750650600000,2025-06-23,03:50:00,3363.655,3364.275,3363.539,3364.065,0.0439
1750650900000,2025-06-23,03:55:00,3364.025,3364.195,3362.548,3363.155,0.0697
1750651200000,2025-06-23,04:00:00,3363.105,3364.695,3363.105,3363.368,0.0413
1750651500000,2025-06-23,04:05:00,3363.368,3364.865,3361.155,3362.215,0.1199
1750651800000,2025-06-23,04:10:00,3362.209,3362.465,3361.658,3361.658,0.1058
1750652100000,2025-06-23,04:15:00,3361.658,3362.035,3361.275,3361.925,0.0345
1750652400000,2025-06-23,04:20:00,3361.975,3362.005,3358.318,3358.985,0.0685
1750652700000,2025-06-23,04:25:00,3359.025,3360.945,3358.975,3359.695,0.0697
1750653000000,2025-06-23,04:30:00,3359.715,3360.935,3359.535,3360.155,0.0392
1750653300000,2025-06-23,04:35:00,3360.155,3360.245,3358.835,3359.255,0.0377
1750653600000,2025-06-23,04:40:00,3359.305,3359.305,3356.625,3357.575,0.0653
1750653900000,2025-06-23,04:45:00,3357.575,3358.135,3357.248,3357.865,0.0417
1750654200000,2025-06-23,04:50:00,3357.845,3358.515,3357.598,3358.515,0.034
1750654500000,2025-06-23,04:55:00,3358.515,3358.955,3358.075,3358.285,0.0264
1750654800000,2025-06-23,05:00:00,3358.285,3360.395,3358.285,3359.148,0.0628
1750655100000,2025-06-23,05:05:00,3359.145,3360.265,3357.848,3359.465,0.0678
1750655400000,2025-06-23,05:10:00,3359.505,3359.535,3357.635,3358.465,0.1316
1750655700000,2025-06-23,05:15:00,3358.475,3359.255,3356.795,3357.925,0.1141
1750656000000,2025-06-23,05:20:00,3357.895,3357.915,3354.305,3354.805,0.1096
1750656300000,2025-06-23,05:25:00,3354.835,3355.935,3354.225,3354.815,0.0732
1750656600000,2025-06-23,05:30:00,3354.795,3355.798,3350.825,3351.615,0.2025
1750656900000,2025-06-23,05:35:00,3351.615,3351.645,3346.675,3349.605,0.1963
1750657200000,2025-06-23,05:40:00,3349.635,3353.415,3349.598,3353.065,0.1347
1750657500000,2025-06-23,05:45:00,3353.095,3356.198,3353.095,3356.198,0.1176
1750657800000,2025-06-23,05:50:00,3356.215,3357.248,3354.675,3356.505,0.1251
1750658100000,2025-06-23,05:55:00,3356.605,3356.735,3355.048,3356.615,0.1232
1750658400000,2025-06-23,06:00:00,3356.655,3359.685,3356.605,3359.415,0.0927
1750658700000,2025-06-23,06:05:00,3359.275,3359.478,3355.255,3355.448,0.094
1750659000000,2025-06-23,06:10:00,3355.448,3356.475,3354.415,3356.345,0.0975
1750659300000,2025-06-23,06:15:00,3356.305,3357.745,3354.555,3354.605,0.0868
1750659600000,2025-06-23,06:20:00,3354.625,3355.448,3353.998,3354.635,0.0847
1750659900000,2025-06-23,06:25:00,3354.635,3356.485,3353.675,3354.835,0.0959
1750660200000,2025-06-23,06:30:00,3354.825,3356.895,3354.155,3355.948,0.0805
1750660500000,2025-06-23,06:35:00,3355.948,3356.025,3352.695,3354.215,0.1311
1750660800000,2025-06-23,06:40:00,3354.215,3354.275,3352.378,3353.035,0.113
1750661100000,2025-06-23,06:45:00,3353.035,3355.195,3352.798,3355.095,0.0711
1750661400000,2025-06-23,06:50:00,3355.155,3356.025,3353.145,3355.705,0.0701
1750661700000,2025-06-23,06:55:00,3355.755,3358.455,3355.125,3357.398,0.0965
1750662000000,2025-06-23,07:00:00,3357.355,3357.648,3353.955,3354.275,0.1359
1750662300000,2025-06-23,07:05:00,3354.305,3355.448,3353.085,3355.098,0.087
1750662600000,2025-06-23,07:10:00,3355.075,3355.448,3351.465,3352.395,0.095
1750662900000,2025-06-23,07:15:00,3352.298,3353.795,3352.065,3353.198,0.0922
1750663200000,2025-06-23,07:20:00,3353.105,3355.018,3352.895,3354.348,0.1056
1750663500000,2025-06-23,07:25:00,3354.348,3356.395,3353.298,3356.198,0.0607
1750663800000,2025-06-23,07:30:00,3356.255,3358.475,3355.235,3355.398,0.1119
1750664100000,2025-06-23,07:35:00,3355.315,3357.048,3354.215,3354.398,0.106
1750664400000,2025-06-23,07:40:00,3354.398,3356.398,3353.785,3355.698,0.08
1750664700000,2025-06-23,07:45:00,3355.698,3356.948,3354.815,3356.085,0.0572
1750665000000,2025-06-23,07:50:00,3356.105,3357.948,3356.075,3356.955,0.065
1750665300000,2025-06-23,07:55:00,3357.125,3358.595,3356.405,3357.375,0.0668
1750665600000,2025-06-23,08:00:00,3357.405,3361.695,3357.405,3361.215,0.1123
1750665900000,2025-06-23,08:05:00,3361.245,3362.095,3360.085,3361.098,0.0928
1750666200000,2025-06-23,08:10:00,3360.975,3361.035,3358.645,3359.585,0.0892
1750666500000,2025-06-23,08:15:00,3359.525,3360.415,3359.255,3360.025,0.0657
1750666800000,2025-06-23,08:20:00,3360.025,3361.885,3359.215,3361.765,0.0412
1750667100000,2025-06-23,08:25:00,3361.748,3361.748,3360.355,3361.075,0.0631
1750667400000,2025-06-23,08:30:00,3361.095,3361.285,3359.448,3359.848,0.0451
1750667700000,2025-06-23,08:35:00,3359.855,3362.125,3359.755,3361.248,0.0584
1750668000000,2025-06-23,08:40:00,3361.195,3361.475,3359.075,3360.085,0.0988
1750668300000,2025-06-23,08:45:00,3360.098,3361.845,3359.635,3360.628,0.0943
1750668600000,2025-06-23,08:50:00,3360.628,3360.628,3359.165,3360.305,0.0575
1750668900000,2025-06-23,08:55:00,3360.365,3361.665,3358.745,3361.665,0.0751
1750669200000,2025-06-23,09:00:00,3361.565,3364.495,3361.435,3362.918,0.0965
1750669500000,2025-06-23,09:05:00,3362.918,3364.648,3362.455,3364.465,0.108
1750669800000,2025-06-23,09:10:00,3364.448,3367.885,3363.765,3367.885,0.1262
1750670100000,2025-06-23,09:15:00,3367.885,3368.505,3364.829,3365.138,0.1172
1750670400000,2025-06-23,09:20:00,3365.138,3366.895,3365.045,3366.375,0.0796
1750670700000,2025-06-23,09:25:00,3366.345,3368.865,3364.675,3364.855,0.094
1750671000000,2025-06-23,09:30:00,3364.865,3365.635,3362.745,3363.325,0.1158
1750671300000,2025-06-23,09:35:00,3363.385,3364.065,3361.595,3362.275,0.0699
1750671600000,2025-06-23,09:40:00,3362.325,3364.645,3362.265,3364.375,0.0699
1750671900000,2025-06-23,09:45:00,3364.335,3366.835,3364.325,3366.055,0.0565
1750672200000,2025-06-23,09:50:00,3366.025,3367.345,3365.655,3366.145,0.0666
1750672500000,2025-06-23,09:55:00,3366.145,3366.525,3364.975,3366.348,0.0681
1750672800000,2025-06-23,10:00:00,3366.295,3368.048,3364.915,3366.088,0.1065
1750673100000,2025-06-23,10:05:00,3366.055,3366.398,3363.755,3364.465,0.0711
1750673400000,2025-06-23,10:10:00,3364.495,3365.615,3364.045,3365.365,0.057
1750673700000,2025-06-23,10:15:00,3365.405,3367.419,3365.265,3367.048,0.0608
1750674000000,2025-06-23,10:20:00,3367.048,3367.248,3365.845,3366.348,0.0905
1750674300000,2025-06-23,10:25:00,3366.348,3366.805,3365.475,3366.805,0.055
1750674600000,2025-06-23,10:30:00,3366.855,3367.525,3366.298,3367.295,0.0531
1750674900000,2025-06-23,10:35:00,3367.295,3367.565,3366.255,3366.848,0.0532
1750675200000,2025-06-23,10:40:00,3366.825,3367.895,3365.795,3365.895,0.0516
1750675500000,2025-06-23,10:45:00,3365.848,3366.255,3364.548,3366.155,0.0589
1750675800000,2025-06-23,10:50:00,3366.155,3367.225,3365.575,3366.395,0.0813
1750676100000,2025-06-23,10:55:00,3366.395,3367.775,3366.295,3367.575,0.0783
1750676400000,2025-06-23,11:00:00,3367.615,3370.908,3367.615,3370.808,0.1543
1750676700000,2025-06-23,11:05:00,3370.848,3372.455,3370.799,3371.795,0.1504
1750677000000,2025-06-23,11:10:00,3371.815,3374.635,3371.785,3374.395,0.1087
1750677300000,2025-06-23,11:15:00,3374.395,3377.048,3374.355,3376.365,0.1069
1750677600000,2025-06-23,11:20:00,3376.395,3381.848,3374.948,3375.765,0.2328
1750677900000,2025-06-23,11:25:00,3375.778,3378.591,3375.535,3377.805,0.1683
1750678200000,2025-06-23,11:30:00,3377.885,3379.815,3375.648,3375.948,0.118
1750678500000,2025-06-23,11:35:00,3375.905,3377.495,3375.765,3377.485,0.0768
1750678800000,2025-06-23,11:40:00,3377.455,3378.975,3376.748,3378.855,0.0778
1750679100000,2025-06-23,11:45:00,3378.875,3379.245,3376.908,3376.965,0.1146
1750679400000,2025-06-23,11:50:00,3376.915,3378.965,3376.355,3377.055,0.0937
1750679700000,2025-06-23,11:55:00,3377.105,3381.135,3376.695,3380.555,0.114
1750680000000,2025-06-23,12:00:00,3380.585,3380.875,3376.448,3376.665,0.1282
1750680300000,2025-06-23,12:05:00,3376.685,3376.945,3371.298,3371.298,0.1193
1750680600000,2025-06-23,12:10:00,3371.298,3371.298,3368.448,3368.898,0.1452
1750680900000,2025-06-23,12:15:00,3368.859,3368.898,3362.085,3362.348,0.1804
1750681200000,2025-06-23,12:20:00,3362.099,3364.298,3359.708,3361.898,0.2164
1750681500000,2025-06-23,12:25:00,3361.898,3363.098,3361.069,3362.155,0.1415
1750681800000,2025-06-23,12:30:00,3362.348,3362.875,3358.048,3358.715,0.1619
1750682100000,2025-06-23,12:35:00,3358.695,3359.375,3355.695,3358.155,0.123
1750682400000,2025-06-23,12:40:00,3358.175,3359.835,3358.015,3359.735,0.1273
1750682700000,2025-06-23,12:45:00,3359.748,3361.265,3358.948,3361.255,0.125
1750683000000,2025-06-23,12:50:00,3361.225,3363.698,3361.115,3361.705,0.1354
1750683300000,2025-06-23,12:55:00,3361.655,3361.905,3359.598,3360.205,0.0836
1750683600000,2025-06-23,13:00:00,3360.148,3363.805,3359.665,3362.348,0.1307
1750683900000,2025-06-23,13:05:00,3362.365,3364.315,3362.048,3364.025,0.1354
1750684200000,2025-06-23,13:10:00,3364.055,3368.105,3363.448,3367.165,0.1727
1750684500000,2025-06-23,13:15:00,3367.235,3369.005,3366.445,3367.715,0.121
1750684800000,2025-06-23,13:20:00,3367.715,3368.495,3366.275,3367.448,0.0996
1750685100000,2025-06-23,13:25:00,3367.495,3368.405,3366.089,3368.405,0.1102
1750685400000,2025-06-23,13:30:00,3368.385,3374.395,3368.145,3373.825,0.2106
1750685700000,2025-06-23,13:35:00,3373.825,3377.175,3373.625,3376.465,0.2583
1750686000000,2025-06-23,13:40:00,3376.435,3384.448,3376.115,3381.518,0.2861
1750686300000,2025-06-23,13:45:00,3381.468,3384.248,3378.105,3380.605,0.3353
1750686600000,2025-06-23,13:50:00,3380.545,3387.548,3380.545,3384.965,0.3175
1750686900000,2025-06-23,13:55:00,3384.948,3386.148,3380.095,3380.135,0.1986
1750687200000,2025-06-23,14:00:00,3380.145,3384.355,3375.815,3375.998,0.3848
1750687500000,2025-06-23,14:05:00,3375.995,3376.095,3369.395,3372.695,0.3809
1750687800000,2025-06-23,14:10:00,3372.648,3375.798,3371.265,3374.715,0.308
1750688100000,2025-06-23,14:15:00,3374.675,3378.898,3374.675,3377.748,0.2746
1750688400000,2025-06-23,14:20:00,3377.645,3381.598,3377.548,3380.398,0.2477
1750688700000,2025-06-23,14:25:00,3380.375,3382.335,3376.928,3378.725,0.2408
1750689000000,2025-06-23,14:30:00,3378.695,3381.565,3377.435,3381.375,0.1654
1750689300000,2025-06-23,14:35:00,3381.298,3381.985,3378.405,3381.435,0.1422
1750689600000,2025-06-23,14:40:00,3381.465,3383.855,3380.925,3383.625,0.1785
1750689900000,2025-06-23,14:45:00,3383.655,3384.245,3382.845,3383.715,0.1518
1750690200000,2025-06-23,14:50:00,3383.855,3385.798,3383.215,3384.398,0.16
1750690500000,2025-06-23,14:55:00,3384.495,3386.585,3384.348,3386.255,0.2085
1750690800000,2025-06-23,15:00:00,3386.265,3388.198,3385.615,3385.655,0.2137
1750691100000,2025-06-23,15:05:00,3385.655,3386.505,3384.345,3385.475,0.1488
1750691400000,2025-06-23,15:10:00,3385.348,3387.498,3384.548,3387.198,0.1025
1750691700000,2025-06-23,15:15:00,3387.198,3388.768,3386.655,3387.365,0.1311
1750692000000,2025-06-23,15:20:00,3387.395,3388.475,3386.845,3387.555,0.1001
1750692300000,2025-06-23,15:25:00,3387.595,3388.215,3386.335,3388.025,0.0943
1750692600000,2025-06-23,15:30:00,3387.985,3389.225,3386.045,3387.855,0.1056
1750692900000,2025-06-23,15:35:00,3387.875,3389.398,3386.778,3387.648,0.1419
1750693200000,2025-06-23,15:40:00,3387.575,3388.198,3385.848,3386.265,0.1099
1750693500000,2025-06-23,15:45:00,3386.248,3387.955,3385.925,3387.548,0.1001
1750693800000,2025-06-23,15:50:00,3387.565,3389.595,3387.505,3389.148,0.1103
1750694100000,2025-06-23,15:55:00,3389.135,3389.615,3386.698,3386.985,0.1273
1750694400000,2025-06-23,16:00:00,3386.965,3388.355,3386.848,3387.548,0.0822
1750694700000,2025-06-23,16:05:00,3387.475,3388.848,3387.048,3388.648,0.0938
1750695000000,2025-06-23,16:10:00,3388.648,3389.148,3386.848,3387.515,0.0827
1750695300000,2025-06-23,16:15:00,3387.555,3390.735,3387.085,3389.848,0.1124
1750695600000,2025-06-23,16:20:00,3389.815,3391.835,3389.648,3391.575,0.1058
1750695900000,2025-06-23,16:25:00,3391.548,3393.348,3390.798,3391.098,0.1484
1750696200000,2025-06-23,16:30:00,3391.025,3392.325,3391.025,3391.248,0.116
1750696500000,2025-06-23,16:35:00,3391.248,3392.155,3386.355,3388.598,0.2783
1750696800000,2025-06-23,16:40:00,3388.598,3388.998,3380.115,3386.185,0.297
1750697100000,2025-06-23,16:45:00,3386.215,3386.298,3383.145,3385.048,0.178
1750697400000,2025-06-23,16:50:00,3385.065,3387.848,3384.485,3386.848,0.1418
1750697700000,2025-06-23,16:55:00,3386.815,3390.215,3386.805,3389.695,0.1329
1750698000000,2025-06-23,17:00:00,3389.605,3391.315,3384.635,3387.075,0.1575
1750698300000,2025-06-23,17:05:00,3386.995,3389.805,3384.515,3388.505,0.1102
1750698600000,2025-06-23,17:10:00,3388.535,3388.635,3385.615,3387.165,0.1012
1750698900000,2025-06-23,17:15:00,3387.265,3387.505,3381.035,3381.285,0.1269
1750699200000,2025-06-23,17:20:00,3381.365,3381.735,3378.145,3378.975,0.1616
1750699500000,2025-06-23,17:25:00,3379.035,3379.845,3375.265,3378.985,0.1822
1750699800000,2025-06-23,17:30:00,3378.925,3383.155,3378.165,3382.505,0.1389
1750700100000,2025-06-23,17:35:00,3382.525,3384.245,3381.585,3382.385,0.0997
1750700400000,2025-06-23,17:40:00,3382.345,3382.935,3381.465,3381.565,0.1311
1750700700000,2025-06-23,17:45:00,3381.595,3382.085,3379.948,3381.775,0.0986
1750701000000,2025-06-23,17:50:00,3381.935,3382.905,3380.945,3382.005,0.0644
1750701300000,2025-06-23,17:55:00,3381.985,3383.225,3381.735,3382.235,0.0585
1750701600000,2025-06-23,18:00:00,3382.275,3382.915,3378.865,3379.465,0.091
1750701900000,2025-06-23,18:05:00,3379.405,3380.995,3378.795,3380.535,0.0687
1750702200000,2025-06-23,18:10:00,3380.495,3385.755,3380.125,3385.725,0.0802
1750702500000,2025-06-23,18:15:00,3385.585,3387.255,3384.295,3385.025,0.0925
1750702800000,2025-06-23,18:20:00,3384.995,3386.065,3384.445,3384.865,0.0811
1750703100000,2025-06-23,18:25:00,3384.905,3385.215,3383.125,3384.515,0.0744
1750703400000,2025-06-23,18:30:00,3384.525,3384.755,3376.825,3377.195,0.1112
1750703700000,2025-06-23,18:35:00,3377.205,3380.245,3376.555,3379.145,0.0611
1750704000000,2025-06-23,18:40:00,3379.098,3379.448,3378.355,3378.755,0.0471
1750704300000,2025-06-23,18:45:00,3378.748,3380.275,3378.285,3379.448,0.0668
1750704600000,2025-06-23,18:50:00,3379.475,3381.398,3379.475,3380.175,0.0588
1750704900000,2025-06-23,18:55:00,3380.215,3380.535,3378.215,3378.375,0.0593
1750705200000,2025-06-23,19:00:00,3378.465,3379.925,3377.845,3378.998,0.0878
1750705500000,2025-06-23,19:05:00,3379.015,3380.845,3378.915,3378.935,0.0665
1750705800000,2025-06-23,19:10:00,3378.898,3380.355,3378.715,3380.175,0.0524
1750706100000,2025-06-23,19:15:00,3380.105,3380.835,3379.595,3380.785,0.0504
1750706400000,2025-06-23,19:20:00,3380.845,3381.405,3379.985,3380.248,0.0536
1750706700000,2025-06-23,19:25:00,3379.948,3380.765,3379.405,3380.475,0.0482
1750707000000,2025-06-23,19:30:00,3380.475,3380.698,3379.148,3380.548,0.0524
1750707300000,2025-06-23,19:35:00,3380.495,3381.898,3380.325,3381.348,0.0687
1750707600000,2025-06-23,19:40:00,3381.248,3381.475,3378.605,3379.055,0.0779
1750707900000,2025-06-23,19:45:00,3379.095,3379.475,3378.215,3378.515,0.058
1750708200000,2025-06-23,19:50:00,3378.445,3379.145,3375.748,3377.055,0.1014
1750708500000,2025-06-23,19:55:00,3377.025,3377.548,3375.425,3376.248,0.11
1750708800000,2025-06-23,20:00:00,3376.248,3377.105,3374.715,3376.345,0.0608
1750709100000,2025-06-23,20:05:00,3376.298,3376.335,3374.365,3375.755,0.0361
1750709400000,2025-06-23,20:10:00,3375.605,3375.965,3373.735,3373.735,0.0305
1750709700000,2025-06-23,20:15:00,3373.698,3374.998,3372.655,3374.298,0.0398
1750710000000,2025-06-23,20:20:00,3374.188,3374.198,3372.335,3372.635,0.0391
1750710300000,2025-06-23,20:25:00,3372.605,3373.115,3371.765,3372.448,0.0424
1750710600000,2025-06-23,20:30:00,3372.448,3372.448,3369.835,3371.998,0.0382
1750710900000,2025-06-23,20:35:00,3372.098,3372.098,3369.368,3369.848,0.0612
1750711200000,2025-06-23,20:40:00,3370.075,3370.648,3366.788,3370.605,0.077
1750711500000,2025-06-23,20:45:00,3370.585,3371.148,3368.348,3368.848,0.043
1750711800000,2025-06-23,20:50:00,3368.948,3370.248,3367.148,3368.548,0.0591
1750712100000,2025-06-23,20:55:00,3368.535,3369.098,3367.825,3367.955,0.06
1750716000000,2025-06-23,22:00:00,3367.298,3369.545,3356.825,3358.148,0.2144
1750716300000,2025-06-23,22:05:00,3358.155,3363.425,3358.145,3362.175,0.0897
1750716600000,2025-06-23,22:10:00,3362.225,3363.398,3356.105,3357.365,0.0749
1750716900000,2025-06-23,22:15:00,3357.385,3360.815,3352.305,3352.498,0.1382
1750717200000,2025-06-23,22:20:00,3352.625,3356.998,3350.075,3351.245,0.1175
1750717500000,2025-06-23,22:25:00,3351.205,3357.715,3350.878,3356.285,0.1041
1750717800000,2025-06-23,22:30:00,3356.265,3360.948,3356.155,3356.755,0.1098
1750718100000,2025-06-23,22:35:00,3356.848,3358.755,3355.348,3356.565,0.0572
1750718400000,2025-06-23,22:40:00,3356.548,3357.865,3355.298,3357.548,0.0588
1750718700000,2025-06-23,22:45:00,3357.475,3359.548,3354.755,3358.505,0.0456
1750719000000,2025-06-23,22:50:00,3358.475,3358.998,3356.698,3357.448,0.0542
1750719300000,2025-06-23,22:55:00,3357.448,3357.848,3353.848,3355.098,0.0695
1750719600000,2025-06-23,23:00:00,3354.945,3357.248,3351.185,3354.348,0.194
1750719900000,2025-06-23,23:05:00,3354.148,3355.098,3349.945,3354.998,0.1219
1750720200000,2025-06-23,23:10:00,3355.098,3355.598,3353.775,3354.055,0.0464
1750720500000,2025-06-23,23:15:00,3354.035,3354.135,3348.735,3351.695,0.1203
1750720800000,2025-06-23,23:20:00,3351.765,3353.415,3350.415,3352.795,0.0597
1750721100000,2025-06-23,23:25:00,3352.845,3353.795,3350.295,3352.005,0.045
1750721400000,2025-06-23,23:30:00,3352.045,3353.005,3344.898,3344.935,0.1263
1750721700000,2025-06-23,23:35:00,3344.985,3349.095,3342.348,3347.255,0.2261
1750722000000,2025-06-23,23:40:00,3347.215,3351.035,3345.045,3350.745,0.0717
1750722300000,2025-06-23,23:45:00,3350.765,3350.915,3347.355,3347.375,0.1037
1750722600000,2025-06-23,23:50:00,3347.448,3348.248,3344.895,3345.315,0.0791
1750722900000,2025-06-23,23:55:00,3345.315,3345.315,3341.095,3343.898,0.133
1750723200000,2025-06-24,00:00:00,3343.998,3344.948,3332.865,3335.505,0.3209
1750723500000,2025-06-24,00:05:00,3335.498,3339.745,3334.598,3339.725,0.1599
1750723800000,2025-06-24,00:10:00,3339.765,3344.905,3339.765,3344.715,0.138
1750724100000,2025-06-24,00:15:00,3344.715,3347.145,3344.305,3346.398,0.1821
1750724400000,2025-06-24,00:20:00,3346.408,3347.848,3346.085,3346.575,0.2096
1750724700000,2025-06-24,00:25:00,3346.548,3349.065,3346.088,3348.815,0.1202
1750725000000,2025-06-24,00:30:00,3348.748,3350.148,3348.345,3349.085,0.1253
1750725300000,2025-06-24,00:35:00,3349.065,3350.998,3349.035,3349.848,0.107
1750725600000,2025-06-24,00:40:00,3349.785,3351.998,3348.448,3351.685,0.1777
1750725900000,2025-06-24,00:45:00,3351.705,3354.955,3351.105,3352.005,0.1734
1750726200000,2025-06-24,00:50:00,3352.035,3354.415,3350.185,3352.495,0.1809
1750726500000,2025-06-24,00:55:00,3352.485,3353.698,3349.798,3350.885,0.223
1750726800000,2025-06-24,01:00:00,3350.925,3354.148,3346.535,3349.948,0.4136
1750727100000,2025-06-24,01:05:00,3349.648,3353.548,3347.148,3349.598,0.1702
1750727400000,2025-06-24,01:10:00,3349.545,3350.755,3346.948,3348.848,0.2331
1750727700000,2025-06-24,01:15:00,3348.848,3351.848,3348.648,3350.798,0.2035
1750728000000,2025-06-24,01:20:00,3350.798,3352.748,3350.298,3350.598,0.1368
1750728300000,2025-06-24,01:25:00,3350.598,3351.798,3349.498,3349.498,0.1093
1750728600000,2025-06-24,01:30:00,3349.339,3349.798,3347.255,3348.498,0.1389
1750728900000,2025-06-24,01:35:00,3348.498,3348.698,3342.855,3345.685,0.1808
1750729200000,2025-06-24,01:40:00,3345.815,3347.435,3342.365,3344.795,0.1597
1750729500000,2025-06-24,01:45:00,3344.825,3345.205,3341.898,3343.298,0.178
1750729800000,2025-06-24,01:50:00,3343.398,3346.998,3343.098,3346.648,0.2036
1750730100000,2025-06-24,01:55:00,3346.595,3348.145,3346.045,3347.465,0.1172
1750730400000,2025-06-24,02:00:00,3347.335,3350.448,3346.798,3350.448,0.2445
1750730700000,2025-06-24,02:05:00,3350.265,3351.848,3349.885,3351.348,0.1989
1750731000000,2025-06-24,02:10:00,3351.315,3352.645,3350.328,3350.565,0.3242
1750731300000,2025-06-24,02:15:00,3350.565,3351.098,3347.615,3348.465,0.1709
1750731600000,2025-06-24,02:20:00,3348.405,3348.435,3345.755,3346.655,0.0982
1750731900000,2025-06-24,02:25:00,3346.605,3348.148,3346.235,3346.965,0.0756
1750732200000,2025-06-24,02:30:00,3346.935,3348.715,3346.935,3348.498,0.0997
1750732500000,2025-06-24,02:35:00,3348.425,3351.285,3348.205,3351.148,0.1065
1750732800000,2025-06-24,02:40:00,3350.985,3351.195,3348.995,3349.048,0.0916
1750733100000,2025-06-24,02:45:00,3349.405,3351.575,3348.675,3350.725,0.083
1750733400000,2025-06-24,02:50:00,3350.775,3351.895,3350.715,3351.345,0.0719
1750733700000,2025-06-24,02:55:00,3351.405,3352.365,3350.455,3351.735,0.0652
1750734000000,2025-06-24,03:00:00,3351.765,3353.305,3351.415,3352.735,0.0969
1750734300000,2025-06-24,03:05:00,3352.755,3353.848,3352.525,3353.158,0.0928
1750734600000,2025-06-24,03:10:00,3353.175,3354.115,3352.805,3353.075,0.0726
1750734900000,2025-06-24,03:15:00,3353.045,3354.555,3352.348,3353.248,0.1551
1750735200000,2025-06-24,03:20:00,3353.195,3353.835,3351.398,3351.675,0.1154
1750735500000,2025-06-24,03:25:00,3351.798,3352.975,3351.645,3352.648,0.0737
1750735800000,2025-06-24,03:30:00,3352.625,3356.275,3352.448,3355.925,0.1237
1750736100000,2025-06-24,03:35:00,3355.925,3357.615,3353.748,3353.848,0.1228
1750736400000,2025-06-24,03:40:00,3353.848,3354.048,3352.198,3352.805,0.1116
1750736700000,2025-06-24,03:45:00,3352.805,3353.305,3351.555,3353.305,0.1252
1750737000000,2025-06-24,03:50:00,3353.285,3353.285,3351.798,3352.435,0.0665
1750737300000,2025-06-24,03:55:00,3352.398,3352.675,3351.455,3352.235,0.0626
1750737600000,2025-06-24,04:00:00,3352.235,3352.425,3348.655,3350.898,0.1158
1750737900000,2025-06-24,04:05:00,3350.925,3353.185,3350.305,3350.785,0.1114
1750738200000,2025-06-24,04:10:00,3350.855,3350.855,3347.415,3349.025,0.0805
1750738500000,2025-06-24,04:15:00,3349.025,3350.415,3348.235,3349.715,0.0442
1750738800000,2025-06-24,04:20:00,3349.805,3350.185,3348.345,3348.735,0.0379
1750739100000,2025-06-24,04:25:00,3348.735,3349.415,3348.325,3348.795,0.0357
1750739400000,2025-06-24,04:30:00,3348.825,3348.825,3346.895,3348.425,0.0621
1750739700000,2025-06-24,04:35:00,3348.455,3349.235,3348.085,3348.965,0.0349
1750740000000,2025-06-24,04:40:00,3349.015,3349.298,3347.845,3348.548,0.0643
1750740300000,2025-06-24,04:45:00,3348.475,3349.298,3348.275,3348.695,0.0548
1750740600000,2025-06-24,04:50:00,3348.725,3349.135,3348.205,3348.435,0.0302
1750740900000,2025-06-24,04:55:00,3348.405,3349.055,3348.048,3348.348,0.0307
1750741200000,2025-06-24,05:00:00,3348.348,3348.655,3347.465,3347.865,0.0414
1750741500000,2025-06-24,05:05:00,3348.005,3348.205,3344.498,3345.105,0.0986
1750741800000,2025-06-24,05:10:00,3345.145,3345.145,3341.135,3341.595,0.0993
1750742100000,2025-06-24,05:15:00,3341.648,3343.448,3339.598,3342.285,0.1347
1750742400000,2025-06-24,05:20:00,3342.265,3342.275,3340.098,3340.265,0.1205
1750742700000,2025-06-24,05:25:00,3340.235,3340.255,3337.548,3338.335,0.1027
1750743000000,2025-06-24,05:30:00,3338.285,3339.448,3336.548,3336.875,0.144
1750743300000,2025-06-24,05:35:00,3336.835,3338.235,3333.165,3333.198,0.1739
1750743600000,2025-06-24,05:40:00,3333.298,3335.815,3331.715,3332.748,0.1747
1750743900000,2025-06-24,05:45:00,3332.748,3334.548,3329.515,3333.395,0.1832
1750744200000,2025-06-24,05:50:00,3333.395,3333.415,3326.375,3328.298,0.1946
1750744500000,2025-06-24,05:55:00,3328.445,3332.305,3327.698,3331.845,0.2052
1750744800000,2025-06-24,06:00:00,3332.175,3332.965,3329.645,3330.845,0.1649
1750745100000,2025-06-24,06:05:00,3330.815,3331.475,3327.948,3327.948,0.1739
1750745400000,2025-06-24,06:10:00,3327.835,3328.865,3324.148,3324.445,0.2054
1750745700000,2025-06-24,06:15:00,3324.455,3328.448,3323.508,3325.498,0.1734
1750746000000,2025-06-24,06:20:00,3325.498,3326.645,3323.228,3323.715,0.2688
1750746300000,2025-06-24,06:25:00,3323.735,3324.548,3321.745,3322.415,0.179
1750746600000,2025-06-24,06:30:00,3322.515,3323.305,3318.198,3318.898,0.2362
1750746900000,2025-06-24,06:35:00,3318.998,3320.965,3315.855,3320.695,0.2535
1750747200000,2025-06-24,06:40:00,3320.685,3323.798,3317.038,3317.305,0.201
1750747500000,2025-06-24,06:45:00,3317.308,3323.425,3316.668,3322.425,0.1452
1750747800000,2025-06-24,06:50:00,3322.325,3323.375,3321.655,3322.625,0.0956
1750748100000,2025-06-24,06:55:00,3322.615,3324.098,3321.415,3322.548,0.1227
1750748400000,2025-06-24,07:00:00,3322.545,3325.948,3321.848,3323.448,0.1695
1750748700000,2025-06-24,07:05:00,3323.395,3323.455,3320.575,3321.125,0.1593
1750749000000,2025-06-24,07:10:00,3321.105,3322.155,3316.298,3321.555,0.2097
1750749300000,2025-06-24,07:15:00,3321.525,3322.148,3319.225,3320.495,0.1246
1750749600000,2025-06-24,07:20:00,3320.345,3321.698,3319.335,3320.045,0.0951
1750749900000,2025-06-24,07:25:00,3320.075,3323.665,3319.648,3321.648,0.1378
1750750200000,2025-06-24,07:30:00,3321.665,3328.215,3321.548,3326.995,0.2243
1750750500000,2025-06-24,07:35:00,3327.265,3328.795,3324.725,3326.755,0.1388
1750750800000,2025-06-24,07:40:00,3326.775,3326.935,3323.975,3324.355,0.0899
1750751100000,2025-06-24,07:45:00,3324.335,3325.898,3322.545,3322.598,0.0956
1750751400000,2025-06-24,07:50:00,3322.605,3328.298,3322.605,3327.598,0.1993
1750751700000,2025-06-24,07:55:00,3327.445,3331.455,3326.745,3329.545,0.1628
1750752000000,2025-06-24,08:00:00,3329.455,3332.045,3326.405,3328.045,0.159
1750752300000,2025-06-24,08:05:00,3328.075,3330.005,3326.085,3327.805,0.1101
1750752600000,2025-06-24,08:10:00,3327.855,3331.185,3327.675,3330.705,0.0873
1750752900000,2025-06-24,08:15:00,3330.798,3332.235,3329.675,3330.145,0.117
1750753200000,2025-06-24,08:20:00,3330.175,3330.565,3326.625,3327.435,0.1238
1750753500000,2025-06-24,08:25:00,3327.365,3328.135,3325.398,3326.925,0.0921
1750753800000,2025-06-24,08:30:00,3326.905,3327.975,3324.725,3327.215,0.0814
1750754100000,2025-06-24,08:35:00,3327.255,3327.655,3326.045,3327.555,0.0653
1750754400000,2025-06-24,08:40:00,3327.515,3328.285,3327.015,3328.095,0.067
1750754700000,2025-06-24,08:45:00,3328.055,3328.155,3325.325,3327.615,0.061
1750755000000,2025-06-24,08:50:00,3327.615,3328.065,3324.475,3325.755,0.0734
1750755300000,2025-06-24,08:55:00,3325.715,3327.215,3325.405,3327.215,0.0621
1750755600000,2025-06-24,09:00:00,3327.215,3328.635,3324.605,3324.695,0.0864
1750755900000,2025-06-24,09:05:00,3324.675,3325.175,3322.495,3323.795,0.1067
1750756200000,2025-06-24,09:10:00,3323.795,3325.425,3323.148,3324.735,0.0617
1750756500000,2025-06-24,09:15:00,3324.715,3324.748,3320.848,3323.125,0.0941
1750756800000,2025-06-24,09:20:00,3323.155,3323.565,3319.395,3320.455,0.0822
1750757100000,2025-06-24,09:25:00,3320.515,3322.625,3319.965,3320.535,0.0771
1750757400000,2025-06-24,09:30:00,3320.485,3321.095,3318.955,3320.845,0.0688
1750757700000,2025-06-24,09:35:00,3320.935,3322.345,3320.935,3321.525,0.0546
1750758000000,2025-06-24,09:40:00,3321.495,3322.105,3319.988,3322.095,0.0789
1750758300000,2025-06-24,09:45:00,3322.135,3323.125,3319.685,3321.175,0.0748
1750758600000,2025-06-24,09:50:00,3321.145,3321.145,3318.275,3318.745,0.0804
1750758900000,2025-06-24,09:55:00,3318.745,3320.015,3317.725,3318.415,0.0887
1750759200000,2025-06-24,10:00:00,3318.415,3321.735,3318.385,3320.535,0.0817
1750759500000,2025-06-24,10:05:00,3320.498,3321.725,3320.365,3321.655,0.059
1750759800000,2025-06-24,10:10:00,3321.625,3323.555,3321.055,3323.175,0.0677
1750760100000,2025-06-24,10:15:00,3323.175,3324.495,3322.735,3323.598,0.0636
1750760400000,2025-06-24,10:20:00,3323.285,3325.295,3323.125,3323.635,0.0694
1750760700000,2025-06-24,10:25:00,3323.695,3325.465,3323.575,3325.305,0.0523
1750761000000,2025-06-24,10:30:00,3325.245,3326.505,3324.775,3325.845,0.0577
1750761300000,2025-06-24,10:35:00,3325.898,3326.755,3325.855,3326.435,0.0454
1750761600000,2025-06-24,10:40:00,3326.395,3327.555,3326.055,3326.855,0.0641
1750761900000,2025-06-24,10:45:00,3326.845,3327.355,3325.948,3327.048,0.075
1750762200000,2025-06-24,10:50:00,3326.985,3327.515,3325.805,3327.015,0.0613
1750762500000,2025-06-24,10:55:00,3327.065,3327.415,3324.625,3325.415,0.0655
1750762800000,2025-06-24,11:00:00,3325.355,3325.955,3324.095,3325.275,0.0681
1750763100000,2025-06-24,11:05:00,3325.235,3326.925,3324.035,3324.035,0.0576
1750763400000,2025-06-24,11:10:00,3323.955,3326.145,3323.695,3325.855,0.088
1750763700000,2025-06-24,11:15:00,3325.855,3328.785,3325.655,3327.265,0.0819
1750764000000,2025-06-24,11:20:00,3327.135,3328.455,3326.115,3326.405,0.0736
1750764300000,2025-06-24,11:25:00,3326.385,3326.655,3322.365,3324.395,0.1021
1750764600000,2025-06-24,11:30:00,3324.375,3324.445,3322.455,3323.705,0.0913
1750764900000,2025-06-24,11:35:00,3323.675,3324.295,3321.085,3321.575,0.0902
1750765200000,2025-06-24,11:40:00,3321.665,3324.175,3321.365,3322.815,0.0828
1750765500000,2025-06-24,11:45:00,3322.798,3323.198,3319.385,3319.515,0.0878
1750765800000,2025-06-24,11:50:00,3319.495,3320.948,3317.648,3319.648,0.1406
1750766100000,2025-06-24,11:55:00,3319.575,3321.505,3319.298,3320.955,0.121
1750766400000,2025-06-24,12:00:00,3320.898,3320.898,3318.148,3318.905,0.0879
1750766700000,2025-06-24,12:05:00,3319.165,3320.555,3317.935,3319.748,0.0854
1750767000000,2025-06-24,12:10:00,3319.575,3320.248,3311.895,3313.325,0.2267
1750767300000,2025-06-24,12:15:00,3313.248,3315.915,3311.785,3315.705,0.163
1750767600000,2025-06-24,12:20:00,3315.785,3318.695,3314.548,3316.705,0.1458
1750767900000,2025-06-24,12:25:00,3316.775,3317.155,3310.975,3313.375,0.1399
1750768200000,2025-06-24,12:30:00,3313.315,3313.315,3306.525,3307.615,0.3527
1750768500000,2025-06-24,12:35:00,3307.585,3309.495,3304.408,3309.415,0.3525
1750768800000,2025-06-24,12:40:00,3309.348,3309.948,3304.648,3309.948,0.2583
1750769100000,2025-06-24,12:45:00,3309.895,3313.765,3305.848,3313.615,0.1597
1750769400000,2025-06-24,12:50:00,3313.395,3317.378,3312.545,3316.548,0.1888
1750769700000,2025-06-24,12:55:00,3316.525,3317.485,3313.488,3314.448,0.1251
1750770000000,2025-06-24,13:00:00,3314.185,3317.655,3311.975,3313.565,0.1843
1750770300000,2025-06-24,13:05:00,3313.745,3316.298,3311.138,3313.648,0.1744
1750770600000,2025-06-24,13:10:00,3313.585,3317.535,3313.548,3317.215,0.1551
1750770900000,2025-06-24,13:15:00,3317.215,3317.705,3314.255,3314.365,0.1773
1750771200000,2025-06-24,13:20:00,3314.365,3315.115,3311.785,3312.165,0.1376
1750771500000,2025-06-24,13:25:00,3312.385,3313.215,3309.955,3310.248,0.1317
1750771800000,2025-06-24,13:30:00,3310.175,3313.248,3305.148,3308.598,0.3803
1750772100000,2025-06-24,13:35:00,3308.598,3309.259,3299.615,3300.365,0.6426
1750772400000,2025-06-24,13:40:00,3300.395,3301.898,3295.118,3298.548,0.3796
1750772700000,2025-06-24,13:45:00,3298.578,3302.648,3295.098,3297.648,0.3429
1750773000000,2025-06-24,13:50:00,3297.748,3301.448,3296.965,3300.925,0.2669
1750773300000,2025-06-24,13:55:00,3301.058,3302.565,3299.765,3301.625,0.1862
1750773600000,2025-06-24,14:00:00,3301.598,3306.095,3298.425,3304.225,0.2834
1750773900000,2025-06-24,14:05:00,3304.245,3308.205,3302.108,3306.565,0.2451
1750774200000,2025-06-24,14:10:00,3306.565,3308.275,3305.005,3308.275,0.2226
1750774500000,2025-06-24,14:15:00,3308.198,3310.095,3304.415,3304.445,0.3098
1750774800000,2025-06-24,14:20:00,3304.495,3304.575,3301.805,3303.365,0.2557
1750775100000,2025-06-24,14:25:00,3303.365,3307.635,3303.205,3304.805,0.21
1750775400000,2025-06-24,14:30:00,3304.805,3308.705,3304.615,3307.075,0.2686
1750775700000,2025-06-24,14:35:00,3307.055,3307.255,3301.715,3302.175,0.2557
1750776000000,2025-06-24,14:40:00,3302.248,3306.915,3301.605,3306.185,0.1891
1750776300000,2025-06-24,14:45:00,3306.248,3308.855,3305.615,3307.885,0.1677
1750776600000,2025-06-24,14:50:00,3307.875,3307.985,3305.365,3306.398,0.2028
1750776900000,2025-06-24,14:55:00,3306.465,3307.015,3303.605,3304.375,0.1943
1750777200000,2025-06-24,15:00:00,3304.348,3304.348,3299.515,3300.148,0.2031
1750777500000,2025-06-24,15:05:00,3300.148,3302.905,3300.045,3300.995,0.1874
1750777800000,2025-06-24,15:10:00,3300.969,3302.448,3300.048,3301.545,0.154
1750778100000,2025-06-24,15:15:00,3301.405,3303.925,3301.365,3303.898,0.1194
1750778400000,2025-06-24,15:20:00,3303.935,3307.598,3303.915,3306.365,0.1761
1750778700000,2025-06-24,15:25:00,3306.395,3313.998,3306.105,3312.055,0.1963
1750779000000,2025-06-24,15:30:00,3312.075,3314.548,3311.765,3311.955,0.1692
1750779300000,2025-06-24,15:35:00,3312.175,3316.565,3312.175,3315.825,0.1447
1750779600000,2025-06-24,15:40:00,3315.775,3316.955,3314.375,3315.095,0.1279
1750779900000,2025-06-24,15:45:00,3315.095,3315.445,3312.998,3314.005,0.1345
1750780200000,2025-06-24,15:50:00,3314.045,3315.548,3312.648,3314.748,0.1098
1750780500000,2025-06-24,15:55:00,3314.848,3314.948,3312.165,3313.015,0.0951
1750780800000,2025-06-24,16:00:00,3313.065,3313.715,3311.275,3312.795,0.0739
1750781100000,2025-06-24,16:05:00,3312.775,3313.015,3311.148,3312.948,0.0855
1750781400000,2025-06-24,16:10:00,3312.948,3313.245,3311.348,3312.398,0.0747
1750781700000,2025-06-24,16:15:00,3312.415,3312.515,3311.098,3312.465,0.0805
1750782000000,2025-06-24,16:20:00,3312.505,3313.815,3312.258,3313.598,0.1004
1750782300000,2025-06-24,16:25:00,3313.605,3314.025,3311.258,3311.598,0.1332
1750782600000,2025-06-24,16:30:00,3311.615,3313.495,3311.495,3313.405,0.087
1750782900000,2025-06-24,16:35:00,3313.355,3314.745,3312.965,3314.355,0.0721
1750783200000,2025-06-24,16:40:00,3314.345,3317.445,3314.145,3316.805,0.0998
1750783500000,2025-06-24,16:45:00,3316.785,3317.585,3315.425,3317.048,0.1272
1750783800000,2025-06-24,16:50:00,3317.048,3319.345,3316.798,3319.095,0.1125
1750784100000,2025-06-24,16:55:00,3319.075,3320.198,3317.875,3318.185,0.1252
1750784400000,2025-06-24,17:00:00,3318.265,3320.548,3318.225,3319.485,0.1104
1750784700000,2025-06-24,17:05:00,3319.695,3320.348,3318.995,3319.948,0.0845
1750785000000,2025-06-24,17:10:00,3319.965,3320.775,3318.525,3318.798,0.09
1750785300000,2025-06-24,17:15:00,3318.798,3320.698,3318.035,3318.685,0.0845
1750785600000,2025-06-24,17:20:00,3318.735,3320.545,3318.735,3320.345,0.0717
1750785900000,2025-06-24,17:25:00,3320.345,3320.835,3318.598,3320.448,0.1359
1750786200000,2025-06-24,17:30:00,3320.448,3320.948,3319.598,3320.498,0.0783
1750786500000,2025-06-24,17:35:00,3320.498,3320.948,3319.448,3319.665,0.1052
1750786800000,2025-06-24,17:40:00,3319.665,3321.048,3319.498,3320.715,0.0946
1750787100000,2025-06-24,17:45:00,3320.695,3321.015,3318.795,3319.525,0.0819
1750787400000,2025-06-24,17:50:00,3319.525,3319.525,3317.898,3318.598,0.075
1750787700000,2025-06-24,17:55:00,3318.558,3318.885,3317.695,3317.765,0.087
1750788000000,2025-06-24,18:00:00,3317.848,3318.565,3316.335,3316.815,0.0836
1750788300000,2025-06-24,18:05:00,3316.835,3318.655,3316.205,3318.385,0.0865
1750788600000,2025-06-24,18:10:00,3318.448,3318.755,3315.515,3315.555,0.0883
1750788900000,2025-06-24,18:15:00,3315.615,3317.788,3315.395,3317.405,0.1188
1750789200000,2025-06-24,18:20:00,3317.445,3317.595,3316.235,3316.595,0.0384
1750789500000,2025-06-24,18:25:00,3316.715,3316.985,3316.138,3316.648,0.0863
1750789800000,2025-06-24,18:30:00,3316.695,3316.848,3315.708,3316.185,0.0972
1750790100000,2025-06-24,18:35:00,3316.055,3317.248,3315.795,3317.098,0.0774
1750790400000,2025-06-24,18:40:00,3316.908,3317.935,3316.445,3317.875,0.0817
1750790700000,2025-06-24,18:45:00,3317.888,3318.208,3317.098,3317.375,0.0512
1750791000000,2025-06-24,18:50:00,3317.368,3317.368,3316.608,3316.645,0.0543
1750791300000,2025-06-24,18:55:00,3316.355,3317.355,3316.138,3316.935,0.0556
1750791600000,2025-06-24,19:00:00,3316.935,3318.195,3316.455,3317.408,0.0448
1750791900000,2025-06-24,19:05:00,3317.408,3317.408,3315.995,3316.775,0.0495
1750792200000,2025-06-24,19:10:00,3316.725,3316.795,3315.845,3316.525,0.0501
1750792500000,2025-06-24,19:15:00,3316.555,3317.848,3316.168,3317.348,0.0404
1750792800000,2025-06-24,19:20:00,3317.345,3318.325,3316.805,3317.625,0.0404
1750793100000,2025-06-24,19:25:00,3317.935,3318.705,3317.198,3318.585,0.0528
1750793400000,2025-06-24,19:30:00,3318.535,3322.025,3318.535,3321.998,0.1022
1750793700000,2025-06-24,19:35:00,3321.998,3324.985,3321.945,3323.575,0.1252
1750794000000,2025-06-24,19:40:00,3323.635,3325.005,3323.475,3324.398,0.0826
1750794300000,2025-06-24,19:45:00,3324.445,3324.898,3322.248,3322.355,0.1039
1750794600000,2025-06-24,19:50:00,3322.645,3324.048,3322.265,3323.148,0.1055
1750794900000,2025-06-24,19:55:00,3323.348,3323.605,3322.198,3323.365,0.1551
1750795200000,2025-06-24,20:00:00,3323.425,3324.198,3322.148,3322.748,0.0575
1750795500000,2025-06-24,20:05:00,3322.848,3324.185,3322.848,3323.848,0.0383
1750795800000,2025-06-24,20:10:00,3323.848,3324.108,3322.618,3322.628,0.0404
1750796100000,2025-06-24,20:15:00,3322.698,3324.298,3322.698,3323.398,0.049
1750796400000,2025-06-24,20:20:00,3323.498,3323.698,3322.198,3322.898,0.0428
1750796700000,2025-06-24,20:25:00,3322.898,3323.205,3322.398,3322.508,0.0198
1750797000000,2025-06-24,20:30:00,3322.508,3323.898,3322.398,3323.898,0.0235
1750797300000,2025-06-24,20:35:00,3323.718,3323.938,3322.368,3322.648,0.0323
1750797600000,2025-06-24,20:40:00,3322.658,3322.748,3321.358,3322.638,0.0425
1750797900000,2025-06-24,20:45:00,3322.638,3323.548,3322.638,3322.958,0.0363
1750798200000,2025-06-24,20:50:00,3322.968,3323.358,3322.468,3322.578,0.0328
1750798500000,2025-06-24,20:55:00,3322.598,3323.898,3322.358,3322.625,0.0545
1750802400000,2025-06-24,22:00:00,3323.725,3325.198,3322.398,3322.598,0.0938
1750802700000,2025-06-24,22:05:00,3322.598,3322.998,3321.815,3322.505,0.0381
1750803000000,2025-06-24,22:10:00,3322.598,3323.298,3322.435,3322.765,0.027
1750803300000,2025-06-24,22:15:00,3322.835,3322.915,3320.985,3321.925,0.0271
1750803600000,2025-06-24,22:20:00,3321.745,3322.605,3321.058,3322.165,0.035
1750803900000,2025-06-24,22:25:00,3322.148,3322.395,3321.555,3321.885,0.0165
1750804200000,2025-06-24,22:30:00,3322.048,3322.455,3321.748,3321.955,0.0225
1750804500000,2025-06-24,22:35:00,3321.935,3322.105,3320.998,3320.998,0.0187
1750804800000,2025-06-24,22:40:00,3320.935,3321.635,3320.915,3321.598,0.0521
1750805100000,2025-06-24,22:45:00,3321.615,3322.495,3321.348,3322.148,0.0257
1750805400000,2025-06-24,22:50:00,3322.148,3322.148,3320.655,3321.448,0.0207
1750805700000,2025-06-24,22:55:00,3321.555,3322.148,3321.248,3321.348,0.0232
1750806000000,2025-06-24,23:00:00,3321.255,3322.418,3321.255,3322.148,0.0381
1750806300000,2025-06-24,23:05:00,3322.228,3323.148,3322.215,3322.948,0.0391
1750806600000,2025-06-24,23:10:00,3323.085,3323.545,3322.605,3323.285,0.023
1750806900000,2025-06-24,23:15:00,3323.245,3323.635,3322.735,3323.615,0.0253
1750807200000,2025-06-24,23:20:00,3323.568,3323.795,3322.705,3322.895,0.0237
1750807500000,2025-06-24,23:25:00,3322.825,3323.065,3322.525,3322.585,0.0133
1750807800000,2025-06-24,23:30:00,3322.605,3322.815,3322.445,3322.645,0.0157
1750808100000,2025-06-24,23:35:00,3322.625,3323.255,3322.125,3322.875,0.019
1750808400000,2025-06-24,23:40:00,3322.855,3323.455,3322.755,3322.975,0.0146
1750808700000,2025-06-24,23:45:00,3322.915,3324.525,3322.775,3324.305,0.0341
1750809000000,2025-06-24,23:50:00,3324.345,3324.685,3323.985,3324.035,0.0247
1750809300000,2025-06-24,23:55:00,3323.995,3324.375,3323.325,3324.015,0.0416
1750809600000,2025-06-25,00:00:00,3323.975,3325.285,3323.415,3324.905,0.0704
1750809900000,2025-06-25,00:05:00,3324.905,3326.355,3324.615,3325.975,0.0638
1750810200000,2025-06-25,00:10:00,3326.025,3326.885,3325.795,3326.285,0.0506
1750810500000,2025-06-25,00:15:00,3326.385,3327.195,3325.775,3326.775,0.0633
1750810800000,2025-06-25,00:20:00,3326.795,3328.465,3326.455,3327.725,0.0613
1750811100000,2025-06-25,00:25:00,3327.765,3328.355,3327.365,3328.185,0.0419
1750811400000,2025-06-25,00:30:00,3328.215,3329.855,3327.745,3328.335,0.0833
1750811700000,2025-06-25,00:35:00,3328.305,3328.455,3326.855,3327.815,0.0511
1750812000000,2025-06-25,00:40:00,3327.835,3328.315,3324.765,3324.965,0.0621
1750812300000,2025-06-25,00:45:00,3324.935,3326.045,3323.955,3325.385,0.0589
1750812600000,2025-06-25,00:50:00,3325.365,3327.908,3325.295,3326.905,0.0825
1750812900000,2025-06-25,00:55:00,3326.805,3327.385,3324.875,3326.725,0.0601
1750813200000,2025-06-25,01:00:00,3326.755,3328.735,3326.195,3327.848,0.1483
1750813500000,2025-06-25,01:05:00,3327.848,3329.065,3327.848,3328.848,0.1
1750813800000,2025-06-25,01:10:00,3328.855,3331.055,3328.855,3330.698,0.1528
1750814100000,2025-06-25,01:15:00,3330.698,3332.835,3330.548,3332.285,0.1534
1750814400000,2025-06-25,01:20:00,3332.255,3332.625,3329.505,3329.648,0.1036
1750814700000,2025-06-25,01:25:00,3329.548,3330.665,3328.648,3328.648,0.0962
1750815000000,2025-06-25,01:30:00,3328.648,3331.125,3327.735,3331.065,0.1312
1750815300000,2025-06-25,01:35:00,3331.055,3332.445,3330.485,3332.435,0.0725
1750815600000,2025-06-25,01:40:00,3332.435,3333.148,3331.398,3331.885,0.1037
1750815900000,2025-06-25,01:45:00,3331.895,3333.615,3331.635,3333.495,0.0827
1750816200000,2025-06-25,01:50:00,3333.465,3334.305,3332.598,3333.425,0.0928
1750816500000,2025-06-25,01:55:00,3333.455,3334.705,3333.285,3334.535,0.0754
1750816800000,2025-06-25,02:00:00,3334.495,3335.048,3332.705,3333.335,0.1702
1750817100000,2025-06-25,02:05:00,3333.335,3334.505,3332.355,3333.335,0.1437
1750817400000,2025-06-25,02:10:00,3333.315,3333.435,3331.048,3331.348,0.0879
1750817700000,2025-06-25,02:15:00,3331.248,3331.955,3329.798,3330.745,0.1369
1750818000000,2025-06-25,02:20:00,3330.715,3331.698,3330.625,3330.865,0.0819
1750818300000,2025-06-25,02:25:00,3330.925,3331.448,3330.648,3331.375,0.0438
1750818600000,2025-06-25,02:30:00,3331.425,3331.585,3329.605,3330.615,0.0762
1750818900000,2025-06-25,02:35:00,3330.505,3331.945,3330.095,3330.235,0.0561
1750819200000,2025-06-25,02:40:00,3330.205,3330.435,3328.655,3329.585,0.074
1750819500000,2025-06-25,02:45:00,3329.615,3330.045,3328.775,3329.195,0.0588
1750819800000,2025-06-25,02:50:00,3329.215,3329.315,3327.795,3328.748,0.078
1750820100000,2025-06-25,02:55:00,3328.805,3329.785,3327.598,3329.225,0.0687
1750820400000,2025-06-25,03:00:00,3329.245,3329.445,3327.745,3329.095,0.0539
1750820700000,2025-06-25,03:05:00,3329.095,3329.835,3328.475,3328.648,0.0425
1750821000000,2025-06-25,03:10:00,3328.645,3331.155,3328.645,3331.115,0.0829
1750821300000,2025-06-25,03:15:00,3331.115,3331.825,3330.475,3330.885,0.1126
1750821600000,2025-06-25,03:20:00,3331.025,3331.565,3329.905,3331.235,0.0524
1750821900000,2025-06-25,03:25:00,3331.215,3331.445,3330.395,3330.485,0.0524
1750822200000,2025-06-25,03:30:00,3330.455,3330.865,3329.348,3329.575,0.0661
1750822500000,2025-06-25,03:35:00,3329.448,3330.148,3327.735,3328.495,0.0538
1750822800000,2025-06-25,03:40:00,3328.455,3330.085,3328.415,3329.705,0.0382
1750823100000,2025-06-25,03:45:00,3329.665,3329.665,3328.475,3328.685,0.0565
1750823400000,2025-06-25,03:50:00,3328.685,3328.875,3328.035,3328.405,0.067
1750823700000,2025-06-25,03:55:00,3328.325,3328.405,3327.005,3328.145,0.0741
1750824000000,2025-06-25,04:00:00,3328.145,3328.555,3326.795,3327.385,0.0471
1750824300000,2025-06-25,04:05:00,3327.415,3327.745,3326.575,3327.095,0.0415
1750824600000,2025-06-25,04:10:00,3327.125,3327.135,3326.585,3326.815,0.027
1750824900000,2025-06-25,04:15:00,3326.865,3327.905,3326.595,3327.685,0.0218
1750825200000,2025-06-25,04:20:00,3327.765,3329.105,3327.665,3328.495,0.0313
1750825500000,2025-06-25,04:25:00,3328.555,3328.615,3327.055,3327.125,0.0486
1750825800000,2025-06-25,04:30:00,3327.085,3327.315,3326.355,3326.675,0.0265
1750826100000,2025-06-25,04:35:00,3326.645,3327.265,3326.495,3326.935,0.0228
1750826400000,2025-06-25,04:40:00,3326.855,3327.495,3326.665,3326.725,0.032
1750826700000,2025-06-25,04:45:00,3326.755,3328.405,3325.605,3328.405,0.0657
1750827000000,2025-06-25,04:50:00,3328.365,3328.515,3327.555,3327.955,0.0412
1750827300000,2025-06-25,04:55:00,3327.985,3328.155,3326.845,3327.355,0.0226
1750827600000,2025-06-25,05:00:00,3327.325,3328.645,3326.545,3327.845,0.0653
1750827900000,2025-06-25,05:05:00,3327.835,3328.345,3327.515,3327.935,0.0406
1750828200000,2025-06-25,05:10:00,3327.975,3329.495,3327.865,3329.248,0.0442
1750828500000,2025-06-25,05:15:00,3329.245,3329.525,3328.645,3329.048,0.0434
1750828800000,2025-06-25,05:20:00,3329.048,3329.075,3328.225,3328.965,0.0285
1750829100000,2025-06-25,05:25:00,3328.985,3329.705,3328.295,3329.705,0.0301
1750829400000,2025-06-25,05:30:00,3329.745,3331.345,3329.598,3330.848,0.0895
1750829700000,2025-06-25,05:35:00,3330.848,3332.748,3330.748,3331.898,0.0965
1750830000000,2025-06-25,05:40:00,3331.998,3332.975,3331.198,3332.425,0.0774
1750830300000,2025-06-25,05:45:00,3332.225,3333.545,3331.845,3332.875,0.0455
1750830600000,2025-06-25,05:50:00,3332.905,3333.545,3331.675,3332.725,0.0699
1750830900000,2025-06-25,05:55:00,3332.775,3332.835,3331.155,3331.398,0.0993
1750831200000,2025-06-25,06:00:00,3331.398,3332.745,3330.565,3332.665,0.0874
1750831500000,2025-06-25,06:05:00,3332.665,3333.155,3330.815,3330.895,0.0586
1750831800000,2025-06-25,06:10:00,3330.865,3330.965,3329.198,3329.598,0.1026
1750832100000,2025-06-25,06:15:00,3329.598,3330.428,3328.925,3330.198,0.0747
1750832400000,2025-06-25,06:20:00,3330.198,3330.415,3329.505,3330.205,0.0588
1750832700000,2025-06-25,06:25:00,3330.298,3331.698,3330.098,3330.215,0.0877
1750833000000,2025-06-25,06:30:00,3330.215,3330.898,3329.035,3329.858,0.1087
1750833300000,2025-06-25,06:35:00,3329.858,3330.798,3328.685,3329.605,0.0683
1750833600000,2025-06-25,06:40:00,3329.635,3332.545,3329.485,3332.398,0.0672
1750833900000,2025-06-25,06:45:00,3332.398,3332.965,3330.798,3332.498,0.0791
1750834200000,2025-06-25,06:50:00,3332.435,3333.155,3331.405,3331.748,0.098
1750834500000,2025-06-25,06:55:00,3331.655,3332.048,3330.805,3331.555,0.059
1750834800000,2025-06-25,07:00:00,3331.525,3333.748,3330.345,3330.455,0.1335
1750835100000,2025-06-25,07:05:00,3330.515,3330.605,3327.845,3330.048,0.0813
1750835400000,2025-06-25,07:10:00,3329.995,3329.995,3327.398,3327.815,0.0864
1750835700000,2025-06-25,07:15:00,3327.798,3327.798,3326.498,3327.075,0.0869
1750836000000,2025-06-25,07:20:00,3327.048,3329.885,3326.598,3329.748,0.0857
1750836300000,2025-06-25,07:25:00,3329.735,3333.955,3329.618,3333.925,0.118
1750836600000,2025-06-25,07:30:00,3333.985,3334.785,3331.885,3332.585,0.0889
1750836900000,2025-06-25,07:35:00,3332.555,3334.955,3331.945,3333.198,0.0879
1750837200000,2025-06-25,07:40:00,3333.198,3335.798,3332.765,3334.948,0.0756
1750837500000,2025-06-25,07:45:00,3334.948,3336.848,3333.545,3333.678,0.14
1750837800000,2025-06-25,07:50:00,3333.628,3333.628,3329.865,3331.225,0.088
1750838100000,2025-06-25,07:55:00,3331.255,3331.475,3330.028,3330.418,0.0783
1750838400000,2025-06-25,08:00:00,3330.365,3332.195,3329.728,3330.215,0.0803
1750838700000,2025-06-25,08:05:00,3330.155,3330.795,3328.935,3330.175,0.0579
1750839000000,2025-06-25,08:10:00,3330.255,3330.348,3327.585,3328.025,0.0611
1750839300000,2025-06-25,08:15:00,3328.035,3328.625,3326.305,3327.075,0.1363
1750839600000,2025-06-25,08:20:00,3327.055,3327.648,3326.445,3327.128,0.1206
1750839900000,2025-06-25,08:25:00,3327.128,3329.798,3326.998,3329.368,0.117
1750840200000,2025-06-25,08:30:00,3329.305,3329.975,3328.228,3328.785,0.099
1750840500000,2025-06-25,08:35:00,3328.825,3329.805,3327.968,3329.448,0.0737
1750840800000,2025-06-25,08:40:00,3329.465,3330.075,3328.905,3329.865,0.0344
1750841100000,2025-06-25,08:45:00,3329.825,3329.865,3328.315,3328.465,0.0419
1750841400000,2025-06-25,08:50:00,3328.515,3328.685,3327.305,3327.685,0.0796
1750841700000,2025-06-25,08:55:00,3327.685,3327.875,3326.725,3327.015,0.0858
1750842000000,2025-06-25,09:00:00,3327.015,3327.075,3325.448,3326.395,0.098
1750842300000,2025-06-25,09:05:00,3326.355,3326.405,3322.725,3324.115,0.1821
1750842600000,2025-06-25,09:10:00,3324.115,3324.115,3321.625,3322.048,0.121
1750842900000,2025-06-25,09:15:00,3322.025,3323.775,3321.648,3323.575,0.071
1750843200000,2025-06-25,09:20:00,3323.515,3324.115,3322.865,3323.905,0.0601
1750843500000,2025-06-25,09:25:00,3323.965,3324.798,3322.078,3322.455,0.0727
1750843800000,2025-06-25,09:30:00,3322.448,3323.395,3321.665,3322.505,0.0757
1750844100000,2025-06-25,09:35:00,3322.645,3324.045,3321.348,3323.695,0.0575
1750844400000,2025-06-25,09:40:00,3323.695,3323.815,3322.335,3323.205,0.0344
1750844700000,2025-06-25,09:45:00,3323.245,3324.455,3323.205,3323.275,0.0339
1750845000000,2025-06-25,09:50:00,3323.348,3324.295,3323.265,3323.555,0.0407
1750845300000,2025-06-25,09:55:00,3323.505,3325.148,3322.875,3325.148,0.0533
1750845600000,2025-06-25,10:00:00,3325.148,3326.655,3324.848,3325.115,0.0913
1750845900000,2025-06-25,10:05:00,3325.145,3327.345,3324.948,3326.975,0.0867
1750846200000,2025-06-25,10:10:00,3326.955,3328.255,3326.535,3327.445,0.0707
1750846500000,2025-06-25,10:15:00,3327.405,3329.478,3326.575,3326.985,0.0897
1750846800000,2025-06-25,10:20:00,3327.025,3327.025,3325.485,3325.765,0.0846
1750847100000,2025-06-25,10:25:00,3325.615,3326.965,3323.945,3326.325,0.1068
1750847400000,2025-06-25,10:30:00,3326.305,3326.405,3324.745,3325.585,0.0522
1750847700000,2025-06-25,10:35:00,3325.555,3325.585,3324.255,3324.685,0.0314
1750848000000,2025-06-25,10:40:00,3324.748,3325.048,3323.999,3324.955,0.0467
1750848300000,2025-06-25,10:45:00,3324.985,3326.998,3324.985,3326.725,0.0566
1750848600000,2025-06-25,10:50:00,3326.745,3327.805,3324.675,3324.885,0.0761
1750848900000,2025-06-25,10:55:00,3324.925,3325.585,3324.198,3324.285,0.065
1750849200000,2025-06-25,11:00:00,3324.245,3326.648,3323.835,3326.525,0.0688
1750849500000,2025-06-25,11:05:00,3326.505,3327.655,3325.798,3327.465,0.046
1750849800000,2025-06-25,11:10:00,3327.605,3328.848,3326.885,3328.775,0.0676
1750850100000,2025-06-25,11:15:00,3328.748,3329.355,3328.025,3328.675,0.0625
1750850400000,2025-06-25,11:20:00,3328.645,3328.725,3326.145,3326.555,0.0556
1750850700000,2025-06-25,11:25:00,3326.548,3326.645,3324.575,3325.135,0.1142
1750851000000,2025-06-25,11:30:00,3325.055,3328.025,3324.565,3326.965,0.1001
1750851300000,2025-06-25,11:35:00,3326.945,3328.325,3325.159,3325.585,0.1067
1750851600000,2025-06-25,11:40:00,3325.525,3325.949,3324.248,3324.848,0.1078
1750851900000,2025-06-25,11:45:00,3324.839,3325.159,3322.275,3322.885,0.1586
1750852200000,2025-06-25,11:50:00,3323.008,3324.455,3322.605,3324.435,0.0831
1750852500000,2025-06-25,11:55:00,3324.475,3324.915,3321.878,3322.348,0.134
1750852800000,2025-06-25,12:00:00,3322.348,3323.475,3321.849,3322.019,0.0896
1750853100000,2025-06-25,12:05:00,3321.698,3325.435,3321.398,3324.935,0.0902
1750853400000,2025-06-25,12:10:00,3325.035,3326.475,3324.515,3325.755,0.0667
1750853700000,2025-06-25,12:15:00,3325.745,3326.995,3325.115,3326.905,0.0629
1750854000000,2025-06-25,12:20:00,3326.875,3327.945,3325.748,3327.475,0.1088
1750854300000,2025-06-25,12:25:00,3327.475,3329.285,3327.295,3328.005,0.07
1750854600000,2025-06-25,12:30:00,3327.985,3328.035,3323.165,3325.048,0.1832
1750854900000,2025-06-25,12:35:00,3325.048,3326.155,3322.798,3323.205,0.0822
1750855200000,2025-06-25,12:40:00,3323.198,3323.398,3319.049,3319.498,0.1687
1750855500000,2025-06-25,12:45:00,3319.498,3320.505,3317.918,3319.998,0.1302
1750855800000,2025-06-25,12:50:00,3319.998,3321.375,3319.698,3320.975,0.0839
1750856100000,2025-06-25,12:55:00,3320.995,3322.115,3319.965,3320.495,0.0821
1750856400000,2025-06-25,13:00:00,3320.525,3321.455,3316.915,3317.305,0.1298
1750856700000,2025-06-25,13:05:00,3317.385,3318.165,3315.688,3316.248,0.1187
1750857000000,2025-06-25,13:10:00,3316.235,3316.855,3313.598,3314.755,0.138
1750857300000,2025-06-25,13:15:00,3314.705,3317.585,3313.935,3315.925,0.1262
1750857600000,2025-06-25,13:20:00,3315.898,3318.805,3315.525,3316.265,0.0898
1750857900000,2025-06-25,13:25:00,3316.265,3316.665,3313.898,3313.955,0.0875
1750858200000,2025-06-25,13:30:00,3313.975,3315.598,3311.815,3312.005,0.2903
1750858500000,2025-06-25,13:35:00,3312.098,3314.485,3311.705,3312.615,0.323
1750858800000,2025-06-25,13:40:00,3312.635,3314.995,3312.385,3314.865,0.2397
1750859100000,2025-06-25,13:45:00,3314.825,3317.348,3314.305,3315.045,0.3002
1750859400000,2025-06-25,13:50:00,3314.909,3315.465,3313.315,3314.898,0.3085
1750859700000,2025-06-25,13:55:00,3314.898,3316.335,3313.605,3314.188,0.169
1750860000000,2025-06-25,14:00:00,3314.218,3318.765,3311.948,3318.275,0.1949
1750860300000,2025-06-25,14:05:00,3318.345,3321.625,3317.989,3319.298,0.3227
1750860600000,2025-06-25,14:10:00,3319.398,3321.925,3319.229,3319.705,0.2203
1750860900000,2025-06-25,14:15:00,3319.685,3322.955,3319.045,3319.565,0.1668
1750861200000,2025-06-25,14:20:00,3319.535,3321.575,3318.535,3319.685,0.1502
1750861500000,2025-06-25,14:25:00,3319.685,3321.825,3318.985,3321.695,0.1307
1750861800000,2025-06-25,14:30:00,3321.735,3323.055,3321.045,3322.485,0.1137
1750862100000,2025-06-25,14:35:00,3322.485,3323.225,3320.695,3320.795,0.1793
1750862400000,2025-06-25,14:40:00,3320.775,3321.975,3320.335,3321.975,0.1295
1750862700000,2025-06-25,14:45:00,3321.975,3322.875,3320.725,3322.875,0.1126
1750863000000,2025-06-25,14:50:00,3322.815,3326.065,3322.815,3324.005,0.1503
1750863300000,2025-06-25,14:55:00,3324.005,3324.225,3322.865,3323.255,0.131
1750863600000,2025-06-25,15:00:00,3323.235,3325.148,3322.255,3324.765,0.1869
1750863900000,2025-06-25,15:05:00,3324.748,3325.105,3323.945,3324.225,0.1118
1750864200000,2025-06-25,15:10:00,3324.205,3325.675,3323.648,3325.115,0.114
1750864500000,2025-06-25,15:15:00,3325.085,3325.245,3323.635,3323.748,0.1718
1750864800000,2025-06-25,15:20:00,3323.835,3324.575,3322.725,3323.735,0.1016
1750865100000,2025-06-25,15:25:00,3323.765,3324.115,3322.298,3322.498,0.0823
1750865400000,2025-06-25,15:30:00,3322.495,3322.955,3321.475,3322.415,0.1018
1750865700000,2025-06-25,15:35:00,3322.465,3324.698,3322.448,3324.598,0.0948
1750866000000,2025-06-25,15:40:00,3324.598,3326.455,3324.385,3325.895,0.1164
1750866300000,2025-06-25,15:45:00,3325.945,3326.345,3325.145,3325.695,0.0752
1750866600000,2025-06-25,15:50:00,3325.645,3326.475,3325.045,3326.048,0.1191
1750866900000,2025-06-25,15:55:00,3326.048,3326.998,3324.795,3325.425,0.1985
1750867200000,2025-06-25,16:00:00,3325.425,3327.465,3323.898,3327.335,0.1605
1750867500000,2025-06-25,16:05:00,3327.335,3327.655,3325.425,3325.805,0.0625
1750867800000,2025-06-25,16:10:00,3325.905,3328.185,3325.505,3327.525,0.0507
1750868100000,2025-06-25,16:15:00,3327.525,3328.285,3326.898,3327.315,0.0632
1750868400000,2025-06-25,16:20:00,3327.285,3328.905,3326.755,3327.325,0.0768
1750868700000,2025-06-25,16:25:00,3327.305,3329.195,3326.765,3329.195,0.0786
1750869000000,2025-06-25,16:30:00,3329.165,3330.348,3329.025,3329.998,0.091
1750869300000,2025-06-25,16:35:00,3330.075,3331.785,3329.825,3331.548,0.1262
1750869600000,2025-06-25,16:40:00,3331.548,3333.748,3331.435,3332.845,0.206
1750869900000,2025-06-25,16:45:00,3332.875,3334.648,3332.525,3333.498,0.0689
1750870200000,2025-06-25,16:50:00,3333.515,3334.648,3332.415,3334.248,0.0758
1750870500000,2025-06-25,16:55:00,3334.255,3334.975,3332.848,3334.575,0.0906
1750870800000,2025-06-25,17:00:00,3334.605,3334.955,3332.925,3332.975,0.0848
1750871100000,2025-06-25,17:05:00,3333.005,3334.715,3332.985,3334.495,0.0736
1750871400000,2025-06-25,17:10:00,3334.525,3335.185,3332.975,3333.485,0.0717
1750871700000,2025-06-25,17:15:00,3333.465,3333.515,3331.695,3332.705,0.0683
1750872000000,2025-06-25,17:20:00,3332.675,3332.915,3330.905,3331.205,0.0841
1750872300000,2025-06-25,17:25:00,3331.255,3331.285,3328.495,3328.715,0.1134
1750872600000,2025-06-25,17:30:00,3328.755,3330.065,3325.798,3326.298,0.124
1750872900000,2025-06-25,17:35:00,3326.245,3327.745,3324.415,3326.098,0.1688
1750873200000,2025-06-25,17:40:00,3326.055,3327.405,3325.548,3327.298,0.0895
1750873500000,2025-06-25,17:45:00,3327.198,3328.248,3326.185,3326.498,0.0958
1750873800000,2025-06-25,17:50:00,3326.498,3328.065,3326.485,3327.465,0.0863
1750874100000,2025-06-25,17:55:00,3327.448,3328.448,3327.295,3327.698,0.058
1750874400000,2025-06-25,18:00:00,3327.695,3329.248,3326.605,3326.825,0.0868
1750874700000,2025-06-25,18:05:00,3326.795,3327.155,3326.035,3326.365,0.0618
1750875000000,2025-06-25,18:10:00,3326.385,3328.115,3326.205,3327.865,0.0536
1750875300000,2025-06-25,18:15:00,3327.925,3329.148,3327.455,3328.805,0.0689
1750875600000,2025-06-25,18:20:00,3328.825,3330.148,3328.798,3329.795,0.0552
1750875900000,2025-06-25,18:25:00,3329.875,3330.015,3329.048,3329.248,0.0406
1750876200000,2025-06-25,18:30:00,3329.348,3329.925,3329.148,3329.615,0.0498
1750876500000,2025-06-25,18:35:00,3329.585,3329.748,3328.948,3329.495,0.0467
1750876800000,2025-06-25,18:40:00,3329.455,3329.945,3329.098,3329.565,0.058
1750877100000,2025-06-25,18:45:00,3329.535,3330.335,3329.348,3329.785,0.0643
1750877400000,2025-06-25,18:50:00,3329.849,3330.948,3329.405,3330.455,0.0551
1750877700000,2025-06-25,18:55:00,3330.425,3331.525,3330.425,3331.398,0.0676
1750878000000,2025-06-25,19:00:00,3331.398,3332.725,3331.298,3331.635,0.067
1750878300000,2025-06-25,19:05:00,3331.675,3331.675,3330.225,3330.425,0.036
1750878600000,2025-06-25,19:10:00,3330.465,3331.385,3330.225,3331.385,0.0508
1750878900000,2025-06-25,19:15:00,3331.355,3331.435,3330.835,3331.155,0.0491
1750879200000,2025-06-25,19:20:00,3331.135,3332.025,3330.675,3332.025,0.0408
1750879500000,2025-06-25,19:25:00,3332.025,3334.015,3331.955,3333.825,0.0707
1750879800000,2025-06-25,19:30:00,3333.855,3335.165,3333.495,3335.085,0.0713
1750880100000,2025-06-25,19:35:00,3335.065,3335.445,3334.545,3334.998,0.0842
1750880400000,2025-06-25,19:40:00,3334.975,3335.798,3334.798,3335.798,0.053
1750880700000,2025-06-25,19:45:00,3335.798,3335.848,3333.858,3333.938,0.0905
1750881000000,2025-06-25,19:50:00,3333.928,3333.928,3332.045,3332.685,0.0967
1750881300000,2025-06-25,19:55:00,3332.705,3334.145,3332.098,3333.465,0.0881
1750881600000,2025-06-25,20:00:00,3333.595,3335.255,3333.295,3335.198,0.0502
1750881900000,2025-06-25,20:05:00,3335.298,3335.415,3333.975,3334.345,0.0368
1750882200000,2025-06-25,20:10:00,3334.385,3334.525,3331.175,3332.205,0.0496
1750882500000,2025-06-25,20:15:00,3332.185,3333.145,3332.055,3332.695,0.0461
1750882800000,2025-06-25,20:20:00,3332.625,3333.125,3332.055,3332.248,0.0418
1750883100000,2025-06-25,20:25:00,3332.285,3332.905,3332.035,3332.605,0.0242
1750883400000,2025-06-25,20:30:00,3332.635,3333.015,3332.318,3332.645,0.0221
1750883700000,2025-06-25,20:35:00,3332.625,3332.885,3332.428,3332.698,0.0201
1750884000000,2025-06-25,20:40:00,3332.748,3333.435,3332.495,3333.385,0.02
1750884300000,2025-06-25,20:45:00,3333.325,3333.345,3331.965,3332.115,0.0254
1750884600000,2025-06-25,20:50:00,3332.095,3332.598,3331.955,3332.298,0.0332
1750884900000,2025-06-25,20:55:00,3332.195,3332.618,3331.648,3332.095,0.0484
1750888800000,2025-06-25,22:00:00,3334.245,3335.598,3333.348,3334.548,0.0555
1750889100000,2025-06-25,22:05:00,3334.248,3334.648,3332.515,3334.148,0.0388
1750889400000,2025-06-25,22:10:00,3334.148,3334.548,3332.998,3333.125,0.0449
1750889700000,2025-06-25,22:15:00,3333.148,3333.348,3331.115,3332.325,0.046
1750890000000,2025-06-25,22:20:00,3332.355,3332.645,3331.145,3331.435,0.0248
1750890300000,2025-06-25,22:25:00,3331.798,3332.425,3331.065,3332.048,0.0183
1750890600000,2025-06-25,22:30:00,3332.048,3333.015,3331.648,3332.835,0.021
1750890900000,2025-06-25,22:35:00,3332.795,3333.505,3332.065,3333.075,0.0289
1750891200000,2025-06-25,22:40:00,3333.055,3334.648,3332.865,3333.898,0.0469
1750891500000,2025-06-25,22:45:00,3333.945,3334.298,3332.298,3332.948,0.0602
1750891800000,2025-06-25,22:50:00,3332.948,3334.098,3332.715,3333.898,0.031
1750892100000,2025-06-25,22:55:00,3333.805,3333.805,3332.755,3332.998,0.0272
1750892400000,2025-06-25,23:00:00,3332.935,3335.048,3332.525,3334.348,0.0832
1750892700000,2025-06-25,23:05:00,3334.448,3336.248,3333.048,3336.098,0.0831
1750893000000,2025-06-25,23:10:00,3336.005,3337.215,3335.998,3336.905,0.0469
1750893300000,2025-06-25,23:15:00,3336.845,3337.148,3336.255,3336.925,0.0501
1750893600000,2025-06-25,23:20:00,3336.905,3337.098,3336.248,3336.648,0.0285
1750893900000,2025-06-25,23:25:00,3336.648,3336.998,3336.398,3336.748,0.0356
1750894200000,2025-06-25,23:30:00,3336.748,3337.748,3336.348,3336.888,0.0379
1750894500000,2025-06-25,23:35:00,3336.845,3337.925,3336.605,3336.698,0.0574
1750894800000,2025-06-25,23:40:00,3336.605,3337.815,3336.605,3337.625,0.0286
1750895100000,2025-06-25,23:45:00,3337.598,3337.998,3337.195,3337.565,0.0385
1750895400000,2025-06-25,23:50:00,3337.535,3339.648,3337.355,3339.105,0.0574
1750895700000,2025-06-25,23:55:00,3339.065,3340.015,3338.765,3338.805,0.0461
1750896000000,2025-06-26,00:00:00,3338.835,3339.125,3332.405,3334.925,0.2617
1750896300000,2025-06-26,00:05:00,3334.998,3335.705,3333.188,3334.645,0.1227
1750896600000,2025-06-26,00:10:00,3334.675,3335.635,3334.495,3335.465,0.0643
1750896900000,2025-06-26,00:15:00,3335.445,3335.695,3334.745,3335.435,0.0519
1750897200000,2025-06-26,00:20:00,3335.345,3336.285,3334.565,3335.135,0.1007
1750897500000,2025-06-26,00:25:00,3335.198,3335.405,3333.005,3333.248,0.2196
1750897800000,2025-06-26,00:30:00,3333.248,3335.148,3331.955,3332.365,0.1057
1750898100000,2025-06-26,00:35:00,3332.248,3334.795,3331.995,3334.575,0.0513
1750898400000,2025-06-26,00:40:00,3334.545,3335.248,3334.155,3334.548,0.0419
1750898700000,2025-06-26,00:45:00,3334.548,3335.455,3332.948,3333.248,0.0657
1750899000000,2025-06-26,00:50:00,3333.248,3333.798,3331.848,3332.495,0.0765
1750899300000,2025-06-26,00:55:00,3332.479,3334.305,3332.275,3333.748,0.0619
1750899600000,2025-06-26,01:00:00,3333.755,3335.148,3331.525,3334.185,0.1765
1750899900000,2025-06-26,01:05:00,3334.248,3336.485,3334.125,3335.898,0.151
1750900200000,2025-06-26,01:10:00,3335.898,3336.598,3331.155,3332.845,0.1814
1750900500000,2025-06-26,01:15:00,3332.865,3334.955,3332.515,3333.705,0.0878
1750900800000,2025-06-26,01:20:00,3333.755,3334.155,3331.348,3331.465,0.0722
1750901100000,2025-06-26,01:25:00,3331.448,3331.815,3329.825,3331.585,0.0987
1750901400000,2025-06-26,01:30:00,3331.625,3332.285,3330.555,3330.795,0.0675
1750901700000,2025-06-26,01:35:00,3330.815,3331.715,3330.625,3331.465,0.0561
1750902000000,2025-06-26,01:40:00,3331.498,3332.595,3331.148,3331.248,0.0831
1750902300000,2025-06-26,01:45:00,3331.248,3333.198,3329.735,3332.198,0.1186
1750902600000,2025-06-26,01:50:00,3332.298,3333.498,3330.698,3330.998,0.1179
1750902900000,2025-06-26,01:55:00,3330.798,3330.955,3328.998,3329.955,0.1784
1750903200000,2025-06-26,02:00:00,3329.855,3331.375,3328.998,3330.748,0.106
1750903500000,2025-06-26,02:05:00,3330.848,3332.248,3330.725,3330.975,0.0512
1750903800000,2025-06-26,02:10:00,3331.035,3332.145,3330.865,3331.805,0.0419
1750904100000,2025-06-26,02:15:00,3331.865,3333.485,3331.385,3333.355,0.0454
1750904400000,2025-06-26,02:20:00,3333.355,3334.448,3332.415,3333.948,0.067
1750904700000,2025-06-26,02:25:00,3334.048,3336.348,3334.025,3335.448,0.1035
1750905000000,2025-06-26,02:30:00,3335.405,3337.348,3335.005,3336.948,0.1509
1750905300000,2025-06-26,02:35:00,3336.988,3338.695,3336.988,3338.065,0.0995
1750905600000,2025-06-26,02:40:00,3338.085,3339.915,3338.085,3339.725,0.1022
1750905900000,2025-06-26,02:45:00,3339.755,3340.365,3338.448,3340.015,0.0808
1750906200000,2025-06-26,02:50:00,3340.035,3341.648,3338.895,3340.765,0.114
1750906500000,2025-06-26,02:55:00,3340.755,3340.765,3338.625,3339.315,0.0717
1750906800000,2025-06-26,03:00:00,3339.385,3339.705,3337.835,3339.205,0.0636
1750907100000,2025-06-26,03:05:00,3339.235,3342.348,3339.105,3342.015,0.1452
1750907400000,2025-06-26,03:10:00,3342.045,3342.985,3340.815,3341.148,0.1099
1750907700000,2025-06-26,03:15:00,3341.048,3341.248,3340.225,3340.898,0.0867
1750908000000,2025-06-26,03:20:00,3340.898,3340.965,3339.945,3340.348,0.0502
1750908300000,2025-06-26,03:25:00,3340.285,3340.385,3338.498,3338.635,0.055
1750908600000,2025-06-26,03:30:00,3338.655,3339.365,3337.395,3337.615,0.0897
1750908900000,2025-06-26,03:35:00,3337.625,3337.725,3336.725,3337.145,0.1407
1750909200000,2025-06-26,03:40:00,3337.115,3338.205,3337.115,3337.885,0.1462
1750909500000,2025-06-26,03:45:00,3337.855,3338.185,3336.155,3338.185,0.1462
1750909800000,2025-06-26,03:50:00,3338.175,3338.625,3337.885,3338.185,0.1543
1750910100000,2025-06-26,03:55:00,3338.185,3338.565,3337.415,3337.755,0.2284
1750910400000,2025-06-26,04:00:00,3337.755,3337.865,3337.098,3337.115,0.1913
1750910700000,2025-06-26,04:05:00,3337.198,3337.798,3336.598,3337.315,0.079
1750911000000,2025-06-26,04:10:00,3337.315,3337.315,3335.385,3336.075,0.1749
1750911300000,2025-06-26,04:15:00,3336.055,3337.395,3335.805,3336.765,0.1093
1750911600000,2025-06-26,04:20:00,3336.605,3336.915,3335.795,3335.898,0.1033
1750911900000,2025-06-26,04:25:00,3335.898,3335.998,3335.348,3335.555,0.1287
1750912200000,2025-06-26,04:30:00,3335.555,3335.755,3334.048,3334.348,0.1128
1750912500000,2025-06-26,04:35:00,3334.348,3334.915,3334.048,3334.848,0.1132
1750912800000,2025-06-26,04:40:00,3334.839,3335.375,3334.035,3334.848,0.0733
1750913100000,2025-06-26,04:45:00,3334.835,3335.325,3334.048,3335.065,0.0525
1750913400000,2025-06-26,04:50:00,3334.905,3335.335,3334.345,3335.285,0.0276
1750913700000,2025-06-26,04:55:00,3335.255,3335.455,3333.155,3333.748,0.1918
1750914000000,2025-06-26,05:00:00,3333.748,3334.105,3333.048,3333.948,0.0635
1750914300000,2025-06-26,05:05:00,3333.895,3334.175,3332.915,3333.315,0.0663
1750914600000,2025-06-26,05:10:00,3333.275,3334.625,3333.075,3333.755,0.0742
1750914900000,2025-06-26,05:15:00,3333.725,3334.448,3333.215,3334.148,0.0483
1750915200000,2025-06-26,05:20:00,3334.148,3335.455,3333.675,3335.248,0.1822
1750915500000,2025-06-26,05:25:00,3335.248,3335.598,3333.698,3333.965,0.1079
1750915800000,2025-06-26,05:30:00,3333.948,3336.975,3332.148,3336.548,0.2033
1750916100000,2025-06-26,05:35:00,3336.575,3338.025,3336.545,3337.015,0.1698
1750916400000,2025-06-26,05:40:00,3337.015,3337.035,3334.765,3335.365,0.1714
1750916700000,2025-06-26,05:45:00,3335.448,3336.148,3334.848,3335.748,0.1184
1750917000000,2025-06-26,05:50:00,3335.719,3336.695,3335.135,3335.605,0.1263
1750917300000,2025-06-26,05:55:00,3335.599,3335.898,3333.048,3333.848,0.2186
1750917600000,2025-06-26,06:00:00,3333.865,3335.285,3333.095,3333.145,0.0696
1750917900000,2025-06-26,06:05:00,3333.145,3333.415,3331.465,3331.62,0.1062
1750918200000,2025-06-26,06:10:00,3331.62,3333.005,3330.755,3332.465,0.0993
1750918500000,2025-06-26,06:15:00,3332.448,3333.798,3331.198,3333.625,0.095
1750918800000,2025-06-26,06:20:00,3333.598,3335.698,3332.965,3335.615,0.0847
1750919100000,2025-06-26,06:25:00,3335.698,3336.985,3335.605,3336.748,0.1008
1750919400000,2025-06-26,06:30:00,3336.785,3337.798,3334.018,3334.485,0.1399
1750919700000,2025-06-26,06:35:00,3334.475,3337.185,3332.375,3335.675,0.1413
1750920000000,2025-06-26,06:40:00,3335.645,3337.185,3335.125,3336.955,0.0599
1750920300000,2025-06-26,06:45:00,3336.925,3338.325,3336.705,3337.175,0.1007
1750920600000,2025-06-26,06:50:00,3337.038,3339.175,3336.705,3339.015,0.1076
1750920900000,2025-06-26,06:55:00,3339.015,3340.175,3338.775,3339.648,0.1995
1750921200000,2025-06-26,07:00:00,3339.648,3341.748,3339.525,3340.915,0.1768
1750921500000,2025-06-26,07:05:00,3340.925,3343.159,3340.925,3342.295,0.1079
1750921800000,2025-06-26,07:10:00,3342.295,3343.655,3340.898,3342.985,0.1928
1750922100000,2025-06-26,07:15:00,3342.905,3344.645,3342.905,3343.998,0.1208
1750922400000,2025-06-26,07:20:00,3343.975,3345.269,3343.585,3345.265,0.107
1750922700000,2025-06-26,07:25:00,3345.285,3345.785,3343.895,3345.225,0.1058
1750923000000,2025-06-26,07:30:00,3345.275,3346.135,3344.835,3345.415,0.1118
1750923300000,2025-06-26,07:35:00,3345.525,3346.715,3345.245,3345.295,0.1754
1750923600000,2025-06-26,07:40:00,3345.305,3346.235,3344.648,3345.935,0.145
1750923900000,2025-06-26,07:45:00,3345.825,3346.955,3345.075,3345.605,0.0955
1750924200000,2025-06-26,07:50:00,3345.645,3346.935,3345.215,3345.505,0.064
1750924500000,2025-06-26,07:55:00,3345.505,3346.145,3344.855,3345.835,0.0751
1750924800000,2025-06-26,08:00:00,3345.815,3347.055,3345.305,3345.575,0.0965
1750925100000,2025-06-26,08:05:00,3345.525,3346.765,3344.358,3345.448,0.1535
1750925400000,2025-06-26,08:10:00,3345.448,3346.845,3344.148,3346.815,0.1374
1750925700000,2025-06-26,08:15:00,3346.775,3347.245,3345.185,3346.135,0.0946
1750926000000,2025-06-26,08:20:00,3346.105,3346.485,3345.215,3346.195,0.0538
1750926300000,2025-06-26,08:25:00,3346.055,3346.395,3345.115,3345.315,0.0654
1750926600000,2025-06-26,08:30:00,3345.315,3345.805,3344.895,3345.485,0.0568
1750926900000,2025-06-26,08:35:00,3345.525,3347.095,3345.125,3346.745,0.0787
1750927200000,2025-06-26,08:40:00,3346.765,3347.298,3345.655,3346.598,0.1192
1750927500000,2025-06-26,08:45:00,3346.605,3348.498,3346.248,3347.625,0.1629
1750927800000,2025-06-26,08:50:00,3347.598,3347.948,3346.095,3347.475,0.1973
1750928100000,2025-06-26,08:55:00,3347.448,3350.025,3347.348,3347.898,0.1996
1750928400000,2025-06-26,09:00:00,3347.898,3348.478,3343.738,3344.785,0.1707
1750928700000,2025-06-26,09:05:00,3344.785,3344.905,3343.198,3344.025,0.1166
1750929000000,2025-06-26,09:10:00,3344.065,3344.065,3340.295,3340.825,0.1295
1750929300000,2025-06-26,09:15:00,3340.805,3341.898,3339.895,3339.938,0.1079
1750929600000,2025-06-26,09:20:00,3339.938,3340.598,3339.028,3339.228,0.1141
1750929900000,2025-06-26,09:25:00,3339.245,3340.488,3338.978,3340.388,0.1349
1750930200000,2025-06-26,09:30:00,3340.388,3341.148,3338.455,3339.068,0.1449
1750930500000,2025-06-26,09:35:00,3339.078,3341.765,3338.958,3341.355,0.0746
1750930800000,2025-06-26,09:40:00,3341.348,3341.835,3340.448,3340.448,0.0618
1750931100000,2025-06-26,09:45:00,3340.448,3340.648,3338.855,3340.448,0.1265
1750931400000,2025-06-26,09:50:00,3340.455,3341.205,3339.948,3340.675,0.0477
1750931700000,2025-06-26,09:55:00,3340.715,3341.135,3338.948,3340.415,0.0834
1750932000000,2025-06-26,10:00:00,3340.415,3341.875,3339.455,3339.455,0.0666
1750932300000,2025-06-26,10:05:00,3339.415,3340.265,3338.405,3339.185,0.0796
1750932600000,2025-06-26,10:10:00,3339.155,3340.505,3338.195,3339.405,0.0785
1750932900000,2025-06-26,10:15:00,3339.425,3339.825,3338.405,3338.925,0.0517
1750933200000,2025-06-26,10:20:00,3338.925,3339.215,3338,3338.795,0.0578
1750933500000,2025-06-26,10:25:00,3338.625,3340.505,3338.275,3340.155,0.0404
1750933800000,2025-06-26,10:30:00,3340.185,3340.845,3340.135,3340.345,0.0436
1750934100000,2025-06-26,10:35:00,3340.365,3340.765,3338.148,3339.748,0.0533
1750934400000,2025-06-26,10:40:00,3339.715,3340.248,3338.589,3339.048,0.0453
1750934700000,2025-06-26,10:45:00,3339.048,3340.748,3339.048,3339.848,0.063
1750935000000,2025-06-26,10:50:00,3339.848,3341.748,3339.835,3341.435,0.051
1750935300000,2025-06-26,10:55:00,3341.465,3343.185,3340.535,3343.048,0.0854
1750935600000,2025-06-26,11:00:00,3343.048,3343.819,3341.848,3341.948,0.1505
1750935900000,2025-06-26,11:05:00,3341.889,3342.148,3341.335,3341.528,0.0924
1750936200000,2025-06-26,11:10:00,3341.528,3341.848,3340.848,3341.165,0.0617
1750936500000,2025-06-26,11:15:00,3340.959,3341.778,3340.029,3340.459,0.1735
1750936800000,2025-06-26,11:20:00,3340.449,3341.248,3339.485,3340.469,0.1356
1750937100000,2025-06-26,11:25:00,3340.469,3340.579,3338.829,3338.949,0.1258
1750937400000,2025-06-26,11:30:00,3338.999,3339.539,3336.158,3336.385,0.0986
1750937700000,2025-06-26,11:35:00,3336.415,3336.509,3334.275,3335.375,0.1177
1750938000000,2025-06-26,11:40:00,3335.325,3335.355,3332.548,3333.498,0.133
1750938300000,2025-06-26,11:45:00,3333.548,3334.248,3331.698,3334.148,0.1175
1750938600000,2025-06-26,11:50:00,3334.085,3335.648,3332.295,3332.888,0.1299
1750938900000,2025-06-26,11:55:00,3332.895,3333.545,3331.235,3332.625,0.1117
1750939200000,2025-06-26,12:00:00,3332.655,3335.398,3331.848,3335.135,0.1701
1750939500000,2025-06-26,12:05:00,3335.135,3335.485,3333.925,3335.285,0.0824
1750939800000,2025-06-26,12:10:00,3335.285,3336.795,3334.625,3334.665,0.0925
1750940100000,2025-06-26,12:15:00,3334.615,3335.365,3333.955,3334.795,0.0784
1750940400000,2025-06-26,12:20:00,3334.755,3338.395,3334.755,3336.565,0.1004
1750940700000,2025-06-26,12:25:00,3336.598,3343.905,3336.558,3342.155,0.1098
1750941000000,2025-06-26,12:30:00,3342.205,3343.065,3333.398,3333.815,0.2399
1750941300000,2025-06-26,12:35:00,3333.698,3335.885,3330.655,3333.385,0.3379
1750941600000,2025-06-26,12:40:00,3333.455,3335.175,3330.215,3334.075,0.1652
1750941900000,2025-06-26,12:45:00,3334.055,3335.248,3328.435,3331.165,0.2021
1750942200000,2025-06-26,12:50:00,3331.195,3331.525,3325.778,3326.548,0.2199
1750942500000,2025-06-26,12:55:00,3326.545,3327.048,3321.465,3321.865,0.296
1750942800000,2025-06-26,13:00:00,3321.875,3324.548,3318.075,3322.448,0.4205
1750943100000,2025-06-26,13:05:00,3322.248,3324.465,3318,3318,0.3166
1750943400000,2025-06-26,13:10:00,3318,3320.198,3315.978,3319.298,0.2794
1750943700000,2025-06-26,13:15:00,3319.245,3324.905,3318.058,3324.905,0.2563
1750944000000,2025-06-26,13:20:00,3324.845,3325.215,3322.095,3323.405,0.1547
1750944300000,2025-06-26,13:25:00,3323.405,3324.198,3318.548,3319.148,0.1928
1750944600000,2025-06-26,13:30:00,3319.075,3321.398,3312.568,3313.465,0.3551
1750944900000,2025-06-26,13:35:00,3313.548,3315.148,3309.695,3310.905,0.3995
1750945200000,2025-06-26,13:40:00,3310.998,3321.298,3310.315,3321.255,0.2837
1750945500000,2025-06-26,13:45:00,3321.165,3326.368,3319.548,3325.648,0.32
1750945800000,2025-06-26,13:50:00,3325.535,3328.548,3324.425,3327.848,0.2879
1750946100000,2025-06-26,13:55:00,3328.048,3328.348,3319.415,3319.478,0.21
1750946400000,2025-06-26,14:00:00,3319.478,3321.575,3316.748,3318.585,0.2403
1750946700000,2025-06-26,14:05:00,3318.635,3322.748,3317.645,3321.648,0.2027
1750947000000,2025-06-26,14:10:00,3321.648,3322.485,3320.448,3321.998,0.2628
1750947300000,2025-06-26,14:15:00,3322.048,3323.568,3319.198,3321.248,0.2635
1750947600000,2025-06-26,14:20:00,3321.005,3321.148,3315.825,3316.048,0.1841
1750947900000,2025-06-26,14:25:00,3316.048,3318.348,3312.838,3313.535,0.2535
1750948200000,2025-06-26,14:30:00,3313.625,3315.325,3312.098,3313.748,0.2466
1750948500000,2025-06-26,14:35:00,3313.748,3316.585,3311.705,3312.655,0.2352
1750948800000,2025-06-26,14:40:00,3312.655,3319.998,3312.565,3319.048,0.2045
1750949100000,2025-06-26,14:45:00,3319.115,3320.548,3316.925,3319.075,0.2184
1750949400000,2025-06-26,14:50:00,3319.075,3320.148,3317.948,3318.315,0.2171
1750949700000,2025-06-26,14:55:00,3318.248,3318.255,3316.585,3318.098,0.2508
1750950000000,2025-06-26,15:00:00,3318.145,3321.848,3318.145,3320.848,0.2107
1750950300000,2025-06-26,15:05:00,3320.855,3323.005,3320.395,3322.398,0.1976
1750950600000,2025-06-26,15:10:00,3322.198,3323.298,3320.865,3322.998,0.1475
1750950900000,2025-06-26,15:15:00,3322.955,3323.535,3321.878,3322.548,0.127
1750951200000,2025-06-26,15:20:00,3322.548,3323.048,3320.705,3321.965,0.1179
1750951500000,2025-06-26,15:25:00,3321.948,3323.048,3320.995,3321.998,0.1423
1750951800000,2025-06-26,15:30:00,3322.045,3323.225,3321.148,3322.155,0.1432
1750952100000,2025-06-26,15:35:00,3321.955,3323.425,3320.625,3322.775,0.1106
1750952400000,2025-06-26,15:40:00,3322.775,3323.165,3321.005,3322.845,0.071
1750952700000,2025-06-26,15:45:00,3322.865,3323.075,3321.175,3322.635,0.0699
1750953000000,2025-06-26,15:50:00,3322.665,3324.798,3322.665,3324.005,0.0787
1750953300000,2025-06-26,15:55:00,3324.005,3324.848,3323.898,3324.748,0.0696
1750953600000,2025-06-26,16:00:00,3324.685,3324.935,3323.748,3324.698,0.0811
1750953900000,2025-06-26,16:05:00,3324.798,3324.955,3323.505,3324.798,0.0759
1750954200000,2025-06-26,16:10:00,3324.715,3326.298,3324.698,3325.498,0.0772
1750954500000,2025-06-26,16:15:00,3325.498,3327.035,3325.348,3327.015,0.0872
1750954800000,2025-06-26,16:20:00,3327.045,3329.648,3327.045,3329.648,0.1258
1750955100000,2025-06-26,16:25:00,3330.319,3330.698,3328.978,3329.398,0.2711
1750955400000,2025-06-26,16:30:00,3329.529,3331.498,3329.268,3330.825,0.1439
1750955700000,2025-06-26,16:35:00,3330.798,3332.198,3330.748,3332.098,0.0829
1750956000000,2025-06-26,16:40:00,3332.035,3332.348,3331.348,3331.648,0.1035
1750956300000,2025-06-26,16:45:00,3331.648,3332.675,3330.248,3332.665,0.1225
1750956600000,2025-06-26,16:50:00,3332.648,3332.998,3331.798,3332.198,0.1026
1750956900000,2025-06-26,16:55:00,3332.298,3333.098,3330.925,3331.068,0.1127
1750957200000,2025-06-26,17:00:00,3330.995,3333.048,3330.889,3332.755,0.1037
1750957500000,2025-06-26,17:05:00,3332.748,3333.248,3331.325,3332.198,0.0874
1750957800000,2025-06-26,17:10:00,3332.298,3332.798,3331.198,3332.298,0.0591
1750958100000,2025-06-26,17:15:00,3332.098,3333.315,3332.098,3332.825,0.088
1750958400000,2025-06-26,17:20:00,3332.798,3335.398,3332.398,3334.355,0.0954
1750958700000,2025-06-26,17:25:00,3334.448,3334.748,3332.778,3334.348,0.1176
1750959000000,2025-06-26,17:30:00,3334.285,3334.548,3333.098,3333.448,0.0911
1750959300000,2025-06-26,17:35:00,3333.448,3334.265,3332.748,3334.048,0.0791
1750959600000,2025-06-26,17:40:00,3333.948,3335.148,3333.848,3334.648,0.0681
1750959900000,2025-06-26,17:45:00,3334.655,3335.748,3334.268,3335.555,0.0688
1750960200000,2025-06-26,17:50:00,3335.548,3336.198,3333.755,3333.778,0.0906
1750960500000,2025-06-26,17:55:00,3333.678,3334.258,3332.018,3332.478,0.125
1750960800000,2025-06-26,18:00:00,3332.518,3333.198,3331.038,3333.198,0.1137
1750961100000,2025-06-26,18:05:00,3333.155,3334.115,3332.658,3332.988,0.0953
1750961400000,2025-06-26,18:10:00,3333.055,3334.648,3332.955,3333.748,0.0744
1750961700000,2025-06-26,18:15:00,3333.648,3333.648,3332.198,3332.598,0.0771
1750962000000,2025-06-26,18:20:00,3332.578,3333.448,3332.468,3333.135,0.0567
1750962300000,2025-06-26,18:25:00,3333.155,3333.655,3332.238,3332.248,0.0881
1750962600000,2025-06-26,18:30:00,3332.305,3332.998,3332.055,3332.998,0.0744
1750962900000,2025-06-26,18:35:00,3333.005,3333.548,3332.148,3333.448,0.0703
1750963200000,2025-06-26,18:40:00,3333.548,3333.648,3332.648,3332.935,0.0512
1750963500000,2025-06-26,18:45:00,3332.945,3334.565,3332.665,3334.365,0.0581
1750963800000,2025-06-26,18:50:00,3334.385,3334.448,3333.615,3333.835,0.0698
1750964100000,2025-06-26,18:55:00,3333.808,3334.285,3333.535,3333.815,0.096
1750964400000,2025-06-26,19:00:00,3333.815,3334.105,3333.295,3333.298,0.0728
1750964700000,2025-06-26,19:05:00,3333.345,3333.398,3330.748,3330.848,0.1046
1750965000000,2025-06-26,19:10:00,3330.848,3331.048,3329.755,3329.798,0.0901
1750965300000,2025-06-26,19:15:00,3329.798,3330.098,3328.048,3328.208,0.123
1750965600000,2025-06-26,19:20:00,3328.208,3330.055,3328.178,3329.348,0.1124
1750965900000,2025-06-26,19:25:00,3329.325,3330.825,3328.905,3330.725,0.1006
1750966200000,2025-06-26,19:30:00,3330.765,3331.398,3330.118,3330.478,0.0942
1750966500000,2025-06-26,19:35:00,3330.498,3331.208,3330.308,3330.838,0.1572
1750966800000,2025-06-26,19:40:00,3330.845,3331.238,3330.225,3330.245,0.1263
1750967100000,2025-06-26,19:45:00,3330.258,3330.555,3329.135,3329.448,0.1174
1750967400000,2025-06-26,19:50:00,3329.448,3330.145,3328.935,3329.855,0.1536
1750967700000,2025-06-26,19:55:00,3329.965,3331.295,3329.428,3331.048,0.13
1750968000000,2025-06-26,20:00:00,3331.085,3332.145,3331.015,3331.748,0.0603
1750968300000,2025-06-26,20:05:00,3331.548,3331.648,3330.198,3330.298,0.0358
1750968600000,2025-06-26,20:10:00,3330.298,3331.498,3330.298,3331.498,0.0208
1750968900000,2025-06-26,20:15:00,3331.515,3331.598,3330.375,3330.375,0.0302
1750969200000,2025-06-26,20:20:00,3330.348,3330.475,3328.825,3329.098,0.0287
1750969500000,2025-06-26,20:25:00,3329.298,3330.398,3329.198,3330.398,0.0094
1750969800000,2025-06-26,20:30:00,3330.415,3330.705,3329.248,3330.048,0.023
1750970100000,2025-06-26,20:35:00,3330.035,3330.275,3329.848,3330.048,0.0201
1750970400000,2025-06-26,20:40:00,3330.148,3330.148,3329.148,3329.248,0.0285
1750970700000,2025-06-26,20:45:00,3329.248,3329.975,3328.825,3329.975,0.0348
1750971000000,2025-06-26,20:50:00,3329.648,3329.848,3327.998,3328.398,0.042
1750971300000,2025-06-26,20:55:00,3328.298,3328.648,3327.405,3327.705,0.0361
1750975200000,2025-06-26,22:00:00,3327.358,3327.698,3323.585,3325.115,0.0815
1750975500000,2025-06-26,22:05:00,3325.115,3325.135,3322.348,3323.648,0.0523
1750975800000,2025-06-26,22:10:00,3323.648,3324.848,3323.048,3324.048,0.0344
1750976100000,2025-06-26,22:15:00,3324.048,3324.048,3320.915,3322.348,0.0431
1750976400000,2025-06-26,22:20:00,3322.348,3322.448,3321.048,3321.648,0.0227
1750976700000,2025-06-26,22:25:00,3321.648,3323.148,3320.905,3322.348,0.0331
1750977000000,2025-06-26,22:30:00,3322.345,3323.648,3322.148,3322.348,0.0357
1750977300000,2025-06-26,22:35:00,3322.448,3322.848,3321.748,3321.748,0.0302
1750977600000,2025-06-26,22:40:00,3321.348,3321.348,3319.275,3319.748,0.0461
1750977900000,2025-06-26,22:45:00,3319.685,3320.548,3318.648,3320.455,0.0613
1750978200000,2025-06-26,22:50:00,3320.455,3322.148,3320.445,3321.948,0.0435
1750978500000,2025-06-26,22:55:00,3322.048,3322.248,3320.448,3321.148,0.0367
1750978800000,2025-06-26,23:00:00,3321.025,3323.348,3320.848,3321.648,0.0627
1750979100000,2025-06-26,23:05:00,3321.748,3323.048,3321.625,3322.948,0.0286
1750979400000,2025-06-26,23:10:00,3322.948,3323.148,3322.035,3322.848,0.0316
1750979700000,2025-06-26,23:15:00,3322.848,3323.348,3321.748,3322.248,0.03
1750980000000,2025-06-26,23:20:00,3322.248,3322.948,3321.548,3322.748,0.0246
1750980300000,2025-06-26,23:25:00,3322.655,3322.848,3320.998,3321.348,0.0263
1750980600000,2025-06-26,23:30:00,3321.348,3321.648,3318.235,3318.485,0.0579
1750980900000,2025-06-26,23:35:00,3318.445,3319.595,3317.935,3319.165,0.0499
1750981200000,2025-06-26,23:40:00,3319.185,3319.625,3318.605,3319.348,0.0308
1750981500000,2025-06-26,23:45:00,3319.355,3320.748,3319.275,3320.115,0.0344
1750981800000,2025-06-26,23:50:00,3320.098,3320.185,3317.335,3317.545,0.053
1750982100000,2025-06-26,23:55:00,3317.598,3318.498,3315.948,3318.498,0.0693
1750982400000,2025-06-27,00:00:00,3318.395,3319.648,3315.095,3316.225,0.0997
1750982700000,2025-06-27,00:05:00,3316.295,3317.275,3314.765,3317.235,0.0631
1750983000000,2025-06-27,00:10:00,3317.265,3318.405,3316.605,3316.645,0.0482
1750983300000,2025-06-27,00:15:00,3316.695,3316.715,3315.055,3316.165,0.0554
1750983600000,2025-06-27,00:20:00,3316.155,3316.155,3313.448,3314.048,0.0639
1750983900000,2025-06-27,00:25:00,3313.955,3314.915,3313.355,3314.855,0.0589
1750984200000,2025-06-27,00:30:00,3314.875,3315.648,3313.925,3314.048,0.0709
1750984500000,2025-06-27,00:35:00,3314.048,3314.948,3312.998,3313.635,0.0732
1750984800000,2025-06-27,00:40:00,3313.585,3315.255,3313.585,3314.815,0.0482
1750985100000,2025-06-27,00:45:00,3314.845,3314.885,3313.995,3314.555,0.0644
1750985400000,2025-06-27,00:50:00,3314.598,3317.645,3313.598,3317.625,0.108
1750985700000,2025-06-27,00:55:00,3317.548,3318.748,3316.698,3318.648,0.1564
1750986000000,2025-06-27,01:00:00,3318.635,3319.898,3316.648,3318.948,0.2088
1750986300000,2025-06-27,01:05:00,3318.935,3319.248,3316.095,3316.805,0.1044
1750986600000,2025-06-27,01:10:00,3316.725,3317.855,3315.648,3316.348,0.0845
1750986900000,2025-06-27,01:15:00,3316.375,3319.035,3315.498,3315.815,0.0984
1750987200000,2025-06-27,01:20:00,3315.785,3318.198,3314.775,3317.085,0.0886
1750987500000,2025-06-27,01:25:00,3317.105,3321.085,3316.998,3320.995,0.0781
1750987800000,2025-06-27,01:30:00,3321.035,3321.845,3319.265,3320.098,0.1138
1750988100000,2025-06-27,01:35:00,3320.098,3320.325,3318.215,3318.315,0.0677
1750988400000,2025-06-27,01:40:00,3318.335,3318.498,3315.798,3316.548,0.1768
1750988700000,2025-06-27,01:45:00,3316.555,3316.575,3314.615,3315.945,0.1078
1750989000000,2025-06-27,01:50:00,3315.939,3318.435,3315.935,3317.725,0.0885
1750989300000,2025-06-27,01:55:00,3317.675,3318.445,3316.145,3316.195,0.1326
1750989600000,2025-06-27,02:00:00,3316.195,3318.375,3314.355,3318.115,0.1618
1750989900000,2025-06-27,02:05:00,3318.145,3320.215,3318.145,3319.845,0.0856
1750990200000,2025-06-27,02:10:00,3319.855,3320.205,3317.598,3317.598,0.1172
1750990500000,2025-06-27,02:15:00,3317.598,3319.148,3317.198,3318.948,0.0945
1750990800000,2025-06-27,02:20:00,3318.948,3319.648,3316.015,3316.148,0.1019
1750991100000,2025-06-27,02:25:00,3316.148,3316.548,3313.555,3313.735,0.139
1750991400000,2025-06-27,02:30:00,3313.665,3313.915,3311.798,3313.055,0.2573
1750991700000,2025-06-27,02:35:00,3313.085,3313.135,3310.765,3311.448,0.1365
1750992000000,2025-06-27,02:40:00,3311.415,3312.659,3310.705,3311.585,0.1374
1750992300000,2025-06-27,02:45:00,3311.565,3311.648,3308.648,3310.848,0.1687
1750992600000,2025-06-27,02:50:00,3310.865,3311.955,3309.795,3310.825,0.1062
1750992900000,2025-06-27,02:55:00,3310.785,3311.605,3308.315,3308.615,0.134
1750993200000,2025-06-27,03:00:00,3308.565,3310.698,3308.325,3309.225,0.131
1750993500000,2025-06-27,03:05:00,3309.198,3309.498,3305.225,3306.955,0.3434
1750993800000,2025-06-27,03:10:00,3306.935,3307.155,3304.245,3304.665,0.1467
1750994100000,2025-06-27,03:15:00,3304.715,3304.715,3300.495,3300.965,0.3838
1750994400000,2025-06-27,03:20:00,3300.948,3301.998,3299.205,3299.598,0.3785
1750994700000,2025-06-27,03:25:00,3299.535,3303.025,3299.245,3302.205,0.2453
1750995000000,2025-06-27,03:30:00,3302.245,3303.465,3301.365,3302.195,0.1601
1750995300000,2025-06-27,03:35:00,3302.165,3302.548,3299.745,3300.025,0.1284
1750995600000,2025-06-27,03:40:00,3300.098,3300.298,3297.975,3298.835,0.1121
1750995900000,2025-06-27,03:45:00,3298.895,3298.895,3296.048,3296.798,0.1697
1750996200000,2025-06-27,03:50:00,3296.805,3296.805,3294.648,3296.005,0.1611
1750996500000,2025-06-27,03:55:00,3296.045,3296.298,3292.398,3294.065,0.1342
1750996800000,2025-06-27,04:00:00,3294.055,3294.248,3290.825,3293.475,0.1917
1750997100000,2025-06-27,04:05:00,3293.455,3294.148,3291.285,3293.398,0.0966
1750997400000,2025-06-27,04:10:00,3293.498,3294.398,3292.845,3293.248,0.0672
1750997700000,2025-06-27,04:15:00,3293.215,3295.018,3292.928,3293.698,0.0716
1750998000000,2025-06-27,04:20:00,3293.555,3294.715,3292.645,3294.705,0.0618
1750998300000,2025-06-27,04:25:00,3294.755,3295.268,3293.555,3293.905,0.0469
1750998600000,2025-06-27,04:30:00,3293.945,3294.865,3293.285,3293.735,0.0558
1750998900000,2025-06-27,04:35:00,3293.825,3296.518,3292.925,3296.415,0.0835
1750999200000,2025-06-27,04:40:00,3296.415,3297.425,3295.368,3295.985,0.0612
1750999500000,2025-06-27,04:45:00,3295.955,3297.048,3295.448,3295.448,0.0668
1750999800000,2025-06-27,04:50:00,3295.448,3296.398,3293.948,3295.225,0.063
1751000100000,2025-06-27,04:55:00,3295.075,3295.255,3292.975,3293.775,0.0787
1751000400000,2025-06-27,05:00:00,3293.815,3296.145,3293.665,3295.155,0.0495
1751000700000,2025-06-27,05:05:00,3295.065,3295.448,3292.985,3293.025,0.0559
1751001000000,2025-06-27,05:10:00,3292.995,3293.548,3288.998,3293.545,0.1782
1751001300000,2025-06-27,05:15:00,3293.645,3299.348,3293.075,3296.548,0.1279
1751001600000,2025-06-27,05:20:00,3296.505,3297.065,3293.965,3295.575,0.0964
1751001900000,2025-06-27,05:25:00,3295.525,3298.015,3295.095,3298.015,0.0678
1751002200000,2025-06-27,05:30:00,3297.965,3298.505,3294.835,3298.355,0.1418
1751002500000,2025-06-27,05:35:00,3298.395,3299.248,3296.895,3298.548,0.0815
1751002800000,2025-06-27,05:40:00,3298.648,3300.595,3298.205,3300.505,0.109
1751003100000,2025-06-27,05:45:00,3300.535,3300.725,3296.255,3296.785,0.1002
1751003400000,2025-06-27,05:50:00,3296.805,3299.865,3296.475,3297.945,0.0871
1751003700000,2025-06-27,05:55:00,3297.925,3297.925,3295.798,3297.135,0.1109
1751004000000,2025-06-27,06:00:00,3297.135,3299.755,3293.521,3298.605,0.1752
1751004300000,2025-06-27,06:05:00,3298.655,3298.655,3292.595,3292.705,0.237
1751004600000,2025-06-27,06:10:00,3292.715,3294.905,3292.415,3294.475,0.123
1751004900000,2025-06-27,06:15:00,3294.505,3296.398,3293.425,3295.148,0.1062
1751005200000,2025-06-27,06:20:00,3295.165,3296.748,3293.315,3295.555,0.1609
1751005500000,2025-06-27,06:25:00,3295.648,3296.198,3292.665,3294.398,0.1025
1751005800000,2025-06-27,06:30:00,3294.305,3294.948,3291.405,3292.035,0.1189
1751006100000,2025-06-27,06:35:00,3292.045,3292.575,3286.748,3287.355,0.1917
1751006400000,2025-06-27,06:40:00,3287.355,3291.548,3286.628,3288.048,0.2036
1751006700000,2025-06-27,06:45:00,3288.055,3290.298,3287.315,3289.595,0.1699
1751007000000,2025-06-27,06:50:00,3289.695,3292.615,3289.465,3291.395,0.1299
1751007300000,2025-06-27,06:55:00,3291.065,3295.765,3290.855,3294.748,0.1387
1751007600000,2025-06-27,07:00:00,3294.748,3295.048,3290.908,3291.085,0.1179
1751007900000,2025-06-27,07:05:00,3291.108,3291.398,3287.575,3287.965,0.2032
1751008200000,2025-06-27,07:10:00,3287.935,3288.325,3286.755,3287.205,0.1146
1751008500000,2025-06-27,07:15:00,3287.195,3287.785,3286.425,3286.535,0.0979
1751008800000,2025-06-27,07:20:00,3286.515,3288.385,3283.565,3284.028,0.1749
1751009100000,2025-06-27,07:25:00,3284.038,3289.598,3283.345,3288.925,0.2446
1751009400000,2025-06-27,07:30:00,3288.935,3289.748,3287.345,3287.798,0.1279
1751009700000,2025-06-27,07:35:00,3287.778,3289.045,3285.475,3285.725,0.106
1751010000000,2025-06-27,07:40:00,3285.655,3288.175,3284.848,3287.148,0.1212
1751010300000,2025-06-27,07:45:00,3287.115,3287.365,3284.845,3286.655,0.107
1751010600000,2025-06-27,07:50:00,3286.705,3287.655,3285.875,3286.775,0.097
1751010900000,2025-06-27,07:55:00,3286.735,3286.995,3284.095,3284.195,0.1178
1751011200000,2025-06-27,08:00:00,3284.195,3286.848,3284.189,3285.725,0.1511
1751011500000,2025-06-27,08:05:00,3285.698,3287.698,3285.325,3286.955,0.117
1751011800000,2025-06-27,08:10:00,3286.955,3286.955,3282.148,3283.545,0.1348
1751012100000,2025-06-27,08:15:00,3283.545,3287.248,3283.545,3285.795,0.1343
1751012400000,2025-06-27,08:20:00,3285.735,3285.875,3281.698,3284.385,0.1218
1751012700000,2025-06-27,08:25:00,3284.405,3285.135,3282.415,3283.225,0.107
1751013000000,2025-06-27,08:30:00,3283.255,3284.775,3282.735,3284.048,0.1239
1751013300000,2025-06-27,08:35:00,3284.075,3284.555,3282.915,3284.048,0.0753
1751013600000,2025-06-27,08:40:00,3284.055,3287.825,3283.965,3287.505,0.0891
1751013900000,2025-06-27,08:45:00,3287.555,3289.985,3287.525,3289.775,0.086
1751014200000,2025-06-27,08:50:00,3289.775,3290.745,3288.315,3289.185,0.0866
1751014500000,2025-06-27,08:55:00,3289.205,3290.915,3288.905,3289.275,0.0626
1751014800000,2025-06-27,09:00:00,3289.255,3289.645,3287.865,3287.865,0.0707
1751015100000,2025-06-27,09:05:00,3287.755,3289.365,3286.995,3288.235,0.0653
1751015400000,2025-06-27,09:10:00,3288.265,3289.465,3285.245,3285.285,0.101
1751015700000,2025-06-27,09:15:00,3285.285,3287.375,3283.995,3287.035,0.1639
1751016000000,2025-06-27,09:20:00,3287.065,3287.815,3285.145,3286.255,0.0878
1751016300000,2025-06-27,09:25:00,3286.235,3288.175,3284.635,3285.455,0.089
1751016600000,2025-06-27,09:30:00,3285.475,3286.898,3284.785,3286.755,0.0837
1751016900000,2025-06-27,09:35:00,3286.735,3288.775,3286.155,3287.315,0.0886
1751017200000,2025-06-27,09:40:00,3287.515,3289.415,3286.848,3286.975,0.0777
1751017500000,2025-06-27,09:45:00,3286.985,3287.735,3286.355,3287.198,0.0559
1751017800000,2025-06-27,09:50:00,3287.255,3287.815,3285.048,3285.185,0.0829
1751018100000,2025-06-27,09:55:00,3285.275,3285.275,3281.895,3282.565,0.1024
1751018400000,2025-06-27,10:00:00,3282.615,3285.735,3282.295,3285.405,0.073
1751018700000,2025-06-27,10:05:00,3285.435,3290.275,3285.415,3289.285,0.0788
1751019000000,2025-06-27,10:10:00,3289.305,3290.188,3288.185,3288.365,0.076
1751019300000,2025-06-27,10:15:00,3288.405,3290.455,3287.995,3290.165,0.061
1751019600000,2025-06-27,10:20:00,3290.155,3290.715,3286.405,3286.535,0.155
1751019900000,2025-06-27,10:25:00,3286.515,3288.565,3286.195,3287.215,0.1076
1751020200000,2025-06-27,10:30:00,3287.235,3287.615,3286.555,3286.775,0.0793
1751020500000,2025-06-27,10:35:00,3286.775,3287.355,3286.195,3287.005,0.088
1751020800000,2025-06-27,10:40:00,3287.005,3287.135,3283.275,3284.825,0.1312
1751021100000,2025-06-27,10:45:00,3284.865,3285.135,3282.825,3282.965,0.1357
1751021400000,2025-06-27,10:50:00,3282.755,3283.385,3279.545,3281.805,0.1698
1751021700000,2025-06-27,10:55:00,3281.845,3285.865,3281.825,3285.515,0.1024
1751022000000,2025-06-27,11:00:00,3285.545,3287.815,3285.325,3287.815,0.1031
1751022300000,2025-06-27,11:05:00,3287.795,3287.795,3283.785,3283.805,0.0816
1751022600000,2025-06-27,11:10:00,3283.825,3285.175,3283.225,3283.905,0.0717
1751022900000,2025-06-27,11:15:00,3283.925,3285.215,3283.615,3284.915,0.1026
1751023200000,2025-06-27,11:20:00,3284.975,3285.525,3282.258,3282.835,0.1123
1751023500000,2025-06-27,11:25:00,3282.835,3285.048,3282.698,3284.598,0.1349
1751023800000,2025-06-27,11:30:00,3284.598,3284.975,3282.545,3282.625,0.0563
1751024100000,2025-06-27,11:35:00,3282.605,3283.945,3278.965,3282.225,0.1386
1751024400000,2025-06-27,11:40:00,3282.255,3282.735,3280.375,3281.145,0.1075
1751024700000,2025-06-27,11:45:00,3281.145,3282.535,3279.548,3279.795,0.0758
1751025000000,2025-06-27,11:50:00,3279.765,3280.048,3275.885,3279.265,0.1573
1751025300000,2025-06-27,11:55:00,3279.285,3283.605,3279.205,3281.205,0.1621
1751025600000,2025-06-27,12:00:00,3281.155,3282.115,3278.735,3279.475,0.1291
1751025900000,2025-06-27,12:05:00,3279.565,3280.775,3273.905,3273.905,0.1398
1751026200000,2025-06-27,12:10:00,3273.925,3277.848,3272.125,3275.548,0.1913
1751026500000,2025-06-27,12:15:00,3275.575,3275.965,3272.678,3273.448,0.1424
1751026800000,2025-06-27,12:20:00,3273.448,3279.895,3272.498,3279.255,0.1935
1751027100000,2025-06-27,12:25:00,3279.195,3281.135,3277.835,3279.318,0.1221
1751027400000,2025-06-27,12:30:00,3279.465,3280.548,3274.728,3276.448,0.2327
1751027700000,2025-06-27,12:35:00,3276.448,3276.448,3271.085,3272.955,0.2386
1751028000000,2025-06-27,12:40:00,3272.985,3274.955,3270.638,3270.915,0.1864
1751028300000,2025-06-27,12:45:00,3270.945,3275.105,3269.715,3273.455,0.1514
1751028600000,2025-06-27,12:50:00,3273.435,3276.098,3270.688,3271.195,0.1813
1751028900000,2025-06-27,12:55:00,3271.195,3272.485,3269.325,3269.855,0.1662
1751029200000,2025-06-27,13:00:00,3269.975,3270.405,3262.658,3263.448,0.3737
1751029500000,2025-06-27,13:05:00,3263.448,3268.798,3262.568,3267.848,0.2764
1751029800000,2025-06-27,13:10:00,3267.848,3267.848,3261.285,3262.535,0.2296
1751030100000,2025-06-27,13:15:00,3262.445,3262.948,3260.188,3260.748,0.2661
1751030400000,2025-06-27,13:20:00,3260.748,3263.898,3257.175,3258.335,0.4565
1751030700000,2025-06-27,13:25:00,3258.365,3259.175,3256.245,3256.825,0.2279
1751031000000,2025-06-27,13:30:00,3256.825,3263.065,3255.485,3261.285,0.3857
1751031300000,2025-06-27,13:35:00,3261.315,3264.175,3258.665,3259.775,0.3065
1751031600000,2025-06-27,13:40:00,3259.495,3265.365,3259.425,3265.315,0.2262
1751031900000,2025-06-27,13:45:00,3265.285,3270.695,3263.775,3269.445,0.2872
1751032200000,2025-06-27,13:50:00,3269.445,3274.195,3269.385,3273.665,0.2186
1751032500000,2025-06-27,13:55:00,3273.645,3274.385,3271.448,3273.868,0.1539
1751032800000,2025-06-27,14:00:00,3273.805,3275.298,3270.898,3273.548,0.2928
1751033100000,2025-06-27,14:05:00,3273.548,3277.048,3272.455,3274.155,0.3595
1751033400000,2025-06-27,14:10:00,3274.235,3274.905,3270.195,3270.295,0.2438
1751033700000,2025-06-27,14:15:00,3269.965,3270.665,3265.715,3265.715,0.2899
1751034000000,2025-06-27,14:20:00,3265.735,3269.475,3264.645,3269.225,0.3438
1751034300000,2025-06-27,14:25:00,3269.375,3274.905,3269.205,3274.745,0.4603
1751034600000,2025-06-27,14:30:00,3274.735,3277.955,3272.825,3272.835,0.2344
1751034900000,2025-06-27,14:35:00,3272.749,3272.749,3265.638,3266.655,0.2646
1751035200000,2025-06-27,14:40:00,3266.655,3269.348,3265.765,3267.695,0.1959
1751035500000,2025-06-27,14:45:00,3267.588,3268.285,3263.405,3265.515,0.1749
1751035800000,2025-06-27,14:50:00,3265.595,3269.105,3263.425,3264.515,0.2
1751036100000,2025-06-27,14:55:00,3264.698,3272.548,3263.598,3272.295,0.2547
1751036400000,2025-06-27,15:00:00,3272.315,3275.278,3271.385,3273.198,0.2334
1751036700000,2025-06-27,15:05:00,3273.235,3274.595,3271.279,3273.745,0.1172
1751037000000,2025-06-27,15:10:00,3273.805,3274.855,3272.265,3272.555,0.1073
1751037300000,2025-06-27,15:15:00,3272.525,3273.595,3271.865,3273.085,0.1072
1751037600000,2025-06-27,15:20:00,3273.085,3274.335,3272.245,3273.025,0.1138
1751037900000,2025-06-27,15:25:00,3273.105,3273.745,3271.305,3271.845,0.1015
1751038200000,2025-06-27,15:30:00,3271.798,3274.215,3270.775,3273.075,0.1349
1751038500000,2025-06-27,15:35:00,3273.015,3274.805,3271.715,3273.975,0.1255
1751038800000,2025-06-27,15:40:00,3273.955,3276.905,3273.815,3276.795,0.1327
1751039100000,2025-06-27,15:45:00,3276.845,3277.275,3274.745,3275.165,0.121
1751039400000,2025-06-27,15:50:00,3275.145,3275.215,3273.855,3274.945,0.0853
1751039700000,2025-06-27,15:55:00,3274.965,3275.295,3273.955,3274.435,0.0877
1751040000000,2025-06-27,16:00:00,3274.435,3276.025,3274.285,3274.905,0.0736
1751040300000,2025-06-27,16:05:00,3274.955,3275.985,3274.025,3274.885,0.0608
1751040600000,2025-06-27,16:10:00,3274.925,3277.295,3274.385,3276.705,0.0861
1751040900000,2025-06-27,16:15:00,3276.685,3277.445,3275.415,3276.245,0.076
1751041200000,2025-06-27,16:20:00,3276.145,3277.255,3275.655,3276.525,0.0785
1751041500000,2025-06-27,16:25:00,3276.545,3278.095,3276.485,3277.635,0.0865
1751041800000,2025-06-27,16:30:00,3277.685,3278.415,3274.445,3274.625,0.0771
1751042100000,2025-06-27,16:35:00,3274.585,3275.155,3273.205,3273.375,0.0913
1751042400000,2025-06-27,16:40:00,3273.375,3274.805,3273.315,3274.675,0.0764
1751042700000,2025-06-27,16:45:00,3274.675,3275.405,3273.555,3275.385,0.0725
1751043000000,2025-06-27,16:50:00,3275.405,3277.185,3275.075,3276.585,0.0604
1751043300000,2025-06-27,16:55:00,3276.525,3278.045,3275.815,3277.445,0.0654
1751043600000,2025-06-27,17:00:00,3277.465,3277.605,3274.555,3274.815,0.0879
1751043900000,2025-06-27,17:05:00,3274.755,3275.145,3274.205,3274.665,0.0594
1751044200000,2025-06-27,17:10:00,3274.685,3276.255,3274.685,3275.995,0.0528
1751044500000,2025-06-27,17:15:00,3276.055,3276.705,3275.865,3276.175,0.0449
1751044800000,2025-06-27,17:20:00,3276.195,3276.635,3274.125,3274.275,0.0546
1751045100000,2025-06-27,17:25:00,3274.225,3276.085,3273.825,3275.825,0.0921
1751045400000,2025-06-27,17:30:00,3275.845,3276.115,3273.085,3273.105,0.0775
1751045700000,2025-06-27,17:35:00,3273.125,3274.225,3272.635,3274.075,0.0519
1751046000000,2025-06-27,17:40:00,3274.048,3274.343,3272.569,3273.055,0.0845
1751046300000,2025-06-27,17:45:00,3273.019,3280.565,3272.569,3279.848,0.189
1751046600000,2025-06-27,17:50:00,3279.785,3282.598,3278.185,3278.398,0.1929
1751046900000,2025-06-27,17:55:00,3278.398,3278.898,3276.668,3277.098,0.1506
1751047200000,2025-06-27,18:00:00,3277.098,3278.128,3273.709,3274.398,0.2054
1751047500000,2025-06-27,18:05:00,3274.398,3274.598,3272.128,3273.348,0.2265
1751047800000,2025-06-27,18:10:00,3273.355,3274.715,3272.795,3274.295,0.0731
1751048100000,2025-06-27,18:15:00,3274.415,3275.515,3273.705,3274.095,0.0703
1751048400000,2025-06-27,18:20:00,3274.125,3274.645,3272.699,3273.298,0.0607
1751048700000,2025-06-27,18:25:00,3273.295,3275.265,3273.045,3273.845,0.0872
1751049000000,2025-06-27,18:30:00,3273.885,3273.925,3270.759,3271.048,0.1654
1751049300000,2025-06-27,18:35:00,3271.048,3271.969,3270.508,3271.248,0.1321
1751049600000,2025-06-27,18:40:00,3271.195,3271.348,3270.245,3270.648,0.0905
1751049900000,2025-06-27,18:45:00,3270.648,3273.398,3270.569,3272.998,0.0749
1751050200000,2025-06-27,18:50:00,3273.025,3276.155,3273.025,3275.669,0.0765
1751050500000,2025-06-27,18:55:00,3275.645,3276.395,3274.815,3275.625,0.0905
1751050800000,2025-06-27,19:00:00,3275.665,3276.385,3274.255,3274.415,0.0957
1751051100000,2025-06-27,19:05:00,3274.445,3275.075,3272.825,3272.995,0.0711
1751051400000,2025-06-27,19:10:00,3272.948,3273.605,3272.025,3273.025,0.0537
1751051700000,2025-06-27,19:15:00,3272.975,3272.975,3269.765,3269.895,0.1303
1751052000000,2025-06-27,19:20:00,3269.895,3270.935,3268.185,3270.365,0.1038
1751052300000,2025-06-27,19:25:00,3270.425,3271.435,3270.255,3271.335,0.0442
1751052600000,2025-06-27,19:30:00,3271.345,3271.975,3269.995,3270.065,0.0631
1751052900000,2025-06-27,19:35:00,3270.035,3271.315,3269.715,3270.095,0.0568
1751053200000,2025-06-27,19:40:00,3270.115,3270.915,3269.225,3270.405,0.0636
1751053500000,2025-06-27,19:45:00,3270.375,3271.735,3269.575,3269.575,0.0765
1751053800000,2025-06-27,19:50:00,3269.575,3271.425,3269.435,3271.015,0.1038
1751054100000,2025-06-27,19:55:00,3271.015,3271.665,3270.355,3270.425,0.1147
1751054400000,2025-06-27,20:00:00,3270.495,3271.585,3270.105,3271.415,0.0496
1751054700000,2025-06-27,20:05:00,3271.395,3271.955,3271.215,3271.765,0.0417
1751055000000,2025-06-27,20:10:00,3271.765,3273.435,3271.625,3273.365,0.0389
1751055300000,2025-06-27,20:15:00,3273.405,3275.275,3273.385,3274.445,0.0322
1751055600000,2025-06-27,20:20:00,3274.455,3274.745,3272.755,3272.948,0.0545
1751055900000,2025-06-27,20:25:00,3272.908,3273.448,3272.085,3273.348,0.0571
1751056200000,2025-06-27,20:30:00,3273.348,3273.748,3272.975,3272.975,0.0242
1751056500000,2025-06-27,20:35:00,3273.015,3273.535,3272.775,3273.265,0.0231
1751056800000,2025-06-27,20:40:00,3273.315,3273.675,3272.915,3273.255,0.0269
1751057100000,2025-06-27,20:45:00,3273.235,3274.625,3273.115,3274.515,0.0395
1751057400000,2025-06-27,20:50:00,3274.635,3274.875,3273.645,3274.265,0.0428
1751057700000,2025-06-27,20:55:00,3274.265,3275.125,3273.045,3273.335,0.0574
1751234400000,2025-06-29,22:00:00,3272.145,3281.298,3270.305,3272.155,0.1886
1751234700000,2025-06-29,22:05:00,3272.155,3273.915,3270.648,3270.745,0.0986
1751235000000,2025-06-29,22:10:00,3270.775,3271.325,3265,3265.475,0.1531
1751235300000,2025-06-29,22:15:00,3265.875,3265.905,3259.975,3261.155,0.126
1751235600000,2025-06-29,22:20:00,3261.225,3261.375,3254.145,3255.585,0.1442
1751235900000,2025-06-29,22:25:00,3255.555,3257.025,3244.925,3249.048,0.271
1751236200000,2025-06-29,22:30:00,3248.809,3257.798,3248.808,3257.498,0.1944
1751236500000,2025-06-29,22:35:00,3257.598,3261.955,3257.295,3261.575,0.1289
1751236800000,2025-06-29,22:40:00,3261.695,3264.765,3261.265,3263.795,0.0958
1751237100000,2025-06-29,22:45:00,3263.775,3265.375,3262.795,3264.748,0.0696
1751237400000,2025-06-29,22:50:00,3264.548,3264.985,3261.748,3262.798,0.1087
1751237700000,2025-06-29,22:55:00,3262.525,3264.298,3261.378,3263.498,0.0721
1751238000000,2025-06-29,23:00:00,3263.375,3270.648,3263.375,3269.998,0.1531
1751238300000,2025-06-29,23:05:00,3269.998,3270.599,3267.648,3269.348,0.0766
1751238600000,2025-06-29,23:10:00,3269.208,3270.198,3267.075,3267.375,0.077
1751238900000,2025-06-29,23:15:00,3267.425,3269.615,3267.295,3268.355,0.0468
1751239200000,2025-06-29,23:20:00,3268.385,3269.845,3267.905,3268.365,0.0414
1751239500000,2025-06-29,23:25:00,3268.365,3268.998,3267.798,3268.185,0.0257
1751239800000,2025-06-29,23:30:00,3268.205,3269.975,3266.905,3269.405,0.0529
1751240100000,2025-06-29,23:35:00,3269.315,3269.315,3266.755,3267.148,0.0491
1751240400000,2025-06-29,23:40:00,3267.235,3268.725,3266.465,3266.675,0.05
1751240700000,2025-06-29,23:45:00,3266.695,3268.475,3264.905,3266.595,0.058
1751241000000,2025-06-29,23:50:00,3266.485,3268.155,3264.315,3267.535,0.0485
1751241300000,2025-06-29,23:55:00,3267.575,3267.645,3262.645,3263.585,0.0631
1751241600000,2025-06-30,00:00:00,3263.555,3266.395,3262.905,3265.925,0.0836
1751241900000,2025-06-30,00:05:00,3266.025,3267.015,3264.485,3265.925,0.0514
1751242200000,2025-06-30,00:10:00,3265.955,3268.095,3265.605,3267.505,0.056
1751242500000,2025-06-30,00:15:00,3267.505,3269.035,3266.195,3269.005,0.0596
1751242800000,2025-06-30,00:20:00,3268.995,3269.448,3267.248,3268.235,0.0544
1751243100000,2025-06-30,00:25:00,3268.285,3268.775,3267.555,3268.195,0.0396
1751243400000,2025-06-30,00:30:00,3268.165,3268.748,3266.025,3266.165,0.0622
1751243700000,2025-06-30,00:35:00,3266.135,3266.145,3262.435,3263.375,0.0648
1751244000000,2025-06-30,00:40:00,3263.295,3265.545,3263.085,3264.695,0.0704
1751244300000,2025-06-30,00:45:00,3264.675,3266.425,3263.435,3266.135,0.0556
1751244600000,2025-06-30,00:50:00,3266.215,3266.535,3263.515,3264.075,0.0602
1751244900000,2025-06-30,00:55:00,3264.045,3265.325,3263.498,3264.225,0.076
1751245200000,2025-06-30,01:00:00,3264.145,3267.355,3260.468,3260.748,0.2935
1751245500000,2025-06-30,01:05:00,3261.005,3264.848,3259.195,3264.348,0.2599
1751245800000,2025-06-30,01:10:00,3264.295,3268.298,3263.548,3267.498,0.2478
1751246100000,2025-06-30,01:15:00,3267.475,3272.648,3267.475,3271.648,0.2003
1751246400000,2025-06-30,01:20:00,3271.548,3273.948,3271.445,3272.398,0.1949
1751246700000,2025-06-30,01:25:00,3272.398,3275.648,3271.598,3274.898,0.1475
1751247000000,2025-06-30,01:30:00,3274.915,3275.598,3272.295,3273.025,0.0995
1751247300000,2025-06-30,01:35:00,3272.985,3273.315,3270.808,3272.125,0.2716
1751247600000,2025-06-30,01:40:00,3272.115,3274.115,3271.478,3271.518,0.1981
1751247900000,2025-06-30,01:45:00,3271.508,3274.348,3271.445,3274.348,0.1611
1751248200000,2025-06-30,01:50:00,3274.348,3274.848,3271.948,3273.175,0.155
1751248500000,2025-06-30,01:55:00,3273.175,3274.015,3272.035,3273.655,0.1756
1751248800000,2025-06-30,02:00:00,3273.685,3280.355,3273.315,3277.795,0.2447
1751249100000,2025-06-30,02:05:00,3277.805,3282.265,3276.955,3280.998,0.1685
1751249400000,2025-06-30,02:10:00,3280.915,3281.278,3278.828,3279.635,0.156
1751249700000,2025-06-30,02:15:00,3279.725,3282.345,3279.495,3280.948,0.079
1751250000000,2025-06-30,02:20:00,3280.965,3282.085,3279.935,3280.985,0.1115
1751250300000,2025-06-30,02:25:00,3280.955,3280.955,3279.085,3280.145,0.0429
1751250600000,2025-06-30,02:30:00,3280.185,3283.098,3279.905,3282.555,0.0883
1751250900000,2025-06-30,02:35:00,3282.665,3282.748,3278.748,3278.748,0.1834
1751251200000,2025-06-30,02:40:00,3278.775,3279.148,3277.148,3278.195,0.1386
1751251500000,2025-06-30,02:45:00,3278.148,3279.798,3277.208,3279.698,0.0969
1751251800000,2025-06-30,02:50:00,3279.798,3280.698,3278.655,3278.998,0.0794
1751252100000,2025-06-30,02:55:00,3279.035,3280.415,3278.948,3279.985,0.0681
1751252400000,2025-06-30,03:00:00,3279.965,3281.048,3279.105,3280.115,0.0704
1751252700000,2025-06-30,03:05:00,3280.135,3280.898,3279.345,3280.395,0.0429
1751253000000,2025-06-30,03:10:00,3280.395,3280.775,3279.178,3280.535,0.0494
1751253300000,2025-06-30,03:15:00,3280.535,3281.445,3277.995,3279.085,0.08
1751253600000,2025-06-30,03:20:00,3279.105,3281.435,3279.105,3281.065,0.0829
1751253900000,2025-06-30,03:25:00,3281.095,3282.575,3278.585,3278.695,0.0777
1751254200000,2025-06-30,03:30:00,3278.675,3280.298,3278.475,3279.398,0.0535
1751254500000,2025-06-30,03:35:00,3279.355,3279.698,3278.488,3278.488,0.0502
1751254800000,2025-06-30,03:40:00,3278.488,3279.345,3278.298,3278.655,0.0412
1751255100000,2025-06-30,03:45:00,3278.665,3280.755,3278.665,3280.598,0.095
1751255400000,2025-06-30,03:50:00,3280.798,3280.905,3279.435,3279.435,0.0645
1751255700000,2025-06-30,03:55:00,3279.415,3279.415,3277.715,3278.795,0.058
1751256000000,2025-06-30,04:00:00,3278.798,3281.145,3278.445,3280.598,0.0423
1751256300000,2025-06-30,04:05:00,3280.598,3281.215,3279.918,3280.335,0.1504
1751256600000,2025-06-30,04:10:00,3280.335,3281.298,3279.835,3280.375,0.1261
1751256900000,2025-06-30,04:15:00,3280.375,3280.698,3278.548,3278.548,0.0785
1751257200000,2025-06-30,04:20:00,3278.548,3278.548,3277.448,3277.448,0.0517
1751257500000,2025-06-30,04:25:00,3277.448,3278.235,3277.008,3277.935,0.0338
1751257800000,2025-06-30,04:30:00,3277.935,3279.165,3277.935,3278.035,0.0245
1751258100000,2025-06-30,04:35:00,3278.035,3280.275,3278.035,3279.775,0.0269
1751258400000,2025-06-30,04:40:00,3279.825,3280.615,3279.585,3279.908,0.0208
1751258700000,2025-06-30,04:45:00,3279.975,3281.498,3279.908,3281.125,0.0243
1751259000000,2025-06-30,04:50:00,3281.215,3286.048,3281.205,3285.448,0.1113
1751259300000,2025-06-30,04:55:00,3285.548,3285.998,3284.335,3285.298,0.0585
1751259600000,2025-06-30,05:00:00,3285.298,3286.205,3284.435,3285.448,0.084
1751259900000,2025-06-30,05:05:00,3285.415,3286.948,3285.415,3286.375,0.0472
1751260200000,2025-06-30,05:10:00,3286.348,3286.765,3285.655,3286.155,0.0404
1751260500000,2025-06-30,05:15:00,3286.175,3288.345,3285.655,3287.945,0.0509
1751260800000,2025-06-30,05:20:00,3287.925,3288.498,3287.155,3288.398,0.0633
1751261100000,2025-06-30,05:25:00,3288.305,3288.698,3287.345,3287.825,0.0465
1751261400000,2025-06-30,05:30:00,3287.895,3289.448,3286.705,3288.898,0.1394
1751261700000,2025-06-30,05:35:00,3288.965,3289.398,3286.635,3287.245,0.0646
1751262000000,2025-06-30,05:40:00,3287.025,3287.665,3286.298,3287.485,0.0503
1751262300000,2025-06-30,05:45:00,3287.545,3289.705,3287.295,3288.995,0.0568
1751262600000,2025-06-30,05:50:00,3288.945,3291.115,3288.745,3291.105,0.0672
1751262900000,2025-06-30,05:55:00,3291.075,3291.215,3288.745,3288.968,0.079
1751263200000,2025-06-30,06:00:00,3288.835,3291.285,3288.835,3289.925,0.0745
1751263500000,2025-06-30,06:05:00,3289.905,3291.085,3289.075,3290.075,0.0956
1751263800000,2025-06-30,06:10:00,3290.075,3290.445,3289.505,3289.935,0.1153
1751264100000,2025-06-30,06:15:00,3289.985,3290.475,3287.755,3289.815,0.1381
1751264400000,2025-06-30,06:20:00,3289.835,3291.548,3288.725,3290.355,0.1708
1751264700000,2025-06-30,06:25:00,3290.355,3290.695,3289.875,3290.585,0.1329
1751265000000,2025-06-30,06:30:00,3290.585,3293.775,3289.255,3293.345,0.1951
1751265300000,2025-06-30,06:35:00,3293.345,3294.898,3293.125,3294.355,0.1376
1751265600000,2025-06-30,06:40:00,3294.398,3295.305,3293.998,3295.155,0.1492
1751265900000,2025-06-30,06:45:00,3295.115,3295.285,3291.865,3292.425,0.2238
1751266200000,2025-06-30,06:50:00,3292.465,3293.225,3290.685,3292.648,0.1882
1751266500000,2025-06-30,06:55:00,3292.648,3292.648,3291.005,3291.848,0.0757
1751266800000,2025-06-30,07:00:00,3291.848,3293.448,3290.848,3293.048,0.173
1751267100000,2025-06-30,07:05:00,3292.948,3294.498,3292.515,3293.275,0.1023
1751267400000,2025-06-30,07:10:00,3293.275,3295.375,3292.848,3294.598,0.0643
1751267700000,2025-06-30,07:15:00,3294.555,3295.275,3293.835,3294.765,0.0619
1751268000000,2025-06-30,07:20:00,3294.785,3296.315,3294.095,3295.925,0.0538
1751268300000,2025-06-30,07:25:00,3295.925,3296.598,3293.595,3294.998,0.0716
1751268600000,2025-06-30,07:30:00,3294.998,3295.298,3292.925,3294.605,0.0834
1751268900000,2025-06-30,07:35:00,3294.598,3295.898,3294.135,3295.898,0.0719
1751269200000,2025-06-30,07:40:00,3295.735,3295.898,3293.705,3293.745,0.0621
1751269500000,2025-06-30,07:45:00,3293.698,3295.105,3293.335,3294.975,0.0513
1751269800000,2025-06-30,07:50:00,3294.905,3296.295,3293.075,3293.155,0.0891
1751270100000,2025-06-30,07:55:00,3293.065,3293.295,3290.495,3292.785,0.1244
1751270400000,2025-06-30,08:00:00,3292.665,3296.285,3292.555,3295.875,0.103
1751270700000,2025-06-30,08:05:00,3295.948,3296.315,3294.598,3295.655,0.0697
1751271000000,2025-06-30,08:10:00,3295.525,3296.348,3292.815,3294.195,0.0805
1751271300000,2025-06-30,08:15:00,3294.175,3294.498,3292.398,3293.498,0.0744
1751271600000,2025-06-30,08:20:00,3293.485,3294.415,3293.075,3293.615,0.0505
1751271900000,2025-06-30,08:25:00,3293.575,3293.625,3290.955,3292.898,0.0885
1751272200000,2025-06-30,08:30:00,3292.825,3293.305,3292.265,3292.345,0.0544
1751272500000,2025-06-30,08:35:00,3292.365,3292.365,3288.955,3288.955,0.1075
1751272800000,2025-06-30,08:40:00,3288.998,3290.395,3288.285,3289.398,0.0858
1751273100000,2025-06-30,08:45:00,3289.385,3291.315,3288.495,3288.515,0.0839
1751273400000,2025-06-30,08:50:00,3288.535,3290.448,3287.875,3290.048,0.0866
1751273700000,2025-06-30,08:55:00,3290.048,3290.348,3288.698,3288.915,0.0854
1751274000000,2025-06-30,09:00:00,3288.898,3288.898,3286.585,3286.948,0.0924
1751274300000,2025-06-30,09:05:00,3286.948,3286.948,3281.145,3281.488,0.1972
1751274600000,2025-06-30,09:10:00,3281.478,3283.585,3281.205,3282.748,0.1118
1751274900000,2025-06-30,09:15:00,3282.805,3283.435,3281.915,3282.745,0.0593
1751275200000,2025-06-30,09:20:00,3282.745,3286.525,3282.745,3286.355,0.1114
1751275500000,2025-06-30,09:25:00,3286.365,3286.705,3284.015,3284.175,0.0854
1751275800000,2025-06-30,09:30:00,3284.155,3284.865,3277.245,3279.285,0.2241
1751276100000,2025-06-30,09:35:00,3279.348,3283.748,3278.548,3283.748,0.1137
1751276400000,2025-06-30,09:40:00,3283.755,3286.258,3283.755,3285.018,0.1159
1751276700000,2025-06-30,09:45:00,3284.925,3286.945,3284.295,3286.895,0.0691
1751277000000,2025-06-30,09:50:00,3286.935,3287.105,3286.235,3286.795,0.0349
1751277300000,2025-06-30,09:55:00,3286.825,3287.745,3285.615,3287.655,0.0437
1751277600000,2025-06-30,10:00:00,3287.695,3288.675,3287.275,3287.715,0.0378
1751277900000,2025-06-30,10:05:00,3287.695,3287.695,3285.525,3285.895,0.0412
1751278200000,2025-06-30,10:10:00,3285.945,3287.165,3285.308,3286.825,0.049
1751278500000,2025-06-30,10:15:00,3286.795,3287.285,3285.915,3286.415,0.0403
1751278800000,2025-06-30,10:20:00,3286.425,3286.565,3285.735,3286.035,0.0264
1751279100000,2025-06-30,10:25:00,3286.055,3286.395,3284.415,3285.915,0.0444
1751279400000,2025-06-30,10:30:00,3286.055,3286.625,3285.885,3286.505,0.0243
1751279700000,2025-06-30,10:35:00,3286.375,3286.375,3283.975,3284.765,0.0383
1751280000000,2025-06-30,10:40:00,3284.755,3285.285,3282.505,3282.755,0.0474
1751280300000,2025-06-30,10:45:00,3282.805,3283.045,3282.265,3282.515,0.0299
1751280600000,2025-06-30,10:50:00,3282.505,3284.085,3282.445,3283.035,0.0343
1751280900000,2025-06-30,10:55:00,3283.075,3283.465,3282.415,3283.335,0.0347
1751281200000,2025-06-30,11:00:00,3283.355,3283.598,3281.695,3281.915,0.045
1751281500000,2025-06-30,11:05:00,3281.885,3281.915,3279.465,3279.575,0.0475
1751281800000,2025-06-30,11:10:00,3279.585,3281.235,3279.355,3280.255,0.0591
1751282100000,2025-06-30,11:15:00,3280.328,3281.255,3278.645,3278.855,0.0639
1751282400000,2025-06-30,11:20:00,3278.735,3279.415,3274.645,3275.235,0.1103
1751282700000,2025-06-30,11:25:00,3275.245,3276.255,3274.545,3275.795,0.072
1751283000000,2025-06-30,11:30:00,3275.815,3277.825,3274.405,3277.525,0.0782
1751283300000,2025-06-30,11:35:00,3277.495,3279.475,3277.035,3278.495,0.0682
1751283600000,2025-06-30,11:40:00,3278.525,3279.285,3277.848,3278.845,0.0805
1751283900000,2025-06-30,11:45:00,3278.795,3279.085,3276.655,3278.165,0.0771
1751284200000,2025-06-30,11:50:00,3277.995,3279.985,3277.995,3279.235,0.0755
1751284500000,2025-06-30,11:55:00,3279.215,3279.955,3277.155,3277.705,0.0517
1751284800000,2025-06-30,12:00:00,3277.945,3281.945,3277.895,3281.705,0.0936
1751285100000,2025-06-30,12:05:00,3281.605,3281.935,3280.225,3281.195,0.0831
1751285400000,2025-06-30,12:10:00,3281.198,3282.105,3280.885,3280.925,0.0762
1751285700000,2025-06-30,12:15:00,3280.925,3282.735,3280.795,3282.085,0.0609
1751286000000,2025-06-30,12:20:00,3282.125,3287.039,3281.185,3284.849,0.3203
1751286300000,2025-06-30,12:25:00,3284.855,3285.029,3283.165,3284.165,0.3094
1751286600000,2025-06-30,12:30:00,3284.129,3286.689,3281.405,3286.435,0.3162
1751286900000,2025-06-30,12:35:00,3286.428,3288.105,3286.168,3288.105,0.1469
1751287200000,2025-06-30,12:40:00,3288.185,3288.745,3287.265,3288.355,0.0883
1751287500000,2025-06-30,12:45:00,3288.355,3288.845,3287.215,3287.685,0.0922
1751287800000,2025-06-30,12:50:00,3287.725,3287.725,3283.415,3283.735,0.139
1751288100000,2025-06-30,12:55:00,3283.735,3284.305,3281.355,3281.885,0.1281
1751288400000,2025-06-30,13:00:00,3281.895,3283.935,3280.625,3283.655,0.1701
1751288700000,2025-06-30,13:05:00,3283.685,3284.855,3282.585,3284.725,0.1013
1751289000000,2025-06-30,13:10:00,3284.725,3284.818,3280.069,3280.358,0.1744
1751289300000,2025-06-30,13:15:00,3280.285,3281.975,3279.709,3281.925,0.1411
1751289600000,2025-06-30,13:20:00,3281.945,3282.205,3279.305,3280.275,0.145
1751289900000,2025-06-30,13:25:00,3280.325,3282.905,3278.605,3282.815,0.123
1751290200000,2025-06-30,13:30:00,3282.675,3283.545,3281.235,3282.055,0.1804
1751290500000,2025-06-30,13:35:00,3282.055,3282.095,3277.725,3279.325,0.168
1751290800000,2025-06-30,13:40:00,3279.335,3283.148,3279.235,3282.948,0.0955
1751291100000,2025-06-30,13:45:00,3282.948,3284.825,3282.655,3284.735,0.1681
1751291400000,2025-06-30,13:50:00,3284.779,3286.898,3283.338,3285.618,0.2073
1751291700000,2025-06-30,13:55:00,3285.635,3286.298,3284.458,3284.558,0.1569
1751292000000,2025-06-30,14:00:00,3284.558,3288.198,3284.378,3287.578,0.226
1751292300000,2025-06-30,14:05:00,3287.648,3288.548,3284.028,3285.695,0.1726
1751292600000,2025-06-30,14:10:00,3285.775,3285.985,3281.778,3282.088,0.2185
1751292900000,2025-06-30,14:15:00,3282.059,3282.159,3278.978,3280.975,0.1945
1751293200000,2025-06-30,14:20:00,3280.945,3284.955,3280.765,3284.665,0.1446
1751293500000,2025-06-30,14:25:00,3284.715,3285.295,3283.975,3285.005,0.0936
1751293800000,2025-06-30,14:30:00,3284.955,3288.348,3283.855,3288.205,0.1095
1751294100000,2025-06-30,14:35:00,3288.168,3289.395,3287.025,3287.385,0.129
1751294400000,2025-06-30,14:40:00,3287.355,3288.665,3286.325,3287.348,0.1074
1751294700000,2025-06-30,14:45:00,3287.348,3289.048,3285.675,3286.405,0.1164
1751295000000,2025-06-30,14:50:00,3286.435,3287.498,3284.845,3286.345,0.1148
1751295300000,2025-06-30,14:55:00,3286.328,3288.085,3285.965,3287.548,0.163
1751295600000,2025-06-30,15:00:00,3287.465,3290.075,3286.025,3288.155,0.1503
1751295900000,2025-06-30,15:05:00,3288.155,3288.698,3286.885,3287.198,0.1263
1751296200000,2025-06-30,15:10:00,3287.255,3287.388,3283.468,3284.455,0.1522
1751296500000,2025-06-30,15:15:00,3284.488,3289.018,3284.128,3289.018,0.1243
1751296800000,2025-06-30,15:20:00,3289.028,3290.595,3288.175,3288.179,0.141
1751297100000,2025-06-30,15:25:00,3288.175,3288.358,3286.885,3286.968,0.0993
1751297400000,2025-06-30,15:30:00,3286.985,3288.085,3285.868,3287.525,0.0986
1751297700000,2025-06-30,15:35:00,3287.525,3288.385,3287.075,3287.645,0.0723
1751298000000,2025-06-30,15:40:00,3287.675,3288.385,3286.878,3287.575,0.0783
1751298300000,2025-06-30,15:45:00,3287.575,3287.725,3286.455,3287.015,0.091
1751298600000,2025-06-30,15:50:00,3287.015,3289.665,3286.815,3289.305,0.0852
1751298900000,2025-06-30,15:55:00,3289.335,3290.075,3288.935,3289.445,0.075
1751299200000,2025-06-30,16:00:00,3289.475,3291.435,3289.005,3289.405,0.0875
1751299500000,2025-06-30,16:05:00,3289.435,3291.565,3289.305,3291.185,0.0926
1751299800000,2025-06-30,16:10:00,3291.225,3293.245,3290.295,3293.205,0.0673
1751300100000,2025-06-30,16:15:00,3293.265,3294.275,3292.475,3292.505,0.084
1751300400000,2025-06-30,16:20:00,3292.535,3293.405,3291.835,3292.585,0.0729
1751300700000,2025-06-30,16:25:00,3292.605,3293.485,3292.028,3292.155,0.0664
1751301000000,2025-06-30,16:30:00,3292.205,3294.325,3292.165,3293.988,0.0746
1751301300000,2025-06-30,16:35:00,3293.898,3294.625,3293.105,3293.278,0.1091
1751301600000,2025-06-30,16:40:00,3293.268,3295.155,3292.838,3294.275,0.149
1751301900000,2025-06-30,16:45:00,3294.325,3295.295,3294.185,3295.165,0.1474
1751302200000,2025-06-30,16:50:00,3295.175,3297.118,3295.155,3295.838,0.382
1751302500000,2025-06-30,16:55:00,3295.855,3297.305,3295.258,3297.135,0.4034
1751302800000,2025-06-30,17:00:00,3297.098,3298.365,3296.045,3296.605,0.8017
1751303100000,2025-06-30,17:05:00,3296.605,3297.115,3295.895,3296.345,0.7283
1751303400000,2025-06-30,17:10:00,3296.395,3296.545,3294.335,3294.505,0.7989
1751303700000,2025-06-30,17:15:00,3294.615,3296.065,3294.505,3296.025,0.7157
1751304000000,2025-06-30,17:20:00,3296.205,3297.565,3296.035,3296.615,0.8466
1751304300000,2025-06-30,17:25:00,3296.655,3297.415,3294.985,3295.815,0.9795
1751304600000,2025-06-30,17:30:00,3295.975,3296.815,3294.445,3294.735,0.6515
1751304900000,2025-06-30,17:35:00,3294.715,3295.805,3294.325,3295.735,0.6366
1751305200000,2025-06-30,17:40:00,3295.785,3295.785,3293.425,3293.525,0.4872
1751305500000,2025-06-30,17:45:00,3293.515,3294.155,3293.055,3293.655,0.5124
1751305800000,2025-06-30,17:50:00,3293.655,3293.895,3292.105,3293.405,0.6462
1751306100000,2025-06-30,17:55:00,3293.345,3294.525,3292.065,3293.965,0.5776
1751306400000,2025-06-30,18:00:00,3293.965,3294.435,3292.615,3294.265,0.61
1751306700000,2025-06-30,18:05:00,3294.225,3297.425,3294.205,3297.145,0.0697
1751307000000,2025-06-30,18:10:00,3297.045,3298.145,3297.005,3297.248,0.0624
1751307300000,2025-06-30,18:15:00,3297.225,3298.898,3296.948,3297.948,0.0873
1751307600000,2025-06-30,18:20:00,3297.948,3298.048,3297.248,3297.475,0.0891
1751307900000,2025-06-30,18:25:00,3297.475,3298.898,3297.295,3298.898,0.0836
1751308200000,2025-06-30,18:30:00,3298.908,3299.368,3298.045,3298.745,0.4011
1751308500000,2025-06-30,18:35:00,3298.755,3298.865,3298.135,3298.775,0.423
1751308800000,2025-06-30,18:40:00,3298.805,3299.335,3298.455,3298.865,0.5444
1751309100000,2025-06-30,18:45:00,3298.895,3299.085,3297.345,3298.415,0.194
1751309400000,2025-06-30,18:50:00,3298.365,3298.578,3297.435,3297.805,0.1791
1751309700000,2025-06-30,18:55:00,3297.835,3298.548,3297.835,3298.265,0.0418
1751310000000,2025-06-30,19:00:00,3298.435,3299.425,3297.855,3298.825,0.0519
1751310300000,2025-06-30,19:05:00,3298.875,3300.585,3298.835,3300.548,0.1575
1751310600000,2025-06-30,19:10:00,3300.548,3303.298,3300.515,3302.898,0.1037
1751310900000,2025-06-30,19:15:00,3302.965,3306.805,3302.815,3305.845,0.131
1751311200000,2025-06-30,19:20:00,3305.785,3305.785,3304.205,3304.785,0.0585
1751311500000,2025-06-30,19:25:00,3304.755,3306.885,3304.685,3305.925,0.0612
1751311800000,2025-06-30,19:30:00,3305.915,3306.985,3305.785,3306.698,0.0699
1751312100000,2025-06-30,19:35:00,3306.615,3307.795,3306.398,3306.855,0.0759
1751312400000,2025-06-30,19:40:00,3306.885,3307.025,3305.565,3305.675,0.0741
1751312700000,2025-06-30,19:45:00,3305.705,3307.248,3305.065,3305.395,0.0875
1751313000000,2025-06-30,19:50:00,3305.425,3307.648,3305.285,3307.555,0.1127
1751313300000,2025-06-30,19:55:00,3307.548,3309.348,3307.085,3308.498,0.1592
1751313600000,2025-06-30,20:00:00,3308.498,3308.698,3307.098,3307.298,0.0624
1751313900000,2025-06-30,20:05:00,3307.398,3308.348,3307.048,3307.748,0.0367
1751314200000,2025-06-30,20:10:00,3307.748,3307.748,3306.948,3307.148,0.0408
1751314500000,2025-06-30,20:15:00,3307.148,3309.048,3306.948,3307.148,0.0514
1751314800000,2025-06-30,20:20:00,3307.148,3308.448,3307.048,3308.248,0.0308
1751315100000,2025-06-30,20:25:00,3308.248,3308.548,3306.518,3306.538,0.0297
1751315400000,2025-06-30,20:30:00,3306.538,3306.998,3304.828,3304.828,0.0422
1751315700000,2025-06-30,20:35:00,3304.828,3305.008,3303.345,3303.978,0.053
1751316000000,2025-06-30,20:40:00,3303.998,3304.348,3303.448,3303.798,0.046
1751316300000,2025-06-30,20:45:00,3303.838,3304.248,3302.448,3302.618,0.0548
1751316600000,2025-06-30,20:50:00,3302.648,3303.618,3301.988,3302.948,0.0501
1751316900000,2025-06-30,20:55:00,3302.948,3303.248,3301.835,3302.155,0.0612
1751320800000,2025-06-30,22:00:00,3302.898,3303.815,3301.958,3303.795,0.0711
1751321100000,2025-06-30,22:05:00,3303.845,3304.748,3302.065,3302.248,0.0308
1751321400000,2025-06-30,22:10:00,3302.248,3304.478,3302.205,3304.035,0.0367
1751321700000,2025-06-30,22:15:00,3304.015,3305.815,3303.775,3305.655,0.0253
1751322000000,2025-06-30,22:20:00,3305.695,3306.345,3305.035,3306.265,0.0238
1751322300000,2025-06-30,22:25:00,3306.285,3307.565,3306.245,3306.975,0.0374
1751322600000,2025-06-30,22:30:00,3307.048,3307.225,3306.055,3307.048,0.0427
1751322900000,2025-06-30,22:35:00,3306.948,3306.948,3305.758,3305.848,0.0331
1751323200000,2025-06-30,22:40:00,3305.809,3308.898,3305.615,3308.698,0.0548
1751323500000,2025-06-30,22:45:00,3308.698,3309.448,3307.125,3308.995,0.11
1751323800000,2025-06-30,22:50:00,3309.308,3314.398,3309.155,3311.798,0.0993
1751324100000,2025-06-30,22:55:00,3311.765,3312.985,3310.498,3311.115,0.0755
1751324400000,2025-06-30,23:00:00,3311.115,3311.948,3309.698,3309.898,0.1408
1751324700000,2025-06-30,23:05:00,3310.098,3311.198,3309.598,3310.498,0.0493
1751325000000,2025-06-30,23:10:00,3310.498,3311.798,3310.498,3311.698,0.0441
1751325300000,2025-06-30,23:15:00,3311.698,3311.905,3308.955,3310.135,0.0591
1751325600000,2025-06-30,23:20:00,3309.955,3309.955,3308.985,3309.725,0.0566
1751325900000,2025-06-30,23:25:00,3309.535,3309.535,3308.365,3309.345,0.0292
1751326200000,2025-06-30,23:30:00,3309.095,3309.855,3308.615,3309.175,0.0254
1751326500000,2025-06-30,23:35:00,3309.215,3310.498,3309.175,3310.198,0.0383
1751326800000,2025-06-30,23:40:00,3310.198,3310.915,3309.805,3310.498,0.0464
1751327100000,2025-06-30,23:45:00,3310.555,3311.775,3309.975,3311.585,0.0377
1751327400000,2025-06-30,23:50:00,3311.525,3311.585,3310.765,3311.305,0.0256
1751327700000,2025-06-30,23:55:00,3311.348,3312.298,3310.205,3312.298,0.0373
