timestamp,date,time,open,high,low,close,volume
1756684800000,2025-09-01,00:00:00,3447.685,3447.685,3443.948,3444.198,0.3655
1756685100000,2025-09-01,00:05:00,3444.198,3444.905,3443.125,3443.515,0.216
1756685400000,2025-09-01,00:10:00,3443.545,3444.015,3442.845,3443.335,0.0706
1756685700000,2025-09-01,00:15:00,3443.305,3444.635,3443.155,3443.655,0.1333
1756686000000,2025-09-01,00:20:00,3443.655,3444.798,3443.075,3443.598,0.1275
1756686300000,2025-09-01,00:25:00,3443.505,3445.515,3442.398,3445.048,0.1093
1756686600000,2025-09-01,00:30:00,3445.048,3445.748,3443.755,3444.148,0.0919
1756686900000,2025-09-01,00:35:00,3444.348,3444.748,3443.748,3444.398,0.0593
1756687200000,2025-09-01,00:40:00,3444.498,3445.098,3442.975,3443.385,0.1049
1756687500000,2025-09-01,00:45:00,3443.415,3444.025,3442.735,3443.535,0.0453
1756687800000,2025-09-01,00:50:00,3443.465,3443.695,3442.535,3442.895,0.0757
1756688100000,2025-09-01,00:55:00,3442.925,3444.005,3442.835,3443.785,0.097
1756688400000,2025-09-01,01:00:00,3443.815,3445.195,3441.715,3442.748,0.5055
1756688700000,2025-09-01,01:05:00,3442.738,3443.495,3439.498,3440.098,0.348
1756689000000,2025-09-01,01:10:00,3440.098,3440.498,3438.618,3439.125,0.2091
1756689300000,2025-09-01,01:15:00,3439.125,3440.248,3438.798,3439.198,0.1389
1756689600000,2025-09-01,01:20:00,3439.105,3439.175,3437.495,3438.465,0.1464
1756689900000,2025-09-01,01:25:00,3438.348,3439.135,3436.548,3438.775,0.3093
1756690200000,2025-09-01,01:30:00,3438.665,3442.435,3438.085,3441.415,0.2372
1756690500000,2025-09-01,01:35:00,3441.435,3442.015,3439.635,3442.015,0.1518
1756690800000,2025-09-01,01:40:00,3442.035,3446.885,3441.755,3446.765,0.2101
1756691100000,2025-09-01,01:45:00,3446.765,3449.955,3446.055,3448.185,0.3763
1756691400000,2025-09-01,01:50:00,3448.325,3451.395,3448.095,3449.635,0.2446
1756691700000,2025-09-01,01:55:00,3449.575,3458.935,3449.235,3456.855,0.5572
1756692000000,2025-09-01,02:00:00,3456.969,3458.348,3454.695,3457.748,0.6046
1756692300000,2025-09-01,02:05:00,3457.548,3470.725,3457.045,3465.735,1.4273
1756692600000,2025-09-01,02:10:00,3465.735,3466.505,3457.555,3458.305,0.9193
1756692900000,2025-09-01,02:15:00,3458.345,3460.895,3455.455,3459.635,0.4184
1756693200000,2025-09-01,02:20:00,3459.635,3462.535,3457.018,3461.465,0.6197
1756693500000,2025-09-01,02:25:00,3461.455,3468.875,3461.455,3465.965,0.5469
1756693800000,2025-09-01,02:30:00,3465.905,3468.985,3464.845,3468.855,0.4589
1756694100000,2025-09-01,02:35:00,3468.875,3471.895,3467.425,3470.835,0.6441
1756694400000,2025-09-01,02:40:00,3470.625,3476.298,3470.595,3475.175,0.6522
1756694700000,2025-09-01,02:45:00,3475.205,3478.155,3473.915,3475.885,0.4192
1756695000000,2025-09-01,02:50:00,3475.855,3476.325,3474.105,3475.015,0.3444
1756695300000,2025-09-01,02:55:00,3474.965,3484.335,3474.575,3483.175,0.6264
1756695600000,2025-09-01,03:00:00,3483.225,3485.798,3477.715,3478.075,0.6712
1756695900000,2025-09-01,03:05:00,3478.155,3479.398,3473.448,3473.848,0.5308
1756696200000,2025-09-01,03:10:00,3473.948,3474.135,3469.185,3472.985,0.4625
1756696500000,2025-09-01,03:15:00,3473.015,3476.065,3471.365,3472.748,0.2086
1756696800000,2025-09-01,03:20:00,3472.848,3473.548,3470.148,3472.965,0.4101
1756697100000,2025-09-01,03:25:00,3472.955,3473.548,3469.335,3471.575,0.2805
1756697400000,2025-09-01,03:30:00,3471.455,3475.765,3471.195,3474.075,0.2113
1756697700000,2025-09-01,03:35:00,3473.655,3476.088,3472.715,3475.065,0.2506
1756698000000,2025-09-01,03:40:00,3475.055,3475.155,3473.225,3473.835,0.1345
1756698300000,2025-09-01,03:45:00,3473.855,3475.455,3473.655,3474.905,0.0665
1756698600000,2025-09-01,03:50:00,3474.955,3475.195,3473.145,3473.665,0.1439
1756698900000,2025-09-01,03:55:00,3473.655,3475.055,3473.285,3474.365,0.0866
1756699200000,2025-09-01,04:00:00,3474.405,3475.365,3473.815,3474.035,0.068
1756699500000,2025-09-01,04:05:00,3474.105,3474.455,3473.575,3474.405,0.0524
1756699800000,2025-09-01,04:10:00,3474.375,3475.385,3473.215,3474.765,0.0624
1756700100000,2025-09-01,04:15:00,3474.745,3475.045,3473.745,3474.945,0.0472
1756700400000,2025-09-01,04:20:00,3474.975,3478.015,3474.795,3477.895,0.1725
1756700700000,2025-09-01,04:25:00,3477.755,3479.005,3472.608,3473.585,0.4
1756701000000,2025-09-01,04:30:00,3473.585,3473.585,3472.048,3473.365,0.2372
1756701300000,2025-09-01,04:35:00,3473.395,3475.405,3473.215,3474.955,0.087
1756701600000,2025-09-01,04:40:00,3474.935,3475.345,3474.278,3474.725,0.0784
1756701900000,2025-09-01,04:45:00,3474.655,3475.205,3474.245,3474.885,0.0909
1756702200000,2025-09-01,04:50:00,3474.885,3475.845,3474.808,3475.598,0.0686
1756702500000,2025-09-01,04:55:00,3475.598,3475.725,3474.998,3474.998,0.0335
1756702800000,2025-09-01,05:00:00,3474.998,3476.925,3474.575,3476.625,0.0622
1756703100000,2025-09-01,05:05:00,3476.685,3477.545,3476.245,3477.315,0.0646
1756703400000,2025-09-01,05:10:00,3477.335,3477.755,3474.245,3474.295,0.1458
1756703700000,2025-09-01,05:15:00,3474.265,3476.845,3474.118,3476.845,0.1088
1756704000000,2025-09-01,05:20:00,3476.735,3477.735,3475.855,3476.495,0.1137
1756704300000,2025-09-01,05:25:00,3476.645,3478.355,3476.295,3478.085,0.0823
1756704600000,2025-09-01,05:30:00,3478.105,3480.635,3476.948,3480.345,0.1652
1756704900000,2025-09-01,05:35:00,3480.375,3482.485,3476.425,3476.595,0.322
1756705200000,2025-09-01,05:40:00,3476.565,3476.675,3474.498,3476.205,0.2502
1756705500000,2025-09-01,05:45:00,3476.235,3481.395,3476.235,3480.065,0.2374
1756705800000,2025-09-01,05:50:00,3480.105,3481.175,3478.655,3479.755,0.1359
1756706100000,2025-09-01,05:55:00,3479.725,3480.505,3476.595,3476.635,0.2932
1756706400000,2025-09-01,06:00:00,3476.535,3480.475,3476.505,3478.555,0.1358
1756706700000,2025-09-01,06:05:00,3478.695,3480.715,3478.105,3480.145,0.1057
1756707000000,2025-09-01,06:10:00,3480.155,3483.125,3479.755,3482.175,0.1425
1756707300000,2025-09-01,06:15:00,3482.205,3484.045,3481.345,3482.835,0.1332
1756707600000,2025-09-01,06:20:00,3482.855,3486.055,3482.405,3485.695,0.1194
1756707900000,2025-09-01,06:25:00,3485.735,3485.935,3484.095,3485.315,0.1305
1756708200000,2025-09-01,06:30:00,3485.365,3487.035,3482.935,3486.835,0.12
1756708500000,2025-09-01,06:35:00,3486.815,3489.345,3486.435,3488.175,0.1315
1756708800000,2025-09-01,06:40:00,3488.205,3489.595,3486.515,3487.775,0.3417
1756709100000,2025-09-01,06:45:00,3487.735,3488.035,3484.975,3487.525,0.1858
1756709400000,2025-09-01,06:50:00,3487.515,3487.695,3483.725,3485.165,0.2722
1756709700000,2025-09-01,06:55:00,3485.105,3485.305,3477.895,3478.885,0.4168
1756710000000,2025-09-01,07:00:00,3478.899,3480.625,3476.805,3476.865,0.4996
1756710300000,2025-09-01,07:05:00,3476.825,3479.155,3475.995,3478.085,0.4569
1756710600000,2025-09-01,07:10:00,3478.085,3478.445,3474.035,3475.385,0.3874
1756710900000,2025-09-01,07:15:00,3475.395,3476.075,3472.095,3473.695,0.3834
1756711200000,2025-09-01,07:20:00,3473.705,3475.065,3472.885,3472.975,0.1879
1756711500000,2025-09-01,07:25:00,3472.935,3474.165,3469.925,3471.725,0.2314
1756711800000,2025-09-01,07:30:00,3471.805,3472.048,3470.025,3470.495,0.1667
1756712100000,2025-09-01,07:35:00,3470.505,3470.745,3468.148,3469.195,0.1263
1756712400000,2025-09-01,07:40:00,3469.235,3471.855,3467.295,3471.135,0.2233
1756712700000,2025-09-01,07:45:00,3471.115,3472.795,3470.665,3472.545,0.1092
1756713000000,2025-09-01,07:50:00,3472.565,3475.175,3472.265,3474.935,0.0909
1756713300000,2025-09-01,07:55:00,3474.885,3477.845,3474.115,3477.675,0.0768
1756713600000,2025-09-01,08:00:00,3477.695,3479.205,3476.995,3478.355,0.0959
1756713900000,2025-09-01,08:05:00,3478.365,3478.765,3474.305,3474.915,0.1006
1756714200000,2025-09-01,08:10:00,3474.915,3478.475,3474.775,3477.155,0.1062
1756714500000,2025-09-01,08:15:00,3477.175,3479.435,3475.575,3478.465,0.0814
1756714800000,2025-09-01,08:20:00,3478.445,3479.655,3477.865,3478.045,0.0901
1756715100000,2025-09-01,08:25:00,3477.975,3479.375,3477.975,3478.845,0.0625
1756715400000,2025-09-01,08:30:00,3478.855,3479.305,3478.005,3478.615,0.0562
1756715700000,2025-09-01,08:35:00,3478.605,3478.998,3476.445,3477.115,0.0908
1756716000000,2025-09-01,08:40:00,3477.135,3478.215,3476.565,3477.775,0.0599
1756716300000,2025-09-01,08:45:00,3477.775,3479.025,3477.175,3478.355,0.1035
1756716600000,2025-09-01,08:50:00,3478.325,3478.595,3476.715,3476.935,0.0809
1756716900000,2025-09-01,08:55:00,3476.885,3477.215,3476.515,3476.735,0.038
1756717200000,2025-09-01,09:00:00,3476.725,3476.785,3473.615,3475.035,0.0702
1756717500000,2025-09-01,09:05:00,3475.025,3475.648,3472.775,3473.075,0.0935
1756717800000,2025-09-01,09:10:00,3473.095,3474.665,3473.055,3474.195,0.0932
1756718100000,2025-09-01,09:15:00,3474.145,3474.435,3472.625,3472.905,0.0529
1756718400000,2025-09-01,09:20:00,3472.935,3473.295,3470.415,3471.685,0.1079
1756718700000,2025-09-01,09:25:00,3471.705,3472.825,3471.035,3471.145,0.1408
1756719000000,2025-09-01,09:30:00,3471.175,3472.295,3468.755,3469.155,0.2095
1756719300000,2025-09-01,09:35:00,3469.165,3470.535,3468.345,3470.065,0.1805
1756719600000,2025-09-01,09:40:00,3470.115,3470.205,3468.745,3469.025,0.1211
1756719900000,2025-09-01,09:45:00,3469.085,3470.145,3468.825,3469.665,0.0969
1756720200000,2025-09-01,09:50:00,3469.645,3469.705,3467.835,3468.375,0.0781
1756720500000,2025-09-01,09:55:00,3468.355,3470.515,3467.085,3469.265,0.0846
1756720800000,2025-09-01,10:00:00,3469.295,3469.715,3465.905,3468.615,0.2528
1756721100000,2025-09-01,10:05:00,3468.565,3471.545,3468.105,3471.375,0.0679
1756721400000,2025-09-01,10:10:00,3471.405,3473.725,3469.205,3469.335,0.3458
1756721700000,2025-09-01,10:15:00,3469.365,3470.975,3466.835,3469.955,0.2476
1756722000000,2025-09-01,10:20:00,3469.955,3472.455,3469.745,3471.655,0.2016
1756722300000,2025-09-01,10:25:00,3471.695,3471.895,3469.815,3470.835,0.1854
1756722600000,2025-09-01,10:30:00,3470.815,3472.865,3470.815,3471.505,0.0935
1756722900000,2025-09-01,10:35:00,3471.525,3471.555,3470.005,3470.525,0.0897
1756723200000,2025-09-01,10:40:00,3470.565,3471.525,3470.295,3470.525,0.0983
1756723500000,2025-09-01,10:45:00,3470.525,3471.625,3469.535,3469.685,0.1598
1756723800000,2025-09-01,10:50:00,3469.655,3470.485,3468.645,3469.665,0.1021
1756724100000,2025-09-01,10:55:00,3469.645,3470.985,3469.275,3470.375,0.0974
1756724400000,2025-09-01,11:00:00,3470.375,3471.005,3469.575,3469.975,0.0834
1756724700000,2025-09-01,11:05:00,3470.005,3470.985,3469.865,3470.835,0.1062
1756725000000,2025-09-01,11:10:00,3470.835,3470.995,3469.455,3470.335,0.0841
1756725300000,2025-09-01,11:15:00,3470.365,3471.345,3469.605,3470.275,0.1037
1756725600000,2025-09-01,11:20:00,3470.305,3471.865,3470.305,3470.865,0.1424
1756725900000,2025-09-01,11:25:00,3470.895,3471.825,3470.615,3471.155,0.0729
1756726200000,2025-09-01,11:30:00,3471.195,3471.985,3470.485,3471.425,0.0982
1756726500000,2025-09-01,11:35:00,3471.445,3473.315,3470.775,3471.635,0.1836
1756726800000,2025-09-01,11:40:00,3471.665,3471.755,3468.995,3470.715,0.0769
1756727100000,2025-09-01,11:45:00,3470.685,3472.685,3467.535,3467.615,0.1677
1756727400000,2025-09-01,11:50:00,3467.635,3470.335,3467.355,3470.085,0.1359
1756727700000,2025-09-01,11:55:00,3470.055,3470.185,3469.115,3469.895,0.0459
1756728000000,2025-09-01,12:00:00,3469.875,3471.475,3468.985,3470.855,0.1045
1756728300000,2025-09-01,12:05:00,3470.835,3470.935,3467.205,3468.905,0.0966
1756728600000,2025-09-01,12:10:00,3468.885,3470.345,3468.885,3469.875,0.0911
1756728900000,2025-09-01,12:15:00,3469.905,3470.165,3468.035,3469.315,0.0696
1756729200000,2025-09-01,12:20:00,3469.295,3469.885,3466.985,3467.035,0.1354
1756729500000,2025-09-01,12:25:00,3467.025,3469.925,3466.985,3469.685,0.1223
1756729800000,2025-09-01,12:30:00,3469.685,3470.115,3468.725,3469.755,0.1411
1756730100000,2025-09-01,12:35:00,3469.735,3469.875,3468.445,3469.245,0.1021
1756730400000,2025-09-01,12:40:00,3469.275,3470.445,3468.915,3469.265,0.1418
1756730700000,2025-09-01,12:45:00,3469.265,3470.135,3468.995,3470.065,0.0971
1756731000000,2025-09-01,12:50:00,3470.065,3470.315,3469.605,3469.885,0.1094
1756731300000,2025-09-01,12:55:00,3469.885,3470.655,3469.325,3469.325,0.0969
1756731600000,2025-09-01,13:00:00,3469.325,3471.445,3468.755,3471.435,0.1892
1756731900000,2025-09-01,13:05:00,3471.475,3477.795,3471.445,3477.315,0.1845
1756732200000,2025-09-01,13:10:00,3477.315,3477.785,3475.245,3477.295,0.1222
1756732500000,2025-09-01,13:15:00,3477.295,3478.365,3475.095,3476.315,0.108
1756732800000,2025-09-01,13:20:00,3476.195,3476.305,3474.945,3475.755,0.0688
1756733100000,2025-09-01,13:25:00,3475.695,3478.305,3475.325,3477.755,0.1045
1756733400000,2025-09-01,13:30:00,3477.815,3478.645,3476.735,3478.095,0.1227
1756733700000,2025-09-01,13:35:00,3478.055,3478.235,3475.425,3475.425,0.1343
1756734000000,2025-09-01,13:40:00,3475.455,3477.795,3475.125,3476.685,0.1148
1756734300000,2025-09-01,13:45:00,3476.708,3477.395,3475.795,3477.165,0.0535
1756734600000,2025-09-01,13:50:00,3477.195,3478.955,3477.185,3477.795,0.0609
1756734900000,2025-09-01,13:55:00,3477.855,3478.175,3475.135,3475.135,0.094
1756735200000,2025-09-01,14:00:00,3475.115,3476.348,3474.005,3475.448,0.1081
1756735500000,2025-09-01,14:05:00,3475.548,3476.055,3474.605,3475.545,0.0772
1756735800000,2025-09-01,14:10:00,3475.515,3478.495,3475.235,3477.785,0.0851
1756736100000,2025-09-01,14:15:00,3477.755,3479.225,3477.135,3479.095,0.0724
1756736400000,2025-09-01,14:20:00,3479.095,3481.165,3478.535,3478.735,0.1334
1756736700000,2025-09-01,14:25:00,3478.785,3478.785,3475.559,3477.525,0.1672
1756737000000,2025-09-01,14:30:00,3477.515,3477.545,3474.965,3476.565,0.1408
1756737300000,2025-09-01,14:35:00,3476.535,3479.205,3475.698,3476.465,0.1753
1756737600000,2025-09-01,14:40:00,3476.535,3476.535,3473.395,3474.265,0.1782
1756737900000,2025-09-01,14:45:00,3474.305,3475.535,3474.098,3475.315,0.0928
1756738200000,2025-09-01,14:50:00,3475.298,3476.875,3475.298,3476.655,0.0595
1756738500000,2025-09-01,14:55:00,3476.765,3477.195,3474.955,3475.465,0.0455
1756738800000,2025-09-01,15:00:00,3475.345,3476.985,3475.065,3476.665,0.0935
1756739100000,2025-09-01,15:05:00,3476.675,3477.395,3476.185,3476.825,0.0417
1756739400000,2025-09-01,15:10:00,3476.865,3478.475,3476.235,3478.225,0.0471
1756739700000,2025-09-01,15:15:00,3478.245,3478.915,3477.505,3477.805,0.0665
1756740000000,2025-09-01,15:20:00,3477.665,3478.165,3476.315,3476.695,0.0595
1756740300000,2025-09-01,15:25:00,3476.715,3477.095,3474.975,3475.148,0.0773
1756740600000,2025-09-01,15:30:00,3475.255,3477.155,3475.148,3476.005,0.0736
1756740900000,2025-09-01,15:35:00,3476.025,3477.185,3474.585,3474.775,0.1309
1756741200000,2025-09-01,15:40:00,3474.735,3476.165,3474.325,3475.305,0.0565
1756741500000,2025-09-01,15:45:00,3475.315,3475.605,3473.415,3474.135,0.0334
1756741800000,2025-09-01,15:50:00,3474.185,3474.685,3473.248,3474.415,0.0318
1756742100000,2025-09-01,15:55:00,3474.455,3474.655,3473.705,3473.905,0.038
1756742400000,2025-09-01,16:00:00,3473.905,3473.915,3472.475,3473.255,0.0525
1756742700000,2025-09-01,16:05:00,3473.215,3473.395,3472.145,3472.785,0.0475
1756743000000,2025-09-01,16:10:00,3472.705,3473.695,3472.175,3473.605,0.0416
1756743300000,2025-09-01,16:15:00,3473.635,3473.655,3473.075,3473.585,0.025
1756743600000,2025-09-01,16:20:00,3473.545,3474.315,3473.515,3474.265,0.0284
1756743900000,2025-09-01,16:25:00,3474.265,3474.405,3473.245,3474.005,0.0329
1756744200000,2025-09-01,16:30:00,3473.935,3475.085,3473.485,3475.065,0.0373
1756744500000,2025-09-01,16:35:00,3475.095,3475.515,3475.045,3475.215,0.0345
1756744800000,2025-09-01,16:40:00,3475.195,3476.175,3475.145,3476.095,0.0357
1756745100000,2025-09-01,16:45:00,3476.095,3476.765,3476.085,3476.735,0.0315
1756745400000,2025-09-01,16:50:00,3476.735,3477.365,3476.525,3477.295,0.0355
1756745700000,2025-09-01,16:55:00,3477.305,3477.585,3476.695,3477.185,0.0299
1756746000000,2025-09-01,17:00:00,3477.165,3477.275,3476.835,3477.085,0.0227
1756746300000,2025-09-01,17:05:00,3477.065,3477.335,3476.115,3476.935,0.0323
1756746600000,2025-09-01,17:10:00,3476.895,3477.055,3476.295,3476.925,0.0491
1756746900000,2025-09-01,17:15:00,3476.925,3477.275,3476.005,3476.305,0.0596
1756747200000,2025-09-01,17:20:00,3476.395,3477.245,3476.145,3477.225,0.0727
1756747500000,2025-09-01,17:25:00,3477.085,3477.715,3476.785,3477.435,0.0494
1756747800000,2025-09-01,17:30:00,3477.405,3478.785,3477.405,3478.175,0.039
1756748100000,2025-09-01,17:35:00,3478.175,3478.415,3477.558,3478.085,0.0434
1756748400000,2025-09-01,17:40:00,3478.055,3478.085,3477.565,3477.965,0.0189
1756748700000,2025-09-01,17:45:00,3477.925,3477.975,3477.455,3477.635,0.0348
1756749000000,2025-09-01,17:50:00,3477.635,3477.805,3477.455,3477.705,0.0741
1756749300000,2025-09-01,17:55:00,3477.705,3477.885,3477.355,3477.765,0.069
1756749600000,2025-09-01,18:00:00,3477.745,3477.815,3476.565,3477.085,0.1265
1756749900000,2025-09-01,18:05:00,3477.035,3477.235,3476.375,3477.165,0.0667
1756750200000,2025-09-01,18:10:00,3477.135,3477.135,3475.995,3476.465,0.0818
1756750500000,2025-09-01,18:15:00,3476.485,3477.405,3476.035,3477.035,0.0725
1756750800000,2025-09-01,18:20:00,3476.985,3477.555,3476.615,3476.735,0.0445
1756751100000,2025-09-01,18:25:00,3476.605,3476.955,3476.225,3476.225,0.0165
1756764000000,2025-09-01,22:00:00,3476.505,3476.849,3474.165,3475.198,0.0521
1756764300000,2025-09-01,22:05:00,3474.985,3478.795,3474.955,3476.175,0.1908
1756764600000,2025-09-01,22:10:00,3476.615,3477.398,3475.275,3476.805,0.1716
1756764900000,2025-09-01,22:15:00,3476.835,3477.995,3476.215,3477.355,0.0781
1756765200000,2025-09-01,22:20:00,3477.355,3477.798,3476.685,3477.715,0.0542
1756765500000,2025-09-01,22:25:00,3477.698,3478.525,3477.615,3478.335,0.0373
1756765800000,2025-09-01,22:30:00,3478.335,3478.845,3476.405,3478.805,0.0629
1756766100000,2025-09-01,22:35:00,3478.805,3479.155,3477.535,3477.585,0.0397
1756766400000,2025-09-01,22:40:00,3477.575,3477.775,3476.875,3477.285,0.0289
1756766700000,2025-09-01,22:45:00,3477.275,3478.045,3476.985,3477.195,0.0297
1756767000000,2025-09-01,22:50:00,3477.215,3477.555,3475.218,3475.278,0.0409
1756767300000,2025-09-01,22:55:00,3475.278,3475.378,3474.668,3474.668,0.0268
1756767600000,2025-09-01,23:00:00,3474.688,3476.898,3473.878,3476.718,0.0458
1756767900000,2025-09-01,23:05:00,3476.798,3478.198,3475.968,3476.058,0.0441
1756768200000,2025-09-01,23:10:00,3476.098,3476.798,3475.028,3475.998,0.0421
1756768500000,2025-09-01,23:15:00,3475.905,3477.155,3475.905,3476.925,0.0176
1756768800000,2025-09-01,23:20:00,3476.925,3480.998,3476.775,3479.498,0.0799
1756769100000,2025-09-01,23:25:00,3479.498,3479.498,3476.428,3477.308,0.1109
1756769400000,2025-09-01,23:30:00,3477.398,3477.905,3476.988,3477.498,0.0597
1756769700000,2025-09-01,23:35:00,3477.498,3479.298,3477.348,3479.298,0.047
1756770000000,2025-09-01,23:40:00,3479.298,3479.835,3478.308,3478.535,0.068
1756770300000,2025-09-01,23:45:00,3478.565,3480.598,3478.535,3480.425,0.1291
1756770600000,2025-09-01,23:50:00,3480.455,3480.698,3479.508,3479.895,0.11
1756770900000,2025-09-01,23:55:00,3479.885,3479.985,3478.685,3478.965,0.0934
1756771200000,2025-09-02,00:00:00,3478.915,3482.355,3477.965,3480.955,0.2004
1756771500000,2025-09-02,00:05:00,3480.785,3482.825,3480.425,3481.655,0.1057
1756771800000,2025-09-02,00:10:00,3481.695,3482.325,3479.535,3480.698,0.2104
1756772100000,2025-09-02,00:15:00,3480.798,3482.398,3480.505,3481.185,0.2647
1756772400000,2025-09-02,00:20:00,3481.228,3482.398,3480.725,3481.398,0.15
1756772700000,2025-09-02,00:25:00,3481.398,3483.615,3481.228,3482.955,0.0953
1756773000000,2025-09-02,00:30:00,3482.805,3483.935,3481.935,3483.825,0.0782
1756773300000,2025-09-02,00:35:00,3483.795,3484.798,3481.805,3481.855,0.263
1756773600000,2025-09-02,00:40:00,3481.875,3482.735,3478.195,3480.225,0.2832
1756773900000,2025-09-02,00:45:00,3480.165,3480.615,3477.835,3478.755,0.1291
1756774200000,2025-09-02,00:50:00,3478.775,3479.715,3477.955,3479.645,0.1304
1756774500000,2025-09-02,00:55:00,3479.665,3479.905,3477.998,3478.915,0.1343
1756774800000,2025-09-02,01:00:00,3478.845,3481.915,3476.625,3479.465,0.2928
1756775100000,2025-09-02,01:05:00,3479.265,3482.745,3479.255,3482.725,0.1486
1756775400000,2025-09-02,01:10:00,3482.765,3489.265,3482.595,3488.625,0.2684
1756775700000,2025-09-02,01:15:00,3488.645,3494.055,3487.725,3492.095,0.4644
1756776000000,2025-09-02,01:20:00,3492.385,3495.805,3492.315,3494.105,0.2357
1756776300000,2025-09-02,01:25:00,3493.838,3497.625,3493.005,3497.315,0.2423
1756776600000,2025-09-02,01:30:00,3497.375,3497.855,3494.485,3497.805,0.2155
1756776900000,2025-09-02,01:35:00,3497.805,3499.268,3497.065,3498.595,0.3799
1756777200000,2025-09-02,01:40:00,3498.495,3502.225,3498.015,3502.115,0.1927
1756777500000,2025-09-02,01:45:00,3502.225,3508.228,3491.478,3493.298,0.5044
1756777800000,2025-09-02,01:50:00,3493.298,3494.375,3488.195,3492.405,0.402
1756778100000,2025-09-02,01:55:00,3492.318,3497.425,3491.495,3497.195,0.4667
1756778400000,2025-09-02,02:00:00,3497.265,3497.465,3493.828,3496.265,0.5193
1756778700000,2025-09-02,02:05:00,3496.325,3500.525,3495.285,3498.285,0.2729
1756779000000,2025-09-02,02:10:00,3498.075,3498.335,3493.485,3493.965,0.2821
1756779300000,2025-09-02,02:15:00,3494.025,3494.705,3493.165,3493.445,0.2129
1756779600000,2025-09-02,02:20:00,3493.465,3494.015,3490.928,3492.405,0.3667
1756779900000,2025-09-02,02:25:00,3492.435,3493.125,3491.048,3492.555,0.3622
1756780200000,2025-09-02,02:30:00,3492.515,3493.425,3491.595,3492.835,0.2693
1756780500000,2025-09-02,02:35:00,3492.885,3495.025,3492.745,3494.205,0.1815
1756780800000,2025-09-02,02:40:00,3494.185,3498.045,3493.735,3497.475,0.227
1756781100000,2025-09-02,02:45:00,3497.485,3497.745,3495.515,3496.145,0.2756
1756781400000,2025-09-02,02:50:00,3496.115,3496.195,3494.575,3495.585,0.0834
1756781700000,2025-09-02,02:55:00,3495.615,3496.965,3494.565,3496.085,0.1112
1756782000000,2025-09-02,03:00:00,3495.725,3495.785,3492.215,3494.955,0.2642
1756782300000,2025-09-02,03:05:00,3494.995,3495.175,3493.035,3494.255,0.1913
1756782600000,2025-09-02,03:10:00,3494.175,3494.795,3493.205,3494.225,0.2196
1756782900000,2025-09-02,03:15:00,3494.205,3494.275,3490.145,3492.095,0.3909
1756783200000,2025-09-02,03:20:00,3492.085,3493.295,3491.385,3493.115,0.3201
1756783500000,2025-09-02,03:25:00,3493.165,3493.985,3492.625,3492.985,0.2051
1756783800000,2025-09-02,03:30:00,3493.005,3493.005,3490.425,3490.825,0.2315
1756784100000,2025-09-02,03:35:00,3490.815,3492.715,3489.665,3492.505,0.3025
1756784400000,2025-09-02,03:40:00,3492.525,3494.069,3492.455,3492.605,0.1794
1756784700000,2025-09-02,03:45:00,3492.545,3494.015,3492.345,3493.635,0.1265
1756785000000,2025-09-02,03:50:00,3493.665,3495.875,3493.555,3495.155,0.1573
1756785300000,2025-09-02,03:55:00,3495.135,3495.535,3494.445,3494.875,0.0512
1756785600000,2025-09-02,04:00:00,3494.835,3495.045,3493.615,3493.895,0.1524
1756785900000,2025-09-02,04:05:00,3493.905,3495.135,3493.085,3494.635,0.1167
1756786200000,2025-09-02,04:10:00,3494.645,3496.045,3494.515,3494.955,0.1144
1756786500000,2025-09-02,04:15:00,3494.915,3496.065,3493.825,3493.965,0.1403
1756786800000,2025-09-02,04:20:00,3493.975,3494.765,3493.305,3493.995,0.105
1756787100000,2025-09-02,04:25:00,3493.975,3494.385,3493.025,3494.055,0.069
1756787400000,2025-09-02,04:30:00,3494.085,3495.765,3493.365,3495.365,0.1121
1756787700000,2025-09-02,04:35:00,3495.415,3496.815,3494.775,3496.555,0.0891
1756788000000,2025-09-02,04:40:00,3496.555,3497.985,3495.385,3497.835,0.1121
1756788300000,2025-09-02,04:45:00,3497.875,3498.115,3497.225,3497.265,0.0649
1756788600000,2025-09-02,04:50:00,3497.285,3497.325,3495.585,3496.285,0.0675
1756788900000,2025-09-02,04:55:00,3496.305,3496.515,3495.595,3496.475,0.0175
1756789200000,2025-09-02,05:00:00,3496.515,3497.635,3494.385,3495.035,0.2337
1756789500000,2025-09-02,05:05:00,3495.095,3495.905,3494.445,3495.905,0.1647
1756789800000,2025-09-02,05:10:00,3495.885,3496.948,3494.835,3495.248,0.0876
1756790100000,2025-09-02,05:15:00,3495.248,3496.355,3494.448,3496.015,0.0468
1756790400000,2025-09-02,05:20:00,3495.955,3496.755,3493.005,3494.275,0.0724
1756790700000,2025-09-02,05:25:00,3494.305,3494.565,3492.345,3493.025,0.0819
1756791000000,2025-09-02,05:30:00,3493.005,3494.785,3491.555,3494.375,0.3451
1756791300000,2025-09-02,05:35:00,3494.395,3496.965,3494.175,3496.875,0.1025
1756791600000,2025-09-02,05:40:00,3496.855,3497.095,3494.665,3495.875,0.1023
1756791900000,2025-09-02,05:45:00,3495.875,3496.065,3494.545,3494.895,0.0945
1756792200000,2025-09-02,05:50:00,3494.835,3496.585,3493.345,3493.995,0.0961
1756792500000,2025-09-02,05:55:00,3494.005,3494.725,3492.075,3492.735,0.1746
1756792800000,2025-09-02,06:00:00,3492.735,3495.595,3491.085,3492.125,0.4338
1756793100000,2025-09-02,06:05:00,3492.215,3493.955,3491.615,3491.615,0.5624
1756793400000,2025-09-02,06:10:00,3491.645,3493.275,3490.035,3490.175,0.5099
1756793700000,2025-09-02,06:15:00,3490.175,3491.435,3488.655,3488.805,0.7001
1756794000000,2025-09-02,06:20:00,3488.825,3490.355,3486.088,3486.895,0.8998
1756794300000,2025-09-02,06:25:00,3486.985,3486.985,3484.085,3485.485,0.5057
1756794600000,2025-09-02,06:30:00,3485.455,3488.765,3484.945,3488.175,0.23
1756794900000,2025-09-02,06:35:00,3487.985,3490.115,3487.965,3488.825,0.2405
1756795200000,2025-09-02,06:40:00,3488.785,3489.075,3485.505,3485.575,0.1637
1756795500000,2025-09-02,06:45:00,3485.725,3486.305,3483.035,3483.675,0.4716
1756795800000,2025-09-02,06:50:00,3483.675,3485.005,3483.105,3483.875,0.4272
1756796100000,2025-09-02,06:55:00,3483.905,3486.325,3483.795,3485.425,0.2836
1756796400000,2025-09-02,07:00:00,3485.398,3487.295,3485.135,3486.265,0.1506
1756796700000,2025-09-02,07:05:00,3486.315,3488.085,3484.985,3485.735,0.1379
1756797000000,2025-09-02,07:10:00,3485.735,3486.565,3483.635,3483.825,0.3439
1756797300000,2025-09-02,07:15:00,3483.665,3485.635,3482.945,3483.285,0.7078
1756797600000,2025-09-02,07:20:00,3483.265,3483.295,3479.808,3481.375,0.5918
1756797900000,2025-09-02,07:25:00,3481.438,3483.735,3481.438,3483.655,0.2693
1756798200000,2025-09-02,07:30:00,3483.705,3483.895,3480.105,3481.385,0.1833
1756798500000,2025-09-02,07:35:00,3481.385,3482.475,3480.835,3481.305,0.1335
1756798800000,2025-09-02,07:40:00,3481.205,3485.695,3480.965,3483.975,0.125
1756799100000,2025-09-02,07:45:00,3483.965,3484.285,3479.875,3480.315,0.2925
1756799400000,2025-09-02,07:50:00,3480.555,3480.685,3471.915,3474.335,0.3984
1756799700000,2025-09-02,07:55:00,3474.335,3478.535,3473.485,3476.605,0.4284
1756800000000,2025-09-02,08:00:00,3476.615,3477.575,3472.165,3472.225,0.274
1756800300000,2025-09-02,08:05:00,3472.235,3473.005,3469.805,3472.175,0.2722
1756800600000,2025-09-02,08:10:00,3472.135,3477.335,3472.045,3476.598,0.188
1756800900000,2025-09-02,08:15:00,3476.598,3478.198,3476.185,3476.955,0.225
1756801200000,2025-09-02,08:20:00,3476.915,3478.045,3476.135,3476.395,0.1085
1756801500000,2025-09-02,08:25:00,3476.465,3477.355,3475.435,3476.915,0.0941
1756801800000,2025-09-02,08:30:00,3476.825,3478.035,3476.535,3477.825,0.093
1756802100000,2025-09-02,08:35:00,3477.795,3479.355,3477.525,3478.595,0.1004
1756802400000,2025-09-02,08:40:00,3478.555,3480.035,3478.255,3479.545,0.0707
1756802700000,2025-09-02,08:45:00,3479.525,3481.175,3478.905,3479.065,0.1403
1756803000000,2025-09-02,08:50:00,3479.085,3479.135,3475.818,3476.075,0.1132
1756803300000,2025-09-02,08:55:00,3476.035,3477.545,3474.365,3477.515,0.4212
1756803600000,2025-09-02,09:00:00,3477.515,3479.615,3476.875,3477.875,0.1101
1756803900000,2025-09-02,09:05:00,3477.825,3478.448,3475.825,3475.825,0.1112
1756804200000,2025-09-02,09:10:00,3475.785,3477.465,3475.715,3477.005,0.1235
1756804500000,2025-09-02,09:15:00,3476.965,3479.555,3476.835,3478.895,0.1681
1756804800000,2025-09-02,09:20:00,3478.925,3479.845,3477.755,3478.945,0.1629
1756805100000,2025-09-02,09:25:00,3479.015,3480.155,3478.775,3479.585,0.0855
1756805400000,2025-09-02,09:30:00,3479.555,3479.555,3477.695,3477.925,0.1252
1756805700000,2025-09-02,09:35:00,3477.948,3479.148,3477.348,3477.998,0.1998
1756806000000,2025-09-02,09:40:00,3477.735,3479.098,3477.265,3477.485,0.0848
1756806300000,2025-09-02,09:45:00,3477.465,3478.005,3476.198,3477.225,0.1112
1756806600000,2025-09-02,09:50:00,3477.398,3478.455,3476.275,3477.105,0.0819
1756806900000,2025-09-02,09:55:00,3477.125,3479.335,3476.445,3476.445,0.0756
1756807200000,2025-09-02,10:00:00,3476.425,3476.885,3475.525,3475.885,0.055
1756807500000,2025-09-02,10:05:00,3475.905,3481.325,3475.815,3480.765,0.1279
1756807800000,2025-09-02,10:10:00,3480.735,3483.195,3480.205,3480.915,0.2004
1756808100000,2025-09-02,10:15:00,3480.785,3482.355,3480.625,3481.445,0.0886
1756808400000,2025-09-02,10:20:00,3481.425,3481.795,3478.948,3480.505,0.119
1756808700000,2025-09-02,10:25:00,3480.505,3480.735,3478.885,3479.925,0.1018
1756809000000,2025-09-02,10:30:00,3479.945,3482.205,3479.845,3481.145,0.1017
1756809300000,2025-09-02,10:35:00,3481.175,3484.885,3480.875,3484.555,0.1284
1756809600000,2025-09-02,10:40:00,3484.525,3484.525,3482.265,3483.028,0.0793
1756809900000,2025-09-02,10:45:00,3483.148,3484.275,3482.305,3483.005,0.1258
1756810200000,2025-09-02,10:50:00,3483.025,3483.848,3482.615,3483.695,0.0714
1756810500000,2025-09-02,10:55:00,3483.755,3485.565,3483.595,3485.505,0.0881
1756810800000,2025-09-02,11:00:00,3485.505,3486.405,3484.235,3485.625,0.1206
1756811100000,2025-09-02,11:05:00,3485.625,3485.725,3483.655,3484.425,0.1163
1756811400000,2025-09-02,11:10:00,3484.475,3484.955,3482.995,3483.255,0.1078
1756811700000,2025-09-02,11:15:00,3483.295,3483.705,3481.105,3481.255,0.1065
1756812000000,2025-09-02,11:20:00,3481.225,3482.335,3479.865,3480.915,0.1175
1756812300000,2025-09-02,11:25:00,3480.905,3481.145,3478.785,3479.075,0.1818
1756812600000,2025-09-02,11:30:00,3479.075,3480.565,3478.155,3479.755,0.2197
1756812900000,2025-09-02,11:35:00,3479.775,3482.455,3479.635,3482.045,0.1353
1756813200000,2025-09-02,11:40:00,3482.045,3485.445,3482.045,3483.925,0.1246
1756813500000,2025-09-02,11:45:00,3483.955,3485.865,3483.375,3485.435,0.0995
1756813800000,2025-09-02,11:50:00,3485.425,3487.835,3485.005,3486.835,0.0978
1756814100000,2025-09-02,11:55:00,3486.865,3489.845,3486.615,3489.595,0.2076
1756814400000,2025-09-02,12:00:00,3489.575,3493.985,3489.035,3492.835,0.2374
1756814700000,2025-09-02,12:05:00,3492.865,3492.975,3490.175,3491.095,0.1757
1756815000000,2025-09-02,12:10:00,3491.135,3491.645,3489.315,3490.405,0.2099
1756815300000,2025-09-02,12:15:00,3490.405,3490.445,3481.945,3484.839,0.3452
1756815600000,2025-09-02,12:20:00,3484.785,3487.365,3483.259,3483.269,0.4111
1756815900000,2025-09-02,12:25:00,3483.359,3484.015,3480.235,3482.195,0.3458
1756816200000,2025-09-02,12:30:00,3482.215,3488.145,3480.415,3481.139,0.4557
1756816500000,2025-09-02,12:35:00,3481.179,3482.275,3474.739,3474.898,0.4972
1756816800000,2025-09-02,12:40:00,3474.898,3478.548,3474.135,3476.225,0.3578
1756817100000,2025-09-02,12:45:00,3476.285,3480.448,3476.255,3477.805,0.3079
1756817400000,2025-09-02,12:50:00,3477.815,3485.445,3477.775,3484.865,0.3356
1756817700000,2025-09-02,12:55:00,3484.825,3487.055,3481.355,3481.729,0.3041
1756818000000,2025-09-02,13:00:00,3481.755,3484.665,3480.165,3480.955,0.409
1756818300000,2025-09-02,13:05:00,3480.995,3481.835,3477.965,3481.465,0.3175
1756818600000,2025-09-02,13:10:00,3481.475,3485.455,3479.858,3482.969,0.4774
1756818900000,2025-09-02,13:15:00,3482.985,3484.725,3480.265,3482.055,0.6349
1756819200000,2025-09-02,13:20:00,3482.045,3483.585,3481.155,3481.585,0.3717
1756819500000,2025-09-02,13:25:00,3481.615,3484.949,3481.125,3484.895,0.1883
1756819800000,2025-09-02,13:30:00,3484.898,3488.498,3478.565,3482.435,0.5633
1756820100000,2025-09-02,13:35:00,3482.375,3487.199,3482.375,3485.365,0.4692
1756820400000,2025-09-02,13:40:00,3485.398,3490.059,3484.655,3489.149,0.4103
1756820700000,2025-09-02,13:45:00,3489.069,3493.319,3486.549,3487.409,0.5887
1756821000000,2025-09-02,13:50:00,3487.419,3488.525,3482.695,3487.345,0.4216
1756821300000,2025-09-02,13:55:00,3487.365,3491.969,3486.145,3487.828,0.4351
1756821600000,2025-09-02,14:00:00,3487.828,3493.455,3485.548,3492.775,0.4104
1756821900000,2025-09-02,14:05:00,3492.805,3498.969,3489.149,3497.519,0.5363
1756822200000,2025-09-02,14:10:00,3497.419,3498.519,3492.708,3497.699,0.5378
1756822500000,2025-09-02,14:15:00,3497.798,3499.555,3496.048,3499.375,0.4596
1756822800000,2025-09-02,14:20:00,3499.345,3501.748,3497.165,3500.745,0.427
1756823100000,2025-09-02,14:25:00,3500.719,3504.715,3500.565,3502.105,0.5646
1756823400000,2025-09-02,14:30:00,3502.105,3502.565,3495.205,3499.745,0.5395
1756823700000,2025-09-02,14:35:00,3499.815,3505.185,3499.815,3503.159,0.475
1756824000000,2025-09-02,14:40:00,3503.209,3510.295,3502.938,3509.975,0.5197
1756824300000,2025-09-02,14:45:00,3509.965,3513.608,3508.695,3509.919,0.6417
1756824600000,2025-09-02,14:50:00,3509.745,3512.509,3507.529,3511.145,0.4345
1756824900000,2025-09-02,14:55:00,3511.115,3512.349,3509.885,3510.795,0.2777
1756825200000,2025-09-02,15:00:00,3510.815,3512.895,3509.155,3512.775,0.4877
1756825500000,2025-09-02,15:05:00,3512.785,3516.365,3512.285,3515.405,0.2849
1756825800000,2025-09-02,15:10:00,3515.445,3515.505,3509.348,3511.345,0.3829
1756826100000,2025-09-02,15:15:00,3511.325,3513.048,3509.909,3512.848,0.3042
1756826400000,2025-09-02,15:20:00,3512.848,3514.148,3510.885,3511.925,0.2978
1756826700000,2025-09-02,15:25:00,3511.915,3512.899,3511.315,3512.648,0.2798
1756827000000,2025-09-02,15:30:00,3512.658,3514.875,3511.729,3513.319,0.3504
1756827300000,2025-09-02,15:35:00,3513.299,3514.899,3511.898,3512.099,0.4472
1756827600000,2025-09-02,15:40:00,3512.139,3514.798,3511.385,3514.248,0.3186
1756827900000,2025-09-02,15:45:00,3514.248,3518.359,3514.148,3517.329,0.3312
1756828200000,2025-09-02,15:50:00,3517.289,3518.615,3516.355,3517.025,0.2236
1756828500000,2025-09-02,15:55:00,3516.945,3520.215,3516.805,3520.215,0.1711
1756828800000,2025-09-02,16:00:00,3520.205,3521.568,3517.845,3520.119,0.3235
1756829100000,2025-09-02,16:05:00,3520.199,3524.185,3519.235,3523.278,0.2759
1756829400000,2025-09-02,16:10:00,3523.178,3525.909,3521.739,3525.875,0.3575
1756829700000,2025-09-02,16:15:00,3525.805,3526.129,3521.455,3522.375,0.2534
1756830000000,2025-09-02,16:20:00,3522.355,3524.465,3519.675,3523.785,0.2385
1756830300000,2025-09-02,16:25:00,3523.785,3524.848,3522.918,3524.738,0.172
1756830600000,2025-09-02,16:30:00,3524.738,3527.019,3524.105,3526.699,0.1493
1756830900000,2025-09-02,16:35:00,3526.565,3528.565,3525.335,3527.898,0.2399
1756831200000,2025-09-02,16:40:00,3527.918,3528.289,3524.868,3525.819,0.282
1756831500000,2025-09-02,16:45:00,3525.825,3526.598,3524.985,3525.959,0.274
1756831800000,2025-09-02,16:50:00,3525.949,3528.455,3525.888,3527.918,0.2104
1756832100000,2025-09-02,16:55:00,3527.908,3528.405,3526.575,3527.455,0.1645
1756832400000,2025-09-02,17:00:00,3527.485,3527.745,3521.745,3523.595,0.22
1756832700000,2025-09-02,17:05:00,3523.595,3524.545,3523.335,3524.325,0.1869
1756833000000,2025-09-02,17:10:00,3524.375,3527.365,3523.675,3527.055,0.1516
1756833300000,2025-09-02,17:15:00,3527.115,3528.465,3526.149,3526.748,0.1003
1756833600000,2025-09-02,17:20:00,3526.848,3528.048,3525.655,3527.375,0.1216
1756833900000,2025-09-02,17:25:00,3527.448,3528.245,3526.755,3527.945,0.1217
1756834200000,2025-09-02,17:30:00,3527.925,3529.925,3526.035,3526.635,0.1525
1756834500000,2025-09-02,17:35:00,3526.665,3526.818,3524.485,3525.345,0.1077
1756834800000,2025-09-02,17:40:00,3525.315,3526.775,3524.875,3526.099,0.1029
1756835100000,2025-09-02,17:45:00,3526.108,3526.948,3525.648,3526.848,0.1496
1756835400000,2025-09-02,17:50:00,3526.948,3528.448,3526.485,3527.098,0.1738
1756835700000,2025-09-02,17:55:00,3527.098,3529.489,3527.098,3528.938,0.2732
1756836000000,2025-09-02,18:00:00,3528.938,3528.948,3527.595,3528.325,0.1579
1756836300000,2025-09-02,18:05:00,3528.305,3529.175,3527.545,3529.175,0.1695
1756836600000,2025-09-02,18:10:00,3529.185,3529.855,3528.589,3528.949,0.1742
1756836900000,2025-09-02,18:15:00,3528.828,3529.298,3528.099,3528.769,0.198
1756837200000,2025-09-02,18:20:00,3528.759,3529.965,3528.498,3529.315,0.2897
1756837500000,2025-09-02,18:25:00,3529.295,3530.378,3528.305,3529.698,0.4664
1756837800000,2025-09-02,18:30:00,3529.619,3531.025,3528.878,3530.545,0.2615
1756838100000,2025-09-02,18:35:00,3530.565,3531.955,3530.095,3531.015,0.3042
1756838400000,2025-09-02,18:40:00,3530.935,3531.405,3529.008,3529.008,0.2908
1756838700000,2025-09-02,18:45:00,3529.008,3529.748,3526.995,3527.305,0.3008
1756839000000,2025-09-02,18:50:00,3527.215,3527.295,3524.975,3525.575,0.3093
1756839300000,2025-09-02,18:55:00,3525.585,3528.588,3525.575,3528.188,0.1617
1756839600000,2025-09-02,19:00:00,3528.188,3531.405,3528.008,3531.298,0.1018
1756839900000,2025-09-02,19:05:00,3531.298,3534.195,3530.515,3533.965,0.2002
1756840200000,2025-09-02,19:10:00,3533.995,3535.895,3533.995,3535.645,0.6062
1756840500000,2025-09-02,19:15:00,3535.605,3537.115,3535.095,3537.115,0.4388
1756840800000,2025-09-02,19:20:00,3537.155,3537.995,3536.058,3537.265,0.6711
1756841100000,2025-09-02,19:25:00,3537.355,3537.355,3535.595,3536.385,0.5905
1756841400000,2025-09-02,19:30:00,3536.345,3538.225,3536.195,3537.185,0.6241
1756841700000,2025-09-02,19:35:00,3537.195,3539.839,3536.975,3539.689,0.2659
1756842000000,2025-09-02,19:40:00,3539.565,3539.749,3538.175,3538.705,0.1907
1756842300000,2025-09-02,19:45:00,3538.805,3539.849,3538.779,3538.845,0.3819
1756842600000,2025-09-02,19:50:00,3538.845,3539.309,3532.878,3533.449,0.3511
1756842900000,2025-09-02,19:55:00,3533.535,3536.899,3533.208,3536.698,0.4096
1756843200000,2025-09-02,20:00:00,3536.698,3537.315,3536.098,3536.748,0.0574
1756843500000,2025-09-02,20:05:00,3536.748,3537.448,3534.978,3536.478,0.1125
1756843800000,2025-09-02,20:10:00,3536.488,3537.548,3535.148,3535.358,0.1352
1756844100000,2025-09-02,20:15:00,3535.358,3535.738,3533.078,3533.139,0.0936
1756844400000,2025-09-02,20:20:00,3533.208,3534.965,3533.138,3534.665,0.0589
1756844700000,2025-09-02,20:25:00,3534.685,3536.295,3534.385,3536.265,0.0464
1756845000000,2025-09-02,20:30:00,3536.235,3536.298,3534.535,3536.215,0.0739
1756845300000,2025-09-02,20:35:00,3536.299,3536.408,3535.319,3535.615,0.0381
1756845600000,2025-09-02,20:40:00,3535.645,3535.759,3534.529,3534.699,0.0661
1756845900000,2025-09-02,20:45:00,3534.789,3535.979,3534.668,3535.739,0.0881
1756846200000,2025-09-02,20:50:00,3535.739,3535.909,3533.675,3534.145,0.1231
1756846500000,2025-09-02,20:55:00,3534.125,3534.629,3532.405,3532.405,0.0964
1756850400000,2025-09-02,22:00:00,3532.698,3533.948,3530.875,3532.348,0.1076
1756850700000,2025-09-02,22:05:00,3532.048,3534.225,3532.048,3533.425,0.0763
1756851000000,2025-09-02,22:10:00,3533.435,3533.665,3531.505,3533.025,0.0636
1756851300000,2025-09-02,22:15:00,3533.035,3533.698,3532.775,3533.185,0.0756
1756851600000,2025-09-02,22:20:00,3533.125,3533.795,3532.998,3533.598,0.0793
1756851900000,2025-09-02,22:25:00,3533.698,3534.755,3532.298,3532.385,0.1177
1756852200000,2025-09-02,22:30:00,3532.409,3533.225,3531.365,3531.575,0.1508
1756852500000,2025-09-02,22:35:00,3531.575,3531.785,3529.278,3530.098,0.1114
1756852800000,2025-09-02,22:40:00,3530.098,3530.498,3528.848,3528.948,0.0485
1756853100000,2025-09-02,22:45:00,3528.948,3529.615,3528.735,3529.348,0.0368
1756853400000,2025-09-02,22:50:00,3529.348,3530.048,3528.948,3529.748,0.0431
1756853700000,2025-09-02,22:55:00,3529.748,3529.848,3528.478,3528.748,0.0375
1756854000000,2025-09-02,23:00:00,3528.748,3529.848,3528.388,3529.698,0.034
1756854300000,2025-09-02,23:05:00,3529.698,3529.698,3528.788,3529.398,0.0329
1756854600000,2025-09-02,23:10:00,3529.398,3529.598,3527.225,3528.098,0.0658
1756854900000,2025-09-02,23:15:00,3528.098,3529.345,3527.555,3529.305,0.0609
1756855200000,2025-09-02,23:20:00,3529.205,3529.298,3528.125,3528.215,0.0495
1756855500000,2025-09-02,23:25:00,3528.275,3528.315,3527.405,3527.455,0.0546
1756855800000,2025-09-02,23:30:00,3527.405,3527.805,3527.255,3527.635,0.0613
1756856100000,2025-09-02,23:35:00,3527.695,3527.925,3525.848,3526.455,0.1254
1756856400000,2025-09-02,23:40:00,3526.448,3526.885,3525.865,3526.055,0.0559
1756856700000,2025-09-02,23:45:00,3526.055,3529.368,3526.055,3528.505,0.1826
1756857000000,2025-09-02,23:50:00,3528.455,3532.905,3528.335,3532.345,0.1494
1756857300000,2025-09-02,23:55:00,3532.325,3532.598,3528.598,3529.698,0.2095
1756857600000,2025-09-03,00:00:00,3529.698,3530.048,3527.748,3528.048,0.259
1756857900000,2025-09-03,00:05:00,3528.048,3530.855,3527.748,3530.115,0.0856
1756858200000,2025-09-03,00:10:00,3530.145,3530.895,3529.775,3530.445,0.0464
1756858500000,2025-09-03,00:15:00,3530.495,3534.498,3530.495,3534.135,0.123
1756858800000,2025-09-03,00:20:00,3534.048,3544.598,3532.685,3543.975,0.3263
1756859100000,2025-09-03,00:25:00,3544.048,3546.398,3536.195,3536.365,0.6126
1756859400000,2025-09-03,00:30:00,3536.365,3537.945,3534.295,3537.555,0.3227
1756859700000,2025-09-03,00:35:00,3537.265,3541.965,3537.055,3540.835,0.4309
1756860000000,2025-09-03,00:40:00,3540.938,3542.815,3539.825,3540.115,0.2166
1756860300000,2025-09-03,00:45:00,3540.085,3543.248,3540.085,3541.285,0.2491
1756860600000,2025-09-03,00:50:00,3541.285,3542.925,3540.345,3540.585,0.1642
1756860900000,2025-09-03,00:55:00,3540.535,3540.725,3535.319,3535.875,0.2306
1756861200000,2025-09-03,01:00:00,3535.775,3541.498,3534.579,3537.865,0.5323
1756861500000,2025-09-03,01:05:00,3537.955,3539.655,3534.915,3536.415,0.5401
1756861800000,2025-09-03,01:10:00,3536.415,3538.305,3534.915,3537.675,0.208
1756862100000,2025-09-03,01:15:00,3537.795,3538.085,3531.555,3531.915,0.2419
1756862400000,2025-09-03,01:20:00,3531.925,3536.215,3531.925,3535.545,0.1622
1756862700000,2025-09-03,01:25:00,3535.475,3538.635,3534.665,3536.965,0.1638
1756863000000,2025-09-03,01:30:00,3536.999,3540.795,3536.965,3540.675,0.286
1756863300000,2025-09-03,01:35:00,3540.715,3540.795,3537.285,3537.355,0.2084
1756863600000,2025-09-03,01:40:00,3537.115,3537.955,3535.995,3537.315,0.1959
1756863900000,2025-09-03,01:45:00,3537.355,3537.465,3534.715,3537.105,0.201
1756864200000,2025-09-03,01:50:00,3537.045,3538.525,3536.505,3538.525,0.1457
1756864500000,2025-09-03,01:55:00,3538.565,3539.435,3537.905,3538.635,0.0882
1756864800000,2025-09-03,02:00:00,3538.595,3541.865,3537.825,3541.865,0.1432
1756865100000,2025-09-03,02:05:00,3541.735,3545.725,3541.385,3541.535,0.2972
1756865400000,2025-09-03,02:10:00,3541.575,3542.135,3538.848,3539.515,0.2358
1756865700000,2025-09-03,02:15:00,3539.505,3543.955,3539.198,3543.215,0.2321
1756866000000,2025-09-03,02:20:00,3543.185,3543.545,3540.825,3541.165,0.1565
1756866300000,2025-09-03,02:25:00,3541.255,3542.845,3540.355,3540.515,0.1355
1756866600000,2025-09-03,02:30:00,3540.455,3541.305,3537.195,3539.915,0.2309
1756866900000,2025-09-03,02:35:00,3539.905,3540.235,3537.145,3537.475,0.1335
1756867200000,2025-09-03,02:40:00,3537.435,3538.985,3535.365,3537.985,0.2114
1756867500000,2025-09-03,02:45:00,3537.975,3540.015,3537.125,3537.125,0.2437
1756867800000,2025-09-03,02:50:00,3537.155,3537.725,3533.555,3533.595,0.2967
1756868100000,2025-09-03,02:55:00,3533.595,3535.245,3530.778,3531.385,0.3266
1756868400000,2025-09-03,03:00:00,3531.345,3533.005,3530.695,3532.598,0.2188
1756868700000,2025-09-03,03:05:00,3532.598,3532.598,3530.125,3531.415,0.1553
1756869000000,2025-09-03,03:10:00,3531.385,3531.455,3530.025,3530.535,0.1371
1756869300000,2025-09-03,03:15:00,3530.615,3532.545,3529.698,3532.475,0.3423
1756869600000,2025-09-03,03:20:00,3532.475,3533.265,3530.925,3530.998,0.2515
1756869900000,2025-09-03,03:25:00,3531.015,3531.685,3529.445,3530.905,0.1881
1756870200000,2025-09-03,03:30:00,3530.885,3531.005,3529.245,3529.635,0.0823
1756870500000,2025-09-03,03:35:00,3529.605,3532.685,3529.175,3530.555,0.113
1756870800000,2025-09-03,03:40:00,3530.595,3531.605,3529.955,3529.965,0.1418
1756871100000,2025-09-03,03:45:00,3529.985,3532.855,3529.985,3532.745,0.1389
1756871400000,2025-09-03,03:50:00,3532.695,3532.905,3530.685,3530.845,0.099
1756871700000,2025-09-03,03:55:00,3530.845,3531.855,3530.265,3530.635,0.0567
1756872000000,2025-09-03,04:00:00,3530.665,3532.065,3530.455,3531.955,0.0654
1756872300000,2025-09-03,04:05:00,3531.975,3532.495,3531.475,3531.688,0.0877
1756872600000,2025-09-03,04:10:00,3531.745,3532.605,3531.045,3531.745,0.0692
1756872900000,2025-09-03,04:15:00,3531.755,3534.565,3531.755,3532.975,0.1262
1756873200000,2025-09-03,04:20:00,3533.015,3533.615,3531.815,3533.525,0.0996
1756873500000,2025-09-03,04:25:00,3533.575,3534.795,3533.495,3534.055,0.0818
1756873800000,2025-09-03,04:30:00,3534.075,3535.435,3533.925,3535.125,0.0693
1756874100000,2025-09-03,04:35:00,3535.135,3537.985,3534.485,3536.545,0.1742
1756874400000,2025-09-03,04:40:00,3536.555,3537.545,3535.875,3537.075,0.136
1756874700000,2025-09-03,04:45:00,3537.105,3538.065,3536.905,3537.745,0.0876
1756875000000,2025-09-03,04:50:00,3537.705,3537.705,3536.038,3536.305,0.2271
1756875300000,2025-09-03,04:55:00,3536.355,3536.988,3535.755,3536.685,0.0577
1756875600000,2025-09-03,05:00:00,3536.675,3536.975,3535.225,3535.515,0.0727
1756875900000,2025-09-03,05:05:00,3535.545,3536.265,3534.205,3536.025,0.0678
1756876200000,2025-09-03,05:10:00,3536.025,3537.805,3535.285,3535.428,0.1577
1756876500000,2025-09-03,05:15:00,3535.438,3535.828,3533.255,3533.475,0.24
1756876800000,2025-09-03,05:20:00,3533.525,3534.765,3532.565,3532.995,0.216
1756877100000,2025-09-03,05:25:00,3532.965,3535.105,3532.898,3534.425,0.0865
1756877400000,2025-09-03,05:30:00,3534.385,3534.515,3531.715,3532.255,0.192
1756877700000,2025-09-03,05:35:00,3532.235,3534.455,3531.795,3534.415,0.149
1756878000000,2025-09-03,05:40:00,3534.395,3534.395,3531.815,3532.215,0.1274
1756878300000,2025-09-03,05:45:00,3532.235,3533.205,3530.825,3531.708,0.0966
1756878600000,2025-09-03,05:50:00,3531.708,3532.105,3529.578,3530.015,0.2733
1756878900000,2025-09-03,05:55:00,3529.985,3530.145,3526.508,3529.725,0.2337
1756879200000,2025-09-03,06:00:00,3529.745,3532.955,3529.675,3532.665,0.1286
1756879500000,2025-09-03,06:05:00,3532.665,3533.185,3530.295,3530.948,0.1839
1756879800000,2025-09-03,06:10:00,3530.948,3533.255,3530.525,3532.985,0.19
1756880100000,2025-09-03,06:15:00,3532.975,3534.905,3531.195,3531.325,0.3055
1756880400000,2025-09-03,06:20:00,3531.275,3532.965,3530.875,3532.705,0.3875
1756880700000,2025-09-03,06:25:00,3532.715,3533.335,3530.968,3533.155,0.1783
1756881000000,2025-09-03,06:30:00,3533.115,3536.475,3532.405,3535.965,0.3598
1756881300000,2025-09-03,06:35:00,3536.155,3536.225,3533.978,3534.665,0.384
1756881600000,2025-09-03,06:40:00,3534.605,3537.315,3533.978,3536.705,0.2293
1756881900000,2025-09-03,06:45:00,3536.755,3537.135,3535.675,3536.295,0.115
1756882200000,2025-09-03,06:50:00,3536.325,3536.325,3534.648,3534.648,0.1249
1756882500000,2025-09-03,06:55:00,3534.648,3535.365,3533.795,3535.135,0.0675
1756882800000,2025-09-03,07:00:00,3535.105,3535.655,3533.775,3533.898,0.0984
1756883100000,2025-09-03,07:05:00,3533.898,3535.535,3533.415,3534.255,0.1983
1756883400000,2025-09-03,07:10:00,3534.238,3536.085,3533.508,3534.675,0.3864
1756883700000,2025-09-03,07:15:00,3534.695,3534.815,3530.075,3530.345,0.2813
1756884000000,2025-09-03,07:20:00,3530.315,3531.795,3529.015,3530.135,0.2205
1756884300000,2025-09-03,07:25:00,3530.135,3531.775,3529.028,3531.765,0.3082
1756884600000,2025-09-03,07:30:00,3531.805,3535.795,3531.325,3535.135,0.1133
1756884900000,2025-09-03,07:35:00,3535.185,3536.725,3534.775,3535.335,0.1154
1756885200000,2025-09-03,07:40:00,3535.305,3535.355,3533.745,3534.105,0.1083
1756885500000,2025-09-03,07:45:00,3533.965,3535.545,3533.748,3534.965,0.1244
1756885800000,2025-09-03,07:50:00,3534.975,3535.635,3533.795,3534.345,0.0724
1756886100000,2025-09-03,07:55:00,3534.275,3534.875,3533.645,3533.725,0.0926
1756886400000,2025-09-03,08:00:00,3533.675,3537.365,3533.595,3537.365,0.1636
1756886700000,2025-09-03,08:05:00,3537.345,3539.725,3536.865,3538.285,0.1439
1756887000000,2025-09-03,08:10:00,3538.305,3539.798,3536.125,3536.405,0.1358
1756887300000,2025-09-03,08:15:00,3536.355,3537.735,3535.795,3537.155,0.1162
1756887600000,2025-09-03,08:20:00,3537.115,3539.548,3536.125,3538.345,0.1182
1756887900000,2025-09-03,08:25:00,3538.365,3541.095,3538.245,3540.875,0.0907
1756888200000,2025-09-03,08:30:00,3540.845,3541.188,3535.895,3536.285,0.1628
1756888500000,2025-09-03,08:35:00,3536.305,3540.345,3536.095,3538.595,0.1123
1756888800000,2025-09-03,08:40:00,3538.565,3539.905,3536.845,3538.505,0.1201
1756889100000,2025-09-03,08:45:00,3538.505,3540.425,3538.345,3540.345,0.0982
1756889400000,2025-09-03,08:50:00,3540.315,3540.555,3538.335,3539.345,0.0646
1756889700000,2025-09-03,08:55:00,3539.375,3540.195,3539.055,3539.875,0.0419
1756890000000,2025-09-03,09:00:00,3539.895,3540.645,3539.565,3540.075,0.0904
1756890300000,2025-09-03,09:05:00,3540.045,3541.355,3539.965,3540.655,0.0955
1756890600000,2025-09-03,09:10:00,3540.705,3541.785,3539.778,3539.935,0.0782
1756890900000,2025-09-03,09:15:00,3539.885,3541.075,3538.825,3539.125,0.1152
1756891200000,2025-09-03,09:20:00,3539.125,3539.725,3538.275,3539.315,0.2381
1756891500000,2025-09-03,09:25:00,3539.285,3539.945,3537.985,3538.035,0.0886
1756891800000,2025-09-03,09:30:00,3537.975,3539.035,3536.645,3536.885,0.1737
1756892100000,2025-09-03,09:35:00,3536.885,3538.005,3535.728,3536.318,0.2901
1756892400000,2025-09-03,09:40:00,3536.318,3537.785,3535.675,3537.045,0.2234
1756892700000,2025-09-03,09:45:00,3537.085,3538.675,3536.495,3536.655,0.0601
1756893000000,2025-09-03,09:50:00,3536.585,3536.815,3534.425,3535.315,0.0806
1756893300000,2025-09-03,09:55:00,3535.275,3536.095,3533.645,3534.065,0.1841
1756893600000,2025-09-03,10:00:00,3534.065,3534.715,3532.535,3534.175,0.3025
1756893900000,2025-09-03,10:05:00,3534.175,3535.675,3533.925,3534.325,0.2431
1756894200000,2025-09-03,10:10:00,3534.365,3534.425,3532.805,3533.235,0.2211
1756894500000,2025-09-03,10:15:00,3533.195,3535.385,3532.065,3535.385,0.1272
1756894800000,2025-09-03,10:20:00,3535.345,3535.925,3534.395,3535.025,0.0835
1756895100000,2025-09-03,10:25:00,3535.005,3536.948,3534.845,3536.625,0.0467
1756895400000,2025-09-03,10:30:00,3536.595,3538.635,3536.388,3537.875,0.0922
1756895700000,2025-09-03,10:35:00,3537.815,3538.545,3536.475,3536.775,0.0594
1756896000000,2025-09-03,10:40:00,3536.795,3537.155,3534.975,3534.975,0.1005
1756896300000,2025-09-03,10:45:00,3534.975,3538.905,3534.895,3538.785,0.1305
1756896600000,2025-09-03,10:50:00,3538.785,3540.465,3538.635,3540.305,0.0998
1756896900000,2025-09-03,10:55:00,3540.325,3541.475,3539.265,3539.895,0.1157
1756897200000,2025-09-03,11:00:00,3539.905,3542.885,3539.735,3542.815,0.1605
1756897500000,2025-09-03,11:05:00,3542.855,3543.455,3541.715,3542.555,0.104
1756897800000,2025-09-03,11:10:00,3542.605,3547.625,3542.175,3546.075,0.1722
1756898100000,2025-09-03,11:15:00,3546.105,3546.905,3545.195,3545.835,0.1731
1756898400000,2025-09-03,11:20:00,3545.835,3546.425,3544.615,3545.635,0.1463
1756898700000,2025-09-03,11:25:00,3545.705,3546.285,3544.505,3545.565,0.1369
1756899000000,2025-09-03,11:30:00,3545.545,3549.385,3545.395,3548.575,0.179
1756899300000,2025-09-03,11:35:00,3548.545,3548.585,3545.948,3547.905,0.2238
1756899600000,2025-09-03,11:40:00,3547.785,3549.245,3546.248,3548.548,0.161
1756899900000,2025-09-03,11:45:00,3548.668,3549.065,3545.795,3547.155,0.186
1756900200000,2025-09-03,11:50:00,3547.425,3547.515,3545.655,3546.115,0.0955
1756900500000,2025-09-03,11:55:00,3546.148,3547.615,3544.595,3547.425,0.0976
1756900800000,2025-09-03,12:00:00,3547.405,3549.195,3546.685,3548.755,0.1518
1756901100000,2025-09-03,12:05:00,3548.735,3548.935,3545.145,3547.405,0.1225
1756901400000,2025-09-03,12:10:00,3547.205,3548.095,3544.185,3545.625,0.1622
1756901700000,2025-09-03,12:15:00,3545.645,3545.915,3541.535,3541.735,0.1708
1756902000000,2025-09-03,12:20:00,3541.695,3546.385,3541.105,3544.875,0.2527
1756902300000,2025-09-03,12:25:00,3544.955,3547.945,3543.658,3547.035,0.1771
1756902600000,2025-09-03,12:30:00,3547.075,3548.555,3544.085,3548.295,0.2031
1756902900000,2025-09-03,12:35:00,3548.375,3548.405,3544.995,3547.005,0.1533
1756903200000,2025-09-03,12:40:00,3547.015,3548.425,3544.005,3545.395,0.1654
1756903500000,2025-09-03,12:45:00,3545.375,3547.585,3544.865,3546.655,0.1472
1756903800000,2025-09-03,12:50:00,3546.575,3548.515,3545.785,3548.515,0.1349
1756904100000,2025-09-03,12:55:00,3548.485,3551.335,3548.485,3550.375,0.1684
1756904400000,2025-09-03,13:00:00,3550.405,3554.715,3548.955,3551.865,0.3848
1756904700000,2025-09-03,13:05:00,3551.868,3555.905,3551.445,3555.545,0.2879
1756905000000,2025-09-03,13:10:00,3555.525,3557.135,3553.548,3557.055,0.3519
1756905300000,2025-09-03,13:15:00,3557.025,3557.395,3553.435,3557.155,0.2759
1756905600000,2025-09-03,13:20:00,3557.185,3557.539,3554.495,3556.259,0.3082
1756905900000,2025-09-03,13:25:00,3556.259,3560.925,3554.785,3560.319,0.2955
1756906200000,2025-09-03,13:30:00,3560.219,3561.099,3553.595,3557.125,0.5903
1756906500000,2025-09-03,13:35:00,3557.165,3557.745,3550.135,3553.005,0.4132
1756906800000,2025-09-03,13:40:00,3552.995,3554.248,3549.055,3551.535,0.466
1756907100000,2025-09-03,13:45:00,3551.435,3554.305,3549.025,3552.448,0.4377
1756907400000,2025-09-03,13:50:00,3552.548,3554.798,3550.525,3553.198,0.3266
1756907700000,2025-09-03,13:55:00,3553.198,3555.248,3552.828,3553.005,0.3669
1756908000000,2025-09-03,14:00:00,3553.015,3558.248,3552.878,3555.075,0.3585
1756908300000,2025-09-03,14:05:00,3555.155,3557.298,3551.255,3554.375,0.3602
1756908600000,2025-09-03,14:10:00,3554.405,3555.798,3552.505,3553.248,0.3972
1756908900000,2025-09-03,14:15:00,3553.115,3560.745,3553.115,3558.415,0.3804
1756909200000,2025-09-03,14:20:00,3558.435,3565.065,3558.295,3564.485,0.2894
1756909500000,2025-09-03,14:25:00,3564.425,3565.335,3561.705,3562.699,0.3905
1756909800000,2025-09-03,14:30:00,3562.765,3564.515,3558.755,3561.095,0.2884
1756910100000,2025-09-03,14:35:00,3561.065,3563.799,3560.155,3560.845,0.2524
1756910400000,2025-09-03,14:40:00,3560.845,3562.198,3559.868,3561.539,0.411
1756910700000,2025-09-03,14:45:00,3561.489,3563.945,3560.915,3560.975,0.2408
1756911000000,2025-09-03,14:50:00,3560.955,3562.455,3554.215,3554.755,0.2571
1756911300000,2025-09-03,14:55:00,3554.555,3559.035,3554.115,3558.298,0.2448
1756911600000,2025-09-03,15:00:00,3558.215,3559.885,3557.248,3559.145,0.2289
1756911900000,2025-09-03,15:05:00,3559.185,3561.598,3558.895,3561.145,0.1589
1756912200000,2025-09-03,15:10:00,3561.198,3563.725,3561.185,3563.045,0.2054
1756912500000,2025-09-03,15:15:00,3563.045,3564.505,3562.025,3563.125,0.2393
1756912800000,2025-09-03,15:20:00,3563.185,3564.595,3562.145,3564.055,0.1897
1756913100000,2025-09-03,15:25:00,3564.075,3564.895,3563.275,3564.435,0.1883
1756913400000,2025-09-03,15:30:00,3564.435,3567.185,3564.145,3565.675,0.205
1756913700000,2025-09-03,15:35:00,3565.695,3566.085,3562.435,3562.805,0.2414
1756914000000,2025-09-03,15:40:00,3562.835,3564.139,3560.825,3563.725,0.1612
1756914300000,2025-09-03,15:45:00,3563.645,3564.305,3561.345,3563.035,0.1991
1756914600000,2025-09-03,15:50:00,3563.015,3564.559,3563.005,3563.995,0.1248
1756914900000,2025-09-03,15:55:00,3564.035,3565.415,3563.275,3563.735,0.1099
1756915200000,2025-09-03,16:00:00,3563.698,3564.098,3561.995,3563.425,0.1875
1756915500000,2025-09-03,16:05:00,3563.445,3565.215,3562.935,3564.045,0.1627
1756915800000,2025-09-03,16:10:00,3564.135,3565.725,3564.055,3565.225,0.1137
1756916100000,2025-09-03,16:15:00,3565.225,3565.255,3563.869,3564.835,0.0896
1756916400000,2025-09-03,16:20:00,3564.815,3565.985,3564.665,3565.839,0.2959
1756916700000,2025-09-03,16:25:00,3565.815,3567.885,3565.815,3567.655,0.2628
1756917000000,2025-09-03,16:30:00,3567.615,3568.485,3566.808,3567.065,0.179
1756917300000,2025-09-03,16:35:00,3567.105,3567.885,3566.465,3567.255,0.3055
1756917600000,2025-09-03,16:40:00,3567.235,3569.225,3567.095,3568.725,0.271
1756917900000,2025-09-03,16:45:00,3568.705,3569.509,3568.415,3569.219,0.2692
1756918200000,2025-09-03,16:50:00,3569.219,3569.635,3568.199,3569.415,0.1385
1756918500000,2025-09-03,16:55:00,3569.435,3572.375,3569.305,3572.215,0.1391
1756918800000,2025-09-03,17:00:00,3572.235,3572.769,3570.848,3571.818,0.2043
1756919100000,2025-09-03,17:05:00,3571.785,3571.808,3569.848,3570.395,0.222
1756919400000,2025-09-03,17:10:00,3570.415,3572.815,3570.005,3572.205,0.112
1756919700000,2025-09-03,17:15:00,3572.135,3572.545,3571.115,3571.735,0.1026
1756920000000,2025-09-03,17:20:00,3571.735,3571.998,3570.465,3570.865,0.1234
1756920300000,2025-09-03,17:25:00,3570.835,3572.398,3570.485,3571.495,0.1228
1756920600000,2025-09-03,17:30:00,3571.455,3573.815,3571.345,3573.445,0.1379
1756920900000,2025-09-03,17:35:00,3573.425,3574.085,3572.545,3573.315,0.0846
1756921200000,2025-09-03,17:40:00,3573.335,3574.105,3573.045,3573.965,0.0537
1756921500000,2025-09-03,17:45:00,3573.995,3575.188,3573.895,3574.898,0.158
1756921800000,2025-09-03,17:50:00,3574.898,3575.748,3574.045,3575.188,0.1132
1756922100000,2025-09-03,17:55:00,3575.188,3575.198,3573.318,3574.255,0.1406
1756922400000,2025-09-03,18:00:00,3574.395,3575.245,3574.155,3575.105,0.0964
1756922700000,2025-09-03,18:05:00,3575.125,3577.115,3575.045,3577.045,0.0826
1756923000000,2025-09-03,18:10:00,3577.075,3578.175,3576.285,3577.985,0.0976
1756923300000,2025-09-03,18:15:00,3577.915,3578.135,3576.855,3577.065,0.1391
1756923600000,2025-09-03,18:20:00,3577.045,3577.575,3576.245,3576.465,0.0829
1756923900000,2025-09-03,18:25:00,3576.495,3577.125,3574.375,3574.375,0.0854
1756924200000,2025-09-03,18:30:00,3574.355,3574.485,3567.998,3569.825,0.445
1756924500000,2025-09-03,18:35:00,3569.828,3570.618,3564.978,3567.355,0.3389
1756924800000,2025-09-03,18:40:00,3567.615,3570.348,3566.328,3569.235,0.2202
1756925100000,2025-09-03,18:45:00,3569.198,3570.428,3568.455,3570.175,0.1221
1756925400000,2025-09-03,18:50:00,3570.175,3570.885,3567.835,3570.595,0.1426
1756925700000,2025-09-03,18:55:00,3570.595,3571.795,3569.405,3570.115,0.1377
1756926000000,2025-09-03,19:00:00,3570.115,3570.545,3567.455,3569.495,0.1267
1756926300000,2025-09-03,19:05:00,3569.475,3571.155,3569.015,3571.145,0.166
1756926600000,2025-09-03,19:10:00,3571.025,3571.435,3568.965,3569.315,0.2535
1756926900000,2025-09-03,19:15:00,3569.265,3569.785,3565.175,3565.175,0.2019
1756927200000,2025-09-03,19:20:00,3565.235,3566.098,3561.635,3562.295,0.3163
1756927500000,2025-09-03,19:25:00,3562.295,3564.485,3561.585,3563.855,0.2293
1756927800000,2025-09-03,19:30:00,3563.935,3564.985,3561.525,3563.605,0.289
1756928100000,2025-09-03,19:35:00,3563.605,3564.225,3562.585,3563.005,0.2708
1756928400000,2025-09-03,19:40:00,3563.055,3565.595,3562.835,3563.265,0.2814
1756928700000,2025-09-03,19:45:00,3563.395,3563.525,3561.035,3562.615,0.4444
1756929000000,2025-09-03,19:50:00,3562.655,3564.425,3562.505,3563.585,0.3027
1756929300000,2025-09-03,19:55:00,3563.465,3564.329,3562.435,3563.415,0.314
1756929600000,2025-09-03,20:00:00,3563.415,3564.145,3561.465,3562.265,0.1421
1756929900000,2025-09-03,20:05:00,3562.285,3564.215,3562.195,3563.295,0.0815
1756930200000,2025-09-03,20:10:00,3563.305,3564.325,3562.835,3563.705,0.0438
1756930500000,2025-09-03,20:15:00,3563.695,3565.455,3563.595,3565.305,0.057
1756930800000,2025-09-03,20:20:00,3565.275,3565.548,3564.445,3565.285,0.0572
1756931100000,2025-09-03,20:25:00,3565.325,3565.955,3564.125,3564.125,0.1165
1756931400000,2025-09-03,20:30:00,3564.119,3564.148,3562.195,3563.645,0.0788
1756931700000,2025-09-03,20:35:00,3563.645,3563.685,3560.478,3561.285,0.0685
1756932000000,2025-09-03,20:40:00,3561.335,3562.545,3560.965,3562.105,0.0964
1756932300000,2025-09-03,20:45:00,3562.105,3562.245,3560.048,3560.235,0.0763
1756932600000,2025-09-03,20:50:00,3560.245,3560.915,3559.398,3560.415,0.0538
1756932900000,2025-09-03,20:55:00,3560.115,3560.115,3558.475,3558.475,0.063
1756936800000,2025-09-03,22:00:00,3560.448,3561.035,3559.745,3559.965,0.1136
1756937100000,2025-09-03,22:05:00,3560.025,3560.785,3558.815,3559.855,0.2523
1756937400000,2025-09-03,22:10:00,3559.885,3560.885,3559.505,3559.878,0.2572
1756937700000,2025-09-03,22:15:00,3559.878,3560.398,3559.648,3560.015,0.1088
1756938000000,2025-09-03,22:20:00,3559.965,3561.648,3559.658,3561.045,0.0857
1756938300000,2025-09-03,22:25:00,3561.305,3563.198,3561.045,3563.198,0.2165
1756938600000,2025-09-03,22:30:00,3563.098,3563.998,3561.798,3561.945,0.3732
1756938900000,2025-09-03,22:35:00,3561.935,3562.848,3560.945,3562.548,0.3449
1756939200000,2025-09-03,22:40:00,3562.375,3562.595,3561.675,3562.135,0.1223
1756939500000,2025-09-03,22:45:00,3562.135,3562.748,3561.848,3561.905,0.1038
1756939800000,2025-09-03,22:50:00,3561.905,3563.448,3561.595,3562.635,0.246
1756940100000,2025-09-03,22:55:00,3562.625,3563.448,3560.648,3561.348,0.2954
1756940400000,2025-09-03,23:00:00,3561.229,3561.425,3559.105,3559.105,0.3506
1756940700000,2025-09-03,23:05:00,3559.305,3559.865,3557.655,3558.335,0.259
1756941000000,2025-09-03,23:10:00,3558.355,3558.555,3554.205,3554.605,0.3347
1756941300000,2025-09-03,23:15:00,3554.675,3559.875,3554.675,3558.805,0.2202
1756941600000,2025-09-03,23:20:00,3558.885,3560.985,3557.405,3558.925,0.1746
1756941900000,2025-09-03,23:25:00,3558.915,3559.505,3555.905,3557.695,0.1615
1756942200000,2025-09-03,23:30:00,3557.785,3557.855,3554.7,3556.435,0.1703
1756942500000,2025-09-03,23:35:00,3556.435,3558.175,3556.355,3557.298,0.1038
1756942800000,2025-09-03,23:40:00,3557.198,3558.645,3557.198,3558.105,0.0331
1756943100000,2025-09-03,23:45:00,3558.125,3558.305,3556.265,3557.595,0.0434
1756943400000,2025-09-03,23:50:00,3557.625,3558.705,3557.345,3558.485,0.0369
1756943700000,2025-09-03,23:55:00,3558.465,3560.445,3558.385,3560.175,0.0465
1756944000000,2025-09-04,00:00:00,3560.215,3560.848,3556.675,3558.848,0.1402
1756944300000,2025-09-04,00:05:00,3558.648,3558.748,3551.555,3554.505,0.2554
1756944600000,2025-09-04,00:10:00,3554.535,3558.235,3554.255,3556.525,0.1132
1756944900000,2025-09-04,00:15:00,3556.485,3557.245,3555.575,3556.835,0.0881
1756945200000,2025-09-04,00:20:00,3556.885,3558.425,3556.505,3557.795,0.1318
1756945500000,2025-09-04,00:25:00,3557.765,3560.748,3557.605,3559.708,0.1496
1756945800000,2025-09-04,00:30:00,3559.708,3560.098,3557.528,3558.145,0.2102
1756946100000,2025-09-04,00:35:00,3558.145,3559.135,3556.478,3557.148,0.2312
1756946400000,2025-09-04,00:40:00,3557.148,3559.415,3557.148,3557.575,0.1309
1756946700000,2025-09-04,00:45:00,3557.555,3558.725,3556.985,3558.615,0.0803
1756947000000,2025-09-04,00:50:00,3558.645,3561.148,3558.485,3560.048,0.1506
1756947300000,2025-09-04,00:55:00,3559.948,3562.398,3559.655,3561.295,0.1319
1756947600000,2025-09-04,01:00:00,3561.375,3563.148,3558.495,3559.348,0.2393
1756947900000,2025-09-04,01:05:00,3559.348,3560.355,3556.625,3559.505,0.2191
1756948200000,2025-09-04,01:10:00,3559.535,3562.035,3558.515,3561.035,0.2038
1756948500000,2025-09-04,01:15:00,3560.985,3561.065,3555.335,3555.748,0.1949
1756948800000,2025-09-04,01:20:00,3555.848,3556.575,3552,3553.555,0.2162
1756949100000,2025-09-04,01:25:00,3553.535,3554.375,3552,3552,0.1876
1756949400000,2025-09-04,01:30:00,3552,3553.148,3548.345,3549.315,0.3768
1756949700000,2025-09-04,01:35:00,3549.175,3549.345,3543.338,3543.575,0.3021
1756950000000,2025-09-04,01:40:00,3543.715,3547.735,3543.098,3547.555,0.2673
1756950300000,2025-09-04,01:45:00,3547.645,3548.265,3545.098,3546.985,0.233
1756950600000,2025-09-04,01:50:00,3546.925,3547.675,3545.848,3547.335,0.172
1756950900000,2025-09-04,01:55:00,3547.315,3548.005,3544.095,3545.918,0.1458
1756951200000,2025-09-04,02:00:00,3545.918,3550.365,3545.415,3545.748,0.2502
1756951500000,2025-09-04,02:05:00,3545.745,3546.595,3542.145,3542.975,0.2011
1756951800000,2025-09-04,02:10:00,3542.995,3544.635,3540.635,3542.255,0.2048
1756952100000,2025-09-04,02:15:00,3542.205,3543.235,3540.445,3541.645,0.1622
1756952400000,2025-09-04,02:20:00,3541.545,3545.815,3541.315,3544.835,0.137
1756952700000,2025-09-04,02:25:00,3544.815,3546.695,3543.895,3544.798,0.1502
1756953000000,2025-09-04,02:30:00,3544.798,3545.398,3542.898,3545.048,0.2266
1756953300000,2025-09-04,02:35:00,3545.048,3545.948,3539.208,3539.898,0.4163
1756953600000,2025-09-04,02:40:00,3539.998,3541.798,3537.135,3537.265,0.3977
1756953900000,2025-09-04,02:45:00,3537.265,3537.905,3529.685,3530.435,0.6234
1756954200000,2025-09-04,02:50:00,3530.435,3532.128,3526.248,3527.785,0.3725
1756954500000,2025-09-04,02:55:00,3527.765,3531.775,3525.985,3530.455,0.1982
1756954800000,2025-09-04,03:00:00,3530.205,3531.275,3526.335,3528.315,0.4161
1756955100000,2025-09-04,03:05:00,3528.365,3530.905,3526.755,3527.255,0.2958
1756955400000,2025-09-04,03:10:00,3527.305,3527.865,3510.425,3514.648,0.4806
1756955700000,2025-09-04,03:15:00,3514.748,3524.015,3513.965,3522.405,0.3983
1756956000000,2025-09-04,03:20:00,3522.345,3529.765,3522.098,3528.835,0.3403
1756956300000,2025-09-04,03:25:00,3528.625,3530.255,3527.825,3529.625,0.2003
1756956600000,2025-09-04,03:30:00,3529.685,3531.175,3525.845,3529.605,0.3742
1756956900000,2025-09-04,03:35:00,3529.635,3530.525,3525.775,3529.595,0.1506
1756957200000,2025-09-04,03:40:00,3529.525,3530.545,3528.985,3529.485,0.0898
1756957500000,2025-09-04,03:45:00,3529.565,3530.015,3527.475,3528.355,0.0618
1756957800000,2025-09-04,03:50:00,3528.365,3529.135,3526.105,3527.835,0.1283
1756958100000,2025-09-04,03:55:00,3527.965,3529.375,3527.675,3528.855,0.0781
1756958400000,2025-09-04,04:00:00,3528.835,3531.915,3528.665,3531.815,0.0899
1756958700000,2025-09-04,04:05:00,3531.835,3534.135,3530.775,3533.505,0.0939
1756959000000,2025-09-04,04:10:00,3533.535,3533.795,3530.665,3530.755,0.2572
1756959300000,2025-09-04,04:15:00,3530.755,3531.955,3529.935,3530.405,0.2219
1756959600000,2025-09-04,04:20:00,3530.425,3530.835,3528.635,3529.495,0.0703
1756959900000,2025-09-04,04:25:00,3529.585,3531.055,3529.485,3530.765,0.0527
1756960200000,2025-09-04,04:30:00,3530.795,3531.285,3530.215,3530.555,0.0456
1756960500000,2025-09-04,04:35:00,3530.445,3530.975,3529.785,3530.735,0.0282
1756960800000,2025-09-04,04:40:00,3530.695,3531.175,3529.945,3529.985,0.0284
1756961100000,2025-09-04,04:45:00,3530.015,3531.145,3529.795,3530.555,0.0272
1756961400000,2025-09-04,04:50:00,3530.575,3532.085,3530.485,3531.665,0.0306
1756961700000,2025-09-04,04:55:00,3531.715,3532.945,3531.265,3532.885,0.0456
1756962000000,2025-09-04,05:00:00,3532.905,3533.175,3529.115,3529.348,0.2272
1756962300000,2025-09-04,05:05:00,3529.348,3532.025,3529.255,3531.148,0.171
1756962600000,2025-09-04,05:10:00,3531.075,3531.848,3530.698,3531.215,0.2488
1756962900000,2025-09-04,05:15:00,3531.198,3531.625,3529.255,3529.655,0.0845
1756963200000,2025-09-04,05:20:00,3529.615,3530.225,3528.565,3529.805,0.0701
1756963500000,2025-09-04,05:25:00,3529.795,3531.135,3528.835,3531.135,0.0771
1756963800000,2025-09-04,05:30:00,3531.155,3532.248,3529.345,3531.295,0.1856
1756964100000,2025-09-04,05:35:00,3531.295,3532.285,3529.795,3531.325,0.1321
1756964400000,2025-09-04,05:40:00,3531.275,3533.468,3530.965,3531.675,0.2736
1756964700000,2025-09-04,05:45:00,3531.695,3533.915,3529.245,3529.425,0.148
1756965000000,2025-09-04,05:50:00,3529.425,3529.455,3525.175,3528.925,0.1624
1756965300000,2025-09-04,05:55:00,3528.945,3529.375,3525.448,3526.948,0.1428
1756965600000,2025-09-04,06:00:00,3526.965,3527.335,3524.145,3527.055,0.2277
1756965900000,2025-09-04,06:05:00,3527.075,3529.885,3526.735,3528.935,0.1383
1756966200000,2025-09-04,06:10:00,3528.915,3532.455,3528.215,3531.695,0.1055
1756966500000,2025-09-04,06:15:00,3531.685,3532.665,3530.775,3531.495,0.0864
1756966800000,2025-09-04,06:20:00,3531.425,3534.475,3531.165,3534.295,0.0768
1756967100000,2025-09-04,06:25:00,3534.305,3538.635,3533.715,3537.415,0.1347
1756967400000,2025-09-04,06:30:00,3537.325,3541.475,3536.375,3539.898,0.2347
1756967700000,2025-09-04,06:35:00,3539.925,3540.305,3535.005,3537.105,0.174
1756968000000,2025-09-04,06:40:00,3537.075,3539.605,3536.785,3538.698,0.1075
1756968300000,2025-09-04,06:45:00,3538.698,3539.345,3537.265,3538.125,0.1112
1756968600000,2025-09-04,06:50:00,3538.135,3539.175,3536.085,3537.395,0.1226
1756968900000,2025-09-04,06:55:00,3537.345,3537.475,3534.875,3535.835,0.0898
1756969200000,2025-09-04,07:00:00,3535.975,3536.775,3532.505,3534.925,0.1905
1756969500000,2025-09-04,07:05:00,3534.905,3539.925,3534.905,3536.295,0.1682
1756969800000,2025-09-04,07:10:00,3536.325,3539.395,3535.745,3536.748,0.13
1756970100000,2025-09-04,07:15:00,3536.748,3538.735,3536.185,3536.595,0.1045
1756970400000,2025-09-04,07:20:00,3536.575,3537.285,3535.248,3536.375,0.0771
1756970700000,2025-09-04,07:25:00,3536.355,3537.695,3535.065,3537.325,0.0664
1756971000000,2025-09-04,07:30:00,3537.335,3539.045,3536.535,3539.045,0.0476
1756971300000,2025-09-04,07:35:00,3539.025,3540.295,3537.925,3539.465,0.0822
1756971600000,2025-09-04,07:40:00,3539.455,3539.515,3538.025,3539.495,0.0672
1756971900000,2025-09-04,07:45:00,3539.465,3539.945,3538.355,3539.065,0.0438
1756972200000,2025-09-04,07:50:00,3539.045,3540.595,3539.005,3539.695,0.0581
1756972500000,2025-09-04,07:55:00,3539.725,3541.065,3539.725,3540.915,0.064
1756972800000,2025-09-04,08:00:00,3540.865,3544.945,3540.865,3543.135,0.131
1756973100000,2025-09-04,08:05:00,3543.135,3545.045,3542.705,3544.465,0.0769
1756973400000,2025-09-04,08:10:00,3544.425,3545.415,3543.605,3544.065,0.0608
1756973700000,2025-09-04,08:15:00,3544.045,3544.415,3541.915,3543.655,0.0865
1756974000000,2025-09-04,08:20:00,3543.665,3543.825,3539.565,3539.625,0.104
1756974300000,2025-09-04,08:25:00,3539.625,3543.305,3539.625,3543.285,0.1168
1756974600000,2025-09-04,08:30:00,3543.305,3544.975,3540.645,3540.878,0.1106
1756974900000,2025-09-04,08:35:00,3540.878,3543.765,3540.498,3541.205,0.1331
1756975200000,2025-09-04,08:40:00,3540.975,3543.045,3540.855,3541.965,0.1036
1756975500000,2025-09-04,08:45:00,3541.935,3542.195,3538.355,3538.775,0.1502
1756975800000,2025-09-04,08:50:00,3538.725,3539.548,3537.145,3538.325,0.0638
1756976100000,2025-09-04,08:55:00,3538.325,3541.545,3537.915,3541.105,0.1029
1756976400000,2025-09-04,09:00:00,3541.125,3544.795,3540.665,3543.265,0.1255
1756976700000,2025-09-04,09:05:00,3543.225,3543.225,3541.155,3541.418,0.12
1756977000000,2025-09-04,09:10:00,3541.418,3543.915,3540.925,3543.675,0.1018
1756977300000,2025-09-04,09:15:00,3543.705,3544.125,3541.815,3542.398,0.0781
1756977600000,2025-09-04,09:20:00,3542.415,3542.598,3541.205,3541.835,0.0587
1756977900000,2025-09-04,09:25:00,3541.815,3542.185,3538.748,3539.115,0.1009
1756978200000,2025-09-04,09:30:00,3539.105,3540.715,3537.965,3539.335,0.1252
1756978500000,2025-09-04,09:35:00,3539.355,3540.845,3539.055,3539.735,0.0454
1756978800000,2025-09-04,09:40:00,3539.715,3540.365,3537.645,3540.035,0.0727
1756979100000,2025-09-04,09:45:00,3540.045,3541.098,3537.715,3539.255,0.0877
1756979400000,2025-09-04,09:50:00,3538.875,3539.395,3537.305,3537.625,0.0892
1756979700000,2025-09-04,09:55:00,3537.645,3538.985,3536.585,3538.555,0.0646
1756980000000,2025-09-04,10:00:00,3538.575,3540.945,3538.195,3540.275,0.0507
1756980300000,2025-09-04,10:05:00,3540.335,3546.825,3540.275,3546.415,0.0789
1756980600000,2025-09-04,10:10:00,3546.385,3546.425,3542.555,3545.065,0.1214
1756980900000,2025-09-04,10:15:00,3545.095,3545.485,3541.148,3541.705,0.2283
1756981200000,2025-09-04,10:20:00,3541.655,3541.758,3539.598,3540.198,0.1621
1756981500000,2025-09-04,10:25:00,3540.098,3540.845,3538.445,3540.575,0.1328
1756981800000,2025-09-04,10:30:00,3540.535,3541.918,3539.975,3541.398,0.096
1756982100000,2025-09-04,10:35:00,3541.185,3541.858,3540.755,3541.305,0.0828
1756982400000,2025-09-04,10:40:00,3541.295,3541.905,3539.548,3540.048,0.1202
1756982700000,2025-09-04,10:45:00,3539.965,3540.765,3538.745,3539.018,0.0943
1756983000000,2025-09-04,10:50:00,3538.985,3541.495,3538.295,3540.785,0.1208
1756983300000,2025-09-04,10:55:00,3540.865,3541.655,3539.965,3540.715,0.0694
1756983600000,2025-09-04,11:00:00,3540.685,3541.295,3537.595,3537.865,0.1243
1756983900000,2025-09-04,11:05:00,3537.845,3539.755,3536.198,3539.595,0.0972
1756984200000,2025-09-04,11:10:00,3539.585,3540.195,3537.448,3539.805,0.0843
1756984500000,2025-09-04,11:15:00,3539.805,3540.875,3538.775,3538.855,0.0942
1756984800000,2025-09-04,11:20:00,3538.815,3539.345,3536.545,3539.345,0.0681
1756985100000,2025-09-04,11:25:00,3539.255,3540.435,3539.115,3539.815,0.049
1756985400000,2025-09-04,11:30:00,3539.805,3541.835,3539.365,3540.305,0.0847
1756985700000,2025-09-04,11:35:00,3540.305,3545.245,3539.765,3545.035,0.1279
1756986000000,2025-09-04,11:40:00,3544.915,3545.325,3543.315,3544.525,0.1507
1756986300000,2025-09-04,11:45:00,3544.475,3547.195,3544.175,3546.795,0.179
1756986600000,2025-09-04,11:50:00,3546.805,3549.655,3544.945,3545.325,0.1806
1756986900000,2025-09-04,11:55:00,3545.305,3545.535,3542.808,3545.375,0.0933
1756987200000,2025-09-04,12:00:00,3545.195,3547.145,3544.535,3546.605,0.1637
1756987500000,2025-09-04,12:05:00,3546.635,3549.248,3546.065,3547.998,0.1374
1756987800000,2025-09-04,12:10:00,3547.965,3548.348,3546.495,3547.278,0.1391
1756988100000,2025-09-04,12:15:00,3547.278,3551.648,3547.105,3547.285,0.2817
1756988400000,2025-09-04,12:20:00,3547.225,3549.118,3545.675,3545.885,0.2162
1756988700000,2025-09-04,12:25:00,3545.905,3547.125,3543.556,3544.418,0.191
1756989000000,2025-09-04,12:30:00,3544.498,3548.275,3544.025,3545.145,0.2292
1756989300000,2025-09-04,12:35:00,3545.105,3545.795,3540.968,3545.425,0.2286
1756989600000,2025-09-04,12:40:00,3545.425,3547.755,3543.575,3545.338,0.203
1756989900000,2025-09-04,12:45:00,3545.498,3547.648,3541.465,3546.045,0.2126
1756990200000,2025-09-04,12:50:00,3546.065,3547.325,3545.295,3546.065,0.1528
1756990500000,2025-09-04,12:55:00,3546.005,3548.185,3545.695,3548.125,0.1046
1756990800000,2025-09-04,13:00:00,3548.105,3548.145,3541.445,3542.985,0.2509
1756991100000,2025-09-04,13:05:00,3542.975,3545.305,3539.588,3543.885,0.2756
1756991400000,2025-09-04,13:10:00,3543.785,3546.965,3542.985,3546.205,0.1811
1756991700000,2025-09-04,13:15:00,3546.195,3550.075,3544.775,3549.465,0.1653
1756992000000,2025-09-04,13:20:00,3549.495,3552.655,3549.445,3552.495,0.1436
1756992300000,2025-09-04,13:25:00,3552.475,3554.035,3551.845,3552.585,0.1325
1756992600000,2025-09-04,13:30:00,3552.328,3555.305,3550.465,3553.788,0.2863
1756992900000,2025-09-04,13:35:00,3553.795,3558.465,3552.775,3557.785,0.392
1756993200000,2025-09-04,13:40:00,3557.605,3558.048,3548.948,3550.205,0.568
1756993500000,2025-09-04,13:45:00,3550.235,3550.798,3543.515,3545.205,0.5642
1756993800000,2025-09-04,13:50:00,3545.169,3548.005,3542.795,3545.815,0.7694
1756994100000,2025-09-04,13:55:00,3545.865,3547.515,3544.658,3546.078,0.5868
1756994400000,2025-09-04,14:00:00,3545.858,3545.858,3534.548,3536.635,0.3807
1756994700000,2025-09-04,14:05:00,3536.585,3542.135,3535.365,3540.705,0.3337
1756995000000,2025-09-04,14:10:00,3540.725,3546.035,3538.898,3544.615,0.3689
1756995300000,2025-09-04,14:15:00,3544.665,3544.945,3537.995,3538.405,0.9127
1756995600000,2025-09-04,14:20:00,3538.375,3539.765,3534.955,3537.365,0.9823
1756995900000,2025-09-04,14:25:00,3537.415,3541.725,3536.755,3541.545,0.3164
1756996200000,2025-09-04,14:30:00,3541.655,3543.305,3539.745,3541.385,0.2405
1756996500000,2025-09-04,14:35:00,3541.385,3544.705,3540.148,3543.765,0.2623
1756996800000,2025-09-04,14:40:00,3543.925,3546.105,3543.465,3545.105,0.1986
1756997100000,2025-09-04,14:45:00,3545.105,3545.645,3540.765,3540.935,0.2375
1756997400000,2025-09-04,14:50:00,3540.965,3544.565,3540.525,3543.395,0.245
1756997700000,2025-09-04,14:55:00,3543.375,3545.915,3543.135,3545.675,0.2505
1756998000000,2025-09-04,15:00:00,3545.865,3546.558,3543.555,3546.075,0.2438
1756998300000,2025-09-04,15:05:00,3546.145,3548.665,3545.905,3548.245,0.2173
1756998600000,2025-09-04,15:10:00,3548.335,3548.745,3546.575,3546.655,0.1443
1756998900000,2025-09-04,15:15:00,3546.695,3548.465,3546.015,3547.505,0.1331
1756999200000,2025-09-04,15:20:00,3547.485,3547.895,3544.145,3544.215,0.1323
1756999500000,2025-09-04,15:25:00,3544.235,3544.995,3542.185,3543.905,0.1039
1756999800000,2025-09-04,15:30:00,3543.935,3547.825,3543.915,3546.688,0.1682
1757000100000,2025-09-04,15:35:00,3546.718,3548.055,3544.778,3548.055,0.343
1757000400000,2025-09-04,15:40:00,3548.098,3550.348,3547.898,3549.835,0.2072
1757000700000,2025-09-04,15:45:00,3549.855,3551.445,3549.795,3550.535,0.1254
1757001000000,2025-09-04,15:50:00,3550.565,3552.135,3549.995,3551.995,0.0789
1757001300000,2025-09-04,15:55:00,3551.985,3553.148,3551.395,3552.698,0.1074
1757001600000,2025-09-04,16:00:00,3552.698,3554.475,3552.495,3552.515,0.1935
1757001900000,2025-09-04,16:05:00,3552.535,3553.195,3551.555,3552.785,0.1101
1757002200000,2025-09-04,16:10:00,3552.835,3553.835,3551.745,3553.675,0.0938
1757002500000,2025-09-04,16:15:00,3553.705,3554.435,3553.228,3553.865,0.1334
1757002800000,2025-09-04,16:20:00,3553.835,3555.865,3551.165,3552.455,0.1416
1757003100000,2025-09-04,16:25:00,3552.475,3553.575,3551.205,3552.835,0.1456
1757003400000,2025-09-04,16:30:00,3552.875,3554.385,3551.975,3553.205,0.1128
1757003700000,2025-09-04,16:35:00,3553.225,3554.415,3552.005,3552.155,0.1563
1757004000000,2025-09-04,16:40:00,3552.145,3553.445,3551.835,3551.865,0.0776
1757004300000,2025-09-04,16:45:00,3551.845,3552.505,3549.095,3549.445,0.1013
1757004600000,2025-09-04,16:50:00,3549.425,3552.365,3549.045,3552.275,0.1229
1757004900000,2025-09-04,16:55:00,3552.325,3552.755,3551.545,3552.365,0.102
1757005200000,2025-09-04,17:00:00,3552.365,3554.255,3552.175,3553.565,0.0913
1757005500000,2025-09-04,17:05:00,3553.585,3555.275,3552.965,3554.735,0.0645
1757005800000,2025-09-04,17:10:00,3554.755,3554.935,3551.635,3551.915,0.0699
1757006100000,2025-09-04,17:15:00,3551.955,3552.475,3550.845,3552.055,0.0524
1757006400000,2025-09-04,17:20:00,3552.015,3552.015,3550.565,3550.605,0.0527
1757006700000,2025-09-04,17:25:00,3550.585,3551.095,3547.205,3549.155,0.1187
1757007000000,2025-09-04,17:30:00,3549.135,3549.485,3546.105,3546.165,0.094
1757007300000,2025-09-04,17:35:00,3546.168,3546.745,3544.745,3545.865,0.1026
1757007600000,2025-09-04,17:40:00,3545.845,3546.715,3545.325,3546.375,0.0657
1757007900000,2025-09-04,17:45:00,3546.335,3546.345,3543.175,3543.785,0.112
1757008200000,2025-09-04,17:50:00,3543.825,3544.675,3543.295,3543.585,0.078
1757008500000,2025-09-04,17:55:00,3543.565,3543.785,3542.355,3542.725,0.0726
1757008800000,2025-09-04,18:00:00,3542.745,3544.775,3542.575,3544.075,0.0824
1757009100000,2025-09-04,18:05:00,3544.045,3545.325,3543.755,3544.395,0.0934
1757009400000,2025-09-04,18:10:00,3544.375,3544.565,3542.965,3543.425,0.0785
1757009700000,2025-09-04,18:15:00,3543.395,3544.095,3542.895,3543.135,0.0631
1757010000000,2025-09-04,18:20:00,3543.095,3545.575,3543.095,3544.215,0.0651
1757010300000,2025-09-04,18:25:00,3544.255,3546.345,3544.255,3545.475,0.0601
1757010600000,2025-09-04,18:30:00,3545.485,3546.605,3544.655,3545.955,0.0576
1757010900000,2025-09-04,18:35:00,3546.065,3547.315,3545.735,3547.315,0.0576
1757011200000,2025-09-04,18:40:00,3547.285,3547.605,3546.395,3546.695,0.0748
1757011500000,2025-09-04,18:45:00,3546.675,3548.115,3546.675,3547.255,0.0548
1757011800000,2025-09-04,18:50:00,3547.235,3547.745,3546.695,3546.915,0.0482
1757012100000,2025-09-04,18:55:00,3546.905,3547.255,3545.345,3546.155,0.0592
1757012400000,2025-09-04,19:00:00,3546.135,3546.465,3545.445,3545.855,0.058
1757012700000,2025-09-04,19:05:00,3545.875,3547.265,3545.465,3545.835,0.0657
1757013000000,2025-09-04,19:10:00,3545.855,3548.125,3545.825,3547.275,0.1017
1757013300000,2025-09-04,19:15:00,3547.245,3549.045,3546.945,3548.955,0.0937
1757013600000,2025-09-04,19:20:00,3548.975,3550.185,3548.295,3549.735,0.1394
1757013900000,2025-09-04,19:25:00,3549.725,3549.805,3548.585,3549.069,0.0976
1757014200000,2025-09-04,19:30:00,3549.069,3549.699,3548.985,3549.289,0.1531
1757014500000,2025-09-04,19:35:00,3549.339,3550.879,3549.265,3550.535,0.1459
1757014800000,2025-09-04,19:40:00,3550.535,3550.819,3549.455,3550.079,0.0892
1757015100000,2025-09-04,19:45:00,3550.045,3550.089,3549.608,3549.669,0.0954
1757015400000,2025-09-04,19:50:00,3549.615,3549.939,3548.588,3548.955,0.173
1757015700000,2025-09-04,19:55:00,3549.169,3550.339,3548.925,3549.505,0.2671
1757016000000,2025-09-04,20:00:00,3549.555,3550.248,3549.195,3550.198,0.0668
1757016300000,2025-09-04,20:05:00,3550.198,3550.239,3548.975,3549.119,0.0411
1757016600000,2025-09-04,20:10:00,3549.089,3550.009,3548.898,3549.265,0.0629
1757016900000,2025-09-04,20:15:00,3549.298,3549.659,3548.795,3549.329,0.0568
1757017200000,2025-09-04,20:20:00,3549.329,3549.529,3548.275,3548.478,0.042
1757017500000,2025-09-04,20:25:00,3548.468,3549.739,3548.325,3549.368,0.0515
1757017800000,2025-09-04,20:30:00,3549.525,3549.589,3548.025,3548.188,0.044
1757018100000,2025-09-04,20:35:00,3548.118,3548.409,3544.345,3544.405,0.0955
1757018400000,2025-09-04,20:40:00,3544.409,3545.265,3544.409,3544.755,0.0213
1757018700000,2025-09-04,20:45:00,3544.775,3545.595,3544.595,3544.935,0.0215
1757019000000,2025-09-04,20:50:00,3544.885,3545.685,3544.815,3545.175,0.0203
1757019300000,2025-09-04,20:55:00,3545.175,3545.725,3544.095,3544.645,0.1015
1757023200000,2025-09-04,22:00:00,3545.935,3546.298,3543.315,3544.848,0.113
1757023500000,2025-09-04,22:05:00,3544.848,3545.248,3542.105,3542.105,0.0578
1757023800000,2025-09-04,22:10:00,3542.165,3542.498,3539.998,3540.248,0.1188
1757024100000,2025-09-04,22:15:00,3540.248,3541.885,3539.995,3540.835,0.0404
1757024400000,2025-09-04,22:20:00,3540.698,3543.225,3540.545,3543.105,0.0248
1757024700000,2025-09-04,22:25:00,3543.005,3543.005,3541.648,3541.748,0.0158
1757025000000,2025-09-04,22:30:00,3541.748,3542.935,3541.475,3542.325,0.0363
1757025300000,2025-09-04,22:35:00,3542.345,3543.098,3541.698,3542.398,0.0258
1757025600000,2025-09-04,22:40:00,3542.298,3542.298,3539.965,3539.965,0.0471
1757025900000,2025-09-04,22:45:00,3539.948,3540.725,3539.715,3540.045,0.1184
1757026200000,2025-09-04,22:50:00,3540.048,3541.095,3539.948,3540.998,0.0481
1757026500000,2025-09-04,22:55:00,3540.998,3541.208,3540.438,3540.718,0.0331
1757026800000,2025-09-04,23:00:00,3540.455,3542.098,3540.395,3541.918,0.0452
1757027100000,2025-09-04,23:05:00,3541.918,3542.418,3540.748,3540.938,0.0517
1757027400000,2025-09-04,23:10:00,3540.998,3542.078,3540.679,3541.688,0.0413
1757027700000,2025-09-04,23:15:00,3541.688,3544.038,3541.398,3543.758,0.0477
1757028000000,2025-09-04,23:20:00,3543.758,3544.328,3541.125,3542.265,0.0917
1757028300000,2025-09-04,23:25:00,3542.275,3543.835,3542.255,3542.585,0.0603
1757028600000,2025-09-04,23:30:00,3542.555,3547.545,3542.555,3547.355,0.0774
1757028900000,2025-09-04,23:35:00,3547.355,3550.645,3546.415,3548.555,0.0664
1757029200000,2025-09-04,23:40:00,3548.525,3552.105,3548.445,3550.698,0.0631
1757029500000,2025-09-04,23:45:00,3550.698,3553.348,3550.185,3552.248,0.1387
1757029800000,2025-09-04,23:50:00,3552.348,3553.948,3552.078,3553.948,0.184
1757030100000,2025-09-04,23:55:00,3553.808,3554.205,3551.965,3552.415,0.0684
1757030400000,2025-09-05,00:00:00,3552.395,3556.355,3552.355,3554.455,0.183
1757030700000,2025-09-05,00:05:00,3554.495,3554.695,3550.155,3551.475,0.2237
1757031000000,2025-09-05,00:10:00,3552.015,3552.648,3550.555,3550.845,0.1333
1757031300000,2025-09-05,00:15:00,3550.785,3551.155,3548.795,3550.835,0.0896
1757031600000,2025-09-05,00:20:00,3550.815,3552.555,3548.975,3552.245,0.0924
1757031900000,2025-09-05,00:25:00,3552.305,3552.425,3550.485,3551.155,0.0759
1757032200000,2025-09-05,00:30:00,3551.155,3554.425,3551.125,3553.785,0.0844
1757032500000,2025-09-05,00:35:00,3553.835,3554.545,3552.205,3552.715,0.1237
1757032800000,2025-09-05,00:40:00,3552.755,3553.025,3550.975,3551.435,0.2328
1757033100000,2025-09-05,00:45:00,3551.445,3552.985,3549.008,3552.075,0.1235
1757033400000,2025-09-05,00:50:00,3552.185,3552.255,3550.045,3551.175,0.127
1757033700000,2025-09-05,00:55:00,3551.155,3552.475,3550.115,3551.995,0.0916
1757034000000,2025-09-05,01:00:00,3551.955,3554.635,3551.755,3554.315,0.1529
1757034300000,2025-09-05,01:05:00,3554.345,3556.305,3553.095,3553.335,0.1947
1757034600000,2025-09-05,01:10:00,3553.315,3553.665,3551.075,3552.245,0.126
1757034900000,2025-09-05,01:15:00,3552.225,3554.275,3551.245,3554.145,0.0845
1757035200000,2025-09-05,01:20:00,3554.175,3554.915,3553.635,3554.525,0.0544
1757035500000,2025-09-05,01:25:00,3554.555,3555.075,3553.998,3554.705,0.1306
1757035800000,2025-09-05,01:30:00,3554.829,3555.695,3553.345,3553.995,0.1299
1757036100000,2025-09-05,01:35:00,3554.025,3554.265,3552.665,3553.148,0.1573
1757036400000,2025-09-05,01:40:00,3553.155,3555.865,3551.838,3552.875,0.2161
1757036700000,2025-09-05,01:45:00,3552.905,3553.415,3550.768,3550.905,0.2076
1757037000000,2025-09-05,01:50:00,3550.825,3551.685,3549.515,3550.098,0.3648
1757037300000,2025-09-05,01:55:00,3550.198,3552.659,3550.035,3552.125,0.1582
1757037600000,2025-09-05,02:00:00,3551.998,3553.398,3550.698,3552.815,0.1777
1757037900000,2025-09-05,02:05:00,3552.815,3555.145,3552.675,3553.225,0.2994
1757038200000,2025-09-05,02:10:00,3553.245,3553.245,3551.135,3551.185,0.4642
1757038500000,2025-09-05,02:15:00,3551.205,3552.635,3550.905,3552.345,0.1144
1757038800000,2025-09-05,02:20:00,3552.385,3552.695,3550.465,3551.098,0.0824
1757039100000,2025-09-05,02:25:00,3551.198,3551.598,3549.355,3549.975,0.1589
1757039400000,2025-09-05,02:30:00,3549.955,3549.955,3545.515,3547.248,0.373
1757039700000,2025-09-05,02:35:00,3547.348,3549.848,3546.425,3548.825,0.1885
1757040000000,2025-09-05,02:40:00,3548.695,3550.765,3548.695,3549.945,0.0617
1757040300000,2025-09-05,02:45:00,3550.185,3550.185,3548.265,3549.595,0.0721
1757040600000,2025-09-05,02:50:00,3549.595,3552.205,3549.595,3550.995,0.1198
1757040900000,2025-09-05,02:55:00,3551.015,3551.365,3549.125,3550.645,0.0696
1757041200000,2025-09-05,03:00:00,3550.645,3550.935,3548.435,3548.685,0.063
1757041500000,2025-09-05,03:05:00,3548.665,3554.425,3548.495,3554.005,0.13
1757041800000,2025-09-05,03:10:00,3553.975,3554.145,3552.895,3553.695,0.2085
1757042100000,2025-09-05,03:15:00,3553.725,3554.055,3552.935,3553.255,0.1353
1757042400000,2025-09-05,03:20:00,3553.225,3554.865,3553.175,3554.345,0.1105
1757042700000,2025-09-05,03:25:00,3554.375,3555.405,3553.845,3554.955,0.1346
1757043000000,2025-09-05,03:30:00,3555.025,3557.695,3554.925,3556.995,0.2376
1757043300000,2025-09-05,03:35:00,3556.985,3557.955,3556.438,3557.215,0.3602
1757043600000,2025-09-05,03:40:00,3557.215,3558.025,3556.868,3557.615,0.2066
1757043900000,2025-09-05,03:45:00,3557.575,3557.835,3556.505,3557.835,0.1546
1757044200000,2025-09-05,03:50:00,3557.675,3558.815,3557.165,3558.198,0.0565
1757044500000,2025-09-05,03:55:00,3558.198,3558.855,3557.825,3558.135,0.1363
1757044800000,2025-09-05,04:00:00,3558.185,3558.645,3556.105,3556.505,0.0892
1757045100000,2025-09-05,04:05:00,3556.575,3557.635,3556.475,3557.635,0.0383
1757045400000,2025-09-05,04:10:00,3557.638,3557.725,3556.975,3557.475,0.0374
1757045700000,2025-09-05,04:15:00,3557.455,3557.975,3556.725,3557.955,0.0354
1757046000000,2025-09-05,04:20:00,3557.935,3558.245,3557.705,3558.035,0.0556
1757046300000,2025-09-05,04:25:00,3558.075,3558.075,3557.135,3557.535,0.0264
1757046600000,2025-09-05,04:30:00,3557.505,3557.755,3555.995,3556.825,0.062
1757046900000,2025-09-05,04:35:00,3556.775,3558.675,3556.155,3558.165,0.0496
1757047200000,2025-09-05,04:40:00,3558.165,3558.965,3558.025,3558.275,0.0295
1757047500000,2025-09-05,04:45:00,3558.245,3558.635,3557.365,3557.425,0.0374
1757047800000,2025-09-05,04:50:00,3557.465,3558.435,3557.025,3558.145,0.0427
1757048100000,2025-09-05,04:55:00,3558.185,3558.785,3558.125,3558.315,0.0297
1757048400000,2025-09-05,05:00:00,3558.355,3559.845,3558.185,3559.715,0.0564
1757048700000,2025-09-05,05:05:00,3559.745,3560.965,3558.215,3558.348,0.0733
1757049000000,2025-09-05,05:10:00,3558.348,3558.448,3556.725,3557.248,0.1277
1757049300000,2025-09-05,05:15:00,3557.248,3558.198,3556.948,3557.348,0.0516
1757049600000,2025-09-05,05:20:00,3557.248,3557.448,3555.498,3555.855,0.1014
1757049900000,2025-09-05,05:25:00,3555.875,3556.965,3555.875,3556.905,0.0345
1757050200000,2025-09-05,05:30:00,3556.745,3559.075,3556.295,3557.725,0.1234
1757050500000,2025-09-05,05:35:00,3557.765,3559.915,3557.348,3558.048,0.1673
1757050800000,2025-09-05,05:40:00,3557.948,3558.155,3555.765,3555.935,0.2783
1757051100000,2025-09-05,05:45:00,3555.935,3558.545,3555.675,3558.115,0.111
1757051400000,2025-09-05,05:50:00,3558.175,3558.205,3555.365,3556.415,0.2217
1757051700000,2025-09-05,05:55:00,3556.445,3557.848,3556.215,3557.539,0.3125
1757052000000,2025-09-05,06:00:00,3557.539,3557.865,3555.355,3556.265,0.1688
1757052300000,2025-09-05,06:05:00,3556.315,3556.335,3552.745,3554.195,0.1642
1757052600000,2025-09-05,06:10:00,3554.175,3554.415,3550.805,3551.015,0.1398
1757052900000,2025-09-05,06:15:00,3550.945,3552.465,3550.035,3550.985,0.2424
1757053200000,2025-09-05,06:20:00,3550.988,3550.995,3548.315,3548.725,0.0971
1757053500000,2025-09-05,06:25:00,3548.715,3551.275,3547.845,3551.215,0.1327
1757053800000,2025-09-05,06:30:00,3551.205,3553.625,3551.155,3553.135,0.0706
1757054100000,2025-09-05,06:35:00,3553.185,3553.635,3552.045,3552.725,0.0647
1757054400000,2025-09-05,06:40:00,3552.675,3553.585,3552.125,3552.355,0.0607
1757054700000,2025-09-05,06:45:00,3552.455,3553.535,3551.788,3551.948,0.0568
1757055000000,2025-09-05,06:50:00,3551.795,3552.525,3551.795,3552.265,0.0428
1757055300000,2025-09-05,06:55:00,3552.315,3553.345,3552.115,3552.485,0.055
1757055600000,2025-09-05,07:00:00,3552.515,3553.015,3551.395,3551.655,0.0762
1757055900000,2025-09-05,07:05:00,3551.715,3554.118,3549.055,3553.115,0.1054
1757056200000,2025-09-05,07:10:00,3553.065,3553.605,3549.198,3550.048,0.1642
1757056500000,2025-09-05,07:15:00,3550.048,3550.378,3547.785,3548.925,0.1696
1757056800000,2025-09-05,07:20:00,3548.905,3550.825,3548.035,3550.015,0.1218
1757057100000,2025-09-05,07:25:00,3550.075,3550.565,3548.675,3548.738,0.1516
1757057400000,2025-09-05,07:30:00,3548.738,3549.635,3547.125,3549.075,0.1987
1757057700000,2025-09-05,07:35:00,3549.055,3549.085,3547.105,3547.695,0.0568
1757058000000,2025-09-05,07:40:00,3547.675,3549.925,3547.495,3549.675,0.0647
1757058300000,2025-09-05,07:45:00,3549.685,3550.615,3548.565,3548.935,0.0623
1757058600000,2025-09-05,07:50:00,3548.965,3549.065,3547.525,3548.225,0.0705
1757058900000,2025-09-05,07:55:00,3548.265,3548.605,3546.445,3548.025,0.0617
1757059200000,2025-09-05,08:00:00,3547.895,3548.895,3546.325,3548.225,0.0972
1757059500000,2025-09-05,08:05:00,3548.095,3548.575,3546.365,3547.135,0.0721
1757059800000,2025-09-05,08:10:00,3547.125,3548.615,3546.235,3546.765,0.1145
1757060100000,2025-09-05,08:15:00,3546.765,3547.105,3544.695,3545.735,0.0857
1757060400000,2025-09-05,08:20:00,3545.835,3547.845,3545.635,3547.715,0.0912
1757060700000,2025-09-05,08:25:00,3547.695,3549.195,3547.565,3548.935,0.053
1757061000000,2025-09-05,08:30:00,3548.995,3549.635,3548.075,3548.455,0.0592
1757061300000,2025-09-05,08:35:00,3548.415,3549.025,3547.425,3547.865,0.0501
1757061600000,2025-09-05,08:40:00,3547.875,3548.755,3547.365,3548.725,0.0722
1757061900000,2025-09-05,08:45:00,3548.725,3549.705,3547.225,3547.355,0.0564
1757062200000,2025-09-05,08:50:00,3547.295,3547.425,3545.425,3545.845,0.0847
1757062500000,2025-09-05,08:55:00,3545.885,3546.355,3544.605,3545.745,0.0486
1757062800000,2025-09-05,09:00:00,3545.785,3549.935,3545.695,3548.875,0.0816
1757063100000,2025-09-05,09:05:00,3548.895,3550.115,3548.525,3548.605,0.0709
1757063400000,2025-09-05,09:10:00,3548.665,3550.925,3548.335,3548.945,0.0714
1757063700000,2025-09-05,09:15:00,3548.915,3550.845,3548.855,3550.665,0.0542
1757064000000,2025-09-05,09:20:00,3550.685,3551.065,3548.865,3549.395,0.053
1757064300000,2025-09-05,09:25:00,3549.345,3549.435,3548.185,3548.375,0.0622
1757064600000,2025-09-05,09:30:00,3548.345,3549.275,3547.735,3548.665,0.0537
1757064900000,2025-09-05,09:35:00,3548.635,3550.455,3547.859,3550.395,0.0439
1757065200000,2025-09-05,09:40:00,3550.405,3551.455,3550.405,3551.275,0.0359
1757065500000,2025-09-05,09:45:00,3551.315,3553.135,3550.655,3551.365,0.086
1757065800000,2025-09-05,09:50:00,3551.335,3553.565,3551.205,3552.685,0.0578
1757066100000,2025-09-05,09:55:00,3552.635,3552.985,3551.945,3552.205,0.0339
1757066400000,2025-09-05,10:00:00,3552.225,3552.635,3550.865,3550.865,0.0445
1757066700000,2025-09-05,10:05:00,3550.865,3551.655,3550.595,3551.075,0.04
1757067000000,2025-09-05,10:10:00,3551.045,3551.475,3550.375,3550.378,0.0342
1757067300000,2025-09-05,10:15:00,3550.378,3551.385,3549.985,3550.855,0.0545
1757067600000,2025-09-05,10:20:00,3550.875,3551.355,3550.775,3551.155,0.0259
1757067900000,2025-09-05,10:25:00,3551.125,3552.245,3550.415,3552.125,0.0368
1757068200000,2025-09-05,10:30:00,3552.145,3552.195,3549.865,3550.805,0.0688
1757068500000,2025-09-05,10:35:00,3550.775,3551.535,3549.605,3550.295,0.0264
1757068800000,2025-09-05,10:40:00,3550.225,3550.635,3549.255,3550.285,0.0557
1757069100000,2025-09-05,10:45:00,3550.415,3552.085,3550.185,3551.645,0.0657
1757069400000,2025-09-05,10:50:00,3551.645,3552.545,3550.785,3552.345,0.0498
1757069700000,2025-09-05,10:55:00,3552.305,3552.765,3551.345,3551.675,0.0513
1757070000000,2025-09-05,11:00:00,3551.705,3553.585,3551.415,3553.095,0.0581
1757070300000,2025-09-05,11:05:00,3553.055,3553.415,3551.825,3553.125,0.0808
1757070600000,2025-09-05,11:10:00,3553.155,3554.985,3551.895,3552.025,0.1191
1757070900000,2025-09-05,11:15:00,3552.018,3552.995,3550.275,3550.955,0.1168
1757071200000,2025-09-05,11:20:00,3550.935,3550.945,3549.185,3549.975,0.0981
1757071500000,2025-09-05,11:25:00,3549.995,3550.125,3548.475,3548.715,0.0502
1757071800000,2025-09-05,11:30:00,3548.735,3549.255,3548.405,3548.805,0.0756
1757072100000,2025-09-05,11:35:00,3548.835,3551.265,3548.815,3551.005,0.1039
1757072400000,2025-09-05,11:40:00,3551.048,3551.995,3550.358,3551.225,0.1016
1757072700000,2025-09-05,11:45:00,3551.245,3551.335,3549.985,3550.005,0.0756
1757073000000,2025-09-05,11:50:00,3550.105,3550.305,3547.735,3549.575,0.1123
1757073300000,2025-09-05,11:55:00,3549.585,3553.145,3549.415,3553.075,0.1264
1757073600000,2025-09-05,12:00:00,3553.175,3553.865,3548.625,3551.165,0.1645
1757073900000,2025-09-05,12:05:00,3551.095,3554.405,3550.945,3552.775,0.1697
1757074200000,2025-09-05,12:10:00,3552.805,3553.585,3550.085,3551.415,0.2468
1757074500000,2025-09-05,12:15:00,3551.385,3552.355,3550.595,3551.685,0.1835
1757074800000,2025-09-05,12:20:00,3551.725,3552.675,3549.485,3552.525,0.3379
1757075100000,2025-09-05,12:25:00,3552.655,3554.565,3549.765,3552.828,0.304
1757075400000,2025-09-05,12:30:00,3552.828,3582.198,3552.015,3576.705,0.6786
1757075700000,2025-09-05,12:35:00,3576.635,3585.735,3573.555,3584.455,0.4256
1757076000000,2025-09-05,12:40:00,3584.435,3586.575,3577.535,3583.448,0.4195
1757076300000,2025-09-05,12:45:00,3583.505,3583.505,3571.725,3579.485,0.4143
1757076600000,2025-09-05,12:50:00,3579.575,3580.915,3574.575,3579.978,0.3848
1757076900000,2025-09-05,12:55:00,3579.968,3581.375,3577.255,3580.165,0.328
1757077200000,2025-09-05,13:00:00,3580.195,3583.215,3575.075,3577.165,0.3867
1757077500000,2025-09-05,13:05:00,3577.165,3577.485,3572.995,3575.335,0.3804
1757077800000,2025-09-05,13:10:00,3575.365,3582.095,3573.995,3581.155,0.2984
1757078100000,2025-09-05,13:15:00,3581.205,3584.815,3578.895,3584.135,0.2942
1757078400000,2025-09-05,13:20:00,3584.165,3584.325,3574.495,3581.445,0.378
1757078700000,2025-09-05,13:25:00,3581.405,3581.835,3578.358,3578.745,0.265
1757079000000,2025-09-05,13:30:00,3579.065,3580.578,3575.175,3579.835,0.3706
1757079300000,2025-09-05,13:35:00,3580.005,3582.815,3577.465,3578.885,0.3127
1757079600000,2025-09-05,13:40:00,3578.875,3585.085,3578.125,3584.285,0.3334
1757079900000,2025-09-05,13:45:00,3584.275,3592.385,3583.725,3590.608,0.5148
1757080200000,2025-09-05,13:50:00,3590.445,3594.198,3589.905,3591.005,0.3499
1757080500000,2025-09-05,13:55:00,3591.085,3595.105,3589.605,3594.155,0.3479
1757080800000,2025-09-05,14:00:00,3594.205,3597.015,3592.015,3596.745,0.3471
1757081100000,2025-09-05,14:05:00,3596.775,3597.558,3592.875,3592.915,0.3002
1757081400000,2025-09-05,14:10:00,3592.885,3594.625,3591.775,3592.975,0.2541
1757081700000,2025-09-05,14:15:00,3592.945,3595.615,3588.275,3589.595,0.294
1757082000000,2025-09-05,14:20:00,3589.545,3592.605,3585.015,3585.145,0.7067
1757082300000,2025-09-05,14:25:00,3585.165,3586.865,3577.555,3578.915,0.5963
1757082600000,2025-09-05,14:30:00,3578.955,3583.535,3578.955,3582.375,0.9544
1757082900000,2025-09-05,14:35:00,3582.425,3586.495,3572.395,3576.108,1.4556
1757083200000,2025-09-05,14:40:00,3575.725,3580.415,3573.985,3580.125,1.4341
1757083500000,2025-09-05,14:45:00,3580.145,3584.435,3579.495,3583.645,1.2881
1757083800000,2025-09-05,14:50:00,3583.645,3585.555,3582.355,3583.305,1.0516
1757084100000,2025-09-05,14:55:00,3583.305,3590.095,3582.585,3590.005,0.4917
1757084400000,2025-09-05,15:00:00,3589.985,3592.125,3587.695,3591.458,0.3065
1757084700000,2025-09-05,15:05:00,3591.358,3591.498,3584.898,3586.595,0.294
1757085000000,2025-09-05,15:10:00,3586.615,3587.795,3583.565,3584.085,0.3392
1757085300000,2025-09-05,15:15:00,3584.215,3586.605,3581.365,3585.215,0.3248
1757085600000,2025-09-05,15:20:00,3584.985,3590.175,3584.755,3589.165,0.2903
1757085900000,2025-09-05,15:25:00,3589.205,3589.835,3587.518,3589.045,0.2095
1757086200000,2025-09-05,15:30:00,3589.045,3590.555,3589.005,3590.015,0.2075
1757086500000,2025-09-05,15:35:00,3590.055,3592.515,3589.305,3590.915,0.1787
1757086800000,2025-09-05,15:40:00,3590.898,3593.975,3590.418,3593.498,0.1613
1757087100000,2025-09-05,15:45:00,3593.515,3595.205,3592.398,3594.325,0.1883
1757087400000,2025-09-05,15:50:00,3594.325,3595.205,3592.915,3594.395,0.1702
1757087700000,2025-09-05,15:55:00,3594.455,3594.605,3591.665,3591.825,0.1952
1757088000000,2025-09-05,16:00:00,3591.785,3595.505,3590.925,3595.505,0.2078
1757088300000,2025-09-05,16:05:00,3595.485,3598.685,3595.325,3597.065,0.4829
1757088600000,2025-09-05,16:10:00,3597.095,3597.865,3595.635,3596.925,0.3549
1757088900000,2025-09-05,16:15:00,3596.945,3598.095,3596.265,3597.635,0.1462
1757089200000,2025-09-05,16:20:00,3597.665,3599.665,3596.915,3599.025,0.1715
1757089500000,2025-09-05,16:25:00,3599.045,3599.775,3597.135,3599.405,0.1971
1757089800000,2025-09-05,16:30:00,3599.425,3599.905,3598.005,3598.755,0.1148
1757090100000,2025-09-05,16:35:00,3598.725,3598.905,3593.665,3593.848,0.1869
1757090400000,2025-09-05,16:40:00,3593.848,3595.135,3592.395,3594.595,0.195
1757090700000,2025-09-05,16:45:00,3594.575,3597.375,3593.925,3597.255,0.1206
1757091000000,2025-09-05,16:50:00,3597.235,3597.835,3595.425,3595.425,0.114
1757091300000,2025-09-05,16:55:00,3595.458,3596.118,3593.745,3594.965,0.1377
1757091600000,2025-09-05,17:00:00,3594.995,3595.875,3592.525,3592.978,0.1933
1757091900000,2025-09-05,17:05:00,3592.978,3593.665,3590.185,3592.355,0.2283
1757092200000,2025-09-05,17:10:00,3592.355,3592.825,3591.235,3592.715,0.1306
1757092500000,2025-09-05,17:15:00,3592.665,3594.005,3592.065,3592.505,0.1233
1757092800000,2025-09-05,17:20:00,3592.535,3596.098,3592.495,3594.915,0.1696
1757093100000,2025-09-05,17:25:00,3594.935,3596.715,3593.895,3595.965,0.1263
1757093400000,2025-09-05,17:30:00,3595.955,3597.275,3595.645,3596.075,0.1047
1757093700000,2025-09-05,17:35:00,3596.105,3596.365,3593.225,3594.495,0.1195
1757094000000,2025-09-05,17:40:00,3594.515,3594.945,3592.935,3594.865,0.1076
1757094300000,2025-09-05,17:45:00,3594.885,3597.075,3594.885,3595.755,0.1393
1757094600000,2025-09-05,17:50:00,3595.715,3597.115,3595.095,3596.515,0.1111
1757094900000,2025-09-05,17:55:00,3596.505,3597.155,3595.815,3596.295,0.0807
1757095200000,2025-09-05,18:00:00,3596.375,3597.115,3594.825,3595.985,0.0971
1757095500000,2025-09-05,18:05:00,3595.975,3596.605,3594.715,3595.665,0.0905
1757095800000,2025-09-05,18:10:00,3595.645,3596.005,3592.335,3592.485,0.0996
1757096100000,2025-09-05,18:15:00,3592.575,3594.695,3592.445,3594.615,0.135
1757096400000,2025-09-05,18:20:00,3594.655,3595.195,3594.045,3595.085,0.0852
1757096700000,2025-09-05,18:25:00,3595.005,3595.145,3593.615,3594.415,0.1058
1757097000000,2025-09-05,18:30:00,3594.335,3594.335,3592.285,3592.885,0.2577
1757097300000,2025-09-05,18:35:00,3592.915,3594.948,3592.665,3593.825,0.1846
1757097600000,2025-09-05,18:40:00,3593.685,3594.415,3593.205,3594.305,0.1218
1757097900000,2025-09-05,18:45:00,3594.335,3596.498,3594.005,3594.908,0.1675
1757098200000,2025-09-05,18:50:00,3594.998,3595.575,3594.275,3595.205,0.2084
1757098500000,2025-09-05,18:55:00,3595.195,3595.535,3594.458,3595.128,0.3943
1757098800000,2025-09-05,19:00:00,3595.128,3595.648,3594.558,3595.295,0.2117
1757099100000,2025-09-05,19:05:00,3595.315,3595.418,3594.095,3594.505,0.1188
1757099400000,2025-09-05,19:10:00,3594.445,3595.475,3592.355,3592.835,0.0946
1757099700000,2025-09-05,19:15:00,3592.835,3594.415,3592.835,3593.645,0.0718
1757100000000,2025-09-05,19:20:00,3593.665,3595.145,3592.505,3594.815,0.0684
1757100300000,2025-09-05,19:25:00,3594.755,3594.815,3592.865,3593.585,0.0912
1757100600000,2025-09-05,19:30:00,3593.545,3594.245,3592.815,3593.825,0.1194
1757100900000,2025-09-05,19:35:00,3593.825,3593.825,3592.355,3592.535,0.349
1757101200000,2025-09-05,19:40:00,3592.575,3593.805,3592.415,3593.025,0.4867
1757101500000,2025-09-05,19:45:00,3593.045,3595.279,3592.455,3594.745,0.8898
1757101800000,2025-09-05,19:50:00,3594.735,3595.939,3594.225,3594.795,0.5277
1757102100000,2025-09-05,19:55:00,3594.979,3595.719,3594.015,3594.498,0.6153
1757102400000,2025-09-05,20:00:00,3594.498,3594.955,3586.305,3589.198,0.3688
1757102700000,2025-09-05,20:05:00,3589.198,3591.925,3588.255,3590.965,0.1637
1757103000000,2025-09-05,20:10:00,3591.035,3591.335,3589.375,3589.375,0.1445
1757103300000,2025-09-05,20:15:00,3589.185,3590.125,3588.265,3589.025,0.1072
1757103600000,2025-09-05,20:20:00,3589.055,3590.495,3588.945,3590.235,0.037
1757103900000,2025-09-05,20:25:00,3590.215,3590.295,3588.985,3589.945,0.0506
1757104200000,2025-09-05,20:30:00,3589.935,3590.375,3588.445,3588.995,0.0415
1757104500000,2025-09-05,20:35:00,3588.975,3589.425,3588.525,3589.255,0.031
1757104800000,2025-09-05,20:40:00,3589.245,3589.735,3588.865,3589.705,0.0313
1757105100000,2025-09-05,20:45:00,3589.675,3589.685,3587.088,3587.208,0.0466
1757105400000,2025-09-05,20:50:00,3587.148,3588.498,3585.975,3586.918,0.1133
1757105700000,2025-09-05,20:55:00,3587.098,3587.448,3585.195,3585.195,0.1118
1757282400000,2025-09-07,22:00:00,3582.104,3592.398,3577.698,3591.498,0.4029
1757282700000,2025-09-07,22:05:00,3591.398,3596.349,3590.155,3593.698,0.4763
1757283000000,2025-09-07,22:10:00,3593.498,3594.698,3589.385,3590.398,0.2925
1757283300000,2025-09-07,22:15:00,3590.478,3594.138,3586.075,3593.158,0.5173
1757283600000,2025-09-07,22:20:00,3593.158,3594.528,3591.935,3592.578,0.3181
1757283900000,2025-09-07,22:25:00,3592.578,3594.968,3591.775,3593.175,0.1723
1757284200000,2025-09-07,22:30:00,3593.185,3594.638,3592.435,3592.828,0.1806
1757284500000,2025-09-07,22:35:00,3592.928,3592.968,3589.888,3591.048,0.1696
1757284800000,2025-09-07,22:40:00,3590.948,3593.448,3590.945,3592.448,0.1436
1757285100000,2025-09-07,22:45:00,3592.448,3592.748,3591.198,3592.635,0.2042
1757285400000,2025-09-07,22:50:00,3592.635,3593.618,3590.505,3591.948,0.2362
1757285700000,2025-09-07,22:55:00,3592.075,3592.348,3590.868,3591.795,0.0852
1757286000000,2025-09-07,23:00:00,3591.895,3593.048,3590.175,3590.788,0.1279
1757286300000,2025-09-07,23:05:00,3590.838,3593.358,3590.685,3591.888,0.0863
1757286600000,2025-09-07,23:10:00,3591.898,3592.088,3588.245,3588.355,0.1609
1757286900000,2025-09-07,23:15:00,3588.325,3590.645,3588.285,3589.785,0.1274
1757287200000,2025-09-07,23:20:00,3589.815,3591.005,3589.385,3589.508,0.0888
1757287500000,2025-09-07,23:25:00,3589.319,3589.955,3587.375,3589.465,0.074
1757287800000,2025-09-07,23:30:00,3589.515,3590.925,3589.065,3590.185,0.1506
1757288100000,2025-09-07,23:35:00,3590.265,3591.195,3589.275,3590.725,0.1331
1757288400000,2025-09-07,23:40:00,3590.745,3591.195,3589.485,3590.785,0.0999
1757288700000,2025-09-07,23:45:00,3590.815,3592.048,3589.098,3591.448,0.1472
1757289000000,2025-09-07,23:50:00,3591.548,3593.775,3591.448,3592.048,0.1337
1757289300000,2025-09-07,23:55:00,3591.948,3593.348,3590.625,3590.798,0.1514
1757289600000,2025-09-08,00:00:00,3590.798,3591.048,3587.448,3587.505,0.4088
1757289900000,2025-09-08,00:05:00,3587.505,3590.345,3586.805,3588.885,0.4173
1757290200000,2025-09-08,00:10:00,3588.875,3589.375,3586.575,3589.115,0.1339
1757290500000,2025-09-08,00:15:00,3589.145,3590.405,3587.405,3589.135,0.1303
1757290800000,2025-09-08,00:20:00,3589.055,3590.698,3587.155,3589.648,0.1989
1757291100000,2025-09-08,00:25:00,3589.648,3591.448,3589.305,3589.448,0.1527
1757291400000,2025-09-08,00:30:00,3589.295,3589.448,3587.025,3587.595,0.1046
1757291700000,2025-09-08,00:35:00,3587.575,3589.555,3587.055,3588.925,0.1004
1757292000000,2025-09-08,00:40:00,3588.975,3590.095,3588.495,3589.935,0.0519
1757292300000,2025-09-08,00:45:00,3589.955,3590.315,3587.385,3588.575,0.0922
1757292600000,2025-09-08,00:50:00,3588.535,3592.425,3588.225,3592.105,0.1754
1757292900000,2025-09-08,00:55:00,3592.105,3594.205,3591.945,3594.145,0.1336
1757293200000,2025-09-08,01:00:00,3594.175,3596.815,3591.025,3594.705,0.4462
1757293500000,2025-09-08,01:05:00,3594.455,3595.155,3587.065,3587.185,0.5082
1757293800000,2025-09-08,01:10:00,3587.235,3590.148,3585.275,3589.248,0.4355
1757294100000,2025-09-08,01:15:00,3589.148,3589.445,3584.475,3585.255,0.6124
1757294400000,2025-09-08,01:20:00,3585.265,3588.775,3584.525,3587.975,0.311
1757294700000,2025-09-08,01:25:00,3587.875,3590.105,3585.675,3585.695,0.2409
1757295000000,2025-09-08,01:30:00,3585.625,3589.895,3585.405,3587.415,0.3129
1757295300000,2025-09-08,01:35:00,3587.448,3589.495,3585.665,3587.485,0.2868
1757295600000,2025-09-08,01:40:00,3587.365,3588.855,3585.835,3587.148,0.2726
1757295900000,2025-09-08,01:45:00,3587.148,3588.078,3586.095,3586.378,0.4119
1757296200000,2025-09-08,01:50:00,3586.895,3589.448,3586.375,3588.555,0.3297
1757296500000,2025-09-08,01:55:00,3588.548,3591.045,3588.048,3589.315,0.2252
1757296800000,2025-09-08,02:00:00,3589.455,3594.155,3588.585,3590.935,0.3796
1757297100000,2025-09-08,02:05:00,3590.935,3593.355,3589.495,3590.155,0.3283
1757297400000,2025-09-08,02:10:00,3589.925,3590.115,3586.225,3587.655,0.5775
1757297700000,2025-09-08,02:15:00,3587.475,3588.385,3586.175,3588.385,0.2209
1757298000000,2025-09-08,02:20:00,3588.405,3590.945,3587.715,3590.425,0.0864
1757298300000,2025-09-08,02:25:00,3590.605,3590.845,3589.095,3589.955,0.0715
1757298600000,2025-09-08,02:30:00,3589.995,3592.345,3588.105,3591.905,0.1683
1757298900000,2025-09-08,02:35:00,3591.795,3591.935,3589.185,3590.785,0.142
1757299200000,2025-09-08,02:40:00,3590.755,3591.335,3586.985,3587.048,0.2208
1757299500000,2025-09-08,02:45:00,3587.148,3589.915,3586.175,3589.265,0.2417
1757299800000,2025-09-08,02:50:00,3589.355,3591.635,3588.448,3589.685,0.1581
1757300100000,2025-09-08,02:55:00,3590.015,3592.245,3589.705,3590.525,0.1367
1757300400000,2025-09-08,03:00:00,3590.505,3592.045,3589.755,3590.975,0.1371
1757300700000,2025-09-08,03:05:00,3590.975,3591.705,3589.615,3590.235,0.0921
1757301000000,2025-09-08,03:10:00,3590.265,3590.325,3586.875,3586.905,0.285
1757301300000,2025-09-08,03:15:00,3586.885,3588.245,3586.165,3587.775,0.3448
1757301600000,2025-09-08,03:20:00,3587.735,3588.548,3586.945,3587.225,0.4035
1757301900000,2025-09-08,03:25:00,3587.225,3587.385,3584.525,3584.648,0.2637
1757302200000,2025-09-08,03:30:00,3584.685,3586.375,3584.075,3586.335,0.1634
1757302500000,2025-09-08,03:35:00,3586.355,3586.805,3584.725,3585.685,0.0818
1757302800000,2025-09-08,03:40:00,3585.805,3586.185,3583.655,3583.905,0.1762
1757303100000,2025-09-08,03:45:00,3583.865,3584.648,3582.815,3583.105,0.1922
1757303400000,2025-09-08,03:50:00,3583.075,3584.035,3582.775,3583.425,0.1315
1757303700000,2025-09-08,03:55:00,3583.545,3583.675,3582.665,3583.135,0.1224
1757304000000,2025-09-08,04:00:00,3583.155,3583.242,3579.365,3583.185,0.251
1757304300000,2025-09-08,04:05:00,3583.225,3583.435,3582.365,3582.715,0.0711
1757304600000,2025-09-08,04:10:00,3582.745,3582.965,3581.415,3581.435,0.0982
1757304900000,2025-09-08,04:15:00,3581.415,3582.985,3581.275,3582.825,0.0854
1757305200000,2025-09-08,04:20:00,3582.835,3584.615,3582.148,3582.415,0.1316
1757305500000,2025-09-08,04:25:00,3582.415,3583.495,3582.248,3583.105,0.18
1757305800000,2025-09-08,04:30:00,3583.135,3583.355,3582.015,3582.255,0.1478
1757306100000,2025-09-08,04:35:00,3582.249,3582.355,3581.148,3581.155,0.344
1757306400000,2025-09-08,04:40:00,3581.155,3581.515,3580.585,3581.055,0.22
1757306700000,2025-09-08,04:45:00,3581.065,3582.435,3580.748,3581.895,0.0677
1757307000000,2025-09-08,04:50:00,3581.865,3582.455,3581.475,3582.395,0.0389
1757307300000,2025-09-08,04:55:00,3582.335,3582.345,3580.675,3581.435,0.055
1757307600000,2025-09-08,05:00:00,3581.225,3582.848,3580.905,3582.775,0.0888
1757307900000,2025-09-08,05:05:00,3582.785,3583.525,3582.285,3583.475,0.0557
1757308200000,2025-09-08,05:10:00,3583.455,3583.548,3581.645,3581.925,0.0568
1757308500000,2025-09-08,05:15:00,3581.785,3583.595,3581.615,3583.025,0.0938
1757308800000,2025-09-08,05:20:00,3582.995,3583.885,3582.255,3583.575,0.0454
1757309100000,2025-09-08,05:25:00,3583.575,3584.135,3582.435,3582.705,0.0678
1757309400000,2025-09-08,05:30:00,3582.735,3584.215,3581.195,3583.675,0.1465
1757309700000,2025-09-08,05:35:00,3583.655,3587.435,3583.645,3587.115,0.1339
1757310000000,2025-09-08,05:40:00,3586.855,3587.855,3586.355,3587.175,0.1133
1757310300000,2025-09-08,05:45:00,3587.185,3589.415,3586.905,3588.405,0.1199
1757310600000,2025-09-08,05:50:00,3588.375,3589.815,3587.125,3589.815,0.1
1757310900000,2025-09-08,05:55:00,3589.815,3591.435,3589.755,3591.045,0.1152
1757311200000,2025-09-08,06:00:00,3591.015,3592.225,3589.848,3590.375,0.1699
1757311500000,2025-09-08,06:05:00,3590.375,3591.665,3589.305,3590.545,0.1057
1757311800000,2025-09-08,06:10:00,3590.555,3594.255,3590.555,3594.205,0.1364
1757312100000,2025-09-08,06:15:00,3594.235,3594.235,3589.705,3590.605,0.0856
1757312400000,2025-09-08,06:20:00,3590.585,3592.685,3590.275,3592.155,0.068
1757312700000,2025-09-08,06:25:00,3592.145,3594.245,3591.805,3594.195,0.0752
1757313000000,2025-09-08,06:30:00,3594.105,3595.055,3593.405,3593.605,0.0889
1757313300000,2025-09-08,06:35:00,3593.585,3595.655,3593.145,3594.925,0.0863
1757313600000,2025-09-08,06:40:00,3594.885,3597.425,3593.605,3597.425,0.0876
1757313900000,2025-09-08,06:45:00,3597.465,3598.635,3595.835,3596.335,0.0839
1757314200000,2025-09-08,06:50:00,3596.315,3596.595,3594.948,3596.548,0.1589
1757314500000,2025-09-08,06:55:00,3596.565,3597.895,3596.085,3597.895,0.1165
1757314800000,2025-09-08,07:00:00,3597.935,3600.315,3596.235,3599.925,0.1286
1757315100000,2025-09-08,07:05:00,3599.925,3600.335,3597.455,3600.025,0.152
1757315400000,2025-09-08,07:10:00,3600.075,3604.685,3599.965,3604.335,0.1362
1757315700000,2025-09-08,07:15:00,3604.315,3608.948,3604.165,3608.215,0.2795
1757316000000,2025-09-08,07:20:00,3608.165,3610.065,3605.605,3607.145,0.1365
1757316300000,2025-09-08,07:25:00,3607.135,3608.805,3607.065,3608.785,0.0803
1757316600000,2025-09-08,07:30:00,3608.765,3611.825,3608.555,3610.695,0.1384
1757316900000,2025-09-08,07:35:00,3610.765,3613.315,3609.995,3613.045,0.0989
1757317200000,2025-09-08,07:40:00,3612.975,3613.395,3611.165,3612.835,0.1075
1757317500000,2025-09-08,07:45:00,3612.815,3613.075,3607.898,3607.948,0.3137
1757317800000,2025-09-08,07:50:00,3607.955,3609.195,3606.985,3607.155,0.4699
1757318100000,2025-09-08,07:55:00,3607.185,3609.575,3606.025,3609.185,0.1556
1757318400000,2025-09-08,08:00:00,3609.155,3609.748,3607.378,3608.655,0.2725
1757318700000,2025-09-08,08:05:00,3608.725,3608.725,3607.015,3607.795,0.0893
1757319000000,2025-09-08,08:10:00,3607.775,3609.475,3607.125,3608.835,0.0945
1757319300000,2025-09-08,08:15:00,3608.835,3612.905,3607.615,3612.905,0.1399
1757319600000,2025-09-08,08:20:00,3612.875,3616.848,3611.645,3614.345,0.4653
1757319900000,2025-09-08,08:25:00,3614.345,3614.375,3611.138,3612.345,0.574
1757320200000,2025-09-08,08:30:00,3612.365,3614.465,3611.095,3612.385,0.1269
1757320500000,2025-09-08,08:35:00,3612.335,3613.435,3611.045,3613.095,0.0929
1757320800000,2025-09-08,08:40:00,3613.095,3614.245,3612.055,3612.365,0.0818
1757321100000,2025-09-08,08:45:00,3612.345,3613.455,3611.395,3613.385,0.0774
1757321400000,2025-09-08,08:50:00,3613.425,3613.425,3610.885,3610.885,0.0654
1757321700000,2025-09-08,08:55:00,3610.905,3612.125,3609.425,3610.985,0.1018
1757322000000,2025-09-08,09:00:00,3611.005,3611.505,3608.385,3610.995,0.1539
1757322300000,2025-09-08,09:05:00,3611.015,3612.915,3610.885,3612.225,0.0652
1757322600000,2025-09-08,09:10:00,3612.208,3613.885,3611.635,3612.795,0.1169
1757322900000,2025-09-08,09:15:00,3612.775,3613.425,3611.775,3612.785,0.0654
1757323200000,2025-09-08,09:20:00,3612.835,3614.165,3612.035,3613.245,0.0903
1757323500000,2025-09-08,09:25:00,3613.235,3613.545,3610.965,3611.185,0.0925
1757323800000,2025-09-08,09:30:00,3611.185,3611.895,3610.098,3611.875,0.0967
1757324100000,2025-09-08,09:35:00,3611.835,3613.675,3611.385,3613.595,0.0497
1757324400000,2025-09-08,09:40:00,3613.635,3614.705,3613.165,3614.295,0.0615
1757324700000,2025-09-08,09:45:00,3614.085,3614.725,3613.575,3614.345,0.0477
1757325000000,2025-09-08,09:50:00,3614.385,3614.385,3613.305,3613.885,0.0553
1757325300000,2025-09-08,09:55:00,3613.865,3614.815,3613.475,3613.595,0.0644
1757325600000,2025-09-08,10:00:00,3613.635,3615.695,3613.595,3614.985,0.064
1757325900000,2025-09-08,10:05:00,3614.955,3615.465,3614.285,3614.725,0.03
1757326200000,2025-09-08,10:10:00,3614.705,3620.835,3614.155,3620.825,0.0788
1757326500000,2025-09-08,10:15:00,3620.795,3622.245,3615.965,3618.435,0.2959
1757326800000,2025-09-08,10:20:00,3618.395,3618.495,3616.318,3617.448,0.2963
1757327100000,2025-09-08,10:25:00,3617.465,3618.985,3616.448,3618.435,0.0984
1757327400000,2025-09-08,10:30:00,3618.665,3619.005,3617.165,3617.665,0.0566
1757327700000,2025-09-08,10:35:00,3617.635,3618.035,3616.445,3617.235,0.0597
1757328000000,2025-09-08,10:40:00,3617.325,3617.725,3615.295,3617.525,0.0987
1757328300000,2025-09-08,10:45:00,3617.505,3617.535,3615.195,3616.135,0.0876
1757328600000,2025-09-08,10:50:00,3616.165,3616.395,3613.225,3613.975,0.0716
1757328900000,2025-09-08,10:55:00,3613.995,3617.115,3613.975,3616.825,0.0674
1757329200000,2025-09-08,11:00:00,3616.815,3617.155,3614.525,3615.655,0.0642
1757329500000,2025-09-08,11:05:00,3615.645,3615.855,3614.235,3615.765,0.0764
1757329800000,2025-09-08,11:10:00,3615.785,3615.995,3614.685,3615.855,0.0511
1757330100000,2025-09-08,11:15:00,3615.615,3616.605,3615.565,3616.425,0.0434
1757330400000,2025-09-08,11:20:00,3616.445,3617.315,3615.075,3616.175,0.0475
1757330700000,2025-09-08,11:25:00,3616.135,3616.735,3615.195,3616.715,0.0736
1757331000000,2025-09-08,11:30:00,3616.735,3618.035,3616.275,3616.295,0.1034
1757331300000,2025-09-08,11:35:00,3616.295,3617.185,3615.225,3615.225,0.0484
1757331600000,2025-09-08,11:40:00,3615.145,3616.548,3612.398,3614.068,0.1262
1757331900000,2025-09-08,11:45:00,3614.068,3615.685,3613.155,3615.315,0.1069
1757332200000,2025-09-08,11:50:00,3615.325,3618.585,3614.935,3618.395,0.0734
1757332500000,2025-09-08,11:55:00,3618.415,3619.845,3617.655,3619.655,0.0575
1757332800000,2025-09-08,12:00:00,3619.635,3621.715,3618.895,3621.375,0.1173
1757333100000,2025-09-08,12:05:00,3621.375,3621.495,3616.605,3616.765,0.1092
1757333400000,2025-09-08,12:10:00,3616.755,3618.065,3615.448,3617.545,0.158
1757333700000,2025-09-08,12:15:00,3617.565,3618.035,3614.875,3615.805,0.1417
1757334000000,2025-09-08,12:20:00,3615.805,3617.398,3614.615,3614.675,0.5267
1757334300000,2025-09-08,12:25:00,3614.675,3618.148,3614.385,3617.765,0.261
1757334600000,2025-09-08,12:30:00,3617.785,3620.798,3617.305,3618.025,0.1679
1757334900000,2025-09-08,12:35:00,3617.975,3619.298,3617.555,3618.955,0.0837
1757335200000,2025-09-08,12:40:00,3618.975,3620.345,3618.315,3620.075,0.1139
1757335500000,2025-09-08,12:45:00,3620.245,3621.255,3619.455,3620.605,0.1359
1757335800000,2025-09-08,12:50:00,3620.555,3623.945,3620.195,3623.765,0.1548
1757336100000,2025-09-08,12:55:00,3623.765,3625.815,3623.435,3623.985,0.135
1757336400000,2025-09-08,13:00:00,3624.235,3628.925,3623.765,3625.705,0.2984
1757336700000,2025-09-08,13:05:00,3625.725,3628.888,3623.028,3628.475,0.2623
1757337000000,2025-09-08,13:10:00,3628.505,3631.785,3627.175,3630.565,0.241
1757337300000,2025-09-08,13:15:00,3630.685,3630.985,3624.519,3625.448,0.3047
1757337600000,2025-09-08,13:20:00,3625.475,3626.715,3623.618,3625.035,0.1899
1757337900000,2025-09-08,13:25:00,3625.005,3626.358,3623.718,3623.718,0.2094
1757338200000,2025-09-08,13:30:00,3623.748,3625.848,3619.968,3625.355,0.3696
1757338500000,2025-09-08,13:35:00,3625.365,3626.755,3622.678,3623.838,0.3108
1757338800000,2025-09-08,13:40:00,3623.838,3631.515,3622.879,3631.325,0.6344
1757339100000,2025-09-08,13:45:00,3631.385,3634.998,3630.638,3633.525,0.3587
1757339400000,2025-09-08,13:50:00,3633.565,3636.715,3632.735,3632.998,0.4201
1757339700000,2025-09-08,13:55:00,3633.005,3634.675,3628.028,3633.205,0.362
1757340000000,2025-09-08,14:00:00,3633.185,3635.735,3631.275,3634.568,0.2735
1757340300000,2025-09-08,14:05:00,3634.568,3637.375,3633.118,3636.965,0.2757
1757340600000,2025-09-08,14:10:00,3637.005,3637.385,3633.605,3634.525,0.2641
1757340900000,2025-09-08,14:15:00,3634.595,3636.265,3631.705,3632.365,0.266
1757341200000,2025-09-08,14:20:00,3632.365,3632.858,3629.015,3630.658,0.2522
1757341500000,2025-09-08,14:25:00,3630.518,3633.098,3629.175,3629.898,0.261
1757341800000,2025-09-08,14:30:00,3629.898,3631.818,3628.635,3631.005,0.2201
1757342100000,2025-09-08,14:35:00,3630.995,3634.898,3630.625,3634.405,0.1682
1757342400000,2025-09-08,14:40:00,3634.365,3636.625,3634.345,3635.825,0.2042
1757342700000,2025-09-08,14:45:00,3635.875,3638.255,3635.655,3637.115,0.231
1757343000000,2025-09-08,14:50:00,3637.145,3638.975,3635.515,3638.795,0.212
1757343300000,2025-09-08,14:55:00,3638.655,3640.685,3638.115,3640.495,0.2147
1757343600000,2025-09-08,15:00:00,3640.475,3644.175,3640.155,3643.898,0.5107
1757343900000,2025-09-08,15:05:00,3643.898,3644.425,3640.239,3643.545,0.4247
1757344200000,2025-09-08,15:10:00,3643.565,3646.115,3643.485,3645.258,0.205
1757344500000,2025-09-08,15:15:00,3645.278,3645.695,3642.085,3642.415,0.1789
1757344800000,2025-09-08,15:20:00,3642.378,3643.555,3640.478,3641.519,0.2341
1757345100000,2025-09-08,15:25:00,3641.529,3641.775,3636.015,3636.148,0.4568
1757345400000,2025-09-08,15:30:00,3636.168,3637.775,3633.679,3636.528,0.2127
1757345700000,2025-09-08,15:35:00,3636.469,3636.469,3632.985,3634.425,0.1799
1757346000000,2025-09-08,15:40:00,3634.395,3636.135,3634.205,3635.925,0.1673
1757346300000,2025-09-08,15:45:00,3635.895,3639.575,3635.745,3639.575,0.4115
1757346600000,2025-09-08,15:50:00,3639.545,3640.215,3638.485,3639.515,0.4648
1757346900000,2025-09-08,15:55:00,3639.535,3639.535,3638.585,3639.155,0.1516
1757347200000,2025-09-08,16:00:00,3639.155,3639.705,3635.625,3637.775,0.1513
1757347500000,2025-09-08,16:05:00,3637.775,3639.725,3637.365,3639.105,0.141
1757347800000,2025-09-08,16:10:00,3639.135,3640.625,3638.005,3639.565,0.1034
1757348100000,2025-09-08,16:15:00,3639.545,3640.615,3638.785,3639.785,0.2028
1757348400000,2025-09-08,16:20:00,3639.795,3641.098,3637.798,3639.818,0.2902
1757348700000,2025-09-08,16:25:00,3639.818,3641.408,3639.698,3640.895,0.1961
1757349000000,2025-09-08,16:30:00,3640.935,3641.315,3639.535,3639.745,0.0838
1757349300000,2025-09-08,16:35:00,3639.785,3640.225,3636.225,3636.905,0.1972
1757349600000,2025-09-08,16:40:00,3636.935,3639.485,3636.045,3639.135,0.1514
1757349900000,2025-09-08,16:45:00,3639.245,3640.355,3638.545,3638.825,0.0753
1757350200000,2025-09-08,16:50:00,3638.845,3640.635,3638.715,3640.095,0.0819
1757350500000,2025-09-08,16:55:00,3640.215,3640.595,3639.048,3640.395,0.0922
1757350800000,2025-09-08,17:00:00,3640.425,3640.935,3636.198,3636.445,0.113
1757351100000,2025-09-08,17:05:00,3636.595,3636.735,3633.595,3635.565,0.1874
1757351400000,2025-09-08,17:10:00,3635.545,3635.695,3633.725,3634.585,0.0905
1757351700000,2025-09-08,17:15:00,3634.605,3636.025,3634.605,3635.605,0.0591
1757352000000,2025-09-08,17:20:00,3635.235,3636.735,3634.625,3635.055,0.084
1757352300000,2025-09-08,17:25:00,3635.015,3636.405,3634.798,3636.195,0.0956
1757352600000,2025-09-08,17:30:00,3636.235,3637.005,3634.685,3636.355,0.0762
1757352900000,2025-09-08,17:35:00,3636.395,3636.735,3635.798,3636.459,0.0977
1757353200000,2025-09-08,17:40:00,3636.269,3636.399,3633.659,3634.495,0.1622
1757353500000,2025-09-08,17:45:00,3634.545,3634.915,3633.715,3634.655,0.0618
1757353800000,2025-09-08,17:50:00,3634.675,3635.385,3633.815,3634.385,0.0902
1757354100000,2025-09-08,17:55:00,3634.365,3634.405,3632.375,3633.275,0.0857
1757354400000,2025-09-08,18:00:00,3633.305,3633.495,3632.125,3632.725,0.0735
1757354700000,2025-09-08,18:05:00,3632.695,3634.415,3631.765,3634.225,0.0827
1757355000000,2025-09-08,18:10:00,3634.205,3635.225,3633.525,3633.729,0.148
1757355300000,2025-09-08,18:15:00,3633.715,3634.275,3632.675,3634.145,0.0847
1757355600000,2025-09-08,18:20:00,3634.125,3634.398,3633.085,3633.598,0.0631
1757355900000,2025-09-08,18:25:00,3633.498,3634.298,3632.875,3633.215,0.0979
1757356200000,2025-09-08,18:30:00,3633.198,3633.565,3632.545,3633.405,0.1043
1757356500000,2025-09-08,18:35:00,3633.445,3635.095,3632.925,3633.995,0.0545
1757356800000,2025-09-08,18:40:00,3633.965,3634.755,3632.945,3634.725,0.0855
1757357100000,2025-09-08,18:45:00,3634.695,3635.505,3634.155,3634.815,0.1199
1757357400000,2025-09-08,18:50:00,3634.835,3635.985,3634.635,3635.435,0.0913
1757357700000,2025-09-08,18:55:00,3635.505,3636.475,3635.025,3635.905,0.0635
1757358000000,2025-09-08,19:00:00,3635.935,3636.635,3635.195,3635.275,0.0748
1757358300000,2025-09-08,19:05:00,3635.245,3636.358,3634.665,3635.318,0.0784
1757358600000,2025-09-08,19:10:00,3635.318,3635.598,3633.695,3634.115,0.0876
1757358900000,2025-09-08,19:15:00,3634.135,3634.415,3632.385,3632.745,0.0879
1757359200000,2025-09-08,19:20:00,3632.795,3634.285,3632.795,3633.575,0.0707
1757359500000,2025-09-08,19:25:00,3633.605,3634.125,3632.715,3633.305,0.0568
1757359800000,2025-09-08,19:30:00,3633.275,3634.015,3632.555,3632.785,0.0755
1757360100000,2025-09-08,19:35:00,3632.815,3635.635,3632.595,3635.575,0.2114
1757360400000,2025-09-08,19:40:00,3635.595,3636.125,3635.179,3635.559,0.2131
1757360700000,2025-09-08,19:45:00,3635.565,3635.979,3634.735,3635.269,0.2721
1757361000000,2025-09-08,19:50:00,3635.315,3637.089,3635.175,3636.479,0.2581
1757361300000,2025-09-08,19:55:00,3636.285,3637.499,3635.805,3636.385,0.3647
1757361600000,2025-09-08,20:00:00,3636.385,3637.848,3636.075,3636.348,0.0997
1757361900000,2025-09-08,20:05:00,3636.448,3636.689,3635.948,3636.048,0.0523
1757362200000,2025-09-08,20:10:00,3636.048,3636.189,3635.148,3635.759,0.0774
1757362500000,2025-09-08,20:15:00,3635.759,3636.019,3635.105,3635.355,0.0596
1757362800000,2025-09-08,20:20:00,3635.448,3635.748,3635.005,3635.179,0.0497
1757363100000,2025-09-08,20:25:00,3635.109,3635.119,3634.345,3634.748,0.0654
1757363400000,2025-09-08,20:30:00,3634.748,3635.759,3634.698,3635.525,0.1462
1757363700000,2025-09-08,20:35:00,3635.595,3636.029,3635.325,3635.905,0.0988
1757364000000,2025-09-08,20:40:00,3635.905,3637.009,3635.819,3636.929,0.1353
1757364300000,2025-09-08,20:45:00,3636.899,3637.098,3636.175,3636.998,0.0571
1757364600000,2025-09-08,20:50:00,3636.935,3637.498,3636.555,3636.555,0.0579
1757364900000,2025-09-08,20:55:00,3636.598,3636.935,3633.895,3633.895,0.0468
1757368800000,2025-09-08,22:00:00,3635.615,3636.398,3633.715,3635.898,0.079
1757369100000,2025-09-08,22:05:00,3635.898,3636.498,3635.168,3636.098,0.0423
1757369400000,2025-09-08,22:10:00,3635.998,3636.098,3633.598,3633.918,0.0669
1757369700000,2025-09-08,22:15:00,3633.818,3634.908,3633.638,3634.318,0.0434
1757370000000,2025-09-08,22:20:00,3634.328,3634.708,3633.495,3633.798,0.0387
1757370300000,2025-09-08,22:25:00,3633.798,3633.998,3630.315,3631.968,0.1029
1757370600000,2025-09-08,22:30:00,3631.958,3632.828,3628.498,3628.828,0.217
1757370900000,2025-09-08,22:35:00,3628.808,3630.318,3628.658,3629.558,0.0865
1757371200000,2025-09-08,22:40:00,3629.538,3630.205,3629.108,3630.185,0.0383
1757371500000,2025-09-08,22:45:00,3630.205,3631.055,3629.398,3630.595,0.036
1757371800000,2025-09-08,22:50:00,3630.545,3630.685,3629.765,3630.115,0.0495
1757372100000,2025-09-08,22:55:00,3630.115,3630.115,3628.745,3628.948,0.1086
1757372400000,2025-09-08,23:00:00,3629.175,3629.548,3628.448,3629.548,0.1142
1757372700000,2025-09-08,23:05:00,3629.248,3631.098,3629.148,3631.098,0.0355
1757373000000,2025-09-08,23:10:00,3631.098,3631.735,3630.005,3630.305,0.0596
1757373300000,2025-09-08,23:15:00,3630.285,3630.725,3628.035,3628.775,0.0803
1757373600000,2025-09-08,23:20:00,3628.805,3630.935,3628.805,3630.735,0.0774
1757373900000,2025-09-08,23:25:00,3630.735,3631.055,3629.475,3630.975,0.0524
1757374200000,2025-09-08,23:30:00,3630.955,3631.685,3630.325,3631.495,0.0602
1757374500000,2025-09-08,23:35:00,3631.515,3631.585,3629.905,3630.095,0.0449
1757374800000,2025-09-08,23:40:00,3630.085,3630.705,3629.695,3630.595,0.0256
1757375100000,2025-09-08,23:45:00,3630.675,3632.048,3630.515,3631.955,0.0675
1757375400000,2025-09-08,23:50:00,3631.985,3635.465,3631.865,3634.975,0.1061
1757375700000,2025-09-08,23:55:00,3634.945,3636.005,3634.515,3634.735,0.0601
1757376000000,2025-09-09,00:00:00,3634.695,3636.565,3633.835,3634.615,0.1255
1757376300000,2025-09-09,00:05:00,3634.635,3635.055,3633.305,3633.435,0.1011
1757376600000,2025-09-09,00:10:00,3633.455,3636.995,3633.435,3636.945,0.0948
1757376900000,2025-09-09,00:15:00,3636.975,3639.145,3636.225,3638.535,0.1176
1757377200000,2025-09-09,00:20:00,3638.535,3640.625,3637.655,3639.405,0.3991
1757377500000,2025-09-09,00:25:00,3639.385,3639.415,3636.405,3636.648,0.2407
1757377800000,2025-09-09,00:30:00,3636.648,3637.948,3636.295,3637.348,0.1352
1757378100000,2025-09-09,00:35:00,3637.448,3638.885,3637.315,3638.265,0.0526
1757378400000,2025-09-09,00:40:00,3638.355,3638.585,3636.875,3637.545,0.0672
1757378700000,2025-09-09,00:45:00,3637.505,3639.365,3637.345,3639.035,0.0674
1757379000000,2025-09-09,00:50:00,3639.055,3639.925,3638.335,3639.605,0.0827
1757379300000,2025-09-09,00:55:00,3639.625,3639.925,3637.665,3638.295,0.0693
1757379600000,2025-09-09,01:00:00,3638.289,3641.715,3637.305,3640.885,0.2691
1757379900000,2025-09-09,01:05:00,3640.855,3641.075,3635.955,3636.405,0.1874
1757380200000,2025-09-09,01:10:00,3636.385,3639.655,3635.795,3639.585,0.0964
1757380500000,2025-09-09,01:15:00,3639.515,3642.948,3637.895,3642.785,0.1345
1757380800000,2025-09-09,01:20:00,3642.745,3646.105,3641.705,3641.725,0.214
1757381100000,2025-09-09,01:25:00,3641.705,3644.315,3640.635,3644.315,0.1406
1757381400000,2025-09-09,01:30:00,3644.345,3645.005,3642.935,3643.385,0.1532
1757381700000,2025-09-09,01:35:00,3643.405,3646.525,3642.205,3644.648,0.2306
1757382000000,2025-09-09,01:40:00,3644.775,3645.485,3642.995,3643.745,0.1428
1757382300000,2025-09-09,01:45:00,3643.735,3647.265,3643.375,3646.565,0.1528
1757382600000,2025-09-09,01:50:00,3646.535,3646.815,3644.335,3644.998,0.205
1757382900000,2025-09-09,01:55:00,3644.965,3646.645,3644.725,3646.175,0.1857
1757383200000,2025-09-09,02:00:00,3646.135,3647.605,3644.565,3645.405,0.153
1757383500000,2025-09-09,02:05:00,3645.375,3652.925,3644.705,3652.815,0.2984
1757383800000,2025-09-09,02:10:00,3652.815,3653.075,3649.625,3650.555,0.4118
1757384100000,2025-09-09,02:15:00,3651.005,3653.105,3650.405,3651.815,0.1788
1757384400000,2025-09-09,02:20:00,3651.935,3653.275,3651.005,3652.735,0.2208
1757384700000,2025-09-09,02:25:00,3652.765,3653.715,3651.798,3653.548,0.1434
1757385000000,2025-09-09,02:30:00,3653.548,3654.448,3651.945,3651.965,0.2185
1757385300000,2025-09-09,02:35:00,3651.965,3654.005,3650.705,3653.305,0.152
1757385600000,2025-09-09,02:40:00,3653.305,3654.155,3650.985,3652.705,0.0833
1757385900000,2025-09-09,02:45:00,3652.715,3652.825,3650.795,3651.465,0.0897
1757386200000,2025-09-09,02:50:00,3651.445,3651.445,3646.975,3647.125,0.234
1757386500000,2025-09-09,02:55:00,3647.145,3648.198,3646.698,3647.248,0.2535
1757386800000,2025-09-09,03:00:00,3647.248,3651.565,3645.298,3650.385,0.2745
1757387100000,2025-09-09,03:05:00,3650.355,3650.598,3646.785,3646.875,0.1949
1757387400000,2025-09-09,03:10:00,3646.965,3649.098,3643.535,3648.075,0.3911
1757387700000,2025-09-09,03:15:00,3648.105,3648.265,3645.235,3647.585,0.2461
1757388000000,2025-09-09,03:20:00,3647.565,3648.495,3645.145,3647.815,0.1191
1757388300000,2025-09-09,03:25:00,3647.795,3648.905,3647.475,3648.555,0.0649
1757388600000,2025-09-09,03:30:00,3648.525,3648.775,3644.058,3646.445,0.1921
1757388900000,2025-09-09,03:35:00,3646.405,3646.405,3642.345,3643.375,0.1159
1757389200000,2025-09-09,03:40:00,3643.375,3645.285,3643.335,3645.135,0.1009
1757389500000,2025-09-09,03:45:00,3645.095,3646.675,3644.785,3646.115,0.0739
1757389800000,2025-09-09,03:50:00,3646.115,3646.405,3643.755,3644.555,0.0742
1757390100000,2025-09-09,03:55:00,3644.555,3645.845,3644.425,3645.685,0.0827
1757390400000,2025-09-09,04:00:00,3645.735,3647.215,3645.495,3646.935,0.0684
1757390700000,2025-09-09,04:05:00,3646.905,3648.285,3646.695,3648.125,0.055
1757391000000,2025-09-09,04:10:00,3648.145,3648.695,3647.655,3648.245,0.06
1757391300000,2025-09-09,04:15:00,3648.285,3648.855,3647.515,3648.035,0.0493
1757391600000,2025-09-09,04:20:00,3648.405,3650.885,3648.355,3650.355,0.0761
1757391900000,2025-09-09,04:25:00,3650.295,3651.725,3650.085,3651.545,0.0518
1757392200000,2025-09-09,04:30:00,3651.555,3652.745,3651.055,3652.515,0.185
1757392500000,2025-09-09,04:35:00,3652.505,3653.685,3651.545,3653.465,0.1856
1757392800000,2025-09-09,04:40:00,3653.495,3655.215,3653.315,3654.875,0.0859
1757393100000,2025-09-09,04:45:00,3654.875,3656.925,3654.505,3655.055,0.3069
1757393400000,2025-09-09,04:50:00,3654.955,3655.635,3654.295,3655.425,0.3122
1757393700000,2025-09-09,04:55:00,3655.425,3655.905,3654.755,3654.835,0.2922
1757394000000,2025-09-09,05:00:00,3654.829,3655.715,3654.085,3655.335,0.1265
1757394300000,2025-09-09,05:05:00,3655.365,3656.545,3654.745,3656.235,0.0766
1757394600000,2025-09-09,05:10:00,3656.205,3656.235,3654.295,3654.715,0.2545
1757394900000,2025-09-09,05:15:00,3654.575,3655.395,3652.495,3652.635,0.566
1757395200000,2025-09-09,05:20:00,3652.665,3656.205,3652.625,3655.465,0.1722
1757395500000,2025-09-09,05:25:00,3655.435,3655.445,3653.965,3654.235,0.1335
1757395800000,2025-09-09,05:30:00,3654.205,3656.405,3654.205,3655.705,0.1289
1757396100000,2025-09-09,05:35:00,3655.625,3657.605,3654.985,3657.605,0.1087
1757396400000,2025-09-09,05:40:00,3657.605,3658.398,3656.245,3656.745,0.1208
1757396700000,2025-09-09,05:45:00,3656.705,3658.255,3656.255,3657.885,0.096
1757397000000,2025-09-09,05:50:00,3657.865,3659.125,3655.635,3657.695,0.2378
1757397300000,2025-09-09,05:55:00,3657.735,3658.005,3654.065,3654.915,0.2701
1757397600000,2025-09-09,06:00:00,3654.909,3655.985,3650.138,3650.248,0.4007
1757397900000,2025-09-09,06:05:00,3650.185,3650.185,3638.098,3639.748,0.8581
1757398200000,2025-09-09,06:10:00,3639.575,3644.315,3637.505,3643.198,0.2941
1757398500000,2025-09-09,06:15:00,3643.215,3646.098,3640.775,3642.148,0.1696
1757398800000,2025-09-09,06:20:00,3642.085,3642.448,3637.848,3640.248,0.1874
1757399100000,2025-09-09,06:25:00,3640.248,3640.848,3636.375,3638.295,0.1917
1757399400000,2025-09-09,06:30:00,3638.295,3641.095,3637.295,3640.895,0.1489
1757399700000,2025-09-09,06:35:00,3640.895,3645.245,3640.035,3645.165,0.1223
1757400000000,2025-09-09,06:40:00,3645.155,3649.655,3645.055,3649.535,0.1919
1757400300000,2025-09-09,06:45:00,3649.525,3649.635,3643.955,3645.945,0.1631
1757400600000,2025-09-09,06:50:00,3645.905,3647.585,3645.705,3646.245,0.0898
1757400900000,2025-09-09,06:55:00,3646.265,3647.815,3646.015,3647.405,0.0828
1757401200000,2025-09-09,07:00:00,3647.435,3647.975,3646.715,3647.365,0.1324
1757401500000,2025-09-09,07:05:00,3647.365,3648.275,3644.798,3646.555,0.0991
1757401800000,2025-09-09,07:10:00,3646.525,3647.715,3645.975,3646.785,0.0727
1757402100000,2025-09-09,07:15:00,3646.785,3646.865,3643.725,3646.285,0.1158
1757402400000,2025-09-09,07:20:00,3646.265,3648.545,3645.005,3648.195,0.0822
1757402700000,2025-09-09,07:25:00,3648.165,3650.678,3647.905,3650.335,0.0854
1757403000000,2025-09-09,07:30:00,3650.305,3650.305,3647.595,3649.725,0.0762
1757403300000,2025-09-09,07:35:00,3649.725,3650.535,3646.775,3647.585,0.087
1757403600000,2025-09-09,07:40:00,3647.605,3647.855,3644.885,3644.995,0.0925
1757403900000,2025-09-09,07:45:00,3645.045,3645.345,3643.205,3644.375,0.1132
1757404200000,2025-09-09,07:50:00,3644.465,3645.225,3642.288,3642.925,0.1209
1757404500000,2025-09-09,07:55:00,3642.938,3644.505,3641.365,3644.138,0.1266
1757404800000,2025-09-09,08:00:00,3644.138,3645.835,3643.035,3644.475,0.0972
1757405100000,2025-09-09,08:05:00,3644.535,3645.975,3643.315,3644.155,0.1388
1757405400000,2025-09-09,08:10:00,3644.125,3644.225,3641.645,3642.555,0.074
1757405700000,2025-09-09,08:15:00,3642.575,3645.715,3641.955,3643.575,0.1779
1757406000000,2025-09-09,08:20:00,3643.355,3645.745,3642.295,3645.035,0.1115
1757406300000,2025-09-09,08:25:00,3644.965,3646.505,3643.465,3645.285,0.1269
1757406600000,2025-09-09,08:30:00,3645.185,3646.695,3643.125,3646.365,0.1297
1757406900000,2025-09-09,08:35:00,3646.385,3647.305,3645.485,3646.975,0.0803
1757407200000,2025-09-09,08:40:00,3646.945,3650.385,3646.455,3650.185,0.0788
1757407500000,2025-09-09,08:45:00,3650.185,3650.875,3646.745,3648.358,0.1315
1757407800000,2025-09-09,08:50:00,3648.275,3649.435,3646.515,3647.035,0.0925
1757408100000,2025-09-09,08:55:00,3647.065,3648.695,3646.025,3647.935,0.0502
1757408400000,2025-09-09,09:00:00,3647.955,3650.748,3647.798,3648.498,0.0864
1757408700000,2025-09-09,09:05:00,3648.498,3650.745,3647.425,3650.065,0.0728
1757409000000,2025-09-09,09:10:00,3650.095,3655.425,3650.095,3655.305,0.1365
1757409300000,2025-09-09,09:15:00,3655.275,3656.495,3653.985,3655.225,0.1203
1757409600000,2025-09-09,09:20:00,3655.245,3655.955,3654.145,3655.705,0.0889
1757409900000,2025-09-09,09:25:00,3655.685,3655.685,3653.135,3653.515,0.0774
1757410200000,2025-09-09,09:30:00,3653.525,3654.555,3652.955,3653.725,0.1351
1757410500000,2025-09-09,09:35:00,3653.795,3654.625,3651.378,3653.895,0.1017
1757410800000,2025-09-09,09:40:00,3653.895,3654.155,3652.675,3654.015,0.0488
1757411100000,2025-09-09,09:45:00,3653.975,3654.515,3652.088,3652.385,0.4709
1757411400000,2025-09-09,09:50:00,3652.535,3653.495,3652.055,3653.495,0.3477
1757411700000,2025-09-09,09:55:00,3653.465,3654.295,3652.805,3653.425,0.3379
1757412000000,2025-09-09,10:00:00,3653.555,3655.845,3653.075,3654.145,0.4929
1757412300000,2025-09-09,10:05:00,3654.015,3654.375,3651.798,3652.215,0.4008
1757412600000,2025-09-09,10:10:00,3652.255,3653.705,3651.875,3653.405,0.5235
1757412900000,2025-09-09,10:15:00,3653.445,3653.935,3652.458,3652.665,0.4299
1757413200000,2025-09-09,10:20:00,3652.665,3654.025,3652.445,3653.295,0.2033
1757413500000,2025-09-09,10:25:00,3653.185,3653.635,3652.715,3653.065,0.0383
1757413800000,2025-09-09,10:30:00,3653.045,3653.515,3651.785,3651.865,0.0572
1757414100000,2025-09-09,10:35:00,3651.835,3653.115,3650.545,3650.635,0.1854
1757414400000,2025-09-09,10:40:00,3650.665,3652.075,3649.355,3650.015,0.1506
1757414700000,2025-09-09,10:45:00,3650.005,3650.755,3648.845,3649.055,0.148
1757415000000,2025-09-09,10:50:00,3648.815,3652.225,3648.585,3651.115,0.0821
1757415300000,2025-09-09,10:55:00,3651.115,3652.515,3650.655,3651.695,0.0699
1757415600000,2025-09-09,11:00:00,3651.725,3653.875,3651.525,3652.775,0.0929
1757415900000,2025-09-09,11:05:00,3652.775,3653.775,3652.415,3652.455,0.0757
1757416200000,2025-09-09,11:10:00,3652.395,3653.995,3652.325,3652.695,0.0466
1757416500000,2025-09-09,11:15:00,3652.715,3653.645,3652.625,3653.375,0.035
1757416800000,2025-09-09,11:20:00,3653.405,3653.955,3651.415,3651.645,0.0615
1757417100000,2025-09-09,11:25:00,3651.615,3652.515,3651.125,3652.515,0.0548
1757417400000,2025-09-09,11:30:00,3652.615,3653.245,3650.995,3651.945,0.0453
1757417700000,2025-09-09,11:35:00,3651.945,3653.855,3651.695,3653.025,0.0847
1757418000000,2025-09-09,11:40:00,3653.005,3653.585,3652.245,3652.795,0.0501
1757418300000,2025-09-09,11:45:00,3652.775,3652.905,3649.775,3650.245,0.0592
1757418600000,2025-09-09,11:50:00,3650.315,3651.175,3649.085,3650.165,0.0726
1757418900000,2025-09-09,11:55:00,3650.135,3650.375,3646.625,3647.795,0.0909
1757419200000,2025-09-09,12:00:00,3647.845,3650.745,3646.905,3650.638,0.1004
1757419500000,2025-09-09,12:05:00,3650.575,3654.045,3649.948,3653.075,0.1615
1757419800000,2025-09-09,12:10:00,3653.095,3655.225,3652.375,3654.355,0.1566
1757420100000,2025-09-09,12:15:00,3654.355,3654.355,3651.255,3652.145,0.1116
1757420400000,2025-09-09,12:20:00,3652.435,3653.555,3648.655,3649.345,0.1552
1757420700000,2025-09-09,12:25:00,3649.605,3650.015,3647.745,3649.038,0.1427
1757421000000,2025-09-09,12:30:00,3649.058,3649.498,3646.795,3648.625,0.187
1757421300000,2025-09-09,12:35:00,3648.605,3649.598,3645.075,3645.445,0.2028
1757421600000,2025-09-09,12:40:00,3645.465,3647.585,3643.515,3646.455,0.2074
1757421900000,2025-09-09,12:45:00,3646.495,3647.115,3644.015,3645.525,0.1218
1757422200000,2025-09-09,12:50:00,3645.505,3648.105,3645.035,3647.395,0.1091
1757422500000,2025-09-09,12:55:00,3647.285,3648.765,3647.255,3647.255,0.0802
1757422800000,2025-09-09,13:00:00,3647.285,3652.955,3646.035,3652.498,0.2547
1757423100000,2025-09-09,13:05:00,3652.498,3652.598,3647.405,3650.205,0.2938
1757423400000,2025-09-09,13:10:00,3650.225,3654.715,3649.435,3652.475,0.3027
1757423700000,2025-09-09,13:15:00,3652.495,3654.985,3651.995,3653.585,0.1654
1757424000000,2025-09-09,13:20:00,3653.515,3656.415,3653.475,3656.415,0.1547
1757424300000,2025-09-09,13:25:00,3656.415,3661.328,3656.355,3660.215,0.3065
1757424600000,2025-09-09,13:30:00,3660.345,3663.495,3657.815,3663.445,0.4468
1757424900000,2025-09-09,13:35:00,3663.665,3667.245,3663.015,3664.265,0.9677
1757425200000,2025-09-09,13:40:00,3664.255,3665.215,3660.728,3663.435,0.2926
1757425500000,2025-09-09,13:45:00,3663.398,3667.195,3660.888,3666.575,0.2659
1757425800000,2025-09-09,13:50:00,3666.565,3667.195,3664.235,3664.695,0.2188
1757426100000,2025-09-09,13:55:00,3664.655,3668.015,3664.045,3665.418,0.2776
1757426400000,2025-09-09,14:00:00,3665.418,3673.645,3654.098,3660.135,0.7032
1757426700000,2025-09-09,14:05:00,3660.035,3662.485,3641.565,3648.505,0.5098
1757427000000,2025-09-09,14:10:00,3648.485,3651.625,3644.735,3651.435,0.4483
1757427300000,2025-09-09,14:15:00,3651.385,3657.048,3649.065,3649.265,0.4647
1757427600000,2025-09-09,14:20:00,3649.235,3653.645,3645.438,3652.675,0.4017
1757427900000,2025-09-09,14:25:00,3652.735,3653.498,3649.315,3653.045,0.3063
1757428200000,2025-09-09,14:30:00,3653.075,3654.225,3640.495,3641.565,0.4132
1757428500000,2025-09-09,14:35:00,3641.535,3641.985,3635.678,3641.365,0.5055
1757428800000,2025-09-09,14:40:00,3641.385,3646.845,3640.885,3646.138,0.3862
1757429100000,2025-09-09,14:45:00,3646.145,3648.815,3642.728,3644.665,0.3736
1757429400000,2025-09-09,14:50:00,3644.535,3647.315,3643.075,3645.375,0.2714
1757429700000,2025-09-09,14:55:00,3645.305,3647.185,3643.745,3644.735,0.1901
1757430000000,2025-09-09,15:00:00,3644.755,3646.225,3640.365,3640.955,0.2466
1757430300000,2025-09-09,15:05:00,3640.948,3643.025,3639.425,3641.755,0.2682
1757430600000,2025-09-09,15:10:00,3641.765,3641.898,3634.805,3634.805,0.2658
1757430900000,2025-09-09,15:15:00,3634.845,3635.748,3626.665,3632.845,0.4289
1757431200000,2025-09-09,15:20:00,3632.875,3639.655,3632.265,3638.995,0.5533
1757431500000,2025-09-09,15:25:00,3638.995,3641.235,3638.328,3639.778,0.7248
1757431800000,2025-09-09,15:30:00,3639.765,3641.348,3638.095,3638.325,0.4848
1757432100000,2025-09-09,15:35:00,3638.355,3640.265,3635.955,3638.425,0.1781
1757432400000,2025-09-09,15:40:00,3638.455,3643.595,3638.205,3643.025,0.4552
1757432700000,2025-09-09,15:45:00,3643.035,3644.665,3641.655,3644.445,0.453
1757433000000,2025-09-09,15:50:00,3644.425,3644.695,3642.565,3643.355,0.216
1757433300000,2025-09-09,15:55:00,3643.315,3645.675,3641.395,3645.365,0.2329
1757433600000,2025-09-09,16:00:00,3645.355,3646.905,3643.895,3644.765,0.2172
1757433900000,2025-09-09,16:05:00,3644.815,3648.335,3644.035,3648.245,0.1222
1757434200000,2025-09-09,16:10:00,3648.225,3649.198,3647.585,3648.898,0.1156
1757434500000,2025-09-09,16:15:00,3648.795,3649.198,3645.885,3646.125,0.0977
1757434800000,2025-09-09,16:20:00,3646.095,3646.535,3644.155,3646.495,0.1034
1757435100000,2025-09-09,16:25:00,3646.475,3646.515,3645.295,3645.845,0.0706
1757435400000,2025-09-09,16:30:00,3645.965,3647.795,3645.375,3647.345,0.0984
1757435700000,2025-09-09,16:35:00,3647.345,3647.615,3645.215,3646.305,0.094
1757436000000,2025-09-09,16:40:00,3646.325,3647.485,3645.095,3645.095,0.0923
1757436300000,2025-09-09,16:45:00,3645.075,3647.195,3644.385,3647.195,0.0787
1757436600000,2025-09-09,16:50:00,3647.225,3647.245,3645.955,3646.455,0.0566
1757436900000,2025-09-09,16:55:00,3646.485,3647.125,3644.475,3644.788,0.0634
1757437200000,2025-09-09,17:00:00,3644.788,3646.215,3644.625,3645.015,0.0679
1757437500000,2025-09-09,17:05:00,3645.035,3645.355,3642.798,3645.245,0.0924
1757437800000,2025-09-09,17:10:00,3645.415,3646.065,3643.355,3643.855,0.0956
1757438100000,2025-09-09,17:15:00,3643.875,3644.325,3642.925,3643.815,0.0675
1757438400000,2025-09-09,17:20:00,3643.835,3645.805,3643.835,3645.485,0.074
1757438700000,2025-09-09,17:25:00,3645.465,3645.655,3642.785,3643.115,0.1176
1757439000000,2025-09-09,17:30:00,3643.145,3645.148,3643.145,3643.525,0.0943
1757439300000,2025-09-09,17:35:00,3643.475,3643.475,3641.995,3642.475,0.0739
1757439600000,2025-09-09,17:40:00,3642.435,3643.035,3641.185,3642.005,0.1019
1757439900000,2025-09-09,17:45:00,3641.985,3643.255,3641.165,3642.615,0.1185
1757440200000,2025-09-09,17:50:00,3642.635,3644.155,3642.035,3643.315,0.1001
1757440500000,2025-09-09,17:55:00,3643.335,3643.435,3642.035,3642.615,0.067
1757440800000,2025-09-09,18:00:00,3642.635,3643.075,3641.885,3642.885,0.1075
1757441100000,2025-09-09,18:05:00,3642.945,3643.778,3642.365,3643.655,0.1228
1757441400000,2025-09-09,18:10:00,3643.675,3644.265,3642.665,3643.815,0.1041
1757441700000,2025-09-09,18:15:00,3643.795,3644.395,3643.625,3644.035,0.154
1757442000000,2025-09-09,18:20:00,3644.045,3644.305,3642.915,3643.025,0.148
1757442300000,2025-09-09,18:25:00,3643.025,3643.785,3642.515,3643.545,0.2996
1757442600000,2025-09-09,18:30:00,3643.485,3644.845,3642.348,3642.648,0.2729
1757442900000,2025-09-09,18:35:00,3642.648,3643.348,3641.835,3642.048,0.1432
1757443200000,2025-09-09,18:40:00,3641.948,3643.055,3640.525,3640.655,0.2139
1757443500000,2025-09-09,18:45:00,3640.665,3641.335,3639.468,3639.645,0.1984
1757443800000,2025-09-09,18:50:00,3639.695,3640.548,3639.495,3640.048,0.124
1757444100000,2025-09-09,18:55:00,3640.048,3640.648,3639.748,3640.145,0.148
1757444400000,2025-09-09,19:00:00,3640.165,3640.948,3639.485,3640.798,0.3092
1757444700000,2025-09-09,19:05:00,3640.848,3640.848,3639.325,3639.998,0.0725
1757445000000,2025-09-09,19:10:00,3639.998,3639.998,3634.995,3635.448,0.1803
1757445300000,2025-09-09,19:15:00,3635.448,3635.975,3634.525,3635.345,0.1542
1757445600000,2025-09-09,19:20:00,3635.375,3636.298,3634.625,3635.555,0.0955
1757445900000,2025-09-09,19:25:00,3635.555,3635.825,3635.125,3635.345,0.087
1757446200000,2025-09-09,19:30:00,3635.365,3636.135,3634.375,3635.815,0.161
1757446500000,2025-09-09,19:35:00,3635.795,3635.815,3633.435,3633.605,0.1075
1757446800000,2025-09-09,19:40:00,3633.635,3633.925,3630.785,3632.705,0.1617
1757447100000,2025-09-09,19:45:00,3632.735,3632.815,3628.765,3629.605,0.2083
1757447400000,2025-09-09,19:50:00,3629.565,3632.145,3629.198,3632.055,0.1764
1757447700000,2025-09-09,19:55:00,3632.095,3632.095,3628.335,3629.185,0.2244
1757448000000,2025-09-09,20:00:00,3629.155,3630.525,3629.155,3630.145,0.0625
1757448300000,2025-09-09,20:05:00,3630.095,3632.625,3630.035,3631.525,0.0648
1757448600000,2025-09-09,20:10:00,3631.495,3631.495,3630.075,3630.365,0.0455
1757448900000,2025-09-09,20:15:00,3630.365,3631.475,3630.095,3630.945,0.0422
1757449200000,2025-09-09,20:20:00,3630.925,3631.285,3630.535,3631.155,0.0542
1757449500000,2025-09-09,20:25:00,3631.175,3632.255,3631.145,3632.005,0.0585
1757449800000,2025-09-09,20:30:00,3632.005,3632.055,3630.875,3631.315,0.0374
1757450100000,2025-09-09,20:35:00,3631.295,3631.325,3628.195,3628.275,0.0595
1757450400000,2025-09-09,20:40:00,3628.245,3629.125,3627.995,3628.415,0.0772
1757450700000,2025-09-09,20:45:00,3628.385,3629.335,3626.555,3629.305,0.088
1757451000000,2025-09-09,20:50:00,3629.285,3629.855,3627.158,3627.248,0.058
1757451300000,2025-09-09,20:55:00,3627.248,3627.348,3623.995,3623.995,0.0957
1757455200000,2025-09-09,22:00:00,3619.635,3627.508,3618.505,3627.118,0.2064
1757455500000,2025-09-09,22:05:00,3627.118,3629.828,3625.918,3629.538,0.1641
1757455800000,2025-09-09,22:10:00,3629.538,3630.128,3627.655,3629.918,0.0874
1757456100000,2025-09-09,22:15:00,3629.928,3630.058,3625.305,3625.508,0.123
1757456400000,2025-09-09,22:20:00,3625.508,3626.958,3625.148,3625.548,0.1015
1757456700000,2025-09-09,22:25:00,3625.558,3626.238,3622.648,3623.638,0.0912
1757457000000,2025-09-09,22:30:00,3623.638,3627.078,3623.638,3626.678,0.1072
1757457300000,2025-09-09,22:35:00,3626.678,3627.978,3625.988,3627.508,0.0903
1757457600000,2025-09-09,22:40:00,3627.518,3631.285,3627.418,3630.955,0.163
1757457900000,2025-09-09,22:45:00,3630.955,3631.798,3630.475,3631.598,0.1766
1757458200000,2025-09-09,22:50:00,3631.598,3635.115,3631.598,3635.115,0.1113
1757458500000,2025-09-09,22:55:00,3635.085,3635.575,3633.485,3635.198,0.0955
1757458800000,2025-09-09,23:00:00,3635.198,3637.548,3634.648,3635.548,0.1171
1757459100000,2025-09-09,23:05:00,3635.048,3636.648,3634.105,3634.978,0.1523
1757459400000,2025-09-09,23:10:00,3634.968,3639.735,3634.695,3638.775,0.0988
1757459700000,2025-09-09,23:15:00,3638.735,3639.215,3637.435,3637.898,0.0583
1757460000000,2025-09-09,23:20:00,3638.498,3640.498,3638.125,3639.748,0.1202
1757460300000,2025-09-09,23:25:00,3639.648,3639.648,3636.755,3637.795,0.1052
1757460600000,2025-09-09,23:30:00,3637.935,3639.305,3636.948,3637.048,0.0565
1757460900000,2025-09-09,23:35:00,3637.048,3637.075,3635.068,3636.035,0.0827
1757461200000,2025-09-09,23:40:00,3636.055,3637.148,3634.868,3636.565,0.1234
1757461500000,2025-09-09,23:45:00,3636.448,3637.065,3635.865,3636.265,0.026
1757461800000,2025-09-09,23:50:00,3636.305,3636.335,3633.755,3634.255,0.0464
1757462100000,2025-09-09,23:55:00,3634.315,3634.695,3633.015,3633.355,0.0377
1757462400000,2025-09-10,00:00:00,3633.385,3634.185,3631.175,3631.205,0.094
1757462700000,2025-09-10,00:05:00,3631.255,3632.595,3628.975,3631.805,0.178
1757463000000,2025-09-10,00:10:00,3631.825,3633.285,3628.998,3630.298,0.1313
1757463300000,2025-09-10,00:15:00,3630.298,3630.798,3628.498,3629.665,0.0775
1757463600000,2025-09-10,00:20:00,3629.705,3630.265,3627.815,3628.025,0.0576
1757463900000,2025-09-10,00:25:00,3627.975,3628.245,3626.255,3627.215,0.0727
1757464200000,2025-09-10,00:30:00,3627.561,3630.625,3626.678,3628.645,0.1441
1757464500000,2025-09-10,00:35:00,3628.715,3629.315,3625.315,3625.625,0.1318
1757464800000,2025-09-10,00:40:00,3625.685,3626.715,3624.099,3625.825,0.0953
1757465100000,2025-09-10,00:45:00,3625.825,3626.865,3622.535,3622.935,0.1556
1757465400000,2025-09-10,00:50:00,3622.915,3624.185,3621.225,3621.815,0.1019
1757465700000,2025-09-10,00:55:00,3621.855,3624.135,3621.345,3623.825,0.127
1757466000000,2025-09-10,01:00:00,3623.875,3627.955,3621.998,3624.348,0.4386
1757466300000,2025-09-10,01:05:00,3624.348,3625.735,3621.448,3625.735,0.1836
1757466600000,2025-09-10,01:10:00,3625.865,3628.885,3625.595,3626.395,0.2521
1757466900000,2025-09-10,01:15:00,3626.375,3627.205,3623.595,3624.575,0.2335
1757467200000,2025-09-10,01:20:00,3624.565,3624.565,3621.615,3624.315,0.2074
1757467500000,2025-09-10,01:25:00,3624.245,3625.915,3619.965,3620.915,0.2085
1757467800000,2025-09-10,01:30:00,3620.915,3627.625,3620.575,3626.865,0.1742
1757468100000,2025-09-10,01:35:00,3626.825,3629.165,3625.885,3628.325,0.1726
1757468400000,2025-09-10,01:40:00,3628.325,3629.315,3626.815,3627.445,0.1157
1757468700000,2025-09-10,01:45:00,3627.465,3628.725,3625.665,3628.455,0.1402
1757469000000,2025-09-10,01:50:00,3628.435,3632.275,3628.205,3631.345,0.2014
1757469300000,2025-09-10,01:55:00,3631.435,3632.425,3629.575,3630.415,0.3014
1757469600000,2025-09-10,02:00:00,3630.569,3631.655,3629.745,3631.285,0.1705
1757469900000,2025-09-10,02:05:00,3631.315,3634.765,3631.315,3633.165,0.1401
1757470200000,2025-09-10,02:10:00,3633.175,3635.205,3632.695,3634.105,0.1146
1757470500000,2025-09-10,02:15:00,3634.085,3634.445,3632.615,3633.365,0.071
1757470800000,2025-09-10,02:20:00,3633.385,3634.715,3632.615,3634.155,0.0671
1757471100000,2025-09-10,02:25:00,3634.125,3635.235,3633.025,3633.105,0.0589
1757471400000,2025-09-10,02:30:00,3633.145,3633.955,3631.245,3631.505,0.1891
1757471700000,2025-09-10,02:35:00,3631.575,3635.175,3631.425,3633.955,0.1092
1757472000000,2025-09-10,02:40:00,3633.945,3636.145,3633.635,3635.585,0.0843
1757472300000,2025-09-10,02:45:00,3635.548,3636.725,3634.998,3636.265,0.1044
1757472600000,2025-09-10,02:50:00,3636.265,3638.048,3636.075,3636.465,0.1351
1757472900000,2025-09-10,02:55:00,3636.495,3637.015,3634.995,3635.985,0.0759
1757473200000,2025-09-10,03:00:00,3635.948,3636.585,3635.145,3636.248,0.0535
1757473500000,2025-09-10,03:05:00,3636.248,3636.765,3633.635,3633.705,0.076
1757473800000,2025-09-10,03:10:00,3633.735,3634.255,3632.845,3634.025,0.0541
1757474100000,2025-09-10,03:15:00,3634.045,3635.695,3633.515,3635.235,0.062
1757474400000,2025-09-10,03:20:00,3635.205,3635.275,3633.565,3634.525,0.0565
1757474700000,2025-09-10,03:25:00,3634.545,3635.325,3634.235,3634.315,0.0485
1757475000000,2025-09-10,03:30:00,3634.135,3634.805,3633.555,3634.315,0.0464
1757475300000,2025-09-10,03:35:00,3634.475,3636.105,3633.975,3635.775,0.0432
1757475600000,2025-09-10,03:40:00,3635.735,3635.885,3633.925,3635.745,0.0681
1757475900000,2025-09-10,03:45:00,3635.785,3635.815,3634.985,3635.375,0.0313
1757476200000,2025-09-10,03:50:00,3635.345,3636.225,3634.525,3636.055,0.0329
1757476500000,2025-09-10,03:55:00,3636.145,3636.725,3635.765,3636.365,0.0463
1757476800000,2025-09-10,04:00:00,3636.375,3639.025,3636.375,3638.855,0.0803
1757477100000,2025-09-10,04:05:00,3638.855,3640.815,3638.855,3640.595,0.0757
1757477400000,2025-09-10,04:10:00,3640.615,3641.295,3640.525,3640.965,0.0547
1757477700000,2025-09-10,04:15:00,3640.985,3641.265,3640.405,3640.665,0.0455
1757478000000,2025-09-10,04:20:00,3640.705,3641.035,3640.485,3640.725,0.0383
1757478300000,2025-09-10,04:25:00,3640.725,3642.795,3640.725,3641.025,0.079
1757478600000,2025-09-10,04:30:00,3641.025,3641.985,3640.605,3641.765,0.0521
1757478900000,2025-09-10,04:35:00,3641.755,3642.655,3640.975,3641.125,0.0362
1757479200000,2025-09-10,04:40:00,3641.085,3642.165,3639.815,3641.945,0.06
1757479500000,2025-09-10,04:45:00,3641.945,3642.645,3641.175,3642.605,0.0368
1757479800000,2025-09-10,04:50:00,3642.605,3643.135,3642.355,3643.135,0.0414
1757480100000,2025-09-10,04:55:00,3643.135,3643.225,3642.375,3642.775,0.0344
1757480400000,2025-09-10,05:00:00,3642.775,3644.435,3642.715,3643.175,0.055
1757480700000,2025-09-10,05:05:00,3643.235,3643.848,3642.898,3643.748,0.0393
1757481000000,2025-09-10,05:10:00,3643.785,3643.848,3642.255,3642.735,0.0366
1757481300000,2025-09-10,05:15:00,3642.715,3642.725,3641.405,3641.945,0.0451
1757481600000,2025-09-10,05:20:00,3641.975,3644.035,3641.895,3643.785,0.0464
1757481900000,2025-09-10,05:25:00,3643.845,3644.595,3643.108,3643.828,0.1299
1757482200000,2025-09-10,05:30:00,3643.828,3645.055,3642.305,3642.305,0.3717
1757482500000,2025-09-10,05:35:00,3642.325,3642.325,3639.765,3641.155,0.2259
1757482800000,2025-09-10,05:40:00,3641.165,3642.285,3641.045,3641.725,0.0485
1757483100000,2025-09-10,05:45:00,3641.685,3642.205,3640.245,3642.115,0.05
1757483400000,2025-09-10,05:50:00,3642.155,3642.975,3641.005,3641.695,0.0545
1757483700000,2025-09-10,05:55:00,3641.675,3644.225,3641.615,3642.835,0.0825
1757484000000,2025-09-10,06:00:00,3642.835,3642.955,3640.775,3641.235,0.0729
1757484300000,2025-09-10,06:05:00,3641.235,3644.505,3641.065,3643.995,0.0656
1757484600000,2025-09-10,06:10:00,3644.025,3646.355,3643.115,3646.105,0.1349
1757484900000,2025-09-10,06:15:00,3646.115,3647.415,3645.605,3646.605,0.0819
1757485200000,2025-09-10,06:20:00,3646.648,3647.345,3645.345,3645.725,0.1297
1757485500000,2025-09-10,06:25:00,3645.675,3645.675,3643.255,3643.585,0.0605
1757485800000,2025-09-10,06:30:00,3643.615,3644.138,3641.635,3641.885,0.1118
1757486100000,2025-09-10,06:35:00,3641.925,3642.605,3641.315,3642.298,0.068
1757486400000,2025-09-10,06:40:00,3642.298,3646.585,3640.405,3644.685,0.1559
1757486700000,2025-09-10,06:45:00,3644.735,3645.895,3642.598,3645.075,0.1352
1757487000000,2025-09-10,06:50:00,3645.355,3645.935,3644.175,3645.085,0.084
1757487300000,2025-09-10,06:55:00,3645.105,3645.428,3642.675,3643.525,0.0938
1757487600000,2025-09-10,07:00:00,3643.565,3646.555,3640.835,3646.385,0.1785
1757487900000,2025-09-10,07:05:00,3646.415,3647.548,3644.898,3645.465,0.2695
1757488200000,2025-09-10,07:10:00,3645.458,3647.575,3644.938,3646.885,0.091
1757488500000,2025-09-10,07:15:00,3646.855,3647.788,3645.875,3646.205,0.0653
1757488800000,2025-09-10,07:20:00,3646.175,3646.935,3644.865,3645.408,0.079
1757489100000,2025-09-10,07:25:00,3645.439,3646.165,3643.455,3643.475,0.1076
1757489400000,2025-09-10,07:30:00,3643.505,3644.825,3642.215,3643.075,0.0884
1757489700000,2025-09-10,07:35:00,3643.105,3645.645,3642.385,3644.995,0.0608
1757490000000,2025-09-10,07:40:00,3644.975,3646.455,3644.595,3644.855,0.0373
1757490300000,2025-09-10,07:45:00,3644.835,3648.285,3644.375,3646.515,0.1107
1757490600000,2025-09-10,07:50:00,3646.565,3647.575,3645.235,3645.505,0.0647
1757490900000,2025-09-10,07:55:00,3645.595,3645.995,3643.785,3643.815,0.0461
1757491200000,2025-09-10,08:00:00,3643.855,3644.535,3642.495,3642.625,0.098
1757491500000,2025-09-10,08:05:00,3642.635,3645.135,3642.235,3645.115,0.1434
1757491800000,2025-09-10,08:10:00,3645.095,3646.355,3643.785,3644.355,0.1357
1757492100000,2025-09-10,08:15:00,3644.378,3645.795,3643.725,3644.275,0.1617
1757492400000,2025-09-10,08:20:00,3644.345,3644.465,3642.755,3642.775,0.0784
1757492700000,2025-09-10,08:25:00,3642.735,3645.065,3641.735,3644.595,0.1121
1757493000000,2025-09-10,08:30:00,3644.595,3645.345,3644.225,3644.375,0.0859
1757493300000,2025-09-10,08:35:00,3644.375,3645.385,3643.365,3644.625,0.0696
1757493600000,2025-09-10,08:40:00,3644.625,3647.265,3644.225,3645.615,0.0868
1757493900000,2025-09-10,08:45:00,3645.485,3646.495,3644.558,3645.665,0.0938
1757494200000,2025-09-10,08:50:00,3645.685,3646.165,3645.425,3645.795,0.0326
1757494500000,2025-09-10,08:55:00,3645.785,3647.515,3645.665,3645.695,0.0853
1757494800000,2025-09-10,09:00:00,3645.695,3646.275,3645.135,3645.765,0.0706
1757495100000,2025-09-10,09:05:00,3645.725,3646.085,3644.605,3645.855,0.0582
1757495400000,2025-09-10,09:10:00,3645.825,3646.265,3644.825,3646.085,0.0387
1757495700000,2025-09-10,09:15:00,3646.055,3646.055,3645.045,3645.725,0.0419
1757496000000,2025-09-10,09:20:00,3645.705,3646.295,3645.405,3645.755,0.0304
1757496300000,2025-09-10,09:25:00,3645.905,3647.015,3645.575,3646.055,0.0454
1757496600000,2025-09-10,09:30:00,3645.995,3647.485,3645.535,3647.405,0.0569
1757496900000,2025-09-10,09:35:00,3647.435,3649.475,3647.225,3649.425,0.0915
1757497200000,2025-09-10,09:40:00,3649.425,3650.915,3649.195,3650.725,0.0859
1757497500000,2025-09-10,09:45:00,3650.745,3654.555,3650.745,3654.125,0.1034
1757497800000,2025-09-10,09:50:00,3654.105,3655.895,3653.385,3655.155,0.0905
1757498100000,2025-09-10,09:55:00,3655.055,3655.765,3654.275,3655.025,0.0824
1757498400000,2025-09-10,10:00:00,3655.025,3655.505,3653.735,3654.045,0.0885
1757498700000,2025-09-10,10:05:00,3654.105,3655.285,3653.175,3653.665,0.1113
1757499000000,2025-09-10,10:10:00,3653.615,3654.315,3652.995,3653.595,0.0658
1757499300000,2025-09-10,10:15:00,3653.625,3654.445,3652.365,3652.495,0.1061
1757499600000,2025-09-10,10:20:00,3652.465,3655.648,3651.315,3655.365,0.0996
1757499900000,2025-09-10,10:25:00,3655.348,3655.748,3653.595,3654.195,0.0614
1757500200000,2025-09-10,10:30:00,3654.215,3655.698,3653.755,3655.245,0.0962
1757500500000,2025-09-10,10:35:00,3655.265,3657.125,3654.905,3656.685,0.0749
1757500800000,2025-09-10,10:40:00,3656.715,3656.745,3654.145,3654.428,0.0462
1757501100000,2025-09-10,10:45:00,3654.468,3656.188,3654.025,3656.085,0.094
1757501400000,2025-09-10,10:50:00,3656.078,3657.238,3656.068,3656.778,0.081
1757501700000,2025-09-10,10:55:00,3656.768,3656.928,3655.008,3655.055,0.0764
1757502000000,2025-09-10,11:00:00,3655.075,3655.098,3649.775,3650.755,0.1098
1757502300000,2025-09-10,11:05:00,3650.775,3654.655,3650.605,3654.365,0.1233
1757502600000,2025-09-10,11:10:00,3654.315,3655.325,3653.165,3654.455,0.069
1757502900000,2025-09-10,11:15:00,3654.375,3656.175,3654.375,3655.615,0.0797
1757503200000,2025-09-10,11:20:00,3655.635,3656.115,3655.005,3656.105,0.0814
1757503500000,2025-09-10,11:25:00,3656.085,3656.125,3654.465,3654.665,0.0608
1757503800000,2025-09-10,11:30:00,3654.715,3654.925,3652.485,3652.695,0.1018
1757504100000,2025-09-10,11:35:00,3652.725,3653.148,3650.725,3651.695,0.1409
1757504400000,2025-09-10,11:40:00,3651.665,3651.775,3648.685,3648.785,0.1101
1757504700000,2025-09-10,11:45:00,3648.805,3651.765,3648.435,3649.735,0.1381
1757505000000,2025-09-10,11:50:00,3649.745,3650.005,3648.205,3648.698,0.0949
1757505300000,2025-09-10,11:55:00,3648.698,3649.798,3648.198,3648.858,0.0872
1757505600000,2025-09-10,12:00:00,3648.858,3649.715,3648.405,3649.495,0.1075
1757505900000,2025-09-10,12:05:00,3649.495,3649.965,3648.655,3649.275,0.0818
1757506200000,2025-09-10,12:10:00,3649.265,3649.415,3647.595,3648.015,0.1126
1757506500000,2025-09-10,12:15:00,3647.995,3650.015,3647.025,3649.795,0.1244
1757506800000,2025-09-10,12:20:00,3649.748,3650.225,3648.015,3648.585,0.0994
1757507100000,2025-09-10,12:25:00,3648.595,3649.905,3647.135,3647.428,0.1211
1757507400000,2025-09-10,12:30:00,3647.428,3656.565,3647.428,3651.855,0.361
1757507700000,2025-09-10,12:35:00,3651.925,3653.635,3642.165,3649.925,0.3853
1757508000000,2025-09-10,12:40:00,3650.005,3650.565,3645.695,3650.565,0.3056
1757508300000,2025-09-10,12:45:00,3650.575,3651.235,3643.135,3644.425,0.3399
1757508600000,2025-09-10,12:50:00,3644.385,3644.915,3640.008,3643.535,0.3766
1757508900000,2025-09-10,12:55:00,3643.545,3645.548,3642.645,3643.815,0.1886
1757509200000,2025-09-10,13:00:00,3643.835,3646.978,3642.795,3646.265,0.3835
1757509500000,2025-09-10,13:05:00,3646.215,3648.098,3641.535,3647.025,0.469
1757509800000,2025-09-10,13:10:00,3647.025,3647.265,3643.675,3646.125,0.252
1757510100000,2025-09-10,13:15:00,3646.085,3649.065,3645.045,3646.555,0.2377
1757510400000,2025-09-10,13:20:00,3646.545,3647.735,3645.735,3647.085,0.1672
1757510700000,2025-09-10,13:25:00,3647.065,3647.748,3645.975,3646.748,0.1376
1757511000000,2025-09-10,13:30:00,3646.748,3651.975,3646.605,3651.415,0.2845
1757511300000,2025-09-10,13:35:00,3651.415,3653.775,3648.355,3649.775,0.3681
1757511600000,2025-09-10,13:40:00,3649.745,3650.875,3648.855,3650.105,0.281
1757511900000,2025-09-10,13:45:00,3650.005,3650.055,3646.585,3649.795,0.3054
1757512200000,2025-09-10,13:50:00,3649.815,3651.085,3648.315,3650.195,0.2545
1757512500000,2025-09-10,13:55:00,3650.085,3651.765,3649.295,3651.115,0.159
1757512800000,2025-09-10,14:00:00,3651.085,3652.845,3648.945,3652.645,0.5664
1757513100000,2025-09-10,14:05:00,3652.645,3653.375,3651.355,3652.485,0.2841
1757513400000,2025-09-10,14:10:00,3652.485,3653.845,3650.655,3653.705,0.2586
1757513700000,2025-09-10,14:15:00,3653.705,3655.055,3653.138,3654.778,0.1529
1757514000000,2025-09-10,14:20:00,3654.778,3654.848,3651.585,3651.705,0.1527
1757514300000,2025-09-10,14:25:00,3651.725,3653.475,3650.085,3652.385,0.2002
1757514600000,2025-09-10,14:30:00,3652.425,3655.155,3651.975,3654.745,0.1491
1757514900000,2025-09-10,14:35:00,3654.745,3655.135,3653.885,3654.495,0.1647
1757515200000,2025-09-10,14:40:00,3654.475,3654.595,3648.325,3648.565,0.2082
1757515500000,2025-09-10,14:45:00,3648.535,3649.298,3644.515,3644.615,0.2219
1757515800000,2025-09-10,14:50:00,3644.615,3646.735,3643.685,3644.065,0.2473
1757516100000,2025-09-10,14:55:00,3644.075,3647.825,3643.915,3647.415,0.1338
1757516400000,2025-09-10,15:00:00,3647.465,3647.818,3644.775,3644.935,0.1393
1757516700000,2025-09-10,15:05:00,3644.935,3646.225,3643.765,3645.358,0.1633
1757517000000,2025-09-10,15:10:00,3645.228,3648.138,3645.228,3647.695,0.1993
1757517300000,2025-09-10,15:15:00,3647.798,3648.098,3646.045,3646.695,0.1317
1757517600000,2025-09-10,15:20:00,3646.765,3648.415,3639.485,3640.255,0.1678
1757517900000,2025-09-10,15:25:00,3640.385,3644.418,3638.318,3644.155,0.2566
1757518200000,2025-09-10,15:30:00,3644.185,3646.375,3643.915,3645.695,0.1398
1757518500000,2025-09-10,15:35:00,3645.665,3647.535,3645.018,3646.955,0.0987
1757518800000,2025-09-10,15:40:00,3646.985,3647.515,3645.808,3646.915,0.1254
1757519100000,2025-09-10,15:45:00,3646.885,3648.305,3646.885,3647.435,0.09
1757519400000,2025-09-10,15:50:00,3647.465,3648.048,3646.965,3647.405,0.0756
1757519700000,2025-09-10,15:55:00,3647.375,3647.375,3643.585,3644.395,0.1095
1757520000000,2025-09-10,16:00:00,3644.365,3646.755,3642.655,3643.355,0.1573
1757520300000,2025-09-10,16:05:00,3643.485,3643.625,3641.505,3642.298,0.0968
1757520600000,2025-09-10,16:10:00,3642.398,3643.605,3641.905,3643.108,0.0984
1757520900000,2025-09-10,16:15:00,3643.118,3644.745,3642.545,3644.305,0.0917
1757521200000,2025-09-10,16:20:00,3644.185,3644.275,3641.465,3643.315,0.0958
1757521500000,2025-09-10,16:25:00,3643.348,3643.545,3640.315,3640.955,0.0945
1757521800000,2025-09-10,16:30:00,3640.935,3641.025,3639.745,3640.145,0.1151
1757522100000,2025-09-10,16:35:00,3640.105,3641.785,3639.798,3641.225,0.0816
1757522400000,2025-09-10,16:40:00,3641.205,3642.755,3641.115,3641.635,0.062
1757522700000,2025-09-10,16:45:00,3641.645,3641.975,3640.765,3641.735,0.0645
1757523000000,2025-09-10,16:50:00,3641.755,3643.565,3641.205,3643.265,0.0664
1757523300000,2025-09-10,16:55:00,3643.245,3643.645,3642.515,3642.565,0.0599
1757523600000,2025-09-10,17:00:00,3642.615,3643.635,3642.315,3643.185,0.0904
1757523900000,2025-09-10,17:05:00,3643.145,3643.565,3642.258,3643.465,0.0699
1757524200000,2025-09-10,17:10:00,3643.445,3643.915,3642.855,3643.715,0.062
1757524500000,2025-09-10,17:15:00,3643.695,3644.065,3642.895,3643.105,0.0637
1757524800000,2025-09-10,17:20:00,3643.125,3643.125,3641.865,3642.035,0.0791
1757525100000,2025-09-10,17:25:00,3641.995,3642.745,3641.475,3642.435,0.1036
1757525400000,2025-09-10,17:30:00,3642.345,3645.785,3642.115,3645.215,0.1201
1757525700000,2025-09-10,17:35:00,3645.245,3646.748,3644.948,3646.448,0.122
1757526000000,2025-09-10,17:40:00,3646.448,3646.875,3645.498,3645.515,0.0949
1757526300000,2025-09-10,17:45:00,3645.555,3645.875,3645.215,3645.405,0.0636
1757526600000,2025-09-10,17:50:00,3645.418,3646.245,3645.168,3646.075,0.0509
1757526900000,2025-09-10,17:55:00,3646.095,3647.415,3646.095,3647.185,0.0487
1757527200000,2025-09-10,18:00:00,3647.155,3647.648,3646.085,3647.498,0.0457
1757527500000,2025-09-10,18:05:00,3647.505,3647.598,3646.755,3646.925,0.052
1757527800000,2025-09-10,18:10:00,3646.895,3647.208,3646.525,3647.105,0.0514
1757528100000,2025-09-10,18:15:00,3647.078,3648.125,3647.078,3648.025,0.0759
1757528400000,2025-09-10,18:20:00,3648.015,3649.598,3647.975,3649.148,0.0955
1757528700000,2025-09-10,18:25:00,3649.185,3649.405,3648.305,3648.408,0.0715
1757529000000,2025-09-10,18:30:00,3648.408,3648.505,3647.048,3647.348,0.0801
1757529300000,2025-09-10,18:35:00,3647.348,3647.548,3644.575,3645.215,0.0858
1757529600000,2025-09-10,18:40:00,3645.175,3645.975,3644.975,3645.805,0.0648
1757529900000,2025-09-10,18:45:00,3645.835,3646.365,3644.765,3645.895,0.0682
1757530200000,2025-09-10,18:50:00,3645.855,3645.915,3644.425,3644.505,0.0445
1757530500000,2025-09-10,18:55:00,3644.465,3645.265,3644.415,3645.205,0.0654
1757530800000,2025-09-10,19:00:00,3645.365,3646.195,3644.665,3644.885,0.0566
1757531100000,2025-09-10,19:05:00,3644.865,3645.055,3643.825,3644.145,0.0765
1757531400000,2025-09-10,19:10:00,3644.145,3644.635,3643.565,3643.595,0.0783
1757531700000,2025-09-10,19:15:00,3643.575,3643.785,3640.765,3641.095,0.2013
1757532000000,2025-09-10,19:20:00,3641.095,3641.095,3639.075,3640.065,0.1202
1757532300000,2025-09-10,19:25:00,3640.065,3641.365,3638.845,3639.445,0.1225
1757532600000,2025-09-10,19:30:00,3639.415,3639.415,3636.715,3637.285,0.11
1757532900000,2025-09-10,19:35:00,3637.315,3637.435,3635.065,3637.025,0.1523
1757533200000,2025-09-10,19:40:00,3636.985,3637.925,3635.715,3637.585,0.1238
1757533500000,2025-09-10,19:45:00,3637.555,3640.305,3636.185,3640.305,0.1438
1757533800000,2025-09-10,19:50:00,3640.305,3641.035,3639.525,3641.015,0.1441
1757534100000,2025-09-10,19:55:00,3640.985,3642.445,3640.325,3641.785,0.1483
1757534400000,2025-09-10,20:00:00,3641.775,3642.745,3641.335,3641.845,0.0594
1757534700000,2025-09-10,20:05:00,3641.725,3642.135,3640.425,3640.455,0.0428
1757535000000,2025-09-10,20:10:00,3640.455,3641.335,3640.245,3641.135,0.0432
1757535300000,2025-09-10,20:15:00,3641.105,3641.325,3640.475,3640.965,0.0382
1757535600000,2025-09-10,20:20:00,3640.965,3641.185,3640.185,3640.548,0.0251
1757535900000,2025-09-10,20:25:00,3640.548,3640.615,3639.355,3639.515,0.0331
1757536200000,2025-09-10,20:30:00,3639.515,3640.275,3639.485,3639.795,0.0246
1757536500000,2025-09-10,20:35:00,3639.785,3639.965,3638.105,3638.145,0.0308
1757536800000,2025-09-10,20:40:00,3638.175,3638.715,3637.885,3638.375,0.029
1757537100000,2025-09-10,20:45:00,3638.375,3639.598,3638.275,3639.025,0.0389
1757537400000,2025-09-10,20:50:00,3639.055,3641.005,3638.675,3641.005,0.05
1757537700000,2025-09-10,20:55:00,3640.975,3640.975,3639.735,3639.805,0.0377
1757541600000,2025-09-10,22:00:00,3641.098,3644.285,3641.098,3643.898,0.0756
1757541900000,2025-09-10,22:05:00,3643.898,3644.098,3641.825,3642.035,0.0449
1757542200000,2025-09-10,22:10:00,3641.995,3641.995,3639.745,3639.805,0.0354
1757542500000,2025-09-10,22:15:00,3639.775,3640.045,3637.645,3638.265,0.0393
1757542800000,2025-09-10,22:20:00,3638.185,3641.115,3637.735,3640.048,0.0536
1757543100000,2025-09-10,22:25:00,3640.048,3640.348,3638.798,3639.598,0.0387
1757543400000,2025-09-10,22:30:00,3639.598,3641.005,3638.998,3640.265,0.1023
1757543700000,2025-09-10,22:35:00,3640.255,3641.265,3639.845,3640.445,0.0654
1757544000000,2025-09-10,22:40:00,3640.425,3641.255,3640.165,3640.485,0.0227
1757544300000,2025-09-10,22:45:00,3640.465,3640.485,3639.375,3640.205,0.0246
1757544600000,2025-09-10,22:50:00,3640.165,3640.425,3639.335,3639.805,0.0637
1757544900000,2025-09-10,22:55:00,3639.685,3640.348,3639.355,3639.448,0.0415
1757545200000,2025-09-10,23:00:00,3639.759,3639.848,3638.348,3638.495,0.1257
1757545500000,2025-09-10,23:05:00,3638.425,3640.435,3638.175,3640.325,0.1014
1757545800000,2025-09-10,23:10:00,3640.355,3641.865,3640.335,3641.695,0.0326
1757546100000,2025-09-10,23:15:00,3641.515,3642.055,3641.125,3641.675,0.019
1757546400000,2025-09-10,23:20:00,3641.725,3642.205,3641.395,3641.555,0.0283
1757546700000,2025-09-10,23:25:00,3641.365,3642.705,3640.725,3642.555,0.0251
1757547000000,2025-09-10,23:30:00,3642.635,3643.125,3640.305,3640.715,0.0456
1757547300000,2025-09-10,23:35:00,3640.755,3643.945,3640.725,3643.775,0.0385
1757547600000,2025-09-10,23:40:00,3643.725,3644.755,3643.725,3644.185,0.0247
1757547900000,2025-09-10,23:45:00,3644.215,3645.195,3643.265,3643.995,0.0579
1757548200000,2025-09-10,23:50:00,3643.975,3645.345,3643.915,3645.125,0.0324
1757548500000,2025-09-10,23:55:00,3645.085,3645.145,3644.455,3644.685,0.0205
1757548800000,2025-09-11,00:00:00,3644.705,3646.105,3644.575,3645.648,0.0745
1757549100000,2025-09-11,00:05:00,3645.748,3645.948,3644.565,3645.065,0.128
1757549400000,2025-09-11,00:10:00,3645.085,3646.405,3644.398,3646.375,0.07
1757549700000,2025-09-11,00:15:00,3646.405,3646.965,3644.305,3645.225,0.0606
1757550000000,2025-09-11,00:20:00,3645.195,3645.425,3644.045,3644.665,0.1456
1757550300000,2025-09-11,00:25:00,3644.725,3646.225,3644.685,3645.435,0.1759
1757550600000,2025-09-11,00:30:00,3645.435,3646.325,3644.035,3644.105,0.1537
1757550900000,2025-09-11,00:35:00,3644.135,3645.465,3643.415,3644.295,0.1243
1757551200000,2025-09-11,00:40:00,3644.255,3645.625,3643.965,3645.355,0.1268
1757551500000,2025-09-11,00:45:00,3645.325,3645.755,3643.385,3643.515,0.2467
1757551800000,2025-09-11,00:50:00,3643.175,3643.995,3642.255,3643.185,0.142
1757552100000,2025-09-11,00:55:00,3643.155,3644.098,3642.748,3643.655,0.0716
1757552400000,2025-09-11,01:00:00,3643.725,3645.798,3642.285,3643.185,0.1818
1757552700000,2025-09-11,01:05:00,3643.205,3646.148,3643.175,3645.698,0.0876
1757553000000,2025-09-11,01:10:00,3645.798,3647.435,3645.535,3645.895,0.0754
1757553300000,2025-09-11,01:15:00,3645.878,3646.375,3644.975,3645.248,0.0867
1757553600000,2025-09-11,01:20:00,3645.048,3647.148,3644.115,3647.048,0.0784
1757553900000,2025-09-11,01:25:00,3647.148,3648.385,3645.395,3648.195,0.161
1757554200000,2025-09-11,01:30:00,3648.225,3648.895,3645.685,3646.205,0.1082
1757554500000,2025-09-11,01:35:00,3646.198,3646.198,3643.165,3643.705,0.2629
1757554800000,2025-09-11,01:40:00,3643.675,3644.875,3642.465,3643.045,0.1232
1757555100000,2025-09-11,01:45:00,3643.025,3643.655,3640.535,3641.065,0.1226
1757555400000,2025-09-11,01:50:00,3641.055,3642.595,3640.935,3641.465,0.0596
1757555700000,2025-09-11,01:55:00,3641.455,3641.845,3639.615,3640.865,0.1796
1757556000000,2025-09-11,02:00:00,3640.845,3642.105,3639.535,3642.105,0.0956
1757556300000,2025-09-11,02:05:00,3642.085,3643.155,3641.835,3643.125,0.0492
1757556600000,2025-09-11,02:10:00,3643.135,3643.305,3641.335,3641.935,0.0569
1757556900000,2025-09-11,02:15:00,3641.925,3642.025,3639.395,3639.515,0.0821
1757557200000,2025-09-11,02:20:00,3639.515,3640.135,3638.485,3638.695,0.0764
1757557500000,2025-09-11,02:25:00,3638.675,3638.785,3637.065,3637.765,0.1284
1757557800000,2025-09-11,02:30:00,3637.785,3637.875,3635.505,3636.375,0.1395
1757558100000,2025-09-11,02:35:00,3636.435,3638.135,3635.815,3637.955,0.1059
1757558400000,2025-09-11,02:40:00,3637.985,3638.475,3635.785,3635.995,0.1998
1757558700000,2025-09-11,02:45:00,3635.985,3637.955,3633.995,3637.935,0.1666
1757559000000,2025-09-11,02:50:00,3637.965,3638.605,3637.065,3637.605,0.083
1757559300000,2025-09-11,02:55:00,3637.575,3637.575,3634.995,3637.085,0.0935
1757559600000,2025-09-11,03:00:00,3637.165,3637.165,3635.105,3635.925,0.0951
1757559900000,2025-09-11,03:05:00,3635.965,3636.485,3631.905,3632.148,0.154
1757560200000,2025-09-11,03:10:00,3632.155,3635.285,3632.005,3634.055,0.1241
1757560500000,2025-09-11,03:15:00,3634.025,3635.265,3632.775,3633.935,0.0923
1757560800000,2025-09-11,03:20:00,3633.965,3634.935,3633.118,3634.355,0.1021
1757561100000,2025-09-11,03:25:00,3634.375,3635.005,3632.895,3633.115,0.0603
1757561400000,2025-09-11,03:30:00,3633.085,3633.325,3631.348,3632.148,0.0979
1757561700000,2025-09-11,03:35:00,3632.148,3633.255,3631.395,3633.125,0.063
1757562000000,2025-09-11,03:40:00,3633.155,3633.285,3630.135,3630.695,0.0771
1757562300000,2025-09-11,03:45:00,3630.655,3632.245,3629.715,3631.695,0.1334
1757562600000,2025-09-11,03:50:00,3631.725,3632.975,3631.315,3632.295,0.0625
1757562900000,2025-09-11,03:55:00,3632.325,3632.395,3631.295,3631.795,0.0607
1757563200000,2025-09-11,04:00:00,3631.925,3633.145,3631.685,3632.895,0.0494
1757563500000,2025-09-11,04:05:00,3632.855,3633.575,3632.448,3633.248,0.0547
1757563800000,2025-09-11,04:10:00,3633.185,3634.048,3632.865,3633.448,0.0513
1757564100000,2025-09-11,04:15:00,3633.548,3633.855,3632.948,3633.575,0.0343
1757564400000,2025-09-11,04:20:00,3633.545,3634.035,3632.675,3632.695,0.0275
1757564700000,2025-09-11,04:25:00,3632.685,3633.315,3632.335,3633.175,0.0302
1757565000000,2025-09-11,04:30:00,3633.225,3634.205,3633.195,3633.425,0.0325
1757565300000,2025-09-11,04:35:00,3633.385,3633.385,3631.455,3631.595,0.028
1757565600000,2025-09-11,04:40:00,3631.575,3632.295,3630.005,3631.585,0.0646
1757565900000,2025-09-11,04:45:00,3631.565,3631.685,3630.215,3630.245,0.029
1757566200000,2025-09-11,04:50:00,3630.265,3631.625,3630.048,3631.625,0.0275
1757566500000,2025-09-11,04:55:00,3631.655,3631.885,3630.125,3630.425,0.0421
1757566800000,2025-09-11,05:00:00,3630.395,3631.148,3629.735,3630.848,0.0732
1757567100000,2025-09-11,05:05:00,3630.748,3630.748,3629.588,3629.945,0.1515
1757567400000,2025-09-11,05:10:00,3629.985,3630.358,3629.585,3630.155,0.1507
1757567700000,2025-09-11,05:15:00,3630.175,3630.548,3629.575,3629.745,0.1685
1757568000000,2025-09-11,05:20:00,3629.745,3630.255,3629.568,3629.798,0.0839
1757568300000,2025-09-11,05:25:00,3629.798,3631.535,3629.425,3630.985,0.1247
1757568600000,2025-09-11,05:30:00,3631.035,3631.105,3624.795,3630.175,0.3256
1757568900000,2025-09-11,05:35:00,3630.155,3633.305,3630.055,3632.555,0.1427
1757569200000,2025-09-11,05:40:00,3632.665,3633.155,3629.028,3629.248,0.1487
1757569500000,2025-09-11,05:45:00,3629.055,3629.248,3626.925,3628.275,0.1443
1757569800000,2025-09-11,05:50:00,3628.255,3629.165,3625.448,3625.748,0.1734
1757570100000,2025-09-11,05:55:00,3625.748,3627.895,3623.225,3624.835,0.201
1757570400000,2025-09-11,06:00:00,3624.885,3627.755,3622.395,3626.195,0.1677
1757570700000,2025-09-11,06:05:00,3626.145,3632.385,3626.075,3632.045,0.1524
1757571000000,2025-09-11,06:10:00,3632.085,3633.335,3631.655,3632.275,0.1227
1757571300000,2025-09-11,06:15:00,3632.285,3632.935,3630.795,3632.585,0.1058
1757571600000,2025-09-11,06:20:00,3632.535,3634.045,3631.625,3631.765,0.0903
1757571900000,2025-09-11,06:25:00,3631.795,3634.025,3631.105,3633.198,0.0714
1757572200000,2025-09-11,06:30:00,3633.198,3634.198,3631.428,3634.045,0.1519
1757572500000,2025-09-11,06:35:00,3634.075,3635.375,3632.705,3633.565,0.0949
1757572800000,2025-09-11,06:40:00,3633.525,3636.805,3633.305,3636.148,0.085
1757573100000,2025-09-11,06:45:00,3635.935,3637.705,3635.025,3635.135,0.0831
1757573400000,2025-09-11,06:50:00,3635.045,3635.915,3634.425,3634.975,0.0624
1757573700000,2025-09-11,06:55:00,3634.895,3634.895,3631.848,3632.948,0.108
1757574000000,2025-09-11,07:00:00,3632.985,3633.048,3628.148,3629.345,0.156
1757574300000,2025-09-11,07:05:00,3629.375,3630.155,3625.355,3626.075,0.1377
1757574600000,2025-09-11,07:10:00,3626.045,3629.645,3625.935,3627.395,0.1323
1757574900000,2025-09-11,07:15:00,3627.415,3628.515,3623.948,3625.145,0.1365
1757575200000,2025-09-11,07:20:00,3625.145,3627.448,3624.948,3627.198,0.1118
1757575500000,2025-09-11,07:25:00,3627.125,3630.248,3625.075,3625.725,0.1448
1757575800000,2025-09-11,07:30:00,3625.705,3627.375,3623.555,3626.635,0.1504
1757576100000,2025-09-11,07:35:00,3626.655,3628.355,3626.055,3628.315,0.0977
1757576400000,2025-09-11,07:40:00,3628.315,3629.225,3627.525,3627.775,0.0776
1757576700000,2025-09-11,07:45:00,3627.735,3628.205,3626.335,3628.165,0.0729
1757577000000,2025-09-11,07:50:00,3628.185,3628.945,3626.285,3627.505,0.0693
1757577300000,2025-09-11,07:55:00,3627.485,3629.875,3627.345,3629.705,0.0831
1757577600000,2025-09-11,08:00:00,3629.685,3631.585,3629.355,3631.345,0.0785
1757577900000,2025-09-11,08:05:00,3631.325,3631.395,3629.135,3630.215,0.073
1757578200000,2025-09-11,08:10:00,3630.205,3630.235,3626.845,3629.315,0.0984
1757578500000,2025-09-11,08:15:00,3629.295,3629.995,3628.785,3629.465,0.045
1757578800000,2025-09-11,08:20:00,3629.445,3630.055,3629.095,3629.805,0.0331
1757579100000,2025-09-11,08:25:00,3629.825,3629.865,3628.855,3629.175,0.0331
1757579400000,2025-09-11,08:30:00,3629.145,3629.345,3626.798,3627.425,0.0599
1757579700000,2025-09-11,08:35:00,3627.455,3627.815,3626.025,3626.955,0.0644
1757580000000,2025-09-11,08:40:00,3626.998,3628.048,3626.455,3626.535,0.0545
1757580300000,2025-09-11,08:45:00,3626.495,3627.748,3625.755,3627.585,0.1012
1757580600000,2025-09-11,08:50:00,3627.615,3630.355,3627.475,3628.895,0.0645
1757580900000,2025-09-11,08:55:00,3628.805,3628.875,3625.215,3625.975,0.1231
1757581200000,2025-09-11,09:00:00,3625.885,3625.885,3622.015,3623.125,0.1277
1757581500000,2025-09-11,09:05:00,3623.125,3623.515,3621.148,3621.198,0.0887
1757581800000,2025-09-11,09:10:00,3621.105,3622.748,3618.435,3618.595,0.1652
1757582100000,2025-09-11,09:15:00,3618.595,3619.175,3613.945,3617.795,0.3013
1757582400000,2025-09-11,09:20:00,3617.755,3618.955,3616.725,3617.815,0.1109
1757582700000,2025-09-11,09:25:00,3617.775,3618.495,3616.815,3616.905,0.1221
1757583000000,2025-09-11,09:30:00,3616.905,3620.755,3616.645,3619.515,0.2374
1757583300000,2025-09-11,09:35:00,3619.515,3620.125,3617.898,3619.245,0.5219
1757583600000,2025-09-11,09:40:00,3619.215,3619.675,3618.145,3619.275,0.0565
1757583900000,2025-09-11,09:45:00,3619.295,3622.595,3618.775,3622.215,0.2513
1757584200000,2025-09-11,09:50:00,3622.148,3622.185,3620.675,3621.165,0.0812
1757584500000,2025-09-11,09:55:00,3621.115,3621.735,3619.915,3621.705,0.062
1757584800000,2025-09-11,10:00:00,3621.735,3621.815,3619.865,3620.715,0.0807
1757585100000,2025-09-11,10:05:00,3620.715,3621.465,3619.435,3621.315,0.0939
1757585400000,2025-09-11,10:10:00,3621.335,3622.315,3620.745,3621.805,0.0523
1757585700000,2025-09-11,10:15:00,3621.755,3622.585,3621.275,3622.345,0.0365
1757586000000,2025-09-11,10:20:00,3622.385,3623.645,3621.925,3622.575,0.0679
1757586300000,2025-09-11,10:25:00,3622.585,3622.715,3620.505,3620.955,0.059
1757586600000,2025-09-11,10:30:00,3620.895,3621.445,3619.735,3621.435,0.0747
1757586900000,2025-09-11,10:35:00,3621.475,3624.755,3621.475,3622.765,0.2569
1757587200000,2025-09-11,10:40:00,3622.725,3622.885,3619.755,3622.365,0.3048
1757587500000,2025-09-11,10:45:00,3622.395,3623.425,3622.055,3623.145,0.0943
1757587800000,2025-09-11,10:50:00,3623.105,3623.835,3622.265,3622.735,0.1183
1757588100000,2025-09-11,10:55:00,3623.015,3623.105,3620.865,3621.705,0.1469
1757588400000,2025-09-11,11:00:00,3621.665,3622.035,3620.385,3620.895,0.123
1757588700000,2025-09-11,11:05:00,3620.875,3621.765,3619.925,3620.525,0.2402
1757589000000,2025-09-11,11:10:00,3620.545,3620.785,3619.485,3620.325,0.2527
1757589300000,2025-09-11,11:15:00,3620.305,3621.165,3619.985,3620.675,0.2364
1757589600000,2025-09-11,11:20:00,3620.675,3621.355,3619.615,3620.425,0.18
1757589900000,2025-09-11,11:25:00,3620.545,3621.145,3619.935,3621.005,0.223
1757590200000,2025-09-11,11:30:00,3620.975,3621.255,3619.215,3620.075,0.1715
1757590500000,2025-09-11,11:35:00,3620.015,3620.315,3617.795,3618.225,0.2582
1757590800000,2025-09-11,11:40:00,3618.205,3618.425,3615.265,3615.605,0.1072
1757591100000,2025-09-11,11:45:00,3615.605,3618.048,3615.475,3616.455,0.0911
1757591400000,2025-09-11,11:50:00,3616.435,3617.348,3615.945,3617.348,0.1045
1757591700000,2025-09-11,11:55:00,3617.348,3617.855,3615.905,3616.565,0.1172
1757592000000,2025-09-11,12:00:00,3616.595,3619.195,3616.045,3618.395,0.1308
1757592300000,2025-09-11,12:05:00,3618.365,3620.185,3618.365,3618.845,0.0998
1757592600000,2025-09-11,12:10:00,3618.895,3620.125,3617.385,3619.615,0.1921
1757592900000,2025-09-11,12:15:00,3619.695,3620.175,3617.465,3619.045,0.3563
1757593200000,2025-09-11,12:20:00,3619.315,3626.115,3619.175,3624.246,0.4061
1757593500000,2025-09-11,12:25:00,3624.115,3624.175,3621.295,3622.505,0.118
1757593800000,2025-09-11,12:30:00,3622.535,3640.035,3611.465,3638.895,0.4363
1757594100000,2025-09-11,12:35:00,3638.895,3643.848,3636.205,3638.195,0.4005
1757594400000,2025-09-11,12:40:00,3638.255,3639.195,3631.475,3636.775,0.4416
1757594700000,2025-09-11,12:45:00,3636.795,3636.948,3626.895,3631.125,0.6902
1757595000000,2025-09-11,12:50:00,3631.135,3632.165,3625.905,3631.048,0.6503
1757595300000,2025-09-11,12:55:00,3630.945,3631.348,3626.465,3628.748,0.5239
1757595600000,2025-09-11,13:00:00,3628.825,3635.048,3627.305,3632.898,0.5401
1757595900000,2025-09-11,13:05:00,3632.845,3636.045,3631.975,3635.145,0.2697
1757596200000,2025-09-11,13:10:00,3635.125,3636.915,3632.055,3633.945,0.2543
1757596500000,2025-09-11,13:15:00,3633.985,3634.235,3622.858,3624.855,0.3375
1757596800000,2025-09-11,13:20:00,3624.845,3629.565,3619.965,3627.015,0.3622
1757597100000,2025-09-11,13:25:00,3626.865,3627.148,3621.085,3621.085,0.3358
1757597400000,2025-09-11,13:30:00,3621.129,3627.048,3621.129,3623.365,0.4294
1757597700000,2025-09-11,13:35:00,3623.225,3624.995,3618.105,3624.195,0.3849
1757598000000,2025-09-11,13:40:00,3624.205,3630.455,3621.755,3628.548,0.3531
1757598300000,2025-09-11,13:45:00,3628.495,3632.135,3626.285,3628.655,0.3256
1757598600000,2025-09-11,13:50:00,3628.595,3632.665,3627.905,3631.585,0.271
1757598900000,2025-09-11,13:55:00,3631.555,3633.275,3629.695,3630.055,0.2416
1757599200000,2025-09-11,14:00:00,3630.075,3631.215,3625.695,3626.585,0.3846
1757599500000,2025-09-11,14:05:00,3626.625,3633.655,3626.435,3632.885,0.2876
1757599800000,2025-09-11,14:10:00,3632.865,3633.885,3631.545,3633.045,0.1966
1757600100000,2025-09-11,14:15:00,3633.065,3637.295,3632.385,3636.375,0.1975
1757600400000,2025-09-11,14:20:00,3636.335,3636.585,3634.035,3636.555,0.1896
1757600700000,2025-09-11,14:25:00,3636.585,3637.675,3634.355,3634.805,0.1817
1757601000000,2025-09-11,14:30:00,3634.895,3635.285,3632.445,3633.045,0.1962
1757601300000,2025-09-11,14:35:00,3633.195,3634.055,3630.475,3630.655,0.1476
1757601600000,2025-09-11,14:40:00,3630.665,3631.275,3626.785,3626.825,0.1983
1757601900000,2025-09-11,14:45:00,3626.785,3629.848,3626.685,3629.375,0.2472
1757602200000,2025-09-11,14:50:00,3629.448,3630.448,3628.105,3628.598,0.2905
1757602500000,2025-09-11,14:55:00,3628.598,3629.898,3627.505,3629.305,0.1147
1757602800000,2025-09-11,15:00:00,3629.325,3632.665,3629.325,3631.925,0.1175
1757603100000,2025-09-11,15:05:00,3631.875,3633.485,3631.085,3631.098,0.114
1757603400000,2025-09-11,15:10:00,3631.085,3633.815,3630.985,3633.815,0.1077
1757603700000,2025-09-11,15:15:00,3633.795,3636.665,3633.505,3636.485,0.1439
1757604000000,2025-09-11,15:20:00,3636.525,3638.695,3635.785,3638.645,0.161
1757604300000,2025-09-11,15:25:00,3638.685,3638.855,3636.095,3636.495,0.1418
1757604600000,2025-09-11,15:30:00,3636.495,3637.955,3635.585,3635.775,0.1057
1757604900000,2025-09-11,15:35:00,3635.755,3636.195,3633.505,3634.345,0.1313
1757605200000,2025-09-11,15:40:00,3634.375,3635.175,3633.745,3634.415,0.1037
1757605500000,2025-09-11,15:45:00,3634.435,3634.435,3631.845,3632.345,0.103
1757605800000,2025-09-11,15:50:00,3632.365,3633.045,3631.585,3632.075,0.2333
1757606100000,2025-09-11,15:55:00,3632.085,3633.155,3630.955,3632.935,0.4871
1757606400000,2025-09-11,16:00:00,3632.935,3637.215,3632.875,3635.295,0.555
1757606700000,2025-09-11,16:05:00,3635.275,3639.475,3635.198,3639.425,0.3389
1757607000000,2025-09-11,16:10:00,3639.435,3641.775,3638.805,3639.905,0.2028
1757607300000,2025-09-11,16:15:00,3639.895,3640.865,3636.465,3636.935,0.1979
1757607600000,2025-09-11,16:20:00,3636.905,3638.705,3636.075,3638.375,0.1281
1757607900000,2025-09-11,16:25:00,3638.425,3638.615,3636.615,3637.035,0.1104
1757608200000,2025-09-11,16:30:00,3637.135,3638.275,3636.355,3637.705,0.1271
1757608500000,2025-09-11,16:35:00,3637.735,3638.895,3635.765,3635.785,0.2815
1757608800000,2025-09-11,16:40:00,3635.725,3636.965,3634.338,3635.235,0.3476
1757609100000,2025-09-11,16:45:00,3635.215,3636.105,3633.398,3636.085,0.3975
1757609400000,2025-09-11,16:50:00,3636.045,3636.615,3634.898,3636.135,0.1037
1757609700000,2025-09-11,16:55:00,3635.998,3637.025,3635.385,3635.895,0.1916
1757610000000,2025-09-11,17:00:00,3635.945,3636.265,3632.308,3633.125,0.1699
1757610300000,2025-09-11,17:05:00,3633.125,3634.648,3632.898,3633.255,0.1892
1757610600000,2025-09-11,17:10:00,3633.185,3634.048,3631.498,3632.598,0.1634
1757610900000,2025-09-11,17:15:00,3632.598,3635.248,3632.598,3634.548,0.1343
1757611200000,2025-09-11,17:20:00,3634.548,3635.325,3633.748,3634.955,0.1152
1757611500000,2025-09-11,17:25:00,3634.948,3635.805,3634.048,3634.525,0.1366
1757611800000,2025-09-11,17:30:00,3634.635,3636.495,3634.065,3635.925,0.1098
1757612100000,2025-09-11,17:35:00,3635.895,3636.265,3635.115,3635.765,0.0735
1757612400000,2025-09-11,17:40:00,3635.735,3635.985,3633.985,3634.415,0.0715
1757612700000,2025-09-11,17:45:00,3634.385,3635.118,3633.215,3634.375,0.0978
1757613000000,2025-09-11,17:50:00,3634.355,3635.995,3634.275,3635.445,0.0517
1757613300000,2025-09-11,17:55:00,3635.465,3635.465,3634.525,3634.715,0.1614
1757613600000,2025-09-11,18:00:00,3634.675,3635.925,3634.595,3635.365,0.1972
1757613900000,2025-09-11,18:05:00,3635.449,3636.625,3635.365,3636.275,0.3065
1757614200000,2025-09-11,18:10:00,3636.175,3636.835,3633.685,3634.165,0.2473
1757614500000,2025-09-11,18:15:00,3634.165,3634.595,3632.455,3632.505,0.289
1757614800000,2025-09-11,18:20:00,3632.445,3634.498,3632.415,3633.398,0.0841
1757615100000,2025-09-11,18:25:00,3633.305,3633.465,3631.845,3631.955,0.0785
1757615400000,2025-09-11,18:30:00,3631.925,3632.135,3630.225,3631.285,0.1298
1757615700000,2025-09-11,18:35:00,3631.285,3632.675,3630.845,3632.425,0.111
1757616000000,2025-09-11,18:40:00,3632.405,3632.685,3631.365,3631.935,0.0703
1757616300000,2025-09-11,18:45:00,3631.935,3632.385,3631.645,3632.385,0.0794
1757616600000,2025-09-11,18:50:00,3632.385,3633.505,3632.235,3633.055,0.0778
1757616900000,2025-09-11,18:55:00,3633.055,3633.095,3632.115,3632.245,0.1028
1757617200000,2025-09-11,19:00:00,3632.225,3633.995,3632.065,3633.825,0.0778
1757617500000,2025-09-11,19:05:00,3633.855,3635.905,3633.605,3635.305,0.0853
1757617800000,2025-09-11,19:10:00,3635.335,3635.725,3633.848,3634.275,0.1541
1757618100000,2025-09-11,19:15:00,3634.248,3635.445,3633.585,3635.385,0.0946
1757618400000,2025-09-11,19:20:00,3635.425,3636.848,3635.205,3635.695,0.0643
1757618700000,2025-09-11,19:25:00,3635.625,3635.685,3633.955,3634.545,0.0701
1757619000000,2025-09-11,19:30:00,3634.515,3636.335,3634.125,3635.955,0.0751
1757619300000,2025-09-11,19:35:00,3635.935,3637.248,3635.915,3636.735,0.0888
1757619600000,2025-09-11,19:40:00,3636.755,3637.195,3636.225,3636.265,0.0836
1757619900000,2025-09-11,19:45:00,3636.305,3637.255,3636.235,3636.815,0.0757
1757620200000,2025-09-11,19:50:00,3636.775,3637.305,3635.855,3635.855,0.078
1757620500000,2025-09-11,19:55:00,3635.875,3636.935,3635.675,3636.685,0.0873
1757620800000,2025-09-11,20:00:00,3636.605,3637.005,3635.948,3636.275,0.0435
1757621100000,2025-09-11,20:05:00,3636.255,3637.448,3636.055,3636.398,0.0425
1757621400000,2025-09-11,20:10:00,3636.255,3636.298,3634.898,3635.545,0.0502
1757621700000,2025-09-11,20:15:00,3635.515,3635.815,3635.395,3635.485,0.0257
1757622000000,2025-09-11,20:20:00,3635.485,3636.145,3635.345,3635.925,0.0309
1757622300000,2025-09-11,20:25:00,3635.845,3635.965,3634.695,3634.915,0.0448
1757622600000,2025-09-11,20:30:00,3634.895,3635.155,3633.545,3633.555,0.0427
1757622900000,2025-09-11,20:35:00,3633.598,3634.115,3633.405,3633.625,0.045
1757623200000,2025-09-11,20:40:00,3633.515,3633.825,3633.155,3633.598,0.0369
1757623500000,2025-09-11,20:45:00,3633.598,3634.405,3633.135,3633.835,0.0396
1757623800000,2025-09-11,20:50:00,3633.835,3634.025,3633.105,3633.345,0.0261
1757624100000,2025-09-11,20:55:00,3633.325,3633.975,3632.485,3632.485,0.0267
1757628000000,2025-09-11,22:00:00,3632.955,3635.698,3632.955,3635.625,0.0435
1757628300000,2025-09-11,22:05:00,3635.605,3636.035,3635.165,3635.535,0.0213
1757628600000,2025-09-11,22:10:00,3635.565,3636.535,3635.055,3636.515,0.0191
1757628900000,2025-09-11,22:15:00,3636.525,3637.048,3636.065,3636.395,0.0203
1757629200000,2025-09-11,22:20:00,3636.445,3638.075,3636.405,3637.145,0.03
1757629500000,2025-09-11,22:25:00,3637.115,3637.495,3636.825,3636.935,0.0148
1757629800000,2025-09-11,22:30:00,3636.885,3636.885,3635.375,3635.375,0.0204
1757630100000,2025-09-11,22:35:00,3635.375,3636.335,3635.335,3636.335,0.0172
1757630400000,2025-09-11,22:40:00,3636.285,3636.285,3634.935,3634.965,0.0166
1757630700000,2025-09-11,22:45:00,3634.935,3635.215,3632.965,3634.105,0.0301
1757631000000,2025-09-11,22:50:00,3634.075,3634.495,3633.755,3634.375,0.0159
1757631300000,2025-09-11,22:55:00,3634.245,3634.955,3634.055,3634.495,0.0552
1757631600000,2025-09-11,23:00:00,3634.505,3635.615,3634.435,3634.838,0.1142
1757631900000,2025-09-11,23:05:00,3634.845,3634.995,3633.805,3634.168,0.0959
1757632200000,2025-09-11,23:10:00,3634.078,3634.295,3633.065,3633.755,0.0236
1757632500000,2025-09-11,23:15:00,3633.735,3634.355,3633.405,3634.235,0.0154
1757632800000,2025-09-11,23:20:00,3634.235,3635.285,3634.015,3635.165,0.0188
1757633100000,2025-09-11,23:25:00,3635.135,3635.205,3633.875,3635.165,0.0247
1757633400000,2025-09-11,23:30:00,3635.125,3635.655,3634.105,3634.245,0.0376
1757633700000,2025-09-11,23:35:00,3634.245,3635.385,3634.165,3635.245,0.0258
1757634000000,2025-09-11,23:40:00,3635.275,3635.375,3634.505,3634.745,0.0186
1757634300000,2025-09-11,23:45:00,3634.775,3634.775,3632.635,3632.705,0.0312
1757634600000,2025-09-11,23:50:00,3632.735,3632.955,3631.635,3632.105,0.0329
1757634900000,2025-09-11,23:55:00,3632.075,3632.935,3631.265,3631.595,0.0392
1757635200000,2025-09-12,00:00:00,3631.575,3633.655,3631.405,3633.625,0.0577
1757635500000,2025-09-12,00:05:00,3633.645,3633.645,3632.115,3632.445,0.057
1757635800000,2025-09-12,00:10:00,3632.345,3633.585,3631.625,3633.275,0.055
1757636100000,2025-09-12,00:15:00,3633.245,3633.605,3631.305,3632.095,0.0584
1757636400000,2025-09-12,00:20:00,3631.995,3632.895,3630.585,3631.965,0.0724
1757636700000,2025-09-12,00:25:00,3631.925,3632.505,3630.855,3630.925,0.0703
1757637000000,2025-09-12,00:30:00,3631.045,3631.825,3630.295,3631.445,0.0885
1757637300000,2025-09-12,00:35:00,3631.495,3633.125,3630.525,3632.915,0.0628
1757637600000,2025-09-12,00:40:00,3632.895,3633.365,3631.785,3633.365,0.1261
1757637900000,2025-09-12,00:45:00,3633.385,3636.405,3633.385,3635.625,0.0824
1757638200000,2025-09-12,00:50:00,3635.595,3637.645,3634.985,3636.845,0.0685
1757638500000,2025-09-12,00:55:00,3636.885,3637.865,3635.715,3636.348,0.0816
1757638800000,2025-09-12,01:00:00,3636.348,3641.348,3636.298,3639.748,0.2277
1757639100000,2025-09-12,01:05:00,3639.858,3640.898,3637.698,3640.448,0.1396
1757639400000,2025-09-12,01:10:00,3640.475,3643.555,3640.448,3642.448,0.2629
1757639700000,2025-09-12,01:15:00,3642.448,3643.075,3638.615,3639.335,0.1963
1757640000000,2025-09-12,01:20:00,3639.375,3642.035,3639.325,3642.005,0.1463
1757640300000,2025-09-12,01:25:00,3641.985,3642.895,3640.415,3642.565,0.0852
1757640600000,2025-09-12,01:30:00,3642.585,3645.798,3642.305,3643.415,0.1647
1757640900000,2025-09-12,01:35:00,3643.398,3646.305,3642.945,3645.798,0.1477
1757641200000,2025-09-12,01:40:00,3645.798,3646.465,3643.978,3645.535,0.2653
1757641500000,2025-09-12,01:45:00,3645.585,3647.165,3643.548,3645.395,0.2119
1757641800000,2025-09-12,01:50:00,3645.455,3646.425,3643.975,3645.965,0.1725
1757642100000,2025-09-12,01:55:00,3646.005,3647.345,3644.875,3646.175,0.1507
1757642400000,2025-09-12,02:00:00,3646.175,3646.765,3644.655,3645.525,0.1245
1757642700000,2025-09-12,02:05:00,3645.495,3649.585,3644.685,3648.765,0.1511
1757643000000,2025-09-12,02:10:00,3648.735,3648.785,3647.115,3647.215,0.1051
1757643300000,2025-09-12,02:15:00,3647.245,3648.385,3646.985,3648.315,0.058
1757643600000,2025-09-12,02:20:00,3648.295,3649.625,3647.705,3649.365,0.0605
1757643900000,2025-09-12,02:25:00,3649.335,3650.005,3648.995,3649.785,0.0567
1757644200000,2025-09-12,02:30:00,3649.785,3650.265,3648.325,3649.215,0.0827
1757644500000,2025-09-12,02:35:00,3649.225,3649.715,3646.745,3648.055,0.0848
1757644800000,2025-09-12,02:40:00,3648.075,3648.105,3647.055,3647.535,0.0431
1757645100000,2025-09-12,02:45:00,3647.505,3648.785,3645.965,3648.685,0.0877
1757645400000,2025-09-12,02:50:00,3648.735,3650.855,3648.585,3649.755,0.0944
1757645700000,2025-09-12,02:55:00,3649.785,3650.055,3648.095,3648.845,0.1185
1757646000000,2025-09-12,03:00:00,3648.845,3649.985,3646.405,3648.205,0.1434
1757646300000,2025-09-12,03:05:00,3648.245,3649.285,3647.235,3648.845,0.1174
1757646600000,2025-09-12,03:10:00,3648.835,3650.285,3647.885,3649.845,0.0941
1757646900000,2025-09-12,03:15:00,3649.865,3652.135,3649.505,3649.595,0.1342
1757647200000,2025-09-12,03:20:00,3649.515,3651.315,3649.175,3651.295,0.073
1757647500000,2025-09-12,03:25:00,3651.355,3651.755,3650.005,3650.385,0.1252
1757647800000,2025-09-12,03:30:00,3650.365,3651.205,3649.935,3650.755,0.0827
1757648100000,2025-09-12,03:35:00,3650.715,3651.655,3650.375,3650.395,0.0379
1757648400000,2025-09-12,03:40:00,3650.475,3651.605,3650.425,3651.135,0.0353
1757648700000,2025-09-12,03:45:00,3651.155,3651.655,3650.895,3651.025,0.0257
1757649000000,2025-09-12,03:50:00,3651.075,3651.585,3650.255,3651.185,0.0459
1757649300000,2025-09-12,03:55:00,3651.215,3653.065,3650.955,3652.735,0.0506
1757649600000,2025-09-12,04:00:00,3652.705,3654.035,3652.485,3653.185,0.0676
1757649900000,2025-09-12,04:05:00,3653.205,3654.035,3651.385,3652.875,0.0888
1757650200000,2025-09-12,04:10:00,3652.955,3653.345,3652.155,3653.245,0.053
1757650500000,2025-09-12,04:15:00,3653.275,3653.525,3652.875,3653.505,0.0572
1757650800000,2025-09-12,04:20:00,3653.545,3654.385,3653.485,3653.825,0.0489
1757651100000,2025-09-12,04:25:00,3653.855,3654.675,3653.835,3654.465,0.0621
1757651400000,2025-09-12,04:30:00,3654.575,3655.345,3654.025,3654.225,0.0459
1757651700000,2025-09-12,04:35:00,3654.185,3654.548,3653.548,3654.375,0.0656
1757652000000,2025-09-12,04:40:00,3654.425,3654.798,3653.775,3654.445,0.0566
1757652300000,2025-09-12,04:45:00,3654.415,3655.945,3653.995,3655.495,0.0486
1757652600000,2025-09-12,04:50:00,3655.465,3655.965,3654.465,3654.685,0.0509
1757652900000,2025-09-12,04:55:00,3654.735,3654.915,3654.225,3654.725,0.0451
1757653200000,2025-09-12,05:00:00,3654.745,3655.425,3653.815,3655.425,0.0404
1757653500000,2025-09-12,05:05:00,3655.385,3655.515,3654.555,3655.085,0.0286
1757653800000,2025-09-12,05:10:00,3655.175,3656.195,3655.175,3655.845,0.0334
1757654100000,2025-09-12,05:15:00,3655.815,3656.435,3655.605,3656.215,0.0428
1757654400000,2025-09-12,05:20:00,3656.215,3656.285,3655.005,3655.005,0.0372
1757654700000,2025-09-12,05:25:00,3655.075,3655.355,3652.685,3652.725,0.0542
1757655000000,2025-09-12,05:30:00,3652.705,3655.005,3651.905,3653.755,0.1053
1757655300000,2025-09-12,05:35:00,3653.655,3654.205,3652.435,3653.105,0.0738
1757655600000,2025-09-12,05:40:00,3653.155,3655.545,3652.995,3654.645,0.0701
1757655900000,2025-09-12,05:45:00,3654.675,3654.705,3651.895,3652.045,0.1143
1757656200000,2025-09-12,05:50:00,3652.125,3654.675,3651.825,3653.585,0.0666
1757656500000,2025-09-12,05:55:00,3653.605,3654.945,3652.915,3652.915,0.0549
1757656800000,2025-09-12,06:00:00,3652.935,3653.555,3651.505,3653.305,0.0998
1757657100000,2025-09-12,06:05:00,3653.265,3653.335,3651.525,3652.225,0.0806
1757657400000,2025-09-12,06:10:00,3652.195,3653.285,3651.035,3653.175,0.067
1757657700000,2025-09-12,06:15:00,3653.185,3653.845,3651.448,3651.985,0.0704
1757658000000,2025-09-12,06:20:00,3652.048,3652.225,3650.495,3650.545,0.0712
1757658300000,2025-09-12,06:25:00,3650.585,3651.115,3649.115,3650.675,0.0769
1757658600000,2025-09-12,06:30:00,3650.695,3652.115,3649.398,3651.985,0.1608
1757658900000,2025-09-12,06:35:00,3651.965,3652.115,3650.055,3650.615,0.0554
1757659200000,2025-09-12,06:40:00,3650.595,3651.055,3648.265,3649.048,0.068
1757659500000,2025-09-12,06:45:00,3649.048,3649.645,3648.165,3648.655,0.0598
1757659800000,2025-09-12,06:50:00,3648.605,3649.895,3648.575,3649.235,0.0622
1757660100000,2025-09-12,06:55:00,3649.195,3650.715,3649.075,3650.435,0.0675
1757660400000,2025-09-12,07:00:00,3650.385,3650.865,3649.325,3650.775,0.1121
1757660700000,2025-09-12,07:05:00,3650.825,3652.915,3649.655,3652.435,0.1106
1757661000000,2025-09-12,07:10:00,3652.505,3653.665,3651.815,3652.245,0.2708
1757661300000,2025-09-12,07:15:00,3652.175,3652.945,3651.805,3652.405,0.1422
1757661600000,2025-09-12,07:20:00,3652.405,3652.655,3650.525,3651.435,0.0951
1757661900000,2025-09-12,07:25:00,3651.395,3652.485,3650.395,3652.435,0.1241
1757662200000,2025-09-12,07:30:00,3652.415,3652.415,3648.595,3649.975,0.1294
1757662500000,2025-09-12,07:35:00,3650.105,3650.985,3648.855,3648.918,0.0629
1757662800000,2025-09-12,07:40:00,3648.918,3649.698,3647.775,3648.085,0.1723
1757663100000,2025-09-12,07:45:00,3648.065,3649.448,3647.798,3649.298,0.1333
1757663400000,2025-09-12,07:50:00,3649.298,3649.695,3648.255,3649.015,0.0569
1757663700000,2025-09-12,07:55:00,3648.955,3649.548,3647.645,3648.145,0.0536
1757664000000,2025-09-12,08:00:00,3648.125,3650.148,3647.675,3649.848,0.0969
1757664300000,2025-09-12,08:05:00,3649.755,3651.148,3648.965,3649.275,0.0891
1757664600000,2025-09-12,08:10:00,3649.255,3649.255,3642.805,3643.515,0.1988
1757664900000,2025-09-12,08:15:00,3643.405,3645.665,3642.435,3643.885,0.1848
1757665200000,2025-09-12,08:20:00,3643.915,3645.098,3642.915,3645.098,0.1616
1757665500000,2025-09-12,08:25:00,3645.098,3645.745,3643.945,3644.845,0.0996
1757665800000,2025-09-12,08:30:00,3644.815,3645.175,3643.435,3643.515,0.0755
1757666100000,2025-09-12,08:35:00,3643.495,3645.025,3643.375,3643.625,0.0629
1757666400000,2025-09-12,08:40:00,3643.605,3645.495,3643.048,3644.815,0.1309
1757666700000,2025-09-12,08:45:00,3644.785,3645.948,3641.268,3641.495,0.1251
1757667000000,2025-09-12,08:50:00,3641.465,3641.785,3639.898,3639.898,0.1789
1757667300000,2025-09-12,08:55:00,3639.898,3641.335,3639.495,3640.665,0.2657
1757667600000,2025-09-12,09:00:00,3640.645,3645.298,3639.475,3642.305,0.1771
1757667900000,2025-09-12,09:05:00,3642.265,3642.735,3637.608,3639.448,0.2149
1757668200000,2025-09-12,09:10:00,3639.175,3639.385,3637.375,3639.385,0.1172
1757668500000,2025-09-12,09:15:00,3639.435,3644.105,3639.375,3643.685,0.0933
1757668800000,2025-09-12,09:20:00,3643.725,3645.575,3642.895,3645.375,0.0981
1757669100000,2025-09-12,09:25:00,3645.245,3646.245,3643.645,3646.065,0.0916
1757669400000,2025-09-12,09:30:00,3646.025,3646.875,3644.725,3645.855,0.1027
1757669700000,2025-09-12,09:35:00,3645.855,3646.205,3642.375,3642.725,0.0757
1757670000000,2025-09-12,09:40:00,3642.745,3644.425,3642.375,3644.425,0.0502
1757670300000,2025-09-12,09:45:00,3644.405,3644.935,3643.605,3643.865,0.046
1757670600000,2025-09-12,09:50:00,3643.875,3646.665,3643.875,3646.655,0.0462
1757670900000,2025-09-12,09:55:00,3646.665,3646.785,3645.485,3646.185,0.0526
1757671200000,2025-09-12,10:00:00,3646.255,3647.885,3646.035,3647.215,0.0588
1757671500000,2025-09-12,10:05:00,3647.215,3647.935,3646.575,3646.798,0.086
1757671800000,2025-09-12,10:10:00,3646.635,3647.955,3646.465,3647.865,0.0605
1757672100000,2025-09-12,10:15:00,3647.825,3649.725,3647.125,3649.625,0.0717
1757672400000,2025-09-12,10:20:00,3649.625,3651.395,3649.545,3649.975,0.1195
1757672700000,2025-09-12,10:25:00,3650.015,3650.985,3649.965,3650.535,0.0776
1757673000000,2025-09-12,10:30:00,3650.575,3650.975,3649.795,3650.075,0.0756
1757673300000,2025-09-12,10:35:00,3650.075,3651.075,3649.905,3649.938,0.0653
1757673600000,2025-09-12,10:40:00,3649.935,3650.185,3649.205,3649.615,0.0629
1757673900000,2025-09-12,10:45:00,3649.615,3650.185,3648.965,3649.815,0.0422
1757674200000,2025-09-12,10:50:00,3649.785,3651.975,3649.505,3651.298,0.0576
1757674500000,2025-09-12,10:55:00,3651.298,3651.405,3650.615,3650.965,0.0512
1757674800000,2025-09-12,11:00:00,3650.985,3651.895,3649.785,3650.355,0.0991
1757675100000,2025-09-12,11:05:00,3650.355,3650.725,3649.425,3650.535,0.0463
1757675400000,2025-09-12,11:10:00,3650.505,3650.525,3648.975,3649.505,0.0635
1757675700000,2025-09-12,11:15:00,3649.525,3651.165,3648.285,3649.915,0.0609
1757676000000,2025-09-12,11:20:00,3649.825,3650.405,3649.165,3649.805,0.0532
1757676300000,2025-09-12,11:25:00,3649.765,3649.765,3647.685,3648.105,0.0718
1757676600000,2025-09-12,11:30:00,3648.135,3649.085,3647.265,3647.395,0.0478
1757676900000,2025-09-12,11:35:00,3647.465,3648.875,3647.225,3647.685,0.0577
1757677200000,2025-09-12,11:40:00,3647.725,3648.075,3646.945,3647.855,0.0509
1757677500000,2025-09-12,11:45:00,3647.885,3648.845,3647.045,3647.415,0.0487
1757677800000,2025-09-12,11:50:00,3647.355,3649.205,3647.315,3647.825,0.0483
1757678100000,2025-09-12,11:55:00,3647.785,3647.825,3646.705,3646.855,0.0612
1757678400000,2025-09-12,12:00:00,3646.875,3648.755,3644.785,3645.235,0.1223
1757678700000,2025-09-12,12:05:00,3645.375,3645.948,3644.055,3645.385,0.1794
1757679000000,2025-09-12,12:10:00,3645.405,3645.945,3643.955,3645.745,0.0925
1757679300000,2025-09-12,12:15:00,3645.745,3647.145,3645.015,3646.335,0.0845
1757679600000,2025-09-12,12:20:00,3646.315,3646.705,3642.185,3642.985,0.15
1757679900000,2025-09-12,12:25:00,3642.965,3643.085,3639.865,3642.385,0.2784
1757680200000,2025-09-12,12:30:00,3642.485,3643.635,3638.095,3638.995,0.1973
1757680500000,2025-09-12,12:35:00,3639.025,3641.055,3638.048,3638.248,0.2244
1757680800000,2025-09-12,12:40:00,3638.248,3641.848,3638.198,3638.648,0.2393
1757681100000,2025-09-12,12:45:00,3638.595,3642.848,3637.848,3642.325,0.2562
1757681400000,2025-09-12,12:50:00,3642.345,3645.265,3641.008,3644.005,0.2066
1757681700000,2025-09-12,12:55:00,3643.985,3645.805,3643.885,3645.225,0.1795
1757682000000,2025-09-12,13:00:00,3645.405,3647.385,3643.085,3647.385,0.2376
1757682300000,2025-09-12,13:05:00,3647.445,3649.095,3647.165,3648.335,0.1762
1757682600000,2025-09-12,13:10:00,3648.345,3650.025,3647.795,3649.095,0.149
1757682900000,2025-09-12,13:15:00,3649.125,3650.455,3647.545,3649.375,0.1496
1757683200000,2025-09-12,13:20:00,3649.395,3650.245,3648.335,3649.445,0.1271
1757683500000,2025-09-12,13:25:00,3649.445,3650.085,3648.365,3648.615,0.1039
1757683800000,2025-09-12,13:30:00,3648.595,3651.098,3646.455,3650.158,0.2619
1757684100000,2025-09-12,13:35:00,3650.075,3650.308,3646.908,3649.845,0.2479
1757684400000,2025-09-12,13:40:00,3649.898,3652.298,3649.115,3650.848,0.211
1757684700000,2025-09-12,13:45:00,3650.748,3652.198,3646.278,3649.765,0.2723
1757685000000,2025-09-12,13:50:00,3649.785,3652.448,3649.145,3651.655,0.2646
1757685300000,2025-09-12,13:55:00,3651.675,3652.225,3649.515,3649.965,0.1854
1757685600000,2025-09-12,14:00:00,3650.085,3653.035,3649.655,3652.348,0.2416
1757685900000,2025-09-12,14:05:00,3652.348,3653.198,3648.975,3651.065,0.2262
1757686200000,2025-09-12,14:10:00,3651.065,3652.935,3650.645,3651.825,0.1773
1757686500000,2025-09-12,14:15:00,3651.825,3653.748,3651.275,3653.205,0.2558
1757686800000,2025-09-12,14:20:00,3653.198,3653.998,3652.555,3653.685,0.2007
1757687100000,2025-09-12,14:25:00,3653.645,3654.185,3651.975,3652.475,0.1758
1757687400000,2025-09-12,14:30:00,3652.598,3653.295,3651.175,3651.758,0.1159
1757687700000,2025-09-12,14:35:00,3651.608,3651.608,3648.335,3650.045,0.1601
1757688000000,2025-09-12,14:40:00,3650.065,3650.485,3648.695,3649.505,0.1683
1757688300000,2025-09-12,14:45:00,3649.525,3649.745,3647.125,3648.895,0.1976
1757688600000,2025-09-12,14:50:00,3648.935,3649.765,3647.805,3648.555,0.1439
1757688900000,2025-09-12,14:55:00,3648.435,3649.398,3647.385,3647.898,0.1777
1757689200000,2025-09-12,15:00:00,3647.898,3648.045,3646.495,3647.395,0.2008
1757689500000,2025-09-12,15:05:00,3647.375,3647.375,3644.525,3645.375,0.3827
1757689800000,2025-09-12,15:10:00,3645.395,3645.945,3641.525,3643.825,0.4697
1757690100000,2025-09-12,15:15:00,3643.735,3645.598,3643.528,3643.865,0.5465
1757690400000,2025-09-12,15:20:00,3643.905,3644.325,3642.378,3643.385,0.6931
1757690700000,2025-09-12,15:25:00,3643.375,3644.548,3642.058,3644.248,0.4645
1757691000000,2025-09-12,15:30:00,3644.255,3646.385,3644.098,3646.095,0.258
1757691300000,2025-09-12,15:35:00,3646.175,3646.898,3645.235,3645.435,0.1858
1757691600000,2025-09-12,15:40:00,3645.365,3646.985,3645.365,3646.755,0.1306
1757691900000,2025-09-12,15:45:00,3646.705,3646.855,3644.615,3645.655,0.0974
1757692200000,2025-09-12,15:50:00,3645.615,3646.525,3645.485,3645.965,0.0781
1757692500000,2025-09-12,15:55:00,3645.945,3646.025,3643.225,3644.285,0.0971
1757692800000,2025-09-12,16:00:00,3644.275,3645.098,3643.865,3643.998,0.1667
1757693100000,2025-09-12,16:05:00,3643.998,3644.398,3642.395,3642.655,0.2397
1757693400000,2025-09-12,16:10:00,3642.725,3643.698,3642.548,3643.498,0.1442
1757693700000,2025-09-12,16:15:00,3643.698,3644.315,3643.265,3643.765,0.1226
1757694000000,2025-09-12,16:20:00,3643.795,3646.185,3643.685,3645.975,0.0895
1757694300000,2025-09-12,16:25:00,3646.015,3646.915,3645.795,3646.525,0.0501
1757694600000,2025-09-12,16:30:00,3646.545,3647.355,3646.285,3647.075,0.0521
1757694900000,2025-09-12,16:35:00,3647.005,3647.395,3645.715,3646.485,0.0734
1757695200000,2025-09-12,16:40:00,3646.485,3647.235,3646.385,3647.065,0.0588
1757695500000,2025-09-12,16:45:00,3647.115,3648.175,3647.115,3648.095,0.0809
1757695800000,2025-09-12,16:50:00,3648.125,3648.725,3647.625,3648.605,0.053
1757696100000,2025-09-12,16:55:00,3648.635,3649.505,3648.525,3648.985,0.0792
1757696400000,2025-09-12,17:00:00,3649.035,3649.715,3648.995,3649.375,0.0896
1757696700000,2025-09-12,17:05:00,3649.415,3649.655,3648.135,3649.275,0.0762
1757697000000,2025-09-12,17:10:00,3649.305,3650.225,3649.275,3649.775,0.094
1757697300000,2025-09-12,17:15:00,3649.805,3650.205,3649.215,3650.035,0.1262
1757697600000,2025-09-12,17:20:00,3649.995,3650.555,3649.155,3649.295,0.0846
1757697900000,2025-09-12,17:25:00,3649.385,3649.805,3647.395,3647.735,0.1115
1757698200000,2025-09-12,17:30:00,3647.795,3649.885,3647.525,3649.265,0.0664
1757698500000,2025-09-12,17:35:00,3649.085,3649.915,3648.625,3649.005,0.0596
1757698800000,2025-09-12,17:40:00,3648.975,3649.385,3648.855,3649.295,0.0427
1757699100000,2025-09-12,17:45:00,3649.295,3649.345,3648.475,3649.315,0.0733
1757699400000,2025-09-12,17:50:00,3649.345,3649.905,3648.845,3649.025,0.0505
1757699700000,2025-09-12,17:55:00,3649.065,3649.295,3648.405,3648.525,0.0458
1757700000000,2025-09-12,18:00:00,3648.555,3648.685,3647.525,3648.425,0.0575
1757700300000,2025-09-12,18:05:00,3648.405,3648.635,3646.845,3647.665,0.05
1757700600000,2025-09-12,18:10:00,3647.645,3648.355,3647.295,3648.315,0.0442
1757700900000,2025-09-12,18:15:00,3648.285,3648.785,3647.785,3648.005,0.0505
1757701200000,2025-09-12,18:20:00,3648.055,3648.905,3647.715,3648.525,0.065
1757701500000,2025-09-12,18:25:00,3648.545,3648.715,3647.395,3647.845,0.0688
1757701800000,2025-09-12,18:30:00,3647.835,3648.185,3647.445,3648.075,0.0519
1757702100000,2025-09-12,18:35:00,3648.085,3648.485,3647.795,3648.025,0.0526
1757702400000,2025-09-12,18:40:00,3648.045,3649.295,3647.945,3648.705,0.0447
1757702700000,2025-09-12,18:45:00,3648.695,3648.965,3648.145,3648.185,0.0634
1757703000000,2025-09-12,18:50:00,3648.215,3648.755,3648.135,3648.295,0.0521
1757703300000,2025-09-12,18:55:00,3648.265,3648.715,3648.165,3648.345,0.0566
1757703600000,2025-09-12,19:00:00,3648.355,3648.385,3647.285,3647.435,0.0398
1757703900000,2025-09-12,19:05:00,3647.415,3647.615,3646.645,3646.645,0.0508
1757704200000,2025-09-12,19:10:00,3646.695,3647.455,3646.585,3646.955,0.0334
1757704500000,2025-09-12,19:15:00,3646.985,3647.505,3646.455,3646.735,0.0505
1757704800000,2025-09-12,19:20:00,3646.695,3646.955,3646.095,3646.485,0.0575
1757705100000,2025-09-12,19:25:00,3646.435,3646.595,3645.735,3645.785,0.0938
1757705400000,2025-09-12,19:30:00,3645.825,3646.425,3645.425,3645.485,0.1494
1757705700000,2025-09-12,19:35:00,3645.455,3645.555,3644.555,3644.885,0.1036
1757706000000,2025-09-12,19:40:00,3644.815,3645.675,3644.555,3645.615,0.1279
1757706300000,2025-09-12,19:45:00,3645.565,3646.665,3645.335,3646.445,0.1231
1757706600000,2025-09-12,19:50:00,3646.415,3646.575,3644.985,3645.465,0.0598
1757706900000,2025-09-12,19:55:00,3645.465,3645.925,3643.398,3644.055,0.1815
1757707200000,2025-09-12,20:00:00,3643.995,3645.145,3643.995,3644.245,0.0407
1757707500000,2025-09-12,20:05:00,3644.225,3644.225,3642.335,3642.395,0.0678
1757707800000,2025-09-12,20:10:00,3642.435,3642.835,3641.525,3641.895,0.0931
1757708100000,2025-09-12,20:15:00,3641.895,3642.945,3641.585,3641.655,0.1618
1757708400000,2025-09-12,20:20:00,3641.605,3642.235,3641.515,3641.625,0.1921
1757708700000,2025-09-12,20:25:00,3641.655,3642.715,3641.595,3642.685,0.1542
1757709000000,2025-09-12,20:30:00,3642.685,3642.765,3641.585,3642.005,0.1183
1757709300000,2025-09-12,20:35:00,3642.035,3642.035,3641.135,3641.215,0.1715
1757709600000,2025-09-12,20:40:00,3641.215,3641.925,3640.775,3641.845,0.0741
1757709900000,2025-09-12,20:45:00,3641.845,3642.525,3641.385,3642.448,0.0808
1757710200000,2025-09-12,20:50:00,3642.448,3643.248,3641.985,3643.048,0.0488
1757710500000,2025-09-12,20:55:00,3643.048,3643.398,3642.065,3642.635,0.0785
1757887200000,2025-09-14,22:00:00,3643.605,3646.048,3642.765,3644.148,0.1202
1757887500000,2025-09-14,22:05:00,3644.148,3645.608,3643.885,3644.328,0.0733
1757887800000,2025-09-14,22:10:00,3644.328,3644.328,3643.238,3643.498,0.0381
1757888100000,2025-09-14,22:15:00,3643.518,3643.858,3642.605,3642.745,0.0388
1757888400000,2025-09-14,22:20:00,3642.785,3642.795,3639.605,3641.105,0.0607
1757888700000,2025-09-14,22:25:00,3641.085,3642.375,3640.925,3642.375,0.0389
1757889000000,2025-09-14,22:30:00,3642.355,3642.565,3641.055,3641.645,0.0331
1757889300000,2025-09-14,22:35:00,3641.665,3642.085,3641.095,3642.015,0.0234
1757889600000,2025-09-14,22:40:00,3642.015,3642.185,3641.125,3641.175,0.0335
1757889900000,2025-09-14,22:45:00,3641.205,3641.695,3640.975,3641.275,0.0207
1757890200000,2025-09-14,22:50:00,3641.275,3641.325,3639.815,3641.325,0.03
1757890500000,2025-09-14,22:55:00,3641.325,3641.985,3641.295,3641.648,0.0192
1757890800000,2025-09-14,23:00:00,3641.615,3641.748,3639.458,3639.635,0.1469
1757891100000,2025-09-14,23:05:00,3639.525,3640.048,3638.748,3639.595,0.1419
1757891400000,2025-09-14,23:10:00,3639.585,3639.645,3639.025,3639.448,0.0487
1757891700000,2025-09-14,23:15:00,3639.445,3639.745,3638.798,3638.828,0.0388
1757892000000,2025-09-14,23:20:00,3638.815,3639.315,3637.435,3637.955,0.029
1757892300000,2025-09-14,23:25:00,3637.945,3639.655,3637.945,3639.045,0.0288
1757892600000,2025-09-14,23:30:00,3639.075,3639.235,3636.885,3637.245,0.0525
1757892900000,2025-09-14,23:35:00,3637.265,3638.225,3636.665,3637.645,0.037
1757893200000,2025-09-14,23:40:00,3637.675,3637.925,3637.165,3637.555,0.0203
1757893500000,2025-09-14,23:45:00,3637.585,3637.665,3637.115,3637.575,0.0155
1757893800000,2025-09-14,23:50:00,3637.545,3637.775,3637.075,3637.385,0.014
1757894100000,2025-09-14,23:55:00,3637.405,3638.335,3637.405,3637.965,0.024
1757894400000,2025-09-15,00:00:00,3637.955,3639.015,3634.555,3635.845,0.2875
1757894700000,2025-09-15,00:05:00,3635.875,3638.475,3635.745,3638.275,0.0712
1757895000000,2025-09-15,00:10:00,3638.305,3641.515,3638.295,3641.035,0.1073
1757895300000,2025-09-15,00:15:00,3641.115,3642.455,3640.998,3642.115,0.0621
1757895600000,2025-09-15,00:20:00,3642.115,3642.355,3640.535,3641.405,0.0573
1757895900000,2025-09-15,00:25:00,3641.465,3641.625,3638.898,3639.265,0.0561
1757896200000,2025-09-15,00:30:00,3639.205,3639.215,3634.675,3635.775,0.0872
1757896500000,2025-09-15,00:35:00,3635.545,3636.595,3633.225,3633.445,0.1869
1757896800000,2025-09-15,00:40:00,3633.475,3634.875,3633.335,3633.985,0.0437
1757897100000,2025-09-15,00:45:00,3634.015,3634.935,3632.485,3633.185,0.052
1757897400000,2025-09-15,00:50:00,3632.995,3633.375,3631.745,3632.048,0.0746
1757897700000,2025-09-15,00:55:00,3632.148,3634.005,3631.725,3633.155,0.1034
1757898000000,2025-09-15,01:00:00,3633.148,3633.905,3628.435,3630.725,0.2066
1757898300000,2025-09-15,01:05:00,3630.695,3631.185,3628.205,3630.205,0.1906
1757898600000,2025-09-15,01:10:00,3630.225,3631.048,3626.148,3628.515,0.468
1757898900000,2025-09-15,01:15:00,3628.495,3630.748,3626.415,3630.598,0.1971
1757899200000,2025-09-15,01:20:00,3630.598,3630.598,3626.835,3628.198,0.1491
1757899500000,2025-09-15,01:25:00,3628.198,3632.355,3628.175,3631.548,0.1311
1757899800000,2025-09-15,01:30:00,3631.565,3632.348,3630.365,3630.548,0.1076
1757900100000,2025-09-15,01:35:00,3630.648,3632.705,3628.398,3631.655,0.154
1757900400000,2025-09-15,01:40:00,3631.645,3632.805,3631.035,3631.085,0.07
1757900700000,2025-09-15,01:45:00,3631.115,3632.925,3629.725,3632.755,0.1139
1757901000000,2025-09-15,01:50:00,3632.805,3634.375,3632.425,3633.695,0.0844
1757901300000,2025-09-15,01:55:00,3633.725,3634.645,3633.585,3634.275,0.073
1757901600000,2025-09-15,02:00:00,3634.385,3636.435,3634.145,3636.195,0.1067
1757901900000,2025-09-15,02:05:00,3636.035,3639.975,3635.875,3639.405,0.1172
1757902200000,2025-09-15,02:10:00,3639.425,3640.755,3638.395,3640.585,0.1199
1757902500000,2025-09-15,02:15:00,3640.585,3643.145,3640.545,3643.055,0.1007
1757902800000,2025-09-15,02:20:00,3643.065,3643.835,3641.575,3643.555,0.0947
1757903100000,2025-09-15,02:25:00,3643.535,3644.735,3642.805,3642.865,0.1108
1757903400000,2025-09-15,02:30:00,3642.845,3644.695,3641.665,3644.175,0.1685
1757903700000,2025-09-15,02:35:00,3644.195,3645.115,3643.585,3643.585,0.0786
1757904000000,2025-09-15,02:40:00,3643.565,3645.325,3643.505,3644.555,0.058
1757904300000,2025-09-15,02:45:00,3644.555,3644.665,3642.005,3642.405,0.128
1757904600000,2025-09-15,02:50:00,3642.475,3643.048,3641.035,3641.398,0.1398
1757904900000,2025-09-15,02:55:00,3641.398,3641.998,3639.645,3640.845,0.1559
1757905200000,2025-09-15,03:00:00,3640.845,3641.255,3640.025,3640.795,0.0473
1757905500000,2025-09-15,03:05:00,3640.825,3642.535,3640.648,3641.698,0.1628
1757905800000,2025-09-15,03:10:00,3641.715,3643.298,3641.398,3642.885,0.1379
1757906100000,2025-09-15,03:15:00,3642.855,3643.055,3641.095,3641.535,0.0713
1757906400000,2025-09-15,03:20:00,3641.555,3641.605,3640.845,3641.405,0.0572
1757906700000,2025-09-15,03:25:00,3641.375,3643.985,3641.375,3643.705,0.1488
1757907000000,2025-09-15,03:30:00,3643.698,3645.505,3643.305,3645.315,0.0772
1757907300000,2025-09-15,03:35:00,3645.335,3645.615,3643.085,3643.385,0.1152
1757907600000,2025-09-15,03:40:00,3643.375,3644.905,3643.315,3644.705,0.0502
1757907900000,2025-09-15,03:45:00,3644.685,3645.535,3644.495,3645.265,0.0259
1757908200000,2025-09-15,03:50:00,3645.445,3646.205,3645.285,3646.015,0.0445
1757908500000,2025-09-15,03:55:00,3646.048,3646.175,3645.598,3645.885,0.0377
1757908800000,2025-09-15,04:00:00,3645.915,3646.405,3645.075,3645.975,0.0331
1757909100000,2025-09-15,04:05:00,3646.005,3646.715,3645.935,3646.555,0.0343
1757909400000,2025-09-15,04:10:00,3646.555,3646.705,3645.155,3645.735,0.0431
1757909700000,2025-09-15,04:15:00,3645.685,3645.775,3645.255,3645.335,0.0262
1757910000000,2025-09-15,04:20:00,3645.355,3646.135,3644.135,3644.985,0.0739
1757910300000,2025-09-15,04:25:00,3644.895,3644.998,3644.335,3644.898,0.0444
1757910600000,2025-09-15,04:30:00,3644.898,3644.945,3644.165,3644.385,0.0239
1757910900000,2025-09-15,04:35:00,3644.355,3644.425,3644.015,3644.295,0.0179
1757911200000,2025-09-15,04:40:00,3644.335,3644.695,3643.925,3644.215,0.0378
1757911500000,2025-09-15,04:45:00,3644.215,3644.475,3643.675,3644.165,0.0283
1757911800000,2025-09-15,04:50:00,3644.165,3645.025,3643.765,3643.925,0.0429
1757912100000,2025-09-15,04:55:00,3643.895,3645.445,3643.515,3645.445,0.0379
1757912400000,2025-09-15,05:00:00,3645.495,3645.615,3644.085,3644.355,0.03
1757912700000,2025-09-15,05:05:00,3644.315,3644.745,3643.645,3643.745,0.0545
1757913000000,2025-09-15,05:10:00,3643.715,3643.805,3642.295,3642.585,0.0534
1757913300000,2025-09-15,05:15:00,3642.545,3644.305,3641.975,3644.175,0.0725
1757913600000,2025-09-15,05:20:00,3644.165,3645.625,3644.135,3645.465,0.06
1757913900000,2025-09-15,05:25:00,3645.445,3645.595,3644.605,3645.175,0.0565
1757914200000,2025-09-15,05:30:00,3645.175,3646.085,3643.315,3645.065,0.0699
1757914500000,2025-09-15,05:35:00,3645.035,3645.435,3643.145,3643.248,0.0611
1757914800000,2025-09-15,05:40:00,3643.235,3643.945,3643.045,3643.775,0.0501
1757915100000,2025-09-15,05:45:00,3643.805,3644.645,3643.385,3644.105,0.0431
1757915400000,2025-09-15,05:50:00,3644.085,3644.555,3643.635,3644.295,0.0306
1757915700000,2025-09-15,05:55:00,3644.235,3644.345,3643.055,3643.355,0.042
1757916000000,2025-09-15,06:00:00,3643.345,3643.665,3641.925,3641.948,0.0656
1757916300000,2025-09-15,06:05:00,3641.948,3643.195,3641.548,3642.745,0.0584
1757916600000,2025-09-15,06:10:00,3642.705,3643.555,3642.185,3642.235,0.0651
1757916900000,2025-09-15,06:15:00,3642.245,3642.425,3639.998,3641.725,0.1705
1757917200000,2025-09-15,06:20:00,3641.755,3643.398,3641.755,3643.048,0.0527
1757917500000,2025-09-15,06:25:00,3643.048,3643.648,3641.005,3641.645,0.1067
1757917800000,2025-09-15,06:30:00,3641.648,3643.605,3640.348,3642.185,0.1507
1757918100000,2025-09-15,06:35:00,3642.155,3643.095,3641.398,3641.898,0.1134
1757918400000,2025-09-15,06:40:00,3641.915,3641.915,3638.428,3639.398,0.4102
1757918700000,2025-09-15,06:45:00,3639.398,3640.685,3638.285,3638.455,0.1741
1757919000000,2025-09-15,06:50:00,3638.445,3639.315,3637.598,3637.848,0.2014
1757919300000,2025-09-15,06:55:00,3637.848,3638.155,3636.348,3636.348,0.1883
1757919600000,2025-09-15,07:00:00,3636.348,3636.555,3633.675,3635.338,0.2346
1757919900000,2025-09-15,07:05:00,3635.338,3637.148,3635.235,3636.648,0.2788
1757920200000,2025-09-15,07:10:00,3636.665,3637.535,3634.738,3635.945,0.1919
1757920500000,2025-09-15,07:15:00,3635.915,3636.458,3634.248,3634.465,0.1361
1757920800000,2025-09-15,07:20:00,3634.445,3635.235,3633.469,3634.855,0.241
1757921100000,2025-09-15,07:25:00,3634.845,3636.175,3634.098,3636.145,0.1565
1757921400000,2025-09-15,07:30:00,3636.125,3639.575,3635.965,3639.305,0.1787
1757921700000,2025-09-15,07:35:00,3639.315,3641.395,3639.235,3640.805,0.171
1757922000000,2025-09-15,07:40:00,3640.835,3642.055,3639.858,3641.025,0.117
1757922300000,2025-09-15,07:45:00,3640.955,3641.855,3639.465,3640.875,0.141
1757922600000,2025-09-15,07:50:00,3640.825,3643.785,3640.555,3643.225,0.1373
1757922900000,2025-09-15,07:55:00,3643.195,3644.855,3642.965,3643.695,0.1069
1757923200000,2025-09-15,08:00:00,3643.605,3644.825,3642.245,3642.915,0.1291
1757923500000,2025-09-15,08:05:00,3643.185,3645.055,3641.125,3643.145,0.116
1757923800000,2025-09-15,08:10:00,3643.095,3643.525,3641.215,3641.445,0.089
1757924100000,2025-09-15,08:15:00,3641.425,3642.775,3640.845,3642.515,0.0653
1757924400000,2025-09-15,08:20:00,3642.535,3643.075,3641.475,3641.895,0.0599
1757924700000,2025-09-15,08:25:00,3641.985,3642.535,3641.285,3641.565,0.0559
1757925000000,2025-09-15,08:30:00,3641.585,3642.875,3641.065,3641.585,0.0574
1757925300000,2025-09-15,08:35:00,3641.605,3642.245,3641.065,3641.505,0.0487
1757925600000,2025-09-15,08:40:00,3641.485,3642.535,3641.195,3641.745,0.0648
1757925900000,2025-09-15,08:45:00,3641.745,3642.165,3640.655,3640.825,0.0488
1757926200000,2025-09-15,08:50:00,3640.775,3642.085,3640.695,3641.985,0.0384
1757926500000,2025-09-15,08:55:00,3641.835,3645.615,3641.815,3645.315,0.0842
1757926800000,2025-09-15,09:00:00,3645.315,3645.845,3644.325,3644.675,0.1186
1757927100000,2025-09-15,09:05:00,3644.845,3644.865,3643.325,3643.495,0.0989
1757927400000,2025-09-15,09:10:00,3643.495,3644.615,3642.725,3644.455,0.0769
1757927700000,2025-09-15,09:15:00,3644.435,3645.035,3642.485,3642.585,0.0664
1757928000000,2025-09-15,09:20:00,3642.625,3642.775,3640.005,3640.225,0.0729
1757928300000,2025-09-15,09:25:00,3640.205,3641.348,3639.258,3640.065,0.1287
1757928600000,2025-09-15,09:30:00,3640.085,3640.098,3637.945,3638.655,0.1319
1757928900000,2025-09-15,09:35:00,3638.635,3638.635,3635.548,3637.245,0.0837
1757929200000,2025-09-15,09:40:00,3637.265,3637.845,3636.085,3637.455,0.1018
1757929500000,2025-09-15,09:45:00,3637.265,3639.035,3635.725,3637.768,0.0821
1757929800000,2025-09-15,09:50:00,3637.768,3638.865,3637.475,3638.725,0.0593
1757930100000,2025-09-15,09:55:00,3638.745,3641.505,3638.405,3641.075,0.051
1757930400000,2025-09-15,10:00:00,3641.095,3644.065,3640.955,3643.345,0.0807
1757930700000,2025-09-15,10:05:00,3643.365,3643.815,3642.265,3642.265,0.0859
1757931000000,2025-09-15,10:10:00,3642.225,3644.445,3642.095,3644.275,0.0683
1757931300000,2025-09-15,10:15:00,3644.255,3645.935,3643.985,3644.945,0.0979
1757931600000,2025-09-15,10:20:00,3644.945,3646.085,3644.375,3645.455,0.0968
1757931900000,2025-09-15,10:25:00,3645.765,3646.265,3644.725,3645.715,0.0765
1757932200000,2025-09-15,10:30:00,3645.745,3646.175,3645.085,3645.165,0.0787
1757932500000,2025-09-15,10:35:00,3645.215,3645.495,3643.735,3644.225,0.0895
1757932800000,2025-09-15,10:40:00,3644.205,3644.555,3642.055,3642.545,0.0724
1757933100000,2025-09-15,10:45:00,3642.525,3642.855,3640.375,3640.515,0.0635
1757933400000,2025-09-15,10:50:00,3640.485,3640.675,3639.065,3639.125,0.0625
1757933700000,2025-09-15,10:55:00,3639.145,3640.348,3638.845,3639.655,0.084
1757934000000,2025-09-15,11:00:00,3639.675,3640.748,3638.748,3639.448,0.1022
1757934300000,2025-09-15,11:05:00,3639.448,3641.575,3639.305,3641.395,0.0723
1757934600000,2025-09-15,11:10:00,3641.365,3642.955,3640.285,3642.935,0.0521
1757934900000,2025-09-15,11:15:00,3642.905,3644.845,3642.695,3644.645,0.0554
1757935200000,2025-09-15,11:20:00,3644.665,3645.385,3643.765,3645.015,0.0961
1757935500000,2025-09-15,11:25:00,3645.005,3645.795,3643.945,3644.355,0.0721
1757935800000,2025-09-15,11:30:00,3644.355,3645.825,3643.705,3645.215,0.1162
1757936100000,2025-09-15,11:35:00,3645.265,3645.625,3644.445,3645.355,0.1004
1757936400000,2025-09-15,11:40:00,3645.075,3646.405,3644.465,3646.325,0.092
1757936700000,2025-09-15,11:45:00,3646.335,3646.615,3643.735,3644.355,0.096
1757937000000,2025-09-15,11:50:00,3644.335,3644.655,3642.925,3644.365,0.0784
1757937300000,2025-09-15,11:55:00,3644.345,3645.165,3642.135,3642.395,0.1251
1757937600000,2025-09-15,12:00:00,3642.415,3643.295,3641.335,3642.475,0.0921
1757937900000,2025-09-15,12:05:00,3642.515,3643.165,3640.885,3641.505,0.0719
1757938200000,2025-09-15,12:10:00,3641.485,3641.945,3639.775,3640.365,0.0772
1757938500000,2025-09-15,12:15:00,3640.325,3640.485,3638.045,3639.465,0.1246
1757938800000,2025-09-15,12:20:00,3639.435,3639.898,3636.598,3639.498,0.2121
1757939100000,2025-09-15,12:25:00,3639.698,3640.148,3636.865,3637.775,0.1486
1757939400000,2025-09-15,12:30:00,3637.918,3641.148,3637.588,3640.455,0.1568
1757939700000,2025-09-15,12:35:00,3640.525,3644.148,3640.195,3642.815,0.1596
1757940000000,2025-09-15,12:40:00,3642.845,3644.755,3641.945,3644.525,0.1603
1757940300000,2025-09-15,12:45:00,3644.525,3648.755,3643.595,3648.705,0.2134
1757940600000,2025-09-15,12:50:00,3648.645,3650.798,3647.745,3648.085,0.1905
1757940900000,2025-09-15,12:55:00,3648.165,3650.485,3647.485,3650.195,0.1407
1757941200000,2025-09-15,13:00:00,3650.215,3650.925,3647.855,3648.685,0.2422
1757941500000,2025-09-15,13:05:00,3648.705,3650.105,3647.775,3648.065,0.1641
1757941800000,2025-09-15,13:10:00,3648.055,3650.135,3646.585,3649.515,0.1693
1757942100000,2025-09-15,13:15:00,3649.475,3649.955,3647.965,3649.645,0.1213
1757942400000,2025-09-15,13:20:00,3649.695,3653.348,3649.615,3651.185,0.2622
1757942700000,2025-09-15,13:25:00,3651.185,3653.695,3650.725,3653.615,0.1243
1757943000000,2025-09-15,13:30:00,3653.635,3655.415,3652.625,3654.775,0.2471
1757943300000,2025-09-15,13:35:00,3654.795,3661.648,3654.665,3661.648,0.3396
1757943600000,2025-09-15,13:40:00,3661.648,3664.125,3660.845,3662.775,0.3399
1757943900000,2025-09-15,13:45:00,3662.765,3663.865,3658.895,3660.295,0.2384
1757944200000,2025-09-15,13:50:00,3660.155,3663.035,3659.185,3660.505,0.2684
1757944500000,2025-09-15,13:55:00,3660.565,3661.055,3656.195,3656.975,0.2369
1757944800000,2025-09-15,14:00:00,3656.945,3659.245,3653.675,3658.755,0.3097
1757945100000,2025-09-15,14:05:00,3658.705,3659.548,3656.388,3658.945,0.2502
1757945400000,2025-09-15,14:10:00,3658.985,3660.675,3658.535,3659.775,0.1299
1757945700000,2025-09-15,14:15:00,3659.805,3660.115,3655.748,3656.655,0.1442
1757946000000,2025-09-15,14:20:00,3656.765,3659.395,3656.685,3657.255,0.1097
1757946300000,2025-09-15,14:25:00,3657.375,3658.985,3656.825,3657.615,0.126
1757946600000,2025-09-15,14:30:00,3657.555,3659.648,3656.555,3658.548,0.1747
1757946900000,2025-09-15,14:35:00,3658.548,3661.765,3658.348,3660.835,0.1466
1757947200000,2025-09-15,14:40:00,3660.725,3661.765,3658.765,3661.635,0.1153
1757947500000,2025-09-15,14:45:00,3661.645,3662.875,3660.585,3661.915,0.1561
1757947800000,2025-09-15,14:50:00,3661.945,3662.955,3661.425,3662.825,0.0895
1757948100000,2025-09-15,14:55:00,3662.845,3663.605,3662.635,3663.325,0.112
1757948400000,2025-09-15,15:00:00,3663.425,3665.048,3662.785,3664.905,0.1492
1757948700000,2025-09-15,15:05:00,3664.925,3665.565,3662.935,3664.965,0.1137
1757949000000,2025-09-15,15:10:00,3664.945,3665.535,3663.315,3664.675,0.1029
1757949300000,2025-09-15,15:15:00,3664.645,3665.415,3663.795,3664.595,0.1161
1757949600000,2025-09-15,15:20:00,3664.635,3666.135,3664.265,3665.315,0.0919
1757949900000,2025-09-15,15:25:00,3665.295,3667.605,3665.295,3667.048,0.1837
1757950200000,2025-09-15,15:30:00,3667.048,3667.248,3665.715,3666.605,0.1561
1757950500000,2025-09-15,15:35:00,3666.575,3667.635,3666.365,3667.545,0.0899
1757950800000,2025-09-15,15:40:00,3667.525,3668.845,3667.375,3668.355,0.0959
1757951100000,2025-09-15,15:45:00,3668.335,3673.795,3668.295,3673.575,0.1451
1757951400000,2025-09-15,15:50:00,3673.545,3678.758,3672.548,3678.015,0.3891
1757951700000,2025-09-15,15:55:00,3678.005,3681.635,3677.595,3680.195,0.2895
1757952000000,2025-09-15,16:00:00,3680.225,3680.605,3677.205,3679.335,0.238
1757952300000,2025-09-15,16:05:00,3679.285,3681.915,3679.175,3681.815,0.2188
1757952600000,2025-09-15,16:10:00,3681.845,3682.115,3680.485,3680.725,0.1251
1757952900000,2025-09-15,16:15:00,3680.775,3681.775,3679.498,3681.085,0.1411
1757953200000,2025-09-15,16:20:00,3681.135,3682.495,3681.005,3682.235,0.107
1757953500000,2025-09-15,16:25:00,3682.215,3684.335,3681.395,3683.925,0.1063
1757953800000,2025-09-15,16:30:00,3683.955,3685.345,3683.105,3684.845,0.2862
1757954100000,2025-09-15,16:35:00,3684.935,3684.935,3677.035,3677.425,0.3511
1757954400000,2025-09-15,16:40:00,3677.405,3680.985,3676.615,3678.535,0.2613
1757954700000,2025-09-15,16:45:00,3678.505,3679.105,3674.435,3678.835,0.2407
1757955000000,2025-09-15,16:50:00,3678.875,3680.685,3677.395,3679.495,0.1066
1757955300000,2025-09-15,16:55:00,3679.455,3680.135,3678.665,3679.025,0.1296
1757955600000,2025-09-15,17:00:00,3679.045,3680.975,3678.955,3680.395,0.1031
1757955900000,2025-09-15,17:05:00,3680.375,3681.498,3678.895,3680.698,0.1147
1757956200000,2025-09-15,17:10:00,3680.698,3681.045,3679.455,3679.555,0.0978
1757956500000,2025-09-15,17:15:00,3679.595,3680.675,3679.265,3680.465,0.0738
1757956800000,2025-09-15,17:20:00,3680.448,3680.448,3678.355,3679.415,0.1262
1757957100000,2025-09-15,17:25:00,3679.435,3680.925,3679.265,3679.835,0.1227
1757957400000,2025-09-15,17:30:00,3679.855,3682.475,3679.855,3681.615,0.1814
1757957700000,2025-09-15,17:35:00,3681.605,3682.025,3680.925,3681.395,0.26
1757958000000,2025-09-15,17:40:00,3681.395,3681.775,3679.615,3680.475,0.4713
1757958300000,2025-09-15,17:45:00,3680.505,3681.298,3679.795,3681.098,0.3322
1757958600000,2025-09-15,17:50:00,3681.098,3681.765,3680.415,3680.565,0.0789
1757958900000,2025-09-15,17:55:00,3680.585,3681.995,3680.585,3681.575,0.0681
1757959200000,2025-09-15,18:00:00,3681.555,3681.895,3679.875,3680.765,0.0594
1757959500000,2025-09-15,18:05:00,3680.805,3681.255,3680.515,3680.515,0.0418
1757959800000,2025-09-15,18:10:00,3680.535,3680.665,3678.305,3678.375,0.1214
1757960100000,2025-09-15,18:15:00,3678.355,3678.815,3677.315,3678.615,0.0712
1757960400000,2025-09-15,18:20:00,3678.655,3680.085,3678.585,3679.635,0.0526
1757960700000,2025-09-15,18:25:00,3679.655,3680.215,3679.025,3679.945,0.0378
1757961000000,2025-09-15,18:30:00,3679.975,3680.485,3679.255,3679.475,0.0401
1757961300000,2025-09-15,18:35:00,3679.445,3679.615,3676.078,3677.125,0.1511
1757961600000,2025-09-15,18:40:00,3676.995,3678.315,3675.675,3678.225,0.0731
1757961900000,2025-09-15,18:45:00,3678.245,3678.535,3676.345,3676.895,0.086
1757962200000,2025-09-15,18:50:00,3676.895,3677.075,3675.695,3676.275,0.0814
1757962500000,2025-09-15,18:55:00,3676.305,3676.965,3675.955,3676.725,0.0813
1757962800000,2025-09-15,19:00:00,3676.755,3678.435,3676.515,3678.275,0.0636
1757963100000,2025-09-15,19:05:00,3678.255,3678.565,3677.455,3678.475,0.0708
1757963400000,2025-09-15,19:10:00,3678.445,3680.035,3678.005,3679.855,0.1229
1757963700000,2025-09-15,19:15:00,3679.815,3680.545,3678.885,3679.995,0.2182
1757964000000,2025-09-15,19:20:00,3679.985,3680.075,3678.975,3679.895,0.2583
1757964300000,2025-09-15,19:25:00,3679.825,3680.175,3679.145,3679.148,0.2343
1757964600000,2025-09-15,19:30:00,3679.148,3680.548,3679.048,3680.548,0.2008
1757964900000,2025-09-15,19:35:00,3680.648,3680.835,3679.148,3680.548,0.27
1757965200000,2025-09-15,19:40:00,3680.548,3681.835,3680.365,3681.805,0.2445
1757965500000,2025-09-15,19:45:00,3681.985,3682.505,3681.185,3682.305,0.4624
1757965800000,2025-09-15,19:50:00,3682.295,3682.505,3680.798,3681.298,0.2372
1757966100000,2025-09-15,19:55:00,3681.365,3681.685,3680.395,3680.735,0.2735
1757966400000,2025-09-15,20:00:00,3680.735,3681.555,3678.905,3681.098,0.0876
1757966700000,2025-09-15,20:05:00,3681.098,3681.898,3680.825,3681.285,0.1146
1757967000000,2025-09-15,20:10:00,3681.235,3681.235,3680.635,3680.985,0.0355
1757967300000,2025-09-15,20:15:00,3680.975,3681.515,3680.465,3681.195,0.0294
1757967600000,2025-09-15,20:20:00,3681.335,3681.425,3680.995,3680.998,0.0217
1757967900000,2025-09-15,20:25:00,3681.098,3681.098,3680.315,3680.355,0.0444
1757968200000,2025-09-15,20:30:00,3680.348,3680.715,3679.798,3680.395,0.0333
1757968500000,2025-09-15,20:35:00,3680.435,3680.855,3680.215,3680.615,0.0391
1757968800000,2025-09-15,20:40:00,3680.635,3681.135,3680.535,3681.025,0.0519
1757969100000,2025-09-15,20:45:00,3680.935,3681.005,3680.425,3680.825,0.0488
1757969400000,2025-09-15,20:50:00,3680.925,3681.005,3680.065,3680.265,0.0856
1757969700000,2025-09-15,20:55:00,3680.255,3680.255,3677.215,3677.215,0.061
1757973600000,2025-09-15,22:00:00,3679.698,3680.848,3679.298,3679.765,0.0757
1757973900000,2025-09-15,22:05:00,3679.785,3680.145,3676.445,3676.675,0.0275
1757974200000,2025-09-15,22:10:00,3676.695,3678.075,3676.175,3677.715,0.0431
1757974500000,2025-09-15,22:15:00,3677.685,3677.765,3676.175,3677.105,0.0512
1757974800000,2025-09-15,22:20:00,3677.135,3677.795,3677.025,3677.615,0.0533
1757975100000,2025-09-15,22:25:00,3677.655,3678.725,3677.545,3678.725,0.0294
1757975400000,2025-09-15,22:30:00,3678.735,3679.755,3678.655,3678.885,0.0555
1757975700000,2025-09-15,22:35:00,3678.865,3678.925,3677.845,3678.695,0.0217
1757976000000,2025-09-15,22:40:00,3678.695,3678.985,3678.025,3678.225,0.0209
1757976300000,2025-09-15,22:45:00,3678.225,3678.655,3677.625,3677.675,0.0211
1757976600000,2025-09-15,22:50:00,3677.645,3678.625,3677.605,3678.415,0.0416
1757976900000,2025-09-15,22:55:00,3678.455,3678.455,3677.955,3678.348,0.0277
1757977200000,2025-09-15,23:00:00,3678.115,3679.748,3678.115,3679.148,0.0683
1757977500000,2025-09-15,23:05:00,3678.845,3679.548,3678.648,3678.675,0.0494
1757977800000,2025-09-15,23:10:00,3678.695,3679.445,3678.585,3679.415,0.0155
1757978100000,2025-09-15,23:15:00,3679.375,3680.265,3679.125,3679.815,0.0158
1757978400000,2025-09-15,23:20:00,3679.765,3680.085,3678.855,3679.185,0.0202
1757978700000,2025-09-15,23:25:00,3679.165,3679.185,3677.775,3678.695,0.0278
1757979000000,2025-09-15,23:30:00,3678.725,3678.745,3678.065,3678.125,0.019
1757979300000,2025-09-15,23:35:00,3678.105,3678.475,3677.885,3678.285,0.0164
1757979600000,2025-09-15,23:40:00,3678.315,3678.425,3677.925,3678.095,0.016
1757979900000,2025-09-15,23:45:00,3678.045,3678.045,3675.835,3677.398,0.1159
1757980200000,2025-09-15,23:50:00,3677.398,3677.398,3676.005,3676.298,0.2533
1757980500000,2025-09-15,23:55:00,3676.298,3676.798,3675.965,3676.598,0.1477
1757980800000,2025-09-16,00:00:00,3676.598,3678.998,3676.148,3676.698,0.2143
1757981100000,2025-09-16,00:05:00,3676.498,3678.015,3676.448,3677.695,0.1147
1757981400000,2025-09-16,00:10:00,3677.735,3679.495,3677.175,3679.248,0.0818
1757981700000,2025-09-16,00:15:00,3679.248,3681.685,3678.805,3681.265,0.0869
1757982000000,2025-09-16,00:20:00,3681.235,3682.155,3680.425,3681.095,0.0464
1757982300000,2025-09-16,00:25:00,3681.115,3683.485,3680.615,3683.425,0.0628
1757982600000,2025-09-16,00:30:00,3683.425,3685.065,3683.335,3684.275,0.1068
1757982900000,2025-09-16,00:35:00,3684.105,3684.895,3682.175,3682.345,0.0555
1757983200000,2025-09-16,00:40:00,3682.375,3684.805,3682.255,3684.055,0.0654
1757983500000,2025-09-16,00:45:00,3684.025,3684.365,3682.015,3683.445,0.0718
1757983800000,2025-09-16,00:50:00,3683.475,3684.955,3683.135,3684.175,0.1
1757984100000,2025-09-16,00:55:00,3684.175,3686.645,3684.155,3686.215,0.0996
1757984400000,2025-09-16,01:00:00,3686.245,3689.169,3680.225,3680.495,0.601
1757984700000,2025-09-16,01:05:00,3680.515,3681.875,3679.415,3679.755,0.3461
1757985000000,2025-09-16,01:10:00,3679.685,3681.465,3678.948,3680.015,0.2161
1757985300000,2025-09-16,01:15:00,3679.965,3680.315,3677.485,3677.815,0.1263
1757985600000,2025-09-16,01:20:00,3677.795,3679.245,3676.775,3678.705,0.1191
1757985900000,2025-09-16,01:25:00,3678.755,3679.795,3677.248,3678.248,0.1449
1757986200000,2025-09-16,01:30:00,3678.235,3681.548,3677.315,3680.355,0.1997
1757986500000,2025-09-16,01:35:00,3680.198,3680.198,3677.988,3679.365,0.1042
1757986800000,2025-09-16,01:40:00,3679.385,3680.445,3677.515,3677.595,0.098
1757987100000,2025-09-16,01:45:00,3677.625,3679.085,3677.135,3677.745,0.1086
1757987400000,2025-09-16,01:50:00,3677.805,3678.685,3677.095,3678.155,0.0801
1757987700000,2025-09-16,01:55:00,3678.115,3679.295,3677.585,3679.165,0.0563
1757988000000,2025-09-16,02:00:00,3679.135,3681.315,3679.065,3680.045,0.0947
1757988300000,2025-09-16,02:05:00,3679.955,3682.575,3679.735,3680.975,0.1004
1757988600000,2025-09-16,02:10:00,3680.995,3681.755,3678.505,3681.655,0.1187
1757988900000,2025-09-16,02:15:00,3681.635,3682.105,3680.795,3681.305,0.0519
1757989200000,2025-09-16,02:20:00,3681.275,3681.725,3680.385,3680.505,0.0432
1757989500000,2025-09-16,02:25:00,3680.475,3681.255,3680.055,3680.865,0.0305
1757989800000,2025-09-16,02:30:00,3680.845,3681.035,3678.105,3678.305,0.1303
1757990100000,2025-09-16,02:35:00,3678.335,3679.675,3675.965,3679.075,0.1732
1757990400000,2025-09-16,02:40:00,3679.065,3679.105,3676.485,3677.705,0.1154
1757990700000,2025-09-16,02:45:00,3677.675,3678.825,3674.455,3678.415,0.1711
1757991000000,2025-09-16,02:50:00,3678.505,3679.835,3677.355,3679.115,0.1058
1757991300000,2025-09-16,02:55:00,3679.115,3680.135,3677.155,3677.525,0.1106
1757991600000,2025-09-16,03:00:00,3677.305,3678.555,3676.805,3678.175,0.0863
1757991900000,2025-09-16,03:05:00,3678.185,3678.885,3677.598,3678.415,0.0887
1757992200000,2025-09-16,03:10:00,3678.465,3680.405,3678.165,3680.335,0.1146
1757992500000,2025-09-16,03:15:00,3680.275,3681.525,3680.035,3680.665,0.101
1757992800000,2025-09-16,03:20:00,3680.645,3681.815,3680.505,3680.855,0.0756
1757993100000,2025-09-16,03:25:00,3680.855,3681.685,3680.575,3681.635,0.0507
1757993400000,2025-09-16,03:30:00,3681.675,3682.645,3681.048,3681.425,0.1466
1757993700000,2025-09-16,03:35:00,3681.405,3682.885,3680.995,3682.575,0.0864
1757994000000,2025-09-16,03:40:00,3682.595,3682.705,3680.485,3681.135,0.1337
1757994300000,2025-09-16,03:45:00,3681.155,3681.385,3680.398,3681.215,0.1225
1757994600000,2025-09-16,03:50:00,3681.235,3681.715,3680.825,3681.215,0.0497
1757994900000,2025-09-16,03:55:00,3681.185,3681.605,3680.345,3680.825,0.0397
1757995200000,2025-09-16,04:00:00,3680.955,3681.375,3680.475,3681.175,0.0414
1757995500000,2025-09-16,04:05:00,3681.155,3682.175,3681.105,3682.115,0.0322
1757995800000,2025-09-16,04:10:00,3682.105,3682.355,3681.398,3682.195,0.0839
1757996100000,2025-09-16,04:15:00,3682.215,3682.215,3681.335,3681.595,0.0317
1757996400000,2025-09-16,04:20:00,3681.585,3683.385,3681.535,3682.665,0.0373
1757996700000,2025-09-16,04:25:00,3682.665,3682.685,3681.675,3681.925,0.0287
1757997000000,2025-09-16,04:30:00,3681.905,3682.035,3681.005,3681.205,0.0166
1757997300000,2025-09-16,04:35:00,3681.225,3681.265,3679.995,3680.405,0.0461
1757997600000,2025-09-16,04:40:00,3680.425,3682.685,3679.995,3682.485,0.0332
1757997900000,2025-09-16,04:45:00,3682.465,3683.375,3682.045,3682.395,0.0374
1757998200000,2025-09-16,04:50:00,3682.365,3685.265,3682.175,3684.785,0.0523
1757998500000,2025-09-16,04:55:00,3684.785,3684.845,3683.735,3684.105,0.0758
1757998800000,2025-09-16,05:00:00,3684.045,3684.315,3682.515,3683.175,0.0786
1757999100000,2025-09-16,05:05:00,3683.065,3684.235,3682.685,3683.625,0.1749
1757999400000,2025-09-16,05:10:00,3683.635,3683.748,3682.945,3683.748,0.1009
1757999700000,2025-09-16,05:15:00,3683.748,3684.315,3683.155,3684.048,0.0711
1758000000000,2025-09-16,05:20:00,3684.148,3684.148,3683.055,3683.078,0.1424
1758000300000,2025-09-16,05:25:00,3683.248,3684.245,3683.078,3683.975,0.0812
1758000600000,2025-09-16,05:30:00,3683.915,3684.329,3682.515,3682.705,0.17
1758000900000,2025-09-16,05:35:00,3682.705,3683.585,3682.105,3682.535,0.087
1758001200000,2025-09-16,05:40:00,3682.498,3682.518,3681.158,3681.315,0.0633
1758001500000,2025-09-16,05:45:00,3681.275,3681.635,3680.035,3680.385,0.0642
1758001800000,2025-09-16,05:50:00,3680.355,3681.375,3680.038,3680.635,0.0638
1758002100000,2025-09-16,05:55:00,3680.615,3683.055,3680.485,3682.505,0.0524
1758002400000,2025-09-16,06:00:00,3682.525,3684.498,3682.475,3683.255,0.1257
1758002700000,2025-09-16,06:05:00,3683.255,3683.855,3681.398,3681.985,0.1128
1758003000000,2025-09-16,06:10:00,3681.945,3684.295,3681.865,3682.675,0.0735
1758003300000,2025-09-16,06:15:00,3682.685,3685.585,3682.375,3685.115,0.0963
1758003600000,2025-09-16,06:20:00,3685.095,3686.835,3684.885,3685.275,0.1322
1758003900000,2025-09-16,06:25:00,3685.275,3685.695,3684.585,3685.155,0.102
1758004200000,2025-09-16,06:30:00,3685.155,3686.155,3684.095,3686.155,0.1035
1758004500000,2025-09-16,06:35:00,3686.165,3688.215,3686.055,3687.675,0.1439
1758004800000,2025-09-16,06:40:00,3687.645,3689.765,3685.985,3689.765,0.1477
1758005100000,2025-09-16,06:45:00,3689.755,3692.485,3689.055,3690.465,0.1636
1758005400000,2025-09-16,06:50:00,3690.425,3691.645,3687.965,3691.525,0.1283
1758005700000,2025-09-16,06:55:00,3691.495,3694.015,3691.165,3693.235,0.1138
1758006000000,2025-09-16,07:00:00,3693.255,3693.875,3691.245,3693.015,0.1561
1758006300000,2025-09-16,07:05:00,3693.045,3693.955,3691.475,3691.735,0.1606
1758006600000,2025-09-16,07:10:00,3691.765,3692.615,3689.448,3692.425,0.2187
1758006900000,2025-09-16,07:15:00,3692.455,3693.095,3691.905,3692.825,0.1009
1758007200000,2025-09-16,07:20:00,3692.825,3693.225,3690.385,3691.105,0.1134
1758007500000,2025-09-16,07:25:00,3691.105,3691.945,3690.175,3691.655,0.0824
1758007800000,2025-09-16,07:30:00,3691.695,3692.325,3689.625,3689.825,0.1141
1758008100000,2025-09-16,07:35:00,3689.805,3689.865,3687.355,3688.175,0.1342
1758008400000,2025-09-16,07:40:00,3688.185,3688.315,3686.855,3687.945,0.1417
1758008700000,2025-09-16,07:45:00,3687.855,3689.198,3687.205,3687.845,0.1719
1758009000000,2025-09-16,07:50:00,3687.865,3688.455,3686.815,3688.145,0.189
1758009300000,2025-09-16,07:55:00,3688.125,3688.805,3686.125,3686.225,0.1333
1758009600000,2025-09-16,08:00:00,3686.225,3688.145,3685.935,3688.005,0.0811
1758009900000,2025-09-16,08:05:00,3687.985,3689.255,3687.285,3689.205,0.0951
1758010200000,2025-09-16,08:10:00,3689.185,3695.875,3688.785,3695.695,0.2018
1758010500000,2025-09-16,08:15:00,3695.665,3697.035,3693.675,3695.285,0.2384
1758010800000,2025-09-16,08:20:00,3695.065,3695.785,3694.195,3694.375,0.1179
1758011100000,2025-09-16,08:25:00,3694.365,3695.075,3693.665,3694.505,0.1019
1758011400000,2025-09-16,08:30:00,3694.475,3694.495,3691.555,3692.185,0.0711
1758011700000,2025-09-16,08:35:00,3692.145,3693.835,3691.595,3693.635,0.0936
1758012000000,2025-09-16,08:40:00,3693.605,3695.328,3693.525,3695.095,0.0978
1758012300000,2025-09-16,08:45:00,3695.095,3695.865,3693.625,3694.785,0.0829
1758012600000,2025-09-16,08:50:00,3694.815,3695.895,3694.505,3694.725,0.0522
1758012900000,2025-09-16,08:55:00,3694.725,3695.755,3693.885,3694.115,0.0726
1758013200000,2025-09-16,09:00:00,3694.135,3694.775,3693.205,3693.465,0.074
1758013500000,2025-09-16,09:05:00,3693.465,3694.805,3692.815,3694.245,0.0944
1758013800000,2025-09-16,09:10:00,3694.275,3695.555,3693.975,3694.875,0.1044
1758014100000,2025-09-16,09:15:00,3694.875,3695.815,3694.065,3694.895,0.1062
1758014400000,2025-09-16,09:20:00,3694.925,3697.555,3694.925,3696.955,0.1372
1758014700000,2025-09-16,09:25:00,3696.955,3697.805,3694.885,3695.015,0.1417
1758015000000,2025-09-16,09:30:00,3694.955,3696.975,3694.425,3695.085,0.1245
1758015300000,2025-09-16,09:35:00,3695.075,3696.715,3694.785,3696.665,0.0507
1758015600000,2025-09-16,09:40:00,3696.635,3696.955,3695.715,3696.285,0.0595
1758015900000,2025-09-16,09:45:00,3696.108,3697.115,3695.995,3696.565,0.0727
1758016200000,2025-09-16,09:50:00,3696.605,3698.765,3696.485,3697.915,0.1374
1758016500000,2025-09-16,09:55:00,3697.915,3698.555,3697.305,3698.105,0.1124
1758016800000,2025-09-16,10:00:00,3698.075,3698.585,3696.435,3696.555,0.0805
1758017100000,2025-09-16,10:05:00,3696.535,3697.675,3696.265,3697.125,0.0616
1758017400000,2025-09-16,10:10:00,3697.115,3697.225,3695.745,3696.385,0.0658
1758017700000,2025-09-16,10:15:00,3696.375,3696.995,3696.105,3696.365,0.0447
1758018000000,2025-09-16,10:20:00,3696.315,3696.635,3695.815,3696.098,0.1008
1758018300000,2025-09-16,10:25:00,3696.125,3697.605,3696.105,3697.148,0.0745
1758018600000,2025-09-16,10:30:00,3697.158,3697.415,3696.155,3696.435,0.0557
1758018900000,2025-09-16,10:35:00,3696.465,3696.535,3694.545,3694.925,0.1198
1758019200000,2025-09-16,10:40:00,3694.915,3696.375,3693.455,3694.135,0.1485
1758019500000,2025-09-16,10:45:00,3694.115,3695.405,3693.535,3694.958,0.1967
1758019800000,2025-09-16,10:50:00,3695.015,3695.495,3692.785,3693.375,0.1725
1758020100000,2025-09-16,10:55:00,3693.395,3693.715,3692.488,3692.938,0.1627
1758020400000,2025-09-16,11:00:00,3692.938,3694.548,3692.098,3692.358,0.1575
1758020700000,2025-09-16,11:05:00,3692.358,3693.255,3691.098,3693.205,0.1137
1758021000000,2025-09-16,11:10:00,3693.225,3693.448,3692.048,3692.498,0.1465
1758021300000,2025-09-16,11:15:00,3692.498,3692.598,3690.285,3691.425,0.1174
1758021600000,2025-09-16,11:20:00,3691.405,3691.545,3690.305,3690.845,0.0656
1758021900000,2025-09-16,11:25:00,3690.865,3692.705,3690.865,3692.438,0.1372
1758022200000,2025-09-16,11:30:00,3692.438,3693.125,3691.865,3692.895,0.1297
1758022500000,2025-09-16,11:35:00,3692.875,3695.105,3692.675,3694.465,0.1683
1758022800000,2025-09-16,11:40:00,3694.435,3696.495,3693.595,3696.355,0.1606
1758023100000,2025-09-16,11:45:00,3696.355,3697.675,3695.455,3697.615,0.1314
1758023400000,2025-09-16,11:50:00,3697.615,3699.365,3697.375,3698.155,0.2408
1758023700000,2025-09-16,11:55:00,3698.125,3698.395,3696.555,3697.015,0.2119
1758024000000,2025-09-16,12:00:00,3697.085,3697.265,3695.195,3695.685,0.2156
1758024300000,2025-09-16,12:05:00,3695.625,3696.795,3694.605,3695.715,0.2833
1758024600000,2025-09-16,12:10:00,3695.785,3696.075,3693.565,3694.135,0.2913
1758024900000,2025-09-16,12:15:00,3694.155,3695.925,3692.605,3695.058,0.2399
1758025200000,2025-09-16,12:20:00,3695.058,3695.315,3691.955,3693.595,0.349
1758025500000,2025-09-16,12:25:00,3693.515,3693.775,3690.625,3690.625,0.1399
1758025800000,2025-09-16,12:30:00,3690.675,3691.648,3686.725,3691.278,0.2233
1758026100000,2025-09-16,12:35:00,3691.398,3692.848,3688.005,3688.538,1.0734
1758026400000,2025-09-16,12:40:00,3688.538,3689.645,3686.188,3689.145,0.258
1758026700000,2025-09-16,12:45:00,3689.165,3690.175,3687.925,3689.198,0.1634
1758027000000,2025-09-16,12:50:00,3689.098,3690.405,3687.935,3688.605,0.159
1758027300000,2025-09-16,12:55:00,3688.575,3689.648,3687.595,3689.055,0.1474
1758027600000,2025-09-16,13:00:00,3688.825,3689.105,3685.325,3686.555,0.1871
1758027900000,2025-09-16,13:05:00,3686.545,3687.665,3685.325,3686.365,0.1842
1758028200000,2025-09-16,13:10:00,3686.375,3688.235,3685.275,3687.368,0.1377
1758028500000,2025-09-16,13:15:00,3687.398,3688.069,3684.965,3686.695,0.2196
1758028800000,2025-09-16,13:20:00,3686.695,3692.025,3686.185,3691.205,0.2706
1758029100000,2025-09-16,13:25:00,3691.165,3694.275,3690.855,3694.105,0.2068
1758029400000,2025-09-16,13:30:00,3694.235,3695.505,3691.855,3695.485,0.3241
1758029700000,2025-09-16,13:35:00,3695.535,3698.285,3694.905,3698.215,0.3687
1758030000000,2025-09-16,13:40:00,3698.055,3698.315,3692.165,3692.935,0.3271
1758030300000,2025-09-16,13:45:00,3693.035,3697.275,3693.025,3695.675,0.2942
1758030600000,2025-09-16,13:50:00,3695.605,3698.315,3695.515,3697.675,0.2408
1758030900000,2025-09-16,13:55:00,3697.765,3697.815,3695.105,3695.485,0.2484
1758031200000,2025-09-16,14:00:00,3695.455,3697.195,3694.205,3695.335,0.2728
1758031500000,2025-09-16,14:05:00,3695.365,3697.305,3693.525,3696.845,0.2605
1758031800000,2025-09-16,14:10:00,3696.815,3699.295,3696.455,3699.255,0.2381
1758032100000,2025-09-16,14:15:00,3699.255,3702.828,3698.025,3701.698,0.4504
1758032400000,2025-09-16,14:20:00,3701.779,3701.779,3698.258,3699.955,0.6908
1758032700000,2025-09-16,14:25:00,3699.955,3700.135,3691.649,3692.585,0.9119
1758033000000,2025-09-16,14:30:00,3692.535,3694.675,3688.665,3690.705,0.8132
1758033300000,2025-09-16,14:35:00,3690.815,3695.708,3690.605,3694.195,0.7659
1758033600000,2025-09-16,14:40:00,3694.195,3694.745,3689.005,3689.205,1.0695
1758033900000,2025-09-16,14:45:00,3689.145,3690.845,3687.575,3689.515,0.9604
1758034200000,2025-09-16,14:50:00,3689.405,3689.715,3686,3688.705,0.6398
1758034500000,2025-09-16,14:55:00,3688.675,3688.715,3685.475,3686.015,0.5076
1758034800000,2025-09-16,15:00:00,3686.075,3687.685,3685.018,3685.395,0.6158
1758035100000,2025-09-16,15:05:00,3685.445,3685.445,3679.819,3680.245,0.8886
1758035400000,2025-09-16,15:10:00,3680.245,3684.348,3680.235,3684.048,0.46
1758035700000,2025-09-16,15:15:00,3683.965,3686.058,3683.245,3685.645,0.3427
1758036000000,2025-09-16,15:20:00,3685.548,3688.698,3683.745,3684.205,0.4298
1758036300000,2025-09-16,15:25:00,3684.135,3685.355,3681.495,3681.915,0.2538
1758036600000,2025-09-16,15:30:00,3681.895,3682.455,3679.455,3679.658,0.3219
1758036900000,2025-09-16,15:35:00,3679.515,3681.748,3678.625,3681.748,0.2604
1758037200000,2025-09-16,15:40:00,3681.748,3681.748,3678.845,3680.145,0.2607
1758037500000,2025-09-16,15:45:00,3680.155,3684.675,3679.995,3684.275,0.208
1758037800000,2025-09-16,15:50:00,3684.245,3685.985,3683.485,3685.395,0.1752
1758038100000,2025-09-16,15:55:00,3685.395,3686.845,3685.155,3686.085,0.1679
1758038400000,2025-09-16,16:00:00,3686.065,3687.495,3685.665,3686.875,0.1406
1758038700000,2025-09-16,16:05:00,3686.845,3686.895,3684.485,3685.045,0.1719
1758039000000,2025-09-16,16:10:00,3684.895,3687.695,3684.745,3687.075,0.1583
1758039300000,2025-09-16,16:15:00,3687.075,3688.805,3686.425,3688.715,0.1179
1758039600000,2025-09-16,16:20:00,3688.675,3689.275,3687.985,3688.305,0.0871
1758039900000,2025-09-16,16:25:00,3688.275,3689.825,3688.275,3688.945,0.1454
1758040200000,2025-09-16,16:30:00,3688.865,3690.185,3688.545,3689.645,0.1638
1758040500000,2025-09-16,16:35:00,3689.645,3691.045,3687.895,3688.305,0.1345
1758040800000,2025-09-16,16:40:00,3688.275,3688.385,3686.085,3686.425,0.1174
1758041100000,2025-09-16,16:45:00,3686.455,3690.275,3686.455,3689.285,0.2743
1758041400000,2025-09-16,16:50:00,3689.265,3690.775,3689.135,3689.975,0.1529
1758041700000,2025-09-16,16:55:00,3690.035,3690.955,3689.635,3689.635,0.2249
1758042000000,2025-09-16,17:00:00,3689.585,3690.795,3689.485,3689.805,0.0998
1758042300000,2025-09-16,17:05:00,3689.905,3689.925,3687.495,3687.875,0.1208
1758042600000,2025-09-16,17:10:00,3687.915,3688.075,3686.685,3687.975,0.213
1758042900000,2025-09-16,17:15:00,3687.955,3688.585,3687.039,3688.555,0.1872
1758043200000,2025-09-16,17:20:00,3688.535,3688.948,3687.569,3687.668,0.3296
1758043500000,2025-09-16,17:25:00,3687.678,3688.539,3686.809,3688.149,0.3162
1758043800000,2025-09-16,17:30:00,3688.335,3689.005,3687.205,3687.348,0.229
1758044100000,2025-09-16,17:35:00,3687.348,3688.285,3686.445,3687.068,0.1174
1758044400000,2025-09-16,17:40:00,3687.098,3687.798,3685.995,3686.785,0.189
1758044700000,2025-09-16,17:45:00,3686.755,3688.898,3686.755,3688.628,0.1504
1758045000000,2025-09-16,17:50:00,3688.608,3688.718,3686.925,3687.175,0.1085
1758045300000,2025-09-16,17:55:00,3687.195,3687.675,3686.745,3687.475,0.0491
1758045600000,2025-09-16,18:00:00,3687.505,3687.505,3686.285,3686.925,0.057
1758045900000,2025-09-16,18:05:00,3686.895,3688.175,3686.565,3687.615,0.0607
1758046200000,2025-09-16,18:10:00,3687.598,3688.505,3687.415,3688.245,0.048
1758046500000,2025-09-16,18:15:00,3688.225,3688.445,3687.345,3687.675,0.077
1758046800000,2025-09-16,18:20:00,3687.695,3688.688,3687.435,3687.875,0.2138
1758047100000,2025-09-16,18:25:00,3687.865,3689.075,3687.175,3688.725,0.0631
1758047400000,2025-09-16,18:30:00,3688.705,3689.255,3688.418,3688.605,0.0537
1758047700000,2025-09-16,18:35:00,3688.585,3688.895,3688.195,3688.815,0.0399
1758048000000,2025-09-16,18:40:00,3688.845,3688.885,3688.275,3688.745,0.0265
1758048300000,2025-09-16,18:45:00,3688.705,3689.565,3688.405,3689.459,0.0436
1758048600000,2025-09-16,18:50:00,3689.455,3690.588,3689.245,3690.145,0.0644
1758048900000,2025-09-16,18:55:00,3690.215,3690.705,3690.045,3690.435,0.0395
1758049200000,2025-09-16,19:00:00,3690.405,3690.405,3688.825,3689.035,0.0547
1758049500000,2025-09-16,19:05:00,3689.065,3690.475,3689.015,3690.215,0.1805
1758049800000,2025-09-16,19:10:00,3690.205,3690.855,3689.955,3690.835,0.2677
1758050100000,2025-09-16,19:15:00,3690.845,3690.945,3690.105,3690.435,0.1904
1758050400000,2025-09-16,19:20:00,3690.365,3690.435,3689.575,3689.935,0.1672
1758050700000,2025-09-16,19:25:00,3689.935,3690.075,3688.655,3688.655,0.1285
1758051000000,2025-09-16,19:30:00,3688.525,3689.335,3688.215,3688.745,0.1633
1758051300000,2025-09-16,19:35:00,3688.745,3689.005,3688.235,3688.235,0.1146
1758051600000,2025-09-16,19:40:00,3688.235,3689.205,3687.585,3689.098,0.0826
1758051900000,2025-09-16,19:45:00,3689.115,3690.475,3689.098,3690.025,0.0594
1758052200000,2025-09-16,19:50:00,3690.045,3690.615,3689.435,3690.155,0.089
1758052500000,2025-09-16,19:55:00,3690.048,3690.525,3689.005,3689.425,0.1932
1758052800000,2025-09-16,20:00:00,3689.385,3690.385,3689.325,3690.305,0.0274
1758053100000,2025-09-16,20:05:00,3690.275,3691.765,3690.045,3691.735,0.0227
1758053400000,2025-09-16,20:10:00,3691.695,3692.455,3691.635,3692.415,0.0303
1758053700000,2025-09-16,20:15:00,3692.445,3692.865,3692.225,3692.695,0.0204
1758054000000,2025-09-16,20:20:00,3692.665,3692.925,3692.145,3692.695,0.0444
1758054300000,2025-09-16,20:25:00,3692.675,3693.515,3692.545,3693.355,0.03
1758054600000,2025-09-16,20:30:00,3693.375,3693.625,3693.145,3693.205,0.0169
1758054900000,2025-09-16,20:35:00,3693.195,3693.235,3692.225,3692.445,0.1686
1758055200000,2025-09-16,20:40:00,3692.505,3693.245,3692.425,3692.535,0.0938
1758055500000,2025-09-16,20:45:00,3692.475,3692.475,3691.365,3692.145,0.0628
1758055800000,2025-09-16,20:50:00,3692.185,3692.185,3690.035,3690.065,0.0342
1758056100000,2025-09-16,20:55:00,3690.085,3690.355,3689.195,3689.365,0.0335
1758060000000,2025-09-16,22:00:00,3689.098,3691.245,3688.755,3691.245,0.036
1758060300000,2025-09-16,22:05:00,3691.185,3691.205,3690.165,3690.305,0.0103
1758060600000,2025-09-16,22:10:00,3690.275,3691.205,3689.695,3691.165,0.0129
1758060900000,2025-09-16,22:15:00,3691.185,3691.395,3690.905,3691.298,0.0143
1758061200000,2025-09-16,22:20:00,3691.198,3691.235,3690.478,3690.945,0.0323
1758061500000,2025-09-16,22:25:00,3690.905,3690.965,3690.445,3690.755,0.0101
1758061800000,2025-09-16,22:30:00,3690.715,3692.415,3690.665,3691.945,0.025
1758062100000,2025-09-16,22:35:00,3691.905,3692.115,3691.595,3691.955,0.0157
1758062400000,2025-09-16,22:40:00,3691.948,3692.578,3691.848,3692.455,0.0198
1758062700000,2025-09-16,22:45:00,3692.485,3692.575,3691.945,3691.945,0.0332
1758063000000,2025-09-16,22:50:00,3691.915,3692.235,3690.895,3692.235,0.0277
1758063300000,2025-09-16,22:55:00,3692.195,3692.195,3691.035,3691.398,0.064
1758063600000,2025-09-16,23:00:00,3691.438,3692.998,3691.178,3692.898,0.0727
1758063900000,2025-09-16,23:05:00,3692.898,3694.098,3692.298,3694.098,0.0367
1758064200000,2025-09-16,23:10:00,3694.198,3694.595,3693.778,3693.798,0.0349
1758064500000,2025-09-16,23:15:00,3693.798,3694.585,3693.345,3693.625,0.0411
1758064800000,2025-09-16,23:20:00,3693.705,3694.315,3693.198,3694.295,0.0383
1758065100000,2025-09-16,23:25:00,3694.225,3694.515,3694.085,3694.285,0.0136
1758065400000,2025-09-16,23:30:00,3694.315,3694.495,3693.885,3694.295,0.0131
1758065700000,2025-09-16,23:35:00,3694.275,3694.465,3693.698,3693.995,0.0132
1758066000000,2025-09-16,23:40:00,3693.945,3694.115,3693.085,3693.085,0.0132
1758066300000,2025-09-16,23:45:00,3693.045,3693.765,3692.515,3692.665,0.0331
1758066600000,2025-09-16,23:50:00,3692.645,3694.715,3692.595,3694.565,0.0491
1758066900000,2025-09-16,23:55:00,3694.595,3695.055,3694.035,3694.085,0.0494
1758067200000,2025-09-17,00:00:00,3694.065,3695.085,3692.925,3693.095,0.113
1758067500000,2025-09-17,00:05:00,3693.095,3695.075,3692.195,3694.655,0.0612
1758067800000,2025-09-17,00:10:00,3694.615,3695.185,3694.015,3694.875,0.0466
1758068100000,2025-09-17,00:15:00,3694.895,3694.975,3694.135,3694.465,0.0335
1758068400000,2025-09-17,00:20:00,3694.465,3694.595,3693.145,3693.385,0.0512
1758068700000,2025-09-17,00:25:00,3693.455,3693.605,3692.295,3693.515,0.0532
1758069000000,2025-09-17,00:30:00,3693.465,3693.585,3692.675,3692.835,0.0681
1758069300000,2025-09-17,00:35:00,3692.875,3693.505,3692.845,3692.845,0.0729
1758069600000,2025-09-17,00:40:00,3692.865,3693.835,3692.515,3692.555,0.1423
1758069900000,2025-09-17,00:45:00,3692.525,3692.525,3691.565,3692.185,0.1316
1758070200000,2025-09-17,00:50:00,3692.135,3692.255,3690.865,3691.295,0.2081
1758070500000,2025-09-17,00:55:00,3691.369,3692.265,3690.885,3690.965,0.0734
1758070800000,2025-09-17,01:00:00,3690.945,3691.615,3689.878,3690.565,0.483
1758071100000,2025-09-17,01:05:00,3690.545,3691.735,3690.275,3691.375,0.4206
1758071400000,2025-09-17,01:10:00,3691.355,3691.695,3689.615,3690.698,0.3583
1758071700000,2025-09-17,01:15:00,3690.725,3690.805,3689.475,3689.998,0.3246
1758072000000,2025-09-17,01:20:00,3690.198,3690.848,3687.898,3688.105,0.3853
1758072300000,2025-09-17,01:25:00,3688.115,3689.285,3685.585,3685.648,0.6611
1758072600000,2025-09-17,01:30:00,3685.548,3685.748,3680.345,3681.265,0.4343
1758072900000,2025-09-17,01:35:00,3681.235,3682.285,3676.155,3680.765,0.7324
1758073200000,2025-09-17,01:40:00,3680.735,3682.248,3676.395,3677.398,0.4545
1758073500000,2025-09-17,01:45:00,3677.398,3680.145,3676.495,3676.495,0.482
1758073800000,2025-09-17,01:50:00,3676.455,3679.545,3676,3679.245,0.2521
1758074100000,2025-09-17,01:55:00,3679.305,3680.835,3678.485,3679.118,0.174
1758074400000,2025-09-17,02:00:00,3679.265,3679.785,3676.935,3678.255,0.5914
1758074700000,2025-09-17,02:05:00,3678.265,3678.275,3676.605,3677.298,0.7155
1758075000000,2025-09-17,02:10:00,3677.398,3681.265,3675.785,3680.898,0.3438
1758075300000,2025-09-17,02:15:00,3680.915,3681.415,3679.505,3679.815,0.2368
1758075600000,2025-09-17,02:20:00,3679.835,3679.995,3677.815,3677.995,0.122
1758075900000,2025-09-17,02:25:00,3678.025,3678.865,3677.205,3677.205,0.1589
1758076200000,2025-09-17,02:30:00,3677.225,3678.015,3675.915,3677.025,0.2496
1758076500000,2025-09-17,02:35:00,3677.055,3678.145,3674.208,3677.365,0.2909
1758076800000,2025-09-17,02:40:00,3677.335,3681.115,3677.155,3680.815,0.1217
1758077100000,2025-09-17,02:45:00,3680.815,3683.035,3680.275,3682.895,0.1174
1758077400000,2025-09-17,02:50:00,3682.875,3683.685,3682.085,3683.055,0.0974
1758077700000,2025-09-17,02:55:00,3683.035,3683.205,3681.415,3681.965,0.0909
1758078000000,2025-09-17,03:00:00,3681.975,3682.875,3681.235,3681.335,0.0712
1758078300000,2025-09-17,03:05:00,3681.315,3681.855,3679.625,3680.285,0.0736
1758078600000,2025-09-17,03:10:00,3680.325,3681.795,3680.285,3681.515,0.0542
1758078900000,2025-09-17,03:15:00,3681.555,3682.935,3681.048,3681.845,0.1017
1758079200000,2025-09-17,03:20:00,3681.875,3683.265,3681.565,3681.695,0.2092
1758079500000,2025-09-17,03:25:00,3681.695,3681.965,3680.498,3680.798,0.2698
1758079800000,2025-09-17,03:30:00,3680.885,3682.045,3680.695,3682.005,0.0652
1758080100000,2025-09-17,03:35:00,3682.035,3682.115,3681.135,3681.615,0.0317
1758080400000,2025-09-17,03:40:00,3681.595,3682.125,3681.325,3681.995,0.0219
1758080700000,2025-09-17,03:45:00,3681.965,3682.315,3681.715,3681.755,0.022
1758081000000,2025-09-17,03:50:00,3681.785,3681.835,3680.545,3681.045,0.0344
1758081300000,2025-09-17,03:55:00,3681.095,3682.085,3680.795,3681.515,0.0224
1758081600000,2025-09-17,04:00:00,3681.535,3682.335,3681.015,3682.115,0.0243
1758081900000,2025-09-17,04:05:00,3682.115,3682.115,3681.335,3681.885,0.0229
1758082200000,2025-09-17,04:10:00,3681.875,3682.225,3681.545,3681.875,0.0167
1758082500000,2025-09-17,04:15:00,3681.925,3682.215,3681.385,3681.855,0.0229
1758082800000,2025-09-17,04:20:00,3681.825,3681.825,3680.805,3681.075,0.02
1758083100000,2025-09-17,04:25:00,3681.115,3681.505,3680.785,3680.915,0.0173
1758083400000,2025-09-17,04:30:00,3680.895,3681.175,3680.485,3681.015,0.0188
1758083700000,2025-09-17,04:35:00,3681.055,3681.845,3680.775,3681.325,0.0164
1758084000000,2025-09-17,04:40:00,3681.305,3681.385,3680.835,3681.375,0.0216
1758084300000,2025-09-17,04:45:00,3681.395,3681.635,3680.915,3681.505,0.0278
1758084600000,2025-09-17,04:50:00,3681.505,3681.535,3680.715,3680.975,0.0278
1758084900000,2025-09-17,04:55:00,3680.945,3681.325,3680.245,3680.525,0.0409
1758085200000,2025-09-17,05:00:00,3680.545,3684.765,3680.475,3684.765,0.0633
1758085500000,2025-09-17,05:05:00,3684.785,3685.705,3683.645,3684.725,0.0636
1758085800000,2025-09-17,05:10:00,3684.695,3684.815,3682.295,3683.285,0.0836
1758086100000,2025-09-17,05:15:00,3683.245,3683.805,3682.018,3682.145,0.1156
1758086400000,2025-09-17,05:20:00,3682.205,3682.225,3679.025,3679.055,0.1493
1758086700000,2025-09-17,05:25:00,3678.995,3680.498,3678.865,3680.405,0.2413
1758087000000,2025-09-17,05:30:00,3680.415,3681.598,3678.145,3678.798,0.3418
1758087300000,2025-09-17,05:35:00,3678.798,3678.835,3677.398,3677.448,0.1722
1758087600000,2025-09-17,05:40:00,3677.348,3678.548,3675.585,3678.505,0.136
1758087900000,2025-09-17,05:45:00,3678.485,3679.555,3677.618,3677.655,0.1787
1758088200000,2025-09-17,05:50:00,3677.665,3678.415,3677.085,3678.185,0.0705
1758088500000,2025-09-17,05:55:00,3678.248,3679.048,3677.898,3678.975,0.125
1758088800000,2025-09-17,06:00:00,3678.965,3679.835,3677.075,3677.955,0.0917
1758089100000,2025-09-17,06:05:00,3678.225,3678.715,3676.205,3676.565,0.087
1758089400000,2025-09-17,06:10:00,3676.585,3676.645,3674.548,3675.655,0.1074
1758089700000,2025-09-17,06:15:00,3675.695,3678.195,3675.415,3678.065,0.0721
1758090000000,2025-09-17,06:20:00,3677.965,3678.865,3677.325,3677.685,0.0585
1758090300000,2025-09-17,06:25:00,3677.645,3677.685,3675.055,3675.695,0.0817
1758090600000,2025-09-17,06:30:00,3675.645,3676.615,3673.795,3675.248,0.0922
1758090900000,2025-09-17,06:35:00,3675.175,3675.948,3673.595,3673.658,0.1441
1758091200000,2025-09-17,06:40:00,3673.658,3673.995,3670.265,3671.215,0.23
1758091500000,2025-09-17,06:45:00,3671.255,3674.005,3670.735,3671.735,0.1535
1758091800000,2025-09-17,06:50:00,3671.695,3676.425,3671.655,3676.375,0.1098
1758092100000,2025-09-17,06:55:00,3676.395,3676.475,3674.065,3674.895,0.0861
1758092400000,2025-09-17,07:00:00,3674.855,3677.175,3670.085,3672.795,0.5428
1758092700000,2025-09-17,07:05:00,3672.815,3675.145,3672.015,3674.825,0.4312
1758093000000,2025-09-17,07:10:00,3674.725,3674.995,3670.945,3671.035,0.1199
1758093300000,2025-09-17,07:15:00,3670.965,3671.245,3669.195,3669.325,2.036
1758093600000,2025-09-17,07:20:00,3669.295,3671.325,3669.295,3670.818,0.7481
1758093900000,2025-09-17,07:25:00,3670.835,3671.125,3666.498,3667.215,0.599
1758094200000,2025-09-17,07:30:00,3667.215,3670.135,3666.435,3670.135,0.1748
1758094500000,2025-09-17,07:35:00,3670.045,3671.225,3669.535,3669.995,0.0853
1758094800000,2025-09-17,07:40:00,3670.015,3670.705,3667.909,3670.355,0.0984
1758095100000,2025-09-17,07:45:00,3670.335,3670.845,3668.565,3668.848,0.0601
1758095400000,2025-09-17,07:50:00,3668.835,3668.925,3667.585,3667.838,0.0642
1758095700000,2025-09-17,07:55:00,3667.845,3668.165,3666.515,3666.785,0.0909
1758096000000,2025-09-17,08:00:00,3666.758,3666.994,3664.218,3665.525,0.1051
1758096300000,2025-09-17,08:05:00,3665.465,3666.935,3665.315,3666.495,0.0781
1758096600000,2025-09-17,08:10:00,3666.465,3666.475,3664.805,3664.975,0.0737
1758096900000,2025-09-17,08:15:00,3665.045,3666.115,3663.315,3665.925,0.1148
1758097200000,2025-09-17,08:20:00,3665.955,3666.075,3663.195,3664.145,0.0881
1758097500000,2025-09-17,08:25:00,3664.075,3666.865,3663.835,3666.735,0.0647
1758097800000,2025-09-17,08:30:00,3666.715,3667.765,3665.495,3666.455,0.0795
1758098100000,2025-09-17,08:35:00,3666.485,3666.815,3662.755,3663.748,0.1114
1758098400000,2025-09-17,08:40:00,3663.748,3664.965,3662.245,3663.895,0.1022
1758098700000,2025-09-17,08:45:00,3663.935,3666.605,3663.645,3665.655,0.0876
1758099000000,2025-09-17,08:50:00,3665.605,3665.945,3664.655,3665.025,0.0639
1758099300000,2025-09-17,08:55:00,3664.995,3665.365,3663.475,3664.705,0.0936
1758099600000,2025-09-17,09:00:00,3664.685,3665.565,3663.735,3664.055,0.0693
1758099900000,2025-09-17,09:05:00,3664.075,3666.105,3663.965,3665.035,0.0894
1758100200000,2025-09-17,09:10:00,3665.065,3668.685,3665.065,3668.175,0.1457
1758100500000,2025-09-17,09:15:00,3668.165,3670.095,3667.995,3669.485,0.0663
1758100800000,2025-09-17,09:20:00,3669.515,3670.845,3668.325,3669.265,0.1175
1758101100000,2025-09-17,09:25:00,3669.265,3670.025,3668.395,3668.415,0.0876
1758101400000,2025-09-17,09:30:00,3668.375,3669.895,3666.945,3667.595,0.1064
1758101700000,2025-09-17,09:35:00,3667.565,3668.495,3667.165,3668.065,0.0469
1758102000000,2025-09-17,09:40:00,3668.085,3668.315,3667.205,3667.895,0.0437
1758102300000,2025-09-17,09:45:00,3667.865,3669.335,3667.865,3669.065,0.0798
1758102600000,2025-09-17,09:50:00,3669.015,3669.105,3667.855,3668.725,0.0933
1758102900000,2025-09-17,09:55:00,3668.705,3669.085,3667.225,3667.665,0.0968
1758103200000,2025-09-17,10:00:00,3667.665,3669.595,3667.055,3668.225,0.1351
1758103500000,2025-09-17,10:05:00,3668.255,3668.255,3663.815,3663.815,0.1412
1758103800000,2025-09-17,10:10:00,3663.845,3665.035,3660.525,3665.035,0.2677
1758104100000,2025-09-17,10:15:00,3665.035,3667.605,3664.748,3667.325,0.1866
1758104400000,2025-09-17,10:20:00,3667.345,3667.885,3664.798,3666.845,0.1749
1758104700000,2025-09-17,10:25:00,3666.825,3666.975,3665.578,3666.805,0.0542
1758105000000,2025-09-17,10:30:00,3666.785,3666.785,3664.255,3664.875,0.0776
1758105300000,2025-09-17,10:35:00,3664.875,3666.335,3664.535,3665.425,0.072
1758105600000,2025-09-17,10:40:00,3665.395,3666.465,3664.995,3666.145,0.0453
1758105900000,2025-09-17,10:45:00,3666.175,3667.075,3662.615,3662.695,0.0875
1758106200000,2025-09-17,10:50:00,3662.555,3663.435,3660.045,3661.705,0.2502
1758106500000,2025-09-17,10:55:00,3661.685,3662.205,3660.445,3661.275,0.1683
1758106800000,2025-09-17,11:00:00,3661.245,3661.705,3659.815,3661.685,0.118
1758107100000,2025-09-17,11:05:00,3661.535,3663.145,3660.515,3662.745,0.1078
1758107400000,2025-09-17,11:10:00,3662.715,3665.015,3661.965,3662.835,0.11
1758107700000,2025-09-17,11:15:00,3662.825,3664.205,3662.275,3663.695,0.1145
1758108000000,2025-09-17,11:20:00,3663.715,3667.945,3663.475,3667.555,0.1493
1758108300000,2025-09-17,11:25:00,3667.525,3667.975,3665.825,3667.895,0.1482
1758108600000,2025-09-17,11:30:00,3667.915,3668.435,3666.695,3667.525,0.1171
1758108900000,2025-09-17,11:35:00,3667.555,3668.045,3666.215,3666.425,0.0837
1758109200000,2025-09-17,11:40:00,3666.445,3668.395,3665.528,3667.755,0.0965
1758109500000,2025-09-17,11:45:00,3667.765,3669.705,3667.225,3668.465,0.094
1758109800000,2025-09-17,11:50:00,3668.305,3668.975,3665.195,3665.345,0.1443
1758110100000,2025-09-17,11:55:00,3665.625,3666.045,3664.248,3665.785,0.1119
1758110400000,2025-09-17,12:00:00,3665.835,3669.195,3665.445,3668.558,0.1264
1758110700000,2025-09-17,12:05:00,3668.575,3670.645,3667.675,3670.235,0.1269
1758111000000,2025-09-17,12:10:00,3670.235,3671.465,3668.865,3669.285,0.1556
1758111300000,2025-09-17,12:15:00,3669.195,3671.415,3669.115,3671.105,0.1343
1758111600000,2025-09-17,12:20:00,3671.325,3671.745,3670.068,3671.108,0.1564
1758111900000,2025-09-17,12:25:00,3671.108,3671.165,3670.075,3670.218,0.1153
1758112200000,2025-09-17,12:30:00,3670.185,3672.005,3669.705,3670.975,0.0983
1758112500000,2025-09-17,12:35:00,3671.008,3673.955,3670.815,3673.675,0.1095
1758112800000,2025-09-17,12:40:00,3673.635,3674.965,3672.505,3674.365,0.1213
1758113100000,2025-09-17,12:45:00,3674.375,3677.305,3674.135,3676.695,0.103
1758113400000,2025-09-17,12:50:00,3676.715,3678.375,3675.435,3678.005,0.1308
1758113700000,2025-09-17,12:55:00,3678.008,3679.215,3677.795,3678.555,0.1538
1758114000000,2025-09-17,13:00:00,3678.595,3679.265,3675.065,3675.625,0.2656
1758114300000,2025-09-17,13:05:00,3675.625,3677.155,3672.455,3676.245,0.2636
1758114600000,2025-09-17,13:10:00,3676.245,3678.725,3676.085,3678.285,0.1647
1758114900000,2025-09-17,13:15:00,3678.365,3679.085,3675.595,3676.265,0.1297
1758115200000,2025-09-17,13:20:00,3676.295,3676.785,3673.845,3675.055,0.133
1758115500000,2025-09-17,13:25:00,3675.075,3676.698,3673.698,3676.498,0.1855
1758115800000,2025-09-17,13:30:00,3676.498,3680.275,3676.098,3679.948,0.3989
1758116100000,2025-09-17,13:35:00,3679.865,3682.315,3679.205,3679.545,0.3425
1758116400000,2025-09-17,13:40:00,3679.545,3680.545,3677.855,3678.965,0.2476
1758116700000,2025-09-17,13:45:00,3678.995,3679.325,3676.545,3679.325,0.2226
1758117000000,2025-09-17,13:50:00,3679.325,3679.725,3676.005,3677.185,0.4537
1758117300000,2025-09-17,13:55:00,3677.225,3678.915,3676.365,3678.575,0.2629
1758117600000,2025-09-17,14:00:00,3678.615,3680.805,3676.585,3679.315,0.2352
1758117900000,2025-09-17,14:05:00,3679.335,3681.325,3678.065,3680.815,0.216
1758118200000,2025-09-17,14:10:00,3680.885,3684.065,3680.455,3683.795,0.1699
1758118500000,2025-09-17,14:15:00,3683.835,3684.945,3682.465,3682.715,0.1829
1758118800000,2025-09-17,14:20:00,3682.685,3683.555,3681.665,3683.355,0.2017
1758119100000,2025-09-17,14:25:00,3683.425,3683.445,3681.645,3682.785,0.1148
1758119400000,2025-09-17,14:30:00,3682.855,3685.095,3682.825,3683.115,0.1937
1758119700000,2025-09-17,14:35:00,3683.135,3685.015,3682.558,3684.895,0.1597
1758120000000,2025-09-17,14:40:00,3684.875,3685.475,3683.405,3685.245,0.1808
1758120300000,2025-09-17,14:45:00,3685.245,3685.885,3684.415,3685.098,0.186
1758120600000,2025-09-17,14:50:00,3685.118,3685.138,3682.398,3682.518,0.2003
1758120900000,2025-09-17,14:55:00,3682.518,3684.215,3682.285,3684.125,0.1853
1758121200000,2025-09-17,15:00:00,3684.095,3685.265,3683.285,3683.285,0.1903
1758121500000,2025-09-17,15:05:00,3683.265,3685.065,3683.165,3684.895,0.1292
1758121800000,2025-09-17,15:10:00,3684.875,3687.005,3684.335,3685.258,0.1484
1758122100000,2025-09-17,15:15:00,3685.258,3686.218,3684.458,3684.678,0.1259
1758122400000,2025-09-17,15:20:00,3684.665,3685.965,3684.535,3685.678,0.1056
1758122700000,2025-09-17,15:25:00,3685.678,3685.815,3684.085,3685.055,0.1002
1758123000000,2025-09-17,15:30:00,3684.975,3685.745,3684.385,3684.805,0.0757
1758123300000,2025-09-17,15:35:00,3684.915,3686.955,3684.835,3685.985,0.0974
1758123600000,2025-09-17,15:40:00,3686.085,3686.245,3684.415,3684.705,0.056
1758123900000,2025-09-17,15:45:00,3684.725,3685.115,3683.745,3684.315,0.0545
1758124200000,2025-09-17,15:50:00,3684.345,3684.805,3682.785,3682.815,0.0557
1758124500000,2025-09-17,15:55:00,3682.785,3684.205,3682.665,3684.015,0.0551
1758124800000,2025-09-17,16:00:00,3684.035,3685.748,3683.995,3685.555,0.0699
1758125100000,2025-09-17,16:05:00,3685.548,3686.848,3685.115,3686.535,0.0765
1758125400000,2025-09-17,16:10:00,3686.525,3686.545,3685.535,3685.625,0.0616
1758125700000,2025-09-17,16:15:00,3685.645,3686.455,3685.515,3685.805,0.0461
1758126000000,2025-09-17,16:20:00,3685.835,3688.205,3685.775,3687.815,0.0714
1758126300000,2025-09-17,16:25:00,3687.835,3688.348,3687.295,3687.785,0.0698
1758126600000,2025-09-17,16:30:00,3687.805,3687.955,3687.115,3687.295,0.0578
1758126900000,2025-09-17,16:35:00,3687.235,3687.755,3686.535,3686.705,0.0568
1758127200000,2025-09-17,16:40:00,3686.745,3686.945,3685.878,3685.885,0.063
1758127500000,2025-09-17,16:45:00,3685.935,3687.005,3685.425,3685.625,0.0623
1758127800000,2025-09-17,16:50:00,3685.645,3685.745,3684.375,3684.905,0.0685
1758128100000,2025-09-17,16:55:00,3684.855,3684.925,3683.775,3684.515,0.0657
1758128400000,2025-09-17,17:00:00,3684.545,3684.655,3681.955,3682.585,0.0746
1758128700000,2025-09-17,17:05:00,3682.615,3683.775,3682.615,3683.075,0.0562
1758129000000,2025-09-17,17:10:00,3683.105,3683.485,3682.835,3683.095,0.0431
1758129300000,2025-09-17,17:15:00,3683.125,3683.415,3681.555,3681.685,0.0921
1758129600000,2025-09-17,17:20:00,3681.655,3681.655,3678.505,3680.765,0.4304
1758129900000,2025-09-17,17:25:00,3680.775,3683.048,3679.205,3682.375,0.2919
1758130200000,2025-09-17,17:30:00,3682.345,3684.498,3682.145,3683.998,0.1237
1758130500000,2025-09-17,17:35:00,3684.098,3685.098,3683.848,3684.315,0.1328
1758130800000,2025-09-17,17:40:00,3684.295,3684.408,3683.485,3684.185,0.1018
1758131100000,2025-09-17,17:45:00,3684.215,3686.105,3684.215,3685.785,0.171
1758131400000,2025-09-17,17:50:00,3685.795,3687.175,3685.605,3686.915,0.4829
1758131700000,2025-09-17,17:55:00,3686.965,3687.425,3685.525,3685.958,0.1666
1758132000000,2025-09-17,18:00:00,3685.958,3697.398,3653.098,3690.648,0.6297
1758132300000,2025-09-17,18:05:00,3690.448,3707.308,3689.525,3704.898,0.6092
1758132600000,2025-09-17,18:10:00,3704.998,3706.298,3687.445,3687.498,0.6346
1758132900000,2025-09-17,18:15:00,3687.498,3691.998,3681.598,3687.905,0.4814
1758133200000,2025-09-17,18:20:00,3688.015,3689.238,3679.385,3684.415,0.4308
1758133500000,2025-09-17,18:25:00,3684.548,3685.648,3681.005,3682.065,0.3985
1758133800000,2025-09-17,18:30:00,3682.065,3684.498,3671.845,3673.325,0.4638
1758134100000,2025-09-17,18:35:00,3673.265,3678.698,3664.435,3665.225,0.4692
1758134400000,2025-09-17,18:40:00,3665.245,3674.848,3659.765,3663.055,0.4762
1758134700000,2025-09-17,18:45:00,3662.995,3663.845,3653.605,3655.135,0.7989
1758135000000,2025-09-17,18:50:00,3655.295,3657.055,3645.765,3646.565,1.1387
1758135300000,2025-09-17,18:55:00,3646.605,3655.198,3645.898,3649.925,0.6282
1758135600000,2025-09-17,19:00:00,3649.945,3659.805,3645.898,3657.555,0.6446
1758135900000,2025-09-17,19:05:00,3657.525,3663.998,3655.705,3660.215,0.4956
1758136200000,2025-09-17,19:10:00,3660.215,3662.465,3647.885,3650.475,0.5151
1758136500000,2025-09-17,19:15:00,3650.475,3657.215,3648.075,3654.795,0.4695
1758136800000,2025-09-17,19:20:00,3654.795,3662.048,3652.125,3661.098,0.4878
1758137100000,2025-09-17,19:25:00,3661.015,3666.708,3660.635,3663.555,0.3994
1758137400000,2025-09-17,19:30:00,3663.498,3663.498,3657.278,3661.775,0.4053
1758137700000,2025-09-17,19:35:00,3661.755,3665.248,3658.805,3659.705,0.3704
1758138000000,2025-09-17,19:40:00,3659.605,3663.525,3658.595,3661.425,0.2725
1758138300000,2025-09-17,19:45:00,3661.585,3662.805,3655.995,3657.655,0.4528
1758138600000,2025-09-17,19:50:00,3657.975,3659.095,3655.375,3658.055,0.2974
1758138900000,2025-09-17,19:55:00,3658.035,3661.798,3658.035,3661.498,0.1993
1758139200000,2025-09-17,20:00:00,3661.465,3661.505,3658.235,3659.435,0.1042
1758139500000,2025-09-17,20:05:00,3659.475,3660.655,3658.535,3659.065,0.0591
1758139800000,2025-09-17,20:10:00,3659.005,3660.265,3657.948,3658.775,0.0619
1758140100000,2025-09-17,20:15:00,3658.748,3659.648,3655.955,3659.345,0.1097
1758140400000,2025-09-17,20:20:00,3659.545,3659.705,3656.195,3658.165,0.061
1758140700000,2025-09-17,20:25:00,3658.135,3660.175,3657.945,3659.025,0.0787
1758141000000,2025-09-17,20:30:00,3659.045,3660.055,3658.325,3658.875,0.0434
1758141300000,2025-09-17,20:35:00,3658.845,3659.815,3658.685,3658.995,0.0325
1758141600000,2025-09-17,20:40:00,3659.055,3659.575,3657.125,3657.535,0.0393
1758141900000,2025-09-17,20:45:00,3657.495,3659.115,3657.495,3658.895,0.0343
1758142200000,2025-09-17,20:50:00,3658.875,3659.135,3657.945,3658.745,0.044
1758142500000,2025-09-17,20:55:00,3658.705,3659.895,3658.685,3659.005,0.0475
1758146400000,2025-09-17,22:00:00,3659.285,3661.965,3657.608,3659.098,0.1361
1758146700000,2025-09-17,22:05:00,3659.098,3659.398,3652.405,3658.285,0.1168
1758147000000,2025-09-17,22:10:00,3658.205,3664.895,3658.205,3663.085,0.0837
1758147300000,2025-09-17,22:15:00,3663.005,3664.715,3661.275,3662.025,0.06
1758147600000,2025-09-17,22:20:00,3661.925,3663.895,3661.925,3663.415,0.0307
1758147900000,2025-09-17,22:25:00,3663.455,3665.135,3663.365,3663.798,0.0644
1758148200000,2025-09-17,22:30:00,3663.608,3664.115,3662.298,3663.598,0.0658
1758148500000,2025-09-17,22:35:00,3663.598,3663.598,3661.535,3661.635,0.0564
1758148800000,2025-09-17,22:40:00,3661.615,3663.725,3660.795,3663.635,0.0308
1758149100000,2025-09-17,22:45:00,3663.675,3663.725,3662.098,3662.265,0.0401
1758149400000,2025-09-17,22:50:00,3662.365,3663.425,3662.198,3662.625,0.0297
1758149700000,2025-09-17,22:55:00,3662.698,3663.898,3662.255,3662.648,0.0543
1758150000000,2025-09-17,23:00:00,3662.648,3664.448,3661.755,3664.148,0.1004
1758150300000,2025-09-17,23:05:00,3664.148,3665.998,3663.815,3665.598,0.1069
1758150600000,2025-09-17,23:10:00,3665.598,3667.298,3664.998,3667.205,0.0614
1758150900000,2025-09-17,23:15:00,3667.255,3668.498,3666.898,3668.498,0.1295
1758151200000,2025-09-17,23:20:00,3668.498,3670.248,3667.348,3669.998,0.0874
1758151500000,2025-09-17,23:25:00,3669.618,3671.735,3669.498,3670.795,0.064
1758151800000,2025-09-17,23:30:00,3670.815,3670.915,3667.985,3668.565,0.0558
1758152100000,2025-09-17,23:35:00,3668.685,3669.148,3667.925,3667.955,0.0365
1758152400000,2025-09-17,23:40:00,3667.925,3670.058,3667.465,3669.225,0.0444
1758152700000,2025-09-17,23:45:00,3669.235,3670.148,3669.048,3669.435,0.0289
1758153000000,2025-09-17,23:50:00,3669.548,3669.848,3668.848,3669.448,0.0565
1758153300000,2025-09-17,23:55:00,3669.355,3670.448,3668.485,3668.748,0.0837
1758153600000,2025-09-18,00:00:00,3668.835,3669.635,3664.565,3666.705,0.1765
1758153900000,2025-09-18,00:05:00,3666.685,3667.285,3663.335,3663.625,0.1115
1758154200000,2025-09-18,00:10:00,3663.585,3664.975,3661.025,3663.835,0.099
1758154500000,2025-09-18,00:15:00,3663.805,3665.525,3662.475,3663.195,0.0622
1758154800000,2025-09-18,00:20:00,3663.165,3663.825,3662.385,3662.805,0.0975
1758155100000,2025-09-18,00:25:00,3662.835,3663.015,3661.465,3662.005,0.0629
1758155400000,2025-09-18,00:30:00,3661.985,3663.175,3661.035,3662.348,0.1341
1758155700000,2025-09-18,00:35:00,3662.348,3662.748,3657.755,3659.205,0.1913
1758156000000,2025-09-18,00:40:00,3659.125,3660.325,3657.955,3659.725,0.1262
1758156300000,2025-09-18,00:45:00,3659.725,3662.998,3659.448,3661.335,0.1427
1758156600000,2025-09-18,00:50:00,3661.365,3663.755,3660.805,3663.575,0.1255
1758156900000,2025-09-18,00:55:00,3663.535,3665.445,3662.945,3664.985,0.0776
1758157200000,2025-09-18,01:00:00,3665.075,3668.648,3660.248,3660.985,0.3939
1758157500000,2025-09-18,01:05:00,3661.255,3661.328,3657.035,3659.285,0.6156
1758157800000,2025-09-18,01:10:00,3659.305,3661.185,3654.755,3660.875,0.3507
1758158100000,2025-09-18,01:15:00,3660.848,3660.848,3652.998,3653.098,0.5503
1758158400000,2025-09-18,01:20:00,3653.098,3655.328,3652.585,3653.778,0.5565
1758158700000,2025-09-18,01:25:00,3653.885,3657.435,3653.815,3654.495,0.3453
1758159000000,2025-09-18,01:30:00,3654.475,3656.145,3651.935,3655.215,0.473
1758159300000,2025-09-18,01:35:00,3655.185,3656.748,3651.565,3656.748,0.3075
1758159600000,2025-09-18,01:40:00,3656.748,3658.048,3652.318,3654.448,0.2668
1758159900000,2025-09-18,01:45:00,3654.348,3656.475,3651.928,3655.198,0.15
1758160200000,2025-09-18,01:50:00,3655.498,3657.148,3653.995,3654.848,0.1444
1758160500000,2025-09-18,01:55:00,3654.825,3657.005,3653.755,3656.875,0.1119
1758160800000,2025-09-18,02:00:00,3656.925,3657.455,3655.145,3656.535,0.1456
1758161100000,2025-09-18,02:05:00,3656.645,3661.685,3656.495,3659.395,0.2636
1758161400000,2025-09-18,02:10:00,3659.365,3662.605,3659.205,3662.435,0.1064
1758161700000,2025-09-18,02:15:00,3662.385,3662.585,3660.905,3662.285,0.0634
1758162000000,2025-09-18,02:20:00,3662.305,3662.515,3661.365,3661.985,0.0586
1758162300000,2025-09-18,02:25:00,3662.155,3663.365,3661.555,3661.805,0.0599
1758162600000,2025-09-18,02:30:00,3661.775,3663.205,3659.555,3660.115,0.1715
1758162900000,2025-09-18,02:35:00,3660.145,3664.145,3659.495,3663.875,0.268
1758163200000,2025-09-18,02:40:00,3663.865,3664.485,3661.648,3662.265,0.1027
1758163500000,2025-09-18,02:45:00,3662.245,3664.185,3661.895,3664.145,0.087
1758163800000,2025-09-18,02:50:00,3664.115,3664.885,3663.155,3664.885,0.0702
1758164100000,2025-09-18,02:55:00,3664.855,3665.576,3664.205,3664.575,0.0895
1758164400000,2025-09-18,03:00:00,3664.605,3665.825,3662.195,3662.605,0.1804
1758164700000,2025-09-18,03:05:00,3662.585,3662.825,3660.995,3662.315,0.1473
1758165000000,2025-09-18,03:10:00,3662.335,3663.395,3662.205,3662.498,0.0681
1758165300000,2025-09-18,03:15:00,3662.498,3662.735,3660.725,3661.185,0.0988
1758165600000,2025-09-18,03:20:00,3661.155,3661.845,3661.085,3661.665,0.0444
1758165900000,2025-09-18,03:25:00,3661.795,3662.685,3661.695,3662.565,0.0489
1758166200000,2025-09-18,03:30:00,3662.605,3662.725,3661.605,3661.835,0.0315
1758166500000,2025-09-18,03:35:00,3661.775,3661.995,3661.135,3661.325,0.0288
1758166800000,2025-09-18,03:40:00,3661.285,3661.375,3660.225,3660.435,0.0209
1758167100000,2025-09-18,03:45:00,3660.475,3660.955,3659.285,3659.695,0.0413
1758167400000,2025-09-18,03:50:00,3659.655,3659.705,3658.895,3659.055,0.0528
1758167700000,2025-09-18,03:55:00,3659.075,3659.085,3657.635,3658.375,0.0848
1758168000000,2025-09-18,04:00:00,3658.455,3658.455,3656.615,3656.835,0.0677
1758168300000,2025-09-18,04:05:00,3656.865,3658.645,3656.655,3658.635,0.0524
1758168600000,2025-09-18,04:10:00,3658.595,3658.655,3657.715,3658.395,0.0358
1758168900000,2025-09-18,04:15:00,3658.415,3659.095,3657.748,3658.125,0.0461
1758169200000,2025-09-18,04:20:00,3658.095,3658.725,3657.865,3658.305,0.0745
1758169500000,2025-09-18,04:25:00,3658.275,3658.305,3657.555,3657.765,0.0479
1758169800000,2025-09-18,04:30:00,3657.875,3658.215,3655.698,3655.955,0.086
1758170100000,2025-09-18,04:35:00,3655.985,3656.425,3654.995,3655.855,0.0902
1758170400000,2025-09-18,04:40:00,3655.815,3657.448,3655.745,3656.085,0.119
1758170700000,2025-09-18,04:45:00,3656.055,3656.745,3654.845,3655.965,0.2307
1758171000000,2025-09-18,04:50:00,3655.985,3656.715,3654.825,3654.855,0.2307
1758171300000,2025-09-18,04:55:00,3654.875,3655.205,3653.118,3653.315,0.2355
1758171600000,2025-09-18,05:00:00,3653.325,3653.848,3652.748,3653.825,0.2358
1758171900000,2025-09-18,05:05:00,3653.895,3654.955,3652.055,3652.515,0.1188
1758172200000,2025-09-18,05:10:00,3652.545,3655.098,3651.655,3654.425,0.0831
1758172500000,2025-09-18,05:15:00,3654.425,3656.535,3654.325,3656.445,0.051
1758172800000,2025-09-18,05:20:00,3656.535,3657.515,3656.385,3657.355,0.0377
1758173100000,2025-09-18,05:25:00,3657.335,3658.255,3657.125,3657.775,0.0467
1758173400000,2025-09-18,05:30:00,3657.665,3658.945,3656.005,3656.755,0.1976
1758173700000,2025-09-18,05:35:00,3656.785,3656.785,3651.848,3652.755,0.3403
1758174000000,2025-09-18,05:40:00,3652.708,3654.235,3651.548,3654.045,0.4728
1758174300000,2025-09-18,05:45:00,3654.075,3654.625,3651.748,3652.835,0.3896
1758174600000,2025-09-18,05:50:00,3652.798,3653.335,3649.088,3650.105,0.2326
1758174900000,2025-09-18,05:55:00,3650.155,3652.275,3649.695,3651.265,0.2102
1758175200000,2025-09-18,06:00:00,3651.198,3651.645,3643.425,3643.765,0.2059
1758175500000,2025-09-18,06:05:00,3643.865,3644.025,3640.615,3640.998,0.287
1758175800000,2025-09-18,06:10:00,3640.898,3641.748,3633.485,3636.915,0.3751
1758176100000,2025-09-18,06:15:00,3636.905,3639.248,3634.885,3637.235,0.2462
1758176400000,2025-09-18,06:20:00,3637.235,3638.581,3633.915,3637.298,0.2519
1758176700000,2025-09-18,06:25:00,3637.298,3639.475,3634.835,3638.465,0.2081
1758177000000,2025-09-18,06:30:00,3638.605,3639.695,3635.525,3638.925,0.1473
1758177300000,2025-09-18,06:35:00,3638.965,3640.005,3635.335,3636.935,0.1342
1758177600000,2025-09-18,06:40:00,3636.785,3638.205,3635.598,3637.165,0.1146
1758177900000,2025-09-18,06:45:00,3637.145,3638.935,3636.575,3637.185,0.1407
1758178200000,2025-09-18,06:50:00,3637.155,3639.425,3636.405,3638.698,0.1561
1758178500000,2025-09-18,06:55:00,3638.635,3638.898,3636.448,3637.325,0.1366
1758178800000,2025-09-18,07:00:00,3637.355,3640.105,3635.325,3639.495,0.1505
1758179100000,2025-09-18,07:05:00,3639.505,3642.045,3639.325,3640.735,0.1301
1758179400000,2025-09-18,07:10:00,3640.765,3644.825,3640.575,3644.295,0.1548
1758179700000,2025-09-18,07:15:00,3644.335,3648.575,3643.475,3648.465,0.1708
1758180000000,2025-09-18,07:20:00,3648.465,3649.548,3646.175,3647.145,0.1819
1758180300000,2025-09-18,07:25:00,3647.185,3650.005,3646.545,3649.285,0.1476
1758180600000,2025-09-18,07:30:00,3649.105,3652.075,3647.845,3651.185,0.1512
1758180900000,2025-09-18,07:35:00,3651.165,3653.295,3650.045,3652.635,0.1331
1758181200000,2025-09-18,07:40:00,3652.655,3658.885,3652.355,3658.525,0.2354
1758181500000,2025-09-18,07:45:00,3658.555,3659.695,3656.815,3659.535,0.1766
1758181800000,2025-09-18,07:50:00,3659.495,3659.615,3657.415,3658.585,0.1644
1758182100000,2025-09-18,07:55:00,3658.585,3659.035,3657.135,3658.785,0.135
1758182400000,2025-09-18,08:00:00,3658.835,3659.275,3656.945,3657.415,0.1254
1758182700000,2025-09-18,08:05:00,3657.315,3657.698,3654.335,3654.795,0.1077
1758183000000,2025-09-18,08:10:00,3654.765,3655.195,3653.715,3654.945,0.0839
1758183300000,2025-09-18,08:15:00,3654.998,3655.798,3653.515,3655.355,0.0764
1758183600000,2025-09-18,08:20:00,3655.405,3655.475,3653.755,3655.435,0.0547
1758183900000,2025-09-18,08:25:00,3655.415,3656.745,3654.975,3656.295,0.0693
1758184200000,2025-09-18,08:30:00,3656.265,3656.925,3655.065,3656.885,0.0762
1758184500000,2025-09-18,08:35:00,3656.865,3661.355,3656.715,3660.455,0.14
1758184800000,2025-09-18,08:40:00,3660.545,3662.415,3659.475,3662.125,0.1044
1758185100000,2025-09-18,08:45:00,3662.145,3662.585,3661.055,3662.495,0.0723
1758185400000,2025-09-18,08:50:00,3662.515,3664.085,3662.059,3662.785,0.0781
1758185700000,2025-09-18,08:55:00,3662.725,3665.635,3662.235,3665.375,0.1391
1758186000000,2025-09-18,09:00:00,3665.345,3666.385,3664.415,3665.645,0.1348
1758186300000,2025-09-18,09:05:00,3665.655,3668.115,3665.145,3667.625,0.15
1758186600000,2025-09-18,09:10:00,3667.735,3669.025,3666.719,3667.255,0.1365
1758186900000,2025-09-18,09:15:00,3667.235,3668.785,3665.685,3667.775,0.1053
1758187200000,2025-09-18,09:20:00,3667.765,3671.655,3667.445,3671.525,0.1633
1758187500000,2025-09-18,09:25:00,3671.545,3672.105,3670.575,3670.955,0.109
1758187800000,2025-09-18,09:30:00,3670.975,3672.785,3670.425,3670.935,0.1274
1758188100000,2025-09-18,09:35:00,3670.915,3672.725,3670.135,3671.415,0.0992
1758188400000,2025-09-18,09:40:00,3671.395,3671.955,3669.725,3671.465,0.1066
1758188700000,2025-09-18,09:45:00,3671.465,3672.115,3669.875,3670.165,0.1111
1758189000000,2025-09-18,09:50:00,3670.095,3671.275,3669.558,3671.225,0.0795
1758189300000,2025-09-18,09:55:00,3671.178,3671.935,3670.415,3671.465,0.0662
1758189600000,2025-09-18,10:00:00,3671.445,3672.415,3671.305,3671.785,0.0691
1758189900000,2025-09-18,10:05:00,3671.835,3672.065,3667.658,3668.665,0.1455
1758190200000,2025-09-18,10:10:00,3668.625,3669.785,3667.138,3667.155,0.0711
1758190500000,2025-09-18,10:15:00,3667.138,3667.365,3665.265,3665.585,0.126
1758190800000,2025-09-18,10:20:00,3665.645,3669.255,3665.585,3668.925,0.1407
1758191100000,2025-09-18,10:25:00,3668.945,3669.298,3667.088,3668.985,0.0868
1758191400000,2025-09-18,10:30:00,3668.975,3670.198,3667.378,3667.768,0.1034
1758191700000,2025-09-18,10:35:00,3667.668,3668.528,3665.915,3666.435,0.0981
1758192000000,2025-09-18,10:40:00,3666.405,3667.985,3665.445,3665.625,0.0599
1758192300000,2025-09-18,10:45:00,3665.645,3667.125,3665.435,3666.905,0.0623
1758192600000,2025-09-18,10:50:00,3666.925,3669.085,3666.785,3667.158,0.1334
1758192900000,2025-09-18,10:55:00,3667.058,3667.205,3666.025,3666.925,0.056
1758193200000,2025-09-18,11:00:00,3667.105,3668.475,3666.295,3667.605,0.0714
1758193500000,2025-09-18,11:05:00,3667.575,3668.185,3666.875,3667.235,0.0697
1758193800000,2025-09-18,11:10:00,3667.205,3668.785,3665.445,3667.595,0.0937
1758194100000,2025-09-18,11:15:00,3667.575,3670.565,3667.145,3670.155,0.0675
1758194400000,2025-09-18,11:20:00,3670.195,3670.775,3667.675,3667.745,0.069
1758194700000,2025-09-18,11:25:00,3667.805,3667.865,3665.615,3665.855,0.0723
1758195000000,2025-09-18,11:30:00,3665.895,3666.595,3664.198,3665.245,0.0882
1758195300000,2025-09-18,11:35:00,3665.275,3669.195,3664.995,3667.575,0.0924
1758195600000,2025-09-18,11:40:00,3667.545,3668.185,3666.625,3667.065,0.0536
1758195900000,2025-09-18,11:45:00,3666.915,3667.085,3664.765,3666.515,0.0955
1758196200000,2025-09-18,11:50:00,3666.535,3668.305,3666.225,3667.425,0.0908
1758196500000,2025-09-18,11:55:00,3667.395,3667.935,3666.515,3666.945,0.0754
1758196800000,2025-09-18,12:00:00,3666.965,3668.045,3666.625,3667.315,0.1308
1758197100000,2025-09-18,12:05:00,3667.285,3668.335,3665.945,3666.075,0.1033
1758197400000,2025-09-18,12:10:00,3666.105,3668.325,3665.885,3667.055,0.0692
1758197700000,2025-09-18,12:15:00,3666.975,3668.905,3666.075,3668.025,0.0937
1758198000000,2025-09-18,12:20:00,3668.005,3672.248,3666.978,3672.148,0.1364
1758198300000,2025-09-18,12:25:00,3672.148,3672.148,3670.108,3670.468,0.1125
1758198600000,2025-09-18,12:30:00,3670.478,3670.488,3664.475,3665.058,0.2375
1758198900000,2025-09-18,12:35:00,3665.058,3669.075,3664.345,3669.035,0.2207
1758199200000,2025-09-18,12:40:00,3669.175,3669.555,3666.935,3668.815,0.1624
1758199500000,2025-09-18,12:45:00,3668.825,3669.755,3667.445,3667.635,0.1105
1758199800000,2025-09-18,12:50:00,3667.665,3668.375,3664.118,3665.985,0.2149
1758200100000,2025-09-18,12:55:00,3666.125,3667.885,3662.715,3663.148,0.1658
1758200400000,2025-09-18,13:00:00,3663.148,3664.085,3659.325,3662.575,0.3297
1758200700000,2025-09-18,13:05:00,3662.575,3662.575,3654.848,3658.448,0.4016
1758201000000,2025-09-18,13:10:00,3658.448,3658.845,3655.618,3658.525,0.3051
1758201300000,2025-09-18,13:15:00,3658.535,3660.948,3657.948,3658.545,0.2692
1758201600000,2025-09-18,13:20:00,3658.565,3658.715,3653.975,3655.298,0.2504
1758201900000,2025-09-18,13:25:00,3655.215,3655.498,3651.355,3653.795,0.2405
1758202200000,2025-09-18,13:30:00,3653.795,3654.548,3646.505,3647.048,0.3879
1758202500000,2025-09-18,13:35:00,3647.055,3648.048,3638.295,3640.405,0.3761
1758202800000,2025-09-18,13:40:00,3640.458,3640.655,3629.655,3629.695,0.3947
1758203100000,2025-09-18,13:45:00,3629.735,3637.115,3627.465,3635.808,0.3916
1758203400000,2025-09-18,13:50:00,3635.838,3641.768,3634.715,3634.948,0.4019
1758203700000,2025-09-18,13:55:00,3634.758,3642.445,3633.905,3641.855,0.3752
1758204000000,2025-09-18,14:00:00,3641.925,3645.985,3640.955,3645.415,0.3484
1758204300000,2025-09-18,14:05:00,3645.355,3645.825,3638.218,3640.535,0.3396
1758204600000,2025-09-18,14:10:00,3640.555,3644.438,3640.085,3640.585,0.2738
1758204900000,2025-09-18,14:15:00,3640.585,3640.745,3635.618,3637.045,0.3012
1758205200000,2025-09-18,14:20:00,3637.185,3639.155,3634.125,3635.748,0.2622
1758205500000,2025-09-18,14:25:00,3635.775,3637.448,3634.498,3635.475,0.2984
1758205800000,2025-09-18,14:30:00,3635.445,3639.275,3635.025,3637.285,0.2649
1758206100000,2025-09-18,14:35:00,3637.175,3643.435,3637.175,3642.735,0.291
1758206400000,2025-09-18,14:40:00,3642.765,3643.498,3640.898,3641.705,0.264
1758206700000,2025-09-18,14:45:00,3641.755,3646.225,3639.955,3644.915,0.2655
1758207000000,2025-09-18,14:50:00,3644.945,3646.065,3640.485,3641.335,0.241
1758207300000,2025-09-18,14:55:00,3641.395,3642.165,3637.998,3638.098,0.3014
1758207600000,2025-09-18,15:00:00,3638.205,3641.455,3637.965,3639.198,0.2364
1758207900000,2025-09-18,15:05:00,3639.208,3641.255,3637.905,3638.275,0.2584
1758208200000,2025-09-18,15:10:00,3638.185,3639.405,3636.525,3639.155,0.2407
1758208500000,2025-09-18,15:15:00,3639.125,3641.648,3638.275,3641.148,0.2123
1758208800000,2025-09-18,15:20:00,3641.148,3642.148,3638.795,3639.805,0.196
1758209100000,2025-09-18,15:25:00,3639.825,3640.225,3638,3638.918,0.3324
1758209400000,2025-09-18,15:30:00,3638.918,3640.948,3638.205,3639.495,0.3092
1758209700000,2025-09-18,15:35:00,3639.485,3641.035,3639.125,3640.185,0.1158
1758210000000,2025-09-18,15:40:00,3640.198,3640.498,3639.195,3639.965,0.0881
1758210300000,2025-09-18,15:45:00,3639.935,3640.515,3638.985,3640.085,0.097
1758210600000,2025-09-18,15:50:00,3640.055,3640.425,3638.815,3639.538,0.1019
1758210900000,2025-09-18,15:55:00,3639.795,3641.545,3638.965,3641.085,0.0854
1758211200000,2025-09-18,16:00:00,3641.095,3642.575,3640.655,3641.385,0.2231
1758211500000,2025-09-18,16:05:00,3641.365,3643.305,3640.995,3641.915,0.1751
1758211800000,2025-09-18,16:10:00,3641.885,3644.125,3641.585,3643.205,0.1226
1758212100000,2025-09-18,16:15:00,3643.175,3645.595,3642.905,3644.815,0.1028
1758212400000,2025-09-18,16:20:00,3644.885,3645.055,3643.385,3643.995,0.096
1758212700000,2025-09-18,16:25:00,3643.965,3644.545,3643.315,3644.105,0.1063
1758213000000,2025-09-18,16:30:00,3644.145,3644.355,3643.175,3644.275,0.0931
1758213300000,2025-09-18,16:35:00,3644.255,3644.715,3643.675,3644.405,0.0763
1758213600000,2025-09-18,16:40:00,3644.385,3644.815,3643.435,3643.795,0.0664
1758213900000,2025-09-18,16:45:00,3643.775,3644.925,3643.285,3644.205,0.0612
1758214200000,2025-09-18,16:50:00,3644.185,3646.635,3643.895,3646.405,0.105
1758214500000,2025-09-18,16:55:00,3646.445,3647.045,3645.395,3646.165,0.0995
1758214800000,2025-09-18,17:00:00,3646.135,3646.395,3644.529,3645.305,0.1091
1758215100000,2025-09-18,17:05:00,3645.285,3646.635,3643.995,3644.335,0.1404
1758215400000,2025-09-18,17:10:00,3644.298,3645.485,3643.645,3643.915,0.1198
1758215700000,2025-09-18,17:15:00,3643.945,3644.245,3643.265,3643.775,0.0909
1758216000000,2025-09-18,17:20:00,3643.855,3645.185,3643.855,3644.855,0.0693
1758216300000,2025-09-18,17:25:00,3644.905,3645.665,3643.375,3644.685,0.1318
1758216600000,2025-09-18,17:30:00,3644.655,3645.345,3643.825,3644.605,0.0886
1758216900000,2025-09-18,17:35:00,3644.625,3644.835,3643.505,3644.125,0.0959
1758217200000,2025-09-18,17:40:00,3644.145,3644.685,3643.325,3643.645,0.0598
1758217500000,2025-09-18,17:45:00,3643.605,3644.235,3643.495,3643.725,0.0393
1758217800000,2025-09-18,17:50:00,3643.675,3644.075,3643.205,3643.795,0.05
1758218100000,2025-09-18,17:55:00,3643.815,3644.005,3643.095,3643.335,0.0417
1758218400000,2025-09-18,18:00:00,3643.295,3643.345,3640.235,3641.785,0.1017
1758218700000,2025-09-18,18:05:00,3641.745,3641.935,3640.395,3641.385,0.0835
1758219000000,2025-09-18,18:10:00,3641.415,3641.765,3640.505,3641.535,0.0544
1758219300000,2025-09-18,18:15:00,3641.515,3642.155,3640.915,3641.455,0.0758
1758219600000,2025-09-18,18:20:00,3641.505,3642.065,3641.085,3641.415,0.1104
1758219900000,2025-09-18,18:25:00,3641.385,3642.585,3641.375,3642.315,0.1825
1758220200000,2025-09-18,18:30:00,3642.315,3642.725,3641.435,3642.365,0.4705
1758220500000,2025-09-18,18:35:00,3642.385,3642.915,3641.635,3642.225,0.1777
1758220800000,2025-09-18,18:40:00,3642.305,3642.685,3641.355,3641.615,0.0607
1758221100000,2025-09-18,18:45:00,3641.655,3642.935,3641.155,3641.445,0.0976
1758221400000,2025-09-18,18:50:00,3641.445,3642.098,3641.398,3641.998,0.099
1758221700000,2025-09-18,18:55:00,3641.898,3642.198,3641.035,3641.098,0.0953
1758222000000,2025-09-18,19:00:00,3641.098,3641.955,3640.365,3641.345,0.1845
1758222300000,2025-09-18,19:05:00,3641.335,3641.615,3641.045,3641.485,0.0522
1758222600000,2025-09-18,19:10:00,3641.515,3642.415,3641.305,3641.755,0.0629
1758222900000,2025-09-18,19:15:00,3641.765,3643.195,3641.415,3642.505,0.0804
1758223200000,2025-09-18,19:20:00,3642.525,3643.898,3642.275,3643.805,0.0637
1758223500000,2025-09-18,19:25:00,3643.798,3643.805,3642.045,3642.445,0.192
1758223800000,2025-09-18,19:30:00,3642.405,3643.485,3642.345,3642.905,0.2508
1758224100000,2025-09-18,19:35:00,3642.905,3643.665,3642.245,3643.335,0.1953
1758224400000,2025-09-18,19:40:00,3643.335,3643.765,3642.875,3643.635,0.1278
1758224700000,2025-09-18,19:45:00,3643.635,3644.205,3643.145,3644.105,0.1856
1758225000000,2025-09-18,19:50:00,3644.135,3645.225,3643.975,3645.215,0.1646
1758225300000,2025-09-18,19:55:00,3645.225,3646.895,3644.935,3646.365,0.314
1758225600000,2025-09-18,20:00:00,3646.448,3646.905,3645.248,3646.265,0.0854
1758225900000,2025-09-18,20:05:00,3646.248,3646.448,3645.148,3645.448,0.0347
1758226200000,2025-09-18,20:10:00,3645.365,3645.555,3644.998,3645.498,0.0359
1758226500000,2025-09-18,20:15:00,3645.498,3646.148,3645.105,3645.775,0.0235
1758226800000,2025-09-18,20:20:00,3645.805,3646.148,3645.415,3646.048,0.0173
1758227100000,2025-09-18,20:25:00,3646.005,3646.148,3645.425,3645.655,0.0201
1758227400000,2025-09-18,20:30:00,3645.639,3645.915,3644.195,3644.198,0.0289
1758227700000,2025-09-18,20:35:00,3644.298,3644.398,3643.745,3643.895,0.0227
1758228000000,2025-09-18,20:40:00,3643.935,3644.548,3643.935,3644.348,0.0132
1758228300000,2025-09-18,20:45:00,3644.355,3644.605,3643.805,3643.948,0.021
1758228600000,2025-09-18,20:50:00,3643.848,3644.248,3643.648,3643.998,0.0161
1758228900000,2025-09-18,20:55:00,3643.915,3644.498,3643.415,3643.415,0.0663
1758232800000,2025-09-18,22:00:00,3643.675,3644.015,3642.068,3642.748,0.0701
1758233100000,2025-09-18,22:05:00,3642.748,3642.948,3641.898,3642.448,0.0325
1758233400000,2025-09-18,22:10:00,3642.348,3642.748,3641.698,3642.398,0.0508
1758233700000,2025-09-18,22:15:00,3642.398,3642.998,3641.798,3641.898,0.0583
1758234000000,2025-09-18,22:20:00,3641.898,3642.498,3641.815,3641.998,0.0318
1758234300000,2025-09-18,22:25:00,3641.998,3641.998,3640.975,3641.348,0.0299
1758234600000,2025-09-18,22:30:00,3641.348,3642.148,3641.348,3642.148,0.0293
1758234900000,2025-09-18,22:35:00,3642.148,3642.248,3641.748,3642.148,0.0103
1758235200000,2025-09-18,22:40:00,3642.148,3642.648,3641.875,3641.915,0.0157
1758235500000,2025-09-18,22:45:00,3641.885,3642.075,3641.125,3641.125,0.0114
1758235800000,2025-09-18,22:50:00,3641.155,3641.398,3640.398,3640.648,0.0177
1758236100000,2025-09-18,22:55:00,3640.648,3640.648,3639.068,3639.898,0.0362
1758236400000,2025-09-18,23:00:00,3639.735,3641.435,3639.605,3640.968,0.0742
1758236700000,2025-09-18,23:05:00,3641.008,3641.228,3639.835,3640.498,0.037
1758237000000,2025-09-18,23:10:00,3640.498,3641.015,3640.395,3640.605,0.0153
1758237300000,2025-09-18,23:15:00,3640.575,3640.665,3639.575,3639.695,0.0205
1758237600000,2025-09-18,23:20:00,3639.685,3639.745,3639.105,3639.455,0.0258
1758237900000,2025-09-18,23:25:00,3639.435,3639.885,3638.675,3639.025,0.0243
1758238200000,2025-09-18,23:30:00,3638.985,3639.295,3637.665,3638.685,0.0386
1758238500000,2025-09-18,23:35:00,3638.695,3639.505,3638.395,3638.715,0.0248
1758238800000,2025-09-18,23:40:00,3638.595,3639.705,3637.605,3637.945,0.0525
1758239100000,2025-09-18,23:45:00,3637.925,3639.155,3637.785,3638.248,0.0383
1758239400000,2025-09-18,23:50:00,3638.275,3640.085,3638.275,3639.435,0.0343
1758239700000,2025-09-18,23:55:00,3639.355,3640.048,3639.095,3639.895,0.0276
1758240000000,2025-09-19,00:00:00,3639.985,3642.515,3639.875,3641.625,0.0578
1758240300000,2025-09-19,00:05:00,3641.715,3641.715,3639.265,3639.675,0.0535
1758240600000,2025-09-19,00:10:00,3639.615,3640.135,3638.165,3639.125,0.0724
1758240900000,2025-09-19,00:15:00,3639.145,3639.695,3636.575,3637.885,0.0518
1758241200000,2025-09-19,00:20:00,3637.915,3638.925,3637.855,3638.125,0.0687
1758241500000,2025-09-19,00:25:00,3638.155,3638.275,3636.358,3638.005,0.2286
1758241800000,2025-09-19,00:30:00,3638.035,3638.565,3636.685,3636.685,0.0416
1758242100000,2025-09-19,00:35:00,3636.725,3637.505,3636.325,3637.085,0.0477
1758242400000,2025-09-19,00:40:00,3636.978,3638.648,3635.798,3638.248,0.1022
1758242700000,2025-09-19,00:45:00,3638.185,3638.548,3637.425,3637.898,0.1001
1758243000000,2025-09-19,00:50:00,3637.898,3640.985,3637.505,3639.935,0.1592
1758243300000,2025-09-19,00:55:00,3639.995,3640.975,3639.535,3639.805,0.1214
1758243600000,2025-09-19,01:00:00,3639.775,3643.975,3639.305,3643.815,0.2502
1758243900000,2025-09-19,01:05:00,3643.845,3650.098,3642.835,3649.535,0.2337
1758244200000,2025-09-19,01:10:00,3649.645,3651.005,3647.155,3648.045,0.1289
1758244500000,2025-09-19,01:15:00,3648.245,3649.425,3646.895,3648.535,0.0977
1758244800000,2025-09-19,01:20:00,3648.495,3650.175,3647.205,3648.625,0.094
1758245100000,2025-09-19,01:25:00,3648.605,3648.665,3646.385,3647.415,0.1296
1758245400000,2025-09-19,01:30:00,3647.385,3648.185,3645.905,3647.125,0.1133
1758245700000,2025-09-19,01:35:00,3647.095,3647.245,3645.195,3646.695,0.0973
1758246000000,2025-09-19,01:40:00,3646.745,3647.085,3645.635,3645.985,0.0802
1758246300000,2025-09-19,01:45:00,3646.005,3646.305,3641.075,3641.075,0.1856
1758246600000,2025-09-19,01:50:00,3641.145,3641.245,3631.938,3639.845,0.6531
1758246900000,2025-09-19,01:55:00,3639.915,3640.325,3637.545,3639.655,0.2975
1758247200000,2025-09-19,02:00:00,3639.695,3641.585,3638.875,3638.925,0.1449
1758247500000,2025-09-19,02:05:00,3638.955,3643.025,3638.615,3642.525,0.1034
1758247800000,2025-09-19,02:10:00,3642.555,3646.935,3642.355,3646.595,0.2169
1758248100000,2025-09-19,02:15:00,3646.565,3646.775,3643.365,3644.025,0.22
1758248400000,2025-09-19,02:20:00,3643.995,3645.745,3643.698,3645.705,0.0793
1758248700000,2025-09-19,02:25:00,3645.745,3646.055,3644.595,3645.435,0.0973
1758249000000,2025-09-19,02:30:00,3645.455,3646.545,3643.998,3645.825,0.167
1758249300000,2025-09-19,02:35:00,3645.785,3646.605,3643.755,3646.205,0.0839
1758249600000,2025-09-19,02:40:00,3646.205,3647.525,3645.755,3646.225,0.1275
1758249900000,2025-09-19,02:45:00,3646.145,3650.075,3646.145,3646.325,0.2151
1758250200000,2025-09-19,02:50:00,3646.345,3646.625,3644.165,3646.435,0.2902
1758250500000,2025-09-19,02:55:00,3646.405,3647.765,3645.945,3647.205,0.0741
1758250800000,2025-09-19,03:00:00,3647.185,3647.865,3645.735,3646.145,0.074
1758251100000,2025-09-19,03:05:00,3646.195,3646.485,3645.455,3646.435,0.0584
1758251400000,2025-09-19,03:10:00,3646.415,3647.205,3645.035,3646.955,0.0586
1758251700000,2025-09-19,03:15:00,3647.035,3649.965,3646.695,3649.795,0.0798
1758252000000,2025-09-19,03:20:00,3649.835,3654.955,3649.175,3652.625,0.1507
1758252300000,2025-09-19,03:25:00,3652.625,3654.705,3651.415,3653.765,0.1905
1758252600000,2025-09-19,03:30:00,3653.745,3654.875,3653.355,3654.435,0.1013
1758252900000,2025-09-19,03:35:00,3654.465,3654.775,3653.308,3654.215,0.2274
1758253200000,2025-09-19,03:40:00,3654.115,3655.285,3653.235,3655.265,0.0944
1758253500000,2025-09-19,03:45:00,3655.135,3656.085,3653.245,3654.195,0.1562
1758253800000,2025-09-19,03:50:00,3654.225,3655.215,3652.715,3653.315,0.1253
1758254100000,2025-09-19,03:55:00,3653.315,3653.855,3652.765,3653.505,0.0956
1758254400000,2025-09-19,04:00:00,3653.525,3656.445,3653.505,3655.955,0.1054
1758254700000,2025-09-19,04:05:00,3655.955,3659.335,3655.805,3659.265,0.188
1758255000000,2025-09-19,04:10:00,3659.225,3659.485,3658.275,3658.835,0.1871
1758255300000,2025-09-19,04:15:00,3658.885,3659.185,3657.885,3659.015,0.1346
1758255600000,2025-09-19,04:20:00,3658.975,3659.855,3658.085,3658.945,0.1839
1758255900000,2025-09-19,04:25:00,3658.905,3659.305,3658.165,3659.135,0.092
1758256200000,2025-09-19,04:30:00,3659.105,3659.345,3658.005,3658.395,0.0964
1758256500000,2025-09-19,04:35:00,3658.405,3658.745,3657.405,3657.565,0.186
1758256800000,2025-09-19,04:40:00,3657.545,3659.175,3656.825,3658.405,0.1129
1758257100000,2025-09-19,04:45:00,3658.545,3659.515,3657.235,3657.795,0.2073
1758257400000,2025-09-19,04:50:00,3657.775,3659.325,3657.415,3658.835,0.1872
1758257700000,2025-09-19,04:55:00,3658.895,3659.375,3658.535,3658.615,0.0808
1758258000000,2025-09-19,05:00:00,3658.615,3660.745,3658.415,3659.835,0.3016
1758258300000,2025-09-19,05:05:00,3659.815,3661.025,3659.265,3660.035,0.0899
1758258600000,2025-09-19,05:10:00,3660.005,3660.005,3657.055,3657.535,0.118
1758258900000,2025-09-19,05:15:00,3657.525,3659.555,3657.325,3659.255,0.1504
1758259200000,2025-09-19,05:20:00,3659.295,3659.315,3657.015,3657.415,0.2275
1758259500000,2025-09-19,05:25:00,3657.415,3658.675,3656.138,3658.375,0.1923
1758259800000,2025-09-19,05:30:00,3658.405,3658.605,3655.088,3655.225,0.5523
1758260100000,2025-09-19,05:35:00,3655.225,3655.705,3653.355,3653.925,0.294
1758260400000,2025-09-19,05:40:00,3653.995,3656.195,3652.585,3655.585,0.2379
1758260700000,2025-09-19,05:45:00,3655.565,3655.848,3653.955,3655.565,0.4213
1758261000000,2025-09-19,05:50:00,3655.635,3656.665,3651.065,3651.555,0.16
1758261300000,2025-09-19,05:55:00,3651.448,3653.048,3651.448,3652.215,0.132
1758261600000,2025-09-19,06:00:00,3652.265,3652.525,3650.548,3652.105,0.1781
1758261900000,2025-09-19,06:05:00,3652.115,3653.205,3651.405,3651.935,0.1455
1758262200000,2025-09-19,06:10:00,3651.915,3653.955,3651.305,3651.665,0.1333
1758262500000,2025-09-19,06:15:00,3651.685,3652.075,3648.425,3648.535,0.1099
1758262800000,2025-09-19,06:20:00,3648.495,3649.405,3646.295,3649.365,0.1329
1758263100000,2025-09-19,06:25:00,3649.405,3650.935,3649.395,3650.098,0.1189
1758263400000,2025-09-19,06:30:00,3650.115,3650.948,3645.025,3645.275,0.2076
1758263700000,2025-09-19,06:35:00,3645.315,3647.445,3643.025,3646.655,0.2164
1758264000000,2025-09-19,06:40:00,3646.615,3648.405,3645.718,3647.645,0.1207
1758264300000,2025-09-19,06:45:00,3647.645,3648.525,3646.745,3647.365,0.1014
1758264600000,2025-09-19,06:50:00,3647.335,3647.345,3644.395,3646.385,0.1401
1758264900000,2025-09-19,06:55:00,3646.475,3647.375,3645.315,3646.725,0.1286
1758265200000,2025-09-19,07:00:00,3646.775,3650.405,3645.465,3646.545,0.1999
1758265500000,2025-09-19,07:05:00,3646.585,3647.275,3644.315,3647.165,0.1329
1758265800000,2025-09-19,07:10:00,3647.285,3649.965,3646.205,3649.155,0.1486
1758266100000,2025-09-19,07:15:00,3649.125,3652.195,3648.905,3652.155,0.1038
1758266400000,2025-09-19,07:20:00,3652.125,3653.565,3651.515,3653.065,0.0798
1758266700000,2025-09-19,07:25:00,3653.105,3653.805,3652.225,3652.795,0.0924
1758267000000,2025-09-19,07:30:00,3652.775,3653.865,3651.875,3652.685,0.0701
1758267300000,2025-09-19,07:35:00,3652.655,3653.415,3651.335,3652.325,0.0889
1758267600000,2025-09-19,07:40:00,3652.255,3652.755,3650.925,3652.435,0.0858
1758267900000,2025-09-19,07:45:00,3652.385,3654.775,3652.275,3654.725,0.0885
1758268200000,2025-09-19,07:50:00,3654.735,3657.205,3654.675,3654.685,0.191
1758268500000,2025-09-19,07:55:00,3654.675,3655.165,3653.635,3653.755,0.0574
1758268800000,2025-09-19,08:00:00,3653.735,3654.845,3652.618,3654.205,0.1106
1758269100000,2025-09-19,08:05:00,3654.125,3654.298,3652.185,3653.045,0.1398
1758269400000,2025-09-19,08:10:00,3653.015,3653.255,3651.255,3651.595,0.0746
1758269700000,2025-09-19,08:15:00,3651.575,3651.915,3649.415,3651.555,0.0943
1758270000000,2025-09-19,08:20:00,3651.555,3653.548,3651.515,3653.105,0.0823
1758270300000,2025-09-19,08:25:00,3652.948,3652.948,3651.315,3652.325,0.1125
1758270600000,2025-09-19,08:30:00,3652.445,3655.255,3652.145,3655.035,0.1457
1758270900000,2025-09-19,08:35:00,3655.065,3655.595,3653.495,3653.585,0.0679
1758271200000,2025-09-19,08:40:00,3653.615,3654.745,3652.755,3653.978,0.065
1758271500000,2025-09-19,08:45:00,3653.978,3656.395,3653.978,3655.355,0.0764
1758271800000,2025-09-19,08:50:00,3655.375,3656.295,3654.965,3655.555,0.0493
1758272100000,2025-09-19,08:55:00,3655.585,3655.845,3655.015,3655.505,0.0426
1758272400000,2025-09-19,09:00:00,3655.535,3657.305,3655.075,3657.305,0.075
1758272700000,2025-09-19,09:05:00,3657.285,3657.365,3656.435,3656.815,0.0831
1758273000000,2025-09-19,09:10:00,3656.785,3657.415,3656.095,3656.275,0.0498
1758273300000,2025-09-19,09:15:00,3656.275,3658.315,3656.275,3658.295,0.0722
1758273600000,2025-09-19,09:20:00,3658.275,3658.375,3657.465,3658.155,0.072
1758273900000,2025-09-19,09:25:00,3658.155,3658.195,3656.465,3656.475,0.0676
1758274200000,2025-09-19,09:30:00,3656.495,3657.735,3656.065,3656.975,0.0911
1758274500000,2025-09-19,09:35:00,3656.905,3657.905,3655.915,3657.475,0.0602
1758274800000,2025-09-19,09:40:00,3657.515,3657.605,3656.645,3657.465,0.0426
1758275100000,2025-09-19,09:45:00,3657.495,3658.425,3655.305,3655.778,0.1384
1758275400000,2025-09-19,09:50:00,3655.778,3657.505,3655.505,3657.475,0.0459
1758275700000,2025-09-19,09:55:00,3657.505,3658.615,3657.215,3658.445,0.06
1758276000000,2025-09-19,10:00:00,3658.385,3658.595,3656.995,3657.505,0.0441
1758276300000,2025-09-19,10:05:00,3657.415,3657.735,3656.895,3657.385,0.0363
1758276600000,2025-09-19,10:10:00,3657.355,3658.635,3656.935,3658.405,0.0364
1758276900000,2025-09-19,10:15:00,3658.305,3658.845,3657.735,3658.715,0.0323
1758277200000,2025-09-19,10:20:00,3658.755,3658.995,3657.705,3657.845,0.0359
1758277500000,2025-09-19,10:25:00,3657.805,3658.425,3656.565,3656.655,0.0509
1758277800000,2025-09-19,10:30:00,3656.715,3657.805,3655.885,3656.275,0.0555
1758278100000,2025-09-19,10:35:00,3656.325,3656.325,3655.045,3655.815,0.0609
1758278400000,2025-09-19,10:40:00,3655.855,3657.065,3654.985,3656.835,0.0653
1758278700000,2025-09-19,10:45:00,3656.815,3657.425,3656.585,3657.005,0.042
1758279000000,2025-09-19,10:50:00,3657.025,3657.025,3655.455,3655.525,0.058
1758279300000,2025-09-19,10:55:00,3655.355,3656.215,3654.935,3655.735,0.0428
1758279600000,2025-09-19,11:00:00,3655.648,3655.695,3654.305,3655.165,0.087
1758279900000,2025-09-19,11:05:00,3655.135,3655.745,3654.195,3654.445,0.0664
1758280200000,2025-09-19,11:10:00,3654.415,3654.795,3652.015,3652.515,0.0932
1758280500000,2025-09-19,11:15:00,3652.535,3653.355,3651.295,3652.015,0.0641
1758280800000,2025-09-19,11:20:00,3651.985,3653.035,3651.165,3651.465,0.0516
1758281100000,2025-09-19,11:25:00,3651.465,3651.725,3650.365,3650.735,0.0804
1758281400000,2025-09-19,11:30:00,3650.655,3651.285,3648.988,3651.035,0.0977
1758281700000,2025-09-19,11:35:00,3651.015,3651.425,3649.665,3649.875,0.0751
1758282000000,2025-09-19,11:40:00,3649.895,3650.225,3647.165,3647.455,0.0939
1758282300000,2025-09-19,11:45:00,3647.395,3649.038,3647.115,3648.255,0.1021
1758282600000,2025-09-19,11:50:00,3648.275,3648.965,3646.748,3646.985,0.114
1758282900000,2025-09-19,11:55:00,3647.005,3648.275,3645.495,3648.275,0.1126
1758283200000,2025-09-19,12:00:00,3648.295,3650.998,3647.245,3649.598,0.1754
1758283500000,2025-09-19,12:05:00,3649.545,3649.708,3646.125,3648.355,0.1391
1758283800000,2025-09-19,12:10:00,3648.355,3650.925,3647.955,3650.525,0.1181
1758284100000,2025-09-19,12:15:00,3650.565,3651.685,3649.635,3650.665,0.1034
1758284400000,2025-09-19,12:20:00,3650.995,3651.415,3647.455,3648.045,0.1717
1758284700000,2025-09-19,12:25:00,3648.015,3648.845,3646.725,3647.355,0.1409
1758285000000,2025-09-19,12:30:00,3647.305,3649.235,3646.495,3648.655,0.1439
1758285300000,2025-09-19,12:35:00,3648.635,3649.305,3647.005,3647.748,0.1043
1758285600000,2025-09-19,12:40:00,3647.775,3648.448,3646.248,3647.048,0.1263
1758285900000,2025-09-19,12:45:00,3647.015,3647.998,3645.995,3646.925,0.1529
1758286200000,2025-09-19,12:50:00,3646.955,3649.025,3644.175,3648.905,0.1595
1758286500000,2025-09-19,12:55:00,3648.898,3649.585,3647.878,3649.125,0.1147
1758286800000,2025-09-19,13:00:00,3649.085,3649.455,3643.495,3647.295,0.2314
1758287100000,2025-09-19,13:05:00,3647.325,3647.435,3644.885,3645.895,0.1642
1758287400000,2025-09-19,13:10:00,3645.935,3653.495,3645.895,3653.335,0.1648
1758287700000,2025-09-19,13:15:00,3653.315,3655.195,3651.975,3653.635,0.1762
1758288000000,2025-09-19,13:20:00,3653.615,3654.645,3652.275,3653.775,0.1654
1758288300000,2025-09-19,13:25:00,3653.765,3655.755,3652.755,3655.745,0.1316
1758288600000,2025-09-19,13:30:00,3656.045,3656.948,3653.655,3656.605,0.3013
1758288900000,2025-09-19,13:35:00,3656.615,3658.715,3654.965,3655.335,0.27
1758289200000,2025-09-19,13:40:00,3655.325,3657.205,3653.985,3656.448,0.2787
1758289500000,2025-09-19,13:45:00,3656.445,3657.965,3654.205,3657.965,0.3424
1758289800000,2025-09-19,13:50:00,3657.935,3660.375,3657.855,3660.115,0.2169
1758290100000,2025-09-19,13:55:00,3660.115,3664.165,3659.325,3662.995,0.3045
1758290400000,2025-09-19,14:00:00,3663.045,3663.955,3660.865,3661.765,0.3401
1758290700000,2025-09-19,14:05:00,3661.745,3661.915,3659.008,3660.375,0.2312
1758291000000,2025-09-19,14:10:00,3660.325,3662.248,3659.395,3660.375,0.2207
1758291300000,2025-09-19,14:15:00,3660.325,3660.848,3656.155,3657.405,0.2311
1758291600000,2025-09-19,14:20:00,3657.385,3661.508,3656.155,3661.498,0.257
1758291900000,2025-09-19,14:25:00,3661.518,3664.255,3661.405,3663.835,0.2054
1758292200000,2025-09-19,14:30:00,3663.865,3665.225,3662.435,3662.735,0.2262
1758292500000,2025-09-19,14:35:00,3662.715,3665.675,3662.338,3665.215,0.1975
1758292800000,2025-09-19,14:40:00,3665.215,3665.575,3662.685,3664.385,0.1546
1758293100000,2025-09-19,14:45:00,3664.355,3665.465,3662.798,3664.245,0.1895
1758293400000,2025-09-19,14:50:00,3664.275,3668.148,3663.535,3667.748,0.2464
1758293700000,2025-09-19,14:55:00,3667.648,3669.035,3666.058,3666.805,0.4022
1758294000000,2025-09-19,15:00:00,3666.875,3669.998,3665.755,3668.525,0.2436
1758294300000,2025-09-19,15:05:00,3668.225,3668.665,3665.835,3666.795,0.2082
1758294600000,2025-09-19,15:10:00,3666.525,3672.255,3665.058,3672.065,0.2486
1758294900000,2025-09-19,15:15:00,3672.115,3673.238,3670.915,3672.745,0.203
1758295200000,2025-09-19,15:20:00,3672.765,3675.695,3672.705,3674.315,0.2114
1758295500000,2025-09-19,15:25:00,3674.345,3675.365,3670.515,3671.278,0.2049
1758295800000,2025-09-19,15:30:00,3671.278,3671.278,3667.598,3669.495,0.3523
1758296100000,2025-09-19,15:35:00,3669.515,3670.795,3668.445,3669.048,0.1851
1758296400000,2025-09-19,15:40:00,3669.048,3670.385,3668.498,3670.085,0.1945
1758296700000,2025-09-19,15:45:00,3670.035,3670.315,3668.425,3668.465,0.1245
1758297000000,2025-09-19,15:50:00,3668.495,3671.295,3668.385,3670.945,0.1516
1758297300000,2025-09-19,15:55:00,3670.915,3671.215,3670.225,3670.625,0.0945
1758297600000,2025-09-19,16:00:00,3670.655,3672.955,3670.625,3672.415,0.1415
1758297900000,2025-09-19,16:05:00,3672.415,3673.065,3671.585,3672.165,0.1413
1758298200000,2025-09-19,16:10:00,3672.195,3672.548,3667.698,3668.465,0.213
1758298500000,2025-09-19,16:15:00,3668.595,3669.795,3667.735,3668.495,0.1873
1758298800000,2025-09-19,16:20:00,3668.495,3669.785,3667.455,3667.615,0.1706
1758299100000,2025-09-19,16:25:00,3667.615,3668.485,3666.355,3668.025,0.1297
1758299400000,2025-09-19,16:30:00,3668.005,3668.845,3667.445,3668.615,0.0937
1758299700000,2025-09-19,16:35:00,3668.595,3669.448,3668.248,3669.148,0.1402
1758300000000,2025-09-19,16:40:00,3669.135,3670.285,3668.198,3670.248,0.128
1758300300000,2025-09-19,16:45:00,3670.225,3670.548,3668.775,3668.925,0.0907
1758300600000,2025-09-19,16:50:00,3668.955,3669.015,3667.865,3668.945,0.0826
1758300900000,2025-09-19,16:55:00,3668.965,3669.255,3667.198,3668.095,0.145
1758301200000,2025-09-19,17:00:00,3668.065,3669.865,3667.895,3669.785,0.0837
1758301500000,2025-09-19,17:05:00,3669.815,3670.375,3669.305,3669.905,0.079
1758301800000,2025-09-19,17:10:00,3669.925,3670.895,3669.305,3670.148,0.0712
1758302100000,2025-09-19,17:15:00,3670.185,3671.698,3670.025,3671.648,0.1655
1758302400000,2025-09-19,17:20:00,3671.648,3672.098,3670.865,3671.595,0.157
1758302700000,2025-09-19,17:25:00,3671.575,3671.975,3670.895,3671.555,0.1463
1758303000000,2025-09-19,17:30:00,3671.735,3672.248,3671.395,3671.598,0.1073
1758303300000,2025-09-19,17:35:00,3671.598,3672.925,3671.495,3672.465,0.143
1758303600000,2025-09-19,17:40:00,3672.465,3673.215,3672.245,3673.055,0.122
1758303900000,2025-09-19,17:45:00,3673.085,3678.475,3673.045,3676.435,0.2958
1758304200000,2025-09-19,17:50:00,3676.405,3679.095,3676.295,3678.698,0.2837
1758304500000,2025-09-19,17:55:00,3678.698,3679.265,3677.555,3678.405,0.1716
1758304800000,2025-09-19,18:00:00,3678.435,3679.498,3678.205,3679.048,0.4968
1758305100000,2025-09-19,18:05:00,3678.948,3679.745,3677.768,3679.245,0.3356
1758305400000,2025-09-19,18:10:00,3679.105,3680.075,3679.105,3679.585,0.253
1758305700000,2025-09-19,18:15:00,3679.585,3681.145,3679.395,3680.765,0.136
1758306000000,2025-09-19,18:20:00,3680.805,3682.605,3680.805,3682.535,0.103
1758306300000,2025-09-19,18:25:00,3682.535,3682.535,3681.335,3682.095,0.1074
1758306600000,2025-09-19,18:30:00,3682.195,3682.385,3680.525,3681.495,0.0974
1758306900000,2025-09-19,18:35:00,3681.435,3682.085,3681.235,3682.085,0.0661
1758307200000,2025-09-19,18:40:00,3682.085,3682.285,3681.545,3681.955,0.0474
1758307500000,2025-09-19,18:45:00,3681.998,3682.198,3681.005,3681.725,0.0546
1758307800000,2025-09-19,18:50:00,3681.745,3682.955,3681.715,3682.935,0.0517
1758308100000,2025-09-19,18:55:00,3682.985,3683.945,3682.805,3683.405,0.0659
1758308400000,2025-09-19,19:00:00,3683.415,3683.945,3682.835,3683.305,0.1422
1758308700000,2025-09-19,19:05:00,3683.349,3683.635,3682.185,3682.999,0.2279
1758309000000,2025-09-19,19:10:00,3682.999,3684.205,3682.909,3683.425,0.1373
1758309300000,2025-09-19,19:15:00,3683.445,3683.815,3682.865,3683.565,0.0728
1758309600000,2025-09-19,19:20:00,3683.539,3684.075,3683.065,3683.845,0.0946
1758309900000,2025-09-19,19:25:00,3683.815,3684.075,3683.439,3683.489,0.1345
1758310200000,2025-09-19,19:30:00,3683.489,3683.599,3681.339,3681.559,0.4452
1758310500000,2025-09-19,19:35:00,3681.599,3682.689,3681.219,3682.319,0.2431
1758310800000,2025-09-19,19:40:00,3682.249,3683.399,3681.645,3682.885,0.2389
1758311100000,2025-09-19,19:45:00,3682.929,3683.949,3682.579,3683.879,0.2879
1758311400000,2025-09-19,19:50:00,3683.879,3684.809,3683.749,3684.469,0.3361
1758311700000,2025-09-19,19:55:00,3684.449,3685.089,3683.889,3684.239,0.2964
1758312000000,2025-09-19,20:00:00,3684.279,3684.279,3682.269,3682.798,0.1547
1758312300000,2025-09-19,20:05:00,3682.798,3683.098,3681.948,3681.948,0.0885
1758312600000,2025-09-19,20:10:00,3681.895,3682.169,3681.405,3681.635,0.1071
1758312900000,2025-09-19,20:15:00,3681.555,3682.015,3680.765,3681.505,0.1265
1758313200000,2025-09-19,20:20:00,3681.455,3682.775,3681.425,3682.725,0.0628
1758313500000,2025-09-19,20:25:00,3682.695,3683.235,3682.445,3682.998,0.0434
1758313800000,2025-09-19,20:30:00,3682.998,3684.355,3682.475,3684.148,0.0348
1758314100000,2025-09-19,20:35:00,3684.048,3684.748,3683.835,3684.548,0.0651
1758314400000,2025-09-19,20:40:00,3684.548,3684.548,3683.448,3684.299,0.1136
1758314700000,2025-09-19,20:45:00,3684.249,3684.658,3683.898,3684.349,0.07
1758315000000,2025-09-19,20:50:00,3684.448,3684.599,3683.968,3684.348,0.0624
1758315300000,2025-09-19,20:55:00,3684.499,3684.649,3683.778,3684.489,0.0981
1758492000000,2025-09-21,22:00:00,3686.698,3687.848,3683.625,3687.698,0.1803
1758492300000,2025-09-21,22:05:00,3687.598,3687.648,3683.365,3686.748,0.1715
1758492600000,2025-09-21,22:10:00,3687.055,3687.798,3685.248,3687.698,0.1714
1758492900000,2025-09-21,22:15:00,3687.698,3688.345,3685.648,3686.705,0.0964
1758493200000,2025-09-21,22:20:00,3686.665,3690.785,3686.515,3690.785,0.0766
1758493500000,2025-09-21,22:25:00,3690.755,3691.895,3690.465,3690.965,0.1174
1758493800000,2025-09-21,22:30:00,3690.948,3690.955,3689.445,3690.535,0.1673
1758494100000,2025-09-21,22:35:00,3690.515,3690.535,3689.495,3689.545,0.0456
1758494400000,2025-09-21,22:40:00,3689.575,3690.885,3688.895,3690.505,0.0419
1758494700000,2025-09-21,22:45:00,3690.505,3690.955,3688.355,3688.515,0.0495
1758495000000,2025-09-21,22:50:00,3688.555,3689.165,3688.375,3688.705,0.0426
1758495300000,2025-09-21,22:55:00,3688.745,3688.745,3687.475,3687.948,0.0607
1758495600000,2025-09-21,23:00:00,3687.675,3688.448,3686.665,3688.248,0.0542
1758495900000,2025-09-21,23:05:00,3688.248,3688.998,3686.448,3686.898,0.0892
1758496200000,2025-09-21,23:10:00,3686.898,3687.235,3686.025,3686.725,0.0444
1758496500000,2025-09-21,23:15:00,3686.755,3688.065,3686.285,3688.045,0.0257
1758496800000,2025-09-21,23:20:00,3688.045,3689.975,3687.685,3689.975,0.0401
1758497100000,2025-09-21,23:25:00,3689.975,3690.245,3689.165,3689.305,0.0257
1758497400000,2025-09-21,23:30:00,3689.305,3689.495,3687.205,3688.498,0.0557
1758497700000,2025-09-21,23:35:00,3688.515,3688.515,3687.495,3688.195,0.0339
1758498000000,2025-09-21,23:40:00,3688.195,3688.348,3686.118,3686.175,0.0549
1758498300000,2025-09-21,23:45:00,3686.295,3687.748,3685.998,3686.948,0.1376
1758498600000,2025-09-21,23:50:00,3686.848,3687.348,3685.748,3686.048,0.0903
1758498900000,2025-09-21,23:55:00,3686.018,3686.785,3685.448,3686.065,0.1165
1758499200000,2025-09-22,00:00:00,3686.085,3688.035,3685.715,3686.995,0.1109
1758499500000,2025-09-22,00:05:00,3687.005,3687.935,3685.375,3686.165,0.1309
1758499800000,2025-09-22,00:10:00,3686.185,3690.565,3686.085,3690.298,0.1019
1758500100000,2025-09-22,00:15:00,3690.325,3690.555,3689.185,3689.575,0.0638
1758500400000,2025-09-22,00:20:00,3689.675,3690.148,3687.715,3687.835,0.0624
1758500700000,2025-09-22,00:25:00,3687.805,3689.615,3687.475,3689.385,0.1046
1758501000000,2025-09-22,00:30:00,3689.405,3690.465,3688.645,3688.645,0.0732
1758501300000,2025-09-22,00:35:00,3688.685,3690.465,3688.685,3689.755,0.053
1758501600000,2025-09-22,00:40:00,3689.755,3689.875,3688.835,3689.235,0.0456
1758501900000,2025-09-22,00:45:00,3689.275,3689.575,3688.705,3688.825,0.0362
1758502200000,2025-09-22,00:50:00,3688.865,3689.335,3687.545,3688.575,0.0905
1758502500000,2025-09-22,00:55:00,3688.555,3690.845,3687.315,3690.645,0.0874
1758502800000,2025-09-22,01:00:00,3690.685,3693.425,3688.465,3688.815,0.489
1758503100000,2025-09-22,01:05:00,3688.785,3692.435,3686.825,3692.255,0.1774
1758503400000,2025-09-22,01:10:00,3692.345,3695.155,3692.315,3694.465,0.2353
1758503700000,2025-09-22,01:15:00,3694.505,3696.525,3691.675,3692.525,0.2513
1758504000000,2025-09-22,01:20:00,3692.585,3694.165,3692.105,3693.135,0.1566
1758504300000,2025-09-22,01:25:00,3693.095,3693.875,3689.395,3689.805,0.1637
1758504600000,2025-09-22,01:30:00,3689.705,3693.105,3688.375,3691.485,0.1948
1758504900000,2025-09-22,01:35:00,3691.505,3692.555,3689.135,3689.935,0.2855
1758505200000,2025-09-22,01:40:00,3689.895,3690.795,3687.735,3688.038,0.3582
1758505500000,2025-09-22,01:45:00,3688.038,3690.265,3687.065,3687.465,0.1224
1758505800000,2025-09-22,01:50:00,3687.465,3689.275,3686.475,3687.475,0.1211
1758506100000,2025-09-22,01:55:00,3687.505,3689.915,3687.505,3689.175,0.1068
1758506400000,2025-09-22,02:00:00,3689.145,3690.685,3687.905,3689.985,0.1113
1758506700000,2025-09-22,02:05:00,3689.985,3691.235,3687.105,3689.385,0.133
1758507000000,2025-09-22,02:10:00,3689.365,3690.535,3687.455,3688.295,0.0786
1758507300000,2025-09-22,02:15:00,3688.325,3689.395,3687.715,3688.815,0.0743
1758507600000,2025-09-22,02:20:00,3688.795,3689.215,3688.015,3689.215,0.0476
1758507900000,2025-09-22,02:25:00,3689.255,3691.355,3689.235,3691.255,0.059
1758508200000,2025-09-22,02:30:00,3691.255,3693.145,3688.898,3688.898,0.1967
1758508500000,2025-09-22,02:35:00,3688.865,3688.865,3686.675,3687.715,0.406
1758508800000,2025-09-22,02:40:00,3687.685,3688.535,3686.005,3686.675,0.2008
1758509100000,2025-09-22,02:45:00,3686.655,3687.985,3685.235,3687.435,0.2309
1758509400000,2025-09-22,02:50:00,3687.415,3688.635,3687.245,3687.535,0.1024
1758509700000,2025-09-22,02:55:00,3687.515,3687.585,3686.115,3686.205,0.0761
1758510000000,2025-09-22,03:00:00,3686.175,3689.395,3685.775,3689.235,0.1114
1758510300000,2025-09-22,03:05:00,3689.235,3690.215,3688.775,3689.225,0.0832
1758510600000,2025-09-22,03:10:00,3689.195,3690.265,3688.725,3689.965,0.0783
1758510900000,2025-09-22,03:15:00,3689.935,3690.925,3688.985,3689.398,0.1237
1758511200000,2025-09-22,03:20:00,3689.275,3691.675,3688.635,3691.245,0.1313
1758511500000,2025-09-22,03:25:00,3691.275,3692.165,3690.715,3691.385,0.1335
1758511800000,2025-09-22,03:30:00,3691.365,3691.845,3690.905,3691.405,0.0551
1758512100000,2025-09-22,03:35:00,3691.345,3694.415,3691.135,3693.355,0.1692
1758512400000,2025-09-22,03:40:00,3693.355,3695.005,3693.265,3694.898,0.2141
1758512700000,2025-09-22,03:45:00,3694.825,3697.035,3694.325,3696.105,0.1526
1758513000000,2025-09-22,03:50:00,3696.135,3697.305,3696.085,3696.245,0.0873
1758513300000,2025-09-22,03:55:00,3696.265,3696.485,3694.845,3695.265,0.0643
1758513600000,2025-09-22,04:00:00,3695.265,3695.725,3693.905,3694.245,0.0931
1758513900000,2025-09-22,04:05:00,3694.275,3694.285,3692.695,3692.955,0.0997
1758514200000,2025-09-22,04:10:00,3692.985,3693.005,3691.515,3692.045,0.0918
1758514500000,2025-09-22,04:15:00,3692.015,3692.205,3691.345,3691.715,0.1014
1758514800000,2025-09-22,04:20:00,3691.715,3691.915,3690.548,3690.605,0.2227
1758515100000,2025-09-22,04:25:00,3690.575,3691.565,3690.575,3691.045,0.1574
1758515400000,2025-09-22,04:30:00,3691.085,3692.005,3690.695,3691.665,0.0965
1758515700000,2025-09-22,04:35:00,3691.695,3692.045,3689.795,3690.815,0.2066
1758516000000,2025-09-22,04:40:00,3690.835,3691.585,3690.805,3691.145,0.0275
1758516300000,2025-09-22,04:45:00,3691.095,3692.365,3690.915,3691.645,0.055
1758516600000,2025-09-22,04:50:00,3691.665,3691.885,3690.945,3691.665,0.0723
1758516900000,2025-09-22,04:55:00,3691.645,3692.345,3691.645,3691.975,0.0611
1758517200000,2025-09-22,05:00:00,3691.975,3693.015,3691.725,3692.785,0.0731
1758517500000,2025-09-22,05:05:00,3692.795,3693.955,3692.165,3692.905,0.1828
1758517800000,2025-09-22,05:10:00,3692.915,3693.955,3692.915,3693.625,0.0574
1758518100000,2025-09-22,05:15:00,3693.655,3696.685,3693.655,3696.015,0.1165
1758518400000,2025-09-22,05:20:00,3695.975,3697.495,3695.775,3697.195,0.076
1758518700000,2025-09-22,05:25:00,3697.245,3697.675,3695.835,3696.095,0.0921
1758519000000,2025-09-22,05:30:00,3696.125,3698.625,3695.765,3698.485,0.1655
1758519300000,2025-09-22,05:35:00,3698.615,3698.765,3696.875,3697.685,0.2102
1758519600000,2025-09-22,05:40:00,3697.715,3699.165,3697.545,3698.185,0.2024
1758519900000,2025-09-22,05:45:00,3698.205,3698.775,3697.395,3698.385,0.0807
1758520200000,2025-09-22,05:50:00,3698.415,3700.045,3696.405,3698.145,0.1141
1758520500000,2025-09-22,05:55:00,3698.185,3698.575,3696.045,3696.825,0.093
1758520800000,2025-09-22,06:00:00,3696.855,3698.485,3696.555,3696.615,0.0799
1758521100000,2025-09-22,06:05:00,3696.595,3700.435,3695.325,3699.635,0.1177
1758521400000,2025-09-22,06:10:00,3699.665,3700.605,3699.095,3700.455,0.0966
1758521700000,2025-09-22,06:15:00,3700.258,3700.775,3699.865,3700.375,0.0908
1758522000000,2025-09-22,06:20:00,3700.415,3702.335,3700.395,3701.985,0.1334
1758522300000,2025-09-22,06:25:00,3701.955,3706.205,3701.935,3706.005,0.1613
1758522600000,2025-09-22,06:30:00,3706.015,3709.285,3704.785,3708.625,0.1414
1758522900000,2025-09-22,06:35:00,3708.655,3714.045,3707.685,3713.175,0.2713
1758523200000,2025-09-22,06:40:00,3713.205,3716.948,3711.575,3716.715,0.2561
1758523500000,2025-09-22,06:45:00,3716.675,3719.645,3714.948,3719.555,0.2118
1758523800000,2025-09-22,06:50:00,3719.555,3719.595,3714.275,3714.498,0.2226
1758524100000,2025-09-22,06:55:00,3714.498,3716.265,3712.985,3714.145,0.1707
1758524400000,2025-09-22,07:00:00,3714.125,3714.458,3712.188,3713.605,0.1654
1758524700000,2025-09-22,07:05:00,3713.568,3714.465,3711.615,3712.175,0.1135
1758525000000,2025-09-22,07:10:00,3712.215,3712.215,3709.465,3711.255,0.1302
1758525300000,2025-09-22,07:15:00,3711.195,3712.415,3709.765,3710.885,0.1197
1758525600000,2025-09-22,07:20:00,3710.865,3711.065,3708.385,3709.245,0.1015
1758525900000,2025-09-22,07:25:00,3709.265,3713.535,3708.845,3713.285,0.219
1758526200000,2025-09-22,07:30:00,3713.335,3716.175,3712.705,3713.395,0.1718
1758526500000,2025-09-22,07:35:00,3713.365,3715.745,3712.658,3714.185,0.1179
1758526800000,2025-09-22,07:40:00,3714.175,3714.685,3712.225,3713.915,0.082
1758527100000,2025-09-22,07:45:00,3713.935,3714.975,3713.085,3713.085,0.0711
1758527400000,2025-09-22,07:50:00,3713.285,3714.515,3712.595,3713.575,0.0636
1758527700000,2025-09-22,07:55:00,3713.605,3714.425,3712.805,3713.045,0.0553
1758528000000,2025-09-22,08:00:00,3713.005,3716.848,3712.225,3716.805,0.124
1758528300000,2025-09-22,08:05:00,3716.848,3719.405,3715.445,3718.018,0.1277
1758528600000,2025-09-22,08:10:00,3717.965,3718.675,3716.758,3717.085,0.106
1758528900000,2025-09-22,08:15:00,3717.115,3719.055,3715.745,3716.278,0.092
1758529200000,2025-09-22,08:20:00,3716.268,3718.145,3716.005,3718.065,0.0757
1758529500000,2025-09-22,08:25:00,3718.065,3719.845,3717.565,3717.565,0.1115
1758529800000,2025-09-22,08:30:00,3717.535,3719.495,3717.445,3718.435,0.07
1758530100000,2025-09-22,08:35:00,3718.515,3719.915,3718.125,3718.505,0.0706
1758530400000,2025-09-22,08:40:00,3718.475,3722.145,3718.475,3721.855,0.0668
1758530700000,2025-09-22,08:45:00,3721.875,3722.215,3720.465,3720.535,0.0882
1758531000000,2025-09-22,08:50:00,3720.505,3721.605,3719.575,3721.435,0.0787
1758531300000,2025-09-22,08:55:00,3721.365,3721.485,3719.815,3720.028,0.1016
1758531600000,2025-09-22,09:00:00,3720.028,3721.435,3719.085,3719.945,0.1091
1758531900000,2025-09-22,09:05:00,3719.965,3721.535,3719.885,3721.325,0.0579
1758532200000,2025-09-22,09:10:00,3721.375,3721.535,3720.035,3720.215,0.0696
1758532500000,2025-09-22,09:15:00,3720.245,3724.155,3720.045,3724.155,0.092
1758532800000,2025-09-22,09:20:00,3724.235,3726.435,3723.185,3724.385,0.114
1758533100000,2025-09-22,09:25:00,3724.355,3726.025,3724.115,3725.035,0.168
1758533400000,2025-09-22,09:30:00,3725.015,3725.425,3720.938,3722.168,0.1731
1758533700000,2025-09-22,09:35:00,3722.045,3722.408,3720.925,3721.145,0.1528
1758534000000,2025-09-22,09:40:00,3721.175,3721.615,3720.425,3720.805,0.0767
1758534300000,2025-09-22,09:45:00,3720.855,3723.015,3720.495,3722.565,0.0889
1758534600000,2025-09-22,09:50:00,3722.635,3724.205,3722.565,3723.865,0.0714
1758534900000,2025-09-22,09:55:00,3723.955,3724.775,3722.748,3722.985,0.1174
1758535200000,2025-09-22,10:00:00,3723.025,3723.585,3721.968,3722.635,0.1476
1758535500000,2025-09-22,10:05:00,3722.685,3723.248,3720.785,3723.205,0.1047
1758535800000,2025-09-22,10:10:00,3723.225,3723.985,3722.275,3722.865,0.1376
1758536100000,2025-09-22,10:15:00,3722.828,3724.605,3722.725,3724.115,0.1071
1758536400000,2025-09-22,10:20:00,3724.185,3727.075,3723.825,3726.635,0.1186
1758536700000,2025-09-22,10:25:00,3726.605,3726.825,3724.975,3724.995,0.1087
1758537000000,2025-09-22,10:30:00,3725.035,3725.905,3724.655,3724.955,0.0845
1758537300000,2025-09-22,10:35:00,3724.925,3725.465,3722.948,3723.265,0.0865
1758537600000,2025-09-22,10:40:00,3723.215,3726.645,3723.065,3725.925,0.1044
1758537900000,2025-09-22,10:45:00,3725.905,3727.535,3725.815,3727.415,0.1071
1758538200000,2025-09-22,10:50:00,3727.445,3727.865,3726.835,3727.535,0.0839
1758538500000,2025-09-22,10:55:00,3727.565,3728.145,3725.975,3727.248,0.1179
1758538800000,2025-09-22,11:00:00,3727.265,3727.765,3725.575,3726.515,0.1156
1758539100000,2025-09-22,11:05:00,3726.515,3727.145,3725.765,3726.595,0.1043
1758539400000,2025-09-22,11:10:00,3726.365,3727.565,3726.255,3727.115,0.0529
1758539700000,2025-09-22,11:15:00,3727.115,3727.835,3726.395,3727.495,0.0641
1758540000000,2025-09-22,11:20:00,3727.475,3728.125,3725.755,3727.015,0.0914
1758540300000,2025-09-22,11:25:00,3727.055,3727.305,3725.465,3726.325,0.0717
1758540600000,2025-09-22,11:30:00,3726.355,3727.105,3725.875,3725.955,0.0654
1758540900000,2025-09-22,11:35:00,3725.955,3726.805,3725.255,3725.458,0.1112
1758541200000,2025-09-22,11:40:00,3725.465,3725.885,3721.455,3721.775,0.202
1758541500000,2025-09-22,11:45:00,3721.875,3724.075,3721.598,3721.998,0.2241
1758541800000,2025-09-22,11:50:00,3721.998,3724.265,3721.775,3722.085,0.1129
1758542100000,2025-09-22,11:55:00,3722.105,3724.505,3720.925,3724.475,0.2031
1758542400000,2025-09-22,12:00:00,3724.525,3725.198,3723.635,3723.635,0.1155
1758542700000,2025-09-22,12:05:00,3723.655,3724.425,3722.515,3723.425,0.0924
1758543000000,2025-09-22,12:10:00,3723.495,3723.955,3720.445,3720.575,0.2002
1758543300000,2025-09-22,12:15:00,3720.548,3722.405,3717.845,3717.905,0.3324
1758543600000,2025-09-22,12:20:00,3717.855,3718.715,3712.008,3713.035,0.4936
1758543900000,2025-09-22,12:25:00,3713.035,3715.635,3711.898,3715.125,0.2804
1758544200000,2025-09-22,12:30:00,3715.155,3717.315,3713.098,3716.705,0.2876
1758544500000,2025-09-22,12:35:00,3716.685,3718.645,3715.048,3716.765,0.4336
1758544800000,2025-09-22,12:40:00,3716.798,3717.375,3713.928,3714.805,0.3371
1758545100000,2025-09-22,12:45:00,3714.775,3719.645,3714.775,3719.295,0.2158
1758545400000,2025-09-22,12:50:00,3719.295,3722.935,3719.015,3720.725,0.2309
1758545700000,2025-09-22,12:55:00,3720.685,3721.775,3720.345,3721.375,0.1953
1758546000000,2025-09-22,13:00:00,3721.415,3724.648,3718.735,3722.255,0.4352
1758546300000,2025-09-22,13:05:00,3722.265,3724.648,3721.025,3723.265,0.2807
1758546600000,2025-09-22,13:10:00,3723.245,3723.515,3720.655,3722.275,0.2122
1758546900000,2025-09-22,13:15:00,3722.255,3723.635,3720.525,3723.505,0.1804
1758547200000,2025-09-22,13:20:00,3723.475,3725.325,3722.645,3723.665,0.1389
1758547500000,2025-09-22,13:25:00,3723.705,3724.085,3721.945,3722.975,0.1355
1758547800000,2025-09-22,13:30:00,3723.005,3725.048,3716.715,3717.125,0.4524
1758548100000,2025-09-22,13:35:00,3717.055,3722.115,3716.035,3719.875,0.3769
1758548400000,2025-09-22,13:40:00,3719.905,3723.615,3715.898,3717.225,0.4002
1758548700000,2025-09-22,13:45:00,3717.355,3717.655,3713.225,3714.048,0.3902
1758549000000,2025-09-22,13:50:00,3714.048,3720.548,3714.048,3719.948,0.452
1758549300000,2025-09-22,13:55:00,3719.948,3722.185,3719.175,3722.105,0.2721
1758549600000,2025-09-22,14:00:00,3722.125,3723.098,3716.575,3717.855,0.3903
1758549900000,2025-09-22,14:05:00,3717.875,3722.898,3716.955,3722.375,0.3191
1758550200000,2025-09-22,14:10:00,3722.495,3722.495,3719.515,3720.005,0.2882
1758550500000,2025-09-22,14:15:00,3720.005,3721.525,3718.015,3718.385,0.2908
1758550800000,2025-09-22,14:20:00,3718.415,3720.775,3716.945,3720.325,0.3122
1758551100000,2025-09-22,14:25:00,3720.365,3721.825,3718.248,3721.335,0.2414
1758551400000,2025-09-22,14:30:00,3721.365,3721.855,3718.845,3719.365,0.1968
1758551700000,2025-09-22,14:35:00,3719.335,3720.685,3716.975,3719.248,0.2396
1758552000000,2025-09-22,14:40:00,3719.148,3719.448,3716.525,3718.925,0.2509
1758552300000,2025-09-22,14:45:00,3718.925,3720.545,3718.895,3719.765,0.1472
1758552600000,2025-09-22,14:50:00,3719.765,3725.815,3719.655,3725.055,0.2225
1758552900000,2025-09-22,14:55:00,3725.148,3726.085,3723.695,3725.665,0.1934
1758553200000,2025-09-22,15:00:00,3725.775,3726.285,3723.445,3724.725,0.2227
1758553500000,2025-09-22,15:05:00,3724.495,3727.465,3724.495,3726.975,0.33
1758553800000,2025-09-22,15:10:00,3726.955,3726.955,3724.458,3725.025,0.1331
1758554100000,2025-09-22,15:15:00,3725.005,3726.335,3724.165,3726.225,0.1905
1758554400000,2025-09-22,15:20:00,3726.245,3729.005,3725.675,3729.005,0.1422
1758554700000,2025-09-22,15:25:00,3729.035,3731.685,3727.685,3731.245,0.1805
1758555000000,2025-09-22,15:30:00,3731.265,3732.795,3730.855,3732.348,0.2816
1758555300000,2025-09-22,15:35:00,3732.388,3733.975,3730.435,3733.315,0.3372
1758555600000,2025-09-22,15:40:00,3733.335,3733.455,3731.745,3732.875,0.1411
1758555900000,2025-09-22,15:45:00,3732.905,3735.165,3732.825,3735.125,0.1248
1758556200000,2025-09-22,15:50:00,3735.155,3735.975,3734.285,3734.795,0.1105
1758556500000,2025-09-22,15:55:00,3734.825,3736.215,3734.795,3736.035,0.1317
1758556800000,2025-09-22,16:00:00,3736.005,3737.945,3735.235,3737.925,0.2152
1758557100000,2025-09-22,16:05:00,3737.925,3738.155,3736.495,3737.278,0.2669
1758557400000,2025-09-22,16:10:00,3737.278,3738.885,3734.955,3735.375,0.1606
1758557700000,2025-09-22,16:15:00,3735.405,3738.175,3735.295,3736.305,0.1142
1758558000000,2025-09-22,16:20:00,3736.285,3737.095,3735.865,3736.345,0.1199
1758558300000,2025-09-22,16:25:00,3736.395,3737.545,3736.085,3736.455,0.0986
1758558600000,2025-09-22,16:30:00,3736.485,3738.565,3736.485,3738.155,0.0829
1758558900000,2025-09-22,16:35:00,3738.155,3738.315,3736.965,3737.605,0.0954
1758559200000,2025-09-22,16:40:00,3737.625,3739.235,3736.625,3739.215,0.093
1758559500000,2025-09-22,16:45:00,3738.975,3739.365,3738.215,3738.748,0.1227
1758559800000,2025-09-22,16:50:00,3738.758,3738.758,3736.095,3737.165,0.1095
1758560100000,2025-09-22,16:55:00,3737.215,3737.285,3736.255,3736.835,0.0887
1758560400000,2025-09-22,17:00:00,3736.948,3738.498,3736.935,3738.298,0.1071
1758560700000,2025-09-22,17:05:00,3738.398,3740.898,3737.798,3740.52,0.0763
1758561000000,2025-09-22,17:10:00,3740.498,3740.598,3739.248,3739.708,0.1601
1758561300000,2025-09-22,17:15:00,3739.708,3739.948,3738.965,3739.458,0.1272
1758561600000,2025-09-22,17:20:00,3739.458,3740.105,3738.285,3739.875,0.1266
1758561900000,2025-09-22,17:25:00,3739.895,3741.455,3739.448,3739.888,0.1814
1758562200000,2025-09-22,17:30:00,3739.908,3743.398,3739.908,3742.685,0.1436
1758562500000,2025-09-22,17:35:00,3742.675,3745.125,3741.908,3744.915,0.0987
1758562800000,2025-09-22,17:40:00,3744.885,3745.885,3744.798,3745.665,0.1281
1758563100000,2025-09-22,17:45:00,3745.645,3746.248,3744.588,3745.565,0.1253
1758563400000,2025-09-22,17:50:00,3745.605,3746.825,3745.285,3746.795,0.0842
1758563700000,2025-09-22,17:55:00,3746.765,3747.035,3746.098,3746.365,0.07
1758564000000,2025-09-22,18:00:00,3746.385,3746.935,3745.885,3746.385,0.0766
1758564300000,2025-09-22,18:05:00,3746.355,3746.555,3745.295,3745.625,0.0803
1758564600000,2025-09-22,18:10:00,3745.655,3746.495,3745.265,3745.635,0.0497
1758564900000,2025-09-22,18:15:00,3745.618,3746.205,3745.215,3745.258,0.044
1758565200000,2025-09-22,18:20:00,3745.278,3747.275,3744.905,3747.225,0.0901
1758565500000,2025-09-22,18:25:00,3747.257,3747.425,3745.635,3745.735,0.0527
1758565800000,2025-09-22,18:30:00,3745.755,3746.535,3744.395,3745.755,0.0719
1758566100000,2025-09-22,18:35:00,3745.735,3746.245,3745.265,3745.845,0.0436
1758566400000,2025-09-22,18:40:00,3745.805,3746.015,3745.195,3745.225,0.0487
1758566700000,2025-09-22,18:45:00,3745.225,3745.985,3745.195,3745.575,0.0442
1758567000000,2025-09-22,18:50:00,3745.615,3746.948,3745.435,3746.865,0.0493
1758567300000,2025-09-22,18:55:00,3746.845,3747.848,3746.655,3747.398,0.0823
1758567600000,2025-09-22,19:00:00,3747.398,3748.535,3747.345,3747.985,0.1167
1758567900000,2025-09-22,19:05:00,3748.015,3748.035,3747.148,3747.575,0.1773
1758568200000,2025-09-22,19:10:00,3747.505,3748.305,3747.055,3747.345,0.1265
1758568500000,2025-09-22,19:15:00,3747.315,3748.055,3747.098,3747.098,0.1166
1758568800000,2025-09-22,19:20:00,3747.098,3747.348,3745.545,3746.165,0.1499
1758569100000,2025-09-22,19:25:00,3746.055,3746.485,3743.368,3743.665,0.1465
1758569400000,2025-09-22,19:30:00,3743.685,3745.605,3742.225,3744.545,0.1112
1758569700000,2025-09-22,19:35:00,3744.515,3746.985,3744.515,3746.645,0.0984
1758570000000,2025-09-22,19:40:00,3746.625,3746.625,3745.305,3745.525,0.0867
1758570300000,2025-09-22,19:45:00,3745.525,3746.945,3745.205,3746.935,0.0672
1758570600000,2025-09-22,19:50:00,3746.915,3748.285,3746.855,3747.975,0.1796
1758570900000,2025-09-22,19:55:00,3747.985,3748.405,3747.418,3747.505,0.3227
1758571200000,2025-09-22,20:00:00,3747.418,3748.195,3746.928,3746.965,0.0984
1758571500000,2025-09-22,20:05:00,3746.928,3747.148,3746.045,3746.465,0.0446
1758571800000,2025-09-22,20:10:00,3746.548,3747.055,3745.498,3745.498,0.0683
1758572100000,2025-09-22,20:15:00,3745.598,3746.148,3745.208,3745.985,0.0485
1758572400000,2025-09-22,20:20:00,3746.048,3746.805,3746.025,3746.535,0.0292
1758572700000,2025-09-22,20:25:00,3746.535,3747.675,3746.535,3747.515,0.0185
1758573000000,2025-09-22,20:30:00,3747.485,3748.355,3747.155,3747.355,0.039
1758573300000,2025-09-22,20:35:00,3747.355,3747.805,3746.845,3747.265,0.0273
1758573600000,2025-09-22,20:40:00,3747.295,3747.825,3746.925,3747.605,0.0237
1758573900000,2025-09-22,20:45:00,3747.575,3748.275,3747.285,3747.915,0.033
1758574200000,2025-09-22,20:50:00,3747.915,3748.048,3746.665,3746.815,0.0494
1758574500000,2025-09-22,20:55:00,3746.785,3746.848,3745.285,3745.845,0.0773
1758578400000,2025-09-22,22:00:00,3745.698,3746.748,3744.498,3746.548,0.0757
1758578700000,2025-09-22,22:05:00,3746.448,3747.425,3746.348,3747.115,0.023
1758579000000,2025-09-22,22:10:00,3747.075,3747.145,3744.545,3744.705,0.0211
1758579300000,2025-09-22,22:15:00,3744.735,3745.855,3744.685,3745.375,0.0217
1758579600000,2025-09-22,22:20:00,3745.355,3745.525,3743.575,3743.648,0.0269
1758579900000,2025-09-22,22:25:00,3743.848,3744.098,3743.065,3743.115,0.033
1758580200000,2025-09-22,22:30:00,3743.598,3745.175,3743.548,3743.648,0.0501
1758580500000,2025-09-22,22:35:00,3743.748,3744.015,3741.625,3742.375,0.0505
1758580800000,2025-09-22,22:40:00,3742.405,3742.985,3740.915,3741.505,0.0388
1758581100000,2025-09-22,22:45:00,3741.625,3741.685,3738.798,3740.525,0.0654
1758581400000,2025-09-22,22:50:00,3741.048,3741.715,3737.728,3738.098,0.0841
1758581700000,2025-09-22,22:55:00,3738.105,3740.215,3738.098,3739.598,0.054
1758582000000,2025-09-22,23:00:00,3739.475,3739.975,3738.535,3739.398,0.0584
1758582300000,2025-09-22,23:05:00,3739.378,3741.948,3739.315,3741.298,0.0692
1758582600000,2025-09-22,23:10:00,3741.398,3742.275,3740.855,3742.275,0.0307
1758582900000,2025-09-22,23:15:00,3742.275,3743.525,3742.075,3742.365,0.0516
1758583200000,2025-09-22,23:20:00,3742.225,3748.905,3742.205,3746.355,0.1178
1758583500000,2025-09-22,23:25:00,3746.335,3748.155,3745.395,3746.565,0.0651
1758583800000,2025-09-22,23:30:00,3746.475,3747.935,3745.548,3746.815,0.0367
1758584100000,2025-09-22,23:35:00,3746.835,3747.375,3745.725,3746.605,0.0384
1758584400000,2025-09-22,23:40:00,3746.585,3747.255,3746.265,3746.895,0.0385
1758584700000,2025-09-22,23:45:00,3746.915,3748.948,3746.915,3748.548,0.0793
1758585000000,2025-09-22,23:50:00,3748.648,3748.748,3746.398,3746.598,0.0774
1758585300000,2025-09-22,23:55:00,3746.598,3747.698,3746.498,3747.598,0.1299
1758585600000,2025-09-23,00:00:00,3747.598,3748.748,3747.298,3748.065,0.1589
1758585900000,2025-09-23,00:05:00,3748.085,3748.355,3746.455,3747.595,0.067
1758586200000,2025-09-23,00:10:00,3747.545,3747.965,3746.275,3746.648,0.0565
1758586500000,2025-09-23,00:15:00,3746.648,3746.748,3745.445,3745.798,0.1433
1758586800000,2025-09-23,00:20:00,3745.798,3746.448,3744.785,3746.305,0.0927
1758587100000,2025-09-23,00:25:00,3746.265,3748.848,3746.155,3748.735,0.102
1758587400000,2025-09-23,00:30:00,3748.655,3749.065,3747.405,3748.305,0.0932
1758587700000,2025-09-23,00:35:00,3748.405,3749.275,3746.775,3748.885,0.0764
1758588000000,2025-09-23,00:40:00,3748.895,3749.285,3748.475,3749.085,0.062
1758588300000,2025-09-23,00:45:00,3749.125,3750.435,3747.348,3748.075,0.4794
1758588600000,2025-09-23,00:50:00,3748.065,3748.265,3746.148,3746.448,0.325
1758588900000,2025-09-23,00:55:00,3746.448,3747.548,3746.048,3746.985,0.1546
1758589200000,2025-09-23,01:00:00,3746.985,3750.005,3745.358,3749.705,0.4259
1758589500000,2025-09-23,01:05:00,3749.705,3755.225,3749.705,3752.215,0.3802
1758589800000,2025-09-23,01:10:00,3752.275,3754.948,3751.875,3754.505,0.3687
1758590100000,2025-09-23,01:15:00,3754.515,3757.735,3754.375,3756.698,0.2794
1758590400000,2025-09-23,01:20:00,3756.698,3756.698,3751.635,3753.125,0.3697
1758590700000,2025-09-23,01:25:00,3753.275,3753.305,3747.475,3749.595,0.2832
1758591000000,2025-09-23,01:30:00,3749.555,3752.458,3747.505,3751.575,0.2145
1758591300000,2025-09-23,01:35:00,3751.615,3754.175,3750.935,3753.998,0.1331
1758591600000,2025-09-23,01:40:00,3754.035,3758.485,3753.765,3756.805,0.2287
1758591900000,2025-09-23,01:45:00,3756.825,3759.035,3755.745,3756.205,0.1582
1758592200000,2025-09-23,01:50:00,3756.245,3756.355,3753.165,3755.235,0.1647
1758592500000,2025-09-23,01:55:00,3755.298,3755.765,3754.055,3754.365,0.1072
1758592800000,2025-09-23,02:00:00,3754.335,3755.185,3750.285,3750.335,0.1881
1758593100000,2025-09-23,02:05:00,3750.265,3751.798,3746.295,3746.995,0.2555
1758593400000,2025-09-23,02:10:00,3747.095,3748.095,3740.748,3743.405,0.3866
1758593700000,2025-09-23,02:15:00,3743.585,3744.565,3741.905,3742.025,0.222
1758594000000,2025-09-23,02:20:00,3742.055,3745.305,3741.598,3742.298,0.2165
1758594300000,2025-09-23,02:25:00,3742.098,3743.598,3740.945,3742.635,0.231
1758594600000,2025-09-23,02:30:00,3742.635,3744.415,3739.855,3741.895,0.2358
1758594900000,2025-09-23,02:35:00,3741.825,3744.305,3741.245,3743.898,0.2503
1758595200000,2025-09-23,02:40:00,3743.798,3744.298,3742.165,3742.185,0.2371
1758595500000,2025-09-23,02:45:00,3742.255,3743.885,3739.105,3740.045,0.1942
1758595800000,2025-09-23,02:50:00,3740.045,3740.865,3738.405,3739.335,0.164
1758596100000,2025-09-23,02:55:00,3739.375,3741.985,3736.455,3741.595,0.2163
1758596400000,2025-09-23,03:00:00,3741.575,3742.115,3739.645,3739.975,0.1623
1758596700000,2025-09-23,03:05:00,3739.975,3740.705,3738.895,3740.705,0.1426
1758597000000,2025-09-23,03:10:00,3740.685,3741.785,3738.955,3738.955,0.1187
1758597300000,2025-09-23,03:15:00,3739.045,3741.325,3738.955,3740.665,0.1483
1758597600000,2025-09-23,03:20:00,3740.665,3744.285,3740.665,3743.155,0.376
1758597900000,2025-09-23,03:25:00,3743.075,3743.705,3741.768,3742.675,0.1424
1758598200000,2025-09-23,03:30:00,3742.415,3743.655,3742.105,3743.305,0.0921
1758598500000,2025-09-23,03:35:00,3743.255,3743.655,3741.535,3742.295,0.1261
1758598800000,2025-09-23,03:40:00,3742.315,3744.045,3742.205,3743.805,0.0723
1758599100000,2025-09-23,03:45:00,3743.765,3746.925,3743.695,3746.315,0.1177
1758599400000,2025-09-23,03:50:00,3746.275,3746.335,3745.045,3745.765,0.0968
1758599700000,2025-09-23,03:55:00,3745.735,3746.455,3745.335,3746.415,0.077
1758600000000,2025-09-23,04:00:00,3746.395,3747.315,3746.055,3746.255,0.0768
1758600300000,2025-09-23,04:05:00,3746.225,3746.225,3743.455,3744.565,0.0746
1758600600000,2025-09-23,04:10:00,3744.595,3745.205,3744.015,3745.115,0.0492
1758600900000,2025-09-23,04:15:00,3745.115,3745.115,3743.025,3744.275,0.0906
1758601200000,2025-09-23,04:20:00,3744.275,3745.165,3744.155,3745.145,0.0537
1758601500000,2025-09-23,04:25:00,3745.175,3746.405,3744.085,3745.825,0.0919
1758601800000,2025-09-23,04:30:00,3745.845,3745.885,3744.355,3745.405,0.1028
1758602100000,2025-09-23,04:35:00,3745.375,3746.525,3745.045,3746.505,0.0388
1758602400000,2025-09-23,04:40:00,3746.485,3747.195,3746.315,3746.815,0.0386
1758602700000,2025-09-23,04:45:00,3746.845,3746.875,3745,3745,0.0477
1758603000000,2025-09-23,04:50:00,3745,3745.435,3743.415,3743.725,0.0606
1758603300000,2025-09-23,04:55:00,3743.725,3744.885,3743.385,3744.605,0.0765
1758603600000,2025-09-23,05:00:00,3744.565,3746.255,3743.115,3745.425,0.0962
1758603900000,2025-09-23,05:05:00,3745.395,3746.285,3744.985,3746.005,0.061
1758604200000,2025-09-23,05:10:00,3745.975,3747.125,3745.465,3746.145,0.0718
1758604500000,2025-09-23,05:15:00,3746.105,3748.005,3745.995,3747.365,0.055
1758604800000,2025-09-23,05:20:00,3747.295,3747.545,3746.065,3747.495,0.0476
1758605100000,2025-09-23,05:25:00,3747.495,3750.125,3747.445,3749.985,0.0898
1758605400000,2025-09-23,05:30:00,3749.785,3754.095,3749.335,3753.585,0.1822
1758605700000,2025-09-23,05:35:00,3753.545,3756.445,3753.465,3755.825,0.2227
1758606000000,2025-09-23,05:40:00,3755.785,3757.135,3754.865,3757.135,0.2651
1758606300000,2025-09-23,05:45:00,3757.085,3758.615,3755.755,3757.535,0.324
1758606600000,2025-09-23,05:50:00,3757.505,3757.895,3753.385,3755.855,0.3989
1758606900000,2025-09-23,05:55:00,3755.855,3756.825,3752.895,3752.965,0.4324
1758607200000,2025-09-23,06:00:00,3752.955,3754.105,3751.055,3753.025,0.3593
1758607500000,2025-09-23,06:05:00,3752.955,3755.575,3752.895,3755.215,0.3505
1758607800000,2025-09-23,06:10:00,3755.175,3755.275,3753.698,3754.375,0.3521
1758608100000,2025-09-23,06:15:00,3754.435,3754.975,3753.395,3754.495,0.3326
1758608400000,2025-09-23,06:20:00,3754.505,3756.815,3753.225,3756.145,0.2845
1758608700000,2025-09-23,06:25:00,3756.055,3757.205,3755.745,3756.345,0.2328
1758609000000,2025-09-23,06:30:00,3756.355,3756.635,3754.225,3754.255,0.272
1758609300000,2025-09-23,06:35:00,3754.285,3755.345,3752.665,3753.605,0.1566
1758609600000,2025-09-23,06:40:00,3753.585,3754.975,3751.905,3752.925,0.444
1758609900000,2025-09-23,06:45:00,3752.845,3756.389,3752.735,3755.785,0.3777
1758610200000,2025-09-23,06:50:00,3755.765,3756.145,3754.285,3755.185,0.1031
1758610500000,2025-09-23,06:55:00,3755.155,3755.355,3753.265,3753.665,0.1228
1758610800000,2025-09-23,07:00:00,3753.598,3753.665,3750.778,3751.035,0.1521
1758611100000,2025-09-23,07:05:00,3751.225,3751.505,3749.105,3749.765,0.2502
1758611400000,2025-09-23,07:10:00,3749.815,3752.915,3748.725,3752.785,0.3025
1758611700000,2025-09-23,07:15:00,3752.785,3752.785,3750.848,3751.655,0.261
1758612000000,2025-09-23,07:20:00,3751.685,3753.875,3750.575,3753.875,0.1809
1758612300000,2025-09-23,07:25:00,3753.965,3755.365,3753.578,3754.695,0.1858
1758612600000,2025-09-23,07:30:00,3754.745,3757.085,3754.358,3755.825,0.1576
1758612900000,2025-09-23,07:35:00,3755.895,3757.225,3754.225,3754.235,0.1005
1758613200000,2025-09-23,07:40:00,3754.155,3754.765,3752.905,3754.348,0.0894
1758613500000,2025-09-23,07:45:00,3754.335,3755.345,3753.685,3754.345,0.1207
1758613800000,2025-09-23,07:50:00,3754.295,3755.895,3754.045,3755.085,0.1548
1758614100000,2025-09-23,07:55:00,3755.105,3755.215,3751.758,3753.165,0.1685
1758614400000,2025-09-23,08:00:00,3753.125,3755.495,3752.905,3755.495,0.1123
1758614700000,2025-09-23,08:05:00,3755.485,3755.665,3752.945,3753.915,0.084
1758615000000,2025-09-23,08:10:00,3753.915,3755.355,3753.865,3754.875,0.0559
1758615300000,2025-09-23,08:15:00,3754.915,3758.905,3754.705,3758.565,0.1441
1758615600000,2025-09-23,08:20:00,3758.605,3758.729,3756.985,3757.235,0.1307
1758615900000,2025-09-23,08:25:00,3757.255,3759.405,3756.915,3759.205,0.0833
1758616200000,2025-09-23,08:30:00,3759.055,3765.685,3758.985,3763.955,0.1812
1758616500000,2025-09-23,08:35:00,3763.945,3767.335,3763.475,3767.335,0.1587
1758616800000,2025-09-23,08:40:00,3767.355,3770.095,3766.148,3769.925,0.1988
1758617100000,2025-09-23,08:45:00,3769.955,3774.855,3768.965,3773.855,0.2792
1758617400000,2025-09-23,08:50:00,3773.948,3774.905,3771.068,3774.205,0.3404
1758617700000,2025-09-23,08:55:00,3774.245,3774.995,3773.325,3774.145,0.1682
1758618000000,2025-09-23,09:00:00,3774.175,3780.248,3774.005,3778.155,0.2461
1758618300000,2025-09-23,09:05:00,3778.135,3781.525,3776.695,3781.215,0.1762
1758618600000,2025-09-23,09:10:00,3781.295,3784.995,3780.245,3784.095,0.2168
1758618900000,2025-09-23,09:15:00,3784.145,3784.445,3782.035,3783.435,0.1885
1758619200000,2025-09-23,09:20:00,3783.455,3790.865,3782.635,3790.155,0.2287
1758619500000,2025-09-23,09:25:00,3790.175,3790.175,3784.985,3786.815,0.243
1758619800000,2025-09-23,09:30:00,3786.775,3787.435,3784.178,3784.955,0.1785
1758620100000,2025-09-23,09:35:00,3784.925,3785.165,3782.398,3783.968,0.2721
1758620400000,2025-09-23,09:40:00,3783.958,3784.275,3778.038,3778.038,0.2175
1758620700000,2025-09-23,09:45:00,3778.038,3781.248,3778.038,3780.348,0.1881
1758621000000,2025-09-23,09:50:00,3780.248,3784.095,3779.985,3783.235,0.17
1758621300000,2025-09-23,09:55:00,3783.255,3786.048,3783.255,3784.645,0.1729
1758621600000,2025-09-23,10:00:00,3784.675,3784.985,3783.065,3783.185,0.1061
1758621900000,2025-09-23,10:05:00,3783.205,3785.395,3782.595,3784.565,0.1121
1758622200000,2025-09-23,10:10:00,3784.625,3786.205,3783.875,3785.895,0.095
1758622500000,2025-09-23,10:15:00,3785.875,3787.648,3784.825,3787.348,0.1744
1758622800000,2025-09-23,10:20:00,3787.348,3787.548,3785.705,3786.385,0.1577
1758623100000,2025-09-23,10:25:00,3786.348,3786.515,3781.308,3782.248,0.2722
1758623400000,2025-09-23,10:30:00,3782.205,3784.955,3782.205,3783.445,0.1676
1758623700000,2025-09-23,10:35:00,3783.335,3785.105,3782.735,3784.355,0.0804
1758624000000,2025-09-23,10:40:00,3784.375,3784.635,3782.485,3782.858,0.156
1758624300000,2025-09-23,10:45:00,3782.825,3783.775,3781.635,3782.775,0.1397
1758624600000,2025-09-23,10:50:00,3782.805,3783.225,3780.585,3781.175,0.1359
1758624900000,2025-09-23,10:55:00,3781.195,3782.975,3780.625,3782.775,0.1149
1758625200000,2025-09-23,11:00:00,3782.805,3783.915,3781.555,3782.965,0.1347
1758625500000,2025-09-23,11:05:00,3782.945,3783.925,3782.275,3782.575,0.1058
1758625800000,2025-09-23,11:10:00,3782.545,3782.645,3779.455,3780.175,0.1543
1758626100000,2025-09-23,11:15:00,3780.205,3783.175,3779.795,3782.025,0.1237
1758626400000,2025-09-23,11:20:00,3782.075,3785.985,3781.615,3785.715,0.0974
1758626700000,2025-09-23,11:25:00,3785.685,3788.645,3784.195,3787.965,0.1432
1758627000000,2025-09-23,11:30:00,3788.095,3788.345,3783.885,3784.125,0.3309
1758627300000,2025-09-23,11:35:00,3784.105,3784.805,3782.395,3783.198,0.2474
1758627600000,2025-09-23,11:40:00,3783.198,3784.175,3781.965,3782.858,0.1073
1758627900000,2025-09-23,11:45:00,3782.858,3784.338,3781.435,3781.918,0.115
1758628200000,2025-09-23,11:50:00,3781.938,3783.548,3780.195,3783.548,0.1951
1758628500000,2025-09-23,11:55:00,3783.448,3784.145,3781.685,3783.375,0.1272
1758628800000,2025-09-23,12:00:00,3783.395,3783.535,3780.538,3782.548,0.1608
1758629100000,2025-09-23,12:05:00,3782.548,3782.548,3779.685,3780.545,0.1182
1758629400000,2025-09-23,12:10:00,3780.585,3781.015,3777.365,3779.175,0.1583
1758629700000,2025-09-23,12:15:00,3779.205,3784.325,3779.075,3783.305,0.13
1758630000000,2025-09-23,12:20:00,3783.285,3784.675,3780.635,3781.425,0.1848
1758630300000,2025-09-23,12:25:00,3781.405,3781.525,3777.235,3780.948,0.1973
1758630600000,2025-09-23,12:30:00,3780.865,3783.398,3779.185,3782.885,0.229
1758630900000,2025-09-23,12:35:00,3782.865,3783.675,3782.035,3783.155,0.1123
1758631200000,2025-09-23,12:40:00,3783.145,3784.455,3782.325,3784.165,0.1035
1758631500000,2025-09-23,12:45:00,3784.145,3785.175,3783.585,3784.405,0.1124
1758631800000,2025-09-23,12:50:00,3784.325,3784.998,3783.565,3784.215,0.1128
1758632100000,2025-09-23,12:55:00,3784.245,3784.905,3783.535,3784.065,0.0912
1758632400000,2025-09-23,13:00:00,3784.135,3786.798,3782.515,3784.385,0.3262
1758632700000,2025-09-23,13:05:00,3784.355,3785.705,3782.955,3785.305,0.2288
1758633000000,2025-09-23,13:10:00,3785.285,3787.748,3783.895,3786.598,0.2097
1758633300000,2025-09-23,13:15:00,3786.598,3787.458,3782.575,3782.575,0.1997
1758633600000,2025-09-23,13:20:00,3782.625,3783.915,3780.815,3782.165,0.2118
1758633900000,2025-09-23,13:25:00,3782.195,3785.965,3781.865,3783.278,0.1684
1758634200000,2025-09-23,13:30:00,3783.278,3785.915,3780.195,3785.355,0.353
1758634500000,2025-09-23,13:35:00,3785.398,3787.148,3784.725,3786.565,0.2815
1758634800000,2025-09-23,13:40:00,3786.525,3788.648,3782.925,3783.868,0.2959
1758635100000,2025-09-23,13:45:00,3783.868,3785.948,3778.998,3779.008,0.3828
1758635400000,2025-09-23,13:50:00,3779.008,3779.038,3773.725,3778.318,0.5085
1758635700000,2025-09-23,13:55:00,3778.398,3783.948,3776.898,3783.498,0.4542
1758636000000,2025-09-23,14:00:00,3783.498,3784.648,3777.725,3777.735,0.4352
1758636300000,2025-09-23,14:05:00,3777.559,3778.148,3773.275,3777.055,0.49
1758636600000,2025-09-23,14:10:00,3777.085,3780.048,3775.975,3776.658,0.4429
1758636900000,2025-09-23,14:15:00,3776.715,3777.705,3770.998,3772.695,0.4888
1758637200000,2025-09-23,14:20:00,3772.675,3773.125,3767.185,3768.175,0.3677
1758637500000,2025-09-23,14:25:00,3768.205,3771.825,3767.865,3770.785,0.3141
1758637800000,2025-09-23,14:30:00,3770.835,3775.185,3770.615,3775.065,0.32
1758638100000,2025-09-23,14:35:00,3775.035,3775.095,3771.045,3773.648,0.2156
1758638400000,2025-09-23,14:40:00,3773.628,3774.125,3771.138,3773.075,0.1546
1758638700000,2025-09-23,14:45:00,3772.918,3773.795,3770.885,3773.515,0.1523
1758639000000,2025-09-23,14:50:00,3773.435,3775.015,3772.245,3773.795,0.1787
1758639300000,2025-09-23,14:55:00,3773.795,3775.135,3772.715,3773.885,0.1859
1758639600000,2025-09-23,15:00:00,3773.885,3774.595,3772.705,3774.095,0.1625
1758639900000,2025-09-23,15:05:00,3773.965,3775.835,3772.655,3775.535,0.1423
1758640200000,2025-09-23,15:10:00,3775.555,3779.385,3775.485,3778.838,0.1512
1758640500000,2025-09-23,15:15:00,3778.835,3780.175,3778.305,3779.575,0.1259
1758640800000,2025-09-23,15:20:00,3779.545,3779.545,3777.355,3777.655,0.1366
1758641100000,2025-09-23,15:25:00,3777.625,3780.185,3777.325,3780.145,0.1068
1758641400000,2025-09-23,15:30:00,3780.165,3781.785,3778.598,3778.655,0.145
1758641700000,2025-09-23,15:35:00,3778.675,3779.978,3778.498,3779.315,0.1334
1758642000000,2025-09-23,15:40:00,3779.285,3780.205,3778.548,3778.858,0.109
1758642300000,2025-09-23,15:45:00,3778.805,3779.355,3775.825,3776.655,0.135
1758642600000,2025-09-23,15:50:00,3776.695,3777.825,3775.405,3775.685,0.1553
1758642900000,2025-09-23,15:55:00,3775.715,3779.365,3774.995,3779.115,0.1204
1758643200000,2025-09-23,16:00:00,3779.335,3779.798,3778.398,3779.398,0.1707
1758643500000,2025-09-23,16:05:00,3779.298,3779.598,3777.535,3778.385,0.0952
1758643800000,2025-09-23,16:10:00,3778.355,3778.995,3773.495,3774.145,0.1356
1758644100000,2025-09-23,16:15:00,3774.115,3776.948,3773.235,3776.775,0.1386
1758644400000,2025-09-23,16:20:00,3776.815,3779.848,3776.765,3777.348,0.2357
1758644700000,2025-09-23,16:25:00,3777.295,3777.548,3774.348,3775.148,0.122
1758645000000,2025-09-23,16:30:00,3775.148,3777.805,3774.275,3777.015,0.1404
1758645300000,2025-09-23,16:35:00,3776.995,3776.995,3764.805,3772.035,0.3838
1758645600000,2025-09-23,16:40:00,3772.035,3774.985,3769.935,3772.985,0.3095
1758645900000,2025-09-23,16:45:00,3772.895,3776.798,3772.798,3776.078,0.4047
1758646200000,2025-09-23,16:50:00,3776.078,3781.698,3775.245,3781.205,0.345
1758646500000,2025-09-23,16:55:00,3781.285,3781.798,3778.165,3779.035,0.2675
1758646800000,2025-09-23,17:00:00,3779.165,3780.695,3778.925,3779.535,0.137
1758647100000,2025-09-23,17:05:00,3779.565,3780.995,3779.215,3780.475,0.1001
1758647400000,2025-09-23,17:10:00,3780.445,3781.575,3780.075,3780.948,0.1328
1758647700000,2025-09-23,17:15:00,3780.948,3781.605,3779.665,3780.198,0.1226
1758648000000,2025-09-23,17:20:00,3780.198,3783.645,3779.685,3783.645,0.1577
1758648300000,2025-09-23,17:25:00,3783.655,3785.515,3781.855,3782.055,0.1704
1758648600000,2025-09-23,17:30:00,3782.075,3782.945,3776.895,3777.485,0.1675
1758648900000,2025-09-23,17:35:00,3777.495,3780.308,3777.205,3779.339,0.3372
1758649200000,2025-09-23,17:40:00,3779.349,3780.625,3777.445,3777.895,0.2197
1758649500000,2025-09-23,17:45:00,3777.955,3780.475,3777.955,3780.385,0.1135
1758649800000,2025-09-23,17:50:00,3780.355,3780.595,3776.925,3777.065,0.0993
1758650100000,2025-09-23,17:55:00,3777.035,3777.515,3775.595,3777.195,0.0968
1758650400000,2025-09-23,18:00:00,3777.225,3779.475,3776.555,3779.045,0.1242
1758650700000,2025-09-23,18:05:00,3778.845,3781.165,3778.845,3779.315,0.1082
1758651000000,2025-09-23,18:10:00,3779.295,3779.715,3776.965,3777.305,0.1139
1758651300000,2025-09-23,18:15:00,3777.405,3778.895,3777.405,3778.665,0.0668
1758651600000,2025-09-23,18:20:00,3778.575,3779.155,3777.615,3778.345,0.0782
1758651900000,2025-09-23,18:25:00,3778.405,3778.985,3777.925,3778.355,0.075
1758652200000,2025-09-23,18:30:00,3778.335,3779.698,3776.995,3777.985,0.1129
1758652500000,2025-09-23,18:35:00,3777.978,3779.398,3777.625,3777.928,0.0855
1758652800000,2025-09-23,18:40:00,3777.955,3780.805,3777.825,3780.155,0.0723
1758653100000,2025-09-23,18:45:00,3780.175,3780.405,3777.505,3778.165,0.124
1758653400000,2025-09-23,18:50:00,3777.985,3778.248,3767.755,3767.865,0.2154
1758653700000,2025-09-23,18:55:00,3767.765,3768.675,3756.065,3756.595,0.3585
1758654000000,2025-09-23,19:00:00,3756.425,3765.225,3755.215,3761.745,0.2932
1758654300000,2025-09-23,19:05:00,3761.695,3762.015,3756.298,3757.765,0.28
1758654600000,2025-09-23,19:10:00,3757.805,3759.295,3755.195,3756.925,0.2531
1758654900000,2025-09-23,19:15:00,3756.965,3757.705,3751.805,3752.479,0.2921
1758655200000,2025-09-23,19:20:00,3752.878,3755.235,3752.585,3754.155,0.2862
1758655500000,2025-09-23,19:25:00,3754.155,3759.685,3754.015,3758.535,0.2285
1758655800000,2025-09-23,19:30:00,3758.515,3761.465,3758.515,3761.455,0.1964
1758656100000,2025-09-23,19:35:00,3761.455,3765.019,3761.455,3764.949,0.223
1758656400000,2025-09-23,19:40:00,3764.939,3766.249,3763.465,3765.159,0.2663
1758656700000,2025-09-23,19:45:00,3765.169,3766.409,3763.779,3765.035,0.279
1758657000000,2025-09-23,19:50:00,3765.035,3767.995,3764.655,3767.945,0.2309
1758657300000,2025-09-23,19:55:00,3767.925,3767.925,3763.815,3764.155,0.231
1758657600000,2025-09-23,20:00:00,3764.165,3765.655,3764.119,3765.405,0.0745
1758657900000,2025-09-23,20:05:00,3765.335,3767.208,3764.178,3764.455,0.1039
1758658200000,2025-09-23,20:10:00,3764.405,3765.305,3763.525,3764.925,0.0482
1758658500000,2025-09-23,20:15:00,3764.865,3765.305,3763.215,3763.275,0.0402
1758658800000,2025-09-23,20:20:00,3763.375,3765.105,3763.375,3764.505,0.0317
1758659100000,2025-09-23,20:25:00,3764.485,3765.105,3763.755,3764.895,0.0307
1758659400000,2025-09-23,20:30:00,3764.895,3766.345,3764.635,3765.845,0.087
1758659700000,2025-09-23,20:35:00,3765.845,3765.845,3763.655,3763.715,0.0832
1758660000000,2025-09-23,20:40:00,3763.725,3764.005,3763.355,3763.705,0.0529
1758660300000,2025-09-23,20:45:00,3763.725,3764.005,3763.015,3763.495,0.0772
1758660600000,2025-09-23,20:50:00,3763.495,3763.965,3762.345,3763.495,0.1292
1758660900000,2025-09-23,20:55:00,3763.485,3764.665,3762.985,3762.985,0.0761
1758664800000,2025-09-23,22:00:00,3764.698,3767.148,3764.498,3764.945,0.0561
1758665100000,2025-09-23,22:05:00,3764.908,3765.808,3764.875,3764.948,0.0316
1758665400000,2025-09-23,22:10:00,3764.955,3765.285,3763.695,3763.785,0.0275
1758665700000,2025-09-23,22:15:00,3763.745,3764.335,3763.548,3763.859,0.0376
1758666000000,2025-09-23,22:20:00,3763.848,3764.169,3762.459,3762.675,0.0554
1758666300000,2025-09-23,22:25:00,3762.645,3762.845,3761.359,3761.765,0.0449
1758666600000,2025-09-23,22:30:00,3761.805,3763.875,3761.805,3763.685,0.0265
1758666900000,2025-09-23,22:35:00,3763.655,3766.365,3763.425,3765.325,0.0371
1758667200000,2025-09-23,22:40:00,3765.365,3765.995,3764.925,3765.235,0.0193
1758667500000,2025-09-23,22:45:00,3765.145,3765.748,3765.085,3765.205,0.0139
1758667800000,2025-09-23,22:50:00,3765.185,3765.485,3764.448,3765.485,0.0145
1758668100000,2025-09-23,22:55:00,3765.435,3765.495,3764.715,3765.198,0.0126
1758668400000,2025-09-23,23:00:00,3765.039,3766.648,3764.798,3766.648,0.0516
1758668700000,2025-09-23,23:05:00,3766.648,3768.448,3766.288,3768.048,0.0936
1758669000000,2025-09-23,23:10:00,3767.875,3769.848,3767.848,3768.685,0.0729
1758669300000,2025-09-23,23:15:00,3768.615,3769.048,3766.825,3768.015,0.0392
1758669600000,2025-09-23,23:20:00,3767.985,3768.298,3767.235,3767.998,0.0362
1758669900000,2025-09-23,23:25:00,3767.898,3769.265,3766.915,3769.175,0.0394
1758670200000,2025-09-23,23:30:00,3769.155,3769.248,3765.165,3765.365,0.0826
1758670500000,2025-09-23,23:35:00,3765.405,3765.695,3761.845,3761.845,0.099
1758670800000,2025-09-23,23:40:00,3761.805,3763.695,3761.685,3763.365,0.062
1758671100000,2025-09-23,23:45:00,3763.345,3763.705,3761.935,3762.945,0.0499
1758671400000,2025-09-23,23:50:00,3762.885,3763.495,3761.915,3761.935,0.0549
1758671700000,2025-09-23,23:55:00,3761.975,3763.915,3761.925,3763.535,0.0554
1758758400000,2025-09-25,00:00:00,3742.775,3745.675,3741.265,3745.675,0.1759
1758758700000,2025-09-25,00:05:00,3745.695,3748.295,3745.605,3747.475,0.1449
1758759000000,2025-09-25,00:10:00,3747.475,3749.845,3746.955,3749.785,0.1629
1758759300000,2025-09-25,00:15:00,3749.765,3751.348,3748.885,3750.065,0.1947
1758759600000,2025-09-25,00:20:00,3750.065,3750.585,3749.105,3749.455,0.1846
1758759900000,2025-09-25,00:25:00,3749.485,3750.535,3748.029,3750.198,0.3437
1758760200000,2025-09-25,00:30:00,3750.135,3751.265,3747.455,3748.155,0.5482
1758760500000,2025-09-25,00:35:00,3748.185,3748.825,3746.298,3746.598,0.14
1758760800000,2025-09-25,00:40:00,3746.598,3747.915,3746.415,3747.798,0.2186
1758761100000,2025-09-25,00:45:00,3747.798,3748.735,3746.755,3748.705,0.1176
1758761400000,2025-09-25,00:50:00,3748.685,3750.055,3747.685,3747.735,0.1232
1758761700000,2025-09-25,00:55:00,3747.755,3749.245,3747.575,3748.748,0.0701
1758762000000,2025-09-25,01:00:00,3748.748,3750.348,3745.315,3745.835,0.8008
1758762300000,2025-09-25,01:05:00,3745.898,3746.995,3743.185,3743.265,0.196
1758762600000,2025-09-25,01:10:00,3743.245,3743.645,3740.375,3741.065,0.1438
1758762900000,2025-09-25,01:15:00,3741.045,3743.495,3740.375,3743.115,0.1038
1758763200000,2025-09-25,01:20:00,3743.125,3746.275,3742.045,3746.075,0.1086
1758763500000,2025-09-25,01:25:00,3746.115,3746.895,3743.625,3744.045,0.1017
1758763800000,2025-09-25,01:30:00,3744.065,3744.135,3741.805,3742.835,0.2498
1758764100000,2025-09-25,01:35:00,3742.805,3743.555,3738.125,3740.585,0.1283
1758764400000,2025-09-25,01:40:00,3740.565,3740.585,3737.048,3738.075,0.2177
1758764700000,2025-09-25,01:45:00,3738.125,3740.325,3737.295,3739.975,0.119
1758765000000,2025-09-25,01:50:00,3739.955,3740.945,3735.365,3735.715,0.1967
1758765300000,2025-09-25,01:55:00,3735.615,3737.345,3732.705,3735.885,0.1753
1758765600000,2025-09-25,02:00:00,3735.815,3736.135,3731.575,3731.895,0.1749
1758765900000,2025-09-25,02:05:00,3731.855,3732.685,3729.365,3731.955,0.1611
1758766200000,2025-09-25,02:10:00,3731.965,3733.295,3731.215,3732.515,0.1329
1758766500000,2025-09-25,02:15:00,3732.465,3733.165,3731.525,3733.105,0.0931
1758766800000,2025-09-25,02:20:00,3733.145,3733.485,3732.285,3733.375,0.0715
1758767100000,2025-09-25,02:25:00,3733.375,3735.625,3732.915,3735.415,0.0741
1758767400000,2025-09-25,02:30:00,3735.395,3739.045,3735.325,3738.675,0.1878
1758767700000,2025-09-25,02:35:00,3738.715,3740.635,3738.515,3739.645,0.1277
1758768000000,2025-09-25,02:40:00,3739.625,3741.998,3739.165,3741.865,0.1586
1758768300000,2025-09-25,02:45:00,3741.929,3742.135,3739.455,3740.548,0.3055
1758768600000,2025-09-25,02:50:00,3740.548,3740.548,3736.975,3737.535,0.3442
1758768900000,2025-09-25,02:55:00,3737.535,3739.435,3736.155,3739.415,0.1204
1758769200000,2025-09-25,03:00:00,3739.375,3739.495,3737.035,3738.085,0.1368
1758769500000,2025-09-25,03:05:00,3738.075,3738.385,3734.365,3735.085,0.2464
1758769800000,2025-09-25,03:10:00,3735.105,3736.785,3734.235,3734.865,0.1358
1758770100000,2025-09-25,03:15:00,3734.845,3736.415,3734.425,3735.175,0.0905
1758770400000,2025-09-25,03:20:00,3735.145,3737.085,3734.795,3737.015,0.1169
1758770700000,2025-09-25,03:25:00,3736.985,3737.045,3734.385,3735.525,0.0882
1758771000000,2025-09-25,03:30:00,3735.555,3736.195,3734.675,3734.965,0.1293
1758771300000,2025-09-25,03:35:00,3734.965,3736.085,3734.548,3735.125,0.058
1758771600000,2025-09-25,03:40:00,3735.178,3738.915,3735.125,3738.845,0.0981
1758771900000,2025-09-25,03:45:00,3738.875,3738.875,3735.545,3735.805,0.1621
1758772200000,2025-09-25,03:50:00,3735.685,3736.375,3734.465,3734.505,0.1337
1758772500000,2025-09-25,03:55:00,3734.465,3736.585,3734.125,3736.425,0.1157
1758772800000,2025-09-25,04:00:00,3736.425,3736.495,3733.135,3734.095,0.2379
1758773100000,2025-09-25,04:05:00,3734.095,3734.205,3733,3733,0.1061
1758773400000,2025-09-25,04:10:00,3733,3733.315,3732.175,3732.245,0.0858
1758773700000,2025-09-25,04:15:00,3732.275,3733.125,3731.548,3731.765,0.1193
1758774000000,2025-09-25,04:20:00,3731.748,3735.255,3731.648,3733.985,0.1457
1758774300000,2025-09-25,04:25:00,3733.945,3734.685,3733.625,3733.935,0.075
1758774600000,2025-09-25,04:30:00,3733.985,3739.195,3733.425,3739.115,0.1837
1758774900000,2025-09-25,04:35:00,3739.145,3740.575,3738.155,3738.185,0.3385
1758775200000,2025-09-25,04:40:00,3738.248,3739.555,3737.945,3739.475,0.1327
1758775500000,2025-09-25,04:45:00,3739.515,3739.785,3737.905,3737.905,0.0688
1758775800000,2025-09-25,04:50:00,3737.885,3738.305,3737.035,3738.035,0.0963
1758776100000,2025-09-25,04:55:00,3737.975,3738.555,3737.835,3737.895,0.0545
1758776400000,2025-09-25,05:00:00,3737.965,3738.285,3736.655,3736.985,0.0821
1758776700000,2025-09-25,05:05:00,3736.955,3737.095,3735.065,3735.545,0.0569
1758777000000,2025-09-25,05:10:00,3735.515,3736.345,3734.245,3735.055,0.0958
1758777300000,2025-09-25,05:15:00,3735.035,3736.545,3734.725,3736.465,0.0652
1758777600000,2025-09-25,05:20:00,3736.355,3736.555,3734.195,3734.615,0.0293
1758777900000,2025-09-25,05:25:00,3734.655,3736.545,3733.915,3736.285,0.0469
1758778200000,2025-09-25,05:30:00,3736.275,3738.015,3735.375,3737.235,0.0846
1758778500000,2025-09-25,05:35:00,3737.255,3741.135,3737.225,3737.805,0.1502
1758778800000,2025-09-25,05:40:00,3737.748,3739.545,3736.548,3737.485,0.201
1758779100000,2025-09-25,05:45:00,3737.365,3738.298,3736.665,3737.248,0.0979
1758779400000,2025-09-25,05:50:00,3737.248,3739.365,3736.005,3738.955,0.0941
1758779700000,2025-09-25,05:55:00,3739.005,3740.215,3737.848,3738.348,0.1457
1758780000000,2025-09-25,06:00:00,3738.348,3740.455,3737.295,3738.555,0.1601
1758780300000,2025-09-25,06:05:00,3738.695,3741.025,3738.595,3741.025,0.0827
1758780600000,2025-09-25,06:10:00,3741.025,3746.815,3741.025,3745.635,0.2762
1758780900000,2025-09-25,06:15:00,3745.615,3748.095,3745.455,3747.285,0.1698
1758781200000,2025-09-25,06:20:00,3747.285,3747.355,3744.875,3745.105,0.1157
1758781500000,2025-09-25,06:25:00,3745.085,3746.225,3744.155,3744.805,0.1292
1758781800000,2025-09-25,06:30:00,3744.805,3746.055,3744.148,3745.295,0.1681
1758782100000,2025-09-25,06:35:00,3745.275,3745.365,3742.725,3742.775,0.0752
1758782400000,2025-09-25,06:40:00,3742.745,3743.135,3740.365,3741.955,0.0994
1758782700000,2025-09-25,06:45:00,3741.925,3743.665,3741.045,3742.385,0.0823
1758783000000,2025-09-25,06:50:00,3742.365,3742.805,3740.695,3740.795,0.0935
1758783300000,2025-09-25,06:55:00,3740.775,3741.455,3739.669,3740.715,0.1334
1758783600000,2025-09-25,07:00:00,3740.755,3743.035,3739.845,3742.535,0.1298
1758783900000,2025-09-25,07:05:00,3742.565,3743.385,3742.055,3742.485,0.128
1758784200000,2025-09-25,07:10:00,3742.525,3744.115,3740.555,3742.655,0.1084
1758784500000,2025-09-25,07:15:00,3742.675,3744.595,3742.645,3743.045,0.0744
1758784800000,2025-09-25,07:20:00,3743.075,3744.235,3742.235,3743.865,0.0902
1758785100000,2025-09-25,07:25:00,3743.865,3745.875,3743.245,3744.675,0.0764
1758785400000,2025-09-25,07:30:00,3744.695,3747.605,3742.805,3747.495,0.1231
1758785700000,2025-09-25,07:35:00,3747.455,3751.905,3746.925,3751.435,0.1638
1758786000000,2025-09-25,07:40:00,3751.435,3751.685,3748.825,3751.245,0.2007
1758786300000,2025-09-25,07:45:00,3751.265,3753.935,3751.135,3753.675,0.2187
1758786600000,2025-09-25,07:50:00,3753.655,3754.775,3749.575,3752.465,0.2081
1758786900000,2025-09-25,07:55:00,3752.505,3752.605,3749.498,3752.095,0.1747
1758787200000,2025-09-25,08:00:00,3752.065,3756.495,3750.955,3754.935,0.2713
1758787500000,2025-09-25,08:05:00,3754.915,3756.398,3753.735,3755.755,0.2699
1758787800000,2025-09-25,08:10:00,3755.765,3759.425,3754.575,3757.198,0.1838
1758788100000,2025-09-25,08:15:00,3757.259,3761.425,3757.109,3759.865,0.238
1758788400000,2025-09-25,08:20:00,3759.895,3760.815,3758.875,3759.605,0.1691
1758788700000,2025-09-25,08:25:00,3759.645,3760.205,3756.015,3757.298,0.159
1758789000000,2025-09-25,08:30:00,3757.238,3757.238,3753.105,3753.545,0.291
1758789300000,2025-09-25,08:35:00,3753.525,3754.385,3751.355,3752.245,0.1309
1758789600000,2025-09-25,08:40:00,3752.215,3753.735,3751.265,3753.715,0.1419
1758789900000,2025-09-25,08:45:00,3753.695,3754.245,3751.715,3752.609,0.2077
1758790200000,2025-09-25,08:50:00,3752.559,3757.149,3752.465,3757.048,0.1362
1758790500000,2025-09-25,08:55:00,3757.048,3757.248,3755.415,3756.245,0.0893
1758790800000,2025-09-25,09:00:00,3756.295,3756.995,3753.865,3755.315,0.1182
1758791100000,2025-09-25,09:05:00,3755.325,3757.025,3755.145,3755.375,0.1029
1758791400000,2025-09-25,09:10:00,3755.375,3756.975,3754.385,3756.585,0.1213
1758791700000,2025-09-25,09:15:00,3756.605,3756.795,3753.985,3754.785,0.1018
1758792000000,2025-09-25,09:20:00,3754.745,3755.385,3752.905,3752.935,0.0906
1758792300000,2025-09-25,09:25:00,3752.945,3753.495,3750.205,3750.655,0.1109
1758792600000,2025-09-25,09:30:00,3750.675,3752.655,3750.415,3752.395,0.1003
1758792900000,2025-09-25,09:35:00,3752.265,3753.015,3751.305,3752.685,0.0706
1758793200000,2025-09-25,09:40:00,3752.725,3756.098,3752.695,3755.948,0.0857
1758793500000,2025-09-25,09:45:00,3755.948,3759.248,3755.798,3758.625,0.2508
1758793800000,2025-09-25,09:50:00,3758.685,3760.935,3757.405,3757.485,0.1276
1758794100000,2025-09-25,09:55:00,3757.505,3757.915,3755.045,3756.825,0.1232
1758794400000,2025-09-25,10:00:00,3756.855,3758.025,3756.325,3757.575,0.0933
1758794700000,2025-09-25,10:05:00,3757.605,3758.015,3755.505,3757.205,0.0673
1758795000000,2025-09-25,10:10:00,3757.265,3757.285,3756.045,3756.215,0.1533
1758795300000,2025-09-25,10:15:00,3756.289,3757.208,3755.688,3756.225,0.1232
1758795600000,2025-09-25,10:20:00,3756.245,3758.165,3755.595,3758.005,0.0889
1758795900000,2025-09-25,10:25:00,3757.985,3758.745,3755.905,3756.835,0.0856
1758796200000,2025-09-25,10:30:00,3756.855,3757.585,3755.815,3756.625,0.0584
1758796500000,2025-09-25,10:35:00,3756.565,3758.085,3756.455,3757.475,0.064
1758796800000,2025-09-25,10:40:00,3757.455,3757.505,3755.425,3756.835,0.0592
1758797100000,2025-09-25,10:45:00,3756.845,3759.548,3756.545,3759.065,0.1173
1758797400000,2025-09-25,10:50:00,3759.085,3760.685,3757.998,3757.998,0.1648
1758797700000,2025-09-25,10:55:00,3758.008,3759.148,3755.315,3756.905,0.1624
1758798000000,2025-09-25,11:00:00,3756.905,3757.348,3747.055,3750.085,0.2912
1758798300000,2025-09-25,11:05:00,3749.925,3749.965,3745.285,3746.595,0.2601
1758798600000,2025-09-25,11:10:00,3746.615,3746.635,3740.945,3743.345,0.3314
1758798900000,2025-09-25,11:15:00,3743.269,3746.848,3742.965,3746.248,0.1889
1758799200000,2025-09-25,11:20:00,3746.248,3747.748,3743.915,3746.375,0.233
1758799500000,2025-09-25,11:25:00,3746.345,3750.448,3746.285,3749.548,0.1458
1758799800000,2025-09-25,11:30:00,3749.585,3752.035,3748.559,3751.335,0.1491
1758800100000,2025-09-25,11:35:00,3751.275,3751.875,3750.125,3750.405,0.096
1758800400000,2025-09-25,11:40:00,3750.485,3751.775,3748.645,3750.985,0.1747
1758800700000,2025-09-25,11:45:00,3751.005,3752.705,3750.555,3751.395,0.0868
1758801000000,2025-09-25,11:50:00,3751.355,3751.675,3750.035,3750.565,0.0645
1758801300000,2025-09-25,11:55:00,3750.545,3753.965,3750.365,3752.855,0.1243
1758801600000,2025-09-25,12:00:00,3752.885,3753.175,3751.085,3752.235,0.1626
1758801900000,2025-09-25,12:05:00,3752.235,3753.655,3749.515,3753.315,0.155
1758802200000,2025-09-25,12:10:00,3753.335,3753.595,3750.775,3752.065,0.1415
1758802500000,2025-09-25,12:15:00,3752.105,3754.015,3751.695,3753.335,0.1372
1758802800000,2025-09-25,12:20:00,3753.295,3755.685,3752.645,3754.495,0.1976
1758803100000,2025-09-25,12:25:00,3754.305,3755.125,3751.555,3753.535,0.1558
1758803400000,2025-09-25,12:30:00,3753.565,3753.565,3743,3744.175,0.3188
1758803700000,2025-09-25,12:35:00,3744.235,3746.115,3735.245,3740.975,0.3852
1758804000000,2025-09-25,12:40:00,3740.995,3743.025,3736.645,3741.565,0.3611
1758804300000,2025-09-25,12:45:00,3741.485,3742.245,3735.005,3736.195,0.507
1758804600000,2025-09-25,12:50:00,3736.095,3736.095,3730.425,3732.465,0.5259
1758804900000,2025-09-25,12:55:00,3732.335,3740.065,3732.095,3738.565,0.3129
1758805200000,2025-09-25,13:00:00,3738.585,3740.125,3732.905,3738.835,0.527
1758805500000,2025-09-25,13:05:00,3738.905,3741.035,3734.585,3735.565,0.3906
1758805800000,2025-09-25,13:10:00,3735.615,3738.385,3733.715,3736.635,0.3038
1758806100000,2025-09-25,13:15:00,3736.675,3742.545,3735.015,3741.985,0.2819
1758806400000,2025-09-25,13:20:00,3741.865,3745.385,3741.605,3743.198,0.2615
1758806700000,2025-09-25,13:25:00,3743.198,3743.198,3740.148,3741.885,0.2347
1758807000000,2025-09-25,13:30:00,3742.135,3743.105,3736.125,3736.145,0.2846
1758807300000,2025-09-25,13:35:00,3736.195,3738.655,3730.735,3731.365,0.3554
1758807600000,2025-09-25,13:40:00,3731.395,3731.435,3724.435,3726.125,0.4154
1758807900000,2025-09-25,13:45:00,3726.105,3728.775,3721.915,3724.835,0.3941
1758808200000,2025-09-25,13:50:00,3724.748,3727.945,3721.945,3726.975,0.3428
1758808500000,2025-09-25,13:55:00,3726.735,3733.578,3724.715,3733.238,0.3046
1758808800000,2025-09-25,14:00:00,3733.305,3734.595,3726.295,3727.235,0.4182
1758809100000,2025-09-25,14:05:00,3727.265,3730.775,3724.485,3727.315,0.3132
1758809400000,2025-09-25,14:10:00,3727.335,3730.745,3726.215,3729.485,0.2335
1758809700000,2025-09-25,14:15:00,3729.525,3732.165,3725.705,3732.065,0.2873
1758810000000,2025-09-25,14:20:00,3732.085,3736.285,3731.495,3735.355,0.3269
1758810300000,2025-09-25,14:25:00,3735.375,3736.115,3730.335,3733.355,0.3696
1758810600000,2025-09-25,14:30:00,3733.325,3733.805,3730.995,3733.205,0.2202
1758810900000,2025-09-25,14:35:00,3733.175,3733.565,3725.595,3725.935,0.3646
1758811200000,2025-09-25,14:40:00,3725.885,3727.775,3723.878,3727.315,0.3406
1758811500000,2025-09-25,14:45:00,3727.225,3729.048,3726.155,3727.955,0.2743
1758811800000,2025-09-25,14:50:00,3727.915,3727.915,3723.548,3725.085,0.2522
1758812100000,2025-09-25,14:55:00,3725.045,3733.355,3724.575,3731.258,0.2754
1758812400000,2025-09-25,15:00:00,3731.335,3731.548,3727.885,3728.405,0.1837
1758812700000,2025-09-25,15:05:00,3728.465,3731.375,3728.205,3731.045,0.1717
1758813000000,2025-09-25,15:10:00,3731.095,3735.305,3731.055,3734.705,0.1613
1758813300000,2025-09-25,15:15:00,3734.705,3737.825,3734.685,3737.235,0.2314
1758813600000,2025-09-25,15:20:00,3737.275,3738.525,3732.785,3732.985,0.2418
1758813900000,2025-09-25,15:25:00,3732.935,3733.505,3730.405,3730.425,0.1479
1758814200000,2025-09-25,15:30:00,3730.395,3733.985,3728.925,3733.855,0.145
1758814500000,2025-09-25,15:35:00,3733.805,3734.545,3732.048,3733.648,0.2002
1758814800000,2025-09-25,15:40:00,3733.645,3736.325,3730.948,3735.575,0.4127
1758815100000,2025-09-25,15:45:00,3735.555,3735.595,3732.848,3733.775,0.3296
1758815400000,2025-09-25,15:50:00,3734.025,3734.825,3732.885,3733.765,0.0993
1758815700000,2025-09-25,15:55:00,3733.795,3735.845,3733.265,3735.775,0.1059
1758816000000,2025-09-25,16:00:00,3735.755,3737.085,3734.935,3736.155,0.1492
1758816300000,2025-09-25,16:05:00,3736.125,3740.785,3735.785,3740.705,0.1134
1758816600000,2025-09-25,16:10:00,3740.685,3742.545,3739.715,3742.115,0.1706
1758816900000,2025-09-25,16:15:00,3742.105,3742.415,3738.105,3739.615,0.1577
1758817200000,2025-09-25,16:20:00,3739.645,3740.335,3735.298,3736.245,0.1951
1758817500000,2025-09-25,16:25:00,3736.405,3738.055,3735.005,3737.465,0.3163
1758817800000,2025-09-25,16:30:00,3737.465,3737.495,3734.378,3735.085,0.2948
1758818100000,2025-09-25,16:35:00,3735.015,3736.748,3734.678,3736.648,0.1953
1758818400000,2025-09-25,16:40:00,3736.648,3738.048,3734.018,3734.945,0.2252
1758818700000,2025-09-25,16:45:00,3734.935,3735.348,3732.428,3733.218,0.2389
1758819000000,2025-09-25,16:50:00,3733.248,3734.748,3732.928,3734.348,0.1598
1758819300000,2025-09-25,16:55:00,3734.348,3734.465,3732.835,3733.505,0.1178
1758819600000,2025-09-25,17:00:00,3733.475,3734.645,3732.415,3733.385,0.0683
1758819900000,2025-09-25,17:05:00,3733.445,3735.565,3732.175,3735.255,0.0972
1758820200000,2025-09-25,17:10:00,3735.275,3740.645,3734.875,3740.305,0.1548
1758820500000,2025-09-25,17:15:00,3740.425,3742.948,3739.265,3739.455,0.2843
1758820800000,2025-09-25,17:20:00,3739.435,3741.895,3736.915,3739.575,0.1802
1758821100000,2025-09-25,17:25:00,3739.645,3741.498,3737.865,3739.548,0.3241
1758821400000,2025-09-25,17:30:00,3739.548,3742.005,3738.295,3739.295,0.1934
1758821700000,2025-09-25,17:35:00,3739.325,3740.675,3738.085,3738.985,0.0948
1758822000000,2025-09-25,17:40:00,3739.005,3740.375,3738.425,3740.155,0.1252
1758822300000,2025-09-25,17:45:00,3740.175,3740.438,3738.975,3739.908,0.2153
1758822600000,2025-09-25,17:50:00,3739.688,3740.798,3738.928,3740.265,0.1823
1758822900000,2025-09-25,17:55:00,3740.235,3744.055,3739.808,3741.565,0.1377
1758823200000,2025-09-25,18:00:00,3741.595,3745.085,3741.595,3742.385,0.1639
1758823500000,2025-09-25,18:05:00,3742.405,3742.645,3739.755,3739.915,0.1184
1758823800000,2025-09-25,18:10:00,3739.905,3740.555,3736.445,3739.205,0.1396
1758824100000,2025-09-25,18:15:00,3739.175,3741.195,3737.725,3741.145,0.1237
1758824400000,2025-09-25,18:20:00,3741.145,3745.138,3741.145,3744.925,0.1422
1758824700000,2025-09-25,18:25:00,3744.975,3750.625,3744.895,3749.885,0.1858
1758825000000,2025-09-25,18:30:00,3749.915,3750.575,3748.618,3750.408,0.2487
1758825300000,2025-09-25,18:35:00,3750.415,3755.198,3750.298,3754.905,0.2728
1758825600000,2025-09-25,18:40:00,3754.908,3757.448,3754.798,3755.335,0.2621
1758825900000,2025-09-25,18:45:00,3755.455,3755.955,3752.915,3754.598,0.2546
1758826200000,2025-09-25,18:50:00,3754.598,3758.055,3754.398,3757.505,0.1472
1758826500000,2025-09-25,18:55:00,3757.475,3757.905,3754.835,3755.005,0.1517
1758826800000,2025-09-25,19:00:00,3755.005,3755.245,3751.295,3754.395,0.1516
1758827100000,2025-09-25,19:05:00,3754.425,3756.545,3753.435,3755.495,0.1488
1758827400000,2025-09-25,19:10:00,3755.465,3755.465,3754.065,3755.025,0.1724
1758827700000,2025-09-25,19:15:00,3755.015,3755.925,3753.248,3754.335,0.2291
1758828000000,2025-09-25,19:20:00,3754.338,3754.498,3750.725,3751.248,0.2611
1758828300000,2025-09-25,19:25:00,3751.345,3752.548,3750.895,3751.505,0.2385
1758828600000,2025-09-25,19:30:00,3751.585,3752.175,3749.255,3749.955,0.3036
1758828900000,2025-09-25,19:35:00,3749.945,3750.385,3745.145,3746.125,0.4021
1758829200000,2025-09-25,19:40:00,3746.115,3747.215,3744.535,3747.195,0.2682
1758829500000,2025-09-25,19:45:00,3747.175,3750.745,3746.775,3748.845,0.2014
1758829800000,2025-09-25,19:50:00,3748.905,3749.085,3745.815,3747.375,0.114
1758830100000,2025-09-25,19:55:00,3747.345,3747.345,3745.645,3746.405,0.125
1758830400000,2025-09-25,20:00:00,3746.405,3749.485,3745.885,3749.335,0.0717
1758830700000,2025-09-25,20:05:00,3749.355,3749.455,3747.765,3747.815,0.0374
1758831000000,2025-09-25,20:10:00,3747.835,3749.395,3747.725,3749.255,0.0364
1758831300000,2025-09-25,20:15:00,3749.315,3750.325,3748.648,3749.115,0.1318
1758831600000,2025-09-25,20:20:00,3749.155,3749.848,3747.948,3748.648,0.0898
1758831900000,2025-09-25,20:25:00,3748.675,3749.448,3748.348,3748.548,0.0416
1758832200000,2025-09-25,20:30:00,3748.648,3749.725,3748.648,3749.448,0.0554
1758832500000,2025-09-25,20:35:00,3749.448,3750.498,3749.248,3750.298,0.0495
1758832800000,2025-09-25,20:40:00,3750.198,3750.735,3749.698,3750.525,0.0581
1758833100000,2025-09-25,20:45:00,3750.515,3752.315,3750.345,3751.925,0.0877
1758833400000,2025-09-25,20:50:00,3751.895,3752.005,3750.445,3751.075,0.1003
1758833700000,2025-09-25,20:55:00,3751.075,3751.075,3748.365,3748.405,0.1015
1758837600000,2025-09-25,22:00:00,3749.498,3750.885,3746.875,3746.875,0.1102
1758837900000,2025-09-25,22:05:00,3746.875,3747.535,3746.115,3746.545,0.0466
1758838200000,2025-09-25,22:10:00,3746.545,3746.685,3746.135,3746.335,0.0196
1758838500000,2025-09-25,22:15:00,3746.405,3748.165,3746.365,3748.045,0.0236
1758838800000,2025-09-25,22:20:00,3747.985,3748.535,3747.695,3747.805,0.0176
1758839100000,2025-09-25,22:25:00,3747.765,3749.295,3747.515,3749.255,0.0176
1758839400000,2025-09-25,22:30:00,3749.225,3750.815,3748.095,3748.095,0.0322
1758839700000,2025-09-25,22:35:00,3748.125,3749.695,3748.045,3749.695,0.0214
1758840000000,2025-09-25,22:40:00,3749.665,3750.695,3747.995,3749.335,0.0702
1758840300000,2025-09-25,22:45:00,3749.385,3750.395,3748.495,3749.775,0.0481
1758840600000,2025-09-25,22:50:00,3749.815,3751.335,3749.085,3749.915,0.0573
1758840900000,2025-09-25,22:55:00,3749.935,3750.075,3748.198,3748.395,0.0787
1758841200000,2025-09-25,23:00:00,3748.375,3749.585,3748.248,3749.048,0.1336
1758841500000,2025-09-25,23:05:00,3749.048,3749.065,3747.648,3748.665,0.0599
1758841800000,2025-09-25,23:10:00,3748.625,3748.665,3745.365,3745.425,0.0367
1758842100000,2025-09-25,23:15:00,3745.395,3745.525,3737.755,3738.165,0.13
1758842400000,2025-09-25,23:20:00,3738.205,3741.115,3738.205,3739.905,0.069
1758842700000,2025-09-25,23:25:00,3739.865,3743.375,3739.755,3742.945,0.0665
1758843000000,2025-09-25,23:30:00,3742.965,3742.965,3740.095,3742.065,0.0674
1758843300000,2025-09-25,23:35:00,3742.095,3742.175,3739.495,3739.885,0.0448
1758843600000,2025-09-25,23:40:00,3739.925,3741.475,3739.655,3741.375,0.066
1758843900000,2025-09-25,23:45:00,3741.335,3744.555,3741.335,3744.375,0.0941
1758844200000,2025-09-25,23:50:00,3744.405,3745.575,3743.695,3744.745,0.0555
1758844500000,2025-09-25,23:55:00,3744.775,3745.405,3744.035,3744.475,0.0445
1758844800000,2025-09-26,00:00:00,3744.445,3748.865,3744.385,3746.965,0.1336
1758845100000,2025-09-26,00:05:00,3746.925,3746.925,3741.795,3745.595,0.1275
1758845400000,2025-09-26,00:10:00,3745.595,3746.625,3744.415,3746.355,0.1204
1758845700000,2025-09-26,00:15:00,3746.435,3747.715,3745.555,3746.848,0.0867
1758846000000,2025-09-26,00:20:00,3746.848,3747.155,3744.515,3744.515,0.193
1758846300000,2025-09-26,00:25:00,3744.535,3744.725,3739.915,3741.548,0.4435
1758846600000,2025-09-26,00:30:00,3741.448,3742.905,3741.005,3742.645,0.0747
1758846900000,2025-09-26,00:35:00,3742.665,3745.435,3742.395,3744.005,0.1038
1758847200000,2025-09-26,00:40:00,3744.025,3744.875,3743.385,3743.975,0.064
1758847500000,2025-09-26,00:45:00,3743.955,3745.815,3743.435,3745.725,0.0562
1758847800000,2025-09-26,00:50:00,3745.705,3747.865,3744.815,3747.375,0.5083
1758848100000,2025-09-26,00:55:00,3747.345,3749.445,3746.905,3749.385,0.1177
1758848400000,2025-09-26,01:00:00,3749.445,3750.355,3747.535,3750.255,0.2026
1758848700000,2025-09-26,01:05:00,3750.448,3753.035,3748.065,3748.248,0.2997
1758849000000,2025-09-26,01:10:00,3748.228,3749.048,3743.575,3743.595,0.7143
1758849300000,2025-09-26,01:15:00,3743.715,3743.885,3739.818,3741.365,0.6495
1758849600000,2025-09-26,01:20:00,3741.345,3741.345,3738.735,3740.155,0.4967
1758849900000,2025-09-26,01:25:00,3740.125,3741.455,3738.395,3740.698,0.4591
1758850200000,2025-09-26,01:30:00,3740.698,3742.865,3739.525,3741.265,0.1562
1758850500000,2025-09-26,01:35:00,3741.295,3742.605,3740.295,3740.875,0.1174
1758850800000,2025-09-26,01:40:00,3740.875,3743.295,3740.285,3743.145,0.1214
1758851100000,2025-09-26,01:45:00,3743.115,3744.055,3740.325,3740.405,0.1314
1758851400000,2025-09-26,01:50:00,3740.385,3740.695,3738.385,3739.735,0.1183
1758851700000,2025-09-26,01:55:00,3739.735,3740.085,3737.565,3738.915,0.0982
1758852000000,2025-09-26,02:00:00,3738.955,3740.435,3737.915,3740.335,0.0776
1758852300000,2025-09-26,02:05:00,3740.315,3740.895,3739.045,3740.395,0.0746
1758852600000,2025-09-26,02:10:00,3740.365,3740.395,3738.085,3739.125,0.1121
1758852900000,2025-09-26,02:15:00,3738.905,3739.935,3737.675,3738.315,0.0753
1758853200000,2025-09-26,02:20:00,3738.325,3738.725,3737.585,3738.315,0.0564
1758853500000,2025-09-26,02:25:00,3738.345,3740.955,3738.065,3740.735,0.1776
1758853800000,2025-09-26,02:30:00,3740.755,3741.925,3739.915,3741.655,0.2785
1758854100000,2025-09-26,02:35:00,3741.685,3742.615,3740.655,3741.415,0.2453
1758854400000,2025-09-26,02:40:00,3741.395,3742.115,3737.395,3738.395,0.2229
1758854700000,2025-09-26,02:45:00,3738.445,3740.105,3738.345,3739.235,0.0959
1758855000000,2025-09-26,02:50:00,3739.215,3740.495,3738.185,3740.315,0.0821
1758855300000,2025-09-26,02:55:00,3740.315,3741.165,3737.865,3738.195,0.106
1758855600000,2025-09-26,03:00:00,3738.225,3738.385,3735.065,3737.535,0.145
1758855900000,2025-09-26,03:05:00,3737.555,3738.065,3735.435,3735.495,0.0915
1758856200000,2025-09-26,03:10:00,3735.535,3737.045,3734.975,3735.115,0.1168
1758856500000,2025-09-26,03:15:00,3735.085,3737.905,3734.275,3736.815,0.2338
1758856800000,2025-09-26,03:20:00,3736.685,3738.595,3736.475,3738.595,0.0928
1758857100000,2025-09-26,03:25:00,3738.625,3742.515,3738.575,3742.315,0.0992
1758857400000,2025-09-26,03:30:00,3742.355,3744.465,3742.185,3744.065,0.1046
1758857700000,2025-09-26,03:35:00,3744.075,3744.655,3742.935,3744.105,0.0912
1758858000000,2025-09-26,03:40:00,3744.135,3745.225,3744.135,3744.965,0.0887
1758858300000,2025-09-26,03:45:00,3744.955,3745.405,3744.455,3745.385,0.0705
1758858600000,2025-09-26,03:50:00,3745.355,3745.385,3744.445,3745.145,0.0302
1758858900000,2025-09-26,03:55:00,3745.295,3745.825,3745.045,3745.335,0.0677
1758859200000,2025-09-26,04:00:00,3745.375,3745.515,3744.785,3745.185,0.0669
1758859500000,2025-09-26,04:05:00,3745.225,3746.595,3744.635,3746.555,0.0565
1758859800000,2025-09-26,04:10:00,3746.535,3746.615,3745.745,3746.565,0.0667
1758860100000,2025-09-26,04:15:00,3746.545,3747.435,3745.715,3746.348,0.0684
1758860400000,2025-09-26,04:20:00,3746.345,3746.725,3745.145,3746.175,0.0731
1758860700000,2025-09-26,04:25:00,3746.315,3746.735,3744.495,3744.598,0.0713
1758861000000,2025-09-26,04:30:00,3744.598,3746.835,3744.415,3745.445,0.2353
1758861300000,2025-09-26,04:35:00,3745.575,3746.235,3744.715,3745.685,0.2216
1758861600000,2025-09-26,04:40:00,3745.675,3745.925,3744.765,3745.025,0.153
1758861900000,2025-09-26,04:45:00,3745.005,3747.025,3744.585,3746.885,0.13
1758862200000,2025-09-26,04:50:00,3746.925,3747.375,3746.625,3747.025,0.0497
1758862500000,2025-09-26,04:55:00,3746.995,3747.545,3746.485,3747.505,0.0484
1758862800000,2025-09-26,05:00:00,3747.485,3747.615,3745.985,3746.605,0.0465
1758863100000,2025-09-26,05:05:00,3746.575,3746.635,3745.245,3746.525,0.0341
1758863400000,2025-09-26,05:10:00,3746.515,3746.555,3744.835,3745.545,0.0965
1758863700000,2025-09-26,05:15:00,3745.535,3745.645,3744.355,3744.505,0.0776
1758864000000,2025-09-26,05:20:00,3744.475,3746.175,3744.475,3746.125,0.0401
1758864300000,2025-09-26,05:25:00,3746.155,3746.805,3745.905,3746.455,0.0912
1758864600000,2025-09-26,05:30:00,3746.365,3746.935,3744.945,3745.785,0.1393
1758864900000,2025-09-26,05:35:00,3745.815,3749.295,3745.765,3749.295,0.1914
1758865200000,2025-09-26,05:40:00,3749.335,3749.395,3747.065,3748.175,0.0968
1758865500000,2025-09-26,05:45:00,3748.135,3748.615,3746.065,3747.148,0.1425
1758865800000,2025-09-26,05:50:00,3747.248,3747.255,3743.919,3745.355,0.2706
1758866100000,2025-09-26,05:55:00,3745.405,3745.465,3741.378,3741.675,0.2339
1758866400000,2025-09-26,06:00:00,3741.689,3744.648,3741.105,3743.965,0.211
1758866700000,2025-09-26,06:05:00,3743.989,3748.095,3743.365,3747.915,0.1594
1758867000000,2025-09-26,06:10:00,3747.945,3751.395,3746.908,3751.285,0.1505
1758867300000,2025-09-26,06:15:00,3751.315,3753.845,3751.025,3752.248,0.1746
1758867600000,2025-09-26,06:20:00,3752.255,3752.748,3750.148,3750.315,0.2858
1758867900000,2025-09-26,06:25:00,3750.335,3751.995,3750.025,3751.495,0.1007
1758868200000,2025-09-26,06:30:00,3751.525,3752.245,3749.945,3751.485,0.1199
1758868500000,2025-09-26,06:35:00,3751.595,3752.645,3748.628,3750.095,0.2113
1758868800000,2025-09-26,06:40:00,3750.055,3750.505,3744.325,3744.695,0.1272
1758869100000,2025-09-26,06:45:00,3744.668,3745.985,3743.835,3745.605,0.1415
1758869400000,2025-09-26,06:50:00,3745.585,3746.765,3744.665,3744.705,0.2651
1758869700000,2025-09-26,06:55:00,3744.705,3745.395,3742.155,3743.345,0.3523
1758870000000,2025-09-26,07:00:00,3743.345,3744.345,3740.275,3740.745,0.346
1758870300000,2025-09-26,07:05:00,3740.765,3742.825,3739.015,3741.805,0.1348
1758870600000,2025-09-26,07:10:00,3741.785,3743.885,3740.925,3743.085,0.1382
1758870900000,2025-09-26,07:15:00,3742.775,3745.245,3742.105,3743.915,0.1306
1758871200000,2025-09-26,07:20:00,3743.975,3743.975,3741.885,3743.355,0.1235
1758871500000,2025-09-26,07:25:00,3743.345,3745.605,3742.955,3744.975,0.0839
1758871800000,2025-09-26,07:30:00,3745.005,3746.995,3745.005,3746.965,0.1134
1758872100000,2025-09-26,07:35:00,3746.975,3747.045,3744.265,3745.205,0.0925
1758872400000,2025-09-26,07:40:00,3745.165,3749.195,3744.965,3747.955,0.1056
1758872700000,2025-09-26,07:45:00,3747.865,3749.255,3747.115,3747.345,0.06
1758873000000,2025-09-26,07:50:00,3747.325,3748.155,3746.678,3748.155,0.057
1758873300000,2025-09-26,07:55:00,3748.125,3749.375,3747.735,3747.855,0.064
1758873600000,2025-09-26,08:00:00,3747.885,3749.245,3746.955,3749.065,0.1366
1758873900000,2025-09-26,08:05:00,3749.055,3751.905,3749.055,3751.765,0.0923
1758874200000,2025-09-26,08:10:00,3751.695,3751.695,3746.995,3748.645,0.1274
1758874500000,2025-09-26,08:15:00,3748.465,3750.475,3748.445,3749.895,0.0761
1758874800000,2025-09-26,08:20:00,3749.915,3752.375,3749.825,3751.875,0.0872
1758875100000,2025-09-26,08:25:00,3751.855,3752.175,3750.225,3750.785,0.0892
1758875400000,2025-09-26,08:30:00,3750.745,3753.125,3750.695,3752.248,0.1056
1758875700000,2025-09-26,08:35:00,3752.248,3752.845,3751.585,3752.835,0.0918
1758876000000,2025-09-26,08:40:00,3752.805,3754.975,3752.785,3753.205,0.0787
1758876300000,2025-09-26,08:45:00,3753.185,3753.675,3751.905,3752.065,0.0623
1758876600000,2025-09-26,08:50:00,3752.035,3753.935,3751.448,3753.275,0.0618
1758876900000,2025-09-26,08:55:00,3753.235,3753.898,3752.405,3752.755,0.0578
1758877200000,2025-09-26,09:00:00,3752.725,3753.995,3752.205,3753.995,0.0475
1758877500000,2025-09-26,09:05:00,3753.898,3754.225,3752.185,3752.685,0.0658
1758877800000,2025-09-26,09:10:00,3752.705,3753.215,3750.698,3750.698,0.1135
1758878100000,2025-09-26,09:15:00,3750.725,3751.135,3749.035,3749.185,0.1842
1758878400000,2025-09-26,09:20:00,3749.125,3750.225,3747.915,3749.885,0.1523
1758878700000,2025-09-26,09:25:00,3749.885,3749.895,3748.115,3748.545,0.1721
1758879000000,2025-09-26,09:30:00,3748.619,3749.205,3747.248,3747.375,0.1109
1758879300000,2025-09-26,09:35:00,3747.295,3749.005,3747.018,3748.825,0.0664
1758879600000,2025-09-26,09:40:00,3748.845,3749.525,3748.225,3748.765,0.0792
1758879900000,2025-09-26,09:45:00,3748.735,3750.125,3747.855,3748.635,0.0577
1758880200000,2025-09-26,09:50:00,3748.695,3750.395,3748.665,3749.455,0.0812
1758880500000,2025-09-26,09:55:00,3749.485,3751.365,3748.835,3751.335,0.0535
1758880800000,2025-09-26,10:00:00,3751.305,3754.285,3751.248,3754.255,0.1203
1758881100000,2025-09-26,10:05:00,3754.225,3754.855,3752.405,3753.585,0.1024
1758881400000,2025-09-26,10:10:00,3753.585,3753.585,3751.775,3752.445,0.0979
1758881700000,2025-09-26,10:15:00,3752.448,3753.105,3750.055,3750.095,0.0683
1758882000000,2025-09-26,10:20:00,3750.165,3750.225,3749.115,3750.105,0.0709
1758882300000,2025-09-26,10:25:00,3750.075,3750.565,3748.698,3749.298,0.1419
1758882600000,2025-09-26,10:30:00,3749.298,3749.695,3748.235,3748.995,0.1392
1758882900000,2025-09-26,10:35:00,3748.965,3748.985,3747.245,3747.505,0.0812
1758883200000,2025-09-26,10:40:00,3747.465,3747.475,3745.225,3745.795,0.0746
1758883500000,2025-09-26,10:45:00,3745.765,3745.815,3742.755,3743.345,0.0968
1758883800000,2025-09-26,10:50:00,3743.345,3744.945,3743.345,3743.955,0.1205
1758884100000,2025-09-26,10:55:00,3743.935,3745.485,3743.455,3744.348,0.1236
1758884400000,2025-09-26,11:00:00,3744.459,3746.149,3744.195,3745.615,0.1743
1758884700000,2025-09-26,11:05:00,3745.585,3746.925,3744.945,3746.455,0.0806
1758885000000,2025-09-26,11:10:00,3746.415,3746.965,3745.865,3745.935,0.0636
1758885300000,2025-09-26,11:15:00,3745.975,3748.365,3745.615,3748.348,0.057
1758885600000,2025-09-26,11:20:00,3748.448,3750.915,3748.425,3750.825,0.102
1758885900000,2025-09-26,11:25:00,3750.865,3751.345,3749.965,3750.925,0.0956
1758886200000,2025-09-26,11:30:00,3751.035,3751.555,3750.205,3750.905,0.0883
1758886500000,2025-09-26,11:35:00,3750.875,3752.705,3750.585,3751.975,0.0809
1758886800000,2025-09-26,11:40:00,3752.005,3752.565,3751.335,3751.785,0.0777
1758887100000,2025-09-26,11:45:00,3751.785,3752.165,3750.225,3752.055,0.1001
1758887400000,2025-09-26,11:50:00,3752.065,3752.155,3750.285,3750.445,0.0737
1758887700000,2025-09-26,11:55:00,3750.425,3750.905,3748.315,3748.495,0.1175
1758888000000,2025-09-26,12:00:00,3748.515,3751.075,3748.185,3750.845,0.0808
1758888300000,2025-09-26,12:05:00,3750.865,3751.948,3750.685,3751.145,0.0652
1758888600000,2025-09-26,12:10:00,3751.175,3752.615,3750.665,3751.475,0.0817
1758888900000,2025-09-26,12:15:00,3751.455,3752.185,3750.925,3751.575,0.0527
1758889200000,2025-09-26,12:20:00,3751.585,3753.205,3749.425,3750.505,0.1854
1758889500000,2025-09-26,12:25:00,3750.435,3751.875,3748.918,3749.025,0.1184
1758889800000,2025-09-26,12:30:00,3749.105,3756.295,3746.135,3753.665,0.3269
1758890100000,2025-09-26,12:35:00,3753.715,3757.205,3751.058,3751.935,0.2783
1758890400000,2025-09-26,12:40:00,3751.975,3753.055,3748.358,3751.045,0.3057
1758890700000,2025-09-26,12:45:00,3751.125,3754.725,3750.745,3753.755,0.2141
1758891000000,2025-09-26,12:50:00,3753.785,3754.295,3751.048,3751.565,0.2366
1758891300000,2025-09-26,12:55:00,3751.565,3752.675,3751.055,3751.785,0.2121
1758891600000,2025-09-26,13:00:00,3751.785,3755.225,3750.875,3754.415,0.5074
1758891900000,2025-09-26,13:05:00,3754.398,3762.805,3754.235,3761.315,0.3908
1758892200000,2025-09-26,13:10:00,3761.315,3764.545,3761.315,3764.248,0.3815
1758892500000,2025-09-26,13:15:00,3764.255,3766.065,3761.025,3762.155,0.3675
1758892800000,2025-09-26,13:20:00,3762.195,3762.195,3754.425,3754.995,0.3805
1758893100000,2025-09-26,13:25:00,3755.025,3758.035,3754.225,3757.665,0.289
1758893400000,2025-09-26,13:30:00,3757.695,3758.355,3751.905,3757.048,0.6068
1758893700000,2025-09-26,13:35:00,3757.048,3760.705,3754.105,3755.278,0.4911
1758894000000,2025-09-26,13:40:00,3755.278,3759.135,3753.078,3757.975,0.3479
1758894300000,2025-09-26,13:45:00,3757.975,3762.215,3757.605,3758.745,0.4095
1758894600000,2025-09-26,13:50:00,3758.605,3760.895,3757.615,3760.565,0.2712
1758894900000,2025-09-26,13:55:00,3760.675,3762.375,3757.385,3761.358,0.19
1758895200000,2025-09-26,14:00:00,3761.358,3769.918,3761.005,3768.725,0.3169
1758895500000,2025-09-26,14:05:00,3768.895,3774.435,3767.995,3774.075,0.3715
1758895800000,2025-09-26,14:10:00,3774.105,3774.455,3771.398,3771.858,0.3084
1758896100000,2025-09-26,14:15:00,3771.995,3778.455,3771.435,3777.428,0.3153
1758896400000,2025-09-26,14:20:00,3777.428,3780.165,3775.605,3780.165,0.3627
1758896700000,2025-09-26,14:25:00,3780.165,3783.595,3777.105,3777.535,0.413
1758897000000,2025-09-26,14:30:00,3777.505,3781.365,3776.358,3780.945,0.2812
1758897300000,2025-09-26,14:35:00,3780.975,3781.295,3777.395,3778.298,0.3212
1758897600000,2025-09-26,14:40:00,3778.298,3779.705,3774.335,3776.485,0.3904
1758897900000,2025-09-26,14:45:00,3776.455,3777.445,3772.845,3776.575,0.3073
1758898200000,2025-09-26,14:50:00,3776.695,3777.205,3773.665,3776.785,0.1837
1758898500000,2025-09-26,14:55:00,3776.735,3779.815,3775.595,3778.665,0.2839
1758898800000,2025-09-26,15:00:00,3778.655,3779.195,3775.285,3778.248,0.4035
1758899100000,2025-09-26,15:05:00,3778.248,3779.395,3774.005,3774.815,0.3729
1758899400000,2025-09-26,15:10:00,3774.865,3776.015,3772.795,3774.445,0.2958
1758899700000,2025-09-26,15:15:00,3774.435,3776.048,3773.825,3775.198,0.2852
1758900000000,2025-09-26,15:20:00,3775.198,3776.895,3773.815,3775.825,0.3391
1758900300000,2025-09-26,15:25:00,3775.795,3779.085,3775.675,3778.905,0.2984
1758900600000,2025-09-26,15:30:00,3778.905,3780.075,3778.395,3778.835,0.1953
1758900900000,2025-09-26,15:35:00,3778.815,3778.995,3774.875,3776.835,0.2092
1758901200000,2025-09-26,15:40:00,3776.835,3778.275,3775.598,3775.848,0.1736
1758901500000,2025-09-26,15:45:00,3775.848,3779.725,3775.305,3779.005,0.1602
1758901800000,2025-09-26,15:50:00,3778.985,3780.635,3777.975,3779.795,0.1384
1758902100000,2025-09-26,15:55:00,3779.795,3780.795,3778.395,3780.245,0.1218
1758902400000,2025-09-26,16:00:00,3780.235,3781.035,3777.925,3780.055,0.1589
1758902700000,2025-09-26,16:05:00,3780.085,3780.725,3777.595,3778.125,0.2442
1758903000000,2025-09-26,16:10:00,3778.155,3779.705,3774.825,3774.875,0.2282
1758903300000,2025-09-26,16:15:00,3774.855,3776.865,3773.205,3774.685,0.387
1758903600000,2025-09-26,16:20:00,3774.705,3775.545,3771.435,3771.535,0.3273
1758903900000,2025-09-26,16:25:00,3771.575,3773.848,3771.195,3773.648,0.2613
1758904200000,2025-09-26,16:30:00,3773.848,3776.808,3773.375,3775.115,0.3005
1758904500000,2025-09-26,16:35:00,3775.115,3775.998,3773.865,3774.345,0.2633
1758904800000,2025-09-26,16:40:00,3774.295,3777.515,3773.818,3777.365,0.1502
1758905100000,2025-09-26,16:45:00,3777.385,3777.895,3775.265,3776.565,0.1746
1758905400000,2025-09-26,16:50:00,3776.545,3777.065,3773.045,3774.185,0.1609
1758905700000,2025-09-26,16:55:00,3774.155,3775.485,3773.455,3774.015,0.1013
1758906000000,2025-09-26,17:00:00,3774.115,3776.748,3773.825,3775.175,0.1485
1758906300000,2025-09-26,17:05:00,3775.225,3777.065,3774.905,3776.748,0.0901
1758906600000,2025-09-26,17:10:00,3776.748,3778.895,3776.635,3778.045,0.1078
1758906900000,2025-09-26,17:15:00,3778.025,3779.955,3777.795,3779.465,0.0999
1758907200000,2025-09-26,17:20:00,3779.485,3780.025,3778.795,3779.085,0.1607
1758907500000,2025-09-26,17:25:00,3779.035,3779.585,3777.865,3778.665,0.1175
1758907800000,2025-09-26,17:30:00,3778.695,3780.595,3777.455,3778.905,0.1199
1758908100000,2025-09-26,17:35:00,3778.935,3781.885,3778.855,3781.655,0.1364
1758908400000,2025-09-26,17:40:00,3781.705,3782.855,3781.655,3782.435,0.1305
1758908700000,2025-09-26,17:45:00,3782.415,3782.895,3781.248,3781.515,0.1944
1758909000000,2025-09-26,17:50:00,3781.545,3781.755,3780.545,3781.135,0.11
1758909300000,2025-09-26,17:55:00,3781.135,3782.815,3780.805,3782.725,0.1434
1758909600000,2025-09-26,18:00:00,3782.755,3783.045,3776.139,3778.685,0.3462
1758909900000,2025-09-26,18:05:00,3778.685,3778.995,3775.155,3777.485,0.1896
1758910200000,2025-09-26,18:10:00,3777.465,3777.485,3774.485,3775.925,0.0887
1758910500000,2025-09-26,18:15:00,3775.885,3778.795,3775.735,3777.535,0.0827
1758910800000,2025-09-26,18:20:00,3777.555,3778.735,3776.955,3777.495,0.1008
1758911100000,2025-09-26,18:25:00,3777.445,3778.005,3776.565,3777.655,0.2452
1758911400000,2025-09-26,18:30:00,3777.755,3780.075,3776.775,3779.675,0.1908
1758911700000,2025-09-26,18:35:00,3779.648,3780.348,3778.505,3778.755,0.1621
1758912000000,2025-09-26,18:40:00,3778.755,3779.035,3777.645,3778.665,0.0888
1758912300000,2025-09-26,18:45:00,3778.605,3779.765,3777.975,3779.285,0.1134
1758912600000,2025-09-26,18:50:00,3779.348,3780.125,3778.925,3779.165,0.1181
1758912900000,2025-09-26,18:55:00,3779.305,3779.535,3778.168,3778.348,0.0692
1758913200000,2025-09-26,19:00:00,3778.348,3778.348,3774.125,3774.805,0.1327
1758913500000,2025-09-26,19:05:00,3774.715,3775.085,3772.738,3773.895,0.1452
1758913800000,2025-09-26,19:10:00,3773.795,3776.155,3773.775,3775.735,0.1508
1758914100000,2025-09-26,19:15:00,3775.835,3776.085,3773.995,3775.195,0.091
1758914400000,2025-09-26,19:20:00,3775.165,3775.205,3772.988,3772.988,0.0781
1758914700000,2025-09-26,19:25:00,3772.958,3774.165,3771.955,3772.595,0.1781
1758915000000,2025-09-26,19:30:00,3772.665,3773.265,3769.934,3770.748,0.3344
1758915300000,2025-09-26,19:35:00,3770.615,3771.115,3768,3769.775,0.188
1758915600000,2025-09-26,19:40:00,3769.805,3770.515,3768.278,3768.465,0.1617
1758915900000,2025-09-26,19:45:00,3768.445,3770.195,3766.895,3768.148,0.1845
1758916200000,2025-09-26,19:50:00,3768.175,3768.555,3764.345,3766.715,0.1915
1758916500000,2025-09-26,19:55:00,3766.748,3766.795,3764.455,3766.525,0.1848
1758916800000,2025-09-26,20:00:00,3766.475,3769.415,3765.225,3768.125,0.1032
1758917100000,2025-09-26,20:05:00,3768.165,3769.145,3766.215,3767.185,0.0663
1758917400000,2025-09-26,20:10:00,3767.245,3767.715,3764.678,3764.678,0.1162
1758917700000,2025-09-26,20:15:00,3764.678,3766.148,3764.348,3765.848,0.1217
1758918000000,2025-09-26,20:20:00,3765.948,3768.548,3765.948,3768.198,0.0894
1758918300000,2025-09-26,20:25:00,3768.198,3768.198,3765.348,3765.948,0.0837
1758918600000,2025-09-26,20:30:00,3765.948,3766.098,3764.375,3766.048,0.1406
1758918900000,2025-09-26,20:35:00,3765.948,3766.648,3764.448,3764.448,0.0535
1758919200000,2025-09-26,20:40:00,3764.355,3764.448,3761.998,3762.298,0.0747
1758919500000,2025-09-26,20:45:00,3762.198,3763.075,3761.165,3761.898,0.0878
1758919800000,2025-09-26,20:50:00,3761.898,3762.498,3760.765,3761.225,0.0802
1758920100000,2025-09-26,20:55:00,3761.215,3761.215,3758.948,3759.005,0.1027
1759096800000,2025-09-28,22:00:00,3756.045,3767.348,3755.898,3764.425,0.126
1759097100000,2025-09-28,22:05:00,3764.425,3767.035,3763.065,3767.035,0.0636
1759097400000,2025-09-28,22:10:00,3766.945,3768.325,3765.025,3767.835,0.0589
1759097700000,2025-09-28,22:15:00,3767.825,3770.315,3767.225,3769.705,0.0817
1759098000000,2025-09-28,22:20:00,3769.675,3770.925,3766.095,3766.695,0.0694
1759098300000,2025-09-28,22:25:00,3766.605,3768.965,3766.445,3767.455,0.0595
1759098600000,2025-09-28,22:30:00,3767.425,3768.375,3765.615,3768.355,0.0524
1759098900000,2025-09-28,22:35:00,3768.325,3769.885,3767.395,3769.725,0.0469
1759099200000,2025-09-28,22:40:00,3769.795,3770.395,3767.865,3768.185,0.0325
1759099500000,2025-09-28,22:45:00,3768.175,3769.195,3767.225,3768.785,0.0307
1759099800000,2025-09-28,22:50:00,3768.815,3769.055,3767.635,3768.145,0.0278
1759100100000,2025-09-28,22:55:00,3768.105,3770.098,3767.785,3769.998,0.0281
1759100400000,2025-09-28,23:00:00,3769.898,3770.198,3767.198,3767.198,0.062
1759100700000,2025-09-28,23:05:00,3767.198,3768.748,3766.168,3767.648,0.0622
1759101000000,2025-09-28,23:10:00,3767.658,3768.225,3767.025,3767.355,0.0264
1759101300000,2025-09-28,23:15:00,3767.445,3769.465,3767.275,3768.415,0.034
1759101600000,2025-09-28,23:20:00,3768.415,3769.475,3767.705,3768.435,0.0347
1759101900000,2025-09-28,23:25:00,3768.435,3769.645,3768.045,3768.525,0.0297
1759102200000,2025-09-28,23:30:00,3768.505,3769.935,3767.555,3768.245,0.0354
1759102500000,2025-09-28,23:35:00,3768.295,3770.295,3768.125,3769.895,0.0301
1759102800000,2025-09-28,23:40:00,3769.925,3770.115,3768.815,3769.885,0.0229
1759103100000,2025-09-28,23:45:00,3769.855,3772.285,3769.765,3770.405,0.1074
1759103400000,2025-09-28,23:50:00,3770.385,3771.045,3767.365,3768.165,0.066
1759103700000,2025-09-28,23:55:00,3768.115,3768.175,3766.168,3766.648,0.077
1759104000000,2025-09-29,00:00:00,3766.648,3769.398,3763.665,3769.298,0.2232
1759104300000,2025-09-29,00:05:00,3769.298,3772.835,3769.025,3772.675,0.1727
1759104600000,2025-09-29,00:10:00,3772.645,3774.498,3771.708,3773.815,0.1935
1759104900000,2025-09-29,00:15:00,3773.785,3774.605,3772.455,3773.795,0.0959
1759105200000,2025-09-29,00:20:00,3773.855,3774.985,3773.365,3774.835,0.0869
1759105500000,2025-09-29,00:25:00,3774.785,3777.425,3774.105,3777.185,0.0759
1759105800000,2025-09-29,00:30:00,3777.235,3780.425,3776.845,3779.005,0.1257
1759106100000,2025-09-29,00:35:00,3779.045,3781.435,3778.505,3781.435,0.0907
1759106400000,2025-09-29,00:40:00,3781.398,3783.495,3780.148,3782.685,0.1427
1759106700000,2025-09-29,00:45:00,3782.705,3786.145,3781.945,3783.555,0.187
1759107000000,2025-09-29,00:50:00,3783.495,3786.755,3781.925,3786.625,0.1085
1759107300000,2025-09-29,00:55:00,3786.595,3787.315,3784.785,3786.835,0.1172
1759107600000,2025-09-29,01:00:00,3786.895,3788.448,3782.025,3783.455,0.283
1759107900000,2025-09-29,01:05:00,3783.475,3785.405,3776.585,3777.145,0.2957
1759108200000,2025-09-29,01:10:00,3777.085,3778.348,3774.348,3776.048,0.4632
1759108500000,2025-09-29,01:15:00,3775.948,3779.865,3774.585,3778.525,0.3118
1759108800000,2025-09-29,01:20:00,3778.598,3780.535,3767.625,3767.748,0.279
1759109100000,2025-09-29,01:25:00,3767.825,3774.945,3767.825,3772.348,0.2899
1759109400000,2025-09-29,01:30:00,3772.348,3774.965,3768.788,3770.775,0.2665
1759109700000,2025-09-29,01:35:00,3770.885,3774.525,3769.165,3772.455,0.2584
1759110000000,2025-09-29,01:40:00,3772.425,3774.385,3770.105,3772.585,0.217
1759110300000,2025-09-29,01:45:00,3772.535,3778.995,3771.685,3778.165,0.1884
1759110600000,2025-09-29,01:50:00,3778.148,3778.148,3773.105,3774.695,0.1941
1759110900000,2025-09-29,01:55:00,3774.715,3779.198,3774.715,3778.465,0.1608
1759111200000,2025-09-29,02:00:00,3778.435,3781.105,3778.015,3778.095,0.1433
1759111500000,2025-09-29,02:05:00,3778.075,3783.845,3777.455,3783.845,0.1457
1759111800000,2025-09-29,02:10:00,3783.755,3787.125,3783.755,3785.855,0.1921
1759112100000,2025-09-29,02:15:00,3785.835,3791.135,3785.245,3790.995,0.148
1759112400000,2025-09-29,02:20:00,3791.025,3798.465,3790.995,3792.348,0.2913
1759112700000,2025-09-29,02:25:00,3792.375,3793.715,3790.335,3793.045,0.1799
1759113000000,2025-09-29,02:30:00,3792.765,3796.265,3791.805,3794.595,0.2187
1759113300000,2025-09-29,02:35:00,3794.515,3795.685,3793.055,3794.005,0.1395
1759113600000,2025-09-29,02:40:00,3794.048,3794.285,3790.125,3791.625,0.16
1759113900000,2025-09-29,02:45:00,3791.765,3792.355,3787.875,3789.385,0.1588
1759114200000,2025-09-29,02:50:00,3789.445,3790.945,3787.755,3790.098,0.1581
1759114500000,2025-09-29,02:55:00,3790.145,3792.845,3789.005,3792.635,0.1163
1759114800000,2025-09-29,03:00:00,3792.655,3796.875,3792.495,3796.615,0.1522
1759115100000,2025-09-29,03:05:00,3796.635,3797.925,3794.695,3797.075,0.1501
1759115400000,2025-09-29,03:10:00,3797.105,3799.245,3795.498,3796.998,0.1742
1759115700000,2025-09-29,03:15:00,3796.898,3797.255,3793.825,3794.765,0.1251
1759116000000,2025-09-29,03:20:00,3794.748,3794.865,3791.948,3793.655,0.1647
1759116300000,2025-09-29,03:25:00,3793.605,3794.955,3792.615,3793.165,0.1
1759116600000,2025-09-29,03:30:00,3793.245,3796.498,3793.215,3794.945,0.1447
1759116900000,2025-09-29,03:35:00,3794.898,3797.498,3794.898,3797.148,0.087
1759117200000,2025-09-29,03:40:00,3797.035,3797.248,3795.498,3796.548,0.1834
1759117500000,2025-09-29,03:45:00,3796.548,3797.448,3794.835,3796.395,0.1542
1759117800000,2025-09-29,03:50:00,3796.465,3796.785,3794.235,3794.285,0.0946
1759118100000,2025-09-29,03:55:00,3794.265,3794.585,3793.525,3794.155,0.0646
1759118400000,2025-09-29,04:00:00,3794.135,3794.995,3792.295,3794.485,0.075
1759118700000,2025-09-29,04:05:00,3794.455,3794.695,3792.985,3793.905,0.0585
1759119000000,2025-09-29,04:10:00,3793.875,3795.648,3793.515,3795.448,0.0667
1759119300000,2025-09-29,04:15:00,3795.448,3795.448,3792.675,3794.748,0.0855
1759119600000,2025-09-29,04:20:00,3794.748,3799.035,3794.748,3798.575,0.1517
1759119900000,2025-09-29,04:25:00,3798.555,3799.465,3797.145,3799.465,0.1029
1759120200000,2025-09-29,04:30:00,3799.475,3801.985,3798.155,3801.875,0.1115
1759120500000,2025-09-29,04:35:00,3801.875,3806.055,3801.385,3805.985,0.1767
1759120800000,2025-09-29,04:40:00,3806.015,3806.515,3803.855,3804.735,0.1261
1759121100000,2025-09-29,04:45:00,3804.775,3807.645,3803.375,3805.545,0.1102
1759121400000,2025-09-29,04:50:00,3805.515,3808.735,3805.485,3808.348,0.1094
1759121700000,2025-09-29,04:55:00,3808.348,3808.385,3804.605,3804.805,0.1035
1759122000000,2025-09-29,05:00:00,3804.785,3808.035,3803.355,3807.845,0.1401
1759122300000,2025-09-29,05:05:00,3807.885,3811.865,3804.465,3804.948,0.1937
1759122600000,2025-09-29,05:10:00,3804.925,3806.748,3803.925,3806.048,0.0972
1759122900000,2025-09-29,05:15:00,3806.335,3806.925,3804.245,3804.275,0.0921
1759123200000,2025-09-29,05:20:00,3804.135,3806.265,3802.065,3806.125,0.1148
1759123500000,2025-09-29,05:25:00,3806.155,3806.795,3802.925,3805.135,0.1171
1759123800000,2025-09-29,05:30:00,3805.195,3808.985,3803.738,3803.948,0.2218
1759124100000,2025-09-29,05:35:00,3804.048,3806.898,3803.848,3804.978,0.1628
1759124400000,2025-09-29,05:40:00,3804.978,3806.358,3800.805,3803.398,0.2337
1759124700000,2025-09-29,05:45:00,3803.398,3806.865,3802.878,3805.695,0.1297
1759125000000,2025-09-29,05:50:00,3805.725,3811.395,3804.545,3810.875,0.151
1759125300000,2025-09-29,05:55:00,3810.865,3814.305,3808.955,3813.345,0.1932
1759125600000,2025-09-29,06:00:00,3813.365,3814.915,3811.335,3813.248,0.242
1759125900000,2025-09-29,06:05:00,3813.248,3813.248,3810.665,3812.198,0.2531
1759126200000,2025-09-29,06:10:00,3812.198,3816.945,3811.185,3816.615,0.1684
1759126500000,2025-09-29,06:15:00,3816.605,3818.245,3813.598,3813.998,0.2005
1759126800000,2025-09-29,06:20:00,3813.798,3816.848,3812.275,3815.185,0.3926
1759127100000,2025-09-29,06:25:00,3815.055,3815.345,3811.748,3812.525,0.1904
1759127400000,2025-09-29,06:30:00,3812.495,3814.835,3811.625,3814.105,0.1494
1759127700000,2025-09-29,06:35:00,3814.075,3817.315,3812.515,3815.485,0.1713
1759128000000,2025-09-29,06:40:00,3815.395,3819.575,3814.165,3818.805,0.1983
1759128300000,2025-09-29,06:45:00,3818.835,3818.915,3812.465,3814.665,0.2273
1759128600000,2025-09-29,06:50:00,3814.645,3816.495,3813.895,3815.045,0.1509
1759128900000,2025-09-29,06:55:00,3814.975,3817.195,3814.595,3817.155,0.1264
1759129200000,2025-09-29,07:00:00,3817.185,3817.375,3813.318,3815.998,0.1817
1759129500000,2025-09-29,07:05:00,3815.998,3816.358,3813.225,3814.948,0.172
1759129800000,2025-09-29,07:10:00,3814.948,3819.348,3814.748,3817.125,0.1504
1759130100000,2025-09-29,07:15:00,3817.095,3818.575,3815.838,3816.715,0.1064
1759130400000,2025-09-29,07:20:00,3816.655,3816.775,3814.645,3814.855,0.0979
1759130700000,2025-09-29,07:25:00,3814.885,3815.075,3812.035,3814.155,0.1267
1759131000000,2025-09-29,07:30:00,3814.175,3815.465,3809.485,3810.085,0.1376
1759131300000,2025-09-29,07:35:00,3810.105,3811.535,3808.975,3809.875,0.1943
1759131600000,2025-09-29,07:40:00,3809.855,3811.805,3807.558,3810.445,0.126
1759131900000,2025-09-29,07:45:00,3810.475,3810.995,3805.585,3806.758,0.2011
1759132200000,2025-09-29,07:50:00,3806.758,3807.445,3804.688,3804.945,0.1718
1759132500000,2025-09-29,07:55:00,3804.958,3806.855,3804.958,3805.998,0.1861
1759132800000,2025-09-29,08:00:00,3805.998,3811.155,3805.998,3810.405,0.2131
1759133100000,2025-09-29,08:05:00,3810.375,3814.425,3809.985,3813.365,0.1708
1759133400000,2025-09-29,08:10:00,3813.395,3816.275,3812.705,3815.725,0.1581
1759133700000,2025-09-29,08:15:00,3815.745,3816.215,3812.775,3813.265,0.1471
1759134000000,2025-09-29,08:20:00,3813.335,3813.375,3810.445,3811.255,0.1192
1759134300000,2025-09-29,08:25:00,3811.325,3811.455,3808.098,3811.315,0.123
1759134600000,2025-09-29,08:30:00,3811.345,3814.665,3810.935,3814.375,0.0953
1759134900000,2025-09-29,08:35:00,3814.395,3815.775,3813.975,3814.555,0.0783
1759135200000,2025-09-29,08:40:00,3814.595,3816.335,3814.075,3816.105,0.1022
1759135500000,2025-09-29,08:45:00,3816.175,3818.625,3815.215,3817.605,0.117
1759135800000,2025-09-29,08:50:00,3817.605,3819.325,3816.745,3818.725,0.1134
1759136100000,2025-09-29,08:55:00,3818.685,3819.225,3818.128,3818.535,0.0618
1759136400000,2025-09-29,09:00:00,3818.545,3819.405,3817.425,3818.105,0.0722
1759136700000,2025-09-29,09:05:00,3818.125,3819.565,3817.238,3817.255,0.0674
1759137000000,2025-09-29,09:10:00,3817.545,3817.875,3816.865,3817.505,0.0781
1759137300000,2025-09-29,09:15:00,3817.525,3818.575,3816.705,3816.925,0.0646
1759137600000,2025-09-29,09:20:00,3816.895,3817.298,3815.675,3816.045,0.0488
1759137900000,2025-09-29,09:25:00,3816.095,3816.765,3815.695,3815.918,0.0601
1759138200000,2025-09-29,09:30:00,3815.918,3817.018,3811.635,3812.445,0.1274
1759138500000,2025-09-29,09:35:00,3812.475,3813.335,3808.908,3809.695,0.1525
1759138800000,2025-09-29,09:40:00,3809.665,3811.695,3808.185,3810.075,0.124
1759139100000,2025-09-29,09:45:00,3810.115,3810.115,3807.195,3807.895,0.1236
1759139400000,2025-09-29,09:50:00,3808.285,3809.475,3807.018,3807.078,0.1136
1759139700000,2025-09-29,09:55:00,3807.098,3808.085,3806.685,3807.275,0.1153
1759140000000,2025-09-29,10:00:00,3807.255,3809.555,3807.005,3808.978,0.1048
1759140300000,2025-09-29,10:05:00,3809.078,3809.905,3807.135,3807.398,0.0953
1759140600000,2025-09-29,10:10:00,3807.425,3810.298,3806.255,3809.625,0.0972
1759140900000,2025-09-29,10:15:00,3809.585,3812.345,3809.105,3810.005,0.109
1759141200000,2025-09-29,10:20:00,3810.035,3815.555,3810.005,3815.535,0.1007
1759141500000,2025-09-29,10:25:00,3815.495,3817.255,3814.275,3815.535,0.1138
1759141800000,2025-09-29,10:30:00,3815.565,3816.585,3814.615,3815.565,0.1033
1759142100000,2025-09-29,10:35:00,3815.585,3818.375,3815.025,3817.255,0.1007
1759142400000,2025-09-29,10:40:00,3817.285,3817.875,3816.215,3817.235,0.0818
1759142700000,2025-09-29,10:45:00,3817.405,3818.245,3815.855,3816.265,0.093
1759143000000,2025-09-29,10:50:00,3816.315,3817.145,3814.535,3815.915,0.0936
1759143300000,2025-09-29,10:55:00,3815.945,3818.195,3815.945,3817.725,0.1056
1759143600000,2025-09-29,11:00:00,3817.725,3818.385,3816.315,3817.195,0.1043
1759143900000,2025-09-29,11:05:00,3817.205,3818.115,3816.915,3817.875,0.0788
1759144200000,2025-09-29,11:10:00,3817.855,3818.785,3817.245,3818.655,0.1463
1759144500000,2025-09-29,11:15:00,3818.625,3823.435,3818.205,3822.145,0.2216
1759144800000,2025-09-29,11:20:00,3822.125,3823.465,3820.768,3823.465,0.1451
1759145100000,2025-09-29,11:25:00,3823.505,3824.495,3822.038,3823.415,0.1396
1759145400000,2025-09-29,11:30:00,3823.385,3824.945,3822.775,3824.615,0.118
1759145700000,2025-09-29,11:35:00,3824.645,3825.665,3822.398,3824.505,0.1169
1759146000000,2025-09-29,11:40:00,3824.485,3829.125,3824.225,3827.045,0.1334
1759146300000,2025-09-29,11:45:00,3827.065,3827.275,3823.965,3826.375,0.1733
1759146600000,2025-09-29,11:50:00,3826.425,3828.275,3825.478,3828.145,0.2044
1759146900000,2025-09-29,11:55:00,3828.175,3831.205,3827.875,3828.735,0.2724
1759147200000,2025-09-29,12:00:00,3828.755,3830.265,3823.878,3825.545,0.2571
1759147500000,2025-09-29,12:05:00,3825.565,3826.965,3823.238,3826.125,0.2708
1759147800000,2025-09-29,12:10:00,3826.135,3826.795,3822.245,3824.275,0.264
1759148100000,2025-09-29,12:15:00,3824.295,3825.195,3821.265,3823.745,0.1696
1759148400000,2025-09-29,12:20:00,3823.715,3824.055,3819.095,3820.735,0.2699
1759148700000,2025-09-29,12:25:00,3820.525,3821.365,3816.565,3817.178,0.3909
1759149000000,2025-09-29,12:30:00,3817.175,3817.718,3812.398,3813.998,0.3263
1759149300000,2025-09-29,12:35:00,3813.935,3818.705,3813.175,3818.615,0.3516
1759149600000,2025-09-29,12:40:00,3818.655,3818.655,3815.848,3816.805,0.2236
1759149900000,2025-09-29,12:45:00,3816.765,3818.025,3814.875,3817.848,0.1935
1759150200000,2025-09-29,12:50:00,3817.848,3818.548,3812.805,3812.835,0.2732
1759150500000,2025-09-29,12:55:00,3812.805,3814.345,3811.435,3813.505,0.2155
1759150800000,2025-09-29,13:00:00,3813.535,3816.795,3809.085,3810.155,0.3156
1759151100000,2025-09-29,13:05:00,3810.185,3815.095,3809.785,3813.535,0.2732
1759151400000,2025-09-29,13:10:00,3813.385,3817.285,3812.885,3816.985,0.1983
1759151700000,2025-09-29,13:15:00,3816.925,3820.925,3815.865,3819.845,0.1872
1759152000000,2025-09-29,13:20:00,3819.745,3822.785,3819.745,3821.445,0.1877
1759152300000,2025-09-29,13:25:00,3821.405,3822.405,3819.655,3821.625,0.1577
1759152600000,2025-09-29,13:30:00,3821.655,3824.815,3818.025,3823.895,0.366
1759152900000,2025-09-29,13:35:00,3823.915,3826.325,3820.545,3826.195,0.2908
1759153200000,2025-09-29,13:40:00,3826.145,3827.915,3824.915,3826.035,0.2382
1759153500000,2025-09-29,13:45:00,3826.295,3827.168,3820.875,3821.375,0.3619
1759153800000,2025-09-29,13:50:00,3821.395,3824.065,3818.785,3822.285,0.4877
1759154100000,2025-09-29,13:55:00,3822.315,3823.815,3819.455,3820.968,0.2656
1759154400000,2025-09-29,14:00:00,3820.685,3827.448,3819.338,3826.755,0.3608
1759154700000,2025-09-29,14:05:00,3826.775,3828.298,3824.805,3827.055,0.4337
1759155000000,2025-09-29,14:10:00,3827.085,3830.345,3824.755,3825.805,0.3058
1759155300000,2025-09-29,14:15:00,3825.785,3826.515,3818.715,3818.995,0.3819
1759155600000,2025-09-29,14:20:00,3818.918,3823.785,3816.169,3823.495,0.3832
1759155900000,2025-09-29,14:25:00,3823.595,3827.875,3823.495,3826.948,0.2544
1759156200000,2025-09-29,14:30:00,3826.948,3827.085,3824.195,3825.035,0.2508
1759156500000,2025-09-29,14:35:00,3825.015,3828.365,3824.558,3825.765,0.2668
1759156800000,2025-09-29,14:40:00,3825.695,3827.345,3825.155,3826.355,0.2245
1759157100000,2025-09-29,14:45:00,3826.355,3826.535,3823.065,3824.595,0.2202
1759157400000,2025-09-29,14:50:00,3824.565,3828.115,3823.435,3826.778,0.2606
1759157700000,2025-09-29,14:55:00,3826.778,3828.335,3826.175,3828.025,0.2356
1759158000000,2025-09-29,15:00:00,3828.065,3832.495,3827.975,3831.138,0.2597
1759158300000,2025-09-29,15:05:00,3831.138,3831.895,3823.665,3826.565,0.4007
1759158600000,2025-09-29,15:10:00,3826.595,3827.535,3822.835,3823.775,0.2656
1759158900000,2025-09-29,15:15:00,3823.948,3826.048,3822.545,3825.698,0.3495
1759159200000,2025-09-29,15:20:00,3825.698,3828.698,3824.405,3828.298,0.2677
1759159500000,2025-09-29,15:25:00,3828.278,3829.555,3827.648,3829.215,0.2115
1759159800000,2025-09-29,15:30:00,3829.195,3829.465,3820.528,3826.685,0.2536
1759160100000,2025-09-29,15:35:00,3826.895,3829.185,3825.925,3828.635,0.2055
1759160400000,2025-09-29,15:40:00,3828.655,3830.895,3827.775,3830.325,0.1786
1759160700000,2025-09-29,15:45:00,3830.345,3832.905,3830.005,3831.995,0.1624
1759161000000,2025-09-29,15:50:00,3832.025,3833.045,3829.805,3831.755,0.1721
1759161300000,2025-09-29,15:55:00,3831.735,3832.395,3829.575,3830.215,0.1535
1759161600000,2025-09-29,16:00:00,3830.235,3830.455,3828.095,3828.275,0.1608
1759161900000,2025-09-29,16:05:00,3828.275,3829.685,3827.898,3828.525,0.3368
1759162200000,2025-09-29,16:10:00,3828.575,3831.015,3828.105,3830.865,0.1844
1759162500000,2025-09-29,16:15:00,3830.955,3833.305,3830.225,3830.265,0.1565
1759162800000,2025-09-29,16:20:00,3830.255,3830.815,3829.435,3830.698,0.1276
1759163100000,2025-09-29,16:25:00,3830.598,3832.365,3830.565,3831.045,0.1459
1759163400000,2025-09-29,16:30:00,3831.065,3832.105,3830.185,3831.745,0.1236
1759163700000,2025-09-29,16:35:00,3831.725,3832.055,3829.425,3829.735,0.111
1759164000000,2025-09-29,16:40:00,3829.655,3830.215,3828.355,3828.405,0.1203
1759164300000,2025-09-29,16:45:00,3828.405,3829.495,3828.145,3828.875,0.1059
1759164600000,2025-09-29,16:50:00,3828.835,3829.845,3828.615,3829.435,0.14
1759164900000,2025-09-29,16:55:00,3829.415,3830.425,3829.315,3830.155,0.1407
1759165200000,2025-09-29,17:00:00,3830.175,3831.895,3829.795,3830.745,0.1709
1759165500000,2025-09-29,17:05:00,3830.745,3832.695,3830.445,3831.925,0.1447
1759165800000,2025-09-29,17:10:00,3831.965,3832.065,3828.775,3829.065,0.0945
1759166100000,2025-09-29,17:15:00,3829.085,3829.085,3825.475,3826.695,0.208
1759166400000,2025-09-29,17:20:00,3826.755,3828.355,3825.125,3827.625,0.1614
1759166700000,2025-09-29,17:25:00,3827.605,3827.605,3823.875,3826.125,0.2324
1759167000000,2025-09-29,17:30:00,3826.445,3827.645,3824.935,3826.415,0.2106
1759167300000,2025-09-29,17:35:00,3826.415,3826.695,3824.945,3826.185,0.1265
1759167600000,2025-09-29,17:40:00,3826.105,3828.535,3826.105,3828.535,0.0935
1759167900000,2025-09-29,17:45:00,3828.598,3828.635,3826.398,3827.398,0.1264
1759168200000,2025-09-29,17:50:00,3827.425,3830.505,3826.498,3828.965,0.2177
1759168500000,2025-09-29,17:55:00,3828.995,3829.355,3827.735,3828.635,0.1103
1759168800000,2025-09-29,18:00:00,3828.655,3829.955,3827.745,3827.785,0.0938
1759169100000,2025-09-29,18:05:00,3827.748,3828.445,3823.425,3823.615,0.1936
1759169400000,2025-09-29,18:10:00,3823.558,3827.725,3823.105,3827.395,0.0897
1759169700000,2025-09-29,18:15:00,3827.365,3828.875,3827.175,3828.575,0.1011
1759170000000,2025-09-29,18:20:00,3828.545,3830.465,3828.505,3829.365,0.1269
1759170300000,2025-09-29,18:25:00,3829.335,3830.245,3829.245,3829.645,0.0953
1759170600000,2025-09-29,18:30:00,3829.615,3830.035,3824.598,3824.615,0.1787
1759170900000,2025-09-29,18:35:00,3824.598,3826.198,3824.075,3825.098,0.1485
1759171200000,2025-09-29,18:40:00,3825.098,3827.005,3825.098,3825.769,0.1373
1759171500000,2025-09-29,18:45:00,3825.769,3826.895,3823.589,3826.785,0.1149
1759171800000,2025-09-29,18:50:00,3826.805,3826.805,3824.859,3825.195,0.0696
1759172100000,2025-09-29,18:55:00,3825.125,3825.985,3824.135,3824.245,0.1099
1759172400000,2025-09-29,19:00:00,3824.255,3825.155,3823.505,3824.525,0.1297
1759172700000,2025-09-29,19:05:00,3824.575,3824.665,3822.375,3822.995,0.1303
1759173000000,2025-09-29,19:10:00,3823.015,3826.595,3822.575,3826.565,0.3975
1759173300000,2025-09-29,19:15:00,3826.435,3829.035,3825.775,3827.255,0.3722
1759173600000,2025-09-29,19:20:00,3827.175,3827.585,3825.995,3826.765,0.2063
1759173900000,2025-09-29,19:25:00,3826.728,3826.945,3824.548,3825.798,0.1787
1759174200000,2025-09-29,19:30:00,3825.798,3827.095,3825.145,3826.335,0.2081
1759174500000,2025-09-29,19:35:00,3826.335,3827.885,3825.485,3827.535,0.2272
1759174800000,2025-09-29,19:40:00,3827.615,3829.345,3827.215,3829.305,0.2774
1759175100000,2025-09-29,19:45:00,3829.305,3829.645,3828.285,3828.715,0.3489
1759175400000,2025-09-29,19:50:00,3828.715,3829.165,3827.425,3828.855,0.3943
1759175700000,2025-09-29,19:55:00,3828.929,3829.135,3827.875,3828.615,0.473
1759176000000,2025-09-29,20:00:00,3828.545,3829.148,3827.645,3828.595,0.1618
1759176300000,2025-09-29,20:05:00,3828.595,3828.685,3827.898,3828.398,0.1124
1759176600000,2025-09-29,20:10:00,3828.465,3830.015,3828.398,3829.705,0.1241
1759176900000,2025-09-29,20:15:00,3829.705,3830.095,3829.105,3829.235,0.1326
1759177200000,2025-09-29,20:20:00,3829.245,3829.515,3827.928,3828.295,0.0841
1759177500000,2025-09-29,20:25:00,3828.275,3829.015,3827.525,3828.685,0.1033
1759177800000,2025-09-29,20:30:00,3828.685,3829.098,3828.225,3829.035,0.0774
1759178100000,2025-09-29,20:35:00,3828.885,3828.925,3828.135,3828.705,0.1
1759178400000,2025-09-29,20:40:00,3828.748,3830.675,3827.705,3830.545,0.1043
1759178700000,2025-09-29,20:45:00,3830.545,3831.985,3830.135,3831.115,0.1837
1759179000000,2025-09-29,20:50:00,3831.105,3833.035,3830.145,3832.705,0.1011
1759179300000,2025-09-29,20:55:00,3832.795,3834.005,3831.715,3832.935,0.0736
1759183200000,2025-09-29,22:00:00,3833.025,3833.325,3828.715,3831.935,0.0925
1759183500000,2025-09-29,22:05:00,3831.965,3831.965,3829.725,3829.955,0.0268
1759183800000,2025-09-29,22:10:00,3829.905,3830.405,3829.175,3829.505,0.0242
1759184100000,2025-09-29,22:15:00,3829.535,3830.148,3827.948,3828.375,0.0363
1759184400000,2025-09-29,22:20:00,3828.565,3828.785,3825.415,3828.415,0.0476
1759184700000,2025-09-29,22:25:00,3828.465,3828.565,3826.485,3826.615,0.0227
1759185000000,2025-09-29,22:30:00,3826.645,3828.855,3826.645,3828.655,0.0321
1759185300000,2025-09-29,22:35:00,3828.625,3829.025,3827.415,3827.765,0.0243
1759185600000,2025-09-29,22:40:00,3827.715,3829.365,3827.715,3827.825,0.0306
1759185900000,2025-09-29,22:45:00,3827.755,3828.645,3827.465,3828.425,0.0157
1759186200000,2025-09-29,22:50:00,3828.405,3829.895,3828.255,3829.848,0.0764
1759186500000,2025-09-29,22:55:00,3829.875,3830.895,3829.648,3830.348,0.0354
1759186800000,2025-09-29,23:00:00,3830.159,3830.448,3828.968,3829.415,0.0768
1759187100000,2025-09-29,23:05:00,3829.435,3830.685,3828.998,3828.998,0.0507
1759187400000,2025-09-29,23:10:00,3829.138,3830.035,3829.138,3829.805,0.0147
1759187700000,2025-09-29,23:15:00,3829.775,3830.515,3828.248,3828.448,0.0329
1759188000000,2025-09-29,23:20:00,3828.448,3830.095,3828.185,3829.875,0.025
1759188300000,2025-09-29,23:25:00,3830.195,3830.295,3828.715,3829.325,0.0259
1759188600000,2025-09-29,23:30:00,3829.355,3829.625,3828.545,3828.655,0.0199
1759188900000,2025-09-29,23:35:00,3828.625,3828.825,3827.855,3828.525,0.0178
1759189200000,2025-09-29,23:40:00,3828.575,3829.105,3828.225,3829.055,0.0166
1759189500000,2025-09-29,23:45:00,3829.085,3831.685,3829.005,3829.805,0.0595
1759189800000,2025-09-29,23:50:00,3830.145,3832.948,3830.115,3832.145,0.0582
1759190100000,2025-09-29,23:55:00,3832.165,3833.205,3831.535,3832.655,0.0617
1759190400000,2025-09-30,00:00:00,3832.685,3835.515,3830.798,3835.485,0.1543
1759190700000,2025-09-30,00:05:00,3835.535,3839.285,3832.295,3832.965,0.52
1759191000000,2025-09-30,00:10:00,3832.585,3839.245,3832.585,3838.365,0.2069
1759191300000,2025-09-30,00:15:00,3838.275,3838.448,3835.355,3837.245,0.0986
1759191600000,2025-09-30,00:20:00,3837.235,3839.315,3837.195,3839.048,0.1296
1759191900000,2025-09-30,00:25:00,3839.135,3840.475,3837.405,3838.415,0.1748
1759192200000,2025-09-30,00:30:00,3838.435,3838.435,3835.695,3836.555,0.0796
1759192500000,2025-09-30,00:35:00,3836.585,3839.295,3836.085,3838.315,0.1066
1759192800000,2025-09-30,00:40:00,3838.298,3839.925,3837.448,3839.645,0.1731
1759193100000,2025-09-30,00:45:00,3839.675,3839.825,3836.165,3836.255,0.1236
1759193400000,2025-09-30,00:50:00,3836.275,3838.205,3834.405,3838.075,0.1246
1759193700000,2025-09-30,00:55:00,3838.125,3839.395,3835.695,3838.795,0.1625
1759194000000,2025-09-30,01:00:00,3838.755,3843.548,3838.515,3840.475,0.2487
1759194300000,2025-09-30,01:05:00,3840.445,3842.355,3837.795,3841.565,0.1641
1759194600000,2025-09-30,01:10:00,3841.585,3843.035,3840.755,3842.035,0.1268
1759194900000,2025-09-30,01:15:00,3842.055,3843.155,3840.835,3842.895,0.1269
1759195200000,2025-09-30,01:20:00,3842.895,3847.265,3840.895,3847.235,0.1526
1759195500000,2025-09-30,01:25:00,3847.195,3847.345,3843.375,3844.045,0.1371
1759195800000,2025-09-30,01:30:00,3843.975,3848.905,3842.515,3847.575,0.184
1759196100000,2025-09-30,01:35:00,3847.715,3850.655,3845.875,3848.015,0.1908
1759196400000,2025-09-30,01:40:00,3848.015,3850.048,3847.195,3847.975,0.1836
1759196700000,2025-09-30,01:45:00,3848.015,3849.085,3845.695,3846.645,0.1342
1759197000000,2025-09-30,01:50:00,3846.675,3848.765,3846.145,3848.195,0.1381
1759197300000,2025-09-30,01:55:00,3848.295,3849.285,3846.365,3847.875,0.1251
1759197600000,2025-09-30,02:00:00,3847.875,3851.755,3847.725,3849.715,0.1939
1759197900000,2025-09-30,02:05:00,3849.695,3849.965,3846.455,3846.565,0.1563
1759198200000,2025-09-30,02:10:00,3846.585,3847.585,3844.915,3846.595,0.1863
1759198500000,2025-09-30,02:15:00,3846.425,3848.395,3846.425,3847.655,0.1138
1759198800000,2025-09-30,02:20:00,3847.655,3847.655,3843.305,3843.805,0.1626
1759199100000,2025-09-30,02:25:00,3843.765,3846.145,3842.345,3845.535,0.1514
1759199400000,2025-09-30,02:30:00,3845.475,3846.975,3843.365,3845.115,0.1785
1759199700000,2025-09-30,02:35:00,3845.155,3846.815,3844.465,3846.775,0.113
1759200000000,2025-09-30,02:40:00,3846.775,3848.295,3846.375,3848.295,0.1385
1759200300000,2025-09-30,02:45:00,3848.315,3848.975,3846.995,3848.505,0.1378
1759200600000,2025-09-30,02:50:00,3848.475,3849.485,3847.955,3848.765,0.0839
1759200900000,2025-09-30,02:55:00,3848.765,3849.685,3847.475,3847.795,0.1385
1759201200000,2025-09-30,03:00:00,3847.955,3848.375,3845.705,3846.615,0.1198
1759201500000,2025-09-30,03:05:00,3846.615,3849.655,3846.285,3849.365,0.1289
1759201800000,2025-09-30,03:10:00,3849.345,3854.495,3849.185,3853.295,0.1907
1759202100000,2025-09-30,03:15:00,3853.305,3855.605,3852.235,3854.955,0.1418
1759202400000,2025-09-30,03:20:00,3854.995,3856.235,3854.605,3855.985,0.1094
1759202700000,2025-09-30,03:25:00,3855.985,3859.433,3855.665,3857.985,0.2649
1759203000000,2025-09-30,03:30:00,3858.015,3859.685,3857.648,3859.625,0.1142
1759203300000,2025-09-30,03:35:00,3859.645,3861.115,3858.915,3859.495,0.1598
1759203600000,2025-09-30,03:40:00,3859.535,3863.685,3859.465,3863.655,0.1691
1759203900000,2025-09-30,03:45:00,3863.645,3865.465,3862.445,3862.455,0.3603
1759204200000,2025-09-30,03:50:00,3862.485,3867.015,3862.485,3866.055,0.1568
1759204500000,2025-09-30,03:55:00,3866.015,3866.375,3864.305,3864.465,0.1385
1759204800000,2025-09-30,04:00:00,3864.555,3865.705,3864.185,3864.875,0.1
1759205100000,2025-09-30,04:05:00,3864.685,3865.755,3864.515,3864.755,0.1006
1759205400000,2025-09-30,04:10:00,3864.785,3865.745,3862.585,3862.685,0.1176
1759205700000,2025-09-30,04:15:00,3862.705,3863.005,3861.795,3863.005,0.2208
1759206000000,2025-09-30,04:20:00,3862.965,3864.605,3862.595,3863.215,0.1573
1759206300000,2025-09-30,04:25:00,3863.215,3865.715,3863.095,3863.715,0.1197
1759206600000,2025-09-30,04:30:00,3863.695,3866.015,3863.415,3865.748,0.1672
1759206900000,2025-09-30,04:35:00,3865.745,3865.975,3864.065,3864.575,0.3273
1759207200000,2025-09-30,04:40:00,3864.575,3865.535,3863.165,3864.095,0.2221
1759207500000,2025-09-30,04:45:00,3864.075,3864.495,3863.175,3863.198,0.1993
1759207800000,2025-09-30,04:50:00,3863.298,3864.848,3863.198,3863.765,0.2124
1759208100000,2025-09-30,04:55:00,3863.728,3866.845,3863.728,3866.805,0.1988
1759208400000,2025-09-30,05:00:00,3866.805,3869.758,3866.265,3869.248,0.1488
1759208700000,2025-09-30,05:05:00,3868.828,3869.085,3862.315,3864.015,0.3868
1759209000000,2025-09-30,05:10:00,3864.055,3866.235,3863.755,3866.015,0.1184
1759209300000,2025-09-30,05:15:00,3866.065,3869.775,3865.755,3868.948,0.1275
1759209600000,2025-09-30,05:20:00,3868.948,3869.105,3866.985,3868.395,0.1163
1759209900000,2025-09-30,05:25:00,3868.425,3869.815,3867.048,3867.175,0.0883
1759210200000,2025-09-30,05:30:00,3867.248,3869.448,3863.935,3868.195,0.1805
1759210500000,2025-09-30,05:35:00,3868.135,3869.555,3866.505,3867.265,0.2446
1759210800000,2025-09-30,05:40:00,3867.248,3869.245,3866.305,3868.565,0.1642
1759211100000,2025-09-30,05:45:00,3868.605,3868.735,3864.915,3867.715,0.1528
1759211400000,2025-09-30,05:50:00,3867.675,3869.475,3866.475,3868.825,0.0981
1759211700000,2025-09-30,05:55:00,3868.795,3870.165,3868.525,3869.505,0.1096
1759212000000,2025-09-30,06:00:00,3869.525,3870.125,3867.425,3868.048,0.1029
1759212300000,2025-09-30,06:05:00,3868.048,3869.525,3867.445,3869.515,0.1208
1759212600000,2025-09-30,06:10:00,3869.535,3871.505,3866.355,3866.485,0.1689
1759212900000,2025-09-30,06:15:00,3866.485,3867.095,3861.598,3862.325,0.2082
1759213200000,2025-09-30,06:20:00,3862.355,3865.985,3862.098,3865.485,0.2117
1759213500000,2025-09-30,06:25:00,3865.435,3866.365,3863.845,3866.325,0.1087
1759213800000,2025-09-30,06:30:00,3866.355,3870.405,3865.995,3870.185,0.1405
1759214100000,2025-09-30,06:35:00,3870.195,3871.275,3868.248,3868.925,0.1678
1759214400000,2025-09-30,06:40:00,3869.005,3871.025,3868.075,3869.665,0.1113
1759214700000,2025-09-30,06:45:00,3869.635,3869.635,3863.395,3864.315,0.1215
1759215000000,2025-09-30,06:50:00,3864.195,3864.775,3856.075,3856.095,0.2319
1759215300000,2025-09-30,06:55:00,3856.065,3860.035,3854.535,3855.398,0.4605
1759215600000,2025-09-30,07:00:00,3855.498,3857.375,3853.448,3855.775,0.2575
1759215900000,2025-09-30,07:05:00,3855.755,3859.198,3852.718,3853.055,0.6697
1759216200000,2025-09-30,07:10:00,3853.049,3855.825,3850.415,3853.985,1.04
1759216500000,2025-09-30,07:15:00,3853.985,3854.298,3851.685,3853.698,0.806
1759216800000,2025-09-30,07:20:00,3853.598,3855.235,3851.138,3851.498,0.4552
1759217100000,2025-09-30,07:25:00,3851.505,3853.465,3848.245,3852.795,0.3368
1759217400000,2025-09-30,07:30:00,3852.775,3854.275,3850.745,3851.455,0.1168
1759217700000,2025-09-30,07:35:00,3851.435,3852.825,3850.725,3851.475,0.2175
1759218000000,2025-09-30,07:40:00,3851.495,3851.735,3846.065,3847.265,0.3327
1759218300000,2025-09-30,07:45:00,3847.315,3850.305,3844.678,3844.678,0.5489
1759218600000,2025-09-30,07:50:00,3844.835,3846.545,3843.498,3844.548,0.2285
1759218900000,2025-09-30,07:55:00,3844.648,3844.848,3839.195,3843.645,0.222
1759219200000,2025-09-30,08:00:00,3843.675,3847.035,3842.365,3844.165,0.2199
1759219500000,2025-09-30,08:05:00,3844.195,3844.565,3832.515,3835.555,0.2638
1759219800000,2025-09-30,08:10:00,3835.725,3838.995,3834.265,3837.735,0.2294
1759220100000,2025-09-30,08:15:00,3837.755,3838.248,3831.998,3832.298,0.2925
1759220400000,2025-09-30,08:20:00,3832.245,3833.115,3820.472,3829.675,0.3423
1759220700000,2025-09-30,08:25:00,3829.645,3833.075,3823.545,3823.565,0.2297
1759221000000,2025-09-30,08:30:00,3823.425,3823.645,3813.025,3816.385,0.3169
1759221300000,2025-09-30,08:35:00,3816.405,3818.955,3807.308,3808,0.3322
1759221600000,2025-09-30,08:40:00,3808,3816.445,3808,3815.365,0.2849
1759221900000,2025-09-30,08:45:00,3815.365,3821.885,3814.895,3819.555,0.2689
1759222200000,2025-09-30,08:50:00,3819.845,3820.795,3814.635,3816.575,0.2636
1759222500000,2025-09-30,08:55:00,3816.555,3820.565,3815.695,3816.065,0.2342
1759222800000,2025-09-30,09:00:00,3816.035,3821.285,3815.605,3818.275,0.5328
1759223100000,2025-09-30,09:05:00,3818.245,3818.705,3810.655,3811.345,0.4094
1759223400000,2025-09-30,09:10:00,3811.275,3812.055,3797.145,3799.345,0.4081
1759223700000,2025-09-30,09:15:00,3798.998,3806.195,3798.998,3801.505,0.27
1759224000000,2025-09-30,09:20:00,3801.505,3803.875,3797.955,3797.985,0.3031
1759224300000,2025-09-30,09:25:00,3797.995,3802.905,3797.985,3801.375,0.1785
1759224600000,2025-09-30,09:30:00,3801.538,3806.545,3800.848,3803.075,0.2224
1759224900000,2025-09-30,09:35:00,3803.105,3805.625,3799.755,3801.325,0.1815
1759225200000,2025-09-30,09:40:00,3801.355,3803.995,3800.595,3801.475,0.1201
1759225500000,2025-09-30,09:45:00,3801.445,3801.445,3792.875,3798.175,0.2268
1759225800000,2025-09-30,09:50:00,3798.095,3801.448,3795.525,3798.325,0.2384
1759226100000,2025-09-30,09:55:00,3798.225,3800.785,3796.635,3798.515,0.1631
1759226400000,2025-09-30,10:00:00,3798.515,3803.905,3797.945,3803.175,0.1341
1759226700000,2025-09-30,10:05:00,3803.205,3806.395,3802.835,3804.325,0.2331
1759227000000,2025-09-30,10:10:00,3804.405,3805.155,3802.315,3803.115,0.3436
1759227300000,2025-09-30,10:15:00,3803.185,3806.615,3802.775,3805.055,0.1755
1759227600000,2025-09-30,10:20:00,3805.015,3809.825,3804.545,3807.455,0.1717
1759227900000,2025-09-30,10:25:00,3807.415,3807.845,3802.805,3804.065,0.3536
1759228200000,2025-09-30,10:30:00,3803.995,3808.105,3803.095,3808.085,0.1343
1759228500000,2025-09-30,10:35:00,3808.065,3809.985,3806.295,3808.315,0.1336
1759228800000,2025-09-30,10:40:00,3808.405,3810.205,3808.295,3809.395,0.0866
1759229100000,2025-09-30,10:45:00,3809.415,3814.285,3809.235,3812.905,0.1351
1759229400000,2025-09-30,10:50:00,3812.935,3814.425,3812.305,3813.985,0.1339
1759229700000,2025-09-30,10:55:00,3813.965,3814.075,3811.865,3811.955,0.1343
1759230000000,2025-09-30,11:00:00,3811.925,3813.425,3810.705,3811.655,0.2041
1759230300000,2025-09-30,11:05:00,3811.635,3812.665,3809.145,3809.245,0.1417
1759230600000,2025-09-30,11:10:00,3809.235,3809.285,3806.415,3806.595,0.2207
1759230900000,2025-09-30,11:15:00,3806.565,3808.128,3804.255,3805.515,0.153
1759231200000,2025-09-30,11:20:00,3805.515,3809.995,3804.865,3808.505,0.1284
1759231500000,2025-09-30,11:25:00,3808.475,3809.845,3807.785,3809.335,0.1011
1759231800000,2025-09-30,11:30:00,3809.305,3816.165,3807.878,3815.885,0.1333
1759232100000,2025-09-30,11:35:00,3815.865,3817.335,3813.925,3816.135,0.1471
1759232400000,2025-09-30,11:40:00,3816.155,3816.945,3814.125,3814.725,0.1005
1759232700000,2025-09-30,11:45:00,3814.545,3816.255,3812.785,3814.935,0.0926
1759233000000,2025-09-30,11:50:00,3814.965,3816.105,3813.565,3813.925,0.0951
1759233300000,2025-09-30,11:55:00,3813.935,3817.575,3813.515,3815.045,0.1274
1759233600000,2025-09-30,12:00:00,3815.045,3816.445,3812.385,3812.995,0.1487
1759233900000,2025-09-30,12:05:00,3812.865,3814.775,3810.795,3814.665,0.1721
1759234200000,2025-09-30,12:10:00,3814.595,3816.245,3812.355,3816.045,0.1512
1759234500000,2025-09-30,12:15:00,3815.865,3816.145,3811.385,3815.005,0.1233
1759234800000,2025-09-30,12:20:00,3815.135,3816.515,3812.515,3813.185,0.1833
1759235100000,2025-09-30,12:25:00,3813.145,3815.265,3811.885,3813.775,0.136
1759235400000,2025-09-30,12:30:00,3813.745,3815.085,3811.245,3813.865,0.2065
1759235700000,2025-09-30,12:35:00,3813.835,3816.825,3813.815,3816.805,0.1484
1759236000000,2025-09-30,12:40:00,3816.775,3816.775,3808.745,3810.635,0.3357
1759236300000,2025-09-30,12:45:00,3810.655,3818.915,3810.105,3818.815,0.2318
1759236600000,2025-09-30,12:50:00,3818.885,3821.505,3815.855,3820.308,0.1783
1759236900000,2025-09-30,12:55:00,3820.295,3820.475,3817.488,3819.045,0.2167
1759237200000,2025-09-30,13:00:00,3819.035,3819.905,3813.968,3814.895,0.2047
1759237500000,2025-09-30,13:05:00,3815.085,3816.755,3813.478,3814.798,0.2194
1759237800000,2025-09-30,13:10:00,3814.698,3816.885,3813.755,3816.615,0.2675
1759238100000,2025-09-30,13:15:00,3816.805,3818.878,3816.548,3817.565,0.1374
1759238400000,2025-09-30,13:20:00,3817.545,3819.175,3811.875,3813.325,0.2062
1759238700000,2025-09-30,13:25:00,3813.295,3816.648,3811.505,3815.035,0.2358
1759239000000,2025-09-30,13:30:00,3815.185,3819.678,3812.075,3817.465,0.3908
1759239300000,2025-09-30,13:35:00,3817.595,3823.405,3817.335,3822.315,0.3259
1759239600000,2025-09-30,13:40:00,3822.315,3825.025,3819.905,3824.765,0.2913
1759239900000,2025-09-30,13:45:00,3824.795,3829.205,3824.448,3828.825,0.2853
1759240200000,2025-09-30,13:50:00,3828.825,3829.645,3824.205,3824.655,0.4564
1759240500000,2025-09-30,13:55:00,3824.565,3826.175,3822.295,3823.228,0.2128
1759240800000,2025-09-30,14:00:00,3822.568,3828.145,3819.955,3827.905,0.3346
1759241100000,2025-09-30,14:05:00,3827.995,3838.315,3827.995,3838.305,0.448
1759241400000,2025-09-30,14:10:00,3838.135,3846.795,3837.575,3843.705,0.3717
1759241700000,2025-09-30,14:15:00,3843.725,3849.455,3842.545,3849.085,0.3818
1759242000000,2025-09-30,14:20:00,3849.135,3852.285,3844.405,3851.845,0.3519
1759242300000,2025-09-30,14:25:00,3851.798,3851.808,3843.195,3843.835,0.304
1759242600000,2025-09-30,14:30:00,3843.865,3847.998,3842.505,3843.825,0.2629
1759242900000,2025-09-30,14:35:00,3843.825,3848.265,3843.515,3846.885,0.275
1759243200000,2025-09-30,14:40:00,3846.865,3849.975,3845.225,3849.705,0.2415
1759243500000,2025-09-30,14:45:00,3849.735,3850.175,3847.748,3848.795,0.2922
1759243800000,2025-09-30,14:50:00,3848.748,3854.245,3845.205,3854.245,0.2711
1759244100000,2025-09-30,14:55:00,3854.305,3854.435,3852.248,3853.765,0.3594
1759244400000,2025-09-30,15:00:00,3853.785,3853.848,3845.435,3845.845,0.423
1759244700000,2025-09-30,15:05:00,3845.845,3846.885,3833.848,3835.605,0.5764
1759245000000,2025-09-30,15:10:00,3835.605,3842.575,3832.265,3835.115,0.3272
1759245300000,2025-09-30,15:15:00,3835.045,3836.695,3831.085,3835.985,0.32
1759245600000,2025-09-30,15:20:00,3836.015,3839.648,3835.615,3839.448,0.4364
1759245900000,2025-09-30,15:25:00,3839.348,3839.448,3833.795,3834.775,0.3276
1759246200000,2025-09-30,15:30:00,3834.619,3838.535,3834.105,3838.275,0.3269
1759246500000,2025-09-30,15:35:00,3838.195,3841.348,3834.248,3838.048,0.4301
1759246800000,2025-09-30,15:40:00,3838.048,3840.548,3834.415,3838.448,0.3627
1759247100000,2025-09-30,15:45:00,3838.715,3839.265,3835.185,3839.265,0.2038
1759247400000,2025-09-30,15:50:00,3839.195,3840.295,3836.695,3837.445,0.2051
1759247700000,2025-09-30,15:55:00,3837.465,3838.775,3835.695,3838.765,0.2145
1759248000000,2025-09-30,16:00:00,3838.615,3841.585,3837.648,3841.098,0.2115
1759248300000,2025-09-30,16:05:00,3841.098,3844.535,3840.205,3843.285,0.2263
1759248600000,2025-09-30,16:10:00,3843.315,3843.715,3841.245,3843.065,0.1462
1759248900000,2025-09-30,16:15:00,3843.065,3844.045,3841.665,3842.525,0.1256
1759249200000,2025-09-30,16:20:00,3842.355,3844.005,3840.625,3841.845,0.1854
1759249500000,2025-09-30,16:25:00,3841.845,3843.995,3841.445,3843.615,0.1722
1759249800000,2025-09-30,16:30:00,3843.605,3844.845,3842.385,3844.195,0.1237
1759250100000,2025-09-30,16:35:00,3844.175,3845.355,3843.285,3845.085,0.1458
1759250400000,2025-09-30,16:40:00,3845.085,3845.785,3843.935,3845.445,0.1021
1759250700000,2025-09-30,16:45:00,3845.425,3847.735,3844.745,3847.425,0.1595
1759251000000,2025-09-30,16:50:00,3847.455,3847.735,3845.815,3845.945,0.2641
1759251300000,2025-09-30,16:55:00,3845.965,3846.698,3845.098,3845.725,0.2262
1759251600000,2025-09-30,17:00:00,3845.785,3847.265,3843.875,3845.145,0.197
1759251900000,2025-09-30,17:05:00,3845.175,3846.165,3843.585,3846.155,0.0864
1759252200000,2025-09-30,17:10:00,3846.185,3846.855,3844.945,3845.315,0.0832
1759252500000,2025-09-30,17:15:00,3845.265,3848.145,3845.145,3847.615,0.0884
1759252800000,2025-09-30,17:20:00,3847.665,3848.455,3846.905,3847.795,0.0974
1759253100000,2025-09-30,17:25:00,3847.825,3847.915,3844.985,3845.455,0.124
1759253400000,2025-09-30,17:30:00,3845.515,3847.505,3845.195,3847.505,0.1018
1759253700000,2025-09-30,17:35:00,3847.565,3849.145,3845.975,3846.985,0.0941
1759254000000,2025-09-30,17:40:00,3847.015,3848.065,3844.365,3845.675,0.1495
1759254300000,2025-09-30,17:45:00,3845.745,3846.115,3842.535,3842.765,0.1342
1759254600000,2025-09-30,17:50:00,3842.775,3844.365,3842.725,3844.075,0.0861
1759254900000,2025-09-30,17:55:00,3844.065,3844.685,3842.885,3843.825,0.0704
1759255200000,2025-09-30,18:00:00,3843.865,3844.595,3840.325,3840.445,0.1117
1759255500000,2025-09-30,18:05:00,3840.475,3841.295,3839.498,3840.355,0.2097
1759255800000,2025-09-30,18:10:00,3840.365,3841.148,3839.615,3840.765,0.1474
1759256100000,2025-09-30,18:15:00,3840.845,3843.285,3840.248,3842.985,0.1673
1759256400000,2025-09-30,18:20:00,3842.685,3845.595,3842.535,3843.855,0.111
1759256700000,2025-09-30,18:25:00,3843.825,3846.185,3843.775,3845.785,0.1372
1759257000000,2025-09-30,18:30:00,3845.748,3846.148,3843.505,3844.425,0.2309
1759257300000,2025-09-30,18:35:00,3844.398,3845.715,3843.805,3845.525,0.1811
1759257600000,2025-09-30,18:40:00,3845.555,3846.298,3845.075,3845.355,0.1065
1759257900000,2025-09-30,18:45:00,3845.315,3847.848,3844.878,3847.348,0.1808
1759258200000,2025-09-30,18:50:00,3847.355,3848.748,3847.048,3847.879,0.1921
1759258500000,2025-09-30,18:55:00,3847.948,3848.579,3847.568,3847.668,0.1636
1759258800000,2025-09-30,19:00:00,3847.609,3850.535,3846.945,3849.015,0.1826
1759259100000,2025-09-30,19:05:00,3849.085,3849.815,3848.215,3849.705,0.0889
1759259400000,2025-09-30,19:10:00,3849.698,3850.265,3848.965,3849.985,0.0883
1759259700000,2025-09-30,19:15:00,3850.055,3851.565,3849.985,3851.155,0.0999
1759260000000,2025-09-30,19:20:00,3851.195,3854.495,3851.195,3854.065,0.0913
1759260300000,2025-09-30,19:25:00,3854.085,3854.085,3852.675,3852.995,0.0859
1759260600000,2025-09-30,19:30:00,3853.015,3854.465,3852.985,3853.398,0.1769
1759260900000,2025-09-30,19:35:00,3853.498,3855.155,3853.498,3855.125,0.1304
1759261200000,2025-09-30,19:40:00,3855.105,3855.248,3854.675,3854.905,0.082
1759261500000,2025-09-30,19:45:00,3854.875,3855.298,3854.198,3854.948,0.1598
1759261800000,2025-09-30,19:50:00,3854.848,3859.545,3854.165,3859.425,0.2463
1759262100000,2025-09-30,19:55:00,3859.515,3860.535,3857.025,3858.798,0.3517
1759262400000,2025-09-30,20:00:00,3858.898,3858.948,3853.098,3854.608,0.1821
1759262700000,2025-09-30,20:05:00,3854.505,3854.505,3850.365,3851.845,0.1147
1759263000000,2025-09-30,20:10:00,3851.255,3853.545,3850.885,3852.948,0.0576
1759263300000,2025-09-30,20:15:00,3852.828,3855.148,3851.998,3853.698,0.1102
1759263600000,2025-09-30,20:20:00,3853.798,3854.948,3853.548,3854.548,0.0794
1759263900000,2025-09-30,20:25:00,3854.548,3855.248,3853.598,3855.105,0.0507
1759264200000,2025-09-30,20:30:00,3855.145,3855.998,3854.555,3855.465,0.0476
1759264500000,2025-09-30,20:35:00,3855.485,3858.785,3855.485,3857.585,0.0767
1759264800000,2025-09-30,20:40:00,3857.555,3858.735,3855.985,3856.415,0.0574
1759265100000,2025-09-30,20:45:00,3856.515,3858.695,3855.435,3858.175,0.0694
1759265400000,2025-09-30,20:50:00,3858.195,3859.878,3858.195,3859.399,0.0798
1759265700000,2025-09-30,20:55:00,3859.389,3859.748,3857.365,3857.365,0.0949
1759269600000,2025-09-30,22:00:00,3858.898,3860.465,3856.098,3859.815,0.1176
1759269900000,2025-09-30,22:05:00,3859.705,3861.085,3858.735,3859.825,0.0559
1759270200000,2025-09-30,22:10:00,3859.805,3860.365,3858.545,3859.535,0.0513
1759270500000,2025-09-30,22:15:00,3859.495,3860.435,3859.335,3859.855,0.0358
1759270800000,2025-09-30,22:20:00,3859.855,3859.905,3858.055,3858.365,0.0632
1759271100000,2025-09-30,22:25:00,3858.335,3859.225,3854.425,3854.425,0.1053
1759271400000,2025-09-30,22:30:00,3854.465,3858.815,3854.435,3858.805,0.078
1759271700000,2025-09-30,22:35:00,3858.805,3859.055,3856.575,3857.945,0.0592
1759272000000,2025-09-30,22:40:00,3857.965,3858.998,3857.915,3858.825,0.0359
1759272300000,2025-09-30,22:45:00,3858.865,3860.665,3858.845,3859.648,0.0571
1759272600000,2025-09-30,22:50:00,3859.705,3860.575,3859.245,3859.285,0.0485
1759272900000,2025-09-30,22:55:00,3859.335,3859.848,3858.475,3859.648,0.095
1759273200000,2025-09-30,23:00:00,3859.779,3861.048,3859.748,3860.448,0.0967
1759273500000,2025-09-30,23:05:00,3860.548,3861.915,3860.285,3861.548,0.1132
1759273800000,2025-09-30,23:10:00,3861.548,3862.035,3861.425,3861.625,0.0472
1759274100000,2025-09-30,23:15:00,3861.585,3862.155,3861.385,3861.585,0.0235
1759274400000,2025-09-30,23:20:00,3861.515,3861.705,3860.315,3860.635,0.0229
1759274700000,2025-09-30,23:25:00,3860.665,3861.585,3860.525,3861.405,0.0155
1759275000000,2025-09-30,23:30:00,3861.395,3861.585,3859.925,3861.245,0.0245
1759275300000,2025-09-30,23:35:00,3861.215,3861.775,3860.215,3860.755,0.0291
1759275600000,2025-09-30,23:40:00,3860.725,3861.635,3860.185,3861.495,0.0259
1759275900000,2025-09-30,23:45:00,3861.475,3862.525,3861.475,3862.165,0.039
1759276200000,2025-09-30,23:50:00,3862.185,3862.625,3860.785,3861.775,0.0406
1759276500000,2025-09-30,23:55:00,3861.795,3862.865,3861.165,3862.765,0.0454
