timestamp,date,time,open,high,low,close,volume
1782864000000,2026-07-01,00:00:00,4005.755,4007.775,4005.125,4006.675,0.0869
1782864300000,2026-07-01,00:05:00,4006.705,4007.755,4005.275,4007.085,0.0905
1782864600000,2026-07-01,00:10:00,4007.055,4009.475,4006.725,4008.155,0.0921
1782864900000,2026-07-01,00:15:00,4008.085,4008.905,4001.445,4002.125,0.1201
1782865200000,2026-07-01,00:20:00,4002.215,4006.635,4001.305,4005.065,0.1159
1782865500000,2026-07-01,00:25:00,4005.225,4006.145,4001.165,4001.475,0.1016
1782865800000,2026-07-01,00:30:00,4001.545,4005.455,4000.595,4002.975,0.101
1782866100000,2026-07-01,00:35:00,4002.945,4004.425,4000.585,4000.715,0.0911
1782866400000,2026-07-01,00:40:00,4000.685,4000.995,3995.585,3996.065,0.1282
1782866700000,2026-07-01,00:45:00,3996.095,3997.015,3994.405,3995.475,0.1279
1782867000000,2026-07-01,00:50:00,3995.495,3998.175,3992.665,3993.735,0.141
1782867300000,2026-07-01,00:55:00,3993.705,3999.295,3993.495,3996.485,0.1598
1782867600000,2026-07-01,01:00:00,3996.435,3999.505,3989.905,3990.085,0.3016
1782867900000,2026-07-01,01:05:00,3990.025,3990.295,3982.625,3984.685,0.2482
1782868200000,2026-07-01,01:10:00,3984.855,3985.125,3978.655,3983.885,0.2377
1782868500000,2026-07-01,01:15:00,3984.135,3984.195,3975.315,3981.045,0.2628
1782868800000,2026-07-01,01:20:00,3981.215,3985.665,3980.545,3983.155,0.2337
1782869100000,2026-07-01,01:25:00,3983.145,3985.695,3981.265,3985.455,0.2064
1782869400000,2026-07-01,01:30:00,3985.485,3988.235,3976.375,3979.405,0.2251
1782869700000,2026-07-01,01:35:00,3979.345,3980.675,3975.155,3975.385,0.1714
1782870000000,2026-07-01,01:40:00,3975.365,3979.735,3974.955,3978.615,0.176
1782870300000,2026-07-01,01:45:00,3978.715,3981.675,3974.085,3978.745,0.2105
1782870600000,2026-07-01,01:50:00,3978.675,3980.085,3973.745,3976.025,0.188
1782870900000,2026-07-01,01:55:00,3975.925,3978.755,3975.215,3977.545,0.1495
1782871200000,2026-07-01,02:00:00,3977.585,3979.705,3974.285,3974.515,0.1584
1782871500000,2026-07-01,02:05:00,3974.385,3974.665,3969.935,3972.265,0.2036
1782871800000,2026-07-01,02:10:00,3972.265,3976.765,3971.495,3976.275,0.2002
1782872100000,2026-07-01,02:15:00,3976.275,3980.345,3975.515,3980.345,0.1391
1782872400000,2026-07-01,02:20:00,3980.315,3981.655,3979.265,3981.115,0.1051
1782872700000,2026-07-01,02:25:00,3981.245,3982.085,3979.495,3980.525,0.1321
1782873000000,2026-07-01,02:30:00,3980.565,3984.675,3978.625,3981.515,0.2122
1782873300000,2026-07-01,02:35:00,3981.515,3985.885,3981.515,3983.655,0.1759
1782873600000,2026-07-01,02:40:00,3983.525,3984.105,3980.695,3982.695,0.2104
1782873900000,2026-07-01,02:45:00,3982.895,3985.035,3981.675,3981.735,0.1883
1782874200000,2026-07-01,02:50:00,3981.855,3984.945,3979.665,3979.945,0.1835
1782874500000,2026-07-01,02:55:00,3980.015,3981.065,3978.205,3978.935,0.1673
1782874800000,2026-07-01,03:00:00,3978.935,3982.415,3978.195,3981.595,0.1821
1782875100000,2026-07-01,03:05:00,3981.595,3984.965,3980.575,3984.765,0.1635
1782875400000,2026-07-01,03:10:00,3984.685,3985.255,3982.995,3983.135,0.1273
1782875700000,2026-07-01,03:15:00,3983.135,3986.845,3983.045,3983.535,0.1528
1782876000000,2026-07-01,03:20:00,3983.515,3983.675,3980.505,3982.395,0.1487
1782876300000,2026-07-01,03:25:00,3982.355,3982.715,3979.905,3981.145,0.1357
1782876600000,2026-07-01,03:30:00,3981.175,3981.285,3976.265,3976.735,0.1444
1782876900000,2026-07-01,03:35:00,3976.785,3981.125,3976.735,3981.055,0.0988
1782877200000,2026-07-01,03:40:00,3980.975,3982.035,3977.265,3977.265,0.0955
1782877500000,2026-07-01,03:45:00,3977.225,3979.225,3976.435,3977.405,0.0835
1782877800000,2026-07-01,03:50:00,3977.435,3978.625,3976.795,3977.555,0.0602
1782878100000,2026-07-01,03:55:00,3977.505,3980.355,3977.235,3980.285,0.0628
1782878400000,2026-07-01,04:00:00,3980.635,3980.855,3974.825,3975.575,0.0895
1782878700000,2026-07-01,04:05:00,3975.485,3977.395,3975.165,3975.305,0.0878
1782879000000,2026-07-01,04:10:00,3975.215,3976.545,3973.825,3976.105,0.0993
1782879300000,2026-07-01,04:15:00,3975.935,3976.635,3974.105,3975.905,0.0842
1782879600000,2026-07-01,04:20:00,3975.755,3976.965,3974.815,3976.445,0.0859
1782879900000,2026-07-01,04:25:00,3976.425,3977.915,3975.995,3977.395,0.0621
1782880200000,2026-07-01,04:30:00,3977.335,3980.475,3977.265,3977.585,0.1033
1782880500000,2026-07-01,04:35:00,3977.575,3978.055,3973.545,3974.125,0.0938
1782880800000,2026-07-01,04:40:00,3974.125,3974.665,3972.215,3974.405,0.0674
1782881100000,2026-07-01,04:45:00,3974.405,3980.185,3973.945,3979.615,0.0871
1782881400000,2026-07-01,04:50:00,3979.615,3981.275,3978.895,3980.545,0.0715
1782881700000,2026-07-01,04:55:00,3980.465,3982.465,3976.295,3976.345,0.0896
1782882000000,2026-07-01,05:00:00,3976.325,3976.895,3971.675,3973.185,0.1067
1782882300000,2026-07-01,05:05:00,3972.995,3974.675,3972.295,3973.035,0.0933
1782882600000,2026-07-01,05:10:00,3972.985,3973.085,3969.595,3971.685,0.12
1782882900000,2026-07-01,05:15:00,3971.715,3972.295,3969.865,3971.755,0.0933
1782883200000,2026-07-01,05:20:00,3971.605,3974.965,3971.605,3974.385,0.0923
1782883500000,2026-07-01,05:25:00,3974.425,3974.525,3972.335,3972.505,0.0918
1782883800000,2026-07-01,05:30:00,3972.545,3978.685,3970.125,3976.825,0.1976
1782884100000,2026-07-01,05:35:00,3976.885,3977.825,3972.995,3975.275,0.1488
1782884400000,2026-07-01,05:40:00,3975.225,3975.345,3971.605,3974.415,0.1631
1782884700000,2026-07-01,05:45:00,3974.535,3976.315,3973.325,3974.905,0.1412
1782885000000,2026-07-01,05:50:00,3974.835,3977.135,3973.365,3974.355,0.1204
1782885300000,2026-07-01,05:55:00,3974.325,3978.745,3973.565,3973.815,0.162
1782885600000,2026-07-01,06:00:00,3973.765,3977.205,3972.825,3974.625,0.1666
1782885900000,2026-07-01,06:05:00,3974.555,3975.735,3964.055,3966.665,0.208
1782886200000,2026-07-01,06:10:00,3966.695,3968.565,3963.365,3964.915,0.1553
1782886500000,2026-07-01,06:15:00,3964.915,3966.535,3962.945,3966.255,0.1512
1782886800000,2026-07-01,06:20:00,3966.295,3969.515,3965.765,3969.045,0.1489
1782887100000,2026-07-01,06:25:00,3969.095,3969.485,3966.945,3967.305,0.1311
1782887400000,2026-07-01,06:30:00,3967.275,3968.455,3963.055,3964.615,0.1604
1782887700000,2026-07-01,06:35:00,3964.635,3967.695,3963.955,3967.245,0.1233
1782888000000,2026-07-01,06:40:00,3967.215,3973.265,3966.985,3971.585,0.1376
1782888300000,2026-07-01,06:45:00,3971.605,3972.345,3968.795,3969.675,0.125
1782888600000,2026-07-01,06:50:00,3969.695,3973.335,3968.755,3972.845,0.0983
1782888900000,2026-07-01,06:55:00,3972.885,3972.925,3970.515,3971.695,0.0893
1782889200000,2026-07-01,07:00:00,3971.665,3973.655,3965.345,3966.345,0.125
1782889500000,2026-07-01,07:05:00,3966.305,3966.385,3960.105,3964.015,0.1327
1782889800000,2026-07-01,07:10:00,3964.015,3964.435,3960.525,3961.365,0.1161
1782890100000,2026-07-01,07:15:00,3961.265,3970.815,3959.905,3970.095,0.1515
1782890400000,2026-07-01,07:20:00,3969.995,3972.025,3967.215,3967.705,0.094
1782890700000,2026-07-01,07:25:00,3967.675,3970.835,3963.875,3964.145,0.088
1782891000000,2026-07-01,07:30:00,3964.105,3964.925,3960.565,3962.995,0.1368
1782891300000,2026-07-01,07:35:00,3963.185,3969.365,3963.095,3968.715,0.0923
1782891600000,2026-07-01,07:40:00,3968.715,3970.975,3968.105,3970.765,0.1067
1782891900000,2026-07-01,07:45:00,3970.725,3972.805,3968.725,3970.625,0.1797
1782892200000,2026-07-01,07:50:00,3970.325,3974.645,3970.325,3970.965,0.1246
1782892500000,2026-07-01,07:55:00,3970.885,3978.145,3970.725,3975.765,0.1248
1782892800000,2026-07-01,08:00:00,3975.735,3975.985,3970.075,3971.345,0.1442
1782893100000,2026-07-01,08:05:00,3971.305,3972.775,3969.815,3971.005,0.1199
1782893400000,2026-07-01,08:10:00,3971.195,3973.945,3969.035,3973.945,0.1144
1782893700000,2026-07-01,08:15:00,3973.945,3982.755,3973.945,3982.515,0.152
1782894000000,2026-07-01,08:20:00,3982.325,3984.075,3978.595,3978.995,0.1382
1782894300000,2026-07-01,08:25:00,3979.045,3982.075,3978.245,3978.475,0.1232
1782894600000,2026-07-01,08:30:00,3978.465,3979.435,3975.495,3977.285,0.124
1782894900000,2026-07-01,08:35:00,3977.345,3977.545,3972.175,3972.775,0.1132
1782895200000,2026-07-01,08:40:00,3972.745,3978.385,3972.095,3976.665,0.0935
1782895500000,2026-07-01,08:45:00,3976.695,3977.025,3974.015,3974.575,0.0911
1782895800000,2026-07-01,08:50:00,3974.625,3977.085,3974.225,3976.875,0.0971
1782896100000,2026-07-01,08:55:00,3976.845,3976.885,3970.965,3974.185,0.0963
1782896400000,2026-07-01,09:00:00,3974.145,3975.675,3972.565,3975.025,0.1132
1782896700000,2026-07-01,09:05:00,3975.025,3975.985,3972.595,3973.365,0.1136
1782897000000,2026-07-01,09:10:00,3973.415,3977.305,3973.355,3975.445,0.1018
1782897300000,2026-07-01,09:15:00,3975.435,3980.085,3975.175,3978.095,0.1118
1782897600000,2026-07-01,09:20:00,3978.135,3979.135,3976.285,3977.215,0.089
1782897900000,2026-07-01,09:25:00,3977.155,3978.735,3976.545,3978.365,0.0995
1782898200000,2026-07-01,09:30:00,3978.325,3980.995,3977.195,3979.925,0.1086
1782898500000,2026-07-01,09:35:00,3979.945,3982.115,3979.325,3981.835,0.0821
1782898800000,2026-07-01,09:40:00,3981.835,3982.225,3978.995,3981.345,0.0849
1782899100000,2026-07-01,09:45:00,3981.445,3985.465,3981.445,3985.235,0.0839
1782899400000,2026-07-01,09:50:00,3985.195,3985.195,3982.825,3984.805,0.1138
1782899700000,2026-07-01,09:55:00,3984.825,3985.775,3983.285,3984.135,0.0943
1782900000000,2026-07-01,10:00:00,3984.105,3989.115,3984.015,3987.875,0.1233
1782900300000,2026-07-01,10:05:00,3987.815,3989.375,3986.675,3987.285,0.1107
1782900600000,2026-07-01,10:10:00,3987.285,3987.385,3982.575,3983.875,0.0991
1782900900000,2026-07-01,10:15:00,3984.135,3984.425,3981.625,3981.895,0.0867
1782901200000,2026-07-01,10:20:00,3981.865,3984.935,3981.115,3984.685,0.0769
1782901500000,2026-07-01,10:25:00,3984.705,3987.085,3982.855,3986.785,0.0852
1782901800000,2026-07-01,10:30:00,3986.785,3991.715,3986.695,3990.925,0.1013
1782902100000,2026-07-01,10:35:00,3990.965,3994.195,3988.815,3989.335,0.1111
1782902400000,2026-07-01,10:40:00,3989.285,3989.685,3986.295,3987.055,0.0941
1782902700000,2026-07-01,10:45:00,3987.035,3990.905,3986.665,3990.845,0.0644
1782903000000,2026-07-01,10:50:00,3990.895,3993.985,3990.895,3993.455,0.0793
1782903300000,2026-07-01,10:55:00,3993.515,3998.415,3993.475,3997.995,0.1047
1782903600000,2026-07-01,11:00:00,3998.025,4007.645,3997.465,4006.215,0.1528
1782903900000,2026-07-01,11:05:00,4006.405,4010.455,4006.275,4010.135,0.1082
1782904200000,2026-07-01,11:10:00,4009.795,4019.125,4009.545,4015.645,0.1744
1782904500000,2026-07-01,11:15:00,4015.755,4024.755,4014.845,4022.745,0.1624
1782904800000,2026-07-01,11:20:00,4022.745,4025.985,4018.795,4024.275,0.1718
1782905100000,2026-07-01,11:25:00,4024.305,4027.895,4021.105,4026.435,0.1405
1782905400000,2026-07-01,11:30:00,4026.455,4028.005,4022.905,4024.035,0.1631
1782905700000,2026-07-01,11:35:00,4024.205,4026.155,4023.305,4024.475,0.1191
1782906000000,2026-07-01,11:40:00,4024.435,4031.645,4022.965,4028.965,0.1513
1782906300000,2026-07-01,11:45:00,4029.055,4034.745,4028.555,4033.885,0.1344
1782906600000,2026-07-01,11:50:00,4034.015,4035.215,4029.475,4031.925,0.1406
1782906900000,2026-07-01,11:55:00,4031.985,4033.275,4029.755,4030.005,0.1329
1782907200000,2026-07-01,12:00:00,4030.165,4033.375,4023.505,4023.945,0.1862
1782907500000,2026-07-01,12:05:00,4023.895,4024.575,4021.325,4022.725,0.153
1782907800000,2026-07-01,12:10:00,4022.765,4024.345,4019.185,4020.295,0.1375
1782908100000,2026-07-01,12:15:00,4020.295,4027.965,4020.295,4027.585,0.1732
1782908400000,2026-07-01,12:20:00,4027.455,4029.905,4024.555,4028.965,0.1662
1782908700000,2026-07-01,12:25:00,4028.925,4030.175,4025.425,4025.515,0.1412
1782909000000,2026-07-01,12:30:00,4025.455,4032.755,4025.055,4028.295,0.1824
1782909300000,2026-07-01,12:35:00,4028.675,4029.895,4023.445,4023.635,0.2116
1782909600000,2026-07-01,12:40:00,4023.755,4030.305,4023.235,4025.545,0.2007
1782909900000,2026-07-01,12:45:00,4025.765,4027.255,4024.335,4025.895,0.1654
1782910200000,2026-07-01,12:50:00,4026.005,4028.755,4024.835,4025.305,0.1492
1782910500000,2026-07-01,12:55:00,4025.365,4026.905,4022.255,4022.435,0.1524
1782910800000,2026-07-01,13:00:00,4022.415,4024.615,4016.885,4022.185,0.2655
1782911100000,2026-07-01,13:05:00,4022.145,4022.325,4012.545,4017.705,0.2279
1782911400000,2026-07-01,13:10:00,4017.695,4022.235,4013.855,4021.105,0.2317
1782911700000,2026-07-01,13:15:00,4021.085,4031.455,4021.045,4024.165,0.2691
1782912000000,2026-07-01,13:20:00,4024.175,4046.255,4024.025,4043.085,0.3055
1782912300000,2026-07-01,13:25:00,4043.155,4047.065,4037.395,4046.425,0.2781
1782912600000,2026-07-01,13:30:00,4046.485,4053.265,4041.225,4047.685,0.3211
1782912900000,2026-07-01,13:35:00,4047.605,4071.595,4046.155,4070.185,0.3442
1782913200000,2026-07-01,13:40:00,4071.015,4099.655,4069.355,4097.655,0.3384
1782913500000,2026-07-01,13:45:00,4098.035,4107.585,4084.545,4089.555,0.3186
1782913800000,2026-07-01,13:50:00,4089.535,4097.555,4084.905,4087.325,0.2949
1782914100000,2026-07-01,13:55:00,4087.365,4093.055,4085.525,4089.095,0.2359
1782914400000,2026-07-01,14:00:00,4089.125,4101.375,4082.685,4085.075,0.286
1782914700000,2026-07-01,14:05:00,4085.075,4095.595,4085.075,4094.045,0.2784
1782915000000,2026-07-01,14:10:00,4094.015,4099.725,4092.095,4092.695,0.2905
1782915300000,2026-07-01,14:15:00,4092.695,4098.355,4089.175,4094.575,0.3032
1782915600000,2026-07-01,14:20:00,4094.485,4105.845,4093.885,4104.275,0.3071
1782915900000,2026-07-01,14:25:00,4104.335,4106.435,4095.445,4100.245,0.3033
1782916200000,2026-07-01,14:30:00,4100.205,4111.085,4097.835,4110.865,0.2816
1782916500000,2026-07-01,14:35:00,4110.615,4115.485,4105.365,4105.565,0.294
1782916800000,2026-07-01,14:40:00,4105.595,4106.485,4091.645,4092.695,0.2659
1782917100000,2026-07-01,14:45:00,4092.595,4094.935,4086.855,4088.885,0.2931
1782917400000,2026-07-01,14:50:00,4088.955,4091.005,4086.185,4089.115,0.2497
1782917700000,2026-07-01,14:55:00,4089.045,4094.615,4088.805,4093.045,0.2555
1782918000000,2026-07-01,15:00:00,4092.965,4094.275,4087.835,4089.315,0.2933
1782918300000,2026-07-01,15:05:00,4089.225,4093.365,4083.225,4084.085,0.2537
1782918600000,2026-07-01,15:10:00,4084.125,4086.265,4081.655,4084.885,0.2096
1782918900000,2026-07-01,15:15:00,4084.885,4091.695,4084.885,4086.655,0.187
1782919200000,2026-07-01,15:20:00,4086.535,4089.855,4078.215,4080.595,0.1912
1782919500000,2026-07-01,15:25:00,4080.705,4084.685,4079.135,4083.735,0.1623
1782919800000,2026-07-01,15:30:00,4083.685,4083.865,4077.645,4077.905,0.2046
1782920100000,2026-07-01,15:35:00,4077.965,4081.145,4076.555,4080.575,0.1718
1782920400000,2026-07-01,15:40:00,4080.605,4082.515,4078.735,4082.135,0.1696
1782920700000,2026-07-01,15:45:00,4082.045,4085.245,4081.235,4083.925,0.1649
1782921000000,2026-07-01,15:50:00,4084.255,4088.055,4082.995,4083.995,0.1574
1782921300000,2026-07-01,15:55:00,4084.025,4084.035,4079.065,4080.805,0.1653
1782921600000,2026-07-01,16:00:00,4080.735,4086.665,4080.735,4085.135,0.1753
1782921900000,2026-07-01,16:05:00,4085.135,4088.115,4083.735,4083.775,0.173
1782922200000,2026-07-01,16:10:00,4083.895,4084.405,4081.445,4082.135,0.1529
1782922500000,2026-07-01,16:15:00,4082.065,4084.345,4081.205,4083.875,0.1506
1782922800000,2026-07-01,16:20:00,4083.925,4084.665,4080.275,4081.535,0.1346
1782923100000,2026-07-01,16:25:00,4081.595,4084.045,4081.055,4081.175,0.1263
1782923400000,2026-07-01,16:30:00,4081.065,4083.045,4075.205,4076.085,0.1541
1782923700000,2026-07-01,16:35:00,4076.205,4080.085,4076.205,4076.855,0.1453
1782924000000,2026-07-01,16:40:00,4076.835,4077.365,4072.565,4074.235,0.1402
1782924300000,2026-07-01,16:45:00,4074.185,4076.065,4072.525,4073.025,0.1404
1782924600000,2026-07-01,16:50:00,4073.055,4074.265,4070.625,4072.895,0.1511
1782924900000,2026-07-01,16:55:00,4072.835,4073.195,4070.205,4070.855,0.1685
1782925200000,2026-07-01,17:00:00,4070.825,4073.495,4069.585,4071.265,0.1643
1782925500000,2026-07-01,17:05:00,4071.215,4071.225,4067.915,4068.785,0.1419
1782925800000,2026-07-01,17:10:00,4068.655,4071.465,4067.495,4070.905,0.1502
1782926100000,2026-07-01,17:15:00,4070.905,4071.615,4067.545,4069.795,0.1281
1782926400000,2026-07-01,17:20:00,4069.815,4071.395,4068.915,4069.835,0.1265
1782926700000,2026-07-01,17:25:00,4069.835,4070.465,4067.465,4067.685,0.1619
1782927000000,2026-07-01,17:30:00,4067.725,4071.775,4067.565,4070.325,0.1212
1782927300000,2026-07-01,17:35:00,4070.355,4071.415,4069.615,4070.615,0.1119
1782927600000,2026-07-01,17:40:00,4070.635,4072.935,4069.315,4070.535,0.1103
1782927900000,2026-07-01,17:45:00,4070.505,4071.535,4069.835,4070.925,0.1022
1782928200000,2026-07-01,17:50:00,4070.905,4072.135,4068.795,4069.915,0.1063
1782928500000,2026-07-01,17:55:00,4069.895,4070.085,4066.905,4067.995,0.1251
1782928800000,2026-07-01,18:00:00,4067.975,4070.105,4067.825,4069.965,0.1407
1782929100000,2026-07-01,18:05:00,4069.895,4069.915,4067.515,4067.535,0.0979
1782929400000,2026-07-01,18:10:00,4067.365,4070.445,4066.835,4068.695,0.1155
1782929700000,2026-07-01,18:15:00,4068.585,4068.895,4064.675,4066.535,0.1233
1782930000000,2026-07-01,18:20:00,4066.485,4066.765,4063.335,4064.655,0.1132
1782930300000,2026-07-01,18:25:00,4064.705,4065.525,4060.795,4060.915,0.1189
1782930600000,2026-07-01,18:30:00,4060.955,4065.725,4060.955,4064.525,0.1001
1782930900000,2026-07-01,18:35:00,4064.615,4064.925,4062.745,4063.255,0.1028
1782931200000,2026-07-01,18:40:00,4063.275,4063.325,4061.085,4062.585,0.1034
1782931500000,2026-07-01,18:45:00,4062.595,4062.905,4060.635,4061.235,0.1229
1782931800000,2026-07-01,18:50:00,4061.265,4061.885,4057.635,4058.165,0.1247
1782932100000,2026-07-01,18:55:00,4058.145,4062.225,4057.835,4061.795,0.1227
1782932400000,2026-07-01,19:00:00,4061.775,4066.095,4061.255,4065.895,0.134
1782932700000,2026-07-01,19:05:00,4065.865,4067.935,4063.915,4067.235,0.1205
1782933000000,2026-07-01,19:10:00,4067.155,4067.205,4064.165,4065.135,0.1067
1782933300000,2026-07-01,19:15:00,4065.155,4065.975,4060.925,4061.225,0.1249
1782933600000,2026-07-01,19:20:00,4061.245,4062.135,4056.305,4056.515,0.1231
1782933900000,2026-07-01,19:25:00,4056.385,4059.455,4056.385,4058.565,0.1311
1782934200000,2026-07-01,19:30:00,4058.555,4059.385,4055.655,4056.215,0.1325
1782934500000,2026-07-01,19:35:00,4056.235,4056.615,4054.985,4055.455,0.1213
1782934800000,2026-07-01,19:40:00,4055.475,4055.615,4052.685,4053.505,0.1301
1782935100000,2026-07-01,19:45:00,4053.485,4054.075,4050.825,4051.795,0.1274
1782935400000,2026-07-01,19:50:00,4051.885,4052.275,4038.415,4041.015,0.2196
1782935700000,2026-07-01,19:55:00,4041.045,4041.755,4034.145,4038.525,0.2159
1782936000000,2026-07-01,20:00:00,4038.365,4039.425,4028.825,4029.605,0.159
1782936300000,2026-07-01,20:05:00,4028.845,4034.605,4028.195,4033.935,0.1092
1782936600000,2026-07-01,20:10:00,4033.855,4036.305,4033.005,4035.355,0.0622
1782936900000,2026-07-01,20:15:00,4035.375,4036.595,4034.275,4035.525,0.0506
1782937200000,2026-07-01,20:20:00,4035.475,4037.785,4035.085,4037.605,0.0524
1782937500000,2026-07-01,20:25:00,4037.575,4039.115,4036.875,4038.345,0.0473
1782937800000,2026-07-01,20:30:00,4038.195,4038.875,4036.265,4036.405,0.0568
1782938100000,2026-07-01,20:35:00,4036.455,4036.515,4034.315,4034.715,0.0477
1782938400000,2026-07-01,20:40:00,4034.665,4035.435,4033.025,4033.575,0.0524
1782938700000,2026-07-01,20:45:00,4033.695,4034.215,4031.705,4032.695,0.0523
1782939000000,2026-07-01,20:50:00,4032.725,4035.665,4032.105,4032.235,0.0522
1782939300000,2026-07-01,20:55:00,4032.295,4032.415,4030.005,4030.745,0.0632
1782943200000,2026-07-01,22:00:00,4033.175,4039.055,4032.105,4039.025,0.0787
1782943500000,2026-07-01,22:05:00,4039.095,4040.845,4035.125,4035.285,0.0554
1782943800000,2026-07-01,22:10:00,4035.345,4037.405,4035.215,4036.505,0.0324
1782944100000,2026-07-01,22:15:00,4036.455,4037.595,4034.695,4035.815,0.0307
1782944400000,2026-07-01,22:20:00,4035.795,4038.875,4035.505,4038.355,0.0465
1782944700000,2026-07-01,22:25:00,4038.335,4038.915,4037.465,4037.835,0.0269
1782945000000,2026-07-01,22:30:00,4037.885,4038.595,4036.135,4037.965,0.0401
1782945300000,2026-07-01,22:35:00,4038.005,4040.265,4037.125,4039.565,0.0407
1782945600000,2026-07-01,22:40:00,4039.475,4040.405,4038.735,4039.655,0.0389
1782945900000,2026-07-01,22:45:00,4039.675,4043.615,4039.515,4043.535,0.0518
1782946200000,2026-07-01,22:50:00,4043.575,4044.125,4042.435,4042.455,0.0297
1782946500000,2026-07-01,22:55:00,4042.485,4044.225,4042.385,4044.155,0.0185
1782946800000,2026-07-01,23:00:00,4043.775,4044.065,4041.775,4042.415,0.0215
1782947100000,2026-07-01,23:05:00,4042.315,4042.535,4040.185,4040.815,0.0199
1782947400000,2026-07-01,23:10:00,4040.815,4042.565,4037.195,4037.345,0.0561
1782947700000,2026-07-01,23:15:00,4037.305,4039.075,4035.705,4038.725,0.0436
1782948000000,2026-07-01,23:20:00,4038.745,4038.945,4035.285,4035.545,0.0388
1782948300000,2026-07-01,23:25:00,4035.545,4037.225,4033.465,4037.085,0.0559
1782948600000,2026-07-01,23:30:00,4037.055,4040.445,4036.365,4038.675,0.0379
1782948900000,2026-07-01,23:35:00,4038.655,4039.265,4034.805,4034.845,0.0356
1782949200000,2026-07-01,23:40:00,4034.795,4036.365,4034.285,4035.495,0.0249
1782949500000,2026-07-01,23:45:00,4035.445,4035.855,4033.105,4033.875,0.061
1782949800000,2026-07-01,23:50:00,4033.945,4036.725,4033.725,4036.275,0.0503
1782950100000,2026-07-01,23:55:00,4036.205,4036.645,4034.705,4035.005,0.0711
1782950400000,2026-07-02,00:00:00,4034.975,4036.275,4030.525,4032.635,0.1354
1782950700000,2026-07-02,00:05:00,4032.665,4040.045,4031.965,4038.745,0.1458
1782951000000,2026-07-02,00:10:00,4038.755,4045.745,4038.365,4044.555,0.1178
1782951300000,2026-07-02,00:15:00,4044.485,4045.365,4039.915,4040.565,0.1054
1782951600000,2026-07-02,00:20:00,4040.625,4046.475,4040.455,4046.395,0.0913
1782951900000,2026-07-02,00:25:00,4046.325,4048.255,4043.685,4046.235,0.0768
1782952200000,2026-07-02,00:30:00,4046.245,4046.465,4041.935,4044.515,0.0954
1782952500000,2026-07-02,00:35:00,4044.545,4046.075,4042.315,4042.945,0.0853
1782952800000,2026-07-02,00:40:00,4042.975,4042.975,4037.665,4039.015,0.092
1782953100000,2026-07-02,00:45:00,4039.035,4052.425,4039.015,4050.455,0.1149
1782953400000,2026-07-02,00:50:00,4050.395,4052.145,4048.925,4050.675,0.1333
1782953700000,2026-07-02,00:55:00,4050.575,4051.845,4048.595,4051.495,0.1385
1782954000000,2026-07-02,01:00:00,4051.415,4068.365,4050.375,4064.825,0.2966
1782954300000,2026-07-02,01:05:00,4064.725,4065.965,4060.625,4064.265,0.2455
1782954600000,2026-07-02,01:10:00,4064.125,4067.685,4063.985,4064.935,0.2242
1782954900000,2026-07-02,01:15:00,4064.845,4065.525,4059.495,4060.525,0.2339
1782955200000,2026-07-02,01:20:00,4060.525,4060.875,4051.605,4052.075,0.2186
1782955500000,2026-07-02,01:25:00,4051.925,4055.305,4049.855,4052.975,0.2108
1782955800000,2026-07-02,01:30:00,4052.985,4054.705,4046.095,4047.865,0.2649
1782956100000,2026-07-02,01:35:00,4048.065,4053.335,4046.365,4053.335,0.2129
1782956400000,2026-07-02,01:40:00,4053.305,4055.315,4047.385,4047.425,0.2191
1782956700000,2026-07-02,01:45:00,4047.375,4053.375,4044.975,4052.455,0.2076
1782957000000,2026-07-02,01:50:00,4052.455,4055.375,4051.415,4053.705,0.1927
1782957300000,2026-07-02,01:55:00,4053.705,4056.225,4048.875,4049.935,0.213
1782957600000,2026-07-02,02:00:00,4049.915,4050.745,4043.545,4046.835,0.226
1782957900000,2026-07-02,02:05:00,4046.885,4046.985,4042.035,4044.205,0.1842
1782958200000,2026-07-02,02:10:00,4044.225,4048.005,4040.985,4047.855,0.1905
1782958500000,2026-07-02,02:15:00,4047.715,4054.035,4047.415,4053.745,0.1707
1782958800000,2026-07-02,02:20:00,4053.745,4054.645,4048.485,4050.655,0.1491
1782959100000,2026-07-02,02:25:00,4050.625,4052.385,4050.195,4051.335,0.1131
1782959400000,2026-07-02,02:30:00,4051.345,4053.875,4047.435,4050.115,0.2088
1782959700000,2026-07-02,02:35:00,4049.895,4053.775,4049.235,4050.805,0.2233
1782960000000,2026-07-02,02:40:00,4051.055,4056.985,4049.815,4056.145,0.1827
1782960300000,2026-07-02,02:45:00,4056.115,4058.065,4054.105,4056.585,0.1711
1782960600000,2026-07-02,02:50:00,4056.565,4058.605,4055.605,4057.115,0.1841
1782960900000,2026-07-02,02:55:00,4057.155,4060.685,4056.625,4056.785,0.1978
1782961200000,2026-07-02,03:00:00,4056.785,4059.295,4056.095,4056.555,0.1836
1782961500000,2026-07-02,03:05:00,4056.595,4059.575,4055.345,4055.535,0.1598
1782961800000,2026-07-02,03:10:00,4055.815,4058.615,4055.235,4057.335,0.1528
1782962100000,2026-07-02,03:15:00,4057.295,4060.085,4057.245,4058.825,0.1589
1782962400000,2026-07-02,03:20:00,4058.785,4062.155,4058.185,4061.625,0.1629
1782962700000,2026-07-02,03:25:00,4061.585,4066.975,4060.695,4065.075,0.1526
1782963000000,2026-07-02,03:30:00,4065.175,4066.685,4063.075,4063.645,0.1398
1782963300000,2026-07-02,03:35:00,4063.665,4065.715,4061.825,4064.715,0.1129
1782963600000,2026-07-02,03:40:00,4064.685,4067.475,4064.575,4065.325,0.1265
1782963900000,2026-07-02,03:45:00,4065.295,4068.945,4062.665,4068.565,0.1432
1782964200000,2026-07-02,03:50:00,4068.565,4072.535,4067.455,4071.845,0.1583
1782964500000,2026-07-02,03:55:00,4071.805,4073.965,4068.955,4069.765,0.1569
1782964800000,2026-07-02,04:00:00,4069.725,4072.515,4069.415,4071.205,0.153
1782965100000,2026-07-02,04:05:00,4071.225,4072.665,4070.285,4070.405,0.1072
1782965400000,2026-07-02,04:10:00,4070.395,4070.925,4067.945,4069.885,0.1075
1782965700000,2026-07-02,04:15:00,4069.865,4070.215,4066.435,4067.175,0.1127
1782966000000,2026-07-02,04:20:00,4067.205,4067.595,4064.485,4064.545,0.1109
1782966300000,2026-07-02,04:25:00,4064.575,4066.505,4063.915,4065.345,0.1015
1782966600000,2026-07-02,04:30:00,4065.415,4066.365,4062.585,4063.025,0.1178
1782966900000,2026-07-02,04:35:00,4063.055,4064.165,4062.375,4063.105,0.1019
1782967200000,2026-07-02,04:40:00,4063.145,4064.185,4061.245,4063.145,0.1121
1782967500000,2026-07-02,04:45:00,4063.095,4063.605,4061.375,4061.875,0.1119
1782967800000,2026-07-02,04:50:00,4061.905,4064.935,4061.705,4063.065,0.1028
1782968100000,2026-07-02,04:55:00,4062.915,4063.655,4060.335,4060.515,0.1109
1782968400000,2026-07-02,05:00:00,4060.505,4061.065,4057.445,4059.005,0.1631
1782968700000,2026-07-02,05:05:00,4059.035,4060.655,4057.575,4058.095,0.1122
1782969000000,2026-07-02,05:10:00,4058.085,4058.965,4054.085,4055.455,0.1454
1782969300000,2026-07-02,05:15:00,4055.425,4058.645,4054.405,4058.365,0.1413
1782969600000,2026-07-02,05:20:00,4058.375,4062.025,4058.035,4061.275,0.1216
1782969900000,2026-07-02,05:25:00,4061.225,4061.915,4057.145,4057.145,0.125
1782970200000,2026-07-02,05:30:00,4057.215,4061.565,4052.945,4055.835,0.2339
1782970500000,2026-07-02,05:35:00,4056.075,4066.125,4055.145,4062.605,0.2447
1782970800000,2026-07-02,05:40:00,4062.765,4063.785,4060.845,4061.595,0.2286
1782971100000,2026-07-02,05:45:00,4061.545,4065.075,4059.725,4060.425,0.2004
1782971400000,2026-07-02,05:50:00,4060.485,4064.705,4060.485,4063.825,0.193
1782971700000,2026-07-02,05:55:00,4063.855,4067.465,4062.215,4065.865,0.1793
1782972000000,2026-07-02,06:00:00,4065.865,4075.815,4065.745,4069.965,0.2203
1782972300000,2026-07-02,06:05:00,4070.035,4073.545,4068.075,4069.725,0.1782
1782972600000,2026-07-02,06:10:00,4069.695,4071.845,4067.855,4068.195,0.1482
1782972900000,2026-07-02,06:15:00,4068.185,4074.855,4066.935,4074.435,0.1675
1782973200000,2026-07-02,06:20:00,4074.405,4079.605,4073.945,4077.795,0.1556
1782973500000,2026-07-02,06:25:00,4077.715,4079.425,4073.915,4073.995,0.129
1782973800000,2026-07-02,06:30:00,4074.045,4076.565,4073.265,4075.555,0.1235
1782974100000,2026-07-02,06:35:00,4075.605,4075.895,4071.695,4072.455,0.1429
1782974400000,2026-07-02,06:40:00,4072.455,4072.715,4065.825,4067.875,0.1432
1782974700000,2026-07-02,06:45:00,4067.825,4073.645,4066.635,4072.955,0.1738
1782975000000,2026-07-02,06:50:00,4073.075,4075.155,4069.455,4072.455,0.1867
1782975300000,2026-07-02,06:55:00,4072.445,4076.345,4072.085,4073.005,0.1501
1782975600000,2026-07-02,07:00:00,4073.025,4073.365,4066.955,4069.045,0.1255
1782975900000,2026-07-02,07:05:00,4069.125,4072.025,4067.385,4071.685,0.1366
1782976200000,2026-07-02,07:10:00,4071.735,4073.965,4067.005,4067.515,0.1219
1782976500000,2026-07-02,07:15:00,4067.695,4068.305,4064.215,4064.875,0.1213
1782976800000,2026-07-02,07:20:00,4064.805,4067.065,4061.235,4061.425,0.1042
1782977100000,2026-07-02,07:25:00,4061.455,4064.115,4060.465,4062.135,0.1114
1782977400000,2026-07-02,07:30:00,4062.105,4064.345,4060.625,4063.575,0.124
1782977700000,2026-07-02,07:35:00,4063.595,4070.925,4062.955,4070.835,0.0986
1782978000000,2026-07-02,07:40:00,4070.685,4075.405,4070.125,4074.325,0.1268
1782978300000,2026-07-02,07:45:00,4074.475,4074.825,4067.225,4069.525,0.0997
1782978600000,2026-07-02,07:50:00,4069.555,4070.205,4065.305,4066.165,0.1017
1782978900000,2026-07-02,07:55:00,4066.195,4066.695,4063.405,4064.355,0.127
1782979200000,2026-07-02,08:00:00,4064.025,4066.555,4061.105,4065.915,0.1466
1782979500000,2026-07-02,08:05:00,4065.955,4071.615,4065.715,4070.965,0.1472
1782979800000,2026-07-02,08:10:00,4071.045,4073.865,4068.235,4069.495,0.1365
1782980100000,2026-07-02,08:15:00,4069.425,4073.025,4068.555,4072.995,0.159
1782980400000,2026-07-02,08:20:00,4073.105,4077.745,4072.575,4074.655,0.1395
1782980700000,2026-07-02,08:25:00,4074.715,4075.135,4072.755,4074.735,0.1453
1782981000000,2026-07-02,08:30:00,4074.755,4075.245,4071.895,4073.615,0.1231
1782981300000,2026-07-02,08:35:00,4073.595,4075.725,4071.825,4074.915,0.1398
1782981600000,2026-07-02,08:40:00,4074.935,4077.535,4073.765,4075.045,0.1323
1782981900000,2026-07-02,08:45:00,4075.005,4079.345,4073.205,4076.235,0.1356
1782982200000,2026-07-02,08:50:00,4076.175,4078.465,4072.885,4078.005,0.1199
1782982500000,2026-07-02,08:55:00,4077.965,4079.695,4075.615,4075.835,0.1153
1782982800000,2026-07-02,09:00:00,4075.875,4076.755,4074.455,4074.985,0.1553
1782983100000,2026-07-02,09:05:00,4075.015,4075.545,4069.175,4070.815,0.1339
1782983400000,2026-07-02,09:10:00,4070.765,4072.435,4070.115,4072.105,0.0967
1782983700000,2026-07-02,09:15:00,4072.195,4073.525,4069.185,4071.035,0.0994
1782984000000,2026-07-02,09:20:00,4071.025,4071.915,4066.965,4067.325,0.091
1782984300000,2026-07-02,09:25:00,4067.275,4067.675,4065.955,4067.385,0.0907
1782984600000,2026-07-02,09:30:00,4067.655,4067.865,4063.725,4065.725,0.15
1782984900000,2026-07-02,09:35:00,4065.725,4067.295,4064.855,4067.295,0.1223
1782985200000,2026-07-02,09:40:00,4067.285,4072.065,4065.435,4069.165,0.1139
1782985500000,2026-07-02,09:45:00,4069.205,4072.125,4068.125,4068.825,0.0823
1782985800000,2026-07-02,09:50:00,4068.825,4070.455,4065.625,4065.775,0.1118
1782986100000,2026-07-02,09:55:00,4065.745,4066.955,4064.295,4065.115,0.0977
1782986400000,2026-07-02,10:00:00,4065.225,4066.385,4062.665,4063.265,0.103
1782986700000,2026-07-02,10:05:00,4063.295,4065.365,4062.645,4064.015,0.0881
1782987000000,2026-07-02,10:10:00,4063.975,4065.855,4062.375,4063.185,0.0796
1782987300000,2026-07-02,10:15:00,4063.145,4065.955,4061.865,4065.455,0.0858
1782987600000,2026-07-02,10:20:00,4065.525,4067.715,4064.165,4066.535,0.083
1782987900000,2026-07-02,10:25:00,4066.585,4067.435,4065.085,4065.975,0.098
1782988200000,2026-07-02,10:30:00,4066.115,4066.625,4063.575,4065.495,0.0937
1782988500000,2026-07-02,10:35:00,4065.525,4066.185,4063.135,4063.455,0.0825
1782988800000,2026-07-02,10:40:00,4063.455,4068.545,4062.985,4064.465,0.0997
1782989100000,2026-07-02,10:45:00,4064.445,4064.455,4061.485,4061.585,0.0866
1782989400000,2026-07-02,10:50:00,4061.555,4064.285,4061.355,4063.665,0.0893
1782989700000,2026-07-02,10:55:00,4063.665,4067.925,4062.155,4066.255,0.1028
1782990000000,2026-07-02,11:00:00,4066.235,4066.905,4059.735,4060.025,0.1564
1782990300000,2026-07-02,11:05:00,4059.945,4060.555,4057.225,4059.285,0.104
1782990600000,2026-07-02,11:10:00,4059.325,4063.225,4059.325,4063.115,0.1028
1782990900000,2026-07-02,11:15:00,4063.145,4067.165,4062.435,4065.355,0.0967
1782991200000,2026-07-02,11:20:00,4065.355,4065.405,4062.635,4063.925,0.0921
1782991500000,2026-07-02,11:25:00,4063.825,4066.095,4062.615,4065.395,0.0809
1782991800000,2026-07-02,11:30:00,4065.575,4066.985,4063.825,4064.995,0.1101
1782992100000,2026-07-02,11:35:00,4065.045,4067.015,4063.195,4066.625,0.1066
1782992400000,2026-07-02,11:40:00,4066.625,4071.415,4064.895,4070.965,0.14
1782992700000,2026-07-02,11:45:00,4071.085,4072.045,4067.765,4070.945,0.136
1782993000000,2026-07-02,11:50:00,4070.925,4071.595,4069.495,4070.445,0.1002
1782993300000,2026-07-02,11:55:00,4070.415,4070.865,4064.935,4064.935,0.1048
1782993600000,2026-07-02,12:00:00,4064.985,4066.595,4062.445,4066.565,0.1509
1782993900000,2026-07-02,12:05:00,4066.575,4073.585,4066.575,4069.815,0.143
1782994200000,2026-07-02,12:10:00,4069.845,4070.955,4061.015,4064.035,0.1401
1782994500000,2026-07-02,12:15:00,4064.015,4064.545,4061.535,4061.685,0.1298
1782994800000,2026-07-02,12:20:00,4062.235,4068.745,4062.105,4067.145,0.1438
1782995100000,2026-07-02,12:25:00,4067.015,4069.475,4062.525,4064.325,0.1404
1782995400000,2026-07-02,12:30:00,4065.045,4127.215,4064.105,4127.065,0.3538
1782995700000,2026-07-02,12:35:00,4126.775,4138.815,4123.585,4136.985,0.589
1782996000000,2026-07-02,12:40:00,4137.115,4140.185,4130.425,4132.485,0.6304
1782996300000,2026-07-02,12:45:00,4132.555,4134.365,4119.845,4124.575,0.5527
1782996600000,2026-07-02,12:50:00,4124.415,4130.285,4119.055,4119.735,0.2426
1782996900000,2026-07-02,12:55:00,4119.835,4121.245,4111.805,4117.285,0.2411
1782997200000,2026-07-02,13:00:00,4117.265,4129.195,4115.145,4126.615,0.3016
1782997500000,2026-07-02,13:05:00,4126.605,4126.725,4115.745,4117.685,0.2506
1782997800000,2026-07-02,13:10:00,4117.945,4126.305,4116.905,4124.065,0.2756
1782998100000,2026-07-02,13:15:00,4124.035,4124.405,4114.635,4119.135,0.2727
1782998400000,2026-07-02,13:20:00,4119.065,4120.255,4113.025,4113.815,0.2521
1782998700000,2026-07-02,13:25:00,4113.865,4116.875,4109.215,4112.955,0.2555
1782999000000,2026-07-02,13:30:00,4112.905,4129.495,4109.925,4127.395,0.3392
1782999300000,2026-07-02,13:35:00,4127.375,4137.975,4126.455,4135.265,0.3451
1782999600000,2026-07-02,13:40:00,4135.265,4137.715,4126.615,4134.505,0.3294
1782999900000,2026-07-02,13:45:00,4134.605,4142.905,4133.555,4140.815,0.3379
1783000200000,2026-07-02,13:50:00,4140.865,4143.715,4132.525,4133.195,0.3037
1783000500000,2026-07-02,13:55:00,4133.225,4140.595,4132.125,4136.485,0.2717
1783000800000,2026-07-02,14:00:00,4136.485,4137.805,4127.435,4130.035,0.2888
1783001100000,2026-07-02,14:05:00,4130.125,4134.505,4127.455,4127.455,0.287
1783001400000,2026-07-02,14:10:00,4127.565,4131.005,4123.665,4128.315,0.2961
1783001700000,2026-07-02,14:15:00,4128.335,4136.115,4126.635,4130.625,0.2872
1783002000000,2026-07-02,14:20:00,4130.645,4130.645,4120.825,4123.155,0.2975
1783002300000,2026-07-02,14:25:00,4123.215,4124.025,4113.805,4116.035,0.3247
1783002600000,2026-07-02,14:30:00,4116.055,4125.335,4114.665,4119.415,0.3077
1783002900000,2026-07-02,14:35:00,4119.355,4120.545,4116.125,4118.375,0.3012
1783003200000,2026-07-02,14:40:00,4118.375,4120.595,4114.315,4118.475,0.3353
1783003500000,2026-07-02,14:45:00,4118.505,4122.505,4115.495,4122.275,0.327
1783003800000,2026-07-02,14:50:00,4122.205,4126.055,4120.235,4123.675,0.3127
1783004100000,2026-07-02,14:55:00,4123.635,4129.465,4123.635,4128.275,0.3226
1783004400000,2026-07-02,15:00:00,4128.245,4130.795,4125.635,4126.705,0.334
1783004700000,2026-07-02,15:05:00,4126.705,4127.335,4114.395,4120.795,0.3289
1783005000000,2026-07-02,15:10:00,4120.825,4130.775,4120.385,4126.305,0.3009
1783005300000,2026-07-02,15:15:00,4126.325,4128.265,4120.515,4121.875,0.2819
1783005600000,2026-07-02,15:20:00,4121.915,4131.425,4121.905,4129.475,0.2756
1783005900000,2026-07-02,15:25:00,4129.475,4129.845,4121.925,4122.225,0.2528
1783006200000,2026-07-02,15:30:00,4122.185,4130.805,4122.185,4129.525,0.2422
1783006500000,2026-07-02,15:35:00,4129.625,4130.765,4126.955,4127.235,0.2275
1783006800000,2026-07-02,15:40:00,4127.285,4128.385,4124.325,4125.075,0.2629
1783007100000,2026-07-02,15:45:00,4125.085,4130.015,4124.815,4128.615,0.2332
1783007400000,2026-07-02,15:50:00,4128.595,4128.755,4123.945,4128.275,0.2441
1783007700000,2026-07-02,15:55:00,4128.455,4129.255,4125.435,4128.255,0.2292
1783008000000,2026-07-02,16:00:00,4128.285,4130.085,4124.555,4126.305,0.2317
1783008300000,2026-07-02,16:05:00,4126.295,4127.355,4121.705,4122.455,0.2075
1783008600000,2026-07-02,16:10:00,4122.435,4126.065,4121.885,4123.235,0.2009
1783008900000,2026-07-02,16:15:00,4123.215,4123.855,4120.665,4123.265,0.1999
1783009200000,2026-07-02,16:20:00,4123.085,4123.635,4115.935,4116.895,0.252
1783009500000,2026-07-02,16:25:00,4117.275,4119.185,4115.265,4116.095,0.2171
1783009800000,2026-07-02,16:30:00,4116.095,4116.115,4101.835,4102.725,0.2627
1783010100000,2026-07-02,16:35:00,4102.705,4110.525,4100.005,4109.935,0.2783
1783010400000,2026-07-02,16:40:00,4110.235,4116.545,4109.475,4114.385,0.2191
1783010700000,2026-07-02,16:45:00,4114.425,4118.335,4113.735,4117.395,0.1992
1783011000000,2026-07-02,16:50:00,4117.445,4119.905,4114.555,4117.105,0.1927
1783011300000,2026-07-02,16:55:00,4117.075,4118.845,4115.645,4117.915,0.1717
1783011600000,2026-07-02,17:00:00,4117.635,4119.035,4114.045,4115.925,0.2154
1783011900000,2026-07-02,17:05:00,4115.905,4119.655,4113.255,4116.645,0.2389
1783012200000,2026-07-02,17:10:00,4116.595,4118.145,4114.025,4117.845,0.2025
1783012500000,2026-07-02,17:15:00,4117.925,4119.525,4115.695,4116.425,0.1898
1783012800000,2026-07-02,17:20:00,4116.215,4117.125,4111.465,4114.335,0.2156
1783013100000,2026-07-02,17:25:00,4114.345,4115.935,4111.145,4112.465,0.2678
1783013400000,2026-07-02,17:30:00,4112.165,4114.155,4110.205,4111.345,0.2041
1783013700000,2026-07-02,17:35:00,4111.345,4113.155,4107.895,4108.795,0.2047
1783014000000,2026-07-02,17:40:00,4108.635,4109.355,4105.725,4107.165,0.2133
1783014300000,2026-07-02,17:45:00,4107.085,4109.675,4106.065,4109.015,0.1787
1783014600000,2026-07-02,17:50:00,4108.965,4110.005,4106.325,4109.015,0.1934
1783014900000,2026-07-02,17:55:00,4109.035,4109.875,4105.385,4106.495,0.1444
1783015200000,2026-07-02,18:00:00,4106.435,4114.425,4105.585,4114.275,0.199
1783015500000,2026-07-02,18:05:00,4114.225,4122.785,4113.785,4122.185,0.1952
1783015800000,2026-07-02,18:10:00,4122.205,4123.485,4118.255,4118.885,0.1693
1783016100000,2026-07-02,18:15:00,4118.965,4120.225,4115.455,4116.825,0.1694
1783016400000,2026-07-02,18:20:00,4116.825,4118.095,4115.655,4117.815,0.1602
1783016700000,2026-07-02,18:25:00,4117.795,4122.985,4117.615,4122.985,0.1687
1783017000000,2026-07-02,18:30:00,4122.935,4126.715,4122.585,4124.825,0.1509
1783017300000,2026-07-02,18:35:00,4124.935,4125.705,4123.765,4124.515,0.1499
1783017600000,2026-07-02,18:40:00,4124.475,4124.665,4120.955,4121.015,0.1358
1783017900000,2026-07-02,18:45:00,4121.035,4121.905,4119.625,4121.825,0.1416
1783018200000,2026-07-02,18:50:00,4121.785,4124.015,4120.665,4120.955,0.1375
1783018500000,2026-07-02,18:55:00,4120.955,4122.695,4120.415,4122.445,0.1666
1783018800000,2026-07-02,19:00:00,4122.445,4124.155,4117.595,4118.175,0.2045
1783019100000,2026-07-02,19:05:00,4118.145,4119.445,4115.635,4116.735,0.1856
1783019400000,2026-07-02,19:10:00,4116.735,4116.795,4112.965,4114.225,0.1774
1783019700000,2026-07-02,19:15:00,4114.225,4114.725,4111.435,4111.565,0.1461
1783020000000,2026-07-02,19:20:00,4111.525,4111.955,4108.205,4108.595,0.1592
1783020300000,2026-07-02,19:25:00,4108.705,4113.305,4107.895,4112.355,0.165
1783020600000,2026-07-02,19:30:00,4112.385,4114.505,4111.335,4112.995,0.1665
1783020900000,2026-07-02,19:35:00,4113.025,4113.345,4110.645,4112.635,0.1624
1783021200000,2026-07-02,19:40:00,4112.515,4113.925,4112.075,4113.145,0.1493
1783021500000,2026-07-02,19:45:00,4113.275,4115.645,4112.505,4115.605,0.1557
1783021800000,2026-07-02,19:50:00,4115.565,4123.495,4115.485,4123.495,0.2336
1783022100000,2026-07-02,19:55:00,4123.505,4123.965,4119.615,4121.095,0.2225
1783022400000,2026-07-02,20:00:00,4121.015,4121.135,4116.135,4119.735,0.1124
1783022700000,2026-07-02,20:05:00,4119.765,4122.225,4119.435,4121.405,0.07
1783023000000,2026-07-02,20:10:00,4121.335,4121.475,4119.435,4119.555,0.0621
1783023300000,2026-07-02,20:15:00,4119.515,4121.735,4118.765,4121.715,0.0708
1783023600000,2026-07-02,20:20:00,4121.785,4124.775,4121.705,4122.895,0.0614
1783023900000,2026-07-02,20:25:00,4122.935,4124.015,4122.735,4123.205,0.047
1783024200000,2026-07-02,20:30:00,4123.115,4124.705,4122.655,4123.115,0.0437
1783024500000,2026-07-02,20:35:00,4123.085,4123.575,4121.275,4121.465,0.0514
1783024800000,2026-07-02,20:40:00,4121.395,4122.215,4120.495,4120.495,0.0514
1783025100000,2026-07-02,20:45:00,4120.605,4120.605,4119.295,4119.335,0.0526
1783025400000,2026-07-02,20:50:00,4119.375,4121.445,4118.215,4121.335,0.0539
1783025700000,2026-07-02,20:55:00,4121.385,4123.945,4121.085,4122.425,0.0662
1783029600000,2026-07-02,22:00:00,4124.065,4126.865,4122.495,4125.335,0.0483
1783029900000,2026-07-02,22:05:00,4125.195,4127.825,4124.425,4127.655,0.0217
1783030200000,2026-07-02,22:10:00,4127.785,4127.785,4124.185,4124.375,0.0161
1783030500000,2026-07-02,22:15:00,4124.625,4124.875,4123.455,4124.615,0.0185
1783030800000,2026-07-02,22:20:00,4124.595,4125.065,4122.665,4123.335,0.0201
1783031100000,2026-07-02,22:25:00,4123.365,4124.015,4122.305,4123.985,0.0292
1783031400000,2026-07-02,22:30:00,4124.035,4125.685,4123.395,4125.685,0.0221
1783031700000,2026-07-02,22:35:00,4125.665,4126.085,4123.945,4124.095,0.0157
1783032000000,2026-07-02,22:40:00,4124.195,4124.385,4122.255,4122.845,0.0199
1783032300000,2026-07-02,22:45:00,4122.775,4124.275,4122.495,4123.705,0.0171
1783032600000,2026-07-02,22:50:00,4123.675,4124.085,4122.985,4123.645,0.0181
1783032900000,2026-07-02,22:55:00,4123.655,4126.395,4123.025,4123.685,0.0252
1783033200000,2026-07-02,23:00:00,4123.755,4125.695,4123.695,4124.125,0.017
1783033500000,2026-07-02,23:05:00,4124.185,4126.065,4123.395,4125.985,0.02
1783033800000,2026-07-02,23:10:00,4126.165,4126.905,4125.105,4125.105,0.0229
1783034100000,2026-07-02,23:15:00,4125.125,4127.585,4124.025,4125.135,0.0357
1783034400000,2026-07-02,23:20:00,4125.105,4127.135,4124.455,4126.985,0.0278
1783034700000,2026-07-02,23:25:00,4126.955,4130.045,4126.955,4129.575,0.0385
1783035000000,2026-07-02,23:30:00,4129.595,4131.905,4125.705,4126.205,0.0487
1783035300000,2026-07-02,23:35:00,4126.185,4127.325,4121.425,4122.985,0.0586
1783035600000,2026-07-02,23:40:00,4122.945,4126.285,4120.785,4124.495,0.0731
1783035900000,2026-07-02,23:45:00,4124.515,4130.305,4124.325,4130.285,0.0665
1783036200000,2026-07-02,23:50:00,4130.325,4130.645,4124.035,4128.425,0.0976
1783036500000,2026-07-02,23:55:00,4128.425,4131.675,4124.285,4125.955,0.1121
1783036800000,2026-07-03,00:00:00,4125.775,4132.295,4122.625,4131.345,0.1562
1783037100000,2026-07-03,00:05:00,4131.375,4132.285,4124.695,4128.585,0.1629
1783037400000,2026-07-03,00:10:00,4128.545,4136.735,4126.455,4134.545,0.1404
1783037700000,2026-07-03,00:15:00,4134.565,4136.025,4131.465,4135.785,0.1323
1783038000000,2026-07-03,00:20:00,4135.735,4140.545,4134.905,4138.395,0.1301
1783038300000,2026-07-03,00:25:00,4138.295,4140.365,4136.495,4136.915,0.1081
1783038600000,2026-07-03,00:30:00,4136.865,4138.035,4132.835,4134.545,0.097
1783038900000,2026-07-03,00:35:00,4134.585,4139.665,4133.525,4137.235,0.1135
1783039200000,2026-07-03,00:40:00,4137.235,4138.885,4133.795,4136.185,0.0841
1783039500000,2026-07-03,00:45:00,4136.085,4141.145,4135.175,4140.865,0.0912
1783039800000,2026-07-03,00:50:00,4140.975,4148.225,4139.855,4147.105,0.1249
1783040100000,2026-07-03,00:55:00,4147.085,4150.665,4146.555,4146.725,0.157
1783040400000,2026-07-03,01:00:00,4146.815,4161.395,4146.185,4160.585,0.2521
1783040700000,2026-07-03,01:05:00,4160.605,4175.715,4158.865,4172.345,0.2492
1783041000000,2026-07-03,01:10:00,4172.285,4179.005,4167.275,4175.895,0.3266
1783041300000,2026-07-03,01:15:00,4175.895,4181.575,4173.795,4179.395,0.2831
1783041600000,2026-07-03,01:20:00,4179.465,4194.115,4178.945,4191.885,0.2974
1783041900000,2026-07-03,01:25:00,4191.885,4192.865,4185.725,4187.445,0.2967
1783042200000,2026-07-03,01:30:00,4187.465,4193.195,4182.285,4192.825,0.3055
1783042500000,2026-07-03,01:35:00,4192.895,4195.365,4184.265,4184.595,0.2679
1783042800000,2026-07-03,01:40:00,4184.545,4184.845,4179.135,4179.525,0.2003
1783043100000,2026-07-03,01:45:00,4179.495,4182.585,4176.195,4180.515,0.2162
1783043400000,2026-07-03,01:50:00,4180.385,4181.515,4175.045,4179.425,0.1898
1783043700000,2026-07-03,01:55:00,4179.425,4183.745,4178.785,4182.165,0.2036
1783044000000,2026-07-03,02:00:00,4182.105,4184.275,4176.885,4179.105,0.1914
1783044300000,2026-07-03,02:05:00,4179.105,4181.845,4178.265,4179.075,0.1772
1783044600000,2026-07-03,02:10:00,4179.105,4181.795,4178.355,4179.345,0.205
1783044900000,2026-07-03,02:15:00,4179.255,4181.125,4176.325,4176.425,0.13
1783045200000,2026-07-03,02:20:00,4176.425,4180.415,4176.425,4178.315,0.107
1783045500000,2026-07-03,02:25:00,4178.345,4179.305,4176.245,4178.885,0.1054
1783045800000,2026-07-03,02:30:00,4179.005,4182.555,4177.835,4180.475,0.1977
1783046100000,2026-07-03,02:35:00,4180.635,4186.505,4179.115,4185.885,0.1926
1783046400000,2026-07-03,02:40:00,4185.865,4186.565,4181.035,4182.945,0.1838
1783046700000,2026-07-03,02:45:00,4182.975,4183.985,4178.585,4179.825,0.1519
1783047000000,2026-07-03,02:50:00,4179.825,4185.745,4178.875,4183.385,0.1622
1783047300000,2026-07-03,02:55:00,4183.225,4186.465,4182.055,4183.195,0.1525
1783047600000,2026-07-03,03:00:00,4183.195,4184.325,4179.535,4181.825,0.1741
1783047900000,2026-07-03,03:05:00,4181.775,4183.145,4180.085,4181.505,0.1393
1783048200000,2026-07-03,03:10:00,4181.585,4183.645,4181.245,4182.485,0.1144
1783048500000,2026-07-03,03:15:00,4182.525,4183.325,4181.285,4181.395,0.1043
1783048800000,2026-07-03,03:20:00,4181.475,4183.065,4178.945,4179.855,0.1191
1783049100000,2026-07-03,03:25:00,4179.855,4182.055,4179.475,4181.115,0.0983
1783049400000,2026-07-03,03:30:00,4181.145,4182.885,4179.145,4181.595,0.1201
1783049700000,2026-07-03,03:35:00,4181.605,4182.355,4178.965,4180.365,0.1062
1783050000000,2026-07-03,03:40:00,4180.405,4182.135,4176.995,4177.025,0.1134
1783050300000,2026-07-03,03:45:00,4177.025,4179.235,4176.165,4176.345,0.1022
1783050600000,2026-07-03,03:50:00,4176.285,4177.365,4176.005,4176.485,0.0753
1783050900000,2026-07-03,03:55:00,4176.365,4176.675,4174.955,4175.735,0.0832
1783051200000,2026-07-03,04:00:00,4175.735,4176.335,4172.975,4174.215,0.1325
1783051500000,2026-07-03,04:05:00,4174.245,4177.915,4173.905,4177.905,0.0851
1783051800000,2026-07-03,04:10:00,4177.905,4178.665,4177.165,4177.475,0.0832
1783052100000,2026-07-03,04:15:00,4177.415,4181.155,4176.395,4181.045,0.0917
1783052400000,2026-07-03,04:20:00,4181.095,4182.535,4178.355,4178.415,0.1208
1783052700000,2026-07-03,04:25:00,4178.395,4179.295,4177.875,4178.235,0.079
1783053000000,2026-07-03,04:30:00,4178.285,4178.475,4175.405,4177.055,0.0715
1783053300000,2026-07-03,04:35:00,4177.055,4177.505,4175.155,4176.255,0.0674
1783053600000,2026-07-03,04:40:00,4176.215,4177.695,4175.525,4176.955,0.0624
1783053900000,2026-07-03,04:45:00,4176.955,4178.065,4175.905,4176.165,0.0589
1783054200000,2026-07-03,04:50:00,4176.095,4176.235,4174.305,4175.015,0.0758
1783054500000,2026-07-03,04:55:00,4175.015,4178.725,4174.415,4178.585,0.0759
1783054800000,2026-07-03,05:00:00,4178.565,4180.825,4176.635,4180.485,0.1135
1783055100000,2026-07-03,05:05:00,4180.665,4181.005,4178.355,4178.745,0.0919
1783055400000,2026-07-03,05:10:00,4178.725,4178.745,4177.255,4178.075,0.1021
1783055700000,2026-07-03,05:15:00,4178.035,4178.975,4176.045,4178.885,0.0905
1783056000000,2026-07-03,05:20:00,4178.885,4178.945,4172.755,4174.155,0.1165
1783056300000,2026-07-03,05:25:00,4174.175,4176.865,4173.795,4175.765,0.0797
1783056600000,2026-07-03,05:30:00,4175.795,4181.675,4174.105,4178.475,0.2119
1783056900000,2026-07-03,05:35:00,4178.495,4179.425,4173.635,4173.785,0.1559
1783057200000,2026-07-03,05:40:00,4173.765,4176.025,4172.825,4174.855,0.1501
1783057500000,2026-07-03,05:45:00,4174.875,4176.385,4169.025,4171.165,0.1751
1783057800000,2026-07-03,05:50:00,4171.125,4173.485,4170.415,4171.185,0.1534
1783058100000,2026-07-03,05:55:00,4170.925,4171.925,4170.305,4171.025,0.144
1783058400000,2026-07-03,06:00:00,4171.045,4171.605,4164.365,4164.545,0.2053
1783058700000,2026-07-03,06:05:00,4164.235,4170.965,4164.235,4169.955,0.1691
1783059000000,2026-07-03,06:10:00,4169.995,4170.165,4161.895,4162.135,0.1637
1783059300000,2026-07-03,06:15:00,4162.155,4165.745,4160.225,4165.525,0.1674
1783059600000,2026-07-03,06:20:00,4165.575,4166.925,4162.755,4163.755,0.1341
1783059900000,2026-07-03,06:25:00,4163.725,4166.205,4162.915,4164.485,0.1405
1783060200000,2026-07-03,06:30:00,4164.525,4170.835,4164.125,4169.425,0.1783
1783060500000,2026-07-03,06:35:00,4169.425,4173.325,4168.145,4169.995,0.1389
1783060800000,2026-07-03,06:40:00,4169.955,4172.125,4168.475,4170.825,0.1205
1783061100000,2026-07-03,06:45:00,4170.915,4173.415,4170.025,4172.925,0.1167
1783061400000,2026-07-03,06:50:00,4172.995,4174.195,4171.305,4172.755,0.1107
1783061700000,2026-07-03,06:55:00,4172.735,4174.075,4170.725,4172.705,0.1016
1783062000000,2026-07-03,07:00:00,4172.865,4174.675,4170.965,4174.575,0.1154
1783062300000,2026-07-03,07:05:00,4174.655,4180.235,4174.445,4180.085,0.1122
1783062600000,2026-07-03,07:10:00,4180.035,4180.905,4172.065,4173.845,0.1105
1783062900000,2026-07-03,07:15:00,4173.825,4174.445,4170.635,4171.405,0.078
1783063200000,2026-07-03,07:20:00,4171.445,4173.415,4168.975,4172.975,0.0839
1783063500000,2026-07-03,07:25:00,4172.955,4175.815,4172.425,4175.045,0.0928
1783063800000,2026-07-03,07:30:00,4175.045,4178.035,4173.475,4176.125,0.1196
1783064100000,2026-07-03,07:35:00,4176.145,4179.265,4176.025,4178.995,0.0661
1783064400000,2026-07-03,07:40:00,4178.975,4179.465,4176.585,4179.245,0.0931
1783064700000,2026-07-03,07:45:00,4179.295,4180.865,4178.585,4180.225,0.0755
1783065000000,2026-07-03,07:50:00,4180.205,4181.685,4176.965,4177.735,0.1177
1783065300000,2026-07-03,07:55:00,4177.845,4178.595,4174.705,4177.385,0.1207
1783065600000,2026-07-03,08:00:00,4177.185,4184.635,4177.135,4183.065,0.1374
1783065900000,2026-07-03,08:05:00,4183.075,4185.795,4181.645,4182.345,0.1075
1783066200000,2026-07-03,08:10:00,4182.325,4185.015,4181.255,4183.875,0.0875
1783066500000,2026-07-03,08:15:00,4183.885,4185.345,4182.615,4184.635,0.0943
1783066800000,2026-07-03,08:20:00,4184.545,4185.355,4182.205,4183.155,0.0968
1783067100000,2026-07-03,08:25:00,4183.125,4184.155,4181.105,4183.095,0.1207
1783067400000,2026-07-03,08:30:00,4183.055,4186.525,4180.895,4185.415,0.1235
1783067700000,2026-07-03,08:35:00,4185.395,4186.355,4181.975,4182.055,0.0814
1783068000000,2026-07-03,08:40:00,4181.975,4184.325,4180.555,4184.055,0.0973
1783068300000,2026-07-03,08:45:00,4184.055,4185.375,4177.115,4177.115,0.1231
1783068600000,2026-07-03,08:50:00,4177.045,4179.955,4176.775,4179.375,0.094
1783068900000,2026-07-03,08:55:00,4179.395,4182.385,4179.345,4180.915,0.0886
1783069200000,2026-07-03,09:00:00,4180.885,4181.245,4179.165,4180.535,0.0973
1783069500000,2026-07-03,09:05:00,4180.555,4181.865,4177.245,4177.355,0.0955
1783069800000,2026-07-03,09:10:00,4177.345,4180.315,4175.755,4180.315,0.101
1783070100000,2026-07-03,09:15:00,4180.335,4180.455,4175.265,4175.885,0.1021
1783070400000,2026-07-03,09:20:00,4175.965,4177.425,4173.065,4173.355,0.0884
1783070700000,2026-07-03,09:25:00,4173.175,4174.095,4171.095,4171.785,0.131
1783071000000,2026-07-03,09:30:00,4171.715,4172.925,4168.685,4169.585,0.1467
1783071300000,2026-07-03,09:35:00,4169.895,4171.895,4168.265,4171.255,0.1339
1783071600000,2026-07-03,09:40:00,4171.385,4172.305,4169.925,4172.045,0.0836
1783071900000,2026-07-03,09:45:00,4172.015,4173.555,4171.645,4172.975,0.089
1783072200000,2026-07-03,09:50:00,4173.155,4174.745,4171.355,4174.665,0.0872
1783072500000,2026-07-03,09:55:00,4174.705,4174.935,4171.825,4171.925,0.0728
1783072800000,2026-07-03,10:00:00,4171.885,4175.845,4170.535,4175.645,0.0822
1783073100000,2026-07-03,10:05:00,4175.645,4180.435,4175.645,4178.225,0.0875
1783073400000,2026-07-03,10:10:00,4178.315,4180.585,4177.385,4179.635,0.0768
1783073700000,2026-07-03,10:15:00,4179.595,4180.265,4177.905,4180.125,0.0758
1783074000000,2026-07-03,10:20:00,4180.185,4180.995,4179.215,4180.045,0.0754
1783074300000,2026-07-03,10:25:00,4180.165,4181.075,4178.065,4178.425,0.077
1783074600000,2026-07-03,10:30:00,4178.465,4178.935,4176.975,4177.005,0.0831
1783074900000,2026-07-03,10:35:00,4177.005,4177.155,4175.425,4176.975,0.0587
1783075200000,2026-07-03,10:40:00,4177.025,4177.825,4175.885,4177.605,0.0558
1783075500000,2026-07-03,10:45:00,4177.585,4178.315,4174.685,4175.655,0.0629
1783075800000,2026-07-03,10:50:00,4175.665,4178.595,4175.625,4176.385,0.0542
1783076100000,2026-07-03,10:55:00,4176.495,4177.955,4176.495,4177.025,0.0532
1783076400000,2026-07-03,11:00:00,4176.865,4179.025,4175.415,4178.855,0.1124
1783076700000,2026-07-03,11:05:00,4178.865,4179.715,4177.415,4179.715,0.0793
1783077000000,2026-07-03,11:10:00,4179.665,4183.725,4179.225,4183.285,0.0771
1783077300000,2026-07-03,11:15:00,4183.285,4185.045,4183.205,4183.465,0.0734
1783077600000,2026-07-03,11:20:00,4183.535,4186.025,4182.525,4184.815,0.0773
1783077900000,2026-07-03,11:25:00,4184.765,4185.395,4183.005,4183.055,0.0809
1783078200000,2026-07-03,11:30:00,4183.015,4185.025,4182.575,4183.895,0.0683
1783078500000,2026-07-03,11:35:00,4183.895,4185.805,4183.335,4185.205,0.0585
1783078800000,2026-07-03,11:40:00,4185.255,4185.905,4184.605,4185.305,0.0608
1783079100000,2026-07-03,11:45:00,4185.295,4186.325,4183.985,4184.015,0.0703
1783079400000,2026-07-03,11:50:00,4183.965,4184.445,4181.225,4181.335,0.0836
1783079700000,2026-07-03,11:55:00,4181.305,4181.775,4178.435,4180.895,0.0923
1783080000000,2026-07-03,12:00:00,4181.015,4181.345,4177.695,4178.225,0.0922
1783080300000,2026-07-03,12:05:00,4178.225,4183.075,4178.225,4180.995,0.1049
1783080600000,2026-07-03,12:10:00,4181.005,4181.085,4177.815,4177.915,0.1063
1783080900000,2026-07-03,12:15:00,4177.915,4178.125,4174.975,4175.505,0.0878
1783081200000,2026-07-03,12:20:00,4175.395,4175.395,4172.805,4174.075,0.0997
1783081500000,2026-07-03,12:25:00,4174.085,4174.515,4171.805,4174.435,0.0722
1783081800000,2026-07-03,12:30:00,4174.455,4176.895,4172.485,4176.865,0.0933
1783082100000,2026-07-03,12:35:00,4176.885,4177.345,4172.735,4174.765,0.1062
1783082400000,2026-07-03,12:40:00,4174.665,4175.375,4173.145,4174.535,0.0599
1783082700000,2026-07-03,12:45:00,4174.625,4177.045,4174.035,4175.415,0.0678
1783083000000,2026-07-03,12:50:00,4175.495,4177.325,4173.765,4174.725,0.063
1783083300000,2026-07-03,12:55:00,4174.665,4177.095,4171.885,4176.525,0.066
1783083600000,2026-07-03,13:00:00,4176.675,4178.975,4172.085,4173.455,0.1808
1783083900000,2026-07-03,13:05:00,4173.525,4174.045,4166.065,4166.445,0.175
1783084200000,2026-07-03,13:10:00,4166.475,4168.665,4164.275,4166.475,0.157
1783084500000,2026-07-03,13:15:00,4166.475,4170.695,4166.415,4169.335,0.1311
1783084800000,2026-07-03,13:20:00,4169.355,4170.985,4167.255,4169.515,0.1114
1783085100000,2026-07-03,13:25:00,4169.785,4171.995,4169.075,4171.425,0.1096
1783085400000,2026-07-03,13:30:00,4171.445,4171.725,4165.785,4167.055,0.1302
1783085700000,2026-07-03,13:35:00,4166.955,4168.445,4164.865,4167.595,0.1441
1783086000000,2026-07-03,13:40:00,4167.555,4168.075,4165.575,4166.675,0.1212
1783086300000,2026-07-03,13:45:00,4166.735,4167.105,4163.345,4164.665,0.1227
1783086600000,2026-07-03,13:50:00,4164.675,4167.525,4164.045,4166.245,0.1085
1783086900000,2026-07-03,13:55:00,4166.285,4168.475,4163.325,4164.365,0.1351
1783087200000,2026-07-03,14:00:00,4164.305,4166.875,4162.745,4166.275,0.1617
1783087500000,2026-07-03,14:05:00,4166.335,4166.615,4155.085,4158.695,0.1797
1783087800000,2026-07-03,14:10:00,4158.715,4163.395,4158.175,4162.015,0.12
1783088100000,2026-07-03,14:15:00,4161.995,4165.155,4161.745,4162.105,0.1033
1783088400000,2026-07-03,14:20:00,4162.085,4164.375,4161.025,4163.065,0.1087
1783088700000,2026-07-03,14:25:00,4163.055,4166.515,4161.835,4165.925,0.1175
1783089000000,2026-07-03,14:30:00,4165.955,4166.875,4163.355,4164.525,0.1108
1783089300000,2026-07-03,14:35:00,4164.515,4165.955,4163.615,4164.825,0.0921
1783089600000,2026-07-03,14:40:00,4164.825,4167.005,4163.135,4163.555,0.0862
1783089900000,2026-07-03,14:45:00,4163.535,4167.705,4163.325,4166.445,0.0914
1783090200000,2026-07-03,14:50:00,4166.515,4168.435,4166.345,4168.245,0.071
1783090500000,2026-07-03,14:55:00,4168.225,4170.965,4167.065,4169.485,0.0875
1783090800000,2026-07-03,15:00:00,4169.515,4172.665,4168.295,4171.395,0.1109
1783091100000,2026-07-03,15:05:00,4171.365,4172.225,4170.855,4170.905,0.0779
1783091400000,2026-07-03,15:10:00,4170.955,4173.935,4170.585,4172.045,0.1054
1783091700000,2026-07-03,15:15:00,4171.995,4174.265,4170.585,4171.545,0.0933
1783092000000,2026-07-03,15:20:00,4171.495,4171.585,4168.905,4169.535,0.0779
1783092300000,2026-07-03,15:25:00,4169.585,4169.585,4166.665,4167.195,0.0937
1783092600000,2026-07-03,15:30:00,4167.165,4168.285,4165.865,4166.625,0.088
1783092900000,2026-07-03,15:35:00,4166.675,4168.645,4166.345,4167.125,0.0617
1783093200000,2026-07-03,15:40:00,4167.035,4168.795,4166.735,4167.535,0.0572
1783093500000,2026-07-03,15:45:00,4167.575,4168.775,4166.785,4168.225,0.0544
1783093800000,2026-07-03,15:50:00,4168.255,4168.345,4165.295,4166.685,0.0767
1783094100000,2026-07-03,15:55:00,4166.615,4166.755,4164.265,4164.545,0.0723
1783094400000,2026-07-03,16:00:00,4164.565,4165.455,4163.825,4164.735,0.0772
1783094700000,2026-07-03,16:05:00,4164.615,4165.395,4162.905,4165.045,0.071
1783095000000,2026-07-03,16:10:00,4165.065,4165.685,4163.645,4163.865,0.0597
1783095300000,2026-07-03,16:15:00,4163.895,4164.745,4162.535,4164.605,0.0543
1783095600000,2026-07-03,16:20:00,4164.635,4167.195,4164.105,4166.975,0.0568
1783095900000,2026-07-03,16:25:00,4166.995,4167.205,4165.775,4166.365,0.0301
1783096200000,2026-07-03,16:30:00,4166.725,4170.205,4166.685,4168.575,0.0503
1783096500000,2026-07-03,16:35:00,4168.565,4169.355,4167.415,4168.695,0.037
1783096800000,2026-07-03,16:40:00,4168.685,4170.075,4167.765,4169.765,0.041
1783097100000,2026-07-03,16:45:00,4169.815,4171.595,4169.195,4170.705,0.0536
1783097400000,2026-07-03,16:50:00,4170.645,4175.445,4170.195,4174.795,0.078
1783097700000,2026-07-03,16:55:00,4174.845,4176.055,4173.325,4175.245,0.0658
1783288800000,2026-07-05,22:00:00,4182.515,4182.515,4171.855,4179.645,0.1776
1783289100000,2026-07-05,22:05:00,4179.485,4185.565,4176.655,4179.575,0.1304
1783289400000,2026-07-05,22:10:00,4179.565,4182.575,4178.965,4180.925,0.0635
1783289700000,2026-07-05,22:15:00,4180.945,4181.795,4176.845,4177.385,0.0691
1783290000000,2026-07-05,22:20:00,4177.415,4182.485,4177.235,4181.925,0.0513
1783290300000,2026-07-05,22:25:00,4181.865,4185.555,4180.445,4184.655,0.0567
1783290600000,2026-07-05,22:30:00,4184.635,4188.005,4182.825,4186.365,0.0613
1783290900000,2026-07-05,22:35:00,4186.435,4191.215,4185.685,4190.485,0.0559
1783291200000,2026-07-05,22:40:00,4190.245,4190.675,4186.415,4188.535,0.047
1783291500000,2026-07-05,22:45:00,4188.385,4189.755,4183.775,4183.965,0.0527
1783291800000,2026-07-05,22:50:00,4183.985,4187.215,4182.935,4185.625,0.0575
1783292100000,2026-07-05,22:55:00,4185.515,4189.445,4184.635,4187.405,0.0393
1783292400000,2026-07-05,23:00:00,4187.435,4190.515,4187.335,4188.485,0.0421
1783292700000,2026-07-05,23:05:00,4188.645,4189.855,4187.605,4188.415,0.0251
1783293000000,2026-07-05,23:10:00,4188.415,4190.165,4186.455,4187.125,0.0505
1783293300000,2026-07-05,23:15:00,4187.155,4189.655,4186.355,4187.675,0.0421
1783293600000,2026-07-05,23:20:00,4187.695,4190.845,4187.665,4189.405,0.0275
1783293900000,2026-07-05,23:25:00,4189.445,4201.705,4189.075,4200.175,0.0673
1783294200000,2026-07-05,23:30:00,4200.145,4201.285,4193.275,4194.675,0.078
1783294500000,2026-07-05,23:35:00,4194.645,4198.445,4193.225,4197.455,0.0506
1783294800000,2026-07-05,23:40:00,4197.475,4198.615,4196.055,4196.185,0.048
1783295100000,2026-07-05,23:45:00,4196.145,4196.895,4177.325,4181.705,0.1596
1783295400000,2026-07-05,23:50:00,4181.915,4183.785,4180.115,4182.525,0.0896
1783295700000,2026-07-05,23:55:00,4182.645,4185.265,4181.605,4182.915,0.0808
1783296000000,2026-07-06,00:00:00,4183.825,4185.255,4170.265,4175.185,0.1881
1783296300000,2026-07-06,00:05:00,4175.235,4178.705,4170.795,4176.425,0.1476
1783296600000,2026-07-06,00:10:00,4176.395,4177.285,4173.315,4174.695,0.1034
1783296900000,2026-07-06,00:15:00,4174.705,4181.405,4174.525,4177.905,0.1084
1783297200000,2026-07-06,00:20:00,4177.955,4178.985,4175.445,4176.945,0.0948
1783297500000,2026-07-06,00:25:00,4176.975,4178.065,4170.865,4174.315,0.1464
1783297800000,2026-07-06,00:30:00,4174.345,4182.165,4173.935,4180.905,0.1505
1783298100000,2026-07-06,00:35:00,4180.925,4184.605,4178.305,4184.555,0.1049
1783298400000,2026-07-06,00:40:00,4184.465,4187.125,4182.985,4185.615,0.0993
1783298700000,2026-07-06,00:45:00,4185.575,4188.695,4182.735,4185.145,0.0986
1783299000000,2026-07-06,00:50:00,4185.125,4185.525,4181.565,4183.335,0.1075
1783299300000,2026-07-06,00:55:00,4183.115,4188.065,4174.395,4179.235,0.1312
1783299600000,2026-07-06,01:00:00,4178.915,4192.355,4172.325,4187.035,0.2165
1783299900000,2026-07-06,01:05:00,4187.015,4187.035,4175.925,4180.875,0.2692
1783300200000,2026-07-06,01:10:00,4180.875,4189.145,4179.965,4188.555,0.2146
1783300500000,2026-07-06,01:15:00,4188.565,4192.555,4184.025,4188.485,0.2376
1783300800000,2026-07-06,01:20:00,4188.525,4190.325,4180.375,4184.165,0.2466
1783301100000,2026-07-06,01:25:00,4184.135,4189.435,4183.195,4189.285,0.2564
1783301400000,2026-07-06,01:30:00,4189.305,4197.615,4187.265,4197.615,0.2654
1783301700000,2026-07-06,01:35:00,4197.575,4200.135,4191.555,4196.085,0.2664
1783302000000,2026-07-06,01:40:00,4196.085,4200.435,4194.725,4197.945,0.2201
1783302300000,2026-07-06,01:45:00,4197.795,4202.905,4193.835,4194.185,0.2401
1783302600000,2026-07-06,01:50:00,4194.325,4195.075,4190.055,4190.725,0.2366
1783302900000,2026-07-06,01:55:00,4190.705,4194.185,4184.825,4185.735,0.2519
1783303200000,2026-07-06,02:00:00,4185.735,4187.465,4182.705,4185.145,0.2402
1783303500000,2026-07-06,02:05:00,4184.915,4185.195,4178.275,4180.495,0.2259
1783303800000,2026-07-06,02:10:00,4180.475,4181.655,4176.725,4180.715,0.2079
1783304100000,2026-07-06,02:15:00,4180.675,4184.035,4178.425,4183.345,0.1878
1783304400000,2026-07-06,02:20:00,4183.425,4185.835,4175.515,4178.235,0.1736
1783304700000,2026-07-06,02:25:00,4178.295,4179.905,4176.285,4177.525,0.1529
1783305000000,2026-07-06,02:30:00,4177.625,4178.665,4172.305,4174.675,0.306
1783305300000,2026-07-06,02:35:00,4174.635,4175.665,4168.375,4172.965,0.2339
1783305600000,2026-07-06,02:40:00,4173.025,4175.635,4171.055,4172.185,0.1879
1783305900000,2026-07-06,02:45:00,4172.185,4175.375,4172.185,4174.045,0.1867
1783306200000,2026-07-06,02:50:00,4174.055,4175.695,4172.505,4173.565,0.1834
1783306500000,2026-07-06,02:55:00,4173.565,4175.005,4169.635,4173.895,0.2012
1783306800000,2026-07-06,03:00:00,4173.885,4176.115,4166.295,4170.435,0.197
1783307100000,2026-07-06,03:05:00,4170.505,4170.905,4165.985,4167.165,0.1856
1783307400000,2026-07-06,03:10:00,4167.165,4171.525,4165.265,4166.275,0.18
1783307700000,2026-07-06,03:15:00,4166.265,4167.615,4164.455,4165.375,0.1606
1783308000000,2026-07-06,03:20:00,4165.435,4166.185,4162.695,4162.725,0.1366
1783308300000,2026-07-06,03:25:00,4162.755,4166.535,4162.385,4165.675,0.1252
1783308600000,2026-07-06,03:30:00,4165.375,4167.275,4164.325,4165.745,0.125
1783308900000,2026-07-06,03:35:00,4165.795,4168.925,4164.985,4165.485,0.1148
1783309200000,2026-07-06,03:40:00,4165.485,4166.285,4161.355,4162.565,0.1385
1783309500000,2026-07-06,03:45:00,4162.595,4164.945,4162.565,4162.965,0.1177
1783309800000,2026-07-06,03:50:00,4162.715,4164.085,4160.725,4162.435,0.1294
1783310100000,2026-07-06,03:55:00,4162.495,4166.535,4162.125,4164.985,0.112
1783310400000,2026-07-06,04:00:00,4164.975,4166.385,4161.405,4163.025,0.1367
1783310700000,2026-07-06,04:05:00,4163.045,4163.475,4160.815,4161.225,0.1024
1783311000000,2026-07-06,04:10:00,4161.225,4163.565,4161.215,4163.195,0.0886
1783311300000,2026-07-06,04:15:00,4163.185,4164.375,4162.525,4163.555,0.0828
1783311600000,2026-07-06,04:20:00,4163.645,4163.805,4159.995,4162.935,0.0871
1783311900000,2026-07-06,04:25:00,4162.995,4163.205,4160.805,4160.935,0.0938
1783312200000,2026-07-06,04:30:00,4160.995,4162.195,4157.095,4159.355,0.1361
1783312500000,2026-07-06,04:35:00,4159.275,4160.775,4157.575,4159.225,0.114
1783312800000,2026-07-06,04:40:00,4159.205,4160.595,4158.715,4159.875,0.0991
1783313100000,2026-07-06,04:45:00,4159.875,4160.765,4158.115,4159.705,0.0928
1783313400000,2026-07-06,04:50:00,4159.845,4160.795,4157.775,4158.975,0.1051
1783313700000,2026-07-06,04:55:00,4158.975,4160.755,4157.955,4159.415,0.0788
1783314000000,2026-07-06,05:00:00,4159.485,4160.835,4153.665,4153.795,0.1475
1783314300000,2026-07-06,05:05:00,4153.765,4155.875,4151.925,4153.085,0.1403
1783314600000,2026-07-06,05:10:00,4153.125,4155.865,4151.015,4151.825,0.1259
1783314900000,2026-07-06,05:15:00,4151.835,4153.325,4150.895,4151.375,0.113
1783315200000,2026-07-06,05:20:00,4151.475,4152.375,4150.305,4151.605,0.1044
1783315500000,2026-07-06,05:25:00,4151.535,4154.145,4151.085,4152.685,0.0985
1783315800000,2026-07-06,05:30:00,4152.495,4158.335,4149.275,4156.405,0.2405
1783316100000,2026-07-06,05:35:00,4156.365,4160.195,4153.195,4154.495,0.2119
1783316400000,2026-07-06,05:40:00,4154.365,4157.755,4154.365,4155.105,0.1962
1783316700000,2026-07-06,05:45:00,4155.145,4155.815,4152.455,4154.245,0.165
1783317000000,2026-07-06,05:50:00,4154.175,4156.655,4153.375,4155.835,0.1787
1783317300000,2026-07-06,05:55:00,4155.855,4156.125,4144.535,4147.735,0.2244
1783317600000,2026-07-06,06:00:00,4147.805,4150.825,4145.515,4146.475,0.1726
1783317900000,2026-07-06,06:05:00,4146.525,4151.705,4145.765,4151.115,0.1606
1783318200000,2026-07-06,06:10:00,4151.075,4152.025,4149.335,4151.745,0.1115
1783318500000,2026-07-06,06:15:00,4151.845,4151.885,4147.695,4148.945,0.1133
1783318800000,2026-07-06,06:20:00,4148.925,4152.355,4148.105,4152.355,0.1049
1783319100000,2026-07-06,06:25:00,4152.315,4156.525,4152.015,4156.285,0.1093
1783319400000,2026-07-06,06:30:00,4155.955,4159.215,4155.355,4156.885,0.136
1783319700000,2026-07-06,06:35:00,4156.865,4159.425,4154.425,4155.735,0.1177
1783320000000,2026-07-06,06:40:00,4155.715,4157.465,4153.085,4155.655,0.0898
1783320300000,2026-07-06,06:45:00,4155.605,4156.645,4153.825,4155.525,0.0596
1783320600000,2026-07-06,06:50:00,4155.475,4155.935,4150.585,4151.535,0.0659
1783320900000,2026-07-06,06:55:00,4151.595,4152.405,4148.865,4150.055,0.1027
1783321200000,2026-07-06,07:00:00,4150.055,4153.325,4148.445,4152.535,0.1244
1783321500000,2026-07-06,07:05:00,4152.575,4152.815,4147.855,4148.635,0.0965
1783321800000,2026-07-06,07:10:00,4148.665,4150.785,4146.985,4150.715,0.0914
1783322100000,2026-07-06,07:15:00,4150.685,4154.085,4150.105,4152.985,0.1
1783322400000,2026-07-06,07:20:00,4152.955,4155.615,4151.385,4154.145,0.1039
1783322700000,2026-07-06,07:25:00,4154.125,4154.495,4151.225,4152.675,0.0798
1783323000000,2026-07-06,07:30:00,4152.655,4157.715,4150.955,4156.785,0.0888
1783323300000,2026-07-06,07:35:00,4156.745,4158.535,4155.595,4158.335,0.0629
1783323600000,2026-07-06,07:40:00,4158.375,4164.125,4158.375,4163.415,0.0953
1783323900000,2026-07-06,07:45:00,4163.555,4166.075,4162.365,4165.785,0.0885
1783324200000,2026-07-06,07:50:00,4165.655,4165.815,4161.865,4163.905,0.0759
1783324500000,2026-07-06,07:55:00,4163.885,4165.025,4163.105,4164.295,0.0771
1783324800000,2026-07-06,08:00:00,4164.655,4165.845,4160.495,4160.755,0.1173
1783325100000,2026-07-06,08:05:00,4160.825,4162.695,4160.155,4161.485,0.0777
1783325400000,2026-07-06,08:10:00,4161.205,4161.345,4156.945,4157.875,0.1085
1783325700000,2026-07-06,08:15:00,4157.895,4158.455,4153.355,4156.175,0.1109
1783326000000,2026-07-06,08:20:00,4156.195,4156.525,4153.325,4154.635,0.0793
1783326300000,2026-07-06,08:25:00,4154.655,4156.665,4153.955,4155.315,0.0697
1783326600000,2026-07-06,08:30:00,4155.345,4155.845,4153.585,4154.065,0.0716
1783326900000,2026-07-06,08:35:00,4154.105,4154.965,4149.425,4150.835,0.0893
1783327200000,2026-07-06,08:40:00,4150.805,4153.185,4148.235,4148.795,0.0833
1783327500000,2026-07-06,08:45:00,4148.775,4150.185,4146.935,4148.445,0.0957
1783327800000,2026-07-06,08:50:00,4148.495,4152.735,4147.995,4152.225,0.0926
1783328100000,2026-07-06,08:55:00,4152.205,4152.245,4150.185,4150.225,0.0698
1783328400000,2026-07-06,09:00:00,4150.275,4150.585,4148.175,4148.665,0.0788
1783328700000,2026-07-06,09:05:00,4148.695,4151.055,4147.715,4149.965,0.0621
1783329000000,2026-07-06,09:10:00,4149.945,4149.975,4148.575,4149.485,0.0754
1783329300000,2026-07-06,09:15:00,4149.445,4149.575,4146.115,4147.145,0.0715
1783329600000,2026-07-06,09:20:00,4147.195,4148.735,4146.295,4146.775,0.072
1783329900000,2026-07-06,09:25:00,4146.755,4147.125,4141.395,4143.315,0.1006
1783330200000,2026-07-06,09:30:00,4143.125,4143.125,4136.315,4137.375,0.1388
1783330500000,2026-07-06,09:35:00,4137.395,4142.725,4136.555,4141.275,0.0905
1783330800000,2026-07-06,09:40:00,4141.235,4141.455,4139.215,4139.215,0.0714
1783331100000,2026-07-06,09:45:00,4138.895,4140.965,4138.885,4140.005,0.0682
1783331400000,2026-07-06,09:50:00,4140.395,4143.275,4140.265,4142.175,0.0712
1783331700000,2026-07-06,09:55:00,4142.225,4144.565,4141.715,4143.005,0.0638
1783332000000,2026-07-06,10:00:00,4143.045,4144.835,4141.915,4143.615,0.0622
1783332300000,2026-07-06,10:05:00,4143.585,4144.525,4142.105,4144.345,0.0529
1783332600000,2026-07-06,10:10:00,4143.985,4148.535,4143.695,4148.275,0.0531
1783332900000,2026-07-06,10:15:00,4148.205,4150.555,4147.425,4149.385,0.0688
1783333200000,2026-07-06,10:20:00,4149.615,4150.565,4148.555,4150.045,0.0598
1783333500000,2026-07-06,10:25:00,4150.095,4150.565,4148.365,4148.715,0.0856
1783333800000,2026-07-06,10:30:00,4148.715,4154.245,4148.555,4154.135,0.0804
1783334100000,2026-07-06,10:35:00,4154.145,4154.705,4152.215,4152.945,0.0941
1783334400000,2026-07-06,10:40:00,4152.855,4155.455,4152.725,4154.205,0.0706
1783334700000,2026-07-06,10:45:00,4154.185,4154.895,4153.005,4153.515,0.091
1783335000000,2026-07-06,10:50:00,4153.585,4155.635,4152.385,4153.285,0.0926
1783335300000,2026-07-06,10:55:00,4153.145,4154.885,4152.285,4154.685,0.0854
1783335600000,2026-07-06,11:00:00,4154.755,4156.195,4151.685,4152.205,0.1158
1783335900000,2026-07-06,11:05:00,4152.135,4154.005,4151.675,4152.285,0.0951
1783336200000,2026-07-06,11:10:00,4152.415,4154.915,4151.285,4154.635,0.0805
1783336500000,2026-07-06,11:15:00,4154.735,4158.285,4153.545,4157.375,0.1135
1783336800000,2026-07-06,11:20:00,4157.285,4157.305,4155.345,4156.465,0.0693
1783337100000,2026-07-06,11:25:00,4156.545,4159.365,4154.765,4154.815,0.0878
1783337400000,2026-07-06,11:30:00,4154.815,4158.585,4154.775,4157.315,0.0832
1783337700000,2026-07-06,11:35:00,4157.415,4157.455,4154.275,4155.045,0.0768
1783338000000,2026-07-06,11:40:00,4155.095,4155.885,4152.375,4153.415,0.0741
1783338300000,2026-07-06,11:45:00,4153.455,4155.075,4152.155,4152.595,0.0808
1783338600000,2026-07-06,11:50:00,4152.635,4154.975,4151.705,4154.975,0.0996
1783338900000,2026-07-06,11:55:00,4154.975,4155.715,4153.645,4155.055,0.0967
1783339200000,2026-07-06,12:00:00,4155.005,4158.215,4153.775,4156.225,0.1268
1783339500000,2026-07-06,12:05:00,4156.225,4158.235,4155.935,4156.215,0.0991
1783339800000,2026-07-06,12:10:00,4156.105,4156.925,4153.585,4155.915,0.1132
1783340100000,2026-07-06,12:15:00,4155.915,4156.805,4154.865,4155.485,0.0944
1783340400000,2026-07-06,12:20:00,4155.415,4157.365,4146.585,4146.975,0.1762
1783340700000,2026-07-06,12:25:00,4147.015,4149.655,4144.915,4145.585,0.1724
1783341000000,2026-07-06,12:30:00,4145.565,4146.085,4142.465,4143.585,0.1546
1783341300000,2026-07-06,12:35:00,4143.565,4143.845,4138.325,4139.555,0.1763
1783341600000,2026-07-06,12:40:00,4139.525,4139.905,4131.285,4133.235,0.2043
1783341900000,2026-07-06,12:45:00,4133.235,4140.655,4132.985,4135.025,0.1798
1783342200000,2026-07-06,12:50:00,4135.125,4139.925,4134.265,4139.205,0.1506
1783342500000,2026-07-06,12:55:00,4139.365,4142.555,4138.995,4139.395,0.1322
1783342800000,2026-07-06,13:00:00,4139.685,4146.535,4136.725,4144.545,0.2323
1783343100000,2026-07-06,13:05:00,4144.375,4148.225,4142.645,4145.345,0.1656
1783343400000,2026-07-06,13:10:00,4145.275,4148.175,4140.625,4141.075,0.1767
1783343700000,2026-07-06,13:15:00,4141.155,4142.135,4138.495,4139.685,0.1906
1783344000000,2026-07-06,13:20:00,4139.665,4148.395,4139.355,4146.435,0.1912
1783344300000,2026-07-06,13:25:00,4146.715,4148.555,4141.955,4142.025,0.1755
1783344600000,2026-07-06,13:30:00,4141.925,4149.835,4141.655,4148.915,0.2999
1783344900000,2026-07-06,13:35:00,4148.875,4148.975,4143.675,4148.845,0.2876
1783345200000,2026-07-06,13:40:00,4148.855,4150.185,4144.225,4148.765,0.2314
1783345500000,2026-07-06,13:45:00,4148.755,4149.415,4141.025,4146.455,0.2435
1783345800000,2026-07-06,13:50:00,4146.465,4148.605,4142.335,4145.945,0.2464
1783346100000,2026-07-06,13:55:00,4145.945,4146.485,4135.625,4140.065,0.2186
1783346400000,2026-07-06,14:00:00,4140.085,4146.985,4138.795,4140.645,0.2331
1783346700000,2026-07-06,14:05:00,4140.695,4142.695,4133.395,4136.105,0.2621
1783347000000,2026-07-06,14:10:00,4136.005,4144.905,4135.805,4140.215,0.2514
1783347300000,2026-07-06,14:15:00,4140.365,4140.555,4134.255,4136.185,0.2354
1783347600000,2026-07-06,14:20:00,4136.215,4138.455,4132.085,4132.455,0.2041
1783347900000,2026-07-06,14:25:00,4132.475,4138.865,4132.475,4136.955,0.2278
1783348200000,2026-07-06,14:30:00,4137.045,4141.215,4133.355,4140.795,0.2134
1783348500000,2026-07-06,14:35:00,4140.775,4141.625,4135.795,4137.245,0.1897
1783348800000,2026-07-06,14:40:00,4137.085,4138.805,4128.265,4129.945,0.2197
1783349100000,2026-07-06,14:45:00,4129.925,4134.385,4128.845,4133.365,0.2168
1783349400000,2026-07-06,14:50:00,4133.335,4136.415,4132.675,4135.505,0.1789
1783349700000,2026-07-06,14:55:00,4135.465,4138.015,4133.905,4137.845,0.1824
1783350000000,2026-07-06,15:00:00,4137.845,4144.345,4137.305,4143.845,0.1974
1783350300000,2026-07-06,15:05:00,4143.875,4146.305,4141.805,4144.115,0.182
1783350600000,2026-07-06,15:10:00,4144.195,4144.515,4137.895,4139.425,0.173
1783350900000,2026-07-06,15:15:00,4139.445,4142.825,4139.245,4139.905,0.2183
1783351200000,2026-07-06,15:20:00,4139.825,4144.995,4138.475,4143.525,0.1913
1783351500000,2026-07-06,15:25:00,4143.545,4150.815,4143.325,4150.375,0.1895
1783351800000,2026-07-06,15:30:00,4150.445,4151.725,4147.775,4149.835,0.1686
1783352100000,2026-07-06,15:35:00,4149.875,4150.915,4146.835,4150.675,0.1404
1783352400000,2026-07-06,15:40:00,4150.645,4150.825,4148.565,4149.785,0.1061
1783352700000,2026-07-06,15:45:00,4149.765,4150.315,4146.545,4147.065,0.0997
1783353000000,2026-07-06,15:50:00,4147.115,4147.945,4144.875,4145.655,0.1052
1783353300000,2026-07-06,15:55:00,4145.635,4148.625,4144.555,4148.105,0.0815
1783353600000,2026-07-06,16:00:00,4148.095,4148.215,4142.975,4143.695,0.1127
1783353900000,2026-07-06,16:05:00,4143.715,4144.675,4143.045,4143.775,0.096
1783354200000,2026-07-06,16:10:00,4143.835,4144.395,4140.135,4140.355,0.1041
1783354500000,2026-07-06,16:15:00,4140.385,4143.685,4140.035,4143.365,0.1046
1783354800000,2026-07-06,16:20:00,4143.345,4145.325,4142.005,4145.325,0.0901
1783355100000,2026-07-06,16:25:00,4145.305,4146.125,4143.675,4145.445,0.0887
1783355400000,2026-07-06,16:30:00,4145.475,4148.345,4145.105,4146.965,0.1229
1783355700000,2026-07-06,16:35:00,4146.935,4149.685,4146.585,4149.245,0.1211
1783356000000,2026-07-06,16:40:00,4149.175,4150.075,4148.085,4149.175,0.0909
1783356300000,2026-07-06,16:45:00,4149.155,4150.015,4148.525,4150.015,0.0871
1783356600000,2026-07-06,16:50:00,4149.975,4155.325,4149.975,4153.665,0.1305
1783356900000,2026-07-06,16:55:00,4153.755,4156.005,4152.605,4154.755,0.1231
1783357200000,2026-07-06,17:00:00,4154.735,4155.615,4152.075,4152.605,0.1174
1783357500000,2026-07-06,17:05:00,4152.655,4155.965,4152.655,4153.975,0.1189
1783357800000,2026-07-06,17:10:00,4153.995,4155.375,4152.485,4153.325,0.1292
1783358100000,2026-07-06,17:15:00,4153.345,4154.485,4150.835,4151.485,0.1113
1783358400000,2026-07-06,17:20:00,4151.465,4158.595,4150.035,4156.945,0.1334
1783358700000,2026-07-06,17:25:00,4156.885,4159.375,4153.955,4155.285,0.1702
1783359000000,2026-07-06,17:30:00,4155.315,4158.115,4154.575,4157.935,0.133
1783359300000,2026-07-06,17:35:00,4157.905,4158.505,4156.085,4158.295,0.1227
1783359600000,2026-07-06,17:40:00,4158.295,4159.105,4156.455,4156.455,0.134
1783359900000,2026-07-06,17:45:00,4156.415,4159.785,4155.995,4159.335,0.1195
1783360200000,2026-07-06,17:50:00,4159.425,4160.845,4158.585,4159.285,0.1159
1783360500000,2026-07-06,17:55:00,4159.345,4161.405,4158.655,4161.085,0.1095
1783360800000,2026-07-06,18:00:00,4160.905,4161.675,4156.555,4157.145,0.127
1783361100000,2026-07-06,18:05:00,4157.285,4157.295,4155.135,4156.175,0.094
1783361400000,2026-07-06,18:10:00,4156.115,4158.125,4155.125,4157.945,0.0815
1783361700000,2026-07-06,18:15:00,4158.015,4161.375,4158.015,4161.005,0.0931
1783362000000,2026-07-06,18:20:00,4160.975,4161.805,4159.885,4161.545,0.0783
1783362300000,2026-07-06,18:25:00,4161.625,4162.885,4160.965,4161.655,0.0853
1783362600000,2026-07-06,18:30:00,4161.575,4163.765,4159.425,4163.275,0.1039
1783362900000,2026-07-06,18:35:00,4163.315,4167.325,4163.285,4164.905,0.1061
1783363200000,2026-07-06,18:40:00,4164.935,4165.335,4162.495,4163.875,0.0935
1783363500000,2026-07-06,18:45:00,4163.855,4164.985,4163.405,4164.205,0.0808
1783363800000,2026-07-06,18:50:00,4164.165,4164.385,4161.795,4162.595,0.0874
1783364100000,2026-07-06,18:55:00,4162.625,4164.015,4162.195,4163.555,0.1101
1783364400000,2026-07-06,19:00:00,4163.675,4165.225,4161.425,4161.445,0.0918
1783364700000,2026-07-06,19:05:00,4161.455,4161.945,4159.635,4160.525,0.0968
1783365000000,2026-07-06,19:10:00,4160.455,4160.785,4158.785,4159.045,0.0923
1783365300000,2026-07-06,19:15:00,4159.065,4160.945,4158.565,4160.865,0.0916
1783365600000,2026-07-06,19:20:00,4160.915,4162.225,4160.145,4161.935,0.1031
1783365900000,2026-07-06,19:25:00,4161.865,4163.215,4161.285,4162.705,0.1205
1783366200000,2026-07-06,19:30:00,4162.665,4162.875,4161.215,4161.745,0.0983
1783366500000,2026-07-06,19:35:00,4161.655,4161.845,4159.405,4159.945,0.1136
1783366800000,2026-07-06,19:40:00,4159.915,4161.025,4159.475,4160.885,0.1214
1783367100000,2026-07-06,19:45:00,4160.875,4163.885,4160.875,4163.225,0.1296
1783367400000,2026-07-06,19:50:00,4163.245,4164.915,4162.605,4163.385,0.1561
1783367700000,2026-07-06,19:55:00,4163.345,4163.615,4161.065,4163.585,0.1767
1783368000000,2026-07-06,20:00:00,4163.485,4164.255,4162.065,4162.355,0.0798
1783368300000,2026-07-06,20:05:00,4162.355,4162.355,4160.895,4161.365,0.0499
1783368600000,2026-07-06,20:10:00,4161.365,4161.635,4160.645,4160.745,0.0381
1783368900000,2026-07-06,20:15:00,4160.625,4161.305,4160.475,4161.185,0.0308
1783369200000,2026-07-06,20:20:00,4161.225,4161.805,4160.675,4161.695,0.0286
1783369500000,2026-07-06,20:25:00,4161.655,4162.905,4161.545,4162.655,0.0293
1783369800000,2026-07-06,20:30:00,4162.665,4164.315,4162.375,4164.175,0.0235
1783370100000,2026-07-06,20:35:00,4164.155,4164.625,4163.395,4163.525,0.0259
1783370400000,2026-07-06,20:40:00,4163.645,4164.165,4162.785,4162.825,0.0217
1783370700000,2026-07-06,20:45:00,4162.775,4163.495,4162.645,4163.105,0.0381
1783371000000,2026-07-06,20:50:00,4163.155,4164.495,4163.045,4164.325,0.0295
1783371300000,2026-07-06,20:55:00,4164.135,4165.375,4163.335,4164.325,0.0359
1783375200000,2026-07-06,22:00:00,4163.245,4167.335,4161.075,4164.455,0.0645
1783375500000,2026-07-06,22:05:00,4164.565,4166.345,4163.455,4165.545,0.0211
1783375800000,2026-07-06,22:10:00,4165.585,4166.175,4164.825,4165.765,0.0158
1783376100000,2026-07-06,22:15:00,4165.745,4167.075,4165.745,4166.835,0.0165
1783376400000,2026-07-06,22:20:00,4166.805,4166.845,4165.315,4165.415,0.0152
1783376700000,2026-07-06,22:25:00,4165.385,4166.065,4164.785,4165.935,0.0132
1783377000000,2026-07-06,22:30:00,4166.075,4168.065,4165.865,4168.065,0.0262
1783377300000,2026-07-06,22:35:00,4168.005,4168.195,4166.015,4167.055,0.0421
1783377600000,2026-07-06,22:40:00,4167.105,4167.535,4166.775,4166.975,0.0105
1783377900000,2026-07-06,22:45:00,4166.915,4167.365,4165.325,4165.355,0.0221
1783378200000,2026-07-06,22:50:00,4165.275,4165.635,4163.845,4164.575,0.0306
1783378500000,2026-07-06,22:55:00,4164.595,4165.225,4163.355,4163.355,0.0208
1783378800000,2026-07-06,23:00:00,4163.475,4164.645,4163.265,4164.155,0.0181
1783379100000,2026-07-06,23:05:00,4164.325,4164.485,4162.195,4163.415,0.0166
1783379400000,2026-07-06,23:10:00,4163.345,4165.515,4162.785,4165.285,0.0212
1783379700000,2026-07-06,23:15:00,4165.335,4165.445,4163.405,4164.325,0.0214
1783380000000,2026-07-06,23:20:00,4164.365,4164.485,4163.035,4163.535,0.0155
1783380300000,2026-07-06,23:25:00,4163.595,4163.755,4162.635,4162.885,0.0118
1783380600000,2026-07-06,23:30:00,4162.915,4164.985,4162.375,4164.365,0.0236
1783380900000,2026-07-06,23:35:00,4164.385,4164.385,4162.455,4162.775,0.0173
1783381200000,2026-07-06,23:40:00,4162.755,4162.975,4160.525,4161.745,0.03
1783381500000,2026-07-06,23:45:00,4161.705,4163.535,4161.015,4163.105,0.039
1783381800000,2026-07-06,23:50:00,4163.155,4163.265,4161.005,4161.595,0.0708
1783382100000,2026-07-06,23:55:00,4161.615,4161.865,4156.605,4156.975,0.0804
1783382400000,2026-07-07,00:00:00,4156.935,4157.145,4154.615,4156.195,0.1114
1783382700000,2026-07-07,00:05:00,4156.165,4158.095,4155.555,4156.335,0.1324
1783383000000,2026-07-07,00:10:00,4156.365,4157.745,4152.415,4155.805,0.1297
1783383300000,2026-07-07,00:15:00,4155.825,4156.905,4151.625,4156.655,0.1254
1783383600000,2026-07-07,00:20:00,4156.605,4160.405,4155.865,4158.515,0.1002
1783383900000,2026-07-07,00:25:00,4158.485,4160.045,4156.715,4159.555,0.1132
1783384200000,2026-07-07,00:30:00,4159.605,4162.455,4156.385,4156.385,0.1074
1783384500000,2026-07-07,00:35:00,4156.355,4157.055,4150.325,4150.795,0.1083
1783384800000,2026-07-07,00:40:00,4150.465,4151.035,4147.955,4149.325,0.1242
1783385100000,2026-07-07,00:45:00,4149.335,4151.875,4147.355,4150.495,0.1223
1783385400000,2026-07-07,00:50:00,4150.585,4153.205,4150.225,4152.755,0.0915
1783385700000,2026-07-07,00:55:00,4152.515,4153.605,4145.065,4145.725,0.131
1783386000000,2026-07-07,01:00:00,4145.655,4147.735,4140.565,4147.225,0.1817
1783386300000,2026-07-07,01:05:00,4147.285,4147.745,4138.765,4141.295,0.2102
1783386600000,2026-07-07,01:10:00,4141.335,4142.445,4137.605,4141.325,0.1568
1783386900000,2026-07-07,01:15:00,4141.305,4142.505,4134.255,4135.945,0.1558
1783387200000,2026-07-07,01:20:00,4135.925,4136.625,4131.785,4132.855,0.1734
1783387500000,2026-07-07,01:25:00,4132.855,4134.455,4125.485,4132.435,0.214
1783387800000,2026-07-07,01:30:00,4132.395,4140.175,4131.905,4138.825,0.2383
1783388100000,2026-07-07,01:35:00,4138.825,4140.225,4137.425,4138.715,0.2101
1783388400000,2026-07-07,01:40:00,4138.745,4141.985,4137.445,4141.765,0.1871
1783388700000,2026-07-07,01:45:00,4141.765,4146.115,4141.765,4144.135,0.2071
1783389000000,2026-07-07,01:50:00,4144.045,4144.585,4141.405,4143.805,0.1794
1783389300000,2026-07-07,01:55:00,4143.815,4144.655,4140.305,4141.625,0.1741
1783389600000,2026-07-07,02:00:00,4141.605,4142.785,4139.585,4140.665,0.156
1783389900000,2026-07-07,02:05:00,4140.885,4140.885,4137.275,4137.845,0.1466
1783390200000,2026-07-07,02:10:00,4137.875,4144.335,4137.875,4142.215,0.1571
1783390500000,2026-07-07,02:15:00,4142.155,4143.305,4140.525,4141.575,0.1082
1783390800000,2026-07-07,02:20:00,4141.615,4143.255,4137.955,4143.155,0.1146
1783391100000,2026-07-07,02:25:00,4143.215,4144.995,4140.355,4140.355,0.0878
1783391400000,2026-07-07,02:30:00,4140.265,4140.765,4135.895,4138.265,0.1231
1783391700000,2026-07-07,02:35:00,4138.325,4144.215,4137.825,4141.705,0.1202
1783392000000,2026-07-07,02:40:00,4141.705,4143.095,4138.555,4139.165,0.1177
1783392300000,2026-07-07,02:45:00,4139.095,4139.395,4133.865,4135.045,0.1316
1783392600000,2026-07-07,02:50:00,4135.045,4136.625,4131.005,4133.415,0.1742
1783392900000,2026-07-07,02:55:00,4133.385,4136.925,4131.955,4136.385,0.1421
1783393200000,2026-07-07,03:00:00,4136.345,4138.895,4134.845,4138.895,0.1315
1783393500000,2026-07-07,03:05:00,4138.895,4139.755,4137.085,4138.225,0.1184
1783393800000,2026-07-07,03:10:00,4138.225,4138.285,4135.875,4136.445,0.1134
1783394100000,2026-07-07,03:15:00,4136.295,4137.055,4134.205,4135.525,0.1339
1783394400000,2026-07-07,03:20:00,4135.525,4137.455,4131.275,4132.025,0.1633
1783394700000,2026-07-07,03:25:00,4132.025,4133.915,4128.965,4131.925,0.1752
1783395000000,2026-07-07,03:30:00,4131.915,4133.945,4130.365,4133.735,0.13
1783395300000,2026-07-07,03:35:00,4133.745,4134.875,4131.665,4132.275,0.1136
1783395600000,2026-07-07,03:40:00,4132.225,4132.995,4126.855,4129.385,0.1162
1783395900000,2026-07-07,03:45:00,4129.365,4129.365,4124.235,4125.895,0.1483
1783396200000,2026-07-07,03:50:00,4125.895,4127.885,4125.625,4127.615,0.1095
1783396500000,2026-07-07,03:55:00,4127.585,4131.355,4126.315,4130.865,0.1007
1783396800000,2026-07-07,04:00:00,4130.905,4133.935,4130.155,4132.765,0.1069
1783397100000,2026-07-07,04:05:00,4132.775,4139.985,4132.565,4139.455,0.1505
1783397400000,2026-07-07,04:10:00,4139.625,4140.995,4136.185,4136.285,0.1256
1783397700000,2026-07-07,04:15:00,4136.285,4137.405,4131.005,4132.235,0.1079
1783398000000,2026-07-07,04:20:00,4132.235,4134.155,4130.625,4132.955,0.1162
1783398300000,2026-07-07,04:25:00,4132.955,4134.285,4131.125,4131.935,0.1005
1783398600000,2026-07-07,04:30:00,4131.835,4132.075,4129.125,4130.345,0.1219
1783398900000,2026-07-07,04:35:00,4130.305,4130.745,4129.025,4130.345,0.107
1783399200000,2026-07-07,04:40:00,4130.285,4131.335,4128.555,4128.555,0.0963
1783399500000,2026-07-07,04:45:00,4128.555,4131.075,4128.555,4129.085,0.0915
1783399800000,2026-07-07,04:50:00,4129.085,4129.925,4127.405,4127.615,0.0969
1783400100000,2026-07-07,04:55:00,4127.585,4127.755,4125.585,4126.425,0.1006
1783400400000,2026-07-07,05:00:00,4126.425,4128.145,4122.485,4128.145,0.1393
1783400700000,2026-07-07,05:05:00,4128.125,4131.115,4124.745,4126.015,0.1255
1783401000000,2026-07-07,05:10:00,4126.015,4127.185,4121.795,4122.085,0.1476
1783401300000,2026-07-07,05:15:00,4122.125,4125.615,4121.235,4122.075,0.1223
1783401600000,2026-07-07,05:20:00,4122.045,4126.345,4120.665,4126.075,0.1616
1783401900000,2026-07-07,05:25:00,4126.065,4128.325,4124.995,4128.035,0.138
1783402200000,2026-07-07,05:30:00,4127.975,4128.165,4119.985,4122.615,0.2459
1783402500000,2026-07-07,05:35:00,4122.585,4126.585,4119.175,4119.785,0.2062
1783402800000,2026-07-07,05:40:00,4119.825,4122.415,4116.515,4122.325,0.1968
1783403100000,2026-07-07,05:45:00,4122.355,4123.895,4120.105,4121.465,0.1541
1783403400000,2026-07-07,05:50:00,4121.435,4125.375,4121.235,4125.105,0.139
1783403700000,2026-07-07,05:55:00,4125.075,4126.975,4123.255,4123.745,0.1346
1783404000000,2026-07-07,06:00:00,4123.745,4129.235,4123.075,4126.415,0.1742
1783404300000,2026-07-07,06:05:00,4126.475,4128.255,4122.455,4122.805,0.1697
1783404600000,2026-07-07,06:10:00,4122.785,4123.925,4121.235,4123.345,0.1109
1783404900000,2026-07-07,06:15:00,4123.355,4125.815,4123.105,4123.605,0.1235
1783405200000,2026-07-07,06:20:00,4123.625,4127.975,4123.625,4127.935,0.1152
1783405500000,2026-07-07,06:25:00,4128.035,4129.445,4126.165,4126.385,0.1506
1783405800000,2026-07-07,06:30:00,4126.385,4129.375,4124.655,4127.905,0.1385
1783406100000,2026-07-07,06:35:00,4127.925,4129.055,4126.705,4127.915,0.0977
1783406400000,2026-07-07,06:40:00,4127.795,4132.235,4127.795,4132.205,0.1319
1783406700000,2026-07-07,06:45:00,4132.215,4132.665,4128.215,4129.425,0.1345
1783407000000,2026-07-07,06:50:00,4129.495,4131.185,4128.835,4129.045,0.1037
1783407300000,2026-07-07,06:55:00,4129.005,4131.085,4128.525,4130.165,0.1026
1783407600000,2026-07-07,07:00:00,4130.145,4131.095,4124.225,4127.005,0.1181
1783407900000,2026-07-07,07:05:00,4126.885,4127.485,4124.395,4126.385,0.0955
1783408200000,2026-07-07,07:10:00,4126.365,4130.145,4125.135,4129.415,0.0888
1783408500000,2026-07-07,07:15:00,4129.315,4131.555,4128.125,4130.245,0.0955
1783408800000,2026-07-07,07:20:00,4130.355,4131.975,4125.775,4126.795,0.1228
1783409100000,2026-07-07,07:25:00,4126.835,4129.055,4126.305,4126.305,0.0821
1783409400000,2026-07-07,07:30:00,4126.285,4127.985,4125.615,4127.535,0.0847
1783409700000,2026-07-07,07:35:00,4127.695,4129.965,4127.045,4128.635,0.0794
1783410000000,2026-07-07,07:40:00,4128.715,4131.005,4127.175,4129.845,0.0794
1783410300000,2026-07-07,07:45:00,4129.815,4133.345,4126.055,4126.945,0.1056
1783410600000,2026-07-07,07:50:00,4126.825,4128.335,4125.945,4126.605,0.0822
1783410900000,2026-07-07,07:55:00,4126.395,4126.635,4124.155,4124.545,0.1034
1783411200000,2026-07-07,08:00:00,4124.475,4130.185,4124.345,4128.205,0.1245
1783411500000,2026-07-07,08:05:00,4128.225,4130.555,4127.275,4129.995,0.1245
1783411800000,2026-07-07,08:10:00,4129.955,4139.045,4129.725,4136.855,0.1441
1783412100000,2026-07-07,08:15:00,4136.885,4137.955,4134.335,4135.325,0.1081
1783412400000,2026-07-07,08:20:00,4135.305,4137.755,4133.785,4136.085,0.1169
1783412700000,2026-07-07,08:25:00,4136.085,4138.595,4135.975,4138.375,0.0993
1783413000000,2026-07-07,08:30:00,4138.475,4138.805,4132.845,4134.435,0.0931
1783413300000,2026-07-07,08:35:00,4134.415,4134.685,4129.505,4131.735,0.0818
1783413600000,2026-07-07,08:40:00,4131.775,4133.135,4128.655,4131.005,0.0946
1783413900000,2026-07-07,08:45:00,4131.005,4131.005,4127.795,4127.945,0.1087
1783414200000,2026-07-07,08:50:00,4127.935,4128.465,4121.715,4123.825,0.1397
1783414500000,2026-07-07,08:55:00,4123.775,4126.935,4122.075,4125.865,0.1218
1783414800000,2026-07-07,09:00:00,4125.715,4127.715,4124.285,4127.615,0.1291
1783415100000,2026-07-07,09:05:00,4127.645,4128.355,4125.795,4126.455,0.1052
1783415400000,2026-07-07,09:10:00,4126.415,4128.905,4126.095,4127.355,0.1132
1783415700000,2026-07-07,09:15:00,4127.375,4130.795,4126.925,4128.905,0.1051
1783416000000,2026-07-07,09:20:00,4128.905,4128.905,4125.755,4126.815,0.0947
1783416300000,2026-07-07,09:25:00,4127.115,4128.245,4119.805,4121.405,0.1501
1783416600000,2026-07-07,09:30:00,4121.405,4128.015,4121.405,4127.145,0.1344
1783416900000,2026-07-07,09:35:00,4127.255,4131.405,4126.395,4129.235,0.1045
1783417200000,2026-07-07,09:40:00,4129.195,4133.555,4129.165,4132.745,0.0825
1783417500000,2026-07-07,09:45:00,4132.715,4132.895,4127.195,4127.195,0.104
1783417800000,2026-07-07,09:50:00,4127.195,4130.165,4124.785,4130.135,0.1294
1783418100000,2026-07-07,09:55:00,4130.095,4132.265,4129.435,4131.065,0.1127
1783418400000,2026-07-07,10:00:00,4131.045,4133.795,4131.035,4132.305,0.114
1783418700000,2026-07-07,10:05:00,4132.355,4133.855,4131.895,4133.445,0.1157
1783419000000,2026-07-07,10:10:00,4133.465,4134.915,4131.995,4132.275,0.0986
1783419300000,2026-07-07,10:15:00,4132.445,4136.695,4131.925,4136.275,0.098
1783419600000,2026-07-07,10:20:00,4136.285,4137.145,4134.475,4137.075,0.08
1783419900000,2026-07-07,10:25:00,4137.075,4138.855,4135.765,4137.265,0.0875
1783420200000,2026-07-07,10:30:00,4137.215,4137.445,4134.345,4135.425,0.0935
1783420500000,2026-07-07,10:35:00,4135.375,4136.315,4134.965,4136.175,0.0554
1783420800000,2026-07-07,10:40:00,4136.335,4137.095,4135.415,4135.435,0.0683
1783421100000,2026-07-07,10:45:00,4135.585,4135.965,4133.325,4133.325,0.083
1783421400000,2026-07-07,10:50:00,4133.395,4135.465,4133.395,4135.465,0.0721
1783421700000,2026-07-07,10:55:00,4135.515,4136.925,4133.995,4135.565,0.0772
1783422000000,2026-07-07,11:00:00,4135.705,4136.055,4133.465,4134.115,0.1334
1783422300000,2026-07-07,11:05:00,4134.145,4135.035,4131.665,4132.095,0.1179
1783422600000,2026-07-07,11:10:00,4132.025,4133.955,4131.695,4133.005,0.0942
1783422900000,2026-07-07,11:15:00,4133.075,4142.525,4132.865,4140.805,0.1211
1783423200000,2026-07-07,11:20:00,4140.755,4144.015,4139.355,4143.935,0.1311
1783423500000,2026-07-07,11:25:00,4143.935,4145.185,4142.525,4142.925,0.1066
1783423800000,2026-07-07,11:30:00,4142.945,4143.835,4139.345,4143.165,0.1179
1783424100000,2026-07-07,11:35:00,4143.135,4147.975,4142.565,4145.135,0.1027
1783424400000,2026-07-07,11:40:00,4145.165,4148.705,4144.765,4148.125,0.093
1783424700000,2026-07-07,11:45:00,4147.995,4151.655,4146.855,4149.565,0.1333
1783425000000,2026-07-07,11:50:00,4149.605,4152.565,4146.815,4150.655,0.1246
1783425300000,2026-07-07,11:55:00,4150.725,4158.005,4150.725,4156.585,0.1098
1783425600000,2026-07-07,12:00:00,4156.945,4159.635,4154.345,4158.825,0.1325
1783425900000,2026-07-07,12:05:00,4158.765,4170.785,4157.945,4169.165,0.1806
1783426200000,2026-07-07,12:10:00,4169.105,4174.375,4165.645,4173.085,0.1914
1783426500000,2026-07-07,12:15:00,4173.285,4174.915,4168.545,4168.685,0.1675
1783426800000,2026-07-07,12:20:00,4168.685,4170.035,4163.065,4163.995,0.1677
1783427100000,2026-07-07,12:25:00,4163.985,4169.405,4162.885,4165.715,0.1477
1783427400000,2026-07-07,12:30:00,4165.725,4167.995,4163.655,4163.755,0.1446
1783427700000,2026-07-07,12:35:00,4163.975,4167.245,4162.045,4165.945,0.1189
1783428000000,2026-07-07,12:40:00,4165.895,4167.145,4161.355,4166.205,0.1232
1783428300000,2026-07-07,12:45:00,4166.115,4168.505,4163.995,4165.315,0.122
1783428600000,2026-07-07,12:50:00,4165.275,4170.155,4165.275,4166.945,0.1132
1783428900000,2026-07-07,12:55:00,4166.955,4172.595,4166.595,4172.085,0.1409
1783429200000,2026-07-07,13:00:00,4172.295,4178.065,4164.625,4165.435,0.2945
1783429500000,2026-07-07,13:05:00,4165.355,4166.855,4161.635,4162.285,0.2114
1783429800000,2026-07-07,13:10:00,4162.305,4171.165,4159.725,4171.015,0.2034
1783430100000,2026-07-07,13:15:00,4171.015,4171.025,4167.655,4168.335,0.1657
1783430400000,2026-07-07,13:20:00,4168.375,4172.055,4165.145,4165.675,0.1573
1783430700000,2026-07-07,13:25:00,4165.675,4169.065,4163.825,4165.975,0.1725
1783431000000,2026-07-07,13:30:00,4166.155,4171.055,4163.215,4168.815,0.3018
1783431300000,2026-07-07,13:35:00,4168.845,4179.365,4167.725,4170.135,0.291
1783431600000,2026-07-07,13:40:00,4170.185,4180.225,4167.995,4177.155,0.2813
1783431900000,2026-07-07,13:45:00,4177.135,4179.665,4170.395,4172.895,0.2599
1783432200000,2026-07-07,13:50:00,4172.925,4173.995,4164.025,4165.575,0.251
1783432500000,2026-07-07,13:55:00,4165.545,4167.235,4155.755,4158.205,0.2712
1783432800000,2026-07-07,14:00:00,4158.205,4163.475,4152.895,4154.475,0.275
1783433100000,2026-07-07,14:05:00,4154.475,4157.905,4151.765,4155.645,0.3115
1783433400000,2026-07-07,14:10:00,4155.555,4156.835,4150.805,4152.075,0.2595
1783433700000,2026-07-07,14:15:00,4152.075,4159.585,4151.105,4158.585,0.262
1783434000000,2026-07-07,14:20:00,4158.545,4158.795,4151.745,4152.155,0.2435
1783434300000,2026-07-07,14:25:00,4152.095,4157.975,4150.945,4157.955,0.2393
1783434600000,2026-07-07,14:30:00,4157.925,4159.055,4150.845,4150.975,0.2192
1783434900000,2026-07-07,14:35:00,4150.955,4151.195,4146.805,4149.415,0.2409
1783435200000,2026-07-07,14:40:00,4149.435,4152.335,4143.405,4152.105,0.2514
1783435500000,2026-07-07,14:45:00,4152.125,4157.435,4151.735,4156.225,0.2339
1783435800000,2026-07-07,14:50:00,4156.175,4157.005,4153.235,4153.645,0.1877
1783436100000,2026-07-07,14:55:00,4153.465,4156.595,4153.245,4154.005,0.2104
1783436400000,2026-07-07,15:00:00,4153.935,4154.325,4149.725,4151.295,0.211
1783436700000,2026-07-07,15:05:00,4151.245,4155.445,4149.315,4153.055,0.2096
1783437000000,2026-07-07,15:10:00,4153.085,4155.285,4148.005,4148.495,0.1907
1783437300000,2026-07-07,15:15:00,4148.395,4148.795,4141.605,4144.545,0.2093
1783437600000,2026-07-07,15:20:00,4144.495,4146.595,4143.325,4145.105,0.1665
1783437900000,2026-07-07,15:25:00,4145.005,4146.415,4141.345,4142.815,0.1894
1783438200000,2026-07-07,15:30:00,4142.835,4145.785,4142.565,4143.475,0.1753
1783438500000,2026-07-07,15:35:00,4143.495,4145.785,4141.835,4145.275,0.1605
1783438800000,2026-07-07,15:40:00,4145.395,4148.045,4143.775,4146.255,0.1741
1783439100000,2026-07-07,15:45:00,4146.225,4147.785,4141.915,4141.915,0.1675
1783439400000,2026-07-07,15:50:00,4141.875,4143.095,4137.175,4137.725,0.1865
1783439700000,2026-07-07,15:55:00,4137.695,4138.835,4135.545,4138.795,0.1777
1783440000000,2026-07-07,16:00:00,4138.725,4140.385,4136.725,4139.345,0.1485
1783440300000,2026-07-07,16:05:00,4139.275,4143.315,4138.865,4139.965,0.1688
1783440600000,2026-07-07,16:10:00,4139.865,4142.195,4139.145,4140.805,0.1328
1783440900000,2026-07-07,16:15:00,4140.725,4144.385,4140.435,4143.895,0.1426
1783441200000,2026-07-07,16:20:00,4143.875,4145.865,4142.205,4144.345,0.1658
1783441500000,2026-07-07,16:25:00,4144.365,4147.025,4143.685,4145.975,0.1468
1783441800000,2026-07-07,16:30:00,4145.625,4146.325,4142.765,4143.035,0.1352
1783442100000,2026-07-07,16:35:00,4142.985,4144.925,4142.165,4144.125,0.1226
1783442400000,2026-07-07,16:40:00,4144.105,4145.035,4142.535,4142.945,0.1282
1783442700000,2026-07-07,16:45:00,4142.945,4144.495,4140.715,4144.425,0.1316
1783443000000,2026-07-07,16:50:00,4144.475,4146.425,4144.155,4144.235,0.1051
1783443300000,2026-07-07,16:55:00,4144.295,4144.875,4142.685,4144.725,0.1432
1783443600000,2026-07-07,17:00:00,4144.745,4145.895,4143.835,4145.805,0.1364
1783443900000,2026-07-07,17:05:00,4145.825,4146.855,4145.055,4145.465,0.1235
1783444200000,2026-07-07,17:10:00,4145.425,4145.485,4141.955,4142.805,0.1239
1783444500000,2026-07-07,17:15:00,4142.745,4143.125,4140.235,4142.845,0.1516
1783444800000,2026-07-07,17:20:00,4142.735,4145.915,4141.715,4145.155,0.1651
1783445100000,2026-07-07,17:25:00,4145.055,4146.595,4143.645,4145.915,0.1592
1783445400000,2026-07-07,17:30:00,4145.795,4148.085,4145.385,4145.705,0.1609
1783445700000,2026-07-07,17:35:00,4145.625,4146.625,4144.335,4145.825,0.127
1783446000000,2026-07-07,17:40:00,4145.875,4147.535,4145.615,4146.875,0.0946
1783446300000,2026-07-07,17:45:00,4146.935,4147.125,4144.995,4145.125,0.1116
1783446600000,2026-07-07,17:50:00,4145.065,4145.235,4142.775,4143.505,0.1206
1783446900000,2026-07-07,17:55:00,4143.445,4144.555,4143.185,4144.355,0.1352
1783447200000,2026-07-07,18:00:00,4144.325,4145.035,4141.085,4142.275,0.1455
1783447500000,2026-07-07,18:05:00,4142.245,4142.535,4141.145,4141.585,0.1135
1783447800000,2026-07-07,18:10:00,4141.625,4142.685,4140.755,4142.165,0.1415
1783448100000,2026-07-07,18:15:00,4142.135,4142.255,4139.975,4141.595,0.1244
1783448400000,2026-07-07,18:20:00,4141.625,4144.225,4140.335,4142.935,0.1363
1783448700000,2026-07-07,18:25:00,4142.755,4144.095,4141.365,4141.535,0.1427
1783449000000,2026-07-07,18:30:00,4141.265,4141.695,4135.935,4138.715,0.1512
1783449300000,2026-07-07,18:35:00,4138.765,4142.055,4138.765,4141.155,0.0949
1783449600000,2026-07-07,18:40:00,4141.085,4141.795,4139.345,4141.715,0.12
1783449900000,2026-07-07,18:45:00,4141.695,4142.395,4131.815,4134.495,0.1741
1783450200000,2026-07-07,18:50:00,4134.525,4135.605,4124.805,4126.725,0.278
1783450500000,2026-07-07,18:55:00,4126.745,4130.495,4125.605,4126.685,0.2155
1783450800000,2026-07-07,19:00:00,4126.705,4127.475,4117.655,4121.535,0.2656
1783451100000,2026-07-07,19:05:00,4121.445,4121.545,4107.925,4110.945,0.2963
1783451400000,2026-07-07,19:10:00,4111.085,4111.475,4102.825,4105.675,0.2602
1783451700000,2026-07-07,19:15:00,4105.645,4105.655,4091.845,4098.645,0.2813
1783452000000,2026-07-07,19:20:00,4098.595,4102.615,4093.455,4101.505,0.2432
1783452300000,2026-07-07,19:25:00,4101.535,4106.785,4098.015,4103.255,0.199
1783452600000,2026-07-07,19:30:00,4103.265,4113.255,4103.265,4112.455,0.2075
1783452900000,2026-07-07,19:35:00,4112.515,4114.795,4109.355,4110.525,0.1914
1783453200000,2026-07-07,19:40:00,4110.545,4111.575,4108.005,4108.905,0.2029
1783453500000,2026-07-07,19:45:00,4108.915,4113.235,4107.855,4111.845,0.1871
1783453800000,2026-07-07,19:50:00,4112.215,4115.425,4110.015,4115.135,0.1721
1783454100000,2026-07-07,19:55:00,4115.295,4117.315,4113.545,4113.865,0.1852
1783454400000,2026-07-07,20:00:00,4113.755,4115.405,4112.565,4114.925,0.0922
1783454700000,2026-07-07,20:05:00,4114.905,4115.235,4112.575,4113.765,0.0697
1783455000000,2026-07-07,20:10:00,4113.735,4115.595,4112.055,4112.815,0.0586
1783455300000,2026-07-07,20:15:00,4112.775,4112.995,4107.445,4108.935,0.0685
1783455600000,2026-07-07,20:20:00,4108.995,4108.995,4106.145,4108.135,0.0574
1783455900000,2026-07-07,20:25:00,4108.275,4110.725,4108.185,4110.465,0.0505
1783456200000,2026-07-07,20:30:00,4110.465,4110.855,4106.905,4106.905,0.0544
1783456500000,2026-07-07,20:35:00,4106.835,4107.255,4104.145,4104.595,0.063
1783456800000,2026-07-07,20:40:00,4104.645,4107.015,4104.425,4105.595,0.0547
1783457100000,2026-07-07,20:45:00,4105.625,4106.455,4104.765,4105.005,0.0515
1783457400000,2026-07-07,20:50:00,4104.935,4105.665,4103.325,4104.885,0.0565
1783457700000,2026-07-07,20:55:00,4104.955,4106.885,4103.895,4105.225,0.0622
1783461600000,2026-07-07,22:00:00,4093.905,4105.425,4093.535,4104.745,0.113
1783461900000,2026-07-07,22:05:00,4104.775,4105.955,4099.915,4100.595,0.0636
1783462200000,2026-07-07,22:10:00,4100.565,4104.085,4099.585,4103.835,0.047
1783462500000,2026-07-07,22:15:00,4103.725,4103.825,4100.835,4102.695,0.0405
1783462800000,2026-07-07,22:20:00,4102.575,4102.965,4101.075,4102.365,0.0376
1783463100000,2026-07-07,22:25:00,4102.275,4102.275,4099.005,4099.075,0.035
1783463400000,2026-07-07,22:30:00,4099.035,4100.465,4098.275,4099.555,0.044
1783463700000,2026-07-07,22:35:00,4099.645,4102.325,4099.605,4102.095,0.0464
1783464000000,2026-07-07,22:40:00,4102.275,4102.335,4100.125,4100.715,0.0501
1783464300000,2026-07-07,22:45:00,4100.775,4100.905,4096.245,4097.235,0.0553
1783464600000,2026-07-07,22:50:00,4097.415,4099.705,4095.325,4097.575,0.0746
1783464900000,2026-07-07,22:55:00,4097.675,4099.035,4095.475,4097.525,0.0479
1783465200000,2026-07-07,23:00:00,4097.455,4100.975,4095.385,4100.745,0.0506
1783465500000,2026-07-07,23:05:00,4100.665,4106.215,4100.135,4105.025,0.0598
1783465800000,2026-07-07,23:10:00,4104.975,4107.535,4104.025,4105.575,0.0982
1783466100000,2026-07-07,23:15:00,4105.245,4105.355,4101.135,4101.885,0.0844
1783466400000,2026-07-07,23:20:00,4101.805,4103.925,4100.585,4103.595,0.0642
1783466700000,2026-07-07,23:25:00,4103.305,4106.285,4102.495,4104.725,0.0446
1783467000000,2026-07-07,23:30:00,4104.665,4105.355,4100.115,4100.825,0.0431
1783467300000,2026-07-07,23:35:00,4100.855,4102.265,4099.805,4101.615,0.046
1783467600000,2026-07-07,23:40:00,4101.555,4103.325,4096.985,4097.955,0.0749
1783467900000,2026-07-07,23:45:00,4097.865,4099.095,4095.545,4097.615,0.1295
1783468200000,2026-07-07,23:50:00,4097.755,4100.945,4097.415,4098.085,0.084
1783468500000,2026-07-07,23:55:00,4098.395,4098.395,4095.795,4097.985,0.144
1783468800000,2026-07-08,00:00:00,4098.205,4102.095,4096.545,4102.005,0.2543
1783469100000,2026-07-08,00:05:00,4102.025,4102.585,4097.075,4099.505,0.2318
1783469400000,2026-07-08,00:10:00,4099.265,4103.705,4098.375,4099.865,0.2058
1783469700000,2026-07-08,00:15:00,4099.815,4103.125,4098.645,4103.125,0.1513
1783470000000,2026-07-08,00:20:00,4103.085,4106.085,4100.445,4105.645,0.1556
1783470300000,2026-07-08,00:25:00,4105.695,4107.665,4103.745,4105.175,0.1523
1783470600000,2026-07-08,00:30:00,4105.135,4109.515,4103.435,4109.215,0.175
1783470900000,2026-07-08,00:35:00,4109.315,4122.675,4107.095,4122.595,0.2122
1783471200000,2026-07-08,00:40:00,4122.475,4126.305,4120.765,4122.955,0.1776
1783471500000,2026-07-08,00:45:00,4122.975,4124.775,4119.725,4121.285,0.1734
1783471800000,2026-07-08,00:50:00,4121.265,4121.415,4114.635,4115.175,0.1534
1783472100000,2026-07-08,00:55:00,4115.125,4118.195,4110.405,4110.955,0.1555
1783472400000,2026-07-08,01:00:00,4111.005,4117.555,4106.935,4108.345,0.2569
1783472700000,2026-07-08,01:05:00,4108.325,4108.325,4097.825,4103.835,0.2165
1783473000000,2026-07-08,01:10:00,4103.755,4111.425,4103.435,4108.245,0.1905
1783473300000,2026-07-08,01:15:00,4108.205,4108.625,4103.865,4106.785,0.1651
1783473600000,2026-07-08,01:20:00,4106.845,4109.665,4104.435,4105.845,0.1568
1783473900000,2026-07-08,01:25:00,4105.925,4110.125,4101.805,4102.345,0.1644
1783474200000,2026-07-08,01:30:00,4102.405,4105.575,4097.415,4097.865,0.2815
1783474500000,2026-07-08,01:35:00,4097.825,4100.285,4096.065,4099.945,0.3008
1783474800000,2026-07-08,01:40:00,4099.945,4105.545,4098.585,4103.055,0.2948
1783475100000,2026-07-08,01:45:00,4102.865,4112.565,4102.155,4109.915,0.2975
1783475400000,2026-07-08,01:50:00,4110.065,4112.565,4104.265,4108.615,0.2761
1783475700000,2026-07-08,01:55:00,4108.615,4111.775,4107.155,4110.945,0.2308
1783476000000,2026-07-08,02:00:00,4111.045,4111.425,4105.685,4108.115,0.2577
1783476300000,2026-07-08,02:05:00,4108.115,4116.895,4107.705,4116.625,0.2738
1783476600000,2026-07-08,02:10:00,4116.495,4117.945,4111.625,4111.915,0.2459
1783476900000,2026-07-08,02:15:00,4111.925,4116.305,4111.775,4114.525,0.1583
1783477200000,2026-07-08,02:20:00,4114.525,4121.615,4113.215,4120.065,0.1954
1783477500000,2026-07-08,02:25:00,4119.555,4124.615,4118.585,4118.875,0.209
1783477800000,2026-07-08,02:30:00,4118.905,4120.905,4116.215,4118.955,0.2408
1783478100000,2026-07-08,02:35:00,4118.915,4120.275,4116.635,4119.765,0.1919
1783478400000,2026-07-08,02:40:00,4119.785,4120.255,4117.745,4119.955,0.2011
1783478700000,2026-07-08,02:45:00,4119.985,4120.555,4115.655,4116.615,0.206
1783479000000,2026-07-08,02:50:00,4116.615,4117.525,4114.295,4116.135,0.1996
1783479300000,2026-07-08,02:55:00,4116.095,4116.375,4113.065,4114.245,0.1905
1783479600000,2026-07-08,03:00:00,4114.335,4129.055,4114.195,4125.495,0.3315
1783479900000,2026-07-08,03:05:00,4125.475,4129.515,4121.985,4126.845,0.2581
1783480200000,2026-07-08,03:10:00,4126.735,4130.665,4125.895,4127.895,0.2186
1783480500000,2026-07-08,03:15:00,4127.895,4128.655,4124.375,4126.565,0.19
1783480800000,2026-07-08,03:20:00,4126.535,4129.025,4125.785,4127.955,0.1691
1783481100000,2026-07-08,03:25:00,4127.985,4130.555,4126.995,4129.565,0.1814
1783481400000,2026-07-08,03:30:00,4129.485,4130.915,4126.415,4128.055,0.1738
1783481700000,2026-07-08,03:35:00,4128.055,4128.475,4125.595,4126.445,0.1741
1783482000000,2026-07-08,03:40:00,4126.485,4127.145,4125.265,4126.265,0.1471
1783482300000,2026-07-08,03:45:00,4126.295,4128.935,4125.625,4128.255,0.1423
1783482600000,2026-07-08,03:50:00,4128.255,4128.605,4126.585,4126.665,0.166
1783482900000,2026-07-08,03:55:00,4126.665,4126.705,4122.345,4123.425,0.1592
1783483200000,2026-07-08,04:00:00,4123.365,4124.585,4121.335,4122.625,0.1506
1783483500000,2026-07-08,04:05:00,4122.635,4128.545,4122.305,4128.275,0.1366
1783483800000,2026-07-08,04:10:00,4128.225,4128.265,4123.795,4124.085,0.1334
1783484100000,2026-07-08,04:15:00,4124.085,4124.135,4120.285,4122.765,0.1688
1783484400000,2026-07-08,04:20:00,4122.825,4127.125,4121.545,4125.655,0.156
1783484700000,2026-07-08,04:25:00,4125.725,4126.955,4124.585,4125.695,0.1337
1783485000000,2026-07-08,04:30:00,4125.695,4128.025,4124.195,4125.785,0.158
1783485300000,2026-07-08,04:35:00,4125.725,4127.925,4124.545,4125.115,0.1503
1783485600000,2026-07-08,04:40:00,4125.115,4125.715,4121.925,4124.715,0.1745
1783485900000,2026-07-08,04:45:00,4124.675,4126.665,4124.275,4124.525,0.1522
1783486200000,2026-07-08,04:50:00,4124.505,4126.145,4123.845,4123.955,0.1429
1783486500000,2026-07-08,04:55:00,4123.935,4126.565,4123.485,4124.825,0.1898
1783486800000,2026-07-08,05:00:00,4124.825,4127.755,4124.495,4127.695,0.2198
1783487100000,2026-07-08,05:05:00,4127.695,4133.685,4127.535,4127.945,0.2054
1783487400000,2026-07-08,05:10:00,4127.955,4128.045,4124.765,4125.515,0.2053
1783487700000,2026-07-08,05:15:00,4125.455,4129.175,4125.105,4126.995,0.1795
1783488000000,2026-07-08,05:20:00,4127.015,4127.715,4122.455,4124.255,0.2066
1783488300000,2026-07-08,05:25:00,4124.225,4126.135,4121.615,4121.625,0.1741
1783488600000,2026-07-08,05:30:00,4121.685,4127.995,4120.725,4127.525,0.2965
1783488900000,2026-07-08,05:35:00,4127.555,4129.865,4125.465,4127.385,0.2585
1783489200000,2026-07-08,05:40:00,4127.385,4131.575,4126.505,4127.975,0.247
1783489500000,2026-07-08,05:45:00,4128.015,4129.745,4124.945,4125.005,0.2326
1783489800000,2026-07-08,05:50:00,4124.965,4126.925,4124.585,4126.225,0.2566
1783490100000,2026-07-08,05:55:00,4126.185,4129.085,4125.415,4127.535,0.2874
1783490400000,2026-07-08,06:00:00,4127.535,4128.945,4123.205,4123.205,0.2811
1783490700000,2026-07-08,06:05:00,4123.255,4125.575,4121.955,4125.415,0.2123
1783491000000,2026-07-08,06:10:00,4125.465,4131.565,4124.465,4131.295,0.2284
1783491300000,2026-07-08,06:15:00,4131.285,4132.775,4128.395,4130.105,0.1983
1783491600000,2026-07-08,06:20:00,4130.155,4133.525,4128.535,4131.965,0.187
1783491900000,2026-07-08,06:25:00,4132.005,4132.285,4129.115,4129.335,0.1927
1783492200000,2026-07-08,06:30:00,4129.335,4129.675,4124.905,4125.975,0.208
1783492500000,2026-07-08,06:35:00,4125.985,4126.825,4124.305,4125.995,0.1725
1783492800000,2026-07-08,06:40:00,4126.005,4128.005,4125.335,4126.285,0.1826
1783493100000,2026-07-08,06:45:00,4126.285,4126.905,4123.845,4124.645,0.1898
1783493400000,2026-07-08,06:50:00,4124.625,4126.425,4124.435,4124.895,0.178
1783493700000,2026-07-08,06:55:00,4124.825,4125.625,4123.205,4123.285,0.1293
1783494000000,2026-07-08,07:00:00,4123.315,4125.195,4120.505,4120.505,0.1553
1783494300000,2026-07-08,07:05:00,4120.495,4121.045,4118.055,4120.465,0.1375
1783494600000,2026-07-08,07:10:00,4120.485,4120.845,4116.325,4117.835,0.1192
1783494900000,2026-07-08,07:15:00,4118.055,4118.455,4114.735,4116.015,0.1498
1783495200000,2026-07-08,07:20:00,4115.945,4119.525,4114.615,4119.525,0.1227
1783495500000,2026-07-08,07:25:00,4119.495,4121.135,4117.285,4120.325,0.1795
1783495800000,2026-07-08,07:30:00,4120.255,4125.995,4119.885,4123.845,0.1448
1783496100000,2026-07-08,07:35:00,4123.895,4123.895,4118.025,4120.095,0.1039
1783496400000,2026-07-08,07:40:00,4120.095,4127.005,4120.065,4127.005,0.1127
1783496700000,2026-07-08,07:45:00,4127.065,4127.065,4123.645,4124.165,0.1505
1783497000000,2026-07-08,07:50:00,4124.145,4124.995,4119.655,4119.655,0.1494
1783497300000,2026-07-08,07:55:00,4119.675,4121.355,4118.735,4120.755,0.126
1783497600000,2026-07-08,08:00:00,4120.915,4120.945,4116.185,4116.895,0.1797
1783497900000,2026-07-08,08:05:00,4116.915,4120.285,4116.455,4120.195,0.1489
1783498200000,2026-07-08,08:10:00,4119.465,4121.065,4116.465,4117.295,0.1762
1783498500000,2026-07-08,08:15:00,4117.295,4120.705,4080.707,4088.565,0.3205
1783498800000,2026-07-08,08:20:00,4088.595,4097.575,4082.045,4084.895,0.3304
1783499100000,2026-07-08,08:25:00,4084.825,4092.275,4080.465,4088.445,0.3239
1783499400000,2026-07-08,08:30:00,4088.295,4091.645,4077.955,4083.005,0.3055
1783499700000,2026-07-08,08:35:00,4083.015,4083.145,4066.505,4066.795,0.3278
1783500000000,2026-07-08,08:40:00,4066.685,4067.795,4060.275,4065.435,0.3402
1783500300000,2026-07-08,08:45:00,4065.425,4075.765,4064.225,4066.525,0.3302
1783500600000,2026-07-08,08:50:00,4066.495,4068.775,4060.305,4063.165,0.3271
1783500900000,2026-07-08,08:55:00,4063.165,4064.705,4051.825,4056.405,0.3289
1783501200000,2026-07-08,09:00:00,4056.375,4056.455,4050.345,4055.155,0.3215
1783501500000,2026-07-08,09:05:00,4055.155,4055.905,4049.935,4051.555,0.2572
1783501800000,2026-07-08,09:10:00,4051.665,4056.095,4050.615,4055.585,0.2704
1783502100000,2026-07-08,09:15:00,4055.555,4060.955,4053.505,4058.845,0.2686
1783502400000,2026-07-08,09:20:00,4058.795,4060.095,4054.055,4056.255,0.2399
1783502700000,2026-07-08,09:25:00,4056.335,4060.425,4054.485,4056.295,0.2124
1783503000000,2026-07-08,09:30:00,4056.275,4057.075,4050.915,4056.125,0.2624
1783503300000,2026-07-08,09:35:00,4056.165,4058.365,4050.345,4053.035,0.2581
1783503600000,2026-07-08,09:40:00,4053.035,4054.115,4044.305,4048.265,0.2439
1783503900000,2026-07-08,09:45:00,4048.215,4052.475,4046.875,4050.015,0.1919
1783504200000,2026-07-08,09:50:00,4050.055,4050.055,4045.585,4047.345,0.2174
1783504500000,2026-07-08,09:55:00,4047.495,4047.615,4041.145,4042.785,0.2299
1783504800000,2026-07-08,10:00:00,4042.825,4048.175,4042.825,4047.025,0.2054
1783505100000,2026-07-08,10:05:00,4047.055,4047.735,4040.405,4041.655,0.1979
1783505400000,2026-07-08,10:10:00,4041.755,4044.935,4041.235,4044.485,0.1837
1783505700000,2026-07-08,10:15:00,4044.525,4050.635,4043.055,4050.565,0.1912
1783506000000,2026-07-08,10:20:00,4050.495,4055.655,4050.345,4052.425,0.1984
1783506300000,2026-07-08,10:25:00,4052.425,4053.145,4048.585,4050.495,0.1799
1783506600000,2026-07-08,10:30:00,4050.365,4056.345,4049.715,4054.515,0.2148
1783506900000,2026-07-08,10:35:00,4054.465,4056.565,4051.525,4055.055,0.2232
1783507200000,2026-07-08,10:40:00,4055.135,4058.085,4052.705,4056.935,0.188
1783507500000,2026-07-08,10:45:00,4056.915,4058.015,4053.545,4055.335,0.1916
1783507800000,2026-07-08,10:50:00,4055.645,4057.065,4052.715,4056.265,0.1878
1783508100000,2026-07-08,10:55:00,4056.265,4057.035,4052.865,4052.905,0.1466
1783508400000,2026-07-08,11:00:00,4052.945,4056.995,4050.325,4053.825,0.1798
1783508700000,2026-07-08,11:05:00,4053.785,4054.665,4048.645,4049.225,0.182
1783509000000,2026-07-08,11:10:00,4049.595,4051.975,4047.625,4050.145,0.1769
1783509300000,2026-07-08,11:15:00,4050.115,4054.135,4050.015,4051.925,0.1702
1783509600000,2026-07-08,11:20:00,4051.825,4053.875,4047.155,4050.215,0.2133
1783509900000,2026-07-08,11:25:00,4050.245,4051.755,4049.115,4049.795,0.1798
1783510200000,2026-07-08,11:30:00,4049.715,4050.625,4045.635,4046.945,0.1969
1783510500000,2026-07-08,11:35:00,4046.945,4047.705,4041.135,4042.275,0.221
1783510800000,2026-07-08,11:40:00,4042.275,4065.785,4042.195,4064.085,0.2043
1783511100000,2026-07-08,11:45:00,4064.105,4072.425,4060.475,4061.675,0.3135
1783511400000,2026-07-08,11:50:00,4061.695,4063.485,4058.725,4062.305,0.2417
1783511700000,2026-07-08,11:55:00,4062.135,4064.335,4059.045,4061.785,0.2377
1783512000000,2026-07-08,12:00:00,4061.655,4066.015,4058.385,4063.895,0.2737
1783512300000,2026-07-08,12:05:00,4063.905,4069.215,4063.415,4068.985,0.2453
1783512600000,2026-07-08,12:10:00,4068.995,4073.445,4068.455,4071.695,0.2125
1783512900000,2026-07-08,12:15:00,4071.725,4077.225,4068.465,4075.145,0.2564
1783513200000,2026-07-08,12:20:00,4075.025,4076.565,4065.435,4066.825,0.2311
1783513500000,2026-07-08,12:25:00,4066.975,4071.975,4066.745,4070.455,0.2582
1783513800000,2026-07-08,12:30:00,4070.485,4073.835,4067.855,4072.835,0.2644
1783514100000,2026-07-08,12:35:00,4072.805,4073.265,4067.555,4072.875,0.2284
1783514400000,2026-07-08,12:40:00,4072.845,4078.115,4071.135,4077.925,0.1887
1783514700000,2026-07-08,12:45:00,4077.905,4083.035,4075.865,4082.205,0.2144
1783515000000,2026-07-08,12:50:00,4082.245,4086.245,4081.695,4083.715,0.2018
1783515300000,2026-07-08,12:55:00,4083.615,4085.265,4070.485,4071.965,0.2797
1783515600000,2026-07-08,13:00:00,4072.155,4079.525,4069.915,4079.115,0.3029
1783515900000,2026-07-08,13:05:00,4079.115,4082.685,4072.235,4074.035,0.2837
1783516200000,2026-07-08,13:10:00,4074.035,4075.915,4069.415,4071.725,0.2717
1783516500000,2026-07-08,13:15:00,4071.885,4075.565,4071.295,4071.765,0.2758
1783516800000,2026-07-08,13:20:00,4071.715,4075.785,4067.775,4071.415,0.2554
1783517100000,2026-07-08,13:25:00,4071.085,4074.665,4063.835,4066.405,0.2587
1783517400000,2026-07-08,13:30:00,4066.365,4079.835,4066.365,4077.235,0.3191
1783517700000,2026-07-08,13:35:00,4077.285,4080.075,4072.465,4078.875,0.3356
1783518000000,2026-07-08,13:40:00,4079.025,4080.055,4070.105,4072.965,0.3166
1783518300000,2026-07-08,13:45:00,4073.045,4078.975,4069.175,4069.315,0.3079
1783518600000,2026-07-08,13:50:00,4069.205,4073.345,4068.095,4069.705,0.3222
1783518900000,2026-07-08,13:55:00,4069.725,4072.835,4068.745,4070.595,0.3172
1783519200000,2026-07-08,14:00:00,4070.135,4071.335,4063.395,4066.115,0.3057
1783519500000,2026-07-08,14:05:00,4066.015,4068.675,4060.815,4063.495,0.303
1783519800000,2026-07-08,14:10:00,4063.485,4064.855,4056.565,4057.115,0.3016
1783520100000,2026-07-08,14:15:00,4057.115,4061.375,4051.165,4054.415,0.3239
1783520400000,2026-07-08,14:20:00,4054.355,4061.815,4052.565,4059.675,0.3136
1783520700000,2026-07-08,14:25:00,4059.645,4065.275,4058.415,4059.925,0.3193
1783521000000,2026-07-08,14:30:00,4059.905,4061.165,4051.675,4055.035,0.3194
1783521300000,2026-07-08,14:35:00,4055.035,4055.575,4041.695,4042.975,0.3168
1783521600000,2026-07-08,14:40:00,4042.915,4048.935,4034.215,4036.015,0.3155
1783521900000,2026-07-08,14:45:00,4036.075,4040.125,4033.475,4035.495,0.3307
1783522200000,2026-07-08,14:50:00,4035.495,4046.175,4034.185,4044.215,0.3603
1783522500000,2026-07-08,14:55:00,4044.155,4045.295,4039.845,4040.735,0.3375
1783522800000,2026-07-08,15:00:00,4040.665,4041.585,4035.405,4037.145,0.3771
1783523100000,2026-07-08,15:05:00,4037.075,4043.605,4036.995,4039.685,0.3381
1783523400000,2026-07-08,15:10:00,4039.625,4042.145,4033.325,4033.605,0.3262
1783523700000,2026-07-08,15:15:00,4033.655,4034.815,4027.295,4031.615,0.3427
1783524000000,2026-07-08,15:20:00,4031.595,4035.865,4025.945,4025.965,0.3253
1783524300000,2026-07-08,15:25:00,4025.935,4032.295,4025.925,4030.625,0.3287
1783524600000,2026-07-08,15:30:00,4030.705,4032.015,4021.525,4024.955,0.2924
1783524900000,2026-07-08,15:35:00,4024.955,4031.865,4023.775,4029.105,0.3221
1783525200000,2026-07-08,15:40:00,4029.075,4033.395,4028.575,4032.625,0.3083
1783525500000,2026-07-08,15:45:00,4032.605,4034.325,4029.435,4033.865,0.2924
1783525800000,2026-07-08,15:50:00,4033.725,4038.235,4033.365,4034.405,0.2737
1783526100000,2026-07-08,15:55:00,4034.415,4034.945,4030.395,4033.815,0.2614
1783526400000,2026-07-08,16:00:00,4033.945,4037.315,4032.945,4036.355,0.298
1783526700000,2026-07-08,16:05:00,4036.315,4040.335,4036.065,4039.335,0.2828
1783527000000,2026-07-08,16:10:00,4039.365,4042.705,4038.065,4039.085,0.278
1783527300000,2026-07-08,16:15:00,4039.155,4041.225,4037.425,4040.555,0.2434
1783527600000,2026-07-08,16:20:00,4040.535,4041.705,4037.525,4038.115,0.2431
1783527900000,2026-07-08,16:25:00,4038.115,4044.725,4037.935,4043.595,0.2144
1783528200000,2026-07-08,16:30:00,4043.625,4046.945,4041.245,4041.505,0.2208
1783528500000,2026-07-08,16:35:00,4041.555,4046.025,4039.135,4044.585,0.2068
1783528800000,2026-07-08,16:40:00,4044.515,4057.265,4042.855,4056.375,0.3271
1783529100000,2026-07-08,16:45:00,4056.405,4058.955,4053.275,4058.015,0.282
1783529400000,2026-07-08,16:50:00,4058.015,4062.605,4057.275,4062.155,0.2669
1783529700000,2026-07-08,16:55:00,4062.315,4064.345,4060.995,4063.395,0.2397
1783530000000,2026-07-08,17:00:00,4063.385,4063.775,4059.375,4060.705,0.235
1783530300000,2026-07-08,17:05:00,4060.725,4068.885,4060.415,4065.035,0.2776
1783530600000,2026-07-08,17:10:00,4065.115,4070.135,4063.405,4065.045,0.2573
1783530900000,2026-07-08,17:15:00,4064.555,4067.055,4063.065,4066.055,0.225
1783531200000,2026-07-08,17:20:00,4066.005,4070.835,4065.025,4068.955,0.2788
1783531500000,2026-07-08,17:25:00,4068.915,4073.865,4068.765,4072.905,0.2668
1783531800000,2026-07-08,17:30:00,4072.865,4076.115,4071.085,4071.935,0.2593
1783532100000,2026-07-08,17:35:00,4071.915,4072.805,4069.345,4070.455,0.2059
1783532400000,2026-07-08,17:40:00,4070.405,4071.045,4068.595,4069.685,0.1954
1783532700000,2026-07-08,17:45:00,4069.685,4069.995,4066.885,4067.555,0.1827
1783533000000,2026-07-08,17:50:00,4067.625,4069.675,4066.315,4067.465,0.2009
1783533300000,2026-07-08,17:55:00,4067.495,4067.695,4064.175,4064.325,0.1682
1783533600000,2026-07-08,18:00:00,4064.325,4075.015,4063.075,4068.895,0.214
1783533900000,2026-07-08,18:05:00,4068.945,4070.475,4065.995,4067.615,0.2212
1783534200000,2026-07-08,18:10:00,4067.365,4075.445,4066.435,4074.955,0.2423
1783534500000,2026-07-08,18:15:00,4074.905,4074.995,4069.605,4071.525,0.2161
1783534800000,2026-07-08,18:20:00,4071.495,4071.495,4068.015,4069.195,0.1692
1783535100000,2026-07-08,18:25:00,4069.135,4071.935,4067.255,4069.435,0.2262
1783535400000,2026-07-08,18:30:00,4069.415,4071.135,4066.815,4069.425,0.1938
1783535700000,2026-07-08,18:35:00,4069.445,4075.275,4068.755,4074.965,0.241
1783536000000,2026-07-08,18:40:00,4074.905,4079.325,4074.495,4079.155,0.2097
1783536300000,2026-07-08,18:45:00,4079.115,4091.245,4078.545,4090.535,0.2492
1783536600000,2026-07-08,18:50:00,4090.505,4091.225,4084.165,4085.695,0.1744
1783536900000,2026-07-08,18:55:00,4085.735,4085.735,4082.135,4084.045,0.1562
1783537200000,2026-07-08,19:00:00,4084.075,4090.745,4084.075,4086.835,0.2063
1783537500000,2026-07-08,19:05:00,4086.805,4089.725,4085.955,4089.085,0.2217
1783537800000,2026-07-08,19:10:00,4089.095,4090.255,4085.405,4087.215,0.1663
1783538100000,2026-07-08,19:15:00,4087.285,4087.765,4084.445,4086.425,0.1589
1783538400000,2026-07-08,19:20:00,4086.455,4087.555,4085.525,4086.955,0.1672
1783538700000,2026-07-08,19:25:00,4087.155,4088.315,4084.655,4087.955,0.175
1783539000000,2026-07-08,19:30:00,4087.995,4091.075,4086.245,4086.685,0.2027
1783539300000,2026-07-08,19:35:00,4086.665,4089.155,4086.095,4086.745,0.1441
1783539600000,2026-07-08,19:40:00,4086.705,4087.145,4083.015,4083.755,0.167
1783539900000,2026-07-08,19:45:00,4083.695,4084.145,4078.135,4078.845,0.2091
1783540200000,2026-07-08,19:50:00,4078.755,4083.095,4078.415,4083.045,0.2063
1783540500000,2026-07-08,19:55:00,4082.965,4083.205,4079.555,4079.625,0.1886
1783540800000,2026-07-08,20:00:00,4079.665,4079.905,4075.705,4079.215,0.113
1783541100000,2026-07-08,20:05:00,4078.965,4083.335,4078.475,4081.095,0.0913
1783541400000,2026-07-08,20:10:00,4081.115,4081.515,4077.765,4078.725,0.1021
1783541700000,2026-07-08,20:15:00,4078.745,4079.495,4075.505,4076.075,0.0906
1783542000000,2026-07-08,20:20:00,4076.165,4076.505,4074.025,4075.665,0.0929
1783542300000,2026-07-08,20:25:00,4075.505,4076.585,4074.285,4076.575,0.0722
1783542600000,2026-07-08,20:30:00,4076.525,4078.345,4073.125,4073.415,0.0875
1783542900000,2026-07-08,20:35:00,4073.325,4074.065,4071.195,4073.975,0.0952
1783543200000,2026-07-08,20:40:00,4074.005,4075.985,4073.555,4074.705,0.0733
1783543500000,2026-07-08,20:45:00,4074.615,4075.785,4073.935,4074.985,0.0716
1783543800000,2026-07-08,20:50:00,4074.945,4079.405,4074.945,4079.195,0.0655
1783544100000,2026-07-08,20:55:00,4079.415,4079.415,4073.625,4073.925,0.0492
1783548000000,2026-07-08,22:00:00,4072.645,4079.355,4071.915,4073.425,0.068
1783548300000,2026-07-08,22:05:00,4073.465,4079.395,4073.435,4077.105,0.035
1783548600000,2026-07-08,22:10:00,4076.995,4078.825,4076.075,4076.675,0.0248
1783548900000,2026-07-08,22:15:00,4076.745,4078.505,4075.225,4075.585,0.0354
1783549200000,2026-07-08,22:20:00,4075.555,4075.685,4073.355,4074.335,0.0399
1783549500000,2026-07-08,22:25:00,4074.325,4075.675,4073.135,4074.115,0.0438
1783549800000,2026-07-08,22:30:00,4074.135,4077.075,4072.985,4076.075,0.0518
1783550100000,2026-07-08,22:35:00,4076.115,4077.745,4074.875,4076.885,0.0457
1783550400000,2026-07-08,22:40:00,4076.905,4078.885,4075.925,4076.155,0.0445
1783550700000,2026-07-08,22:45:00,4076.185,4079.305,4074.305,4078.955,0.0423
1783551000000,2026-07-08,22:50:00,4078.955,4079.745,4075.565,4077.825,0.0298
1783551300000,2026-07-08,22:55:00,4077.725,4078.065,4072.865,4073.095,0.0242
1783551600000,2026-07-08,23:00:00,4073.435,4073.435,4070.305,4071.895,0.0069
1783551900000,2026-07-08,23:05:00,4072.155,4073.685,4071.915,4073.455,0.0031
1783552200000,2026-07-08,23:10:00,4076.815,4077.145,4073.025,4076.645,0.0233
1783552500000,2026-07-08,23:15:00,4076.725,4076.885,4075.365,4075.425,0.0234
1783552800000,2026-07-08,23:20:00,4075.315,4075.995,4075.105,4075.335,0.0256
1783553100000,2026-07-08,23:25:00,4075.355,4077.785,4075.295,4077.405,0.0292
1783553400000,2026-07-08,23:30:00,4077.375,4077.375,4074.275,4075.135,0.0383
1783553700000,2026-07-08,23:35:00,4075.315,4076.885,4074.905,4076.265,0.0386
1783554000000,2026-07-08,23:40:00,4076.185,4076.885,4071.585,4074.715,0.0463
1783554300000,2026-07-08,23:45:00,4074.765,4076.025,4071.705,4072.365,0.0576
1783554600000,2026-07-08,23:50:00,4072.395,4076.895,4071.935,4075.465,0.0521
1783554900000,2026-07-08,23:55:00,4075.495,4077.385,4074.725,4075.925,0.0643
1783555200000,2026-07-09,00:00:00,4075.735,4080.805,4075.735,4080.045,0.1488
1783555500000,2026-07-09,00:05:00,4080.145,4082.475,4077.175,4077.225,0.1347
1783555800000,2026-07-09,00:10:00,4077.185,4087.625,4077.185,4087.405,0.1418
1783556100000,2026-07-09,00:15:00,4087.445,4089.775,4082.585,4083.575,0.1048
1783556400000,2026-07-09,00:20:00,4083.685,4085.265,4074.425,4077.065,0.1077
1783556700000,2026-07-09,00:25:00,4077.035,4077.935,4073.575,4077.775,0.1279
1783557000000,2026-07-09,00:30:00,4077.805,4081.225,4076.615,4078.145,0.1265
1783557300000,2026-07-09,00:35:00,4078.225,4081.675,4076.085,4078.945,0.1225
1783557600000,2026-07-09,00:40:00,4079.025,4079.875,4075.145,4076.645,0.0954
1783557900000,2026-07-09,00:45:00,4076.615,4078.535,4074.665,4076.975,0.0972
1783558200000,2026-07-09,00:50:00,4076.935,4077.525,4070.075,4070.455,0.1027
1783558500000,2026-07-09,00:55:00,4070.495,4075.015,4070.445,4073.885,0.107
1783558800000,2026-07-09,01:00:00,4073.525,4078.605,4064.435,4066.995,0.2096
1783559100000,2026-07-09,01:05:00,4067.025,4073.885,4066.645,4073.275,0.1646
1783559400000,2026-07-09,01:10:00,4073.255,4076.285,4071.745,4074.025,0.1599
1783559700000,2026-07-09,01:15:00,4073.985,4076.395,4070.935,4073.935,0.1538
1783560000000,2026-07-09,01:20:00,4073.955,4075.905,4069.765,4072.515,0.1585
1783560300000,2026-07-09,01:25:00,4072.895,4073.385,4066.415,4066.445,0.1971
1783560600000,2026-07-09,01:30:00,4066.625,4073.175,4062.035,4071.405,0.2484
1783560900000,2026-07-09,01:35:00,4071.475,4073.705,4070.415,4072.165,0.2337
1783561200000,2026-07-09,01:40:00,4072.015,4074.935,4070.465,4073.155,0.1856
1783561500000,2026-07-09,01:45:00,4073.255,4075.935,4072.345,4073.595,0.1928
1783561800000,2026-07-09,01:50:00,4073.575,4074.215,4068.855,4069.505,0.1997
1783562100000,2026-07-09,01:55:00,4069.535,4072.765,4068.575,4072.525,0.17
1783562400000,2026-07-09,02:00:00,4072.525,4076.165,4071.775,4074.455,0.2482
1783562700000,2026-07-09,02:05:00,4074.495,4075.825,4073.495,4074.855,0.1965
1783563000000,2026-07-09,02:10:00,4074.735,4079.165,4074.735,4078.175,0.1832
1783563300000,2026-07-09,02:15:00,4078.165,4080.965,4076.475,4079.865,0.1109
1783563600000,2026-07-09,02:20:00,4079.775,4079.925,4077.285,4078.695,0.1031
1783563900000,2026-07-09,02:25:00,4078.635,4082.425,4078.635,4080.205,0.151
1783564200000,2026-07-09,02:30:00,4080.185,4081.735,4071.675,4071.965,0.2079
1783564500000,2026-07-09,02:35:00,4072.015,4074.165,4069.985,4073.015,0.1747
1783564800000,2026-07-09,02:40:00,4072.985,4074.325,4069.695,4070.535,0.1558
1783565100000,2026-07-09,02:45:00,4070.505,4071.675,4068.165,4068.895,0.1741
1783565400000,2026-07-09,02:50:00,4068.815,4068.815,4065.435,4067.425,0.2056
1783565700000,2026-07-09,02:55:00,4067.455,4068.875,4064.075,4064.735,0.2037
1783566000000,2026-07-09,03:00:00,4064.655,4067.375,4063.835,4066.675,0.1969
1783566300000,2026-07-09,03:05:00,4066.675,4066.865,4059.295,4060.435,0.2252
1783566600000,2026-07-09,03:10:00,4060.425,4060.965,4055.115,4058.855,0.237
1783566900000,2026-07-09,03:15:00,4058.925,4058.935,4054.035,4055.495,0.1869
1783567200000,2026-07-09,03:20:00,4055.405,4059.075,4053.985,4058.955,0.2004
1783567500000,2026-07-09,03:25:00,4058.955,4060.955,4057.095,4057.595,0.171
1783567800000,2026-07-09,03:30:00,4057.885,4063.425,4056.065,4062.535,0.1538
1783568100000,2026-07-09,03:35:00,4062.435,4063.025,4059.495,4060.325,0.1211
1783568400000,2026-07-09,03:40:00,4060.385,4061.655,4058.905,4061.605,0.1383
1783568700000,2026-07-09,03:45:00,4061.875,4062.825,4060.875,4061.275,0.1162
1783569000000,2026-07-09,03:50:00,4061.215,4063.335,4060.885,4062.605,0.1062
1783569300000,2026-07-09,03:55:00,4062.695,4063.825,4061.305,4063.825,0.1059
1783569600000,2026-07-09,04:00:00,4063.825,4064.215,4058.585,4060.985,0.1364
1783569900000,2026-07-09,04:05:00,4060.985,4062.755,4060.935,4061.825,0.1193
1783570200000,2026-07-09,04:10:00,4061.795,4063.745,4060.275,4060.295,0.1187
1783570500000,2026-07-09,04:15:00,4060.245,4060.395,4057.055,4057.465,0.1328
1783570800000,2026-07-09,04:20:00,4057.705,4060.795,4057.345,4059.655,0.109
1783571100000,2026-07-09,04:25:00,4059.745,4060.195,4058.115,4058.635,0.1162
1783571400000,2026-07-09,04:30:00,4058.705,4064.235,4058.575,4062.895,0.1356
1783571700000,2026-07-09,04:35:00,4062.745,4064.235,4060.945,4063.575,0.1022
1783572000000,2026-07-09,04:40:00,4063.575,4063.575,4056.185,4057.565,0.1431
1783572300000,2026-07-09,04:45:00,4057.565,4061.235,4056.105,4061.155,0.12
1783572600000,2026-07-09,04:50:00,4061.175,4062.735,4059.215,4062.645,0.1053
1783572900000,2026-07-09,04:55:00,4062.675,4064.355,4062.085,4064.235,0.0842
1783573200000,2026-07-09,05:00:00,4064.155,4071.625,4063.405,4066.015,0.1822
1783573500000,2026-07-09,05:05:00,4066.015,4068.865,4066.015,4067.835,0.1471
1783573800000,2026-07-09,05:10:00,4067.835,4075.725,4067.565,4073.335,0.2366
1783574100000,2026-07-09,05:15:00,4073.305,4073.595,4067.775,4067.775,0.2191
1783574400000,2026-07-09,05:20:00,4067.775,4069.545,4066.605,4068.415,0.1405
1783574700000,2026-07-09,05:25:00,4068.305,4072.225,4067.755,4071.925,0.1442
1783575000000,2026-07-09,05:30:00,4071.935,4073.592,4064.445,4071.355,0.2222
1783575300000,2026-07-09,05:35:00,4071.405,4076.865,4069.175,4075.605,0.2326
1783575600000,2026-07-09,05:40:00,4075.605,4075.975,4073.515,4075.295,0.1948
1783575900000,2026-07-09,05:45:00,4075.395,4079.445,4073.565,4079.265,0.1956
1783576200000,2026-07-09,05:50:00,4079.245,4082.405,4078.155,4079.655,0.221
1783576500000,2026-07-09,05:55:00,4079.555,4084.035,4078.235,4081.715,0.1999
1783576800000,2026-07-09,06:00:00,4081.715,4099.475,4081.145,4092.545,0.2534
1783577100000,2026-07-09,06:05:00,4092.725,4093.145,4087.935,4088.785,0.2122
1783577400000,2026-07-09,06:10:00,4088.875,4092.585,4088.085,4091.795,0.1871
1783577700000,2026-07-09,06:15:00,4091.795,4095.675,4091.245,4093.845,0.2017
1783578000000,2026-07-09,06:20:00,4093.825,4100.455,4092.925,4097.415,0.2535
1783578300000,2026-07-09,06:25:00,4097.425,4102.965,4097.275,4102.065,0.1587
1783578600000,2026-07-09,06:30:00,4101.975,4106.795,4099.035,4103.955,0.1367
1783578900000,2026-07-09,06:35:00,4103.915,4105.775,4098.115,4098.115,0.1205
1783579200000,2026-07-09,06:40:00,4098.355,4102.875,4095.545,4102.595,0.1082
1783579500000,2026-07-09,06:45:00,4102.615,4104.655,4102.165,4103.225,0.0868
1783579800000,2026-07-09,06:50:00,4103.045,4104.975,4102.565,4103.565,0.082
1783580100000,2026-07-09,06:55:00,4103.545,4107.835,4102.865,4107.575,0.1532
1783580400000,2026-07-09,07:00:00,4107.625,4109.825,4105.755,4106.135,0.1639
1783580700000,2026-07-09,07:05:00,4106.145,4106.815,4102.715,4105.485,0.145
1783581000000,2026-07-09,07:10:00,4105.395,4106.135,4101.215,4101.405,0.1524
1783581300000,2026-07-09,07:15:00,4101.375,4104.915,4101.345,4104.315,0.1238
1783581600000,2026-07-09,07:20:00,4104.345,4105.705,4102.835,4105.455,0.1261
1783581900000,2026-07-09,07:25:00,4105.585,4109.775,4104.475,4108.635,0.1271
1783582200000,2026-07-09,07:30:00,4108.665,4108.945,4103.535,4106.595,0.1261
1783582500000,2026-07-09,07:35:00,4106.545,4109.175,4105.815,4108.025,0.1061
1783582800000,2026-07-09,07:40:00,4107.995,4110.715,4107.285,4108.765,0.1163
1783583100000,2026-07-09,07:45:00,4108.875,4110.785,4106.015,4110.375,0.1242
1783583400000,2026-07-09,07:50:00,4110.275,4110.905,4108.035,4108.055,0.1069
1783583700000,2026-07-09,07:55:00,4108.075,4108.155,4104.515,4107.675,0.128
1783584000000,2026-07-09,08:00:00,4107.625,4109.355,4105.005,4106.735,0.1788
1783584300000,2026-07-09,08:05:00,4106.755,4110.375,4106.215,4109.425,0.1483
1783584600000,2026-07-09,08:10:00,4109.385,4109.435,4105.035,4107.785,0.1335
1783584900000,2026-07-09,08:15:00,4107.805,4112.625,4107.495,4108.535,0.1323
1783585200000,2026-07-09,08:20:00,4108.575,4117.515,4108.575,4115.505,0.1605
1783585500000,2026-07-09,08:25:00,4115.545,4115.745,4113.755,4114.535,0.1055
1783585800000,2026-07-09,08:30:00,4114.585,4116.425,4109.925,4110.205,0.1217
1783586100000,2026-07-09,08:35:00,4110.245,4115.165,4110.245,4114.465,0.0903
1783586400000,2026-07-09,08:40:00,4114.565,4114.975,4112.715,4113.195,0.1178
1783586700000,2026-07-09,08:45:00,4113.235,4113.505,4107.625,4109.535,0.1165
1783587000000,2026-07-09,08:50:00,4109.585,4110.835,4108.955,4109.615,0.107
1783587300000,2026-07-09,08:55:00,4109.665,4110.635,4107.415,4108.105,0.1134
1783587600000,2026-07-09,09:00:00,4108.085,4108.765,4106.185,4108.645,0.1122
1783587900000,2026-07-09,09:05:00,4108.565,4109.425,4105.575,4106.355,0.1106
1783588200000,2026-07-09,09:10:00,4106.315,4109.225,4106.085,4108.365,0.1162
1783588500000,2026-07-09,09:15:00,4108.275,4111.725,4107.545,4110.065,0.1062
1783588800000,2026-07-09,09:20:00,4110.015,4112.105,4107.155,4107.515,0.1015
1783589100000,2026-07-09,09:25:00,4107.555,4108.915,4107.155,4108.295,0.1076
1783589400000,2026-07-09,09:30:00,4108.295,4109.905,4104.685,4105.505,0.1498
1783589700000,2026-07-09,09:35:00,4105.615,4107.715,4105.155,4105.805,0.1053
1783590000000,2026-07-09,09:40:00,4105.855,4106.045,4102.965,4103.675,0.1278
1783590300000,2026-07-09,09:45:00,4103.425,4105.015,4102.895,4104.975,0.0922
1783590600000,2026-07-09,09:50:00,4105.055,4106.185,4103.645,4105.745,0.0959
1783590900000,2026-07-09,09:55:00,4105.755,4107.285,4104.925,4105.965,0.0939
1783591200000,2026-07-09,10:00:00,4105.985,4109.795,4103.785,4109.735,0.0971
1783591500000,2026-07-09,10:05:00,4109.685,4109.685,4104.685,4106.635,0.0979
1783591800000,2026-07-09,10:10:00,4106.605,4107.735,4104.745,4104.945,0.0906
1783592100000,2026-07-09,10:15:00,4104.915,4106.345,4104.505,4104.835,0.0885
1783592400000,2026-07-09,10:20:00,4104.805,4105.575,4104.275,4104.755,0.0729
1783592700000,2026-07-09,10:25:00,4104.755,4105.115,4103.815,4103.965,0.0959
1783593000000,2026-07-09,10:30:00,4104.035,4105.055,4102.135,4104.305,0.1157
1783593300000,2026-07-09,10:35:00,4104.195,4105.225,4103.185,4104.165,0.0739
1783593600000,2026-07-09,10:40:00,4104.195,4104.375,4102.645,4103.165,0.0921
1783593900000,2026-07-09,10:45:00,4103.105,4104.285,4099.025,4100.755,0.1371
1783594200000,2026-07-09,10:50:00,4100.425,4100.875,4094.265,4097.095,0.1686
1783594500000,2026-07-09,10:55:00,4097.085,4099.145,4093.515,4098.755,0.1591
1783594800000,2026-07-09,11:00:00,4098.715,4103.665,4097.625,4103.145,0.1488
1783595100000,2026-07-09,11:05:00,4103.125,4103.185,4100.335,4102.205,0.1293
1783595400000,2026-07-09,11:10:00,4102.185,4105.025,4101.425,4104.875,0.1343
1783595700000,2026-07-09,11:15:00,4104.745,4106.965,4103.805,4104.805,0.1106
1783596000000,2026-07-09,11:20:00,4104.785,4105.245,4098.985,4099.675,0.1363
1783596300000,2026-07-09,11:25:00,4099.645,4101.375,4098.655,4100.185,0.0934
1783596600000,2026-07-09,11:30:00,4099.955,4102.465,4099.715,4100.935,0.1208
1783596900000,2026-07-09,11:35:00,4100.895,4105.275,4098.595,4105.195,0.1109
1783597200000,2026-07-09,11:40:00,4105.265,4109.165,4104.565,4106.075,0.1201
1783597500000,2026-07-09,11:45:00,4106.055,4107.725,4104.815,4105.925,0.1046
1783597800000,2026-07-09,11:50:00,4105.805,4107.575,4104.345,4107.145,0.0985
1783598100000,2026-07-09,11:55:00,4107.075,4110.255,4106.895,4108.465,0.1187
1783598400000,2026-07-09,12:00:00,4108.435,4109.815,4105.685,4107.545,0.1464
1783598700000,2026-07-09,12:05:00,4107.575,4119.835,4105.985,4115.175,0.1849
1783599000000,2026-07-09,12:10:00,4115.255,4116.855,4112.025,4112.375,0.1607
1783599300000,2026-07-09,12:15:00,4112.495,4113.165,4107.135,4107.775,0.1401
1783599600000,2026-07-09,12:20:00,4107.785,4108.475,4105.025,4106.685,0.1824
1783599900000,2026-07-09,12:25:00,4106.915,4109.495,4104.915,4106.815,0.1111
1783600200000,2026-07-09,12:30:00,4106.885,4115.915,4106.795,4115.885,0.1552
1783600500000,2026-07-09,12:35:00,4115.965,4121.245,4114.595,4120.545,0.1943
1783600800000,2026-07-09,12:40:00,4120.615,4122.405,4112.575,4112.865,0.167
1783601100000,2026-07-09,12:45:00,4112.895,4113.215,4110.875,4112.235,0.1491
1783601400000,2026-07-09,12:50:00,4112.195,4114.305,4110.225,4111.215,0.1958
1783601700000,2026-07-09,12:55:00,4111.125,4112.265,4107.125,4107.485,0.1823
1783602000000,2026-07-09,13:00:00,4107.565,4114.305,4106.475,4111.615,0.2833
1783602300000,2026-07-09,13:05:00,4111.645,4117.245,4110.675,4116.045,0.2617
1783602600000,2026-07-09,13:10:00,4116.115,4120.965,4115.505,4120.395,0.2593
1783602900000,2026-07-09,13:15:00,4120.455,4126.805,4119.105,4120.045,0.2831
1783603200000,2026-07-09,13:20:00,4120.415,4125.105,4118.135,4125.105,0.231
1783603500000,2026-07-09,13:25:00,4125.075,4126.995,4123.225,4125.875,0.2358
1783603800000,2026-07-09,13:30:00,4126.055,4128.965,4119.485,4125.375,0.3586
1783604100000,2026-07-09,13:35:00,4125.525,4127.815,4122.135,4124.885,0.3124
1783604400000,2026-07-09,13:40:00,4124.885,4129.255,4121.425,4127.115,0.3014
1783604700000,2026-07-09,13:45:00,4127.115,4127.405,4121.115,4123.405,0.3089
1783605000000,2026-07-09,13:50:00,4123.405,4126.495,4118.495,4118.545,0.2891
1783605300000,2026-07-09,13:55:00,4118.555,4122.645,4117.515,4121.445,0.2293
1783605600000,2026-07-09,14:00:00,4121.405,4134.685,4121.125,4131.105,0.2917
1783605900000,2026-07-09,14:05:00,4131.105,4135.585,4125.615,4126.025,0.3051
1783606200000,2026-07-09,14:10:00,4126.025,4126.665,4120.095,4121.975,0.2872
1783606500000,2026-07-09,14:15:00,4121.995,4122.015,4115.765,4117.395,0.2693
1783606800000,2026-07-09,14:20:00,4117.255,4123.355,4113.885,4123.055,0.268
1783607100000,2026-07-09,14:25:00,4123.145,4125.475,4121.405,4124.585,0.213
1783607400000,2026-07-09,14:30:00,4124.505,4125.085,4120.695,4124.325,0.2137
1783607700000,2026-07-09,14:35:00,4124.675,4126.475,4121.125,4122.825,0.2135
1783608000000,2026-07-09,14:40:00,4122.855,4124.325,4120.255,4123.875,0.1824
1783608300000,2026-07-09,14:45:00,4123.915,4125.155,4119.335,4119.335,0.1636
1783608600000,2026-07-09,14:50:00,4119.365,4124.285,4117.905,4123.725,0.2038
1783608900000,2026-07-09,14:55:00,4123.585,4127.955,4122.465,4127.575,0.1935
1783609200000,2026-07-09,15:00:00,4127.545,4128.175,4124.765,4126.185,0.1906
1783609500000,2026-07-09,15:05:00,4126.225,4130.505,4124.795,4126.185,0.1805
1783609800000,2026-07-09,15:10:00,4126.235,4127.035,4124.485,4124.725,0.134
1783610100000,2026-07-09,15:15:00,4124.755,4127.705,4124.755,4127.295,0.1697
1783610400000,2026-07-09,15:20:00,4127.335,4130.645,4124.555,4129.355,0.1657
1783610700000,2026-07-09,15:25:00,4129.305,4130.325,4126.735,4127.655,0.1509
1783611000000,2026-07-09,15:30:00,4127.675,4128.265,4125.875,4126.765,0.1533
1783611300000,2026-07-09,15:35:00,4126.735,4130.115,4126.255,4130.115,0.1517
1783611600000,2026-07-09,15:40:00,4130.045,4131.155,4128.235,4129.925,0.1463
1783611900000,2026-07-09,15:45:00,4130.125,4132.565,4128.305,4128.965,0.1603
1783612200000,2026-07-09,15:50:00,4128.985,4131.065,4125.985,4127.215,0.1621
1783612500000,2026-07-09,15:55:00,4127.175,4128.335,4126.105,4126.655,0.1273
1783612800000,2026-07-09,16:00:00,4126.515,4129.245,4125.565,4125.565,0.1339
1783613100000,2026-07-09,16:05:00,4125.785,4128.765,4125.345,4128.485,0.1253
1783613400000,2026-07-09,16:10:00,4128.605,4131.075,4127.415,4130.055,0.1396
1783613700000,2026-07-09,16:15:00,4130.105,4132.835,4128.835,4129.365,0.1799
1783614000000,2026-07-09,16:20:00,4129.265,4131.255,4128.655,4130.345,0.1421
1783614300000,2026-07-09,16:25:00,4130.285,4132.575,4128.525,4132.525,0.1278
1783614600000,2026-07-09,16:30:00,4132.355,4138.175,4131.765,4134.365,0.1831
1783614900000,2026-07-09,16:35:00,4134.295,4135.785,4131.325,4132.555,0.1523
1783615200000,2026-07-09,16:40:00,4132.585,4133.905,4131.755,4132.975,0.1122
1783615500000,2026-07-09,16:45:00,4133.195,4134.185,4130.845,4130.845,0.107
1783615800000,2026-07-09,16:50:00,4130.925,4133.505,4130.495,4132.945,0.1037
1783616100000,2026-07-09,16:55:00,4133.015,4133.075,4127.765,4127.765,0.1309
1783616400000,2026-07-09,17:00:00,4127.835,4128.385,4125.865,4127.985,0.1442
1783616700000,2026-07-09,17:05:00,4127.975,4128.555,4126.365,4127.455,0.1304
1783617000000,2026-07-09,17:10:00,4127.515,4128.135,4125.315,4127.315,0.1123
1783617300000,2026-07-09,17:15:00,4127.225,4128.015,4124.715,4126.565,0.1202
1783617600000,2026-07-09,17:20:00,4126.595,4128.635,4125.335,4128.045,0.14
1783617900000,2026-07-09,17:25:00,4128.015,4131.855,4125.905,4131.325,0.2104
1783618200000,2026-07-09,17:30:00,4131.335,4133.675,4128.825,4129.665,0.1665
1783618500000,2026-07-09,17:35:00,4129.765,4134.275,4129.295,4132.985,0.1229
1783618800000,2026-07-09,17:40:00,4132.925,4133.595,4131.505,4131.975,0.1205
1783619100000,2026-07-09,17:45:00,4131.885,4138.095,4131.625,4135.795,0.1375
1783619400000,2026-07-09,17:50:00,4135.845,4137.075,4134.655,4135.025,0.1083
1783619700000,2026-07-09,17:55:00,4135.055,4136.725,4133.985,4135.955,0.1085
1783620000000,2026-07-09,18:00:00,4135.845,4136.095,4130.425,4130.935,0.1283
1783620300000,2026-07-09,18:05:00,4131.005,4131.995,4129.305,4130.355,0.11
1783620600000,2026-07-09,18:10:00,4130.325,4130.645,4127.105,4128.565,0.1077
1783620900000,2026-07-09,18:15:00,4128.615,4128.615,4126.315,4127.005,0.1061
1783621200000,2026-07-09,18:20:00,4127.105,4127.105,4123.985,4124.585,0.1103
1783621500000,2026-07-09,18:25:00,4124.615,4125.095,4122.865,4123.625,0.133
1783621800000,2026-07-09,18:30:00,4123.605,4124.994,4122.375,4123.775,0.1182
1783622100000,2026-07-09,18:35:00,4123.735,4124.255,4121.215,4122.355,0.0963
1783622400000,2026-07-09,18:40:00,4122.125,4125.275,4122.005,4125.075,0.1124
1783622700000,2026-07-09,18:45:00,4125.145,4125.395,4123.405,4123.955,0.098
1783623000000,2026-07-09,18:50:00,4124.155,4124.275,4122.295,4123.445,0.1061
1783623300000,2026-07-09,18:55:00,4123.415,4125.265,4122.785,4124.485,0.1067
1783623600000,2026-07-09,19:00:00,4124.485,4126.715,4123.125,4124.215,0.1363
1783623900000,2026-07-09,19:05:00,4124.175,4125.205,4122.945,4123.375,0.1035
1783624200000,2026-07-09,19:10:00,4123.325,4124.285,4122.715,4124.055,0.1142
1783624500000,2026-07-09,19:15:00,4124.115,4125.315,4123.355,4123.585,0.101
1783624800000,2026-07-09,19:20:00,4123.635,4124.155,4121.485,4121.645,0.1038
1783625100000,2026-07-09,19:25:00,4121.635,4121.975,4120.455,4120.845,0.1065
1783625400000,2026-07-09,19:30:00,4120.715,4121.275,4119.405,4120.475,0.1378
1783625700000,2026-07-09,19:35:00,4120.545,4122.535,4119.725,4120.495,0.1148
1783626000000,2026-07-09,19:40:00,4120.325,4121.345,4118.725,4120.175,0.1098
1783626300000,2026-07-09,19:45:00,4120.135,4122.115,4119.815,4121.985,0.1226
1783626600000,2026-07-09,19:50:00,4121.945,4123.535,4120.595,4121.455,0.1379
1783626900000,2026-07-09,19:55:00,4121.435,4122.725,4120.375,4122.395,0.1506
1783627200000,2026-07-09,20:00:00,4122.325,4124.085,4121.065,4122.095,0.0594
1783627500000,2026-07-09,20:05:00,4122.065,4122.355,4121.015,4121.585,0.043
1783627800000,2026-07-09,20:10:00,4121.515,4121.745,4120.485,4121.295,0.0289
1783628100000,2026-07-09,20:15:00,4121.275,4121.785,4120.725,4121.605,0.0298
1783628400000,2026-07-09,20:20:00,4121.715,4122.255,4120.995,4121.555,0.0284
1783628700000,2026-07-09,20:25:00,4121.525,4121.735,4120.245,4120.825,0.0229
1783629000000,2026-07-09,20:30:00,4120.735,4123.755,4120.435,4123.665,0.0295
1783629300000,2026-07-09,20:35:00,4123.645,4125.335,4123.335,4123.695,0.0323
1783629600000,2026-07-09,20:40:00,4123.615,4124.575,4123.365,4124.315,0.0299
1783629900000,2026-07-09,20:45:00,4124.235,4124.235,4122.905,4123.515,0.0305
1783630200000,2026-07-09,20:50:00,4123.605,4123.855,4122.935,4123.645,0.0293
1783630500000,2026-07-09,20:55:00,4123.415,4124.285,4123.015,4123.365,0.032
1783634400000,2026-07-09,22:00:00,4124.065,4125.905,4123.675,4124.785,0.0394
1783634700000,2026-07-09,22:05:00,4124.795,4127.375,4121.925,4122.285,0.0426
1783635000000,2026-07-09,22:10:00,4122.235,4123.705,4121.835,4123.085,0.0297
1783635300000,2026-07-09,22:15:00,4123.125,4124.485,4122.775,4123.015,0.0265
1783635600000,2026-07-09,22:20:00,4123.035,4123.695,4122.335,4123.655,0.026
1783635900000,2026-07-09,22:25:00,4123.535,4124.395,4121.415,4122.965,0.034
1783636200000,2026-07-09,22:30:00,4123.055,4123.725,4121.545,4122.735,0.0235
1783636500000,2026-07-09,22:35:00,4122.825,4124.715,4122.435,4123.745,0.0368
1783636800000,2026-07-09,22:40:00,4123.595,4123.945,4121.695,4123.555,0.0292
1783637100000,2026-07-09,22:45:00,4123.525,4124.025,4121.525,4122.135,0.0252
1783637400000,2026-07-09,22:50:00,4122.165,4123.085,4120.885,4122.805,0.0324
1783637700000,2026-07-09,22:55:00,4122.775,4123.405,4120.415,4120.415,0.0148
1783638000000,2026-07-09,23:00:00,4120.475,4122.265,4120.205,4122.265,0.0136
1783638300000,2026-07-09,23:05:00,4122.205,4123.275,4121.625,4123.045,0.0091
1783638600000,2026-07-09,23:10:00,4123.045,4124.175,4121.925,4123.435,0.0217
1783638900000,2026-07-09,23:15:00,4123.465,4124.275,4123.395,4124.105,0.0178
1783639200000,2026-07-09,23:20:00,4124.075,4124.895,4121.425,4121.875,0.0321
1783639500000,2026-07-09,23:25:00,4121.645,4123.005,4120.895,4121.655,0.0287
1783639800000,2026-07-09,23:30:00,4121.805,4122.105,4120.005,4121.175,0.0224
1783640100000,2026-07-09,23:35:00,4121.275,4122.675,4121.175,4122.465,0.0205
1783640400000,2026-07-09,23:40:00,4122.525,4122.865,4122.035,4122.605,0.0184
1783640700000,2026-07-09,23:45:00,4122.675,4124.335,4121.225,4123.845,0.0382
1783641000000,2026-07-09,23:50:00,4123.805,4124.425,4122.305,4122.985,0.0263
1783641300000,2026-07-09,23:55:00,4122.735,4123.645,4122.355,4123.115,0.0457
1783641600000,2026-07-10,00:00:00,4123.065,4125.555,4119.265,4123.485,0.1047
1783641900000,2026-07-10,00:05:00,4123.495,4124.975,4120.755,4122.455,0.0794
1783642200000,2026-07-10,00:10:00,4122.715,4122.905,4120.725,4121.965,0.079
1783642500000,2026-07-10,00:15:00,4122.115,4123.485,4120.395,4120.465,0.0798
1783642800000,2026-07-10,00:20:00,4120.805,4122.025,4118.665,4118.875,0.0647
1783643100000,2026-07-10,00:25:00,4118.995,4119.965,4116.625,4119.235,0.0679
1783643400000,2026-07-10,00:30:00,4119.305,4119.515,4114.035,4115.615,0.0897
1783643700000,2026-07-10,00:35:00,4115.595,4119.715,4115.555,4118.855,0.0872
1783644000000,2026-07-10,00:40:00,4118.825,4123.675,4118.015,4122.895,0.0863
1783644300000,2026-07-10,00:45:00,4122.795,4125.525,4121.985,4124.025,0.0993
1783644600000,2026-07-10,00:50:00,4124.145,4126.965,4120.785,4122.545,0.0866
1783644900000,2026-07-10,00:55:00,4122.595,4128.255,4122.205,4125.965,0.1075
1783645200000,2026-07-10,01:00:00,4126.085,4130.735,4119.685,4121.835,0.1745
1783645500000,2026-07-10,01:05:00,4121.735,4126.445,4118.605,4125.315,0.2276
1783645800000,2026-07-10,01:10:00,4125.105,4126.205,4121.285,4124.765,0.1893
1783646100000,2026-07-10,01:15:00,4124.725,4127.375,4123.015,4125.865,0.2102
1783646400000,2026-07-10,01:20:00,4125.755,4125.845,4120.485,4122.195,0.1828
1783646700000,2026-07-10,01:25:00,4122.215,4122.725,4120.015,4121.295,0.1782
1783647000000,2026-07-10,01:30:00,4121.325,4123.335,4118.435,4119.665,0.1982
1783647300000,2026-07-10,01:35:00,4119.565,4120.735,4108.655,4112.385,0.2077
1783647600000,2026-07-10,01:40:00,4112.215,4113.455,4109.495,4111.405,0.1973
1783647900000,2026-07-10,01:45:00,4111.385,4114.195,4108.535,4112.955,0.2227
1783648200000,2026-07-10,01:50:00,4113.105,4116.795,4112.515,4115.825,0.2029
1783648500000,2026-07-10,01:55:00,4115.905,4121.085,4115.265,4116.495,0.1939
1783648800000,2026-07-10,02:00:00,4116.635,4118.845,4115.745,4117.825,0.1856
1783649100000,2026-07-10,02:05:00,4117.895,4126.045,4117.375,4124.615,0.1996
1783649400000,2026-07-10,02:10:00,4124.635,4128.585,4123.505,4124.525,0.1955
1783649700000,2026-07-10,02:15:00,4124.575,4127.685,4123.555,4127.015,0.1465
1783650000000,2026-07-10,02:20:00,4127.065,4127.305,4121.375,4123.645,0.1465
1783650300000,2026-07-10,02:25:00,4123.675,4125.945,4123.435,4125.395,0.1293
1783650600000,2026-07-10,02:30:00,4125.475,4128.245,4123.035,4123.055,0.1822
1783650900000,2026-07-10,02:35:00,4123.065,4124.385,4121.745,4123.565,0.1439
1783651200000,2026-07-10,02:40:00,4123.505,4126.115,4122.725,4125.375,0.1462
1783651500000,2026-07-10,02:45:00,4125.375,4125.595,4123.065,4125.445,0.148
1783651800000,2026-07-10,02:50:00,4125.445,4128.865,4125.165,4127.325,0.1593
1783652100000,2026-07-10,02:55:00,4127.385,4127.535,4125.065,4127.495,0.1111
1783652400000,2026-07-10,03:00:00,4127.305,4131.665,4126.855,4129.185,0.1695
1783652700000,2026-07-10,03:05:00,4129.155,4134.555,4128.015,4131.085,0.1936
1783653000000,2026-07-10,03:10:00,4131.255,4131.455,4125.495,4126.255,0.1571
1783653300000,2026-07-10,03:15:00,4126.215,4128.035,4125.015,4125.415,0.1165
1783653600000,2026-07-10,03:20:00,4125.785,4125.785,4120.245,4121.945,0.1631
1783653900000,2026-07-10,03:25:00,4121.775,4125.965,4121.765,4124.975,0.1425
1783654200000,2026-07-10,03:30:00,4124.745,4127.705,4123.305,4127.245,0.1216
1783654500000,2026-07-10,03:35:00,4127.335,4127.575,4122.345,4122.555,0.1071
1783654800000,2026-07-10,03:40:00,4122.505,4122.945,4120.855,4121.215,0.0762
1783655100000,2026-07-10,03:45:00,4121.185,4122.065,4120.245,4120.615,0.0685
1783655400000,2026-07-10,03:50:00,4120.645,4121.535,4119.115,4120.205,0.0913
1783655700000,2026-07-10,03:55:00,4120.205,4121.415,4119.015,4119.915,0.071
1783656000000,2026-07-10,04:00:00,4119.935,4119.955,4117.555,4119.365,0.0831
1783656300000,2026-07-10,04:05:00,4119.385,4120.315,4117.275,4117.515,0.0891
1783656600000,2026-07-10,04:10:00,4117.475,4120.635,4116.395,4120.515,0.0721
1783656900000,2026-07-10,04:15:00,4120.525,4120.905,4118.805,4119.355,0.0718
1783657200000,2026-07-10,04:20:00,4119.355,4120.125,4111.625,4113.775,0.1352
1783657500000,2026-07-10,04:25:00,4113.755,4117.535,4112.085,4117.195,0.1188
1783657800000,2026-07-10,04:30:00,4117.045,4118.265,4116.555,4117.845,0.0817
1783658100000,2026-07-10,04:35:00,4117.845,4119.385,4117.455,4119.085,0.0653
1783658400000,2026-07-10,04:40:00,4119.135,4119.355,4117.855,4118.745,0.0707
1783658700000,2026-07-10,04:45:00,4118.815,4118.925,4116.515,4117.035,0.0736
1783659000000,2026-07-10,04:50:00,4117.105,4117.235,4115.065,4116.905,0.0682
1783659300000,2026-07-10,04:55:00,4116.965,4117.525,4114.585,4114.875,0.0898
1783659600000,2026-07-10,05:00:00,4114.845,4115.425,4113.025,4114.315,0.1184
1783659900000,2026-07-10,05:05:00,4114.125,4116.025,4113.005,4113.755,0.1087
1783660200000,2026-07-10,05:10:00,4113.795,4114.285,4112.815,4113.665,0.0821
1783660500000,2026-07-10,05:15:00,4113.675,4116.815,4113.635,4116.665,0.1044
1783660800000,2026-07-10,05:20:00,4116.645,4116.655,4112.515,4113.885,0.1214
1783661100000,2026-07-10,05:25:00,4113.845,4115.765,4113.335,4113.865,0.0761
1783661400000,2026-07-10,05:30:00,4113.845,4115.125,4109.845,4112.745,0.2246
1783661700000,2026-07-10,05:35:00,4112.745,4114.265,4109.105,4109.155,0.1898
1783662000000,2026-07-10,05:40:00,4109.115,4114.315,4108.825,4113.885,0.1765
1783662300000,2026-07-10,05:45:00,4113.885,4114.175,4107.955,4111.465,0.1897
1783662600000,2026-07-10,05:50:00,4111.465,4114.525,4111.435,4113.885,0.194
1783662900000,2026-07-10,05:55:00,4113.885,4116.945,4113.035,4116.585,0.1391
1783663200000,2026-07-10,06:00:00,4116.555,4119.095,4115.305,4117.185,0.1654
1783663500000,2026-07-10,06:05:00,4117.285,4118.665,4115.835,4117.405,0.1591
1783663800000,2026-07-10,06:10:00,4117.415,4117.985,4114.455,4114.715,0.1292
1783664100000,2026-07-10,06:15:00,4114.715,4119.835,4113.495,4119.605,0.1516
1783664400000,2026-07-10,06:20:00,4119.535,4119.535,4116.115,4117.385,0.1377
1783664700000,2026-07-10,06:25:00,4117.385,4117.975,4113.795,4114.155,0.1363
1783665000000,2026-07-10,06:30:00,4114.115,4115.915,4112.005,4113.265,0.1379
1783665300000,2026-07-10,06:35:00,4113.295,4115.565,4113.185,4115.185,0.1066
1783665600000,2026-07-10,06:40:00,4115.095,4115.225,4110.865,4111.195,0.1262
1783665900000,2026-07-10,06:45:00,4111.075,4114.105,4111.075,4112.955,0.1159
1783666200000,2026-07-10,06:50:00,4112.985,4114.015,4111.515,4113.305,0.089
1783666500000,2026-07-10,06:55:00,4113.215,4113.835,4111.095,4111.355,0.0693
1783666800000,2026-07-10,07:00:00,4111.165,4112.955,4110.175,4112.295,0.0842
1783667100000,2026-07-10,07:05:00,4112.125,4113.585,4109.315,4111.165,0.061
1783667400000,2026-07-10,07:10:00,4111.095,4112.265,4108.755,4111.375,0.0733
1783667700000,2026-07-10,07:15:00,4111.285,4114.005,4108.415,4113.945,0.0916
1783668000000,2026-07-10,07:20:00,4113.995,4115.085,4112.135,4113.795,0.0619
1783668300000,2026-07-10,07:25:00,4113.795,4114.015,4111.825,4112.355,0.0696
1783668600000,2026-07-10,07:30:00,4112.335,4114.365,4111.395,4113.255,0.0796
1783668900000,2026-07-10,07:35:00,4113.255,4113.745,4110.235,4111.545,0.0893
1783669200000,2026-07-10,07:40:00,4111.575,4111.575,4105.205,4106.595,0.1001
1783669500000,2026-07-10,07:45:00,4106.675,4107.295,4104.065,4104.945,0.1268
1783669800000,2026-07-10,07:50:00,4105.045,4108.365,4104.785,4107.895,0.1168
1783670100000,2026-07-10,07:55:00,4107.975,4109.775,4105.525,4108.795,0.1118
1783670400000,2026-07-10,08:00:00,4108.705,4109.345,4103.855,4105.175,0.1756
1783670700000,2026-07-10,08:05:00,4105.175,4107.825,4104.485,4106.725,0.0975
1783671000000,2026-07-10,08:10:00,4106.855,4107.285,4105.305,4107.185,0.1023
1783671300000,2026-07-10,08:15:00,4107.185,4108.305,4106.065,4107.525,0.0963
1783671600000,2026-07-10,08:20:00,4107.445,4108.635,4104.925,4104.985,0.0997
1783671900000,2026-07-10,08:25:00,4105.035,4105.785,4103.105,4104.165,0.1223
1783672200000,2026-07-10,08:30:00,4104.195,4105.535,4101.785,4101.915,0.117
1783672500000,2026-07-10,08:35:00,4101.955,4102.895,4099.255,4102.585,0.1102
1783672800000,2026-07-10,08:40:00,4102.605,4102.755,4099.705,4101.615,0.0945
1783673100000,2026-07-10,08:45:00,4101.515,4101.675,4094.585,4095.565,0.1231
1783673400000,2026-07-10,08:50:00,4095.585,4098.465,4095.485,4096.905,0.1026
1783673700000,2026-07-10,08:55:00,4096.395,4098.375,4095.835,4097.745,0.1146
1783674000000,2026-07-10,09:00:00,4097.675,4100.245,4094.215,4098.265,0.1522
1783674300000,2026-07-10,09:05:00,4098.265,4099.795,4098.115,4099.025,0.0867
1783674600000,2026-07-10,09:10:00,4098.975,4100.595,4096.665,4100.595,0.0941
1783674900000,2026-07-10,09:15:00,4100.555,4102.415,4099.915,4101.285,0.0952
1783675200000,2026-07-10,09:20:00,4101.255,4102.025,4099.725,4102.025,0.0825
1783675500000,2026-07-10,09:25:00,4102.025,4103.235,4100.215,4102.635,0.0799
1783675800000,2026-07-10,09:30:00,4102.575,4102.675,4100.355,4101.725,0.0858
1783676100000,2026-07-10,09:35:00,4101.635,4102.405,4098.245,4101.125,0.0988
1783676400000,2026-07-10,09:40:00,4101.285,4103.785,4101.065,4102.705,0.0722
1783676700000,2026-07-10,09:45:00,4102.765,4104.165,4102.115,4103.405,0.068
1783677000000,2026-07-10,09:50:00,4103.405,4104.545,4102.205,4104.545,0.0845
1783677300000,2026-07-10,09:55:00,4104.535,4105.255,4103.205,4104.155,0.0794
1783677600000,2026-07-10,10:00:00,4104.165,4108.335,4103.915,4108.315,0.0928
1783677900000,2026-07-10,10:05:00,4108.225,4108.375,4105.445,4106.155,0.0832
1783678200000,2026-07-10,10:10:00,4106.075,4108.045,4105.665,4106.165,0.0722
1783678500000,2026-07-10,10:15:00,4106.225,4107.975,4106.065,4107.025,0.0659
1783678800000,2026-07-10,10:20:00,4107.045,4112.485,4106.685,4110.915,0.1152
1783679100000,2026-07-10,10:25:00,4111.085,4111.215,4107.705,4109.355,0.0995
1783679400000,2026-07-10,10:30:00,4109.315,4110.395,4106.015,4106.645,0.0881
1783679700000,2026-07-10,10:35:00,4106.685,4108.885,4106.275,4107.875,0.0798
1783680000000,2026-07-10,10:40:00,4107.975,4108.945,4106.925,4108.945,0.0713
1783680300000,2026-07-10,10:45:00,4108.945,4108.955,4106.665,4107.035,0.0824
1783680600000,2026-07-10,10:50:00,4107.135,4108.725,4106.555,4108.215,0.0771
1783680900000,2026-07-10,10:55:00,4108.185,4108.385,4104.175,4104.395,0.0976
1783681200000,2026-07-10,11:00:00,4104.395,4108.055,4104.235,4106.675,0.1164
1783681500000,2026-07-10,11:05:00,4106.725,4107.015,4104.355,4105.645,0.0713
1783681800000,2026-07-10,11:10:00,4105.765,4107.735,4105.595,4106.135,0.0609
1783682100000,2026-07-10,11:15:00,4106.105,4107.595,4105.985,4106.815,0.077
1783682400000,2026-07-10,11:20:00,4106.815,4107.705,4105.245,4107.635,0.0593
1783682700000,2026-07-10,11:25:00,4107.575,4107.965,4099.845,4099.875,0.1526
1783683000000,2026-07-10,11:30:00,4099.845,4103.385,4098.435,4099.075,0.1368
1783683300000,2026-07-10,11:35:00,4099.045,4099.685,4095.875,4097.735,0.1172
1783683600000,2026-07-10,11:40:00,4097.745,4107.435,4097.705,4106.525,0.1228
1783683900000,2026-07-10,11:45:00,4106.285,4107.645,4105.605,4105.625,0.084
1783684200000,2026-07-10,11:50:00,4105.605,4107.805,4105.085,4105.105,0.0965
1783684500000,2026-07-10,11:55:00,4105.145,4105.145,4101.935,4102.165,0.1095
1783684800000,2026-07-10,12:00:00,4102.205,4103.645,4101.405,4102.385,0.1433
1783685100000,2026-07-10,12:05:00,4102.325,4103.885,4100.765,4103.745,0.1462
1783685400000,2026-07-10,12:10:00,4103.725,4117.435,4102.405,4114.765,0.1797
1783685700000,2026-07-10,12:15:00,4115.015,4116.275,4107.655,4109.005,0.2155
1783686000000,2026-07-10,12:20:00,4108.795,4110.795,4105.325,4106.885,0.1648
1783686300000,2026-07-10,12:25:00,4106.825,4107.125,4103.145,4105.925,0.1439
1783686600000,2026-07-10,12:30:00,4106.235,4106.905,4101.525,4101.745,0.1812
1783686900000,2026-07-10,12:35:00,4102.035,4102.645,4097.405,4101.175,0.1934
1783687200000,2026-07-10,12:40:00,4101.175,4102.315,4098.115,4098.115,0.1448
1783687500000,2026-07-10,12:45:00,4097.915,4102.585,4097.625,4101.415,0.1289
1783687800000,2026-07-10,12:50:00,4101.625,4104.855,4099.755,4100.195,0.1154
1783688100000,2026-07-10,12:55:00,4100.235,4101.845,4098.995,4100.535,0.1366
1783688400000,2026-07-10,13:00:00,4100.805,4104.995,4098.475,4100.625,0.2545
1783688700000,2026-07-10,13:05:00,4100.505,4106.105,4099.995,4105.545,0.1531
1783689000000,2026-07-10,13:10:00,4105.425,4105.425,4101.285,4104.095,0.1496
1783689300000,2026-07-10,13:15:00,4104.235,4106.485,4100.255,4101.935,0.1505
1783689600000,2026-07-10,13:20:00,4101.965,4102.945,4095.905,4096.775,0.1417
1783689900000,2026-07-10,13:25:00,4096.825,4097.965,4085.345,4087.185,0.2454
1783690200000,2026-07-10,13:30:00,4087.465,4096.915,4086.785,4089.645,0.3015
1783690500000,2026-07-10,13:35:00,4089.665,4097.265,4087.585,4097.265,0.2511
1783690800000,2026-07-10,13:40:00,4097.165,4102.415,4095.385,4098.215,0.2774
1783691100000,2026-07-10,13:45:00,4098.275,4102.125,4097.075,4101.185,0.254
1783691400000,2026-07-10,13:50:00,4101.205,4105.305,4100.205,4102.785,0.2286
1783691700000,2026-07-10,13:55:00,4102.805,4102.805,4098.135,4099.735,0.2181
1783692000000,2026-07-10,14:00:00,4099.755,4101.675,4097.435,4100.825,0.2399
1783692300000,2026-07-10,14:05:00,4100.725,4102.885,4099.315,4100.235,0.2159
1783692600000,2026-07-10,14:10:00,4100.285,4103.345,4097.975,4099.895,0.2313
1783692900000,2026-07-10,14:15:00,4099.905,4105.145,4097.295,4104.045,0.2403
1783693200000,2026-07-10,14:20:00,4104.125,4107.515,4102.145,4102.615,0.202
1783693500000,2026-07-10,14:25:00,4102.545,4109.025,4100.345,4105.155,0.1794
1783693800000,2026-07-10,14:30:00,4105.245,4107.685,4072.585,4089.625,0.3411
1783694100000,2026-07-10,14:35:00,4089.855,4097.005,4087.145,4095.315,0.2438
1783694400000,2026-07-10,14:40:00,4095.305,4101.335,4094.755,4098.935,0.1944
1783694700000,2026-07-10,14:45:00,4098.855,4107.635,4098.335,4107.155,0.1615
1783695000000,2026-07-10,14:50:00,4107.345,4107.345,4100.055,4101.315,0.1777
1783695300000,2026-07-10,14:55:00,4101.225,4101.935,4091.355,4092.735,0.2184
1783695600000,2026-07-10,15:00:00,4093.185,4099.025,4091.265,4097.265,0.2018
1783695900000,2026-07-10,15:05:00,4097.295,4100.325,4095.945,4098.455,0.1681
1783696200000,2026-07-10,15:10:00,4098.405,4100.755,4096.855,4097.305,0.1502
1783696500000,2026-07-10,15:15:00,4097.365,4103.425,4097.215,4099.665,0.1662
1783696800000,2026-07-10,15:20:00,4099.715,4106.665,4098.765,4105.535,0.1571
1783697100000,2026-07-10,15:25:00,4105.375,4107.445,4100.175,4101.845,0.1621
1783697400000,2026-07-10,15:30:00,4101.935,4103.535,4101.005,4103.205,0.154
1783697700000,2026-07-10,15:35:00,4103.235,4106.095,4101.255,4105.925,0.1752
1783698000000,2026-07-10,15:40:00,4105.965,4106.805,4103.445,4106.045,0.1835
1783698300000,2026-07-10,15:45:00,4106.195,4110.445,4105.395,4109.605,0.1618
1783698600000,2026-07-10,15:50:00,4109.705,4111.755,4108.025,4110.115,0.1411
1783698900000,2026-07-10,15:55:00,4110.305,4113.115,4109.195,4112.785,0.1264
1783699200000,2026-07-10,16:00:00,4112.865,4114.615,4110.875,4111.005,0.15
1783699500000,2026-07-10,16:05:00,4111.065,4112.105,4108.825,4111.365,0.1326
1783699800000,2026-07-10,16:10:00,4111.395,4112.405,4107.875,4110.035,0.1306
1783700100000,2026-07-10,16:15:00,4110.005,4113.165,4109.955,4110.745,0.1413
1783700400000,2026-07-10,16:20:00,4110.715,4110.995,4106.975,4110.825,0.1202
1783700700000,2026-07-10,16:25:00,4110.555,4114.295,4110.505,4114.185,0.122
1783701000000,2026-07-10,16:30:00,4114.195,4115.365,4112.365,4112.395,0.119
1783701300000,2026-07-10,16:35:00,4112.425,4113.965,4111.475,4112.165,0.1183
1783701600000,2026-07-10,16:40:00,4112.065,4113.375,4108.685,4108.795,0.1112
1783701900000,2026-07-10,16:45:00,4108.825,4109.405,4107.285,4107.325,0.1077
1783702200000,2026-07-10,16:50:00,4107.435,4108.805,4105.585,4105.925,0.1093
1783702500000,2026-07-10,16:55:00,4105.995,4106.795,4104.115,4104.495,0.1184
1783702800000,2026-07-10,17:00:00,4104.285,4105.045,4102.465,4102.775,0.1428
1783703100000,2026-07-10,17:05:00,4102.785,4105.275,4102.115,4103.695,0.1151
1783703400000,2026-07-10,17:10:00,4103.715,4105.375,4102.535,4103.695,0.1228
1783703700000,2026-07-10,17:15:00,4103.655,4106.285,4103.415,4104.215,0.1096
1783704000000,2026-07-10,17:20:00,4104.215,4106.595,4104.115,4105.565,0.116
1783704300000,2026-07-10,17:25:00,4105.595,4105.905,4103.695,4105.255,0.1329
1783704600000,2026-07-10,17:30:00,4105.305,4106.695,4104.465,4105.075,0.0921
1783704900000,2026-07-10,17:35:00,4104.915,4105.185,4103.285,4103.845,0.1031
1783705200000,2026-07-10,17:40:00,4103.835,4105.255,4103.025,4103.655,0.0986
1783705500000,2026-07-10,17:45:00,4103.625,4104.405,4102.605,4103.065,0.0867
1783705800000,2026-07-10,17:50:00,4103.105,4104.935,4102.965,4103.205,0.07
1783706100000,2026-07-10,17:55:00,4103.185,4103.685,4100.045,4100.265,0.1061
1783706400000,2026-07-10,18:00:00,4100.375,4102.425,4099.645,4102.285,0.1127
1783706700000,2026-07-10,18:05:00,4102.325,4103.395,4101.365,4102.785,0.0915
1783707000000,2026-07-10,18:10:00,4102.745,4104.655,4102.685,4104.355,0.097
1783707300000,2026-07-10,18:15:00,4104.405,4104.645,4101.785,4102.895,0.075
1783707600000,2026-07-10,18:20:00,4102.835,4103.795,4102.095,4102.095,0.0956
1783707900000,2026-07-10,18:25:00,4102.175,4105.275,4102.095,4102.535,0.0896
1783708200000,2026-07-10,18:30:00,4102.505,4103.425,4100.995,4103.075,0.0934
1783708500000,2026-07-10,18:35:00,4102.955,4103.145,4099.085,4099.475,0.0828
1783708800000,2026-07-10,18:40:00,4099.435,4100.565,4098.285,4098.755,0.0888
1783709100000,2026-07-10,18:45:00,4098.635,4099.755,4097.725,4099.755,0.0772
1783709400000,2026-07-10,18:50:00,4099.895,4101.215,4099.365,4101.035,0.0735
1783709700000,2026-07-10,18:55:00,4101.105,4101.515,4099.965,4100.955,0.083
1783710000000,2026-07-10,19:00:00,4101.025,4101.025,4097.625,4097.835,0.0882
1783710300000,2026-07-10,19:05:00,4097.725,4102.185,4097.515,4101.065,0.084
1783710600000,2026-07-10,19:10:00,4101.085,4101.425,4098.425,4101.265,0.0742
1783710900000,2026-07-10,19:15:00,4101.225,4102.655,4100.805,4102.375,0.0785
1783711200000,2026-07-10,19:20:00,4102.495,4102.995,4101.565,4101.645,0.0611
1783711500000,2026-07-10,19:25:00,4101.605,4102.395,4101.315,4101.605,0.0618
1783711800000,2026-07-10,19:30:00,4101.445,4102.535,4100.215,4101.255,0.0909
1783712100000,2026-07-10,19:35:00,4101.315,4102.705,4100.635,4101.895,0.0649
1783712400000,2026-07-10,19:40:00,4101.865,4103.555,4101.495,4102.255,0.0725
1783712700000,2026-07-10,19:45:00,4102.235,4105.065,4102.195,4104.315,0.0823
1783713000000,2026-07-10,19:50:00,4104.975,4105.855,4103.945,4105.575,0.1079
1783713300000,2026-07-10,19:55:00,4105.485,4108.855,4105.385,4108.265,0.1083
1783713600000,2026-07-10,20:00:00,4107.945,4115.005,4107.945,4113.365,0.0671
1783713900000,2026-07-10,20:05:00,4113.395,4113.395,4110.515,4111.315,0.0376
1783714200000,2026-07-10,20:10:00,4111.245,4112.255,4110.595,4111.935,0.0311
1783714500000,2026-07-10,20:15:00,4111.725,4112.355,4110.385,4111.575,0.039
1783714800000,2026-07-10,20:20:00,4111.625,4112.555,4111.195,4112.095,0.0362
1783715100000,2026-07-10,20:25:00,4112.125,4112.255,4110.395,4111.225,0.0322
1783715400000,2026-07-10,20:30:00,4111.205,4111.765,4110.095,4111.365,0.0372
1783715700000,2026-07-10,20:35:00,4111.405,4111.895,4110.275,4111.175,0.0335
1783716000000,2026-07-10,20:40:00,4111.075,4112.365,4110.765,4111.665,0.0333
1783716300000,2026-07-10,20:45:00,4111.635,4113.815,4111.355,4113.455,0.0383
1783716600000,2026-07-10,20:50:00,4113.515,4119.895,4112.855,4119.095,0.0507
1783716900000,2026-07-10,20:55:00,4118.845,4120.765,4117.635,4120.555,0.0698
1783893600000,2026-07-12,22:00:00,4094.225,4103.265,4086.045,4091.075,0.1606
1783893900000,2026-07-12,22:05:00,4091.095,4094.015,4085.025,4090.205,0.1103
1783894200000,2026-07-12,22:10:00,4089.765,4093.245,4080.395,4081.155,0.1326
1783894500000,2026-07-12,22:15:00,4081.205,4087.975,4080.905,4085.505,0.0852
1783894800000,2026-07-12,22:20:00,4085.485,4087.005,4081.575,4082.085,0.0489
1783895100000,2026-07-12,22:25:00,4082.105,4085.355,4079.895,4084.125,0.0588
1783895400000,2026-07-12,22:30:00,4083.445,4086.365,4082.395,4082.545,0.0479
1783895700000,2026-07-12,22:35:00,4082.725,4084.115,4080.305,4081.945,0.0426
1783896000000,2026-07-12,22:40:00,4081.925,4082.265,4077.755,4078.235,0.0542
1783896300000,2026-07-12,22:45:00,4078.275,4079.395,4069.035,4078.045,0.0772
1783896600000,2026-07-12,22:50:00,4077.965,4080.745,4076.695,4077.345,0.0675
1783896900000,2026-07-12,22:55:00,4077.275,4078.985,4075.295,4075.325,0.0444
1783897200000,2026-07-12,23:00:00,4075.415,4075.415,4067.295,4069.285,0.075
1783897500000,2026-07-12,23:05:00,4069.225,4071.745,4068.875,4069.995,0.0502
1783897800000,2026-07-12,23:10:00,4069.995,4071.875,4068.615,4070.005,0.0557
1783898100000,2026-07-12,23:15:00,4070.085,4071.285,4069.105,4069.365,0.0476
1783898400000,2026-07-12,23:20:00,4069.405,4072.055,4068.625,4071.785,0.0549
1783898700000,2026-07-12,23:25:00,4071.725,4074.875,4071.075,4074.425,0.0456
1783899000000,2026-07-12,23:30:00,4074.495,4074.515,4071.945,4072.335,0.0376
1783899300000,2026-07-12,23:35:00,4072.315,4077.055,4071.385,4076.795,0.048
1783899600000,2026-07-12,23:40:00,4076.735,4078.825,4076.145,4077.545,0.0645
1783899900000,2026-07-12,23:45:00,4077.585,4078.735,4075.435,4078.435,0.0844
1783900200000,2026-07-12,23:50:00,4078.325,4083.095,4077.645,4080.425,0.1491
1783900500000,2026-07-12,23:55:00,4080.405,4084.635,4079.175,4084.135,0.1509
1783900800000,2026-07-13,00:00:00,4084.155,4086.135,4080.475,4083.815,0.1796
1783901100000,2026-07-13,00:05:00,4084.035,4089.975,4083.185,4088.145,0.1552
1783901400000,2026-07-13,00:10:00,4088.205,4090.805,4085.655,4086.605,0.121
1783901700000,2026-07-13,00:15:00,4086.545,4087.595,4079.755,4081.755,0.15
1783902000000,2026-07-13,00:20:00,4081.835,4083.105,4080.035,4082.155,0.138
1783902300000,2026-07-13,00:25:00,4082.305,4082.665,4074.095,4074.285,0.1231
1783902600000,2026-07-13,00:30:00,4074.315,4075.125,4060.705,4062.265,0.1333
1783902900000,2026-07-13,00:35:00,4062.335,4069.785,4061.775,4068.815,0.1221
1783903200000,2026-07-13,00:40:00,4068.875,4073.115,4067.615,4072.795,0.1334
1783903500000,2026-07-13,00:45:00,4072.935,4076.385,4068.345,4068.725,0.1364
1783903800000,2026-07-13,00:50:00,4068.765,4074.265,4068.355,4074.085,0.1409
1783904100000,2026-07-13,00:55:00,4074.125,4077.115,4072.295,4073.665,0.1539
1783904400000,2026-07-13,01:00:00,4073.695,4076.095,4064.935,4070.955,0.3145
1783904700000,2026-07-13,01:05:00,4070.925,4080.775,4069.795,4077.175,0.3438
1783905000000,2026-07-13,01:10:00,4077.275,4080.145,4076.125,4079.175,0.2222
1783905300000,2026-07-13,01:15:00,4079.225,4081.825,4072.205,4073.215,0.2929
1783905600000,2026-07-13,01:20:00,4073.275,4076.075,4070.615,4074.015,0.2938
1783905900000,2026-07-13,01:25:00,4073.855,4080.135,4073.855,4079.605,0.2727
1783906200000,2026-07-13,01:30:00,4079.565,4089.575,4077.305,4084.635,0.2858
1783906500000,2026-07-13,01:35:00,4084.585,4088.415,4082.035,4087.075,0.2781
1783906800000,2026-07-13,01:40:00,4087.275,4087.275,4082.765,4084.365,0.249
1783907100000,2026-07-13,01:45:00,4084.385,4086.805,4082.615,4085.545,0.2424
1783907400000,2026-07-13,01:50:00,4085.505,4087.715,4073.885,4073.895,0.2991
1783907700000,2026-07-13,01:55:00,4073.955,4075.185,4067.185,4071.885,0.3134
1783908000000,2026-07-13,02:00:00,4071.935,4074.265,4069.685,4070.565,0.2716
1783908300000,2026-07-13,02:05:00,4070.525,4073.545,4069.855,4073.015,0.2744
1783908600000,2026-07-13,02:10:00,4072.945,4074.695,4070.205,4071.925,0.264
1783908900000,2026-07-13,02:15:00,4071.885,4074.075,4070.565,4073.095,0.2158
1783909200000,2026-07-13,02:20:00,4073.135,4073.775,4068.925,4069.975,0.2018
1783909500000,2026-07-13,02:25:00,4070.045,4071.135,4066.275,4066.845,0.2196
1783909800000,2026-07-13,02:30:00,4066.815,4073.455,4064.125,4073.345,0.2786
1783910100000,2026-07-13,02:35:00,4073.345,4077.235,4073.345,4075.135,0.2342
1783910400000,2026-07-13,02:40:00,4075.065,4075.105,4070.975,4072.405,0.2267
1783910700000,2026-07-13,02:45:00,4072.385,4072.745,4067.935,4069.085,0.2089
1783911000000,2026-07-13,02:50:00,4069.085,4072.125,4068.485,4070.005,0.2152
1783911300000,2026-07-13,02:55:00,4069.985,4071.575,4068.255,4068.255,0.2273
1783911600000,2026-07-13,03:00:00,4068.255,4069.065,4063.475,4064.195,0.231
1783911900000,2026-07-13,03:05:00,4064.085,4064.675,4058.685,4061.145,0.2654
1783912200000,2026-07-13,03:10:00,4061.155,4061.605,4052.625,4057.745,0.2483
1783912500000,2026-07-13,03:15:00,4057.795,4060.725,4057.795,4059.395,0.2153
1783912800000,2026-07-13,03:20:00,4059.625,4061.505,4058.475,4061.095,0.1919
1783913100000,2026-07-13,03:25:00,4061.135,4062.255,4058.255,4061.505,0.1903
1783913400000,2026-07-13,03:30:00,4061.565,4062.235,4057.375,4057.615,0.1622
1783913700000,2026-07-13,03:35:00,4057.565,4060.205,4056.575,4059.375,0.1453
1783914000000,2026-07-13,03:40:00,4059.335,4059.825,4057.035,4057.485,0.1659
1783914300000,2026-07-13,03:45:00,4057.635,4060.435,4057.195,4059.575,0.1639
1783914600000,2026-07-13,03:50:00,4059.575,4060.765,4058.065,4059.225,0.1208
1783914900000,2026-07-13,03:55:00,4059.205,4060.365,4058.045,4060.155,0.1159
1783915200000,2026-07-13,04:00:00,4060.135,4060.205,4056.145,4056.895,0.1604
1783915500000,2026-07-13,04:05:00,4056.895,4058.305,4055.095,4055.925,0.1575
1783915800000,2026-07-13,04:10:00,4055.905,4057.065,4052.165,4054.145,0.1341
1783916100000,2026-07-13,04:15:00,4054.225,4057.525,4050.085,4056.825,0.1814
1783916400000,2026-07-13,04:20:00,4056.795,4057.215,4055.715,4056.755,0.1553
1783916700000,2026-07-13,04:25:00,4056.735,4056.995,4053.245,4055.195,0.1522
1783917000000,2026-07-13,04:30:00,4055.255,4057.365,4053.755,4055.705,0.1253
1783917300000,2026-07-13,04:35:00,4055.705,4057.085,4054.905,4056.265,0.1186
1783917600000,2026-07-13,04:40:00,4056.505,4056.505,4052.915,4053.895,0.1378
1783917900000,2026-07-13,04:45:00,4053.865,4055.045,4052.665,4052.985,0.1103
1783918200000,2026-07-13,04:50:00,4052.785,4054.935,4052.375,4054.335,0.1206
1783918500000,2026-07-13,04:55:00,4054.365,4059.005,4054.135,4058.455,0.1412
1783918800000,2026-07-13,05:00:00,4058.455,4060.345,4054.555,4059.975,0.1874
1783919100000,2026-07-13,05:05:00,4059.965,4071.155,4059.305,4070.595,0.217
1783919400000,2026-07-13,05:10:00,4070.655,4072.965,4067.805,4069.145,0.2096
1783919700000,2026-07-13,05:15:00,4069.145,4069.515,4063.585,4065.345,0.1761
1783920000000,2026-07-13,05:20:00,4065.315,4065.845,4059.655,4060.875,0.167
1783920300000,2026-07-13,05:25:00,4060.795,4063.225,4057.105,4057.785,0.1741
1783920600000,2026-07-13,05:30:00,4057.825,4062.515,4052.015,4061.775,0.2676
1783920900000,2026-07-13,05:35:00,4061.755,4065.605,4061.245,4063.165,0.2322
1783921200000,2026-07-13,05:40:00,4062.675,4065.015,4059.805,4063.205,0.2226
1783921500000,2026-07-13,05:45:00,4063.205,4063.205,4058.585,4062.235,0.2261
1783921800000,2026-07-13,05:50:00,4062.285,4064.145,4057.365,4057.935,0.2368
1783922100000,2026-07-13,05:55:00,4057.985,4058.465,4052.395,4053.365,0.2399
1783922400000,2026-07-13,06:00:00,4053.345,4055.975,4048.455,4050.775,0.2086
1783922700000,2026-07-13,06:05:00,4050.975,4053.585,4043.585,4052.485,0.2293
1783923000000,2026-07-13,06:10:00,4052.505,4053.325,4048.825,4050.575,0.1614
1783923300000,2026-07-13,06:15:00,4050.635,4054.035,4050.435,4053.305,0.1576
1783923600000,2026-07-13,06:20:00,4053.415,4056.535,4053.175,4054.955,0.1716
1783923900000,2026-07-13,06:25:00,4054.975,4060.995,4054.905,4060.905,0.1673
1783924200000,2026-07-13,06:30:00,4060.945,4062.205,4058.325,4059.255,0.1742
1783924500000,2026-07-13,06:35:00,4059.235,4063.315,4058.875,4062.445,0.1546
1783924800000,2026-07-13,06:40:00,4062.375,4062.985,4059.155,4059.885,0.1671
1783925100000,2026-07-13,06:45:00,4059.855,4060.325,4055.885,4056.305,0.1581
1783925400000,2026-07-13,06:50:00,4056.335,4057.385,4052.455,4053.585,0.1334
1783925700000,2026-07-13,06:55:00,4053.535,4055.695,4051.915,4055.245,0.1649
1783926000000,2026-07-13,07:00:00,4055.415,4056.445,4048.815,4053.395,0.1885
1783926300000,2026-07-13,07:05:00,4053.455,4060.215,4051.355,4058.245,0.1795
1783926600000,2026-07-13,07:10:00,4058.245,4061.105,4054.195,4055.545,0.1466
1783926900000,2026-07-13,07:15:00,4055.405,4057.885,4055.405,4056.875,0.0976
1783927200000,2026-07-13,07:20:00,4056.915,4058.705,4055.645,4056.895,0.1005
1783927500000,2026-07-13,07:25:00,4056.925,4059.175,4056.145,4058.625,0.0991
1783927800000,2026-07-13,07:30:00,4058.625,4060.005,4055.975,4059.615,0.1112
1783928100000,2026-07-13,07:35:00,4059.615,4062.735,4059.065,4059.965,0.1662
1783928400000,2026-07-13,07:40:00,4059.945,4061.495,4056.915,4057.055,0.1216
1783928700000,2026-07-13,07:45:00,4057.105,4059.245,4056.695,4057.275,0.1232
1783929000000,2026-07-13,07:50:00,4056.915,4061.695,4055.875,4061.245,0.1515
1783929300000,2026-07-13,07:55:00,4061.085,4064.935,4060.375,4064.675,0.1437
1783929600000,2026-07-13,08:00:00,4064.615,4067.195,4062.795,4065.085,0.1766
1783929900000,2026-07-13,08:05:00,4065.015,4071.235,4064.185,4071.065,0.1672
1783930200000,2026-07-13,08:10:00,4070.945,4074.695,4069.485,4073.695,0.1794
1783930500000,2026-07-13,08:15:00,4073.745,4077.945,4073.375,4074.705,0.1866
1783930800000,2026-07-13,08:20:00,4074.805,4080.535,4074.665,4078.485,0.1547
1783931100000,2026-07-13,08:25:00,4078.525,4079.405,4073.525,4073.835,0.1417
1783931400000,2026-07-13,08:30:00,4073.805,4075.245,4072.045,4072.315,0.126
1783931700000,2026-07-13,08:35:00,4072.265,4074.775,4071.475,4074.605,0.1166
1783932000000,2026-07-13,08:40:00,4074.555,4076.115,4072.595,4075.375,0.1063
1783932300000,2026-07-13,08:45:00,4075.355,4076.125,4072.005,4075.975,0.1165
1783932600000,2026-07-13,08:50:00,4076.145,4078.355,4075.535,4077.445,0.1195
1783932900000,2026-07-13,08:55:00,4077.465,4077.905,4073.955,4074.295,0.1039
1783933200000,2026-07-13,09:00:00,4074.085,4075.925,4072.555,4074.485,0.1276
1783933500000,2026-07-13,09:05:00,4074.865,4075.335,4073.425,4073.635,0.1078
1783933800000,2026-07-13,09:10:00,4073.645,4074.495,4072.535,4074.375,0.0735
1783934100000,2026-07-13,09:15:00,4074.255,4074.325,4071.125,4072.755,0.0859
1783934400000,2026-07-13,09:20:00,4072.595,4074.955,4072.545,4074.155,0.07
1783934700000,2026-07-13,09:25:00,4074.215,4076.465,4071.155,4072.465,0.107
1783935000000,2026-07-13,09:30:00,4072.495,4073.785,4070.245,4071.585,0.1228
1783935300000,2026-07-13,09:35:00,4071.585,4071.585,4069.265,4069.265,0.1102
1783935600000,2026-07-13,09:40:00,4069.355,4073.135,4069.335,4072.485,0.0949
1783935900000,2026-07-13,09:45:00,4072.445,4073.365,4071.195,4072.485,0.1048
1783936200000,2026-07-13,09:50:00,4072.455,4072.725,4069.515,4070.845,0.0955
1783936500000,2026-07-13,09:55:00,4070.875,4071.935,4067.915,4068.025,0.0832
1783936800000,2026-07-13,10:00:00,4068.035,4070.345,4067.415,4069.975,0.1016
1783937100000,2026-07-13,10:05:00,4070.005,4070.165,4068.165,4068.875,0.0963
1783937400000,2026-07-13,10:10:00,4068.795,4069.205,4066.515,4067.485,0.1114
1783937700000,2026-07-13,10:15:00,4067.415,4069.125,4065.585,4068.065,0.1255
1783938000000,2026-07-13,10:20:00,4068.065,4068.545,4066.265,4067.225,0.0717
1783938300000,2026-07-13,10:25:00,4067.165,4067.315,4064.055,4064.815,0.0678
1783938600000,2026-07-13,10:30:00,4064.775,4067.085,4064.675,4065.835,0.0731
1783938900000,2026-07-13,10:35:00,4065.965,4068.015,4065.725,4066.405,0.0718
1783939200000,2026-07-13,10:40:00,4066.435,4066.675,4046.275,4051.995,0.1863
1783939500000,2026-07-13,10:45:00,4051.965,4054.135,4047.945,4053.995,0.178
1783939800000,2026-07-13,10:50:00,4053.895,4058.225,4051.555,4058.015,0.1311
1783940100000,2026-07-13,10:55:00,4058.025,4061.325,4057.865,4060.345,0.1592
1783940400000,2026-07-13,11:00:00,4060.455,4063.885,4057.755,4063.135,0.1552
1783940700000,2026-07-13,11:05:00,4063.195,4067.685,4062.915,4064.715,0.1689
1783941000000,2026-07-13,11:10:00,4064.715,4065.695,4062.385,4063.845,0.1252
1783941300000,2026-07-13,11:15:00,4063.875,4064.885,4060.785,4061.465,0.1058
1783941600000,2026-07-13,11:20:00,4061.415,4061.835,4058.025,4059.035,0.1532
1783941900000,2026-07-13,11:25:00,4058.865,4063.505,4058.255,4062.575,0.1319
1783942200000,2026-07-13,11:30:00,4062.115,4067.615,4061.725,4067.425,0.1493
1783942500000,2026-07-13,11:35:00,4067.415,4068.415,4062.845,4063.835,0.1343
1783942800000,2026-07-13,11:40:00,4063.885,4067.105,4063.745,4064.965,0.1331
1783943100000,2026-07-13,11:45:00,4065.315,4065.575,4060.325,4062.645,0.1524
1783943400000,2026-07-13,11:50:00,4062.535,4063.275,4054.515,4056.115,0.1594
1783943700000,2026-07-13,11:55:00,4056.045,4057.485,4054.975,4056.285,0.1618
1783944000000,2026-07-13,12:00:00,4056.285,4060.265,4055.945,4058.105,0.1793
1783944300000,2026-07-13,12:05:00,4058.085,4059.365,4054.795,4055.875,0.1505
1783944600000,2026-07-13,12:10:00,4055.835,4060.105,4053.365,4056.085,0.2045
1783944900000,2026-07-13,12:15:00,4056.055,4060.705,4056.055,4058.875,0.1689
1783945200000,2026-07-13,12:20:00,4058.915,4062.055,4054.965,4061.845,0.1843
1783945500000,2026-07-13,12:25:00,4061.895,4063.365,4058.355,4058.785,0.1588
1783945800000,2026-07-13,12:30:00,4058.645,4062.705,4058.315,4062.515,0.1377
1783946100000,2026-07-13,12:35:00,4062.545,4063.055,4059.355,4060.585,0.1458
1783946400000,2026-07-13,12:40:00,4060.555,4063.665,4060.265,4062.435,0.1404
1783946700000,2026-07-13,12:45:00,4062.585,4066.385,4062.525,4065.365,0.1623
1783947000000,2026-07-13,12:50:00,4064.945,4066.405,4063.825,4065.255,0.1813
1783947300000,2026-07-13,12:55:00,4065.315,4067.165,4063.385,4067.145,0.1729
1783947600000,2026-07-13,13:00:00,4067.175,4067.355,4058.965,4062.605,0.2187
1783947900000,2026-07-13,13:05:00,4062.575,4064.655,4060.435,4063.065,0.1806
1783948200000,2026-07-13,13:10:00,4063.315,4063.485,4058.835,4061.545,0.1778
1783948500000,2026-07-13,13:15:00,4061.465,4061.695,4058.215,4060.675,0.1841
1783948800000,2026-07-13,13:20:00,4060.705,4062.675,4060.305,4061.785,0.1687
1783949100000,2026-07-13,13:25:00,4061.805,4065.795,4060.965,4061.955,0.183
1783949400000,2026-07-13,13:30:00,4061.985,4063.615,4056.465,4058.105,0.2473
1783949700000,2026-07-13,13:35:00,4058.305,4061.285,4053.695,4054.335,0.2659
1783950000000,2026-07-13,13:40:00,4054.145,4058.375,4051.335,4054.605,0.2782
1783950300000,2026-07-13,13:45:00,4054.585,4058.095,4049.475,4050.525,0.2763
1783950600000,2026-07-13,13:50:00,4050.415,4052.315,4042.385,4051.365,0.2641
1783950900000,2026-07-13,13:55:00,4051.185,4052.825,4041.695,4043.035,0.244
1783951200000,2026-07-13,14:00:00,4043.025,4046.805,4037.735,4039.875,0.2564
1783951500000,2026-07-13,14:05:00,4039.845,4040.565,4029.475,4037.385,0.2658
1783951800000,2026-07-13,14:10:00,4037.335,4039.405,4033.845,4035.805,0.2117
1783952100000,2026-07-13,14:15:00,4035.875,4037.025,4006.667,4021.595,0.369
1783952400000,2026-07-13,14:20:00,4021.255,4021.875,4002.405,4021.035,0.2429
1783952700000,2026-07-13,14:25:00,4020.875,4028.705,4014.315,4016.555,0.2104
1783953000000,2026-07-13,14:30:00,4016.185,4016.825,4004.715,4010.305,0.2053
1783953300000,2026-07-13,14:35:00,4010.335,4010.335,4003.425,4007.425,0.1947
1783953600000,2026-07-13,14:40:00,4007.515,4007.615,3999.845,4005.185,0.2221
1783953900000,2026-07-13,14:45:00,4005.145,4009.415,4001.685,4006.095,0.2258
1783954200000,2026-07-13,14:50:00,4006.065,4010.695,4004.315,4009.245,0.2263
1783954500000,2026-07-13,14:55:00,4009.175,4015.085,4008.395,4015.015,0.2263
1783954800000,2026-07-13,15:00:00,4015.005,4017.565,4011.475,4011.575,0.2146
1783955100000,2026-07-13,15:05:00,4011.545,4014.135,4010.535,4013.995,0.1864
1783955400000,2026-07-13,15:10:00,4014.025,4016.775,4013.515,4014.575,0.2012
1783955700000,2026-07-13,15:15:00,4014.435,4019.055,4013.005,4018.785,0.2146
1783956000000,2026-07-13,15:20:00,4018.805,4020.265,4014.765,4015.385,0.1882
1783956300000,2026-07-13,15:25:00,4015.385,4018.285,4012.415,4016.195,0.1788
1783956600000,2026-07-13,15:30:00,4016.435,4017.475,4013.765,4014.565,0.1759
1783956900000,2026-07-13,15:35:00,4014.555,4016.655,4013.055,4015.215,0.1408
1783957200000,2026-07-13,15:40:00,4015.235,4015.925,4012.015,4013.195,0.1546
1783957500000,2026-07-13,15:45:00,4013.225,4014.715,4010.625,4013.605,0.1553
1783957800000,2026-07-13,15:50:00,4013.635,4014.005,4010.085,4013.255,0.1851
1783958100000,2026-07-13,15:55:00,4013.285,4015.815,4012.435,4015.815,0.1432
1783958400000,2026-07-13,16:00:00,4015.835,4017.725,4013.295,4015.485,0.1518
1783958700000,2026-07-13,16:05:00,4015.505,4016.735,4013.155,4014.865,0.1126
1783959000000,2026-07-13,16:10:00,4014.835,4016.145,4012.115,4013.665,0.1256
1783959300000,2026-07-13,16:15:00,4013.585,4013.655,4010.535,4011.855,0.1791
1783959600000,2026-07-13,16:20:00,4011.675,4012.505,4009.035,4009.285,0.1732
1783959900000,2026-07-13,16:25:00,4009.175,4010.445,4000.215,4003.555,0.207
1783960200000,2026-07-13,16:30:00,4003.555,4004.595,3991.855,3994.415,0.2562
1783960500000,2026-07-13,16:35:00,3994.515,3997.205,3990.515,3996.585,0.261
1783960800000,2026-07-13,16:40:00,3996.555,4000.735,3994.865,4000.475,0.2264
1783961100000,2026-07-13,16:45:00,4000.445,4002.575,3997.065,3998.435,0.2025
1783961400000,2026-07-13,16:50:00,3998.475,3998.695,3991.245,3991.955,0.2195
1783961700000,2026-07-13,16:55:00,3992.005,3993.055,3985.165,3992.985,0.1996
1783962000000,2026-07-13,17:00:00,3993.025,3996.825,3991.795,3994.395,0.1835
1783962300000,2026-07-13,17:05:00,3994.345,3998.795,3993.125,3997.995,0.149
1783962600000,2026-07-13,17:10:00,3997.965,3998.755,3995.855,3997.585,0.1703
1783962900000,2026-07-13,17:15:00,3997.495,4001.305,3996.735,4000.775,0.1538
1783963200000,2026-07-13,17:20:00,4000.805,4001.715,3997.265,3998.295,0.1583
1783963500000,2026-07-13,17:25:00,3998.395,3999.385,3996.315,3998.815,0.187
1783963800000,2026-07-13,17:30:00,3998.895,4000.905,3997.385,4000.085,0.1755
1783964100000,2026-07-13,17:35:00,4000.115,4000.175,3996.665,3997.445,0.162
1783964400000,2026-07-13,17:40:00,3997.375,3998.405,3995.905,3996.825,0.1657
1783964700000,2026-07-13,17:45:00,3996.885,3999.165,3994.015,3995.605,0.1681
1783965000000,2026-07-13,17:50:00,3995.605,3996.235,3992.785,3994.775,0.182
1783965300000,2026-07-13,17:55:00,3994.725,3995.355,3991.685,3992.995,0.1915
1783965600000,2026-07-13,18:00:00,3993.105,3994.945,3990.395,3990.645,0.1942
1783965900000,2026-07-13,18:05:00,3990.485,3994.605,3990.285,3991.775,0.1835
1783966200000,2026-07-13,18:10:00,3991.755,3993.865,3989.675,3993.605,0.1964
1783966500000,2026-07-13,18:15:00,3993.585,3994.315,3986.415,3988.055,0.2015
1783966800000,2026-07-13,18:20:00,3988.065,3994.795,3986.825,3994.695,0.1784
1783967100000,2026-07-13,18:25:00,3994.675,3996.605,3994.475,3994.995,0.1871
1783967400000,2026-07-13,18:30:00,3994.945,3998.125,3993.725,3996.785,0.1974
1783967700000,2026-07-13,18:35:00,3996.815,4000.325,3996.765,3998.825,0.1703
1783968000000,2026-07-13,18:40:00,3998.745,4000.475,3997.765,3999.865,0.1674
1783968300000,2026-07-13,18:45:00,3999.805,4001.555,3998.265,4001.415,0.1739
1783968600000,2026-07-13,18:50:00,4001.465,4004.845,4000.175,4003.365,0.1797
1783968900000,2026-07-13,18:55:00,4003.475,4004.805,3997.985,4001.275,0.1794
1783969200000,2026-07-13,19:00:00,4001.265,4004.315,3998.035,4004.065,0.1699
1783969500000,2026-07-13,19:05:00,4004.025,4004.315,3998.945,4000.155,0.1585
1783969800000,2026-07-13,19:10:00,4000.125,4000.235,3997.535,3997.795,0.1738
1783970100000,2026-07-13,19:15:00,3997.845,3999.595,3997.425,3998.995,0.1757
1783970400000,2026-07-13,19:20:00,3999.015,3999.875,3996.575,3999.735,0.1774
1783970700000,2026-07-13,19:25:00,3999.675,4000.665,3997.805,3998.045,0.1604
1783971000000,2026-07-13,19:30:00,3998.075,4000.805,3997.695,3998.775,0.1939
1783971300000,2026-07-13,19:35:00,3998.835,3998.925,3993.185,3995.005,0.1653
1783971600000,2026-07-13,19:40:00,3994.965,3999.075,3994.795,3998.985,0.1837
1783971900000,2026-07-13,19:45:00,3998.725,3999.285,3996.625,3996.865,0.1645
1783972200000,2026-07-13,19:50:00,3997.265,4001.105,3996.495,4000.275,0.2121
1783972500000,2026-07-13,19:55:00,4000.175,4002.145,3999.575,4001.705,0.1992
1783972800000,2026-07-13,20:00:00,4001.745,4004.465,4000.845,4004.465,0.0942
1783973100000,2026-07-13,20:05:00,4004.405,4005.885,4001.425,4002.145,0.0785
1783973400000,2026-07-13,20:10:00,4002.195,4002.855,3998.085,3998.355,0.1029
1783973700000,2026-07-13,20:15:00,3998.345,3999.995,3996.065,3998.975,0.0892
1783974000000,2026-07-13,20:20:00,3999.205,3999.695,3997.835,3998.095,0.0654
1783974300000,2026-07-13,20:25:00,3998.075,4000.105,3997.885,3999.615,0.0421
1783974600000,2026-07-13,20:30:00,3999.635,4000.135,3997.815,3998.255,0.0575
1783974900000,2026-07-13,20:35:00,3998.295,3999.145,3996.985,3999.095,0.0653
1783975200000,2026-07-13,20:40:00,3999.065,4000.205,3998.255,3999.815,0.0673
1783975500000,2026-07-13,20:45:00,3999.525,4000.225,3998.315,3998.785,0.0483
1783975800000,2026-07-13,20:50:00,3998.875,4000.665,3997.755,4000.585,0.0688
1783976100000,2026-07-13,20:55:00,4000.605,4002.235,4000.415,4001.255,0.0655
1783980000000,2026-07-13,22:00:00,4004.225,4006.195,3999.815,4001.325,0.0627
1783980300000,2026-07-13,22:05:00,4001.595,4003.765,4001.125,4001.385,0.0282
1783980600000,2026-07-13,22:10:00,4001.365,4004.105,4001.365,4003.705,0.0285
1783980900000,2026-07-13,22:15:00,4003.665,4005.665,4003.665,4004.825,0.0372
1783981200000,2026-07-13,22:20:00,4004.805,4005.155,4003.915,4003.985,0.029
1783981500000,2026-07-13,22:25:00,4003.965,4004.715,4003.725,4004.265,0.0178
1783981800000,2026-07-13,22:30:00,4004.235,4004.485,4002.795,4003.705,0.0357
1783982100000,2026-07-13,22:35:00,4003.515,4005.275,4002.125,4003.085,0.0398
1783982400000,2026-07-13,22:40:00,4003.095,4003.985,4002.845,4003.595,0.0278
1783982700000,2026-07-13,22:45:00,4003.475,4005.165,4002.905,4003.505,0.0404
1783983000000,2026-07-13,22:50:00,4003.465,4003.825,4001.475,4002.725,0.0376
1783983300000,2026-07-13,22:55:00,4002.745,4002.755,4000.275,4000.425,0.0432
1783983600000,2026-07-13,23:00:00,4000.525,4002.015,3999.355,3999.875,0.0254
1783983900000,2026-07-13,23:05:00,4000.215,4001.865,3999.575,4000.595,0.0198
1783984200000,2026-07-13,23:10:00,4000.515,4001.735,3999.025,3999.905,0.0367
1783984500000,2026-07-13,23:15:00,3999.865,4000.175,3998.265,3999.105,0.0423
1783984800000,2026-07-13,23:20:00,3999.105,3999.915,3996.755,3998.275,0.0628
1783985100000,2026-07-13,23:25:00,3998.315,3999.115,3996.615,3997.095,0.0425
1783985400000,2026-07-13,23:30:00,3997.115,3997.125,3993.315,3994.265,0.0659
1783985700000,2026-07-13,23:35:00,3994.295,3995.575,3993.465,3995.435,0.0442
1783986000000,2026-07-13,23:40:00,3995.425,3996.855,3994.685,3995.185,0.0482
1783986300000,2026-07-13,23:45:00,3995.265,3998.655,3992.355,3997.025,0.0778
1783986600000,2026-07-13,23:50:00,3997.005,4000.435,3995.125,3998.725,0.1077
1783986900000,2026-07-13,23:55:00,3998.745,4001.785,3997.965,4000.795,0.1091
1783987200000,2026-07-14,00:00:00,4000.825,4004.385,3992.685,3994.605,0.1868
1783987500000,2026-07-14,00:05:00,3994.165,3995.045,3983.285,3994.605,0.1892
1783987800000,2026-07-14,00:10:00,3994.775,3998.625,3990.935,3995.185,0.1777
1783988100000,2026-07-14,00:15:00,3994.705,3995.755,3987.035,3987.475,0.1797
1783988400000,2026-07-14,00:20:00,3987.525,3990.595,3985.055,3990.155,0.2148
1783988700000,2026-07-14,00:25:00,3990.295,3996.745,3988.605,3995.095,0.1681
1783989000000,2026-07-14,00:30:00,3995.115,4006.235,3994.185,4004.675,0.1834
1783989300000,2026-07-14,00:35:00,4004.585,4006.745,4002.025,4002.945,0.1653
1783989600000,2026-07-14,00:40:00,4003.015,4005.525,3998.865,4002.465,0.156
1783989900000,2026-07-14,00:45:00,4002.535,4006.925,3999.865,4002.105,0.2212
1783990200000,2026-07-14,00:50:00,4002.205,4005.435,4001.915,4003.935,0.1849
1783990500000,2026-07-14,00:55:00,4003.995,4007.075,4002.625,4003.815,0.1489
1783990800000,2026-07-14,01:00:00,4003.875,4004.085,3991.635,3998.365,0.281
1783991100000,2026-07-14,01:05:00,3998.585,3999.755,3992.065,3994.775,0.3072
1783991400000,2026-07-14,01:10:00,3994.615,3998.785,3992.785,3994.995,0.2652
1783991700000,2026-07-14,01:15:00,3995.025,4004.625,3994.815,4002.815,0.2644
1783992000000,2026-07-14,01:20:00,4002.905,4003.225,3996.675,3997.245,0.2432
1783992300000,2026-07-14,01:25:00,3996.835,3999.355,3995.205,3997.595,0.2121
1783992600000,2026-07-14,01:30:00,3997.595,4003.845,3995.915,3998.335,0.2778
1783992900000,2026-07-14,01:35:00,3998.315,3998.465,3992.485,3997.435,0.2573
1783993200000,2026-07-14,01:40:00,3997.375,4001.995,3994.865,4001.725,0.2419
1783993500000,2026-07-14,01:45:00,4001.765,4003.635,3998.505,4002.175,0.2442
1783993800000,2026-07-14,01:50:00,4002.165,4004.855,3999.745,4003.695,0.2254
1783994100000,2026-07-14,01:55:00,4003.685,4011.995,4001.865,4010.535,0.2551
1783994400000,2026-07-14,02:00:00,4010.325,4010.955,4005.685,4009.105,0.2349
1783994700000,2026-07-14,02:05:00,4009.105,4013.005,4007.935,4011.545,0.2401
1783995000000,2026-07-14,02:10:00,4011.555,4017.715,4010.975,4016.445,0.2473
1783995300000,2026-07-14,02:15:00,4016.465,4018.805,4014.715,4017.695,0.199
1783995600000,2026-07-14,02:20:00,4017.695,4017.915,4013.825,4014.305,0.1838
1783995900000,2026-07-14,02:25:00,4014.365,4017.735,4013.565,4017.615,0.1557
1783996200000,2026-07-14,02:30:00,4017.615,4018.855,4013.235,4013.655,0.2198
1783996500000,2026-07-14,02:35:00,4013.695,4015.325,4012.505,4013.655,0.1892
1783996800000,2026-07-14,02:40:00,4013.625,4016.345,4010.295,4010.605,0.1906
1783997100000,2026-07-14,02:45:00,4010.605,4012.455,4009.235,4009.765,0.1865
1783997400000,2026-07-14,02:50:00,4009.735,4011.105,4008.615,4010.515,0.1942
1783997700000,2026-07-14,02:55:00,4010.495,4013.615,4010.075,4012.005,0.1791
1783998000000,2026-07-14,03:00:00,4012.055,4016.455,4011.995,4014.305,0.1941
1783998300000,2026-07-14,03:05:00,4014.265,4016.475,4012.895,4013.905,0.1687
1783998600000,2026-07-14,03:10:00,4013.895,4015.285,4011.735,4013.945,0.1831
1783998900000,2026-07-14,03:15:00,4013.845,4015.225,4011.865,4013.175,0.1811
1783999200000,2026-07-14,03:20:00,4013.115,4016.355,4010.795,4015.505,0.1721
1783999500000,2026-07-14,03:25:00,4015.535,4018.445,4014.955,4017.595,0.1569
1783999800000,2026-07-14,03:30:00,4017.705,4018.725,4014.305,4014.675,0.1653
1784000100000,2026-07-14,03:35:00,4014.785,4017.475,4014.345,4014.995,0.1582
1784000400000,2026-07-14,03:40:00,4014.955,4015.945,4013.535,4014.985,0.1468
1784000700000,2026-07-14,03:45:00,4015.025,4016.475,4014.635,4015.195,0.1146
1784001000000,2026-07-14,03:50:00,4015.255,4017.855,4015.045,4017.385,0.1242
1784001300000,2026-07-14,03:55:00,4017.315,4017.635,4014.225,4016.555,0.1051
1784001600000,2026-07-14,04:00:00,4016.555,4018.565,4015.595,4016.765,0.1426
1784001900000,2026-07-14,04:05:00,4016.795,4017.345,4014.725,4014.795,0.1075
1784002200000,2026-07-14,04:10:00,4014.895,4016.155,4013.165,4015.445,0.1311
1784002500000,2026-07-14,04:15:00,4015.545,4016.055,4013.875,4014.765,0.1218
1784002800000,2026-07-14,04:20:00,4014.715,4015.935,4013.685,4015.185,0.0973
1784003100000,2026-07-14,04:25:00,4015.225,4017.125,4015.015,4015.445,0.0914
1784003400000,2026-07-14,04:30:00,4015.425,4022.745,4015.345,4021.455,0.1312
1784003700000,2026-07-14,04:35:00,4021.475,4023.455,4020.775,4021.655,0.1276
1784004000000,2026-07-14,04:40:00,4021.675,4022.195,4020.225,4020.265,0.1136
1784004300000,2026-07-14,04:45:00,4020.185,4020.715,4017.555,4017.555,0.1111
1784004600000,2026-07-14,04:50:00,4017.475,4019.805,4015.775,4019.515,0.1283
1784004900000,2026-07-14,04:55:00,4019.495,4021.115,4017.405,4020.025,0.113
1784005200000,2026-07-14,05:00:00,4020.325,4022.565,4019.465,4019.465,0.1483
1784005500000,2026-07-14,05:05:00,4019.455,4022.805,4019.325,4022.465,0.1049
1784005800000,2026-07-14,05:10:00,4022.515,4023.525,4022.035,4022.745,0.105
1784006100000,2026-07-14,05:15:00,4022.815,4023.815,4019.605,4021.155,0.1212
1784006400000,2026-07-14,05:20:00,4021.135,4022.275,4020.245,4020.495,0.1044
1784006700000,2026-07-14,05:25:00,4020.485,4023.035,4020.145,4022.375,0.104
1784007000000,2026-07-14,05:30:00,4022.555,4029.875,4022.245,4028.295,0.2719
1784007300000,2026-07-14,05:35:00,4028.295,4030.615,4026.965,4027.695,0.2181
1784007600000,2026-07-14,05:40:00,4027.645,4034.005,4027.375,4031.795,0.1972
1784007900000,2026-07-14,05:45:00,4031.715,4032.395,4029.185,4030.455,0.2045
1784008200000,2026-07-14,05:50:00,4030.475,4030.995,4028.775,4030.505,0.1777
1784008500000,2026-07-14,05:55:00,4030.715,4032.425,4029.865,4031.145,0.1828
1784008800000,2026-07-14,06:00:00,4031.135,4032.115,4028.835,4029.705,0.165
1784009100000,2026-07-14,06:05:00,4029.665,4031.965,4028.455,4031.605,0.1309
1784009400000,2026-07-14,06:10:00,4031.735,4032.875,4030.115,4030.605,0.1406
1784009700000,2026-07-14,06:15:00,4030.655,4030.795,4027.815,4028.005,0.1211
1784010000000,2026-07-14,06:20:00,4027.955,4028.665,4026.135,4027.505,0.1189
1784010300000,2026-07-14,06:25:00,4027.535,4027.535,4022.685,4022.705,0.1526
1784010600000,2026-07-14,06:30:00,4022.685,4025.935,4022.345,4025.235,0.1433
1784010900000,2026-07-14,06:35:00,4025.195,4026.105,4022.635,4023.775,0.1383
1784011200000,2026-07-14,06:40:00,4023.735,4025.275,4021.515,4024.995,0.1185
1784011500000,2026-07-14,06:45:00,4025.025,4025.965,4023.285,4024.065,0.1167
1784011800000,2026-07-14,06:50:00,4024.165,4026.605,4023.075,4023.165,0.1246
1784012100000,2026-07-14,06:55:00,4023.195,4024.815,4022.765,4023.645,0.1455
1784012400000,2026-07-14,07:00:00,4023.625,4025.675,4020.465,4025.425,0.1791
1784012700000,2026-07-14,07:05:00,4025.485,4028.825,4025.405,4028.805,0.1381
1784013000000,2026-07-14,07:10:00,4028.805,4028.805,4024.285,4024.655,0.1508
1784013300000,2026-07-14,07:15:00,4024.635,4027.495,4024.285,4027.025,0.1158
1784013600000,2026-07-14,07:20:00,4026.955,4029.775,4025.935,4028.335,0.1269
1784013900000,2026-07-14,07:25:00,4028.285,4029.285,4025.805,4026.075,0.1256
1784014200000,2026-07-14,07:30:00,4026.125,4026.395,4022.605,4025.425,0.1295
1784014500000,2026-07-14,07:35:00,4025.465,4029.325,4024.505,4026.285,0.1477
1784014800000,2026-07-14,07:40:00,4026.345,4026.365,4022.785,4023.455,0.1385
1784015100000,2026-07-14,07:45:00,4023.495,4024.055,4021.885,4023.045,0.149
1784015400000,2026-07-14,07:50:00,4023.185,4025.945,4021.505,4025.025,0.1735
1784015700000,2026-07-14,07:55:00,4025.045,4025.525,4019.865,4020.505,0.1515
1784016000000,2026-07-14,08:00:00,4020.425,4022.215,4016.685,4018.445,0.2013
1784016300000,2026-07-14,08:05:00,4018.765,4019.985,4014.045,4015.695,0.1968
1784016600000,2026-07-14,08:10:00,4016.075,4017.875,4015.845,4017.035,0.121
1784016900000,2026-07-14,08:15:00,4017.075,4020.815,4017.055,4018.945,0.1061
1784017200000,2026-07-14,08:20:00,4018.925,4020.615,4018.185,4019.405,0.1009
1784017500000,2026-07-14,08:25:00,4019.375,4022.855,4019.105,4021.505,0.1298
1784017800000,2026-07-14,08:30:00,4021.465,4023.695,4018.585,4019.635,0.1153
1784018100000,2026-07-14,08:35:00,4019.625,4020.975,4018.635,4019.285,0.1058
1784018400000,2026-07-14,08:40:00,4019.325,4022.395,4018.635,4019.255,0.154
1784018700000,2026-07-14,08:45:00,4019.325,4020.705,4018.405,4019.155,0.1361
1784019000000,2026-07-14,08:50:00,4019.125,4020.325,4017.325,4019.355,0.1419
1784019300000,2026-07-14,08:55:00,4019.455,4019.745,4015.695,4015.835,0.1528
1784019600000,2026-07-14,09:00:00,4015.885,4019.875,4013.695,4019.595,0.1423
1784019900000,2026-07-14,09:05:00,4019.595,4021.755,4018.105,4021.025,0.0994
1784020200000,2026-07-14,09:10:00,4021.015,4024.265,4019.725,4020.355,0.1256
1784020500000,2026-07-14,09:15:00,4020.415,4020.525,4017.955,4020.265,0.1651
1784020800000,2026-07-14,09:20:00,4020.215,4021.565,4017.275,4018.235,0.1581
1784021100000,2026-07-14,09:25:00,4018.265,4018.735,4014.825,4015.605,0.1176
1784021400000,2026-07-14,09:30:00,4015.475,4016.965,4013.415,4013.845,0.1206
1784021700000,2026-07-14,09:35:00,4013.795,4016.285,4013.565,4015.995,0.1087
1784022000000,2026-07-14,09:40:00,4015.965,4017.945,4015.495,4016.935,0.1285
1784022300000,2026-07-14,09:45:00,4016.975,4023.775,4016.275,4022.835,0.1367
1784022600000,2026-07-14,09:50:00,4022.885,4023.645,4020.235,4020.675,0.1297
1784022900000,2026-07-14,09:55:00,4020.605,4021.585,4018.895,4021.455,0.1046
1784023200000,2026-07-14,10:00:00,4021.395,4022.025,4018.075,4019.345,0.1057
1784023500000,2026-07-14,10:05:00,4019.145,4019.805,4017.335,4017.765,0.0903
1784023800000,2026-07-14,10:10:00,4017.785,4019.465,4016.505,4017.935,0.0893
1784024100000,2026-07-14,10:15:00,4017.915,4019.895,4017.035,4018.655,0.0996
1784024400000,2026-07-14,10:20:00,4018.595,4018.935,4016.595,4017.365,0.0907
1784024700000,2026-07-14,10:25:00,4017.285,4017.785,4015.385,4017.535,0.1043
1784025000000,2026-07-14,10:30:00,4017.585,4018.725,4015.005,4015.845,0.1163
1784025300000,2026-07-14,10:35:00,4015.805,4019.035,4014.905,4018.755,0.131
1784025600000,2026-07-14,10:40:00,4018.675,4019.815,4017.915,4018.775,0.095
1784025900000,2026-07-14,10:45:00,4018.745,4021.935,4017.855,4021.415,0.0907
1784026200000,2026-07-14,10:50:00,4021.465,4021.545,4018.785,4020.005,0.0871
1784026500000,2026-07-14,10:55:00,4019.965,4022.605,4019.325,4021.435,0.1131
1784026800000,2026-07-14,11:00:00,4021.475,4022.525,4019.355,4020.255,0.1951
1784027100000,2026-07-14,11:05:00,4020.455,4021.615,4015.195,4015.905,0.1363
1784027400000,2026-07-14,11:10:00,4015.885,4023.855,4015.885,4022.695,0.1297
1784027700000,2026-07-14,11:15:00,4022.565,4023.745,4020.265,4022.615,0.1139
1784028000000,2026-07-14,11:20:00,4022.495,4027.875,4022.375,4027.485,0.125
1784028300000,2026-07-14,11:25:00,4027.495,4028.175,4024.365,4024.585,0.1328
1784028600000,2026-07-14,11:30:00,4024.605,4028.725,4024.205,4027.415,0.1352
1784028900000,2026-07-14,11:35:00,4027.395,4030.095,4027.145,4028.235,0.1134
1784029200000,2026-07-14,11:40:00,4028.275,4029.725,4026.875,4027.935,0.0995
1784029500000,2026-07-14,11:45:00,4027.845,4030.255,4025.425,4028.245,0.1063
1784029800000,2026-07-14,11:50:00,4028.385,4029.595,4026.305,4028.865,0.1053
1784030100000,2026-07-14,11:55:00,4028.835,4031.555,4028.425,4030.945,0.1015
1784030400000,2026-07-14,12:00:00,4030.885,4035.655,4028.925,4029.675,0.1624
1784030700000,2026-07-14,12:05:00,4029.635,4030.585,4024.895,4025.645,0.1507
1784031000000,2026-07-14,12:10:00,4025.725,4028.175,4024.915,4025.545,0.1228
1784031300000,2026-07-14,12:15:00,4025.545,4028.365,4024.545,4026.965,0.1058
1784031600000,2026-07-14,12:20:00,4026.615,4028.705,4022.935,4028.525,0.183
1784031900000,2026-07-14,12:25:00,4028.475,4030.625,4026.625,4029.645,0.1522
1784032200000,2026-07-14,12:30:00,4029.605,4100.785,4028.915,4095.735,0.4821
1784032500000,2026-07-14,12:35:00,4095.425,4099.985,4081.505,4086.555,0.289
1784032800000,2026-07-14,12:40:00,4086.995,4094.085,4084.045,4092.615,0.2677
1784033100000,2026-07-14,12:45:00,4092.965,4094.925,4082.145,4084.775,0.2145
1784033400000,2026-07-14,12:50:00,4084.475,4084.965,4072.405,4072.785,0.2002
1784033700000,2026-07-14,12:55:00,4071.655,4076.795,4068.695,4075.915,0.1783
1784034000000,2026-07-14,13:00:00,4075.895,4083.265,4071.815,4072.485,0.2282
1784034300000,2026-07-14,13:05:00,4072.435,4080.265,4070.715,4077.155,0.1601
1784034600000,2026-07-14,13:10:00,4077.285,4080.115,4071.705,4074.815,0.1697
1784034900000,2026-07-14,13:15:00,4074.815,4080.135,4073.805,4076.075,0.1478
1784035200000,2026-07-14,13:20:00,4075.975,4086.215,4071.905,4083.815,0.158
1784035500000,2026-07-14,13:25:00,4083.865,4085.775,4080.885,4081.445,0.1583
1784035800000,2026-07-14,13:30:00,4081.475,4084.595,4075.325,4080.285,0.2749
1784036100000,2026-07-14,13:35:00,4080.395,4088.335,4078.355,4086.265,0.2713
1784036400000,2026-07-14,13:40:00,4086.285,4088.625,4082.275,4087.375,0.2889
1784036700000,2026-07-14,13:45:00,4087.315,4087.315,4080.225,4082.945,0.2525
1784037000000,2026-07-14,13:50:00,4082.915,4084.845,4073.925,4076.145,0.2786
1784037300000,2026-07-14,13:55:00,4076.115,4078.595,4074.255,4076.315,0.2275
1784037600000,2026-07-14,14:00:00,4076.275,4080.165,4073.225,4073.875,0.2319
1784037900000,2026-07-14,14:05:00,4073.645,4081.035,4072.405,4079.495,0.2748
1784038200000,2026-07-14,14:10:00,4079.475,4085.015,4076.875,4082.035,0.247
1784038500000,2026-07-14,14:15:00,4082.065,4082.065,4070.205,4072.965,0.2708
1784038800000,2026-07-14,14:20:00,4072.995,4085.025,4072.785,4078.285,0.2527
1784039100000,2026-07-14,14:25:00,4078.225,4079.105,4073.745,4076.565,0.312
1784039400000,2026-07-14,14:30:00,4076.545,4090.135,4072.985,4079.692,0.2387
1784039700000,2026-07-14,14:35:00,4079.752,4080.975,4073.985,4079.485,0.1981
1784040000000,2026-07-14,14:40:00,4079.515,4082.405,4077.535,4079.785,0.1605
1784040300000,2026-07-14,14:45:00,4079.815,4082.455,4078.135,4078.835,0.1705
1784040600000,2026-07-14,14:50:00,4078.825,4083.655,4076.525,4082.225,0.1544
1784040900000,2026-07-14,14:55:00,4082.195,4087.395,4080.245,4084.915,0.1508
1784041200000,2026-07-14,15:00:00,4084.895,4092.735,4078.575,4088.435,0.1714
1784041500000,2026-07-14,15:05:00,4088.355,4100.615,4085.065,4095.505,0.2013
1784041800000,2026-07-14,15:10:00,4095.875,4097.205,4089.045,4089.965,0.1559
1784042100000,2026-07-14,15:15:00,4089.815,4090.885,4085.505,4086.705,0.1552
1784042400000,2026-07-14,15:20:00,4086.495,4090.145,4083.765,4086.905,0.1144
1784042700000,2026-07-14,15:25:00,4086.935,4087.035,4082.365,4084.885,0.1152
1784043000000,2026-07-14,15:30:00,4084.815,4086.715,4080.495,4081.255,0.1412
1784043300000,2026-07-14,15:35:00,4081.275,4082.165,4075.545,4075.915,0.1488
1784043600000,2026-07-14,15:40:00,4075.895,4076.985,4065.945,4073.845,0.178
1784043900000,2026-07-14,15:45:00,4073.745,4076.315,4070.625,4071.385,0.1405
1784044200000,2026-07-14,15:50:00,4071.065,4072.065,4065.995,4066.665,0.1624
1784044500000,2026-07-14,15:55:00,4066.765,4068.245,4064.515,4065.945,0.1559
1784044800000,2026-07-14,16:00:00,4065.965,4066.615,4061.155,4063.735,0.1585
1784045100000,2026-07-14,16:05:00,4063.775,4064.145,4057.305,4060.025,0.1466
1784045400000,2026-07-14,16:10:00,4060.075,4064.575,4060.025,4062.805,0.1577
1784045700000,2026-07-14,16:15:00,4062.735,4064.685,4060.535,4062.725,0.1071
1784046000000,2026-07-14,16:20:00,4062.665,4063.335,4057.425,4060.495,0.1104
1784046300000,2026-07-14,16:25:00,4060.565,4061.955,4058.155,4058.905,0.0879
1784046600000,2026-07-14,16:30:00,4058.965,4062.495,4058.605,4059.635,0.1171
1784046900000,2026-07-14,16:35:00,4059.505,4060.915,4057.385,4059.805,0.1131
1784047200000,2026-07-14,16:40:00,4059.765,4062.505,4058.945,4060.665,0.0922
1784047500000,2026-07-14,16:45:00,4060.705,4061.805,4056.965,4059.535,0.1044
1784047800000,2026-07-14,16:50:00,4059.545,4061.065,4058.215,4059.945,0.0925
1784048100000,2026-07-14,16:55:00,4059.975,4062.035,4058.335,4061.385,0.0862
1784048400000,2026-07-14,17:00:00,4061.445,4064.275,4059.225,4060.115,0.1186
1784048700000,2026-07-14,17:05:00,4060.095,4060.705,4056.415,4059.175,0.1017
1784049000000,2026-07-14,17:10:00,4059.225,4059.595,4055.075,4056.375,0.112
1784049300000,2026-07-14,17:15:00,4056.395,4056.985,4054.255,4056.785,0.1142
1784049600000,2026-07-14,17:20:00,4056.675,4061.255,4055.985,4060.595,0.1018
1784049900000,2026-07-14,17:25:00,4060.535,4063.955,4059.145,4062.685,0.1072
1784050200000,2026-07-14,17:30:00,4062.645,4064.765,4060.635,4061.905,0.0905
1784050500000,2026-07-14,17:35:00,4061.885,4062.555,4060.075,4061.925,0.0776
1784050800000,2026-07-14,17:40:00,4061.745,4062.505,4058.465,4059.575,0.0782
1784051100000,2026-07-14,17:45:00,4059.625,4061.765,4057.085,4061.475,0.08
1784051400000,2026-07-14,17:50:00,4061.495,4063.255,4061.065,4062.785,0.0662
1784051700000,2026-07-14,17:55:00,4062.745,4063.695,4060.825,4062.505,0.0801
1784052000000,2026-07-14,18:00:00,4062.115,4062.635,4059.415,4061.885,0.0795
1784052300000,2026-07-14,18:05:00,4061.805,4062.095,4058.755,4060.275,0.0745
1784052600000,2026-07-14,18:10:00,4060.385,4061.535,4059.605,4061.455,0.0748
1784052900000,2026-07-14,18:15:00,4061.435,4062.935,4060.715,4062.415,0.0882
1784053200000,2026-07-14,18:20:00,4062.485,4062.515,4056.645,4056.945,0.0794
1784053500000,2026-07-14,18:25:00,4056.925,4058.865,4056.155,4058.365,0.076
1784053800000,2026-07-14,18:30:00,4058.315,4059.285,4055.055,4056.545,0.073
1784054100000,2026-07-14,18:35:00,4056.515,4056.715,4051.275,4053.045,0.0914
1784054400000,2026-07-14,18:40:00,4053.015,4054.145,4042.605,4046.515,0.1621
1784054700000,2026-07-14,18:45:00,4046.465,4050.365,4044.605,4049.025,0.1071
1784055000000,2026-07-14,18:50:00,4049.035,4051.405,4046.695,4051.405,0.0873
1784055300000,2026-07-14,18:55:00,4051.495,4054.265,4050.805,4053.875,0.0978
1784055600000,2026-07-14,19:00:00,4053.895,4054.655,4051.925,4052.705,0.1088
1784055900000,2026-07-14,19:05:00,4052.745,4054.565,4052.035,4054.065,0.0769
1784056200000,2026-07-14,19:10:00,4054.015,4057.085,4052.665,4056.315,0.0898
1784056500000,2026-07-14,19:15:00,4056.285,4056.665,4054.985,4056.095,0.096
1784056800000,2026-07-14,19:20:00,4056.135,4056.145,4051.975,4052.385,0.0728
1784057100000,2026-07-14,19:25:00,4052.345,4053.185,4051.075,4051.455,0.0941
1784057400000,2026-07-14,19:30:00,4051.415,4051.495,4047.365,4050.065,0.1241
1784057700000,2026-07-14,19:35:00,4049.985,4052.045,4049.135,4050.945,0.0822
1784058000000,2026-07-14,19:40:00,4050.925,4052.605,4050.055,4052.345,0.082
1784058300000,2026-07-14,19:45:00,4052.275,4054.485,4051.275,4052.405,0.079
1784058600000,2026-07-14,19:50:00,4052.445,4056.625,4050.345,4055.245,0.1021
1784058900000,2026-07-14,19:55:00,4055.505,4056.675,4053.225,4055.555,0.1202
1784059200000,2026-07-14,20:00:00,4055.525,4056.235,4052.745,4054.635,0.0511
1784059500000,2026-07-14,20:05:00,4054.665,4055.395,4053.035,4054.495,0.036
1784059800000,2026-07-14,20:10:00,4054.535,4055.225,4053.305,4053.305,0.0324
1784060100000,2026-07-14,20:15:00,4053.295,4054.275,4052.365,4052.505,0.0298
1784060400000,2026-07-14,20:20:00,4052.475,4053.845,4050.365,4053.565,0.0282
1784060700000,2026-07-14,20:25:00,4053.525,4053.835,4052.445,4052.805,0.0357
1784061000000,2026-07-14,20:30:00,4053.105,4053.275,4050.567,4050.912,0.0342
1784061300000,2026-07-14,20:35:00,4050.917,4051.907,4049.825,4049.955,0.0371
1784061600000,2026-07-14,20:40:00,4050.065,4051.585,4049.455,4050.275,0.0294
1784061900000,2026-07-14,20:45:00,4049.995,4050.995,4049.075,4049.935,0.0353
1784062200000,2026-07-14,20:50:00,4049.895,4052.675,4048.895,4052.075,0.0318
1784062500000,2026-07-14,20:55:00,4052.025,4052.845,4051.355,4052.385,0.0345
1784066400000,2026-07-14,22:00:00,4051.285,4053.295,4050.515,4052.795,0.0422
1784066700000,2026-07-14,22:05:00,4052.795,4052.825,4051.085,4051.415,0.0198
1784067000000,2026-07-14,22:10:00,4051.445,4051.445,4045.475,4050.345,0.0434
1784067300000,2026-07-14,22:15:00,4050.325,4050.785,4046.045,4050.125,0.0417
1784067600000,2026-07-14,22:20:00,4050.105,4051.815,4047.115,4049.735,0.0441
1784067900000,2026-07-14,22:25:00,4049.765,4051.635,4048.875,4051.235,0.0507
1784068200000,2026-07-14,22:30:00,4051.255,4052.435,4050.995,4051.925,0.0397
1784068500000,2026-07-14,22:35:00,4051.825,4052.405,4049.695,4050.605,0.0442
1784068800000,2026-07-14,22:40:00,4050.535,4051.925,4045.525,4050.325,0.047
1784069100000,2026-07-14,22:45:00,4050.365,4050.505,4047.975,4049.005,0.0431
1784069400000,2026-07-14,22:50:00,4048.985,4050.235,4048.425,4049.145,0.0291
1784069700000,2026-07-14,22:55:00,4049.165,4049.655,4043.975,4044.285,0.0155
1784070000000,2026-07-14,23:00:00,4044.075,4045.355,4043.645,4044.545,0.004
1784070300000,2026-07-14,23:05:00,4044.845,4045.125,4043.635,4044.825,0.0026
1784070600000,2026-07-14,23:10:00,4044.535,4048.975,4044.535,4047.265,0.0399
1784070900000,2026-07-14,23:15:00,4047.295,4048.225,4046.475,4047.715,0.0348
1784071200000,2026-07-14,23:20:00,4047.685,4050.155,4047.555,4049.385,0.0419
1784071500000,2026-07-14,23:25:00,4049.435,4053.945,4049.205,4053.705,0.0676
1784071800000,2026-07-14,23:30:00,4053.755,4054.755,4049.125,4054.575,0.0656
1784072100000,2026-07-14,23:35:00,4054.495,4055.975,4052.535,4053.215,0.0683
1784072400000,2026-07-14,23:40:00,4053.245,4055.055,4052.845,4054.315,0.038
1784072700000,2026-07-14,23:45:00,4054.335,4054.855,4052.295,4052.675,0.05
1784073000000,2026-07-14,23:50:00,4052.645,4054.015,4051.935,4053.885,0.0412
1784073300000,2026-07-14,23:55:00,4054.285,4054.285,4051.615,4052.575,0.0882
1784073600000,2026-07-15,00:00:00,4052.685,4055.925,4050.585,4054.575,0.1268
1784073900000,2026-07-15,00:05:00,4054.605,4055.375,4049.605,4053.665,0.1156
1784074200000,2026-07-15,00:10:00,4053.625,4054.815,4049.025,4051.095,0.1061
1784074500000,2026-07-15,00:15:00,4051.035,4055.805,4050.815,4051.785,0.1004
1784074800000,2026-07-15,00:20:00,4051.775,4056.205,4048.595,4055.225,0.1073
1784075100000,2026-07-15,00:25:00,4055.255,4058.135,4054.545,4058.135,0.0964
1784075400000,2026-07-15,00:30:00,4058.245,4058.315,4054.895,4055.425,0.0797
1784075700000,2026-07-15,00:35:00,4055.445,4056.095,4051.735,4053.845,0.0955
1784076000000,2026-07-15,00:40:00,4053.875,4054.665,4052.335,4054.305,0.0987
1784076300000,2026-07-15,00:45:00,4054.335,4056.785,4053.885,4054.665,0.0948
1784076600000,2026-07-15,00:50:00,4054.615,4057.835,4054.295,4057.525,0.0876
1784076900000,2026-07-15,00:55:00,4057.635,4060.365,4056.995,4058.705,0.1143
1784077200000,2026-07-15,01:00:00,4059.225,4061.875,4055.075,4057.845,0.2109
1784077500000,2026-07-15,01:05:00,4057.615,4061.555,4054.765,4056.145,0.1905
1784077800000,2026-07-15,01:10:00,4056.155,4058.795,4054.745,4055.415,0.1817
1784078100000,2026-07-15,01:15:00,4055.395,4056.935,4053.445,4055.075,0.183
1784078400000,2026-07-15,01:20:00,4055.075,4055.885,4052.255,4053.505,0.198
1784078700000,2026-07-15,01:25:00,4053.675,4056.475,4053.445,4054.145,0.1692
1784079000000,2026-07-15,01:30:00,4054.085,4054.395,4046.725,4050.545,0.229
1784079300000,2026-07-15,01:35:00,4050.655,4050.655,4045.195,4046.015,0.1795
1784079600000,2026-07-15,01:40:00,4046.045,4046.065,4036.135,4038.475,0.2078
1784079900000,2026-07-15,01:45:00,4038.395,4042.305,4037.645,4041.185,0.1935
1784080200000,2026-07-15,01:50:00,4041.215,4041.355,4037.445,4040.825,0.1752
1784080500000,2026-07-15,01:55:00,4040.955,4041.085,4035.165,4036.845,0.1674
1784080800000,2026-07-15,02:00:00,4036.485,4039.835,4033.585,4038.715,0.183
1784081100000,2026-07-15,02:05:00,4038.785,4041.815,4038.065,4040.385,0.1863
1784081400000,2026-07-15,02:10:00,4040.365,4041.945,4035.345,4036.405,0.1884
1784081700000,2026-07-15,02:15:00,4036.415,4036.515,4029.275,4029.985,0.1591
1784082000000,2026-07-15,02:20:00,4029.955,4032.265,4028.995,4031.445,0.1384
1784082300000,2026-07-15,02:25:00,4031.405,4033.265,4029.985,4032.955,0.1251
1784082600000,2026-07-15,02:30:00,4032.675,4036.235,4032.375,4035.495,0.2063
1784082900000,2026-07-15,02:35:00,4035.495,4037.625,4035.425,4037.485,0.1579
1784083200000,2026-07-15,02:40:00,4037.515,4041.795,4036.735,4041.395,0.1525
1784083500000,2026-07-15,02:45:00,4041.495,4041.775,4038.575,4039.675,0.1412
1784083800000,2026-07-15,02:50:00,4039.645,4039.695,4034.105,4034.895,0.1702
1784084100000,2026-07-15,02:55:00,4034.765,4039.165,4034.765,4034.965,0.1858
1784084400000,2026-07-15,03:00:00,4034.895,4039.825,4034.325,4039.095,0.1694
1784084700000,2026-07-15,03:05:00,4039.055,4040.135,4035.745,4036.435,0.1305
1784085000000,2026-07-15,03:10:00,4036.525,4036.945,4032.805,4033.935,0.1372
1784085300000,2026-07-15,03:15:00,4033.955,4035.045,4031.545,4032.195,0.1479
1784085600000,2026-07-15,03:20:00,4032.225,4032.965,4030.395,4030.665,0.1498
1784085900000,2026-07-15,03:25:00,4030.745,4032.515,4029.805,4030.655,0.1435
1784086200000,2026-07-15,03:30:00,4030.715,4033.465,4027.785,4033.135,0.1263
1784086500000,2026-07-15,03:35:00,4033.175,4035.605,4032.235,4032.395,0.104
1784086800000,2026-07-15,03:40:00,4032.345,4032.585,4028.085,4029.025,0.1263
1784087100000,2026-07-15,03:45:00,4029.025,4032.155,4028.775,4032.005,0.1108
1784087400000,2026-07-15,03:50:00,4031.895,4033.255,4030.805,4030.805,0.0919
1784087700000,2026-07-15,03:55:00,4030.835,4031.965,4030.565,4031.135,0.0661
1784088000000,2026-07-15,04:00:00,4031.085,4033.005,4030.425,4031.115,0.0935
1784088300000,2026-07-15,04:05:00,4031.085,4032.005,4029.785,4031.655,0.091
1784088600000,2026-07-15,04:10:00,4031.775,4032.895,4031.225,4031.355,0.0962
1784088900000,2026-07-15,04:15:00,4031.305,4033.965,4030.705,4033.855,0.0802
1784089200000,2026-07-15,04:20:00,4033.915,4033.915,4032.095,4032.965,0.0927
1784089500000,2026-07-15,04:25:00,4032.935,4034.745,4032.675,4033.455,0.0916
1784089800000,2026-07-15,04:30:00,4033.415,4034.775,4031.335,4031.465,0.0756
1784090100000,2026-07-15,04:35:00,4031.445,4032.585,4030.105,4030.545,0.1234
1784090400000,2026-07-15,04:40:00,4030.585,4031.755,4027.825,4029.865,0.119
1784090700000,2026-07-15,04:45:00,4029.965,4034.095,4029.885,4031.265,0.0809
1784091000000,2026-07-15,04:50:00,4031.235,4034.105,4031.235,4032.575,0.0737
1784091300000,2026-07-15,04:55:00,4032.605,4033.345,4031.475,4032.825,0.0643
1784091600000,2026-07-15,05:00:00,4033.435,4035.935,4031.165,4031.585,0.1837
1784091900000,2026-07-15,05:05:00,4031.755,4032.935,4028.935,4030.825,0.1489
1784092200000,2026-07-15,05:10:00,4030.745,4031.285,4025.115,4025.815,0.1305
1784092500000,2026-07-15,05:15:00,4025.795,4028.305,4025.295,4027.475,0.1133
1784092800000,2026-07-15,05:20:00,4027.445,4028.455,4025.795,4027.015,0.1023
1784093100000,2026-07-15,05:25:00,4027.045,4027.045,4024.185,4024.875,0.1089
1784093400000,2026-07-15,05:30:00,4024.835,4029.265,4021.665,4027.955,0.1954
1784093700000,2026-07-15,05:35:00,4027.925,4031.785,4026.735,4031.185,0.1686
1784094000000,2026-07-15,05:40:00,4031.265,4036.515,4029.055,4029.455,0.1912
1784094300000,2026-07-15,05:45:00,4029.535,4029.705,4026.995,4028.825,0.1732
1784094600000,2026-07-15,05:50:00,4028.855,4030.315,4027.635,4030.175,0.1497
1784094900000,2026-07-15,05:55:00,4030.125,4034.725,4027.815,4034.485,0.1604
1784095200000,2026-07-15,06:00:00,4034.445,4035.165,4030.455,4030.965,0.1319
1784095500000,2026-07-15,06:05:00,4030.935,4031.425,4027.405,4029.675,0.1351
1784095800000,2026-07-15,06:10:00,4029.705,4029.895,4026.905,4027.315,0.1155
1784096100000,2026-07-15,06:15:00,4027.335,4027.765,4023.335,4026.515,0.1466
1784096400000,2026-07-15,06:20:00,4026.465,4026.945,4021.065,4026.315,0.1384
1784096700000,2026-07-15,06:25:00,4026.285,4028.495,4025.175,4026.215,0.1213
1784097000000,2026-07-15,06:30:00,4026.315,4027.935,4022.285,4027.845,0.146
1784097300000,2026-07-15,06:35:00,4027.895,4030.635,4026.905,4028.905,0.1007
1784097600000,2026-07-15,06:40:00,4028.935,4032.865,4028.045,4032.235,0.1029
1784097900000,2026-07-15,06:45:00,4032.255,4032.295,4029.375,4029.705,0.1207
1784098200000,2026-07-15,06:50:00,4029.785,4033.535,4029.575,4032.225,0.146
1784098500000,2026-07-15,06:55:00,4032.255,4032.565,4030.305,4031.875,0.1601
1784098800000,2026-07-15,07:00:00,4031.965,4034.125,4028.955,4032.575,0.157
1784099100000,2026-07-15,07:05:00,4032.535,4032.535,4028.975,4029.195,0.1123
1784099400000,2026-07-15,07:10:00,4029.165,4030.975,4027.965,4029.195,0.0928
1784099700000,2026-07-15,07:15:00,4029.215,4029.755,4027.835,4029.085,0.1184
1784100000000,2026-07-15,07:20:00,4029.085,4029.595,4025.095,4025.925,0.1488
1784100300000,2026-07-15,07:25:00,4025.905,4026.125,4019.765,4023.775,0.215
1784100600000,2026-07-15,07:30:00,4023.945,4026.795,4021.805,4023.555,0.1605
1784100900000,2026-07-15,07:35:00,4023.555,4023.575,4019.545,4020.245,0.1439
1784101200000,2026-07-15,07:40:00,4020.305,4022.505,4019.465,4022.405,0.1472
1784101500000,2026-07-15,07:45:00,4022.405,4026.345,4021.025,4024.455,0.1318
1784101800000,2026-07-15,07:50:00,4024.465,4025.595,4022.165,4025.425,0.1312
1784102100000,2026-07-15,07:55:00,4025.385,4026.605,4023.245,4024.355,0.1335
1784102400000,2026-07-15,08:00:00,4024.455,4025.735,4020.145,4024.665,0.2047
1784102700000,2026-07-15,08:05:00,4024.585,4025.445,4021.765,4022.335,0.1431
1784103000000,2026-07-15,08:10:00,4022.245,4023.365,4017.155,4017.705,0.1593
1784103300000,2026-07-15,08:15:00,4017.815,4025.135,4017.785,4023.885,0.1717
1784103600000,2026-07-15,08:20:00,4023.885,4024.985,4022.305,4024.255,0.1618
1784103900000,2026-07-15,08:25:00,4024.325,4026.615,4022.545,4026.615,0.1765
1784104200000,2026-07-15,08:30:00,4026.535,4029.055,4025.595,4027.635,0.1839
1784104500000,2026-07-15,08:35:00,4027.625,4028.115,4024.405,4026.245,0.1135
1784104800000,2026-07-15,08:40:00,4026.265,4028.405,4026.105,4028.235,0.1009
1784105100000,2026-07-15,08:45:00,4028.235,4029.965,4027.445,4029.385,0.1145
1784105400000,2026-07-15,08:50:00,4029.425,4030.815,4028.545,4030.355,0.0979
1784105700000,2026-07-15,08:55:00,4030.375,4033.065,4029.365,4030.915,0.1095
1784106000000,2026-07-15,09:00:00,4031.255,4034.045,4030.495,4033.015,0.1402
1784106300000,2026-07-15,09:05:00,4033.005,4034.045,4029.935,4032.285,0.1754
1784106600000,2026-07-15,09:10:00,4032.265,4033.065,4029.375,4030.105,0.1144
1784106900000,2026-07-15,09:15:00,4030.075,4031.075,4028.645,4031.045,0.1119
1784107200000,2026-07-15,09:20:00,4031.045,4032.705,4029.235,4029.605,0.1108
1784107500000,2026-07-15,09:25:00,4029.605,4029.605,4026.825,4027.155,0.1188
1784107800000,2026-07-15,09:30:00,4027.115,4029.365,4026.285,4026.615,0.1275
1784108100000,2026-07-15,09:35:00,4026.615,4027.475,4025.205,4026.055,0.1058
1784108400000,2026-07-15,09:40:00,4026.035,4027.895,4026.035,4027.205,0.0773
1784108700000,2026-07-15,09:45:00,4027.185,4028.345,4026.125,4028.225,0.0931
1784109000000,2026-07-15,09:50:00,4028.075,4028.505,4026.705,4028.355,0.1081
1784109300000,2026-07-15,09:55:00,4028.255,4030.325,4025.965,4030.125,0.1274
1784109600000,2026-07-15,10:00:00,4030.155,4031.295,4028.595,4030.145,0.117
1784109900000,2026-07-15,10:05:00,4030.165,4032.785,4028.395,4030.265,0.1252
1784110200000,2026-07-15,10:10:00,4030.265,4035.755,4029.435,4033.575,0.1279
1784110500000,2026-07-15,10:15:00,4033.505,4033.725,4031.465,4031.905,0.104
1784110800000,2026-07-15,10:20:00,4031.895,4035.315,4028.645,4029.165,0.1891
1784111100000,2026-07-15,10:25:00,4029.205,4029.895,4026.395,4028.595,0.1796
1784111400000,2026-07-15,10:30:00,4028.545,4031.045,4028.145,4030.115,0.1372
1784111700000,2026-07-15,10:35:00,4030.135,4033.985,4029.875,4033.445,0.1155
1784112000000,2026-07-15,10:40:00,4033.465,4033.515,4029.935,4030.915,0.1159
1784112300000,2026-07-15,10:45:00,4030.975,4030.985,4026.745,4028.225,0.1114
1784112600000,2026-07-15,10:50:00,4028.285,4028.705,4027.335,4028.705,0.104
1784112900000,2026-07-15,10:55:00,4028.625,4028.775,4026.775,4027.895,0.1229
1784113200000,2026-07-15,11:00:00,4027.755,4031.225,4027.555,4028.655,0.1525
1784113500000,2026-07-15,11:05:00,4028.545,4031.485,4028.195,4031.045,0.1584
1784113800000,2026-07-15,11:10:00,4031.055,4032.655,4030.025,4030.115,0.1332
1784114100000,2026-07-15,11:15:00,4030.145,4030.405,4027.375,4029.105,0.1475
1784114400000,2026-07-15,11:20:00,4029.225,4030.245,4028.265,4029.895,0.1219
1784114700000,2026-07-15,11:25:00,4029.725,4030.985,4028.485,4030.515,0.1216
1784115000000,2026-07-15,11:30:00,4030.545,4033.365,4029.055,4032.975,0.1209
1784115300000,2026-07-15,11:35:00,4033.135,4035.675,4031.715,4035.385,0.1126
1784115600000,2026-07-15,11:40:00,4035.385,4039.315,4035.125,4037.235,0.1367
1784115900000,2026-07-15,11:45:00,4037.335,4038.625,4035.375,4036.175,0.1185
1784116200000,2026-07-15,11:50:00,4036.385,4039.985,4035.355,4036.095,0.1816
1784116500000,2026-07-15,11:55:00,4036.115,4039.015,4035.635,4038.085,0.1539
1784116800000,2026-07-15,12:00:00,4038.245,4042.375,4037.785,4040.805,0.1734
1784117100000,2026-07-15,12:05:00,4040.695,4040.785,4036.925,4037.045,0.1612
1784117400000,2026-07-15,12:10:00,4037.045,4038.835,4035.515,4037.645,0.1609
1784117700000,2026-07-15,12:15:00,4037.705,4040.545,4037.685,4038.965,0.1663
1784118000000,2026-07-15,12:20:00,4039.115,4040.585,4037.965,4039.135,0.2088
1784118300000,2026-07-15,12:25:00,4039.145,4039.845,4037.195,4038.505,0.1941
1784118600000,2026-07-15,12:30:00,4038.745,4054.425,4038.355,4054.135,0.2814
1784118900000,2026-07-15,12:35:00,4054.215,4065.965,4053.425,4063.405,0.2929
1784119200000,2026-07-15,12:40:00,4063.375,4063.575,4057.055,4062.725,0.2945
1784119500000,2026-07-15,12:45:00,4062.765,4065.125,4060.655,4063.995,0.2402
1784119800000,2026-07-15,12:50:00,4063.805,4066.305,4061.845,4063.305,0.1976
1784120100000,2026-07-15,12:55:00,4063.325,4071.265,4061.375,4067.575,0.2495
1784120400000,2026-07-15,13:00:00,4068.105,4072.525,4064.345,4072.005,0.324
1784120700000,2026-07-15,13:05:00,4071.935,4073.775,4069.175,4069.195,0.305
1784121000000,2026-07-15,13:10:00,4069.285,4069.745,4061.405,4061.475,0.2702
1784121300000,2026-07-15,13:15:00,4061.475,4066.445,4060.865,4065.625,0.2089
1784121600000,2026-07-15,13:20:00,4065.525,4065.525,4060.755,4061.605,0.1945
1784121900000,2026-07-15,13:25:00,4061.635,4061.745,4053.885,4055.565,0.2669
1784122200000,2026-07-15,13:30:00,4055.455,4061.065,4055.115,4060.165,0.2895
1784122500000,2026-07-15,13:35:00,4060.135,4062.225,4057.155,4060.945,0.2719
1784122800000,2026-07-15,13:40:00,4060.925,4062.895,4057.785,4061.015,0.2124
1784123100000,2026-07-15,13:45:00,4061.045,4061.795,4054.765,4056.255,0.2561
1784123400000,2026-07-15,13:50:00,4056.385,4060.145,4054.875,4058.895,0.2837
1784123700000,2026-07-15,13:55:00,4058.865,4066.285,4057.425,4061.395,0.3068
1784124000000,2026-07-15,14:00:00,4061.405,4065.275,4059.745,4063.005,0.2413
1784124300000,2026-07-15,14:05:00,4063.135,4065.285,4061.895,4062.705,0.2814
1784124600000,2026-07-15,14:10:00,4062.815,4065.365,4061.985,4063.945,0.2569
1784124900000,2026-07-15,14:15:00,4064.125,4065.775,4060.335,4062.635,0.2453
1784125200000,2026-07-15,14:20:00,4062.685,4062.885,4055.395,4057.425,0.3129
1784125500000,2026-07-15,14:25:00,4057.395,4059.455,4055.235,4058.175,0.3242
1784125800000,2026-07-15,14:30:00,4058.175,4063.115,4057.325,4061.835,0.3145
1784126100000,2026-07-15,14:35:00,4062.045,4063.745,4060.715,4061.765,0.2846
1784126400000,2026-07-15,14:40:00,4061.765,4062.745,4056.715,4057.005,0.2907
1784126700000,2026-07-15,14:45:00,4057.025,4060.155,4053.015,4059.655,0.3049
1784127000000,2026-07-15,14:50:00,4059.655,4059.945,4054.425,4055.845,0.293
1784127300000,2026-07-15,14:55:00,4055.935,4060.805,4055.495,4060.045,0.276
1784127600000,2026-07-15,15:00:00,4060.345,4062.705,4057.845,4058.855,0.2953
1784127900000,2026-07-15,15:05:00,4058.855,4059.055,4053.925,4054.265,0.2661
1784128200000,2026-07-15,15:10:00,4054.215,4054.535,4042.955,4043.805,0.3224
1784128500000,2026-07-15,15:15:00,4043.765,4046.735,4042.915,4045.805,0.3251
1784128800000,2026-07-15,15:20:00,4045.685,4046.095,4039.475,4044.815,0.3104
1784129100000,2026-07-15,15:25:00,4044.915,4049.595,4044.135,4048.785,0.2947
1784129400000,2026-07-15,15:30:00,4048.735,4049.555,4044.545,4048.165,0.2681
1784129700000,2026-07-15,15:35:00,4048.185,4048.925,4046.435,4048.495,0.2434
1784130000000,2026-07-15,15:40:00,4048.535,4050.185,4048.105,4049.445,0.2231
1784130300000,2026-07-15,15:45:00,4049.295,4050.635,4047.615,4049.355,0.2345
1784130600000,2026-07-15,15:50:00,4049.355,4050.345,4046.505,4050.215,0.2059
1784130900000,2026-07-15,15:55:00,4050.235,4050.285,4046.025,4046.625,0.2188
1784131200000,2026-07-15,16:00:00,4046.615,4047.605,4042.415,4043.065,0.2495
1784131500000,2026-07-15,16:05:00,4043.085,4044.205,4041.495,4041.765,0.2192
1784131800000,2026-07-15,16:10:00,4041.815,4042.265,4037.015,4038.085,0.2481
1784132100000,2026-07-15,16:15:00,4037.965,4040.565,4032.665,4033.635,0.2654
1784132400000,2026-07-15,16:20:00,4033.645,4037.465,4032.705,4035.425,0.2503
1784132700000,2026-07-15,16:25:00,4035.405,4037.605,4032.745,4034.525,0.2619
1784133000000,2026-07-15,16:30:00,4034.515,4036.885,4030.535,4030.645,0.2712
1784133300000,2026-07-15,16:35:00,4030.755,4031.225,4026.925,4030.095,0.3312
1784133600000,2026-07-15,16:40:00,4030.075,4031.585,4026.515,4028.585,0.2493
1784133900000,2026-07-15,16:45:00,4028.495,4036.935,4027.405,4035.465,0.2723
1784134200000,2026-07-15,16:50:00,4035.145,4037.875,4033.605,4033.985,0.2331
1784134500000,2026-07-15,16:55:00,4033.945,4034.035,4029.195,4033.485,0.2479
1784134800000,2026-07-15,17:00:00,4033.515,4038.505,4032.705,4037.605,0.2426
1784135100000,2026-07-15,17:05:00,4037.665,4038.925,4036.415,4036.485,0.1977
1784135400000,2026-07-15,17:10:00,4036.485,4038.745,4035.555,4035.695,0.2074
1784135700000,2026-07-15,17:15:00,4035.575,4036.615,4032.855,4035.435,0.188
1784136000000,2026-07-15,17:20:00,4035.485,4038.755,4035.355,4037.505,0.1953
1784136300000,2026-07-15,17:25:00,4037.535,4047.915,4037.455,4047.275,0.23
1784136600000,2026-07-15,17:30:00,4047.255,4055.605,4046.875,4054.735,0.2926
1784136900000,2026-07-15,17:35:00,4054.665,4059.925,4053.375,4056.785,0.2621
1784137200000,2026-07-15,17:40:00,4056.825,4063.025,4056.405,4062.315,0.2236
1784137500000,2026-07-15,17:45:00,4062.305,4066.115,4061.345,4064.905,0.2495
1784137800000,2026-07-15,17:50:00,4064.905,4065.085,4061.475,4063.075,0.2254
1784138100000,2026-07-15,17:55:00,4063.105,4063.885,4060.135,4062.135,0.18
1784138400000,2026-07-15,18:00:00,4062.205,4068.605,4061.685,4067.795,0.2071
1784138700000,2026-07-15,18:05:00,4067.845,4070.265,4065.775,4066.775,0.2179
1784139000000,2026-07-15,18:10:00,4066.745,4068.085,4065.345,4067.655,0.1949
1784139300000,2026-07-15,18:15:00,4067.655,4069.905,4066.515,4069.575,0.2041
1784139600000,2026-07-15,18:20:00,4069.665,4071.735,4068.575,4070.555,0.2039
1784139900000,2026-07-15,18:25:00,4070.555,4075.165,4069.255,4074.015,0.2061
1784140200000,2026-07-15,18:30:00,4074.045,4080.935,4072.105,4072.525,0.2416
1784140500000,2026-07-15,18:35:00,4072.505,4073.305,4070.345,4070.555,0.1677
1784140800000,2026-07-15,18:40:00,4070.625,4070.865,4067.415,4067.415,0.1748
1784141100000,2026-07-15,18:45:00,4067.415,4068.395,4064.365,4064.405,0.22
1784141400000,2026-07-15,18:50:00,4064.375,4064.445,4062.285,4063.075,0.203
1784141700000,2026-07-15,18:55:00,4063.055,4064.625,4057.765,4058.825,0.2072
1784142000000,2026-07-15,19:00:00,4058.865,4062.685,4057.025,4060.705,0.1963
1784142300000,2026-07-15,19:05:00,4060.735,4061.165,4058.495,4060.425,0.1739
1784142600000,2026-07-15,19:10:00,4060.425,4062.475,4058.995,4060.705,0.1634
1784142900000,2026-07-15,19:15:00,4060.665,4061.195,4056.275,4056.495,0.164
1784143200000,2026-07-15,19:20:00,4056.565,4056.565,4052.615,4054.435,0.1661
1784143500000,2026-07-15,19:25:00,4054.415,4057.965,4054.355,4055.815,0.1604
1784143800000,2026-07-15,19:30:00,4056.035,4057.415,4048.585,4049.475,0.2397
1784144100000,2026-07-15,19:35:00,4049.475,4051.815,4047.655,4050.255,0.2209
1784144400000,2026-07-15,19:40:00,4050.195,4052.905,4049.915,4051.035,0.1831
1784144700000,2026-07-15,19:45:00,4050.995,4053.065,4050.365,4051.795,0.1694
1784145000000,2026-07-15,19:50:00,4051.975,4054.345,4051.035,4053.205,0.2098
1784145300000,2026-07-15,19:55:00,4053.325,4057.195,4052.165,4056.825,0.2032
1784145600000,2026-07-15,20:00:00,4056.795,4058.165,4054.865,4057.845,0.1122
1784145900000,2026-07-15,20:05:00,4057.815,4057.945,4055.945,4056.545,0.0627
1784146200000,2026-07-15,20:10:00,4056.605,4057.565,4056.245,4057.145,0.0607
1784146500000,2026-07-15,20:15:00,4057.195,4059.935,4057.025,4059.075,0.0562
1784146800000,2026-07-15,20:20:00,4058.825,4061.675,4058.825,4060.145,0.0554
1784147100000,2026-07-15,20:25:00,4060.175,4061.985,4059.785,4061.165,0.0544
1784147400000,2026-07-15,20:30:00,4061.215,4061.285,4060.205,4060.265,0.0469
1784147700000,2026-07-15,20:35:00,4060.285,4063.035,4060.285,4062.735,0.0469
1784148000000,2026-07-15,20:40:00,4062.635,4062.885,4060.625,4061.515,0.0392
1784148300000,2026-07-15,20:45:00,4061.165,4061.755,4060.755,4061.205,0.0327
1784148600000,2026-07-15,20:50:00,4061.175,4062.815,4060.345,4060.775,0.0436
1784148900000,2026-07-15,20:55:00,4060.805,4061.145,4059.685,4059.825,0.0398
1784152800000,2026-07-15,22:00:00,4060.415,4066.755,4060.075,4060.335,0.0669
1784153100000,2026-07-15,22:05:00,4060.295,4063.835,4060.295,4063.085,0.0327
1784153400000,2026-07-15,22:10:00,4063.045,4064.285,4062.535,4063.025,0.0282
1784153700000,2026-07-15,22:15:00,4063.115,4063.635,4062.125,4063.025,0.0365
1784154000000,2026-07-15,22:20:00,4062.965,4063.575,4061.545,4061.545,0.0391
1784154300000,2026-07-15,22:25:00,4061.645,4062.115,4060.875,4061.935,0.0405
1784154600000,2026-07-15,22:30:00,4062.075,4062.095,4059.785,4060.115,0.0344
1784154900000,2026-07-15,22:35:00,4059.985,4060.835,4058.625,4059.505,0.037
1784155200000,2026-07-15,22:40:00,4059.695,4060.155,4058.865,4059.465,0.0364
1784155500000,2026-07-15,22:45:00,4059.545,4060.625,4058.395,4059.305,0.0326
1784155800000,2026-07-15,22:50:00,4059.315,4059.775,4057.765,4059.125,0.039
1784156100000,2026-07-15,22:55:00,4059.145,4060.815,4058.225,4058.245,0.0298
1784156400000,2026-07-15,23:00:00,4058.135,4060.335,4057.525,4058.375,0.019
1784156700000,2026-07-15,23:05:00,4058.475,4060.605,4058.025,4059.915,0.0163
1784157000000,2026-07-15,23:10:00,4060.025,4061.275,4058.675,4059.865,0.0419
1784157300000,2026-07-15,23:15:00,4059.775,4060.095,4057.345,4058.775,0.0502
1784157600000,2026-07-15,23:20:00,4058.805,4058.935,4056.705,4056.835,0.0355
1784157900000,2026-07-15,23:25:00,4056.745,4059.035,4056.455,4057.505,0.0443
1784158200000,2026-07-15,23:30:00,4057.555,4058.345,4055.795,4057.765,0.0341
1784158500000,2026-07-15,23:35:00,4057.815,4059.095,4056.525,4056.915,0.0426
1784158800000,2026-07-15,23:40:00,4056.895,4058.155,4055.295,4057.855,0.0447
1784159100000,2026-07-15,23:45:00,4057.825,4059.145,4055.935,4058.125,0.0624
1784159400000,2026-07-15,23:50:00,4058.235,4060.645,4056.655,4057.845,0.0648
1784159700000,2026-07-15,23:55:00,4057.865,4059.315,4057.385,4057.745,0.1112
1784160000000,2026-07-16,00:00:00,4057.805,4059.195,4056.075,4057.535,0.1494
1784160300000,2026-07-16,00:05:00,4057.505,4057.975,4054.755,4055.155,0.1094
1784160600000,2026-07-16,00:10:00,4055.075,4056.915,4054.585,4056.005,0.1027
1784160900000,2026-07-16,00:15:00,4056.065,4057.255,4055.555,4056.475,0.1001
1784161200000,2026-07-16,00:20:00,4056.505,4060.055,4054.535,4058.105,0.1079
1784161500000,2026-07-16,00:25:00,4058.165,4060.065,4057.555,4058.055,0.1057
1784161800000,2026-07-16,00:30:00,4058.085,4060.575,4057.855,4060.565,0.1154
1784162100000,2026-07-16,00:35:00,4060.515,4061.065,4057.855,4058.085,0.1058
1784162400000,2026-07-16,00:40:00,4058.185,4058.435,4053.675,4054.655,0.0997
1784162700000,2026-07-16,00:45:00,4054.615,4059.715,4054.615,4058.965,0.1182
1784163000000,2026-07-16,00:50:00,4059.005,4060.675,4052.955,4053.185,0.1446
1784163300000,2026-07-16,00:55:00,4053.455,4053.455,4043.425,4044.175,0.1518
1784163600000,2026-07-16,01:00:00,4044.205,4050.285,4040.355,4044.735,0.2214
1784163900000,2026-07-16,01:05:00,4044.655,4046.445,4042.135,4045.535,0.1723
1784164200000,2026-07-16,01:10:00,4045.315,4048.795,4041.965,4044.935,0.1719
1784164500000,2026-07-16,01:15:00,4044.995,4045.145,4038.575,4040.345,0.1878
1784164800000,2026-07-16,01:20:00,4040.395,4043.495,4035.375,4037.225,0.165
1784165100000,2026-07-16,01:25:00,4037.335,4038.575,4033.435,4036.535,0.187
1784165400000,2026-07-16,01:30:00,4036.605,4041.225,4036.125,4041.005,0.1537
1784165700000,2026-07-16,01:35:00,4040.865,4044.785,4040.155,4044.245,0.1509
1784166000000,2026-07-16,01:40:00,4043.985,4045.685,4040.765,4041.745,0.1487
1784166300000,2026-07-16,01:45:00,4041.765,4043.615,4039.595,4041.055,0.1487
1784166600000,2026-07-16,01:50:00,4040.985,4041.135,4036.855,4038.055,0.1697
1784166900000,2026-07-16,01:55:00,4038.105,4040.655,4037.805,4038.705,0.131
1784167200000,2026-07-16,02:00:00,4038.665,4039.715,4035.865,4035.905,0.1419
1784167500000,2026-07-16,02:05:00,4035.685,4036.415,4033,4033,0.1378
1784167800000,2026-07-16,02:10:00,4033,4035.135,4030.785,4032.175,0.1276
1784168100000,2026-07-16,02:15:00,4032.145,4033.035,4028.205,4032.905,0.115
1784168400000,2026-07-16,02:20:00,4032.925,4034.685,4031.255,4033.005,0.1945
1784168700000,2026-07-16,02:25:00,4032.965,4034.825,4031.815,4034.295,0.1708
1784169000000,2026-07-16,02:30:00,4034.275,4035.485,4029.915,4031.565,0.2483
1784169300000,2026-07-16,02:35:00,4031.595,4032.715,4025.735,4026.975,0.2219
1784169600000,2026-07-16,02:40:00,4026.945,4028.265,4023.585,4027.435,0.2333
1784169900000,2026-07-16,02:45:00,4027.375,4029.965,4027.315,4029.055,0.199
1784170200000,2026-07-16,02:50:00,4029.125,4029.705,4024.335,4029.355,0.235
1784170500000,2026-07-16,02:55:00,4029.415,4032.375,4028.395,4031.205,0.2103
1784170800000,2026-07-16,03:00:00,4031.165,4031.815,4029.785,4030.455,0.1784
1784171100000,2026-07-16,03:05:00,4030.365,4032.905,4030.025,4032.275,0.1787
1784171400000,2026-07-16,03:10:00,4032.345,4032.825,4028.935,4029.465,0.1962
1784171700000,2026-07-16,03:15:00,4029.425,4031.345,4028.745,4029.565,0.1809
1784172000000,2026-07-16,03:20:00,4029.565,4030.485,4027.355,4028.805,0.1925
1784172300000,2026-07-16,03:25:00,4028.785,4033.805,4028.535,4033.595,0.1612
1784172600000,2026-07-16,03:30:00,4033.555,4034.185,4032.075,4033.805,0.1692
1784172900000,2026-07-16,03:35:00,4033.835,4034.805,4032.865,4033.235,0.1499
1784173200000,2026-07-16,03:40:00,4033.125,4036.355,4033.035,4035.105,0.135
1784173500000,2026-07-16,03:45:00,4035.145,4035.495,4033.895,4034.565,0.1147
1784173800000,2026-07-16,03:50:00,4034.585,4036.695,4034.325,4035.355,0.1139
1784174100000,2026-07-16,03:55:00,4035.275,4036.645,4034.885,4036.025,0.1137
1784174400000,2026-07-16,04:00:00,4036.065,4036.445,4033.355,4033.535,0.1128
1784174700000,2026-07-16,04:05:00,4033.575,4034.145,4031.655,4031.695,0.1256
1784175000000,2026-07-16,04:10:00,4031.675,4037.765,4031.645,4036.635,0.1141
1784175300000,2026-07-16,04:15:00,4036.615,4036.665,4032.455,4033.025,0.0829
1784175600000,2026-07-16,04:20:00,4032.985,4035.195,4032.595,4033.315,0.0938
1784175900000,2026-07-16,04:25:00,4033.275,4033.755,4031.665,4033.585,0.1093
1784176200000,2026-07-16,04:30:00,4033.615,4035.185,4031.645,4032.645,0.0972
1784176500000,2026-07-16,04:35:00,4032.595,4033.935,4032.225,4033.255,0.0783
1784176800000,2026-07-16,04:40:00,4033.015,4034.125,4032.235,4032.335,0.0899
1784177100000,2026-07-16,04:45:00,4032.315,4035.065,4031.965,4034.255,0.1
1784177400000,2026-07-16,04:50:00,4034.255,4034.895,4033.815,4034.675,0.0796
1784177700000,2026-07-16,04:55:00,4034.655,4034.685,4032.775,4032.925,0.1043
1784178000000,2026-07-16,05:00:00,4032.875,4033.845,4030.545,4031.655,0.1373
1784178300000,2026-07-16,05:05:00,4031.635,4032.395,4030.185,4031.135,0.1187
1784178600000,2026-07-16,05:10:00,4031.085,4031.225,4029.065,4030.555,0.1263
1784178900000,2026-07-16,05:15:00,4031.035,4032.915,4028.475,4029.095,0.1307
1784179200000,2026-07-16,05:20:00,4029.125,4029.265,4026.665,4026.945,0.1438
1784179500000,2026-07-16,05:25:00,4026.895,4029.325,4026.205,4027.755,0.1265
1784179800000,2026-07-16,05:30:00,4027.735,4031.385,4024.975,4029.845,0.2371
1784180100000,2026-07-16,05:35:00,4029.495,4030.795,4027.145,4029.165,0.2546
1784180400000,2026-07-16,05:40:00,4029.245,4032.695,4026.495,4032.025,0.2531
1784180700000,2026-07-16,05:45:00,4032.025,4032.475,4026.995,4027.215,0.212
1784181000000,2026-07-16,05:50:00,4027.285,4030.525,4025.175,4026.525,0.2228
1784181300000,2026-07-16,05:55:00,4026.525,4028.905,4026.365,4026.965,0.2187
1784181600000,2026-07-16,06:00:00,4027.035,4033.005,4026.855,4030.895,0.1845
1784181900000,2026-07-16,06:05:00,4031.235,4036.295,4031.015,4034.615,0.1849
1784182200000,2026-07-16,06:10:00,4034.595,4034.755,4030.575,4031.995,0.1535
1784182500000,2026-07-16,06:15:00,4031.945,4032.735,4027.875,4029.395,0.1357
1784182800000,2026-07-16,06:20:00,4029.375,4031.425,4027.645,4031.255,0.1442
1784183100000,2026-07-16,06:25:00,4031.275,4031.885,4029.965,4030.085,0.1194
1784183400000,2026-07-16,06:30:00,4030.025,4030.865,4026.455,4026.655,0.163
1784183700000,2026-07-16,06:35:00,4026.605,4026.695,4022.745,4026.505,0.2086
1784184000000,2026-07-16,06:40:00,4026.465,4026.855,4024.725,4026.605,0.148
1784184300000,2026-07-16,06:45:00,4026.735,4028.735,4026.115,4028.055,0.1272
1784184600000,2026-07-16,06:50:00,4028.095,4029.995,4027.545,4029.975,0.1161
1784184900000,2026-07-16,06:55:00,4029.925,4031.315,4029.925,4030.335,0.189
1784185200000,2026-07-16,07:00:00,4030.375,4030.605,4027.135,4029.165,0.1963
1784185500000,2026-07-16,07:05:00,4029.145,4029.595,4027.745,4029.095,0.1621
1784185800000,2026-07-16,07:10:00,4029.005,4029.545,4025.535,4026.105,0.1599
1784186100000,2026-07-16,07:15:00,4025.815,4026.265,4023.625,4024.455,0.1764
1784186400000,2026-07-16,07:20:00,4024.515,4026.735,4024.335,4025.035,0.1529
1784186700000,2026-07-16,07:25:00,4024.995,4026.575,4023.705,4024.295,0.1763
1784187000000,2026-07-16,07:30:00,4024.325,4025.335,4022.845,4023.895,0.1639
1784187300000,2026-07-16,07:35:00,4023.895,4025.595,4023.085,4025.015,0.144
1784187600000,2026-07-16,07:40:00,4025.455,4028.065,4025.105,4025.945,0.1657
1784187900000,2026-07-16,07:45:00,4025.995,4031.735,4025.705,4030.415,0.196
1784188200000,2026-07-16,07:50:00,4030.385,4030.725,4026.365,4028.075,0.1748
1784188500000,2026-07-16,07:55:00,4028.115,4031.065,4027.815,4030.495,0.184
1784188800000,2026-07-16,08:00:00,4030.445,4033.885,4029.295,4029.705,0.2205
1784189100000,2026-07-16,08:05:00,4029.685,4030.655,4028.105,4028.105,0.1679
1784189400000,2026-07-16,08:10:00,4028.105,4028.995,4025.225,4025.565,0.1987
1784189700000,2026-07-16,08:15:00,4025.535,4029.065,4025.025,4029.045,0.165
1784190000000,2026-07-16,08:20:00,4028.955,4031.945,4028.825,4031.385,0.1567
1784190300000,2026-07-16,08:25:00,4031.415,4033.585,4030.995,4032.115,0.1677
1784190600000,2026-07-16,08:30:00,4032.075,4034.805,4031.895,4032.055,0.1728
1784190900000,2026-07-16,08:35:00,4032.055,4035.425,4032.045,4033.225,0.1781
1784191200000,2026-07-16,08:40:00,4033.225,4034.185,4031.785,4033.395,0.1488
1784191500000,2026-07-16,08:45:00,4033.435,4036.395,4033.395,4035.395,0.1627
1784191800000,2026-07-16,08:50:00,4035.435,4035.635,4032.975,4033.155,0.1366
1784192100000,2026-07-16,08:55:00,4033.185,4035.655,4032.935,4035.165,0.1463
1784192400000,2026-07-16,09:00:00,4035.125,4037.075,4035.015,4035.315,0.1527
1784192700000,2026-07-16,09:05:00,4035.295,4036.655,4035.195,4036.225,0.127
1784193000000,2026-07-16,09:10:00,4036.235,4037.235,4035.505,4036.625,0.1054
1784193300000,2026-07-16,09:15:00,4036.715,4037.505,4035.625,4035.875,0.1201
1784193600000,2026-07-16,09:20:00,4035.955,4036.055,4032.205,4032.485,0.1305
1784193900000,2026-07-16,09:25:00,4032.515,4033.835,4030.645,4033.035,0.1237
1784194200000,2026-07-16,09:30:00,4032.975,4033.905,4030.185,4031.555,0.1569
1784194500000,2026-07-16,09:35:00,4031.585,4034.445,4031.195,4032.985,0.1472
1784194800000,2026-07-16,09:40:00,4032.885,4034.765,4032.555,4034.035,0.1178
1784195100000,2026-07-16,09:45:00,4033.995,4034.185,4031.385,4032.055,0.1058
1784195400000,2026-07-16,09:50:00,4032.005,4036.115,4031.935,4035.555,0.122
1784195700000,2026-07-16,09:55:00,4035.975,4035.985,4031.405,4031.425,0.1313
1784196000000,2026-07-16,10:00:00,4031.405,4031.985,4029.615,4030.815,0.1459
1784196300000,2026-07-16,10:05:00,4030.745,4032.395,4030.075,4032.095,0.1167
1784196600000,2026-07-16,10:10:00,4032.065,4032.495,4029.425,4031.575,0.1114
1784196900000,2026-07-16,10:15:00,4031.595,4032.965,4031.455,4032.275,0.1069
1784197200000,2026-07-16,10:20:00,4032.255,4034.565,4031.445,4034.395,0.1231
1784197500000,2026-07-16,10:25:00,4034.425,4034.535,4031.525,4033.065,0.1088
1784197800000,2026-07-16,10:30:00,4033.065,4033.655,4031.375,4033.545,0.124
1784198100000,2026-07-16,10:35:00,4033.525,4034.105,4031.495,4031.635,0.1209
1784198400000,2026-07-16,10:40:00,4031.685,4034.385,4031.385,4032.825,0.1147
1784198700000,2026-07-16,10:45:00,4032.825,4033.035,4030.395,4030.755,0.1161
1784199000000,2026-07-16,10:50:00,4030.755,4032.095,4030.035,4031.245,0.1351
1784199300000,2026-07-16,10:55:00,4031.225,4031.745,4028.415,4029.275,0.1499
1784199600000,2026-07-16,11:00:00,4029.255,4029.995,4027.555,4028.325,0.1879
1784199900000,2026-07-16,11:05:00,4028.345,4029.515,4027.535,4029.265,0.1047
1784200200000,2026-07-16,11:10:00,4029.245,4029.635,4026.235,4027.865,0.1427
1784200500000,2026-07-16,11:15:00,4027.835,4027.835,4024.925,4026.115,0.2365
1784200800000,2026-07-16,11:20:00,4026.025,4027.445,4024.555,4024.725,0.1589
1784201100000,2026-07-16,11:25:00,4024.675,4027.545,4020.995,4024.185,0.18
1784201400000,2026-07-16,11:30:00,4024.145,4030.035,4023.275,4029.595,0.1541
1784201700000,2026-07-16,11:35:00,4029.645,4032.215,4028.875,4030.685,0.1782
1784202000000,2026-07-16,11:40:00,4030.695,4035.925,4030.145,4034.735,0.1995
1784202300000,2026-07-16,11:45:00,4034.735,4042.175,4026.977,4031.48,0.2174
1784202600000,2026-07-16,11:50:00,4031.7,4039.955,4028.815,4039.205,0.2712
1784202900000,2026-07-16,11:55:00,4039.195,4041.255,4036.985,4038.285,0.2035
1784203200000,2026-07-16,12:00:00,4038.305,4043.015,4035.945,4042.065,0.195
1784203500000,2026-07-16,12:05:00,4042.045,4043.065,4032.145,4033.155,0.2334
1784203800000,2026-07-16,12:10:00,4033.185,4033.185,4027.385,4031.565,0.2068
1784204100000,2026-07-16,12:15:00,4031.615,4032.055,4012.545,4028.695,0.3004
1784204400000,2026-07-16,12:20:00,4028.715,4029.075,4020.195,4020.845,0.2746
1784204700000,2026-07-16,12:25:00,4020.805,4025.255,4016.625,4024.415,0.2159
1784205000000,2026-07-16,12:30:00,4024.505,4029.575,4018.775,4022.505,0.2247
1784205300000,2026-07-16,12:35:00,4022.535,4022.775,4014.625,4014.795,0.2998
1784205600000,2026-07-16,12:40:00,4014.855,4014.965,4000.335,4002.545,0.3196
1784205900000,2026-07-16,12:45:00,4002.585,4008.765,3998.925,3999.405,0.294
1784206200000,2026-07-16,12:50:00,3999.405,4002.145,3993.975,3995.865,0.2821
1784206500000,2026-07-16,12:55:00,3995.785,3996.835,3990.255,3992.005,0.3125
1784206800000,2026-07-16,13:00:00,3992.045,3996.705,3975.305,3977.975,0.3298
1784207100000,2026-07-16,13:05:00,3977.995,3986.065,3973.325,3983.775,0.3113
1784207400000,2026-07-16,13:10:00,3983.805,3993.325,3981.895,3992.075,0.312
1784207700000,2026-07-16,13:15:00,3992.195,3995.685,3991.205,3995.055,0.263
1784208000000,2026-07-16,13:20:00,3995.065,3999.455,3991.015,3998.785,0.2622
1784208300000,2026-07-16,13:25:00,3998.805,4005.965,3998.005,4005.425,0.2749
1784208600000,2026-07-16,13:30:00,4005.415,4008.315,3992.965,3992.995,0.3563
1784208900000,2026-07-16,13:35:00,3992.975,3993.755,3981.565,3983.185,0.371
1784209200000,2026-07-16,13:40:00,3983.215,3989.585,3983.115,3986.185,0.382
1784209500000,2026-07-16,13:45:00,3986.135,3992.945,3986.035,3991.755,0.3663
1784209800000,2026-07-16,13:50:00,3991.655,3996.925,3991.515,3993.995,0.386
1784210100000,2026-07-16,13:55:00,3993.995,3994.065,3987.815,3989.915,0.323
1784210400000,2026-07-16,14:00:00,3989.875,3997.175,3989.025,3996.875,0.3505
1784210700000,2026-07-16,14:05:00,3996.735,3996.735,3990.815,3992.575,0.3499
1784211000000,2026-07-16,14:10:00,3992.575,3994.115,3986.545,3988.885,0.3279
1784211300000,2026-07-16,14:15:00,3988.955,3997.335,3987.425,3995.585,0.3621
1784211600000,2026-07-16,14:20:00,3995.565,3996.105,3990.335,3992.125,0.3435
1784211900000,2026-07-16,14:25:00,3992.045,4000.495,3991.515,3999.085,0.3392
1784212200000,2026-07-16,14:30:00,3999.045,4004.715,3995.265,4002.715,0.3318
1784212500000,2026-07-16,14:35:00,4002.665,4003.695,3998.735,3999.425,0.2906
1784212800000,2026-07-16,14:40:00,3999.475,4004.615,3999.475,4004.545,0.2967
1784213100000,2026-07-16,14:45:00,4004.465,4006.575,3999.005,3999.035,0.3117
1784213400000,2026-07-16,14:50:00,3999.015,4000.205,3994.745,3995.245,0.3181
1784213700000,2026-07-16,14:55:00,3995.175,3999.135,3992.245,3997.595,0.3318
1784214000000,2026-07-16,15:00:00,3997.595,3998.475,3992.155,3992.675,0.3267
1784214300000,2026-07-16,15:05:00,3992.745,3995.625,3990.195,3995.005,0.2979
1784214600000,2026-07-16,15:10:00,3995.035,3995.065,3989.085,3992.535,0.2957
1784214900000,2026-07-16,15:15:00,3992.515,3998.845,3992.345,3998.585,0.2865
1784215200000,2026-07-16,15:20:00,3998.585,4009.025,3998.325,4007.455,0.328
1784215500000,2026-07-16,15:25:00,4007.805,4016.715,4006.615,4011.105,0.3362
1784215800000,2026-07-16,15:30:00,4011.105,4014.695,4007.385,4014.225,0.3122
1784216100000,2026-07-16,15:35:00,4013.985,4016.195,4010.465,4013.775,0.2768
1784216400000,2026-07-16,15:40:00,4013.705,4013.905,4009.235,4010.135,0.2513
1784216700000,2026-07-16,15:45:00,4010.135,4011.355,4007.965,4010.475,0.2331
1784217000000,2026-07-16,15:50:00,4010.485,4012.875,4008.185,4008.805,0.2312
1784217300000,2026-07-16,15:55:00,4008.795,4009.205,4005.145,4006.695,0.2463
1784217600000,2026-07-16,16:00:00,4006.685,4007.315,3998.395,3999.355,0.2732
1784217900000,2026-07-16,16:05:00,3999.425,4000.825,3997.115,3998.295,0.2822
1784218200000,2026-07-16,16:10:00,3998.305,3998.505,3989.575,3989.575,0.3027
1784218500000,2026-07-16,16:15:00,3989.425,3991.665,3985.265,3986.845,0.3169
1784218800000,2026-07-16,16:20:00,3986.865,3989.095,3981.915,3986.535,0.314
1784219100000,2026-07-16,16:25:00,3986.555,3987.785,3984.265,3987.255,0.2697
1784219400000,2026-07-16,16:30:00,3987.255,3989.755,3986.705,3988.915,0.2666
1784219700000,2026-07-16,16:35:00,3988.885,3991.845,3988.725,3990.885,0.2362
1784220000000,2026-07-16,16:40:00,3990.965,3992.355,3988.045,3991.795,0.213
1784220300000,2026-07-16,16:45:00,3991.705,3992.475,3989.095,3991.865,0.2004
1784220600000,2026-07-16,16:50:00,3991.815,3995.525,3990.865,3994.265,0.2288
1784220900000,2026-07-16,16:55:00,3994.195,3996.745,3991.595,3991.775,0.2769
1784221200000,2026-07-16,17:00:00,3991.965,3992.715,3989.775,3990.985,0.2596
1784221500000,2026-07-16,17:05:00,3991.025,3991.275,3987.065,3987.575,0.2299
1784221800000,2026-07-16,17:10:00,3987.645,3988.325,3984.285,3985.555,0.235
1784222100000,2026-07-16,17:15:00,3985.535,3987.995,3984.985,3987.545,0.2535
1784222400000,2026-07-16,17:20:00,3987.475,3988.535,3985.545,3986.175,0.22
1784222700000,2026-07-16,17:25:00,3986.115,3988.505,3982.495,3987.485,0.2952
1784223000000,2026-07-16,17:30:00,3987.545,3988.435,3982.985,3984.275,0.2684
1784223300000,2026-07-16,17:35:00,3984.305,3985.555,3981.255,3982.205,0.2277
1784223600000,2026-07-16,17:40:00,3982.235,3983.205,3979.775,3981.365,0.2869
1784223900000,2026-07-16,17:45:00,3981.445,3986.085,3980.885,3984.725,0.2374
1784224200000,2026-07-16,17:50:00,3984.665,3987.395,3984.155,3986.445,0.2315
1784224500000,2026-07-16,17:55:00,3986.515,3986.585,3983.465,3984.485,0.2368
1784224800000,2026-07-16,18:00:00,3984.515,3986.835,3983.565,3985.525,0.285
1784225100000,2026-07-16,18:05:00,3985.485,3987.965,3983.375,3986.945,0.2626
1784225400000,2026-07-16,18:10:00,3987.055,3989.235,3984.985,3984.985,0.2424
1784225700000,2026-07-16,18:15:00,3984.965,3988.505,3984.035,3987.895,0.2502
1784226000000,2026-07-16,18:20:00,3987.905,3990.235,3986.455,3986.605,0.2307
1784226300000,2026-07-16,18:25:00,3986.575,3987.485,3985.305,3986.235,0.2581
1784226600000,2026-07-16,18:30:00,3986.255,3986.285,3978.655,3978.995,0.2888
1784226900000,2026-07-16,18:35:00,3978.935,3979.305,3976.155,3978.225,0.2921
1784227200000,2026-07-16,18:40:00,3978.175,3983.415,3977.485,3982.835,0.2453
1784227500000,2026-07-16,18:45:00,3982.795,3984.665,3981.845,3982.675,0.1816
1784227800000,2026-07-16,18:50:00,3982.715,3983.895,3980.055,3981.065,0.1653
1784228100000,2026-07-16,18:55:00,3980.995,3982.495,3979.235,3980.265,0.1955
1784228400000,2026-07-16,19:00:00,3980.205,3985.435,3978.935,3984.895,0.2148
1784228700000,2026-07-16,19:05:00,3984.855,3985.995,3981.755,3982.505,0.2138
1784229000000,2026-07-16,19:10:00,3982.475,3982.505,3978.705,3980.245,0.2393
1784229300000,2026-07-16,19:15:00,3980.205,3982.775,3979.725,3982.545,0.2015
1784229600000,2026-07-16,19:20:00,3982.505,3983.895,3980.125,3981.005,0.1942
1784229900000,2026-07-16,19:25:00,3981.035,3981.695,3978.345,3978.775,0.212
1784230200000,2026-07-16,19:30:00,3978.745,3979.375,3974.475,3974.775,0.295
1784230500000,2026-07-16,19:35:00,3974.835,3975.175,3969.045,3974.955,0.3017
1784230800000,2026-07-16,19:40:00,3974.885,3977.485,3974.795,3975.585,0.2271
1784231100000,2026-07-16,19:45:00,3975.625,3976.755,3972.665,3974.785,0.2436
1784231400000,2026-07-16,19:50:00,3974.895,3982.315,3973.645,3981.225,0.2493
1784231700000,2026-07-16,19:55:00,3981.275,3981.675,3976.125,3979.655,0.294
1784232000000,2026-07-16,20:00:00,3979.855,3979.875,3976.735,3977.865,0.1057
1784232300000,2026-07-16,20:05:00,3977.835,3977.845,3975.025,3976.075,0.0691
1784232600000,2026-07-16,20:10:00,3976.165,3976.505,3974.235,3974.815,0.06
1784232900000,2026-07-16,20:15:00,3974.925,3975.115,3972.265,3972.485,0.0576
1784233200000,2026-07-16,20:20:00,3972.375,3973.055,3971.635,3972.445,0.0485
1784233500000,2026-07-16,20:25:00,3972.445,3975.125,3971.845,3974.615,0.0617
1784233800000,2026-07-16,20:30:00,3974.875,3975.045,3973.265,3974.625,0.07
1784234100000,2026-07-16,20:35:00,3974.705,3976.085,3974.625,3974.825,0.0681
1784234400000,2026-07-16,20:40:00,3974.805,3975.365,3974.275,3974.325,0.0542
1784234700000,2026-07-16,20:45:00,3974.365,3976.025,3973.925,3974.415,0.067
1784235000000,2026-07-16,20:50:00,3974.525,3975.615,3974.065,3975.615,0.0577
1784235300000,2026-07-16,20:55:00,3975.255,3976.665,3974.205,3974.205,0.0485
1784239200000,2026-07-16,22:00:00,3976.345,3980.085,3975.645,3978.165,0.0703
1784239500000,2026-07-16,22:05:00,3978.365,3978.445,3976.205,3977.535,0.0375
1784239800000,2026-07-16,22:10:00,3977.565,3978.015,3975.265,3975.935,0.0401
1784240100000,2026-07-16,22:15:00,3976.125,3977.365,3974.975,3975.665,0.0431
1784240400000,2026-07-16,22:20:00,3975.715,3975.885,3974.455,3974.865,0.0314
1784240700000,2026-07-16,22:25:00,3974.935,3976.175,3974.545,3976.145,0.025
1784241000000,2026-07-16,22:30:00,3976.215,3976.565,3974.235,3975.665,0.0341
1784241300000,2026-07-16,22:35:00,3975.735,3976.865,3974.925,3975.625,0.0314
1784241600000,2026-07-16,22:40:00,3975.655,3976.045,3973.065,3973.125,0.0275
1784241900000,2026-07-16,22:45:00,3973.065,3974.135,3972.545,3973.055,0.0353
1784242200000,2026-07-16,22:50:00,3973.245,3975.305,3973.105,3974.835,0.0241
1784242500000,2026-07-16,22:55:00,3974.725,3978.005,3974.725,3977.745,0.049
1784242800000,2026-07-16,23:00:00,3977.755,3978.265,3974.555,3977.785,0.0414
1784243100000,2026-07-16,23:05:00,3977.705,3978.925,3977.225,3977.995,0.0305
1784243400000,2026-07-16,23:10:00,3978.035,3980.115,3977.715,3979.785,0.0558
1784243700000,2026-07-16,23:15:00,3979.765,3980.275,3978.675,3978.885,0.0491
1784244000000,2026-07-16,23:20:00,3978.865,3978.865,3977.465,3978.215,0.0489
1784244300000,2026-07-16,23:25:00,3978.185,3980.485,3977.915,3978.015,0.0516
1784244600000,2026-07-16,23:30:00,3978.005,3978.425,3975.115,3976.905,0.0642
1784244900000,2026-07-16,23:35:00,3976.965,3980.895,3976.965,3979.385,0.0611
1784245200000,2026-07-16,23:40:00,3979.315,3981.665,3979.315,3981.145,0.0587
1784245500000,2026-07-16,23:45:00,3981.125,3981.285,3976.285,3978.085,0.1598
1784245800000,2026-07-16,23:50:00,3978.125,3980.715,3977.985,3980.125,0.1457
1784246100000,2026-07-16,23:55:00,3980.095,3986.365,3979.795,3985.835,0.1779
1784246400000,2026-07-17,00:00:00,3985.875,3986.675,3983.025,3984.755,0.2099
1784246700000,2026-07-17,00:05:00,3984.715,3987.095,3983.075,3985.845,0.1763
1784247000000,2026-07-17,00:10:00,3985.815,3986.775,3982.755,3983.825,0.1768
1784247300000,2026-07-17,00:15:00,3983.785,3990.725,3983.725,3987.815,0.1944
1784247600000,2026-07-17,00:20:00,3987.745,3990.115,3986.275,3986.545,0.1868
1784247900000,2026-07-17,00:25:00,3986.505,3986.505,3983.855,3984.525,0.1683
1784248200000,2026-07-17,00:30:00,3984.625,3984.985,3980.525,3981.195,0.1442
1784248500000,2026-07-17,00:35:00,3981.155,3984.475,3980.785,3981.165,0.1298
1784248800000,2026-07-17,00:40:00,3981.135,3982.375,3980.495,3981.735,0.1374
1784249100000,2026-07-17,00:45:00,3981.765,3987.255,3981.525,3986.095,0.1977
1784249400000,2026-07-17,00:50:00,3986.075,3988.295,3985.435,3986.995,0.1572
1784249700000,2026-07-17,00:55:00,3987.065,3991.575,3985.555,3991.575,0.1919
1784250000000,2026-07-17,01:00:00,3991.545,3991.715,3986.845,3988.205,0.3179
1784250300000,2026-07-17,01:05:00,3988.195,3994.655,3987.795,3990.335,0.3428
1784250600000,2026-07-17,01:10:00,3990.305,3993.195,3988.085,3991.865,0.3002
1784250900000,2026-07-17,01:15:00,3991.865,3995.875,3990.735,3993.375,0.2922
1784251200000,2026-07-17,01:20:00,3993.375,3995.245,3988.905,3990.245,0.2191
1784251500000,2026-07-17,01:25:00,3990.445,3991.925,3987.675,3990.845,0.2425
1784251800000,2026-07-17,01:30:00,3990.805,3992.975,3988.585,3992.395,0.2343
1784252100000,2026-07-17,01:35:00,3992.445,3995.315,3990.935,3991.965,0.2495
1784252400000,2026-07-17,01:40:00,3992.055,3994.295,3989.955,3991.205,0.2273
1784252700000,2026-07-17,01:45:00,3991.105,3992.355,3983.555,3983.725,0.281
1784253000000,2026-07-17,01:50:00,3983.685,3984.775,3979.395,3979.625,0.2861
1784253300000,2026-07-17,01:55:00,3979.675,3983.235,3978.835,3983.005,0.2283
1784253600000,2026-07-17,02:00:00,3982.935,3987.275,3981.305,3982.865,0.2525
1784253900000,2026-07-17,02:05:00,3982.835,3982.995,3979.785,3979.865,0.2132
1784254200000,2026-07-17,02:10:00,3979.865,3981.805,3979.475,3980.715,0.2
1784254500000,2026-07-17,02:15:00,3980.695,3983.995,3980.115,3983.005,0.1677
1784254800000,2026-07-17,02:20:00,3982.955,3983.775,3980.755,3983.555,0.1535
1784255100000,2026-07-17,02:25:00,3983.565,3984.305,3980.445,3982.805,0.1419
1784255400000,2026-07-17,02:30:00,3982.845,3983.945,3975.835,3977.285,0.2667
1784255700000,2026-07-17,02:35:00,3977.315,3978.685,3970.415,3973.205,0.2292
1784256000000,2026-07-17,02:40:00,3973.265,3976.575,3972.265,3974.815,0.2285
1784256300000,2026-07-17,02:45:00,3974.865,3979.255,3974.215,3977.295,0.2313
1784256600000,2026-07-17,02:50:00,3977.225,3978.785,3974.735,3977.765,0.2278
1784256900000,2026-07-17,02:55:00,3977.785,3979.945,3976.705,3978.805,0.206
1784257200000,2026-07-17,03:00:00,3978.935,3989.345,3978.395,3988.615,0.2519
1784257500000,2026-07-17,03:05:00,3988.625,3992.365,3987.765,3990.015,0.2901
1784257800000,2026-07-17,03:10:00,3990.085,3990.185,3987.255,3988.415,0.2005
1784258100000,2026-07-17,03:15:00,3988.385,4002.715,3988.215,4002.395,0.2317
1784258400000,2026-07-17,03:20:00,4002.375,4008.395,4002.375,4002.865,0.2807
1784258700000,2026-07-17,03:25:00,4002.565,4003.605,3998.265,4000.865,0.2286
1784259000000,2026-07-17,03:30:00,4000.745,4001.115,3995.535,3997.825,0.1811
1784259300000,2026-07-17,03:35:00,3997.805,4000.245,3996.685,3998.785,0.1458
1784259600000,2026-07-17,03:40:00,3998.835,3999.885,3995.855,3997.175,0.1276
1784259900000,2026-07-17,03:45:00,3997.245,3998.365,3994.235,3994.695,0.1329
1784260200000,2026-07-17,03:50:00,3994.725,3995.785,3992.485,3993.015,0.1439
1784260500000,2026-07-17,03:55:00,3993.015,3993.285,3990.295,3991.095,0.1369
1784260800000,2026-07-17,04:00:00,3991.125,3991.395,3988.355,3989.315,0.1463
1784261100000,2026-07-17,04:05:00,3989.255,3990.265,3986.965,3987.385,0.1224
1784261400000,2026-07-17,04:10:00,3987.375,3989.625,3986.915,3988.475,0.1613
1784261700000,2026-07-17,04:15:00,3988.505,3989.825,3986.105,3988.475,0.1525
1784262000000,2026-07-17,04:20:00,3988.515,3990.065,3985.615,3986.335,0.1623
1784262300000,2026-07-17,04:25:00,3986.335,3986.805,3984.865,3986.015,0.1633
1784262600000,2026-07-17,04:30:00,3986.045,3987.815,3983.545,3984.735,0.1781
1784262900000,2026-07-17,04:35:00,3984.925,3986.005,3980.785,3983.265,0.1939
1784263200000,2026-07-17,04:40:00,3983.295,3983.555,3979.835,3981.625,0.1792
1784263500000,2026-07-17,04:45:00,3981.625,3984.385,3981.295,3981.525,0.1724
1784263800000,2026-07-17,04:50:00,3981.485,3982.145,3979.915,3980.765,0.13
1784264100000,2026-07-17,04:55:00,3980.795,3981.635,3980.705,3981.425,0.1199
1784264400000,2026-07-17,05:00:00,3981.425,3982.445,3979.605,3982.355,0.2198
1784264700000,2026-07-17,05:05:00,3982.345,3982.475,3976.855,3977.755,0.182
1784265000000,2026-07-17,05:10:00,3977.715,3981.225,3977.705,3979.445,0.1865
1784265300000,2026-07-17,05:15:00,3979.405,3980.015,3975.645,3975.645,0.1888
1784265600000,2026-07-17,05:20:00,3975.575,3979.875,3975.105,3978.885,0.1738
1784265900000,2026-07-17,05:25:00,3978.855,3981.635,3977.695,3979.465,0.1719
1784266200000,2026-07-17,05:30:00,3979.505,3985.895,3977.975,3982.295,0.3139
1784266500000,2026-07-17,05:35:00,3982.305,3985.675,3981.145,3985.565,0.2849
1784266800000,2026-07-17,05:40:00,3985.585,3990.255,3984.235,3986.475,0.2458
1784267100000,2026-07-17,05:45:00,3986.365,3989.105,3981.525,3987.825,0.2696
1784267400000,2026-07-17,05:50:00,3987.825,3991.235,3986.895,3989.615,0.24
1784267700000,2026-07-17,05:55:00,3989.595,3989.805,3984.245,3984.645,0.2439
1784268000000,2026-07-17,06:00:00,3984.625,3992.085,3984.625,3991.855,0.2105
1784268300000,2026-07-17,06:05:00,3991.855,3992.755,3987.765,3988.345,0.1948
1784268600000,2026-07-17,06:10:00,3988.425,4000.805,3988.375,3999.425,0.2281
1784268900000,2026-07-17,06:15:00,3999.475,4002.435,3997.675,4002.105,0.1987
1784269200000,2026-07-17,06:20:00,4002.055,4005.635,4001.575,4003.365,0.1747
1784269500000,2026-07-17,06:25:00,4002.935,4005.075,4000.625,4003.615,0.1919
1784269800000,2026-07-17,06:30:00,4003.615,4006.905,4003.055,4004.415,0.1833
1784270100000,2026-07-17,06:35:00,4004.565,4004.565,3998.275,3999.425,0.1478
1784270400000,2026-07-17,06:40:00,3999.455,3999.875,3995.475,3996.015,0.1508
1784270700000,2026-07-17,06:45:00,3996.045,3999.905,3995.725,3997.645,0.1428
1784271000000,2026-07-17,06:50:00,3997.675,3999.315,3996.215,3997.085,0.1387
1784271300000,2026-07-17,06:55:00,3997.105,4001.425,3997.105,3999.105,0.2024
1784271600000,2026-07-17,07:00:00,3999.075,4002.455,3996.585,4000.785,0.2069
1784271900000,2026-07-17,07:05:00,4000.635,4001.545,3994.145,3994.815,0.1782
1784272200000,2026-07-17,07:10:00,3994.865,3997.235,3992.985,3996.455,0.1884
1784272500000,2026-07-17,07:15:00,3996.385,3999.215,3995.765,3996.985,0.1675
1784272800000,2026-07-17,07:20:00,3996.945,3997.285,3993.775,3996.905,0.1772
1784273100000,2026-07-17,07:25:00,3997.065,3997.995,3995.275,3996.265,0.1842
1784273400000,2026-07-17,07:30:00,3996.265,3998.005,3994.955,3996.065,0.1983
1784273700000,2026-07-17,07:35:00,3996.185,3996.715,3993.755,3996.595,0.1913
1784274000000,2026-07-17,07:40:00,3996.555,3998.395,3993.795,3998.335,0.1784
1784274300000,2026-07-17,07:45:00,3998.345,3998.485,3995.335,3996.095,0.1385
1784274600000,2026-07-17,07:50:00,3996.095,3997.015,3994.225,3994.635,0.1717
1784274900000,2026-07-17,07:55:00,3994.595,3995.575,3992.435,3992.555,0.1736
1784275200000,2026-07-17,08:00:00,3992.725,3999.595,3992.095,3998.985,0.2427
1784275500000,2026-07-17,08:05:00,3998.985,3998.985,3996.235,3997.265,0.1898
1784275800000,2026-07-17,08:10:00,3997.265,3997.315,3991.085,3993.015,0.2494
1784276100000,2026-07-17,08:15:00,3992.965,3994.445,3989.245,3989.915,0.2455
1784276400000,2026-07-17,08:20:00,3990.165,3992.755,3990.065,3992.045,0.2508
1784276700000,2026-07-17,08:25:00,3992.045,3994.945,3987.835,3992.135,0.2831
1784277000000,2026-07-17,08:30:00,3992.175,3993.175,3989.535,3991.105,0.1884
1784277300000,2026-07-17,08:35:00,3991.135,3991.845,3987.595,3988.855,0.1954
1784277600000,2026-07-17,08:40:00,3988.835,3993.125,3988.725,3993.095,0.1905
1784277900000,2026-07-17,08:45:00,3993.145,3999.345,3991.445,3998.315,0.2079
1784278200000,2026-07-17,08:50:00,3998.335,3998.335,3993.775,3994.805,0.1587
1784278500000,2026-07-17,08:55:00,3994.905,3997.995,3993.535,3993.945,0.1439
1784278800000,2026-07-17,09:00:00,3993.945,3995.225,3992.555,3993.615,0.2105
1784279100000,2026-07-17,09:05:00,3993.765,3997.625,3993.485,3995.715,0.2015
1784279400000,2026-07-17,09:10:00,3995.675,3998.345,3995.065,3997.755,0.2119
1784279700000,2026-07-17,09:15:00,3997.755,3998.235,3995.435,3995.855,0.1738
1784280000000,2026-07-17,09:20:00,3995.815,4002.035,3995.365,4001.575,0.1796
1784280300000,2026-07-17,09:25:00,4001.595,4002.165,3998.045,3998.835,0.1657
1784280600000,2026-07-17,09:30:00,3998.915,3999.505,3995.035,3995.365,0.1706
1784280900000,2026-07-17,09:35:00,3995.335,3997.805,3995.005,3997.215,0.1412
1784281200000,2026-07-17,09:40:00,3997.195,3998.875,3995.225,3995.485,0.1607
1784281500000,2026-07-17,09:45:00,3995.645,3996.945,3994.505,3995.275,0.1489
1784281800000,2026-07-17,09:50:00,3995.305,3998.575,3994.605,3997.475,0.1756
1784282100000,2026-07-17,09:55:00,3997.415,3997.975,3995.935,3997.795,0.1233
1784282400000,2026-07-17,10:00:00,3997.865,3998.625,3995.315,3995.865,0.1874
1784282700000,2026-07-17,10:05:00,3995.885,3997.075,3994.625,3996.385,0.2081
1784283000000,2026-07-17,10:10:00,3996.325,3998.245,3995.415,3997.035,0.1778
1784283300000,2026-07-17,10:15:00,3997.005,3997.815,3994.185,3994.525,0.1651
1784283600000,2026-07-17,10:20:00,3994.405,3998.785,3994.325,3994.965,0.1785
1784283900000,2026-07-17,10:25:00,3994.965,3996.845,3994.755,3995.985,0.1603
1784284200000,2026-07-17,10:30:00,3996.005,3997.305,3994.935,3996.595,0.1514
1784284500000,2026-07-17,10:35:00,3996.575,3996.675,3993.845,3995.725,0.1198
1784284800000,2026-07-17,10:40:00,3995.715,3996.595,3993.725,3996.185,0.1351
1784285100000,2026-07-17,10:45:00,3996.185,3997.095,3995.055,3995.415,0.1232
1784285400000,2026-07-17,10:50:00,3995.375,3995.755,3990.955,3993.235,0.173
1784285700000,2026-07-17,10:55:00,3993.295,3993.675,3990.225,3990.635,0.1643
1784286000000,2026-07-17,11:00:00,3990.635,3994.115,3990.565,3992.205,0.1798
1784286300000,2026-07-17,11:05:00,3992.205,3992.645,3990.005,3991.205,0.1799
1784286600000,2026-07-17,11:10:00,3991.205,3993.065,3990.815,3991.505,0.2066
1784286900000,2026-07-17,11:15:00,3991.385,3993.545,3989.735,3993.095,0.1859
1784287200000,2026-07-17,11:20:00,3993.125,3995.855,3992.245,3993.545,0.1681
1784287500000,2026-07-17,11:25:00,3993.515,3995.705,3992.845,3995.475,0.1962
1784287800000,2026-07-17,11:30:00,3995.535,3996.215,3991.475,3992.755,0.1619
1784288100000,2026-07-17,11:35:00,3992.765,3993.785,3991.215,3993.265,0.1594
1784288400000,2026-07-17,11:40:00,3993.345,3994.665,3991.495,3991.895,0.1623
1784288700000,2026-07-17,11:45:00,3991.815,3996.115,3991.125,3993.385,0.1484
1784289000000,2026-07-17,11:50:00,3993.335,3998.585,3992.755,3998.475,0.1707
1784289300000,2026-07-17,11:55:00,3998.515,3998.515,3993.295,3993.815,0.1454
1784289600000,2026-07-17,12:00:00,3993.815,3995.285,3989.775,3990.145,0.2174
1784289900000,2026-07-17,12:05:00,3990.175,3991.415,3988.085,3990.625,0.1967
1784290200000,2026-07-17,12:10:00,3990.705,3993.645,3989.415,3989.695,0.1932
1784290500000,2026-07-17,12:15:00,3989.695,3992.115,3988.595,3991.515,0.2215
1784290800000,2026-07-17,12:20:00,3991.545,3991.655,3984.155,3985.525,0.2419
1784291100000,2026-07-17,12:25:00,3985.565,3987.585,3984.265,3987.115,0.1741
1784291400000,2026-07-17,12:30:00,3987.125,3988.245,3981.145,3981.515,0.1789
1784291700000,2026-07-17,12:35:00,3981.625,3982.895,3977.435,3977.575,0.209
1784292000000,2026-07-17,12:40:00,3977.535,3978.155,3965.255,3969.415,0.2703
1784292300000,2026-07-17,12:45:00,3969.375,3972.955,3965.115,3966.985,0.262
1784292600000,2026-07-17,12:50:00,3967.055,3971.055,3963.885,3968.985,0.2186
1784292900000,2026-07-17,12:55:00,3968.875,3972.695,3964.155,3965.915,0.2451
1784293200000,2026-07-17,13:00:00,3965.995,3975.685,3959.485,3973.905,0.3286
1784293500000,2026-07-17,13:05:00,3974.025,3974.535,3968.645,3969.195,0.2746
1784293800000,2026-07-17,13:10:00,3969.135,3971.425,3965.925,3969.815,0.2148
1784294100000,2026-07-17,13:15:00,3969.095,3972.215,3967.335,3970.795,0.2442
1784294400000,2026-07-17,13:20:00,3970.795,3974.945,3966.925,3969.465,0.2822
1784294700000,2026-07-17,13:25:00,3969.755,3973.455,3967.225,3968.205,0.3135
1784295000000,2026-07-17,13:30:00,3968.245,3972.145,3963.635,3965.725,0.339
1784295300000,2026-07-17,13:35:00,3965.655,4003.445,3965.065,3993.515,0.3401
1784295600000,2026-07-17,13:40:00,3993.575,3993.765,3982.075,3984.825,0.342
1784295900000,2026-07-17,13:45:00,3985.025,3990.435,3980.985,3989.605,0.3601
1784296200000,2026-07-17,13:50:00,3989.635,3993.905,3987.815,3988.835,0.3429
1784296500000,2026-07-17,13:55:00,3988.795,3997.185,3987.685,3996.665,0.2985
1784296800000,2026-07-17,14:00:00,3996.625,3999.865,3989.765,3994.035,0.336
1784297100000,2026-07-17,14:05:00,3994.095,4000.755,3993.815,3996.305,0.3557
1784297400000,2026-07-17,14:10:00,3996.375,4000.452,3993.805,3994.325,0.3325
1784297700000,2026-07-17,14:15:00,3994.385,4000.655,3993.415,3997.085,0.3682
1784298000000,2026-07-17,14:20:00,3997.025,4004.115,3995.845,4002.545,0.3498
1784298300000,2026-07-17,14:25:00,4002.395,4003.835,3997.545,3998.285,0.3529
1784298600000,2026-07-17,14:30:00,3998.345,3998.625,3991.755,3994.205,0.3135
1784298900000,2026-07-17,14:35:00,3994.235,3999.625,3993.265,3997.155,0.2982
1784299200000,2026-07-17,14:40:00,3997.155,3998.515,3994.855,3997.595,0.2861
1784299500000,2026-07-17,14:45:00,3997.595,4000.415,3994.365,3995.535,0.3219
1784299800000,2026-07-17,14:50:00,3995.755,3998.865,3992.795,3993.965,0.2756
1784300100000,2026-07-17,14:55:00,3993.965,4001.235,3992.715,4000.905,0.2931
1784300400000,2026-07-17,15:00:00,4000.885,4013.265,3997.455,4012.195,0.3128
1784300700000,2026-07-17,15:05:00,4011.985,4014.005,4002.825,4008.105,0.3187
1784301000000,2026-07-17,15:10:00,4008.085,4013.475,4002.745,4005.755,0.2879
1784301300000,2026-07-17,15:15:00,4005.715,4008.025,4004.295,4005.395,0.2998
1784301600000,2026-07-17,15:20:00,4005.365,4012.315,4004.695,4008.245,0.2971
1784301900000,2026-07-17,15:25:00,4008.265,4013.095,4005.985,4013.095,0.2942
1784302200000,2026-07-17,15:30:00,4013.195,4016.145,4008.905,4010.705,0.2881
1784302500000,2026-07-17,15:35:00,4010.835,4016.295,4009.805,4013.955,0.2867
1784302800000,2026-07-17,15:40:00,4013.955,4015.895,4011.495,4015.055,0.2545
1784303100000,2026-07-17,15:45:00,4015.045,4018.345,4013.505,4016.295,0.2726
1784303400000,2026-07-17,15:50:00,4016.185,4021.045,4016.105,4019.915,0.1893
1784303700000,2026-07-17,15:55:00,4020.055,4021.235,4016.985,4018.835,0.1784
1784304000000,2026-07-17,16:00:00,4018.915,4019.225,4010.675,4016.865,0.2374
1784304300000,2026-07-17,16:05:00,4016.885,4018.785,4014.185,4017.475,0.2048
1784304600000,2026-07-17,16:10:00,4017.525,4020.105,4017.415,4017.745,0.1815
1784304900000,2026-07-17,16:15:00,4017.555,4021.475,4017.555,4020.945,0.1813
1784305200000,2026-07-17,16:20:00,4020.915,4023.645,4017.665,4023.315,0.1729
1784305500000,2026-07-17,16:25:00,4023.345,4023.345,4016.555,4018.475,0.1821
1784305800000,2026-07-17,16:30:00,4018.525,4019.145,4015.015,4015.775,0.1697
1784306100000,2026-07-17,16:35:00,4015.825,4016.795,4012.945,4013.485,0.1595
1784306400000,2026-07-17,16:40:00,4013.605,4017.465,4012.455,4017.205,0.1534
1784306700000,2026-07-17,16:45:00,4017.225,4019.925,4016.155,4019.755,0.1514
1784307000000,2026-07-17,16:50:00,4019.965,4020.225,4015.175,4015.785,0.1437
1784307300000,2026-07-17,16:55:00,4015.765,4016.115,4014.245,4014.735,0.1364
1784307600000,2026-07-17,17:00:00,4014.815,4019.065,4014.815,4016.925,0.1597
1784307900000,2026-07-17,17:05:00,4016.785,4018.245,4016.065,4017.475,0.136
1784308200000,2026-07-17,17:10:00,4017.365,4018.045,4013.065,4013.225,0.135
1784308500000,2026-07-17,17:15:00,4013.225,4015.235,4012.555,4012.785,0.1743
1784308800000,2026-07-17,17:20:00,4012.825,4015.435,4012.185,4014.455,0.168
1784309100000,2026-07-17,17:25:00,4014.515,4015.685,4012.915,4013.575,0.1568
1784309400000,2026-07-17,17:30:00,4013.605,4014.425,4011.165,4011.885,0.1363
1784309700000,2026-07-17,17:35:00,4012.145,4013.025,4009.955,4012.325,0.1501
1784310000000,2026-07-17,17:40:00,4012.315,4012.515,4009.425,4010.655,0.1645
1784310300000,2026-07-17,17:45:00,4010.695,4012.825,4010.055,4012.765,0.1435
1784310600000,2026-07-17,17:50:00,4012.715,4013.035,4008.195,4009.385,0.166
1784310900000,2026-07-17,17:55:00,4009.425,4010.525,4008.325,4009.865,0.1726
1784311200000,2026-07-17,18:00:00,4009.765,4011.055,4007.485,4009.855,0.1781
1784311500000,2026-07-17,18:05:00,4009.825,4012.275,4009.105,4012.065,0.1675
1784311800000,2026-07-17,18:10:00,4012.065,4012.785,4009.615,4010.185,0.147
1784312100000,2026-07-17,18:15:00,4010.225,4013.035,4008.785,4011.775,0.1851
1784312400000,2026-07-17,18:20:00,4011.735,4012.995,4010.355,4011.965,0.1737
1784312700000,2026-07-17,18:25:00,4011.975,4015.845,4011.305,4015.125,0.1895
1784313000000,2026-07-17,18:30:00,4014.955,4015.905,4011.035,4012.965,0.1504
1784313300000,2026-07-17,18:35:00,4012.885,4012.975,4011.045,4011.125,0.1474
1784313600000,2026-07-17,18:40:00,4011.425,4011.605,4006.875,4007.965,0.1732
1784313900000,2026-07-17,18:45:00,4007.885,4008.755,4006.395,4007.415,0.1544
1784314200000,2026-07-17,18:50:00,4007.375,4010.155,4006.895,4010.155,0.1416
1784314500000,2026-07-17,18:55:00,4010.425,4012.195,4009.655,4011.115,0.1508
1784314800000,2026-07-17,19:00:00,4011.145,4011.415,4007.235,4007.905,0.1826
1784315100000,2026-07-17,19:05:00,4007.965,4008.145,4004.735,4005.185,0.15
1784315400000,2026-07-17,19:10:00,4005.255,4006.045,4004.115,4005.785,0.1354
1784315700000,2026-07-17,19:15:00,4005.645,4006.575,4004.315,4006.075,0.149
1784316000000,2026-07-17,19:20:00,4006.125,4006.125,4002.085,4002.475,0.1533
1784316300000,2026-07-17,19:25:00,4002.505,4005.435,4002.285,4005.125,0.1474
1784316600000,2026-07-17,19:30:00,4005.235,4007.195,4004.765,4006.135,0.1663
1784316900000,2026-07-17,19:35:00,4006.085,4008.755,4005.525,4006.315,0.1281
1784317200000,2026-07-17,19:40:00,4006.345,4009.895,4005.745,4009.655,0.1549
1784317500000,2026-07-17,19:45:00,4009.725,4011.065,4008.955,4010.205,0.1655
1784317800000,2026-07-17,19:50:00,4010.225,4015.605,4010.045,4015.295,0.1905
1784318100000,2026-07-17,19:55:00,4015.395,4016.235,4014.465,4015.105,0.2059
1784318400000,2026-07-17,20:00:00,4015.165,4015.715,4012.205,4013.815,0.0999
1784318700000,2026-07-17,20:05:00,4013.645,4013.735,4012.005,4013.175,0.0743
1784319000000,2026-07-17,20:10:00,4013.195,4013.425,4011.785,4011.855,0.0546
1784319300000,2026-07-17,20:15:00,4011.825,4012.365,4008.775,4009.035,0.0457
1784319600000,2026-07-17,20:20:00,4008.985,4010.415,4008.585,4009.985,0.0533
1784319900000,2026-07-17,20:25:00,4010.075,4011.295,4008.795,4010.655,0.0476
1784320200000,2026-07-17,20:30:00,4010.505,4010.775,4008.375,4009.005,0.066
1784320500000,2026-07-17,20:35:00,4008.945,4010.245,4008.835,4010.065,0.0339
1784320800000,2026-07-17,20:40:00,4010.015,4012.925,4009.785,4012.735,0.0265
1784321100000,2026-07-17,20:45:00,4012.685,4016.515,4012.675,4015.135,0.0521
1784321400000,2026-07-17,20:50:00,4015.235,4017.935,4014.725,4015.685,0.0432
1784321700000,2026-07-17,20:55:00,4015.595,4017.855,4013.555,4013.975,0.0282
1784498400000,2026-07-19,22:00:00,4002.785,4007.105,3994.005,3995.945,0.1342
1784498700000,2026-07-19,22:05:00,3995.865,4002.035,3994.285,3997.285,0.0772
1784499000000,2026-07-19,22:10:00,3997.235,3997.695,3995.765,3996.245,0.0458
1784499300000,2026-07-19,22:15:00,3995.925,3999.755,3995.525,3999.655,0.0546
1784499600000,2026-07-19,22:20:00,3999.635,3999.885,3996.765,3997.595,0.0505
1784499900000,2026-07-19,22:25:00,3997.625,3997.625,3994.625,3994.625,0.0437
1784500200000,2026-07-19,22:30:00,3994.605,3998.815,3993.215,3997.895,0.0706
1784500500000,2026-07-19,22:35:00,3997.865,3998.305,3996.045,3996.765,0.041
1784500800000,2026-07-19,22:40:00,3996.745,3998.915,3996.015,3996.655,0.054
1784501100000,2026-07-19,22:45:00,3996.495,3998.035,3995.455,3997.085,0.0406
1784501400000,2026-07-19,22:50:00,3997.065,3997.635,3996.025,3997.025,0.0374
1784501700000,2026-07-19,22:55:00,3997.005,3998.125,3993.345,3993.405,0.0347
1784502000000,2026-07-19,23:00:00,3993.545,3994.235,3990.295,3993.575,0.0456
1784502300000,2026-07-19,23:05:00,3993.665,3993.855,3991.965,3993.095,0.0251
1784502600000,2026-07-19,23:10:00,3993.255,3994.335,3990.205,3990.745,0.0528
1784502900000,2026-07-19,23:15:00,3990.735,3993.715,3990.625,3991.045,0.0454
1784503200000,2026-07-19,23:20:00,3991.065,3993.205,3990.375,3993.085,0.0301
1784503500000,2026-07-19,23:25:00,3993.165,3993.715,3991.695,3992.945,0.0338
1784503800000,2026-07-19,23:30:00,3992.905,3994.085,3991.685,3993.875,0.0362
1784504100000,2026-07-19,23:35:00,3993.845,3994.235,3990.795,3993.065,0.0508
1784504400000,2026-07-19,23:40:00,3993.105,3993.235,3989.285,3992.135,0.0531
1784504700000,2026-07-19,23:45:00,3992.095,3993.195,3989.205,3991.115,0.0952
1784505000000,2026-07-19,23:50:00,3991.065,3995.905,3991.065,3992.935,0.0984
1784505300000,2026-07-19,23:55:00,3992.915,3995.395,3992.275,3995.165,0.1034
1784505600000,2026-07-20,00:00:00,3995.025,3995.505,3981.935,3986.955,0.1628
1784505900000,2026-07-20,00:05:00,3986.895,3991.675,3985.825,3988.235,0.1232
1784506200000,2026-07-20,00:10:00,3988.295,3998.545,3987.095,3995.765,0.1457
1784506500000,2026-07-20,00:15:00,3995.945,3999.875,3993.545,3999.605,0.1567
1784506800000,2026-07-20,00:20:00,3999.695,4005.165,3998.375,4002.235,0.1507
1784507100000,2026-07-20,00:25:00,4002.195,4004.745,4000.655,4003.635,0.1186
1784507400000,2026-07-20,00:30:00,4003.675,4003.775,3998.175,4001.855,0.1164
1784507700000,2026-07-20,00:35:00,4001.885,4006.975,3999.565,3999.615,0.1287
1784508000000,2026-07-20,00:40:00,3999.545,4003.235,3997.745,3998.135,0.1197
1784508300000,2026-07-20,00:45:00,3998.145,4002.765,3998.145,3999.435,0.1109
1784508600000,2026-07-20,00:50:00,3999.285,4002.115,3998.085,4001.555,0.0979
1784508900000,2026-07-20,00:55:00,4001.585,4009.775,4000.095,4008.235,0.1414
1784509200000,2026-07-20,01:00:00,4008.265,4015.935,4005.185,4013.465,0.2326
1784509500000,2026-07-20,01:05:00,4013.445,4016.785,4009.975,4016.395,0.172
1784509800000,2026-07-20,01:10:00,4016.415,4019.995,4008.945,4009.865,0.1661
1784510100000,2026-07-20,01:15:00,4009.795,4010.105,4003.515,4004.045,0.2402
1784510400000,2026-07-20,01:20:00,4004.065,4004.735,3999.625,4000.545,0.279
1784510700000,2026-07-20,01:25:00,4000.535,4004.365,3999.555,4002.645,0.2196
1784511000000,2026-07-20,01:30:00,4002.615,4005.445,4002.065,4003.985,0.2711
1784511300000,2026-07-20,01:35:00,4004.025,4004.325,4000.005,4001.585,0.2263
1784511600000,2026-07-20,01:40:00,4001.555,4002.535,3995.515,3996.855,0.2513
1784511900000,2026-07-20,01:45:00,3996.895,4004.275,3996.645,4003.615,0.2252
1784512200000,2026-07-20,01:50:00,4003.635,4003.715,3997.485,3998.325,0.2385
1784512500000,2026-07-20,01:55:00,3998.325,4003.795,3997.885,4001.855,0.2483
1784512800000,2026-07-20,02:00:00,4001.905,4009.695,4000.955,4008.095,0.2943
1784513100000,2026-07-20,02:05:00,4007.985,4008.575,4004.415,4007.305,0.2387
1784513400000,2026-07-20,02:10:00,4007.285,4007.495,4004.675,4005.965,0.2143
1784513700000,2026-07-20,02:15:00,4006.085,4006.465,4003.675,4004.365,0.1518
1784514000000,2026-07-20,02:20:00,4004.305,4007.895,4004.295,4007.255,0.1785
1784514300000,2026-07-20,02:25:00,4007.285,4008.805,4006.005,4006.735,0.2022
1784514600000,2026-07-20,02:30:00,4006.775,4012.795,4005.815,4010.085,0.2757
1784514900000,2026-07-20,02:35:00,4010.085,4013.945,4009.995,4012.845,0.2437
1784515200000,2026-07-20,02:40:00,4012.775,4015.895,4009.295,4014.375,0.2373
1784515500000,2026-07-20,02:45:00,4014.435,4028.845,4013.565,4024.745,0.2645
1784515800000,2026-07-20,02:50:00,4024.785,4026.565,4020.565,4022.545,0.2359
1784516100000,2026-07-20,02:55:00,4022.725,4023.665,4021.015,4021.635,0.2167
1784516400000,2026-07-20,03:00:00,4021.545,4022.555,4019.715,4020.955,0.2318
1784516700000,2026-07-20,03:05:00,4020.955,4021.575,4018.365,4020.345,0.2297
1784517000000,2026-07-20,03:10:00,4020.285,4024.155,4019.925,4023.925,0.2286
1784517300000,2026-07-20,03:15:00,4023.815,4026.005,4023.055,4025.055,0.2295
1784517600000,2026-07-20,03:20:00,4025.085,4026.545,4024.075,4025.415,0.2398
1784517900000,2026-07-20,03:25:00,4025.345,4025.515,4021.265,4021.995,0.1703
1784518200000,2026-07-20,03:30:00,4022.035,4024.595,4018.645,4019.685,0.1526
1784518500000,2026-07-20,03:35:00,4019.655,4025.295,4018.515,4024.785,0.1574
1784518800000,2026-07-20,03:40:00,4024.825,4027.815,4024.055,4026.905,0.1412
1784519100000,2026-07-20,03:45:00,4026.975,4027.445,4025.575,4025.655,0.129
1784519400000,2026-07-20,03:50:00,4025.615,4027.205,4024.195,4024.455,0.1368
1784519700000,2026-07-20,03:55:00,4024.485,4024.655,4022.445,4023.855,0.144
1784520000000,2026-07-20,04:00:00,4023.885,4026.515,4023.615,4025.595,0.144
1784520300000,2026-07-20,04:05:00,4025.545,4026.195,4023.665,4023.855,0.1047
1784520600000,2026-07-20,04:10:00,4023.895,4024.595,4021.035,4021.205,0.0944
1784520900000,2026-07-20,04:15:00,4021.265,4023.195,4021.215,4022.925,0.0934
1784521200000,2026-07-20,04:20:00,4022.965,4023.955,4021.015,4021.125,0.099
1784521500000,2026-07-20,04:25:00,4021.145,4025.165,4021.055,4024.945,0.1044
1784521800000,2026-07-20,04:30:00,4024.965,4025.185,4021.765,4023.335,0.125
1784522100000,2026-07-20,04:35:00,4023.375,4024.185,4022.105,4023.135,0.0988
1784522400000,2026-07-20,04:40:00,4023.115,4023.495,4022.145,4022.645,0.1105
1784522700000,2026-07-20,04:45:00,4022.795,4022.795,4019.145,4019.765,0.1356
1784523000000,2026-07-20,04:50:00,4019.715,4021.795,4019.105,4020.985,0.12
1784523300000,2026-07-20,04:55:00,4020.955,4021.545,4018.175,4018.545,0.1073
1784523600000,2026-07-20,05:00:00,4018.725,4020.955,4016.715,4017.525,0.146
1784523900000,2026-07-20,05:05:00,4017.575,4019.125,4015.225,4015.745,0.1188
1784524200000,2026-07-20,05:10:00,4015.715,4015.735,4011.375,4013.585,0.1637
1784524500000,2026-07-20,05:15:00,4013.505,4014.635,4012.355,4013.165,0.141
1784524800000,2026-07-20,05:20:00,4013.115,4013.365,4011.015,4011.845,0.1172
1784525100000,2026-07-20,05:25:00,4011.845,4012.955,4009.595,4010.535,0.1329
1784525400000,2026-07-20,05:30:00,4010.565,4014.395,4009.785,4010.635,0.2417
1784525700000,2026-07-20,05:35:00,4010.585,4010.905,4007.645,4009.785,0.2111
1784526000000,2026-07-20,05:40:00,4009.795,4012.315,4008.795,4009.695,0.2002
1784526300000,2026-07-20,05:45:00,4009.815,4010.225,4005.275,4005.455,0.2347
1784526600000,2026-07-20,05:50:00,4005.295,4008.755,4005.145,4007.165,0.1941
1784526900000,2026-07-20,05:55:00,4007.165,4010.555,4007.075,4008.465,0.196
1784527200000,2026-07-20,06:00:00,4008.415,4011.545,4008.415,4010.145,0.1729
1784527500000,2026-07-20,06:05:00,4010.105,4011.395,4006.625,4009.375,0.165
1784527800000,2026-07-20,06:10:00,4009.465,4009.805,4006.575,4007.305,0.1663
1784528100000,2026-07-20,06:15:00,4007.295,4009.295,4006.235,4008.725,0.1661
1784528400000,2026-07-20,06:20:00,4008.675,4009.365,4006.625,4008.145,0.1478
1784528700000,2026-07-20,06:25:00,4008.085,4008.335,4003.805,4004.595,0.1441
1784529000000,2026-07-20,06:30:00,4004.615,4005.435,4002.785,4004.625,0.1601
1784529300000,2026-07-20,06:35:00,4004.725,4005.035,4003.045,4004.395,0.1447
1784529600000,2026-07-20,06:40:00,4004.435,4006.345,4003.705,4004.675,0.13
1784529900000,2026-07-20,06:45:00,4004.745,4007.375,4004.665,4005.995,0.128
1784530200000,2026-07-20,06:50:00,4006.045,4007.315,4003.035,4004.975,0.1355
1784530500000,2026-07-20,06:55:00,4004.945,4005.655,4002.875,4003.525,0.1213
1784530800000,2026-07-20,07:00:00,4003.615,4006.395,4001.815,4004.975,0.1402
1784531100000,2026-07-20,07:05:00,4004.985,4006.685,4004.705,4005.325,0.1132
1784531400000,2026-07-20,07:10:00,4005.325,4005.565,4002.935,4004.075,0.1372
1784531700000,2026-07-20,07:15:00,4004.105,4004.465,4002.065,4003.695,0.1006
1784532000000,2026-07-20,07:20:00,4003.695,4008.595,4002.985,4008.415,0.1824
1784532300000,2026-07-20,07:25:00,4008.435,4008.435,4003.315,4006.675,0.1748
1784532600000,2026-07-20,07:30:00,4006.485,4013.455,4006.405,4012.805,0.2122
1784532900000,2026-07-20,07:35:00,4012.805,4017.905,4012.755,4016.285,0.2161
1784533200000,2026-07-20,07:40:00,4016.255,4020.905,4015.875,4020.905,0.2047
1784533500000,2026-07-20,07:45:00,4020.935,4021.695,4016.155,4017.755,0.2088
1784533800000,2026-07-20,07:50:00,4017.725,4018.435,4015.585,4017.245,0.1172
1784534100000,2026-07-20,07:55:00,4017.245,4018.955,4016.525,4017.025,0.1405
1784534400000,2026-07-20,08:00:00,4017.125,4025.485,4017.125,4022.995,0.2125
1784534700000,2026-07-20,08:05:00,4023.015,4023.075,4018.445,4019.705,0.1397
1784535000000,2026-07-20,08:10:00,4019.825,4024.405,4019.055,4023.925,0.13
1784535300000,2026-07-20,08:15:00,4023.975,4028.095,4023.455,4025.005,0.1539
1784535600000,2026-07-20,08:20:00,4025.305,4030.355,4022.985,4029.115,0.1563
1784535900000,2026-07-20,08:25:00,4029.155,4029.385,4021.645,4021.715,0.1294
1784536200000,2026-07-20,08:30:00,4021.665,4021.925,4018.665,4021.595,0.1641
1784536500000,2026-07-20,08:35:00,4021.635,4024.335,4019.865,4023.945,0.1172
1784536800000,2026-07-20,08:40:00,4024.005,4024.825,4021.305,4021.615,0.1179
1784537100000,2026-07-20,08:45:00,4021.695,4022.595,4019.915,4021.705,0.1319
1784537400000,2026-07-20,08:50:00,4021.645,4022.055,4017.215,4018.625,0.1694
1784537700000,2026-07-20,08:55:00,4018.645,4020.345,4018.385,4018.695,0.1496
1784538000000,2026-07-20,09:00:00,4018.685,4020.485,4018.025,4018.205,0.1628
1784538300000,2026-07-20,09:05:00,4018.205,4019.505,4014.945,4017.755,0.1604
1784538600000,2026-07-20,09:10:00,4017.725,4020.845,4017.725,4019.235,0.1302
1784538900000,2026-07-20,09:15:00,4019.235,4021.955,4019.195,4019.505,0.1364
1784539200000,2026-07-20,09:20:00,4019.225,4020.635,4018.915,4019.765,0.1257
1784539500000,2026-07-20,09:25:00,4019.665,4019.785,4015.245,4016.215,0.1257
1784539800000,2026-07-20,09:30:00,4016.295,4018.605,4014.625,4018.105,0.1726
1784540100000,2026-07-20,09:35:00,4018.075,4020.325,4017.805,4019.755,0.1095
1784540400000,2026-07-20,09:40:00,4019.535,4020.785,4018.705,4018.975,0.1113
1784540700000,2026-07-20,09:45:00,4018.885,4023.045,4017.385,4022.625,0.1198
1784541000000,2026-07-20,09:50:00,4022.675,4022.785,4018.795,4020.205,0.1328
1784541300000,2026-07-20,09:55:00,4020.205,4021.005,4018.655,4021.005,0.1261
1784541600000,2026-07-20,10:00:00,4021.005,4021.255,4017.975,4020.005,0.1562
1784541900000,2026-07-20,10:05:00,4020.125,4021.385,4019.515,4020.175,0.1125
1784542200000,2026-07-20,10:10:00,4020.225,4021.605,4019.785,4020.735,0.1314
1784542500000,2026-07-20,10:15:00,4020.625,4021.365,4018.455,4019.185,0.0939
1784542800000,2026-07-20,10:20:00,4019.185,4022.865,4019.155,4021.425,0.1169
1784543100000,2026-07-20,10:25:00,4021.405,4023.175,4020.985,4021.675,0.1073
1784543400000,2026-07-20,10:30:00,4021.675,4024.115,4021.285,4022.515,0.1154
1784543700000,2026-07-20,10:35:00,4022.525,4022.685,4020.955,4022.195,0.1141
1784544000000,2026-07-20,10:40:00,4021.895,4022.935,4021.195,4021.975,0.1118
1784544300000,2026-07-20,10:45:00,4022.025,4022.625,4020.795,4020.985,0.1086
1784544600000,2026-07-20,10:50:00,4021.075,4025.345,4020.745,4024.435,0.118
1784544900000,2026-07-20,10:55:00,4024.755,4024.775,4022.255,4023.925,0.1283
1784545200000,2026-07-20,11:00:00,4023.945,4026.955,4022.615,4024.165,0.2074
1784545500000,2026-07-20,11:05:00,4024.185,4025.125,4022.405,4022.485,0.1418
1784545800000,2026-07-20,11:10:00,4022.485,4022.665,4019.575,4021.805,0.144
1784546100000,2026-07-20,11:15:00,4022.125,4023.655,4021.375,4022.925,0.1253
1784546400000,2026-07-20,11:20:00,4022.925,4022.925,4020.935,4021.285,0.1282
1784546700000,2026-07-20,11:25:00,4021.245,4023.465,4019.715,4021.995,0.1386
1784547000000,2026-07-20,11:30:00,4021.995,4040.435,4021.295,4036.615,0.3589
1784547300000,2026-07-20,11:35:00,4036.645,4037.575,4029.145,4032.295,0.2791
1784547600000,2026-07-20,11:40:00,4032.205,4033.195,4029.165,4032.285,0.2158
1784547900000,2026-07-20,11:45:00,4032.405,4032.405,4026.375,4027.345,0.1976
1784548200000,2026-07-20,11:50:00,4027.435,4028.295,4025.185,4027.485,0.2107
1784548500000,2026-07-20,11:55:00,4027.705,4028.475,4024.755,4025.045,0.165
1784548800000,2026-07-20,12:00:00,4024.675,4024.995,4011.975,4014.245,0.3059
1784549100000,2026-07-20,12:05:00,4014.225,4017.415,4012.595,4015.865,0.2227
1784549400000,2026-07-20,12:10:00,4015.945,4016.655,4011.235,4012.415,0.198
1784549700000,2026-07-20,12:15:00,4012.345,4014.775,4009.485,4013.455,0.2163
1784550000000,2026-07-20,12:20:00,4013.285,4013.285,4006.545,4007.625,0.2527
1784550300000,2026-07-20,12:25:00,4007.555,4013.105,4006.755,4012.705,0.1743
1784550600000,2026-07-20,12:30:00,4012.675,4013.905,4010.795,4012.575,0.1989
1784550900000,2026-07-20,12:35:00,4012.695,4014.595,4011.625,4011.655,0.1706
1784551200000,2026-07-20,12:40:00,4011.605,4011.605,4006.285,4009.785,0.1881
1784551500000,2026-07-20,12:45:00,4009.785,4015.435,4008.745,4011.635,0.2118
1784551800000,2026-07-20,12:50:00,4011.685,4011.885,4008.905,4009.175,0.1609
1784552100000,2026-07-20,12:55:00,4009.225,4010.165,4007.835,4007.925,0.1858
1784552400000,2026-07-20,13:00:00,4007.855,4013.675,4007.525,4012.285,0.2762
1784552700000,2026-07-20,13:05:00,4012.285,4012.665,4008.185,4008.315,0.1922
1784553000000,2026-07-20,13:10:00,4008.315,4010.845,4007.715,4008.485,0.187
1784553300000,2026-07-20,13:15:00,4008.445,4011.595,4006.755,4009.785,0.1758
1784553600000,2026-07-20,13:20:00,4010.025,4012.395,4009.055,4011.775,0.1793
1784553900000,2026-07-20,13:25:00,4011.725,4012.305,4007.615,4008.395,0.2331
1784554200000,2026-07-20,13:30:00,4008.485,4015.305,4007.845,4013.815,0.3156
1784554500000,2026-07-20,13:35:00,4013.585,4014.045,4008.395,4013.955,0.2895
1784554800000,2026-07-20,13:40:00,4014.025,4017.185,4012.085,4012.785,0.3117
1784555100000,2026-07-20,13:45:00,4012.805,4013.045,4008.895,4010.585,0.2895
1784555400000,2026-07-20,13:50:00,4010.885,4013.105,4007.085,4009.885,0.262
1784555700000,2026-07-20,13:55:00,4009.905,4011.915,4005.375,4005.565,0.2697
1784556000000,2026-07-20,14:00:00,4005.485,4007.615,4001.055,4003.745,0.2817
1784556300000,2026-07-20,14:05:00,4003.705,4005.525,4000.455,4000.735,0.2732
1784556600000,2026-07-20,14:10:00,4000.745,4001.915,3998.035,3998.575,0.2969
1784556900000,2026-07-20,14:15:00,3998.605,4002.865,3998.085,4002.025,0.2744
1784557200000,2026-07-20,14:20:00,4001.995,4002.785,3998.155,4002.605,0.2485
1784557500000,2026-07-20,14:25:00,4002.605,4006.575,4002.305,4006.525,0.226
1784557800000,2026-07-20,14:30:00,4006.525,4009.525,4005.915,4009.435,0.2433
1784558100000,2026-07-20,14:35:00,4009.455,4010.315,4006.765,4009.475,0.2227
1784558400000,2026-07-20,14:40:00,4009.475,4010.755,4006.805,4007.155,0.2305
1784558700000,2026-07-20,14:45:00,4007.185,4013.485,4006.685,4012.595,0.2909
1784559000000,2026-07-20,14:50:00,4012.665,4013.025,4007.935,4007.995,0.2384
1784559300000,2026-07-20,14:55:00,4007.965,4007.985,4004.875,4005.915,0.2969
1784559600000,2026-07-20,15:00:00,4006.015,4010.655,4004.255,4009.115,0.296
1784559900000,2026-07-20,15:05:00,4009.155,4019.325,4006.455,4019.255,0.2726
1784560200000,2026-07-20,15:10:00,4019.085,4019.085,4012.225,4014.175,0.2705
1784560500000,2026-07-20,15:15:00,4013.985,4015.185,4010.935,4012.135,0.247
1784560800000,2026-07-20,15:20:00,4012.095,4014.745,4010.875,4014.705,0.2548
1784561100000,2026-07-20,15:25:00,4014.705,4016.345,4014.455,4016.215,0.2269
1784561400000,2026-07-20,15:30:00,4016.215,4016.575,4012.395,4012.995,0.2363
1784561700000,2026-07-20,15:35:00,4012.895,4014.305,4010.065,4011.025,0.2337
1784562000000,2026-07-20,15:40:00,4010.935,4012.755,4010.015,4012.745,0.2029
1784562300000,2026-07-20,15:45:00,4012.735,4014.965,4011.795,4014.485,0.2001
1784562600000,2026-07-20,15:50:00,4014.405,4016.165,4013.905,4013.975,0.1909
1784562900000,2026-07-20,15:55:00,4014.045,4014.895,4011.555,4011.625,0.1804
1784563200000,2026-07-20,16:00:00,4011.605,4015.665,4010.895,4015.225,0.2085
1784563500000,2026-07-20,16:05:00,4015.275,4018.115,4014.825,4017.095,0.2027
1784563800000,2026-07-20,16:10:00,4017.115,4017.965,4012.535,4013.465,0.1899
1784564100000,2026-07-20,16:15:00,4013.525,4014.135,4011.895,4012.095,0.1985
1784564400000,2026-07-20,16:20:00,4012.095,4012.515,4011.415,4011.795,0.1355
1784564700000,2026-07-20,16:25:00,4011.795,4013.215,4010.555,4012.275,0.1805
1784565000000,2026-07-20,16:30:00,4012.275,4012.455,4009.095,4009.175,0.2154
1784565300000,2026-07-20,16:35:00,4009.175,4011.825,4009.065,4011.785,0.1966
1784565600000,2026-07-20,16:40:00,4011.785,4012.115,4001.385,4009.445,0.2386
1784565900000,2026-07-20,16:45:00,4009.115,4010.255,4006.945,4008.675,0.1925
1784566200000,2026-07-20,16:50:00,4008.675,4008.905,4006.455,4007.985,0.1634
1784566500000,2026-07-20,16:55:00,4008.045,4010.355,4007.575,4009.595,0.1521
1784566800000,2026-07-20,17:00:00,4009.595,4012.055,4009.465,4010.915,0.1645
1784567100000,2026-07-20,17:05:00,4010.945,4011.945,4009.925,4011.545,0.1304
1784567400000,2026-07-20,17:10:00,4011.495,4011.855,4009.295,4009.855,0.1604
1784567700000,2026-07-20,17:15:00,4009.885,4011.375,4008.735,4010.205,0.1601
1784568000000,2026-07-20,17:20:00,4010.205,4012.915,4009.555,4011.205,0.1814
1784568300000,2026-07-20,17:25:00,4011.165,4012.625,4010.685,4011.905,0.1926
1784568600000,2026-07-20,17:30:00,4011.885,4012.785,4010.465,4011.915,0.1577
1784568900000,2026-07-20,17:35:00,4011.845,4012.475,4009.615,4009.795,0.1458
1784569200000,2026-07-20,17:40:00,4009.795,4010.225,4007.465,4007.765,0.1715
1784569500000,2026-07-20,17:45:00,4007.765,4007.765,4005.375,4005.525,0.1756
1784569800000,2026-07-20,17:50:00,4005.435,4005.715,4003.595,4004.485,0.1973
1784570100000,2026-07-20,17:55:00,4004.485,4005.325,4003.415,4005.005,0.1793
1784570400000,2026-07-20,18:00:00,4005.025,4008.795,4004.965,4007.205,0.1915
1784570700000,2026-07-20,18:05:00,4007.205,4009.685,4006.975,4009.385,0.135
1784571000000,2026-07-20,18:10:00,4009.455,4010.675,4008.095,4008.525,0.1289
1784571300000,2026-07-20,18:15:00,4008.525,4011.725,4007.075,4007.815,0.1796
1784571600000,2026-07-20,18:20:00,4007.885,4008.125,4003.005,4004.755,0.1822
1784571900000,2026-07-20,18:25:00,4004.695,4007.285,4003.995,4006.375,0.1876
1784572200000,2026-07-20,18:30:00,4006.465,4006.825,4004.235,4004.725,0.1846
1784572500000,2026-07-20,18:35:00,4004.705,4006.565,4004.665,4006.205,0.1521
1784572800000,2026-07-20,18:40:00,4006.195,4007.355,4005.315,4006.185,0.172
1784573100000,2026-07-20,18:45:00,4006.095,4008.485,4005.045,4007.685,0.1851
1784573400000,2026-07-20,18:50:00,4007.685,4008.555,4006.605,4007.355,0.1652
1784573700000,2026-07-20,18:55:00,4007.395,4007.585,4005.585,4007.025,0.1571
1784574000000,2026-07-20,19:00:00,4007.065,4007.835,4004.745,4005.525,0.1856
1784574300000,2026-07-20,19:05:00,4005.525,4006.725,4004.445,4006.205,0.161
1784574600000,2026-07-20,19:10:00,4006.235,4007.285,4004.105,4004.395,0.1825
1784574900000,2026-07-20,19:15:00,4004.395,4008.125,4004.015,4008.015,0.2069
1784575200000,2026-07-20,19:20:00,4008.015,4010.005,4007.655,4007.715,0.1693
1784575500000,2026-07-20,19:25:00,4007.675,4012.765,4006.595,4012.575,0.1537
1784575800000,2026-07-20,19:30:00,4012.705,4017.855,4011.815,4013.685,0.2363
1784576100000,2026-07-20,19:35:00,4013.525,4013.885,4009.625,4010.875,0.2163
1784576400000,2026-07-20,19:40:00,4010.825,4010.875,4005.005,4005.665,0.1738
1784576700000,2026-07-20,19:45:00,4005.635,4009.605,4005.205,4008.655,0.1725
1784577000000,2026-07-20,19:50:00,4008.595,4009.935,4007.785,4009.455,0.1864
1784577300000,2026-07-20,19:55:00,4009.455,4009.455,4005.655,4006.755,0.2048
1784577600000,2026-07-20,20:00:00,4006.695,4008.995,4006.355,4008.165,0.1172
1784577900000,2026-07-20,20:05:00,4008.145,4009.045,4005.515,4005.915,0.08
1784578200000,2026-07-20,20:10:00,4006.005,4008.095,4005.935,4007.455,0.0591
1784578500000,2026-07-20,20:15:00,4007.485,4008.045,4006.925,4007.045,0.0434
1784578800000,2026-07-20,20:20:00,4007.045,4008.925,4007.045,4008.125,0.0438
1784579100000,2026-07-20,20:25:00,4008.055,4008.955,4007.765,4007.935,0.0409
1784579400000,2026-07-20,20:30:00,4008.025,4008.995,4007.125,4008.935,0.044
1784579700000,2026-07-20,20:35:00,4008.825,4009.105,4007.835,4008.425,0.0379
1784580000000,2026-07-20,20:40:00,4008.445,4009.205,4008.085,4008.545,0.0365
1784580300000,2026-07-20,20:45:00,4008.495,4008.545,4007.495,4007.725,0.0393
1784580600000,2026-07-20,20:50:00,4007.695,4008.285,4007.085,4007.905,0.0289
1784580900000,2026-07-20,20:55:00,4007.925,4008.375,4006.685,4007.565,0.0403
1784584800000,2026-07-20,22:00:00,4006.065,4010.195,4006.065,4007.495,0.0302
1784585100000,2026-07-20,22:05:00,4007.495,4007.545,4005.465,4005.705,0.0247
1784585400000,2026-07-20,22:10:00,4005.685,4007.335,4005.655,4006.685,0.0257
1784585700000,2026-07-20,22:15:00,4006.715,4007.285,4006.075,4006.815,0.0281
1784586000000,2026-07-20,22:20:00,4006.775,4008.385,4004.575,4007.905,0.063
1784586300000,2026-07-20,22:25:00,4008.185,4010.495,4007.615,4009.765,0.0498
1784586600000,2026-07-20,22:30:00,4009.745,4009.765,4006.515,4007.735,0.0394
1784586900000,2026-07-20,22:35:00,4007.765,4008.205,4004.875,4007.555,0.0616
1784587200000,2026-07-20,22:40:00,4007.475,4007.645,4002.415,4003.875,0.0535
1784587500000,2026-07-20,22:45:00,4003.765,4008.225,4001.605,4001.605,0.0517
1784587800000,2026-07-20,22:50:00,4001.645,4002.895,3999.425,4000.625,0.07
1784588100000,2026-07-20,22:55:00,4000.725,4002.205,3999.285,3999.755,0.0739
1784588400000,2026-07-20,23:00:00,3999.945,4004.645,3999.535,4003.725,0.0509
1784588700000,2026-07-20,23:05:00,4003.795,4009.275,4003.705,4008.235,0.0425
1784589000000,2026-07-20,23:10:00,4008.235,4008.235,4000.145,4002.845,0.0897
1784589300000,2026-07-20,23:15:00,4003.055,4007.065,4002.825,4006.275,0.0539
1784589600000,2026-07-20,23:20:00,4006.255,4006.645,4003.405,4004.565,0.052
1784589900000,2026-07-20,23:25:00,4004.715,4004.855,4003.135,4003.205,0.0595
1784590200000,2026-07-20,23:30:00,4003.145,4007.615,4003.095,4005.915,0.0619
1784590500000,2026-07-20,23:35:00,4005.895,4007.485,4004.175,4004.685,0.043
1784590800000,2026-07-20,23:40:00,4004.715,4008.235,4003.585,4007.395,0.072
1784591100000,2026-07-20,23:45:00,4007.485,4007.785,4003.935,4006.615,0.0859
1784591400000,2026-07-20,23:50:00,4006.665,4007.905,4005.515,4007.535,0.0706
1784591700000,2026-07-20,23:55:00,4007.595,4010.275,4006.855,4009.745,0.1199
1784592000000,2026-07-21,00:00:00,4009.615,4009.865,4003.495,4004.785,0.1978
1784592300000,2026-07-21,00:05:00,4004.755,4008.255,4004.265,4007.315,0.2013
1784592600000,2026-07-21,00:10:00,4007.355,4012.515,4006.555,4010.305,0.1977
1784592900000,2026-07-21,00:15:00,4010.415,4015.865,4007.555,4015.135,0.206
1784593200000,2026-07-21,00:20:00,4015.135,4017.235,4012.515,4016.835,0.2009
1784593500000,2026-07-21,00:25:00,4017.015,4018.435,4013.945,4014.565,0.1754
1784593800000,2026-07-21,00:30:00,4014.565,4017.575,4013.705,4016.885,0.1536
1784594100000,2026-07-21,00:35:00,4016.845,4021.725,4016.185,4018.805,0.1907
1784594400000,2026-07-21,00:40:00,4018.805,4023.775,4017.915,4022.195,0.1361
1784594700000,2026-07-21,00:45:00,4022.135,4024.715,4021.635,4024.255,0.146
1784595000000,2026-07-21,00:50:00,4024.285,4026.805,4023.325,4024.375,0.1552
1784595300000,2026-07-21,00:55:00,4024.325,4026.185,4022.835,4024.495,0.1465
1784595600000,2026-07-21,01:00:00,4024.455,4025.705,4017.945,4023.425,0.2803
1784595900000,2026-07-21,01:05:00,4023.725,4029.115,4023.465,4026.985,0.2646
1784596200000,2026-07-21,01:10:00,4026.985,4030.165,4026.015,4028.625,0.312
1784596500000,2026-07-21,01:15:00,4028.705,4035.525,4026.725,4034.245,0.2337
1784596800000,2026-07-21,01:20:00,4033.735,4033.775,4025.945,4027.635,0.199
1784597100000,2026-07-21,01:25:00,4027.635,4031.255,4027.195,4027.755,0.2176
1784597400000,2026-07-21,01:30:00,4027.755,4030.485,4026.535,4029.785,0.2534
1784597700000,2026-07-21,01:35:00,4029.785,4030.355,4022.665,4023.225,0.2388
1784598000000,2026-07-21,01:40:00,4023.215,4026.355,4022.985,4024.235,0.1782
1784598300000,2026-07-21,01:45:00,4024.215,4026.525,4022.145,4025.275,0.1926
1784598600000,2026-07-21,01:50:00,4025.395,4027.985,4024.515,4027.745,0.1649
1784598900000,2026-07-21,01:55:00,4027.745,4027.745,4021.055,4022.945,0.202
1784599200000,2026-07-21,02:00:00,4023.105,4024.285,4021.835,4022.485,0.1912
1784599500000,2026-07-21,02:05:00,4022.485,4026.375,4021.985,4025.695,0.1744
1784599800000,2026-07-21,02:10:00,4025.795,4026.515,4023.045,4024.105,0.1657
1784600100000,2026-07-21,02:15:00,4024.105,4025.275,4021.745,4022.375,0.1196
1784600400000,2026-07-21,02:20:00,4022.325,4028.345,4021.815,4027.855,0.142
1784600700000,2026-07-21,02:25:00,4027.845,4029.615,4025.255,4028.375,0.1306
1784601000000,2026-07-21,02:30:00,4028.795,4032.125,4027.545,4030.125,0.1932
1784601300000,2026-07-21,02:35:00,4030.025,4044.655,4029.675,4036.815,0.2605
1784601600000,2026-07-21,02:40:00,4036.895,4039.965,4034.765,4035.325,0.1785
1784601900000,2026-07-21,02:45:00,4035.355,4035.975,4033.625,4033.745,0.1211
1784602200000,2026-07-21,02:50:00,4033.775,4034.635,4030.565,4032.995,0.1338
1784602500000,2026-07-21,02:55:00,4032.925,4038.495,4032.525,4037.715,0.1901
1784602800000,2026-07-21,03:00:00,4037.765,4041.775,4037.365,4040.245,0.1524
1784603100000,2026-07-21,03:05:00,4040.245,4041.795,4037.675,4040.365,0.101
1784603400000,2026-07-21,03:10:00,4040.365,4041.115,4037.095,4037.765,0.1167
1784603700000,2026-07-21,03:15:00,4037.765,4038.275,4036.295,4036.945,0.0979
1784604000000,2026-07-21,03:20:00,4036.975,4041.545,4036.595,4041.375,0.1348
1784604300000,2026-07-21,03:25:00,4041.495,4051.215,4040.895,4047.015,0.1987
1784604600000,2026-07-21,03:30:00,4047.095,4049.005,4044.185,4044.425,0.1207
1784604900000,2026-07-21,03:35:00,4044.425,4044.795,4042.535,4043.895,0.1115
1784605200000,2026-07-21,03:40:00,4043.895,4044.105,4041.505,4041.535,0.1076
1784605500000,2026-07-21,03:45:00,4041.535,4045.275,4041.495,4045.005,0.1229
1784605800000,2026-07-21,03:50:00,4045.065,4046.445,4044.355,4045.245,0.0865
1784606100000,2026-07-21,03:55:00,4045.205,4047.145,4044.875,4046.555,0.078
1784606400000,2026-07-21,04:00:00,4046.595,4049.875,4046.595,4047.625,0.1048
1784606700000,2026-07-21,04:05:00,4047.695,4051.415,4046.805,4048.195,0.1159
1784607000000,2026-07-21,04:10:00,4048.195,4048.235,4045.345,4045.615,0.0914
1784607300000,2026-07-21,04:15:00,4045.575,4046.195,4043.435,4043.855,0.0732
1784607600000,2026-07-21,04:20:00,4043.885,4046.365,4043.825,4044.625,0.0681
1784607900000,2026-07-21,04:25:00,4045.065,4045.065,4043.365,4044.335,0.0611
1784608200000,2026-07-21,04:30:00,4044.335,4045.815,4043.955,4045.545,0.0652
1784608500000,2026-07-21,04:35:00,4045.495,4046.545,4044.855,4045.705,0.0836
1784608800000,2026-07-21,04:40:00,4045.795,4047.235,4044.725,4046.655,0.0654
1784609100000,2026-07-21,04:45:00,4046.815,4047.445,4045.325,4046.195,0.0602
1784609400000,2026-07-21,04:50:00,4046.025,4047.065,4045.095,4046.995,0.0549
1784609700000,2026-07-21,04:55:00,4047.085,4049.255,4046.465,4049.195,0.0803
1784610000000,2026-07-21,05:00:00,4049.195,4050.175,4047.975,4048.155,0.0944
1784610300000,2026-07-21,05:05:00,4048.115,4050.115,4045.895,4049.745,0.0949
1784610600000,2026-07-21,05:10:00,4049.955,4051.515,4047.975,4051.145,0.1081
1784610900000,2026-07-21,05:15:00,4051.025,4052.825,4048.595,4050.065,0.1031
1784611200000,2026-07-21,05:20:00,4050.065,4051.145,4047.525,4050.675,0.0956
1784611500000,2026-07-21,05:25:00,4050.715,4056.105,4050.645,4053.835,0.131
1784611800000,2026-07-21,05:30:00,4054.115,4060.395,4054.105,4059.215,0.1997
1784612100000,2026-07-21,05:35:00,4059.255,4061.645,4058.525,4060.905,0.1838
1784612400000,2026-07-21,05:40:00,4060.955,4066.335,4059.905,4065.525,0.2241
1784612700000,2026-07-21,05:45:00,4065.955,4067.445,4063.455,4065.605,0.1847
1784613000000,2026-07-21,05:50:00,4065.605,4066.175,4061.915,4062.565,0.1653
1784613300000,2026-07-21,05:55:00,4062.565,4064.295,4060.865,4061.115,0.1198
1784613600000,2026-07-21,06:00:00,4060.995,4066.565,4060.995,4065.055,0.1829
1784613900000,2026-07-21,06:05:00,4065.035,4067.505,4063.665,4067.485,0.1625
1784614200000,2026-07-21,06:10:00,4067.535,4072.215,4066.355,4071.025,0.1674
1784614500000,2026-07-21,06:15:00,4071.005,4072.405,4067.985,4071.205,0.1811
1784614800000,2026-07-21,06:20:00,4071.285,4074.305,4069.455,4073.335,0.179
1784615100000,2026-07-21,06:25:00,4073.365,4073.925,4070.845,4071.945,0.1454
1784615400000,2026-07-21,06:30:00,4071.925,4074.395,4071.565,4072.215,0.1276
1784615700000,2026-07-21,06:35:00,4072.215,4075.795,4072.165,4074.155,0.1247
1784616000000,2026-07-21,06:40:00,4074.155,4080.465,4073.585,4076.685,0.1488
1784616300000,2026-07-21,06:45:00,4076.725,4083.735,4076.725,4082.585,0.1857
1784616600000,2026-07-21,06:50:00,4082.685,4083.065,4078.945,4079.815,0.1444
1784616900000,2026-07-21,06:55:00,4079.815,4080.375,4077.965,4077.965,0.0943
1784617200000,2026-07-21,07:00:00,4078.035,4079.985,4077.005,4077.295,0.1068
1784617500000,2026-07-21,07:05:00,4077.245,4077.845,4074.435,4074.465,0.1066
1784617800000,2026-07-21,07:10:00,4074.655,4075.145,4071.565,4071.955,0.0955
1784618100000,2026-07-21,07:15:00,4071.915,4073.335,4070.895,4073.175,0.0655
1784618400000,2026-07-21,07:20:00,4073.135,4073.145,4070.345,4070.445,0.0642
1784618700000,2026-07-21,07:25:00,4070.545,4070.735,4067.965,4069.415,0.0784
1784619000000,2026-07-21,07:30:00,4069.375,4073.555,4067.455,4073.135,0.0888
1784619300000,2026-07-21,07:35:00,4073.175,4075.205,4072.475,4072.795,0.0776
1784619600000,2026-07-21,07:40:00,4072.795,4073.895,4071.135,4071.185,0.0629
1784619900000,2026-07-21,07:45:00,4071.205,4072.405,4069.995,4071.275,0.0632
1784620200000,2026-07-21,07:50:00,4071.325,4071.845,4070.125,4070.135,0.0604
1784620500000,2026-07-21,07:55:00,4070.155,4071.515,4069.555,4070.975,0.0827
1784620800000,2026-07-21,08:00:00,4070.815,4072.255,4065.755,4066.025,0.121
1784621100000,2026-07-21,08:05:00,4066.075,4069.525,4065.335,4066.405,0.1038
1784621400000,2026-07-21,08:10:00,4066.375,4068.295,4065.615,4067.805,0.0723
1784621700000,2026-07-21,08:15:00,4067.735,4068.465,4065.765,4066.655,0.089
1784622000000,2026-07-21,08:20:00,4066.695,4066.735,4062.965,4063.745,0.0841
1784622300000,2026-07-21,08:25:00,4063.845,4064.525,4062.725,4063.325,0.0847
1784622600000,2026-07-21,08:30:00,4063.315,4064.945,4061.775,4062.485,0.0815
1784622900000,2026-07-21,08:35:00,4062.485,4063.375,4060.735,4062.215,0.0813
1784623200000,2026-07-21,08:40:00,4062.225,4063.775,4061.825,4062.065,0.0958
1784623500000,2026-07-21,08:45:00,4061.985,4062.235,4059.005,4059.885,0.0858
1784623800000,2026-07-21,08:50:00,4059.925,4063.305,4058.965,4060.885,0.0865
1784624100000,2026-07-21,08:55:00,4060.885,4063.355,4059.855,4062.605,0.0517
1784624400000,2026-07-21,09:00:00,4062.715,4066.505,4062.715,4065.915,0.0731
1784624700000,2026-07-21,09:05:00,4065.785,4066.575,4063.485,4065.815,0.0767
1784625000000,2026-07-21,09:10:00,4065.845,4066.155,4064.515,4064.965,0.0733
1784625300000,2026-07-21,09:15:00,4064.925,4066.615,4064.515,4066.195,0.09
1784625600000,2026-07-21,09:20:00,4066.155,4068.085,4064.885,4066.825,0.0996
1784625900000,2026-07-21,09:25:00,4066.805,4068.215,4062.395,4062.545,0.0886
1784626200000,2026-07-21,09:30:00,4062.565,4065.445,4061.645,4062.805,0.0815
1784626500000,2026-07-21,09:35:00,4062.855,4063.845,4061.565,4062.285,0.052
1784626800000,2026-07-21,09:40:00,4062.285,4062.625,4060.735,4062.185,0.0495
1784627100000,2026-07-21,09:45:00,4062.225,4066.825,4061.895,4066.205,0.0584
1784627400000,2026-07-21,09:50:00,4066.235,4069.415,4064.255,4068.735,0.0845
1784627700000,2026-07-21,09:55:00,4068.955,4068.955,4065.535,4065.645,0.0685
1784628000000,2026-07-21,10:00:00,4065.715,4067.905,4063.155,4063.715,0.0791
1784628300000,2026-07-21,10:05:00,4063.865,4064.015,4061.235,4061.285,0.0865
1784628600000,2026-07-21,10:10:00,4061.255,4068.265,4060.525,4066.115,0.1659
1784628900000,2026-07-21,10:15:00,4066.115,4067.955,4064.595,4067.195,0.0934
1784629200000,2026-07-21,10:20:00,4067.165,4068.895,4066.835,4067.165,0.0842
1784629500000,2026-07-21,10:25:00,4067.165,4068.965,4066.055,4066.535,0.0636
1784629800000,2026-07-21,10:30:00,4066.635,4068.105,4066.305,4067.915,0.0605
1784630100000,2026-07-21,10:35:00,4067.875,4069.835,4067.725,4068.575,0.0607
1784630400000,2026-07-21,10:40:00,4068.535,4068.535,4066.455,4066.955,0.0811
1784630700000,2026-07-21,10:45:00,4067.035,4068.395,4062.675,4062.795,0.1258
1784631000000,2026-07-21,10:50:00,4062.795,4066.175,4062.735,4064.735,0.1093
1784631300000,2026-07-21,10:55:00,4064.705,4064.825,4062.295,4062.715,0.1316
1784631600000,2026-07-21,11:00:00,4062.725,4063.515,4055.965,4056.565,0.1584
1784631900000,2026-07-21,11:05:00,4056.625,4058.795,4055.205,4055.965,0.1363
1784632200000,2026-07-21,11:10:00,4055.815,4058.855,4055.705,4058.355,0.1173
1784632500000,2026-07-21,11:15:00,4058.385,4059.565,4057.695,4057.815,0.1077
1784632800000,2026-07-21,11:20:00,4057.815,4059.135,4056.005,4059.125,0.1087
1784633100000,2026-07-21,11:25:00,4059.335,4059.795,4057.015,4057.795,0.098
1784633400000,2026-07-21,11:30:00,4057.835,4059.575,4057.635,4058.585,0.112
1784633700000,2026-07-21,11:35:00,4058.605,4061.035,4058.425,4059.615,0.119
1784634000000,2026-07-21,11:40:00,4059.755,4059.885,4055.305,4055.735,0.1163
1784634300000,2026-07-21,11:45:00,4055.735,4057.705,4054.185,4057.705,0.0845
1784634600000,2026-07-21,11:50:00,4057.745,4058.205,4055.445,4056.225,0.0993
1784634900000,2026-07-21,11:55:00,4056.255,4056.825,4054.615,4055.715,0.0961
1784635200000,2026-07-21,12:00:00,4055.815,4058.665,4055.435,4058.145,0.1619
1784635500000,2026-07-21,12:05:00,4058.165,4060.925,4057.945,4058.475,0.1528
1784635800000,2026-07-21,12:10:00,4058.465,4059.495,4056.215,4059.085,0.1166
1784636100000,2026-07-21,12:15:00,4059.085,4060.075,4055.495,4058.965,0.1592
1784636400000,2026-07-21,12:20:00,4058.915,4065.655,4057.485,4064.875,0.1913
1784636700000,2026-07-21,12:25:00,4064.945,4065.045,4060.475,4061.315,0.1879
1784637000000,2026-07-21,12:30:00,4061.345,4063.565,4058.855,4059.195,0.1792
1784637300000,2026-07-21,12:35:00,4059.185,4059.295,4053.475,4054.875,0.1922
1784637600000,2026-07-21,12:40:00,4054.945,4055.875,4050.915,4053.755,0.1846
1784637900000,2026-07-21,12:45:00,4053.735,4062.005,4053.375,4059.925,0.1865
1784638200000,2026-07-21,12:50:00,4060.055,4060.055,4055.105,4055.565,0.1545
1784638500000,2026-07-21,12:55:00,4055.705,4055.805,4052.575,4053.495,0.1669
1784638800000,2026-07-21,13:00:00,4053.715,4060.195,4053.595,4056.725,0.2604
1784639100000,2026-07-21,13:05:00,4056.825,4060.165,4056.805,4057.375,0.2124
1784639400000,2026-07-21,13:10:00,4057.345,4060.185,4056.615,4059.725,0.1804
1784639700000,2026-07-21,13:15:00,4059.725,4061.575,4054.345,4055.515,0.2083
1784640000000,2026-07-21,13:20:00,4055.465,4057.365,4051.505,4052.395,0.1982
1784640300000,2026-07-21,13:25:00,4052.395,4054.495,4050.015,4050.785,0.2403
1784640600000,2026-07-21,13:30:00,4050.805,4057.205,4047.335,4055.815,0.3396
1784640900000,2026-07-21,13:35:00,4055.765,4057.215,4050.835,4052.575,0.2875
1784641200000,2026-07-21,13:40:00,4052.635,4053.455,4044.425,4046.315,0.3047
1784641500000,2026-07-21,13:45:00,4046.215,4050.365,4044.165,4050.215,0.2911
1784641800000,2026-07-21,13:50:00,4050.215,4052.665,4046.165,4052.025,0.2812
1784642100000,2026-07-21,13:55:00,4051.935,4053.385,4049.555,4052.785,0.2795
1784642400000,2026-07-21,14:00:00,4052.835,4056.585,4051.425,4056.285,0.2816
1784642700000,2026-07-21,14:05:00,4056.145,4059.235,4054.115,4054.615,0.2793
1784643000000,2026-07-21,14:10:00,4054.685,4065.765,4054.655,4065.715,0.3082
1784643300000,2026-07-21,14:15:00,4065.685,4067.445,4060.855,4063.755,0.307
1784643600000,2026-07-21,14:20:00,4063.775,4065.075,4061.025,4064.685,0.2895
1784643900000,2026-07-21,14:25:00,4064.715,4069.225,4063.925,4069.225,0.2728
1784644200000,2026-07-21,14:30:00,4069.205,4073.725,4066.425,4066.435,0.2968
1784644500000,2026-07-21,14:35:00,4066.465,4066.995,4061.965,4064.325,0.2527
1784644800000,2026-07-21,14:40:00,4064.505,4067.785,4062.575,4067.355,0.2242
1784645100000,2026-07-21,14:45:00,4067.395,4070.225,4065.925,4069.245,0.241
1784645400000,2026-07-21,14:50:00,4069.335,4070.515,4066.345,4068.725,0.24
1784645700000,2026-07-21,14:55:00,4068.835,4070.335,4067.045,4068.205,0.2502
1784646000000,2026-07-21,15:00:00,4068.225,4070.945,4067.565,4067.935,0.253
1784646300000,2026-07-21,15:05:00,4067.935,4070.305,4065.265,4069.075,0.2158
1784646600000,2026-07-21,15:10:00,4069.005,4073.775,4068.885,4073.025,0.2258
1784646900000,2026-07-21,15:15:00,4073.065,4078.555,4073.025,4076.735,0.2436
1784647200000,2026-07-21,15:20:00,4076.735,4078.925,4075.195,4077.935,0.2646
1784647500000,2026-07-21,15:25:00,4077.995,4078.105,4075.475,4076.525,0.239
1784647800000,2026-07-21,15:30:00,4076.525,4082.555,4075.735,4080.805,0.2803
1784648100000,2026-07-21,15:35:00,4080.825,4083.305,4078.645,4080.115,0.2003
1784648400000,2026-07-21,15:40:00,4080.115,4080.705,4075.215,4075.535,0.1919
1784648700000,2026-07-21,15:45:00,4075.545,4075.755,4071.715,4072.865,0.1782
1784649000000,2026-07-21,15:50:00,4073.005,4078.005,4072.885,4076.485,0.1521
1784649300000,2026-07-21,15:55:00,4076.595,4076.695,4073.505,4074.025,0.16
1784649600000,2026-07-21,16:00:00,4074.045,4077.555,4073.245,4077.555,0.1738
1784649900000,2026-07-21,16:05:00,4077.495,4077.835,4076.275,4076.895,0.1354
1784650200000,2026-07-21,16:10:00,4076.925,4078.925,4076.155,4078.225,0.172
1784650500000,2026-07-21,16:15:00,4078.225,4078.425,4076.515,4077.145,0.1444
1784650800000,2026-07-21,16:20:00,4077.175,4077.975,4075.855,4077.735,0.136
1784651100000,2026-07-21,16:25:00,4077.735,4077.845,4073.665,4075.355,0.1329
1784651400000,2026-07-21,16:30:00,4075.385,4076.065,4074.515,4075.535,0.1361
1784651700000,2026-07-21,16:35:00,4075.535,4075.745,4070.875,4074.055,0.1324
1784652000000,2026-07-21,16:40:00,4073.995,4074.925,4071.225,4071.725,0.1309
1784652300000,2026-07-21,16:45:00,4071.755,4072.435,4069.605,4071.975,0.1555
1784652600000,2026-07-21,16:50:00,4071.915,4073.025,4071.325,4072.645,0.1119
1784652900000,2026-07-21,16:55:00,4072.615,4072.895,4070.765,4071.255,0.1279
1784653200000,2026-07-21,17:00:00,4071.255,4071.955,4068.995,4069.995,0.137
1784653500000,2026-07-21,17:05:00,4070.095,4072.375,4069.565,4071.225,0.1187
1784653800000,2026-07-21,17:10:00,4071.235,4072.245,4069.665,4070.315,0.1273
1784654100000,2026-07-21,17:15:00,4070.265,4070.825,4068.715,4068.755,0.1364
1784654400000,2026-07-21,17:20:00,4068.785,4071.545,4068.595,4071.085,0.1375
1784654700000,2026-07-21,17:25:00,4070.985,4072.555,4070.665,4071.965,0.1391
1784655000000,2026-07-21,17:30:00,4072.075,4072.135,4069.415,4070.135,0.1155
1784655300000,2026-07-21,17:35:00,4070.165,4070.165,4068.745,4069.115,0.0953
1784655600000,2026-07-21,17:40:00,4069.065,4069.385,4066.535,4067.905,0.1342
1784655900000,2026-07-21,17:45:00,4067.865,4068.025,4066.565,4066.895,0.1193
1784656200000,2026-07-21,17:50:00,4066.895,4067.885,4066.605,4067.665,0.0948
1784656500000,2026-07-21,17:55:00,4067.615,4068.475,4066.665,4068.475,0.1168
1784656800000,2026-07-21,18:00:00,4068.475,4069.545,4067.665,4067.665,0.1467
1784657100000,2026-07-21,18:05:00,4067.685,4071.895,4067.465,4071.555,0.1451
1784657400000,2026-07-21,18:10:00,4071.555,4072.095,4071.005,4071.215,0.1308
1784657700000,2026-07-21,18:15:00,4071.245,4073.695,4070.965,4073.105,0.1537
1784658000000,2026-07-21,18:20:00,4073.105,4081.385,4072.195,4080.895,0.1587
1784658300000,2026-07-21,18:25:00,4080.855,4086.775,4080.855,4083.725,0.2367
1784658600000,2026-07-21,18:30:00,4083.725,4085.475,4081.065,4084.295,0.1573
1784658900000,2026-07-21,18:35:00,4084.245,4085.165,4081.375,4082.535,0.1289
1784659200000,2026-07-21,18:40:00,4082.565,4083.765,4081.535,4082.125,0.1242
1784659500000,2026-07-21,18:45:00,4082.125,4082.435,4080.125,4080.565,0.1124
1784659800000,2026-07-21,18:50:00,4080.565,4081.255,4079.095,4080.825,0.1041
1784660100000,2026-07-21,18:55:00,4080.805,4083.215,4080.805,4081.995,0.1061
1784660400000,2026-07-21,19:00:00,4082.135,4085.215,4082.125,4084.215,0.1616
1784660700000,2026-07-21,19:05:00,4084.235,4085.655,4081.055,4081.185,0.131
1784661000000,2026-07-21,19:10:00,4081.025,4081.565,4079.785,4080.605,0.1235
1784661300000,2026-07-21,19:15:00,4080.585,4083.905,4080.585,4083.445,0.1338
1784661600000,2026-07-21,19:20:00,4083.445,4084.375,4082.165,4083.575,0.1356
1784661900000,2026-07-21,19:25:00,4083.575,4085.115,4083.295,4083.795,0.1271
1784662200000,2026-07-21,19:30:00,4083.855,4084.855,4082.735,4083.295,0.1094
1784662500000,2026-07-21,19:35:00,4083.255,4083.385,4081.745,4082.425,0.08
1784662800000,2026-07-21,19:40:00,4082.455,4084.395,4082.185,4083.155,0.0842
1784663100000,2026-07-21,19:45:00,4083.145,4085.155,4082.605,4084.315,0.1007
1784663400000,2026-07-21,19:50:00,4084.415,4085.005,4083.195,4083.795,0.1486
1784663700000,2026-07-21,19:55:00,4083.775,4085.025,4083.125,4084.435,0.148
1784664000000,2026-07-21,20:00:00,4084.275,4086.265,4082.925,4084.335,0.076
1784664300000,2026-07-21,20:05:00,4084.385,4085.795,4083.725,4084.845,0.0334
1784664600000,2026-07-21,20:10:00,4084.895,4084.895,4083.355,4084.095,0.0256
1784664900000,2026-07-21,20:15:00,4084.065,4084.435,4082.785,4083.785,0.0268
1784665200000,2026-07-21,20:20:00,4083.895,4083.895,4081.285,4082.565,0.0281
1784665500000,2026-07-21,20:25:00,4082.605,4082.845,4081.975,4082.435,0.0188
1784665800000,2026-07-21,20:30:00,4082.685,4085.065,4082.525,4082.925,0.0385
1784666100000,2026-07-21,20:35:00,4082.895,4083.205,4081.685,4081.805,0.0306
1784666400000,2026-07-21,20:40:00,4081.995,4081.995,4080.155,4080.905,0.0383
1784666700000,2026-07-21,20:45:00,4080.855,4080.935,4077.465,4078.335,0.045
1784667000000,2026-07-21,20:50:00,4078.355,4078.915,4077.095,4077.475,0.0445
1784667300000,2026-07-21,20:55:00,4077.415,4077.855,4076.385,4076.995,0.0435
1784671200000,2026-07-21,22:00:00,4077.815,4080.445,4077.705,4078.125,0.0566
1784671500000,2026-07-21,22:05:00,4078.095,4079.325,4076.425,4077.435,0.0363
1784671800000,2026-07-21,22:10:00,4077.365,4078.845,4076.705,4078.615,0.0254
1784672100000,2026-07-21,22:15:00,4078.565,4080.555,4077.975,4080.045,0.0431
1784672400000,2026-07-21,22:20:00,4079.915,4081.925,4079.915,4080.455,0.0353
1784672700000,2026-07-21,22:25:00,4080.425,4083.055,4080.235,4082.835,0.0438
1784673000000,2026-07-21,22:30:00,4082.975,4084.865,4082.325,4083.665,0.0436
1784673300000,2026-07-21,22:35:00,4083.705,4084.685,4082.405,4084.395,0.0325
1784673600000,2026-07-21,22:40:00,4083.955,4085.045,4082.945,4083.705,0.0287
1784673900000,2026-07-21,22:45:00,4083.685,4084.185,4080.655,4080.955,0.0448
1784674200000,2026-07-21,22:50:00,4080.935,4081.655,4077.795,4079.395,0.0453
1784674500000,2026-07-21,22:55:00,4079.315,4081.045,4079.155,4079.155,0.0259
1784674800000,2026-07-21,23:00:00,4078.975,4080.085,4078.235,4079.195,0.0192
1784675100000,2026-07-21,23:05:00,4079.295,4080.585,4078.975,4079.835,0.0127
1784675400000,2026-07-21,23:10:00,4079.795,4081.705,4079.535,4081.105,0.0286
1784675700000,2026-07-21,23:15:00,4081.065,4082.165,4080.625,4082.085,0.0241
1784676000000,2026-07-21,23:20:00,4081.945,4082.175,4080.825,4081.825,0.0181
1784676300000,2026-07-21,23:25:00,4081.805,4082.105,4080.615,4080.645,0.0254
1784676600000,2026-07-21,23:30:00,4080.675,4081.105,4079.635,4080.145,0.0227
1784676900000,2026-07-21,23:35:00,4080.115,4081.705,4079.815,4081.475,0.0253
1784677200000,2026-07-21,23:40:00,4081.445,4081.925,4078.885,4079.945,0.0393
1784677500000,2026-07-21,23:45:00,4079.945,4082.595,4078.905,4080.685,0.0488
1784677800000,2026-07-21,23:50:00,4080.785,4081.085,4079.825,4080.285,0.03
1784678100000,2026-07-21,23:55:00,4080.205,4080.885,4078.955,4080.375,0.0552
1784678400000,2026-07-22,00:00:00,4080.485,4082.355,4076.325,4082.285,0.1518
1784678700000,2026-07-22,00:05:00,4082.295,4090.105,4080.905,4087.915,0.1594
1784679000000,2026-07-22,00:10:00,4087.885,4092.605,4087.235,4091.795,0.1294
1784679300000,2026-07-22,00:15:00,4091.845,4097.835,4091.815,4095.155,0.144
1784679600000,2026-07-22,00:20:00,4095.225,4097.315,4092.635,4096.715,0.124
1784679900000,2026-07-22,00:25:00,4096.665,4098.625,4096.075,4098.005,0.1285
1784680200000,2026-07-22,00:30:00,4098.025,4102.375,4089.945,4091.135,0.137
1784680500000,2026-07-22,00:35:00,4091.135,4097.055,4089.285,4094.475,0.1224
1784680800000,2026-07-22,00:40:00,4094.485,4094.965,4091.405,4092.375,0.0971
1784681100000,2026-07-22,00:45:00,4092.325,4099.255,4091.135,4096.415,0.1309
1784681400000,2026-07-22,00:50:00,4096.405,4096.995,4093.045,4093.765,0.0982
1784681700000,2026-07-22,00:55:00,4093.835,4097.365,4092.745,4097.145,0.129
1784682000000,2026-07-22,01:00:00,4097.225,4113.405,4096.365,4110.325,0.2148
1784682300000,2026-07-22,01:05:00,4110.305,4117.155,4109.685,4115.395,0.1874
1784682600000,2026-07-22,01:10:00,4115.555,4121.315,4113.415,4120.975,0.1955
1784682900000,2026-07-22,01:15:00,4120.955,4121.485,4111.595,4112.345,0.1721
1784683200000,2026-07-22,01:20:00,4112.305,4115.615,4111.245,4111.925,0.161
1784683500000,2026-07-22,01:25:00,4111.955,4116.375,4111.845,4115.115,0.1432
1784683800000,2026-07-22,01:30:00,4115.135,4117.115,4112.675,4116.495,0.2034
1784684100000,2026-07-22,01:35:00,4116.575,4121.285,4114.445,4119.375,0.2544
1784684400000,2026-07-22,01:40:00,4119.365,4122.885,4117.725,4121.395,0.2533
1784684700000,2026-07-22,01:45:00,4121.445,4123.705,4118.565,4119.335,0.2507
1784685000000,2026-07-22,01:50:00,4119.315,4120.805,4117.995,4119.315,0.244
1784685300000,2026-07-22,01:55:00,4119.365,4122.665,4117.065,4121.855,0.2226
1784685600000,2026-07-22,02:00:00,4121.885,4122.655,4119.335,4121.535,0.2287
1784685900000,2026-07-22,02:05:00,4121.585,4122.035,4118.535,4121.255,0.1981
1784686200000,2026-07-22,02:10:00,4121.105,4123.455,4120.065,4121.505,0.207
1784686500000,2026-07-22,02:15:00,4121.615,4124.805,4119.705,4120.365,0.1773
1784686800000,2026-07-22,02:20:00,4120.245,4125.215,4120.045,4124.405,0.1566
1784687100000,2026-07-22,02:25:00,4124.495,4125.795,4123.605,4123.695,0.1579
1784687400000,2026-07-22,02:30:00,4123.695,4130.265,4121.845,4129.925,0.274
1784687700000,2026-07-22,02:35:00,4129.925,4129.975,4124.165,4124.415,0.2256
1784688000000,2026-07-22,02:40:00,4124.415,4129.165,4124.145,4128.155,0.2111
1784688300000,2026-07-22,02:45:00,4127.725,4130.245,4127.235,4128.005,0.2179
1784688600000,2026-07-22,02:50:00,4127.955,4129.065,4125.875,4128.295,0.2129
1784688900000,2026-07-22,02:55:00,4128.145,4130.665,4126.475,4130.495,0.1932
1784689200000,2026-07-22,03:00:00,4130.485,4133.215,4128.995,4133.035,0.2267
1784689500000,2026-07-22,03:05:00,4133.085,4140.505,4132.125,4137.105,0.2626
1784689800000,2026-07-22,03:10:00,4137.025,4138.125,4134.745,4137.115,0.183
1784690100000,2026-07-22,03:15:00,4136.655,4139.725,4136.575,4138.835,0.1923
1784690400000,2026-07-22,03:20:00,4138.785,4141.465,4137.905,4138.785,0.1737
1784690700000,2026-07-22,03:25:00,4138.745,4139.785,4136.695,4138.115,0.1726
1784691000000,2026-07-22,03:30:00,4138.135,4138.185,4134.415,4134.885,0.1687
1784691300000,2026-07-22,03:35:00,4134.865,4135.745,4132.305,4133.245,0.134
1784691600000,2026-07-22,03:40:00,4133.245,4133.985,4132.065,4133.125,0.1493
1784691900000,2026-07-22,03:45:00,4133.165,4133.995,4131.875,4132.255,0.16
1784692200000,2026-07-22,03:50:00,4132.295,4132.605,4130.325,4130.665,0.1447
1784692500000,2026-07-22,03:55:00,4130.665,4131.415,4129.715,4130.575,0.1512
1784692800000,2026-07-22,04:00:00,4130.545,4131.025,4126.195,4128.075,0.1837
1784693100000,2026-07-22,04:05:00,4128.005,4130.375,4127.525,4127.805,0.1055
1784693400000,2026-07-22,04:10:00,4127.685,4128.465,4125.875,4126.585,0.1312
1784693700000,2026-07-22,04:15:00,4126.555,4129.385,4126.505,4127.775,0.1114
1784694000000,2026-07-22,04:20:00,4127.735,4129.345,4127.175,4128.535,0.1107
1784694300000,2026-07-22,04:25:00,4128.415,4128.645,4127.355,4128.485,0.1022
1784694600000,2026-07-22,04:30:00,4128.525,4128.985,4124.695,4126.465,0.1281
1784694900000,2026-07-22,04:35:00,4126.495,4126.565,4124.515,4125.885,0.1247
1784695200000,2026-07-22,04:40:00,4125.885,4127.365,4125.885,4126.995,0.102
1784695500000,2026-07-22,04:45:00,4126.925,4127.385,4125.135,4125.865,0.1189
1784695800000,2026-07-22,04:50:00,4126.015,4126.885,4124.865,4125.805,0.1123
1784696100000,2026-07-22,04:55:00,4125.745,4126.965,4125.195,4126.655,0.104
1784696400000,2026-07-22,05:00:00,4126.685,4128.965,4125.575,4128.135,0.1462
1784696700000,2026-07-22,05:05:00,4128.105,4128.865,4126.275,4126.855,0.1236
1784697000000,2026-07-22,05:10:00,4126.905,4129.795,4126.745,4128.215,0.1187
1784697300000,2026-07-22,05:15:00,4128.195,4128.505,4122.935,4123.735,0.1836
1784697600000,2026-07-22,05:20:00,4123.665,4124.585,4122.715,4124.315,0.1256
1784697900000,2026-07-22,05:25:00,4124.315,4126.455,4123.135,4123.445,0.1433
1784698200000,2026-07-22,05:30:00,4123.355,4128.505,4122.865,4127.275,0.2542
1784698500000,2026-07-22,05:35:00,4127.255,4133.905,4126.965,4132.325,0.2221
1784698800000,2026-07-22,05:40:00,4132.125,4133.135,4129.835,4132.285,0.1985
1784699100000,2026-07-22,05:45:00,4132.255,4133.055,4130.065,4131.715,0.2157
1784699400000,2026-07-22,05:50:00,4131.695,4132.655,4128.945,4129.295,0.1954
1784699700000,2026-07-22,05:55:00,4129.465,4131.225,4127.745,4130.725,0.1877
1784700000000,2026-07-22,06:00:00,4130.675,4135.065,4130.675,4134.125,0.1715
1784700300000,2026-07-22,06:05:00,4134.065,4134.105,4130.395,4130.575,0.1517
1784700600000,2026-07-22,06:10:00,4130.675,4132.285,4129.265,4129.555,0.1539
1784700900000,2026-07-22,06:15:00,4129.515,4131.845,4129.035,4130.255,0.142
1784701200000,2026-07-22,06:20:00,4130.295,4130.595,4124.035,4124.935,0.1665
1784701500000,2026-07-22,06:25:00,4124.785,4124.965,4113.705,4117.235,0.2037
1784701800000,2026-07-22,06:30:00,4117.205,4119.105,4114.325,4119.005,0.1995
1784702100000,2026-07-22,06:35:00,4119.045,4120.135,4116.315,4117.285,0.1714
1784702400000,2026-07-22,06:40:00,4117.215,4120.115,4116.935,4118.665,0.1546
1784702700000,2026-07-22,06:45:00,4118.545,4120.605,4116.955,4117.485,0.1701
1784703000000,2026-07-22,06:50:00,4117.485,4117.555,4113.985,4116.175,0.1565
1784703300000,2026-07-22,06:55:00,4116.085,4116.805,4113.195,4116.135,0.1712
1784703600000,2026-07-22,07:00:00,4116.165,4117.055,4111.525,4112.415,0.1787
1784703900000,2026-07-22,07:05:00,4112.595,4115.465,4112.195,4113.315,0.1546
1784704200000,2026-07-22,07:10:00,4113.335,4116.235,4112.325,4116.235,0.1623
1784704500000,2026-07-22,07:15:00,4116.145,4118.985,4115.815,4118.655,0.1358
1784704800000,2026-07-22,07:20:00,4118.655,4122.395,4117.735,4117.735,0.1392
1784705100000,2026-07-22,07:25:00,4117.765,4119.935,4117.655,4119.625,0.1237
1784705400000,2026-07-22,07:30:00,4119.525,4122.905,4117.965,4118.025,0.1692
1784705700000,2026-07-22,07:35:00,4118.005,4118.245,4114.765,4114.785,0.1641
1784706000000,2026-07-22,07:40:00,4114.805,4115.265,4110.745,4112.255,0.2002
1784706300000,2026-07-22,07:45:00,4112.235,4113.545,4109.615,4110.045,0.161
1784706600000,2026-07-22,07:50:00,4110.085,4113.905,4109.425,4113.905,0.1449
1784706900000,2026-07-22,07:55:00,4113.905,4114.135,4109.025,4110.465,0.1424
1784707200000,2026-07-22,08:00:00,4110.425,4115.125,4110.415,4114.825,0.1859
1784707500000,2026-07-22,08:05:00,4114.725,4115.805,4113.295,4114.295,0.1589
1784707800000,2026-07-22,08:10:00,4114.485,4115.835,4112.175,4114.475,0.1539
1784708100000,2026-07-22,08:15:00,4114.645,4115.445,4113.285,4114.645,0.143
1784708400000,2026-07-22,08:20:00,4114.675,4117.635,4114.655,4116.755,0.1498
1784708700000,2026-07-22,08:25:00,4116.855,4117.495,4115.265,4117.335,0.191
1784709000000,2026-07-22,08:30:00,4117.405,4118.965,4116.365,4117.775,0.1598
1784709300000,2026-07-22,08:35:00,4117.775,4118.495,4116.395,4116.615,0.1556
1784709600000,2026-07-22,08:40:00,4116.615,4117.175,4113.975,4114.345,0.1348
1784709900000,2026-07-22,08:45:00,4114.445,4116.105,4113.145,4114.475,0.1335
1784710200000,2026-07-22,08:50:00,4114.485,4117.655,4113.545,4117.475,0.1497
1784710500000,2026-07-22,08:55:00,4117.475,4119.905,4117.335,4118.155,0.1231
1784710800000,2026-07-22,09:00:00,4118.195,4120.355,4117.645,4119.715,0.1723
1784711100000,2026-07-22,09:05:00,4119.585,4121.995,4117.915,4119.895,0.1421
1784711400000,2026-07-22,09:10:00,4119.795,4122.075,4119.415,4121.455,0.131
1784711700000,2026-07-22,09:15:00,4121.575,4122.065,4119.485,4122.015,0.1293
1784712000000,2026-07-22,09:20:00,4122.015,4122.215,4119.195,4120.495,0.1496
1784712300000,2026-07-22,09:25:00,4120.535,4121.105,4117.665,4118.515,0.116
1784712600000,2026-07-22,09:30:00,4118.465,4121.585,4116.185,4117.165,0.1558
1784712900000,2026-07-22,09:35:00,4117.255,4118.665,4114.215,4114.425,0.1396
1784713200000,2026-07-22,09:40:00,4114.425,4118.705,4114.275,4115.845,0.1372
1784713500000,2026-07-22,09:45:00,4115.825,4117.325,4115.675,4116.715,0.116
1784713800000,2026-07-22,09:50:00,4116.675,4117.415,4113.135,4114.945,0.149
1784714100000,2026-07-22,09:55:00,4114.935,4117.765,4113.975,4114.795,0.1423
1784714400000,2026-07-22,10:00:00,4115.045,4119.845,4114.765,4116.075,0.166
1784714700000,2026-07-22,10:05:00,4116.105,4117.585,4115.755,4115.965,0.1364
1784715000000,2026-07-22,10:10:00,4115.925,4117.845,4115.815,4117.165,0.1208
1784715300000,2026-07-22,10:15:00,4117.215,4119.175,4116.265,4117.505,0.121
1784715600000,2026-07-22,10:20:00,4117.485,4121.715,4117.485,4121.215,0.1616
1784715900000,2026-07-22,10:25:00,4121.285,4121.525,4118.915,4119.125,0.1487
1784716200000,2026-07-22,10:30:00,4119.125,4119.745,4117.665,4118.615,0.1084
1784716500000,2026-07-22,10:35:00,4118.655,4118.935,4116.515,4116.945,0.1222
1784716800000,2026-07-22,10:40:00,4116.865,4117.565,4115.835,4116.925,0.1143
1784717100000,2026-07-22,10:45:00,4116.825,4118.845,4116.055,4118.755,0.1285
1784717400000,2026-07-22,10:50:00,4118.875,4120.135,4117.795,4118.015,0.1225
1784717700000,2026-07-22,10:55:00,4118.005,4118.145,4115.985,4117.425,0.1146
1784718000000,2026-07-22,11:00:00,4117.395,4118.045,4115.035,4116.835,0.1541
1784718300000,2026-07-22,11:05:00,4116.785,4118.695,4115.925,4118.545,0.1235
1784718600000,2026-07-22,11:10:00,4118.675,4120.775,4117.745,4119.035,0.1224
1784718900000,2026-07-22,11:15:00,4118.975,4123.005,4118.385,4120.815,0.1202
1784719200000,2026-07-22,11:20:00,4120.765,4122.565,4120.105,4120.325,0.1213
1784719500000,2026-07-22,11:25:00,4120.325,4120.635,4117.265,4118.405,0.1233
1784719800000,2026-07-22,11:30:00,4118.555,4120.485,4118.045,4119.685,0.1175
1784720100000,2026-07-22,11:35:00,4119.665,4119.705,4117.055,4118.505,0.1366
1784720400000,2026-07-22,11:40:00,4118.505,4119.025,4112.465,4114.895,0.2322
1784720700000,2026-07-22,11:45:00,4114.935,4120.125,4114.505,4120.055,0.1671
1784721000000,2026-07-22,11:50:00,4120.015,4121.275,4117.855,4119.525,0.1395
1784721300000,2026-07-22,11:55:00,4119.665,4122.765,4119.295,4122.355,0.1456
1784721600000,2026-07-22,12:00:00,4122.465,4126.355,4121.595,4125.155,0.1955
1784721900000,2026-07-22,12:05:00,4125.135,4127.205,4123.385,4124.605,0.1737
1784722200000,2026-07-22,12:10:00,4124.615,4127.215,4123.355,4126.765,0.1487
1784722500000,2026-07-22,12:15:00,4127.175,4127.545,4124.405,4125.685,0.1731
1784722800000,2026-07-22,12:20:00,4125.735,4129.935,4125.515,4129.315,0.2305
1784723100000,2026-07-22,12:25:00,4129.285,4133.025,4128.265,4132.465,0.1875
1784723400000,2026-07-22,12:30:00,4132.425,4134.195,4127.185,4127.345,0.1969
1784723700000,2026-07-22,12:35:00,4127.435,4128.155,4124.545,4126.975,0.1906
1784724000000,2026-07-22,12:40:00,4126.945,4128.385,4125.205,4127.155,0.1649
1784724300000,2026-07-22,12:45:00,4127.105,4127.495,4118.575,4118.655,0.2294
1784724600000,2026-07-22,12:50:00,4118.625,4119.485,4116.625,4117.875,0.1841
1784724900000,2026-07-22,12:55:00,4117.935,4118.155,4107.265,4112.785,0.2068
1784725200000,2026-07-22,13:00:00,4112.865,4120.415,4112.615,4119.145,0.2285
1784725500000,2026-07-22,13:05:00,4119.125,4121.065,4117.325,4121.045,0.162
1784725800000,2026-07-22,13:10:00,4121.045,4125.785,4120.285,4125.655,0.1463
1784726100000,2026-07-22,13:15:00,4125.685,4131.205,4124.815,4130.445,0.1815
1784726400000,2026-07-22,13:20:00,4130.435,4133.755,4128.415,4133.495,0.2262
1784726700000,2026-07-22,13:25:00,4133.495,4134.995,4131.075,4131.595,0.1948
1784727000000,2026-07-22,13:30:00,4131.615,4146.645,4131.615,4141.965,0.3411
1784727300000,2026-07-22,13:35:00,4142.005,4145.365,4138.335,4144.285,0.2978
1784727600000,2026-07-22,13:40:00,4144.235,4145.905,4140.755,4142.605,0.2925
1784727900000,2026-07-22,13:45:00,4142.675,4149.495,4142.475,4146.125,0.3274
1784728200000,2026-07-22,13:50:00,4146.365,4147.975,4143.645,4145.335,0.2985
1784728500000,2026-07-22,13:55:00,4145.335,4155.825,4144.455,4154.385,0.3027
1784728800000,2026-07-22,14:00:00,4154.445,4163.325,4152.985,4156.495,0.3077
1784729100000,2026-07-22,14:05:00,4156.465,4158.865,4153.095,4156.405,0.2917
1784729400000,2026-07-22,14:10:00,4156.505,4158.735,4155.235,4156.315,0.2548
1784729700000,2026-07-22,14:15:00,4156.325,4156.325,4148.715,4148.835,0.3192
1784730000000,2026-07-22,14:20:00,4148.825,4152.555,4148.435,4149.575,0.3133
1784730300000,2026-07-22,14:25:00,4149.605,4150.335,4144.125,4146.065,0.2806
1784730600000,2026-07-22,14:30:00,4146.235,4152.485,4146.055,4150.375,0.2432
1784730900000,2026-07-22,14:35:00,4150.595,4151.825,4148.565,4151.805,0.2527
1784731200000,2026-07-22,14:40:00,4151.785,4152.905,4147.405,4150.685,0.2643
1784731500000,2026-07-22,14:45:00,4150.685,4152.735,4145.405,4148.035,0.2549
1784731800000,2026-07-22,14:50:00,4148.185,4148.705,4145.995,4147.445,0.2314
1784732100000,2026-07-22,14:55:00,4147.495,4149.875,4143.845,4148.285,0.2759
1784732400000,2026-07-22,15:00:00,4148.265,4154.865,4148.245,4154.545,0.2429
1784732700000,2026-07-22,15:05:00,4154.545,4156.115,4153.455,4154.665,0.252
1784733000000,2026-07-22,15:10:00,4154.605,4158.385,4153.905,4157.395,0.2243
1784733300000,2026-07-22,15:15:00,4157.215,4157.505,4153.095,4154.905,0.2165
1784733600000,2026-07-22,15:20:00,4154.755,4161.295,4154.175,4159.675,0.1935
1784733900000,2026-07-22,15:25:00,4159.695,4160.175,4156.345,4157.065,0.1861
1784734200000,2026-07-22,15:30:00,4157.045,4158.495,4155.915,4156.585,0.199
1784734500000,2026-07-22,15:35:00,4156.685,4159.045,4155.465,4157.125,0.2139
1784734800000,2026-07-22,15:40:00,4157.385,4160.765,4157.095,4159.645,0.2299
1784735100000,2026-07-22,15:45:00,4159.725,4165.135,4158.385,4164.225,0.2389
1784735400000,2026-07-22,15:50:00,4164.225,4165.775,4161.995,4162.255,0.2452
1784735700000,2026-07-22,15:55:00,4162.315,4162.315,4158.265,4159.115,0.2195
1784736000000,2026-07-22,16:00:00,4159.125,4159.335,4155.965,4156.625,0.1917
1784736300000,2026-07-22,16:05:00,4156.625,4159.035,4156.145,4156.635,0.1681
1784736600000,2026-07-22,16:10:00,4156.575,4156.575,4152.985,4154.295,0.1751
1784736900000,2026-07-22,16:15:00,4154.255,4155.255,4150.955,4154.875,0.1579
1784737200000,2026-07-22,16:20:00,4154.905,4155.405,4151.955,4152.285,0.1632
1784737500000,2026-07-22,16:25:00,4152.285,4152.435,4147.785,4148.975,0.1854
1784737800000,2026-07-22,16:30:00,4149.035,4150.385,4145.985,4146.055,0.1726
1784738100000,2026-07-22,16:35:00,4146.095,4148.795,4144.315,4148.185,0.192
1784738400000,2026-07-22,16:40:00,4148.185,4151.045,4146.335,4146.785,0.1591
1784738700000,2026-07-22,16:45:00,4147.385,4148.285,4145.585,4146.915,0.1626
1784739000000,2026-07-22,16:50:00,4146.895,4147.215,4144.395,4146.535,0.1623
1784739300000,2026-07-22,16:55:00,4146.535,4148.865,4145.755,4146.715,0.1536
1784739600000,2026-07-22,17:00:00,4146.765,4147.735,4144.315,4146.785,0.1622
1784739900000,2026-07-22,17:05:00,4146.825,4147.085,4142.875,4144.185,0.172
1784740200000,2026-07-22,17:10:00,4144.185,4145.765,4142.945,4145.205,0.1514
1784740500000,2026-07-22,17:15:00,4145.165,4145.705,4142.585,4142.915,0.1709
1784740800000,2026-07-22,17:20:00,4142.915,4145.385,4142.545,4143.365,0.1901
1784741100000,2026-07-22,17:25:00,4143.395,4146.815,4142.965,4145.765,0.1952
1784741400000,2026-07-22,17:30:00,4145.655,4147.255,4144.115,4144.575,0.1812
1784741700000,2026-07-22,17:35:00,4144.575,4145.765,4138.655,4138.815,0.19
1784742000000,2026-07-22,17:40:00,4138.815,4141.105,4138.105,4140.355,0.1514
1784742300000,2026-07-22,17:45:00,4140.405,4143.175,4140.185,4142.985,0.1351
1784742600000,2026-07-22,17:50:00,4142.985,4143.645,4141.825,4142.505,0.1613
1784742900000,2026-07-22,17:55:00,4142.235,4143.185,4140.855,4142.165,0.1389
1784743200000,2026-07-22,18:00:00,4142.205,4142.785,4136.485,4137.355,0.2171
1784743500000,2026-07-22,18:05:00,4137.355,4141.255,4137.175,4139.025,0.2114
1784743800000,2026-07-22,18:10:00,4138.995,4140.305,4137.205,4137.785,0.1899
1784744100000,2026-07-22,18:15:00,4137.775,4138.985,4136.485,4138.555,0.2011
1784744400000,2026-07-22,18:20:00,4138.595,4139.515,4134.845,4136.465,0.2139
1784744700000,2026-07-22,18:25:00,4136.495,4136.665,4134.535,4135.005,0.2088
1784745000000,2026-07-22,18:30:00,4134.945,4135.465,4131.695,4132.415,0.2414
1784745300000,2026-07-22,18:35:00,4132.415,4135.865,4132.375,4135.595,0.1595
1784745600000,2026-07-22,18:40:00,4135.675,4136.215,4133.605,4135.905,0.1951
1784745900000,2026-07-22,18:45:00,4135.905,4138.315,4135.205,4137.355,0.1905
1784746200000,2026-07-22,18:50:00,4137.455,4138.725,4137.285,4137.295,0.1653
1784746500000,2026-07-22,18:55:00,4137.335,4137.875,4135.645,4135.865,0.1589
1784746800000,2026-07-22,19:00:00,4135.845,4135.935,4132.785,4134.765,0.2123
1784747100000,2026-07-22,19:05:00,4134.725,4137.115,4134.715,4135.385,0.1757
1784747400000,2026-07-22,19:10:00,4135.385,4135.745,4133.735,4133.885,0.1403
1784747700000,2026-07-22,19:15:00,4133.935,4135.365,4133.115,4134.025,0.1693
1784748000000,2026-07-22,19:20:00,4133.955,4134.745,4131.445,4133.945,0.1714
1784748300000,2026-07-22,19:25:00,4133.945,4134.745,4132.485,4134.245,0.1848
1784748600000,2026-07-22,19:30:00,4134.135,4135.975,4132.415,4135.445,0.1797
1784748900000,2026-07-22,19:35:00,4135.415,4135.915,4133.425,4134.345,0.164
1784749200000,2026-07-22,19:40:00,4134.365,4135.835,4133.445,4133.725,0.1608
1784749500000,2026-07-22,19:45:00,4133.895,4135.025,4132.915,4134.895,0.1851
1784749800000,2026-07-22,19:50:00,4134.765,4135.165,4128.735,4130.215,0.2047
1784750100000,2026-07-22,19:55:00,4130.005,4132.835,4129.705,4131.675,0.2143
1784750400000,2026-07-22,20:00:00,4131.575,4135.155,4130.215,4130.675,0.2327
1784750700000,2026-07-22,20:05:00,4130.635,4134.045,4130.245,4133.175,0.1267
1784751000000,2026-07-22,20:10:00,4133.205,4135.285,4131.875,4134.285,0.0815
1784751300000,2026-07-22,20:15:00,4134.225,4136.285,4133.665,4135.135,0.1042
1784751600000,2026-07-22,20:20:00,4135.105,4136.455,4134.685,4136.415,0.058
1784751900000,2026-07-22,20:25:00,4136.385,4137.725,4136.065,4136.425,0.0598
1784752200000,2026-07-22,20:30:00,4136.425,4137.335,4135.015,4135.055,0.0692
1784752500000,2026-07-22,20:35:00,4135.085,4135.285,4133.505,4134.215,0.0742
1784752800000,2026-07-22,20:40:00,4134.085,4135.105,4130.455,4130.895,0.0662
1784753100000,2026-07-22,20:45:00,4130.865,4130.905,4128.115,4129.767,0.0684
1784753400000,2026-07-22,20:50:00,4129.805,4129.87,4127.555,4129.032,0.0813
1784753700000,2026-07-22,20:55:00,4129.032,4130.355,4128.745,4130.345,0.0582
1784757600000,2026-07-22,22:00:00,4122.235,4134.495,4116.314,4120.645,0.1254
1784757900000,2026-07-22,22:05:00,4120.785,4125.585,4120.025,4123.195,0.0667
1784758200000,2026-07-22,22:10:00,4123.205,4123.635,4120.935,4123.635,0.0403
1784758500000,2026-07-22,22:15:00,4123.885,4125.215,4120.485,4123.625,0.0622
1784758800000,2026-07-22,22:20:00,4123.745,4125.935,4121.825,4122.745,0.071
1784759100000,2026-07-22,22:25:00,4122.785,4128.775,4122.335,4128.345,0.0704
1784759400000,2026-07-22,22:30:00,4128.405,4129.825,4125.315,4125.665,0.0565
1784759700000,2026-07-22,22:35:00,4125.215,4127.835,4123.605,4125.335,0.0687
1784760000000,2026-07-22,22:40:00,4125.415,4125.835,4119.745,4121.415,0.0664
1784760300000,2026-07-22,22:45:00,4121.115,4125.545,4120.375,4124.305,0.0619
1784760600000,2026-07-22,22:50:00,4124.345,4125.685,4120.635,4123.085,0.0784
1784760900000,2026-07-22,22:55:00,4123.065,4126.465,4120.215,4121.095,0.1031
1784761200000,2026-07-22,23:00:00,4121.345,4122.315,4116.595,4118.185,0.0824
1784761500000,2026-07-22,23:05:00,4118.465,4118.925,4115.605,4117.705,0.0566
1784761800000,2026-07-22,23:10:00,4117.795,4124.415,4116.315,4123.355,0.1438
1784762100000,2026-07-22,23:15:00,4123.245,4123.815,4119.445,4120.085,0.0798
1784762400000,2026-07-22,23:20:00,4120.085,4121.725,4119.105,4120.225,0.0415
1784762700000,2026-07-22,23:25:00,4120.195,4122.175,4118.815,4119.755,0.0789
1784763000000,2026-07-22,23:30:00,4119.775,4122.265,4118.705,4120.185,0.0586
1784763300000,2026-07-22,23:35:00,4120.325,4123.325,4119.565,4121.235,0.0612
1784763600000,2026-07-22,23:40:00,4121.395,4124.465,4120.885,4123.545,0.0576
1784763900000,2026-07-22,23:45:00,4123.565,4131.545,4122.375,4129.505,0.1158
1784764200000,2026-07-22,23:50:00,4129.325,4131.355,4128.405,4131.025,0.1465
1784764500000,2026-07-22,23:55:00,4131.015,4134.015,4130.425,4133.095,0.1702
1784764800000,2026-07-23,00:00:00,4133.185,4134.085,4127.985,4130.445,0.1913
1784765100000,2026-07-23,00:05:00,4130.415,4130.835,4127.045,4128.635,0.115
1784765400000,2026-07-23,00:10:00,4128.585,4128.685,4125.705,4126.615,0.1183
1784765700000,2026-07-23,00:15:00,4126.575,4128.755,4126.285,4128.045,0.1205
1784766000000,2026-07-23,00:20:00,4128.135,4132.725,4127.275,4132.565,0.1355
1784766300000,2026-07-23,00:25:00,4132.685,4134.405,4128.545,4128.885,0.1235
1784766600000,2026-07-23,00:30:00,4128.925,4131.385,4127.855,4129.935,0.1123
1784766900000,2026-07-23,00:35:00,4130.035,4131.935,4127.615,4128.095,0.1313
1784767200000,2026-07-23,00:40:00,4128.135,4128.925,4126.705,4127.545,0.1153
1784767500000,2026-07-23,00:45:00,4127.505,4129.905,4126.485,4126.775,0.1164
1784767800000,2026-07-23,00:50:00,4127.125,4129.185,4124.795,4128.695,0.1329
1784768100000,2026-07-23,00:55:00,4128.625,4133.045,4127.285,4131.735,0.1376
1784768400000,2026-07-23,01:00:00,4131.705,4138.975,4129.455,4132.855,0.2492
1784768700000,2026-07-23,01:05:00,4132.745,4134.555,4130.195,4133.465,0.2482
1784769000000,2026-07-23,01:10:00,4133.465,4137.285,4131.635,4134.155,0.255
1784769300000,2026-07-23,01:15:00,4133.975,4137.745,4133.255,4135.775,0.2369
1784769600000,2026-07-23,01:20:00,4135.805,4139.575,4134.545,4137.455,0.2027
1784769900000,2026-07-23,01:25:00,4137.535,4140.895,4136.325,4137.115,0.1888
1784770200000,2026-07-23,01:30:00,4137.135,4138.985,4128.645,4132.915,0.2801
1784770500000,2026-07-23,01:35:00,4132.955,4133.385,4122.595,4122.695,0.2736
1784770800000,2026-07-23,01:40:00,4122.745,4127.525,4121.445,4121.685,0.2422
1784771100000,2026-07-23,01:45:00,4121.385,4123.635,4117.735,4121.225,0.2592
1784771400000,2026-07-23,01:50:00,4121.225,4122.295,4117.715,4118.635,0.2453
1784771700000,2026-07-23,01:55:00,4118.465,4118.975,4114.095,4117.595,0.2593
1784772000000,2026-07-23,02:00:00,4117.505,4118.695,4112.625,4113.635,0.2374
1784772300000,2026-07-23,02:05:00,4113.565,4116.695,4111.815,4114.115,0.2218
1784772600000,2026-07-23,02:10:00,4114.165,4118.375,4113.915,4117.435,0.1951
1784772900000,2026-07-23,02:15:00,4117.525,4117.965,4112.965,4114.755,0.149
1784773200000,2026-07-23,02:20:00,4114.595,4117.115,4113.525,4115.985,0.1588
1784773500000,2026-07-23,02:25:00,4115.965,4116.975,4113.695,4116.065,0.1445
1784773800000,2026-07-23,02:30:00,4115.975,4119.275,4113.675,4116.305,0.228
1784774100000,2026-07-23,02:35:00,4116.305,4118.855,4114.545,4118.575,0.1964
1784774400000,2026-07-23,02:40:00,4118.575,4122.265,4117.715,4122.045,0.1877
1784774700000,2026-07-23,02:45:00,4122.015,4125.545,4121.925,4122.705,0.213
1784775000000,2026-07-23,02:50:00,4122.705,4128.355,4121.035,4125.275,0.1962
1784775300000,2026-07-23,02:55:00,4125.235,4128.515,4124.815,4127.985,0.1484
1784775600000,2026-07-23,03:00:00,4128.085,4128.905,4125.715,4126.045,0.1689
1784775900000,2026-07-23,03:05:00,4126.045,4127.555,4124.185,4124.835,0.1787
1784776200000,2026-07-23,03:10:00,4124.825,4127.245,4123.865,4126.885,0.1659
1784776500000,2026-07-23,03:15:00,4126.905,4131.155,4126.335,4130.925,0.2054
1784776800000,2026-07-23,03:20:00,4130.895,4132.935,4130.525,4132.405,0.1796
1784777100000,2026-07-23,03:25:00,4132.435,4132.505,4129.155,4130.335,0.1584
1784777400000,2026-07-23,03:30:00,4130.265,4130.485,4128.215,4130.085,0.1213
1784777700000,2026-07-23,03:35:00,4130.115,4130.925,4128.305,4129.135,0.1216
1784778000000,2026-07-23,03:40:00,4129.145,4130.005,4125.765,4128.515,0.1573
1784778300000,2026-07-23,03:45:00,4128.535,4128.595,4124.865,4125.265,0.1076
1784778600000,2026-07-23,03:50:00,4125.215,4126.005,4124.655,4125.465,0.0821
1784778900000,2026-07-23,03:55:00,4125.485,4125.865,4123.765,4124.325,0.0913
1784779200000,2026-07-23,04:00:00,4124.305,4124.885,4122.315,4123.345,0.1065
1784779500000,2026-07-23,04:05:00,4123.495,4125.535,4122.165,4124.965,0.1153
1784779800000,2026-07-23,04:10:00,4124.865,4127.375,4123.715,4127.375,0.1432
1784780100000,2026-07-23,04:15:00,4127.375,4128.005,4124.845,4125.105,0.1444
1784780400000,2026-07-23,04:20:00,4125.165,4129.005,4125.135,4127.765,0.1204
1784780700000,2026-07-23,04:25:00,4127.755,4129.615,4126.895,4129.505,0.1147
1784781000000,2026-07-23,04:30:00,4129.445,4130.075,4125.335,4126.625,0.1291
1784781300000,2026-07-23,04:35:00,4126.645,4127.145,4125.415,4125.485,0.0927
1784781600000,2026-07-23,04:40:00,4125.485,4125.525,4122.745,4122.835,0.11
1784781900000,2026-07-23,04:45:00,4122.835,4123.945,4121.205,4121.525,0.1319
1784782200000,2026-07-23,04:50:00,4121.535,4122.315,4119.835,4120.325,0.1083
1784782500000,2026-07-23,04:55:00,4120.445,4121.315,4119.725,4120.825,0.1028
1784782800000,2026-07-23,05:00:00,4120.795,4122.465,4119.035,4120.125,0.1567
1784783100000,2026-07-23,05:05:00,4120.275,4124.075,4120.115,4123.855,0.1229
1784783400000,2026-07-23,05:10:00,4123.845,4124.785,4123.015,4124.125,0.1238
1784783700000,2026-07-23,05:15:00,4123.915,4124.085,4120.895,4121.755,0.1197
1784784000000,2026-07-23,05:20:00,4121.755,4122.585,4119.585,4121.115,0.1352
1784784300000,2026-07-23,05:25:00,4121.085,4125.635,4120.765,4125.635,0.1241
1784784600000,2026-07-23,05:30:00,4125.385,4128.235,4123.105,4127.265,0.2057
1784784900000,2026-07-23,05:35:00,4127.575,4128.385,4125.795,4126.085,0.1639
1784785200000,2026-07-23,05:40:00,4126.015,4127.655,4124.345,4127.535,0.2112
1784785500000,2026-07-23,05:45:00,4127.465,4130.395,4125.915,4126.545,0.1934
1784785800000,2026-07-23,05:50:00,4126.525,4127.165,4123.815,4124.975,0.1738
1784786100000,2026-07-23,05:55:00,4125.005,4125.215,4120.285,4123.735,0.2134
1784786400000,2026-07-23,06:00:00,4123.785,4128.045,4123.105,4123.815,0.1884
1784786700000,2026-07-23,06:05:00,4123.785,4124.625,4120.915,4122.345,0.1574
1784787000000,2026-07-23,06:10:00,4122.315,4124.355,4121.595,4123.105,0.1255
1784787300000,2026-07-23,06:15:00,4123.105,4127.655,4122.315,4126.685,0.1326
1784787600000,2026-07-23,06:20:00,4126.755,4127.125,4123.175,4124.775,0.0975
1784787900000,2026-07-23,06:25:00,4124.725,4124.745,4121.135,4121.975,0.1331
1784788200000,2026-07-23,06:30:00,4122.035,4122.925,4120.335,4122.305,0.1721
1784788500000,2026-07-23,06:35:00,4122.315,4123.735,4120.645,4120.695,0.1452
1784788800000,2026-07-23,06:40:00,4120.725,4121.175,4116.535,4119.755,0.1597
1784789100000,2026-07-23,06:45:00,4119.795,4122.275,4119.005,4121.685,0.1304
1784789400000,2026-07-23,06:50:00,4121.625,4121.955,4119.385,4120.035,0.1212
1784789700000,2026-07-23,06:55:00,4119.605,4120.365,4117.685,4118.465,0.1411
1784790000000,2026-07-23,07:00:00,4118.445,4119.355,4113.825,4115.125,0.2077
1784790300000,2026-07-23,07:05:00,4115.195,4116.265,4109.505,4110.375,0.1773
1784790600000,2026-07-23,07:10:00,4110.375,4110.375,4101.695,4106.445,0.2309
1784790900000,2026-07-23,07:15:00,4106.455,4111.975,4106.325,4109.435,0.2031
1784791200000,2026-07-23,07:20:00,4109.465,4109.695,4105.385,4105.495,0.1846
1784791500000,2026-07-23,07:25:00,4105.505,4110.455,4105.505,4108.275,0.1552
1784791800000,2026-07-23,07:30:00,4108.275,4108.665,4101.955,4105.115,0.1624
1784792100000,2026-07-23,07:35:00,4105.145,4105.825,4099.425,4100.695,0.1646
1784792400000,2026-07-23,07:40:00,4100.695,4101.935,4091.165,4095.395,0.1927
1784792700000,2026-07-23,07:45:00,4095.455,4096.645,4091.105,4092.875,0.1995
1784793000000,2026-07-23,07:50:00,4092.895,4095.035,4089.975,4093.355,0.1813
1784793300000,2026-07-23,07:55:00,4093.355,4096.745,4092.115,4095.325,0.1871
1784793600000,2026-07-23,08:00:00,4095.195,4097.315,4090.065,4092.185,0.2097
1784793900000,2026-07-23,08:05:00,4092.715,4095.905,4092.125,4095.805,0.2048
1784794200000,2026-07-23,08:10:00,4095.845,4097.535,4090.065,4091.305,0.1598
1784794500000,2026-07-23,08:15:00,4091.445,4092.285,4089.425,4089.575,0.1499
1784794800000,2026-07-23,08:20:00,4089.535,4091.345,4088.265,4090.445,0.1425
1784795100000,2026-07-23,08:25:00,4090.435,4091.915,4088.795,4091.755,0.1428
1784795400000,2026-07-23,08:30:00,4091.715,4093.295,4089.745,4092.555,0.1459
1784795700000,2026-07-23,08:35:00,4092.385,4093.575,4090.595,4091.815,0.1075
1784796000000,2026-07-23,08:40:00,4091.815,4092.535,4088.445,4092.315,0.155
1784796300000,2026-07-23,08:45:00,4092.315,4092.315,4086.785,4089.335,0.1387
1784796600000,2026-07-23,08:50:00,4089.315,4092.885,4088.035,4092.755,0.1431
1784796900000,2026-07-23,08:55:00,4092.735,4094.635,4092.515,4093.315,0.134
1784797200000,2026-07-23,09:00:00,4093.275,4099.315,4092.515,4099.045,0.201
1784797500000,2026-07-23,09:05:00,4099.045,4099.045,4096.565,4096.935,0.1534
1784797800000,2026-07-23,09:10:00,4096.935,4098.545,4094.575,4094.685,0.1321
1784798100000,2026-07-23,09:15:00,4094.685,4096.965,4093.835,4096.795,0.1387
1784798400000,2026-07-23,09:20:00,4096.755,4096.755,4092.875,4093.235,0.1376
1784798700000,2026-07-23,09:25:00,4093.265,4094.095,4089.305,4091.295,0.1343
1784799000000,2026-07-23,09:30:00,4091.315,4092.175,4088.515,4091.825,0.1832
1784799300000,2026-07-23,09:35:00,4091.825,4092.575,4090.455,4091.855,0.0998
1784799600000,2026-07-23,09:40:00,4091.855,4092.675,4090.245,4091.685,0.1004
1784799900000,2026-07-23,09:45:00,4091.805,4094.095,4091.365,4093.165,0.1049
1784800200000,2026-07-23,09:50:00,4093.075,4093.725,4089.615,4092.655,0.1291
1784800500000,2026-07-23,09:55:00,4092.565,4092.915,4088.175,4089.665,0.1205
1784800800000,2026-07-23,10:00:00,4089.665,4091.485,4087.755,4090.475,0.1504
1784801100000,2026-07-23,10:05:00,4090.395,4091.085,4087.715,4088.715,0.1291
1784801400000,2026-07-23,10:10:00,4088.765,4091.325,4088.045,4090.645,0.1074
1784801700000,2026-07-23,10:15:00,4090.615,4092.285,4088.535,4088.735,0.1292
1784802000000,2026-07-23,10:20:00,4088.715,4088.975,4085.255,4087.415,0.1416
1784802300000,2026-07-23,10:25:00,4087.435,4090.235,4087.185,4089.655,0.1074
1784802600000,2026-07-23,10:30:00,4089.615,4092.675,4086.365,4087.145,0.1477
1784802900000,2026-07-23,10:35:00,4087.155,4090.125,4086.485,4089.845,0.1241
1784803200000,2026-07-23,10:40:00,4089.825,4089.825,4087.195,4089.315,0.1353
1784803500000,2026-07-23,10:45:00,4089.315,4093.495,4087.105,4093.385,0.1343
1784803800000,2026-07-23,10:50:00,4093.315,4094.175,4091.565,4093.865,0.1316
1784804100000,2026-07-23,10:55:00,4093.795,4095.185,4091.875,4093.025,0.1261
1784804400000,2026-07-23,11:00:00,4093.135,4093.725,4090.475,4091.865,0.168
1784804700000,2026-07-23,11:05:00,4091.865,4092.085,4088.215,4088.445,0.1243
1784805000000,2026-07-23,11:10:00,4088.425,4089.375,4086.825,4087.535,0.1301
1784805300000,2026-07-23,11:15:00,4087.505,4089.175,4084.345,4085.485,0.1503
1784805600000,2026-07-23,11:20:00,4085.355,4086.655,4080.835,4083.825,0.1745
1784805900000,2026-07-23,11:25:00,4083.815,4084.915,4081.285,4084.205,0.1524
1784806200000,2026-07-23,11:30:00,4084.295,4084.295,4079.225,4080.675,0.1719
1784806500000,2026-07-23,11:35:00,4080.675,4083.165,4079.045,4079.305,0.2129
1784806800000,2026-07-23,11:40:00,4079.075,4079.325,4072.755,4078.525,0.2129
1784807100000,2026-07-23,11:45:00,4078.585,4082.205,4077.735,4081.695,0.1784
1784807400000,2026-07-23,11:50:00,4081.455,4088.955,4081.455,4084.375,0.202
1784807700000,2026-07-23,11:55:00,4084.245,4086.155,4082.865,4085.535,0.1414
1784808000000,2026-07-23,12:00:00,4085.325,4085.795,4082.055,4083.215,0.1418
1784808300000,2026-07-23,12:05:00,4083.565,4085.305,4081.575,4083.015,0.1425
1784808600000,2026-07-23,12:10:00,4083.145,4085.285,4081.155,4081.335,0.1185
1784808900000,2026-07-23,12:15:00,4081.385,4083.165,4072.245,4077.715,0.2507
1784809200000,2026-07-23,12:20:00,4077.455,4078.115,4070.085,4071.575,0.2255
1784809500000,2026-07-23,12:25:00,4071.575,4077.095,4070.945,4074.505,0.1856
1784809800000,2026-07-23,12:30:00,4074.425,4074.935,4067.545,4074.675,0.2246
1784810100000,2026-07-23,12:35:00,4074.665,4074.665,4063.905,4073.115,0.2512
1784810400000,2026-07-23,12:40:00,4073.115,4073.115,4065.975,4068.925,0.2483
1784810700000,2026-07-23,12:45:00,4068.895,4069.125,4062.745,4065.765,0.288
1784811000000,2026-07-23,12:50:00,4065.745,4067.965,4061.835,4063.895,0.2297
1784811300000,2026-07-23,12:55:00,4063.815,4066.535,4060.835,4061.685,0.2403
1784811600000,2026-07-23,13:00:00,4061.685,4063.275,4054.165,4055.485,0.3393
1784811900000,2026-07-23,13:05:00,4055.565,4057.085,4044.515,4046.905,0.3326
1784812200000,2026-07-23,13:10:00,4046.905,4047.095,4040.155,4040.655,0.3329
1784812500000,2026-07-23,13:15:00,4040.655,4049.445,4040.335,4048.785,0.355
1784812800000,2026-07-23,13:20:00,4048.735,4054.245,4048.315,4051.425,0.2994
1784813100000,2026-07-23,13:25:00,4051.525,4059.015,4051.525,4058.695,0.2615
1784813400000,2026-07-23,13:30:00,4058.565,4067.155,4058.065,4063.125,0.3548
1784813700000,2026-07-23,13:35:00,4063.055,4064.245,4055.295,4056.475,0.3123
1784814000000,2026-07-23,13:40:00,4056.565,4062.055,4055.305,4056.075,0.2989
1784814300000,2026-07-23,13:45:00,4056.035,4056.635,4049.545,4052.485,0.3011
1784814600000,2026-07-23,13:50:00,4052.515,4058.755,4051.475,4056.145,0.2879
1784814900000,2026-07-23,13:55:00,4056.055,4057.545,4042.555,4043.115,0.3004
1784815200000,2026-07-23,14:00:00,4043.115,4050.695,4042.545,4043.725,0.3322
1784815500000,2026-07-23,14:05:00,4043.835,4045.785,4039.685,4045.475,0.3211
1784815800000,2026-07-23,14:10:00,4045.435,4051.155,4041.655,4047.815,0.3209
1784816100000,2026-07-23,14:15:00,4047.815,4050.115,4042.035,4043.925,0.3279
1784816400000,2026-07-23,14:20:00,4043.965,4052.115,4042.625,4052.025,0.321
1784816700000,2026-07-23,14:25:00,4051.905,4056.735,4051.155,4056.235,0.3085
1784817000000,2026-07-23,14:30:00,4056.265,4057.955,4051.475,4054.395,0.2798
1784817300000,2026-07-23,14:35:00,4054.455,4060.495,4051.545,4058.915,0.2795
1784817600000,2026-07-23,14:40:00,4058.905,4059.705,4055.865,4056.965,0.2686
1784817900000,2026-07-23,14:45:00,4056.865,4061.585,4055.975,4059.075,0.2481
1784818200000,2026-07-23,14:50:00,4059.075,4060.265,4056.505,4056.765,0.2427
1784818500000,2026-07-23,14:55:00,4056.715,4059.915,4056.425,4057.715,0.2787
1784818800000,2026-07-23,15:00:00,4057.915,4059.345,4055.425,4056.535,0.2573
1784819100000,2026-07-23,15:05:00,4056.515,4057.545,4051.445,4051.815,0.2692
1784819400000,2026-07-23,15:10:00,4051.825,4053.985,4049.235,4051.305,0.2724
1784819700000,2026-07-23,15:15:00,4050.995,4056.705,4050.145,4052.415,0.2382
1784820000000,2026-07-23,15:20:00,4052.415,4053.295,4045.225,4049.895,0.2855
1784820300000,2026-07-23,15:25:00,4049.905,4050.535,4046.035,4046.685,0.2524
1784820600000,2026-07-23,15:30:00,4046.705,4046.865,4042.145,4045.745,0.2883
1784820900000,2026-07-23,15:35:00,4045.715,4050.585,4045.515,4049.065,0.2726
1784821200000,2026-07-23,15:40:00,4048.945,4053.055,4047.905,4047.965,0.2461
1784821500000,2026-07-23,15:45:00,4047.985,4050.865,4047.025,4049.255,0.1967
1784821800000,2026-07-23,15:50:00,4049.245,4050.825,4046.715,4050.155,0.1951
1784822100000,2026-07-23,15:55:00,4050.155,4050.665,4046.535,4048.525,0.1908
1784822400000,2026-07-23,16:00:00,4048.585,4050.865,4048.265,4048.325,0.2138
1784822700000,2026-07-23,16:05:00,4048.345,4050.185,4046.975,4048.435,0.1885
1784823000000,2026-07-23,16:10:00,4048.305,4050.755,4047.825,4049.975,0.1802
1784823300000,2026-07-23,16:15:00,4049.955,4050.695,4045.545,4046.295,0.158
1784823600000,2026-07-23,16:20:00,4046.345,4051.615,4046.345,4048.425,0.1772
1784823900000,2026-07-23,16:25:00,4048.425,4051.395,4048.155,4049.755,0.1615
1784824200000,2026-07-23,16:30:00,4049.775,4050.705,4047.875,4048.055,0.1629
1784824500000,2026-07-23,16:35:00,4048.055,4050.655,4046.855,4050.245,0.194
1784824800000,2026-07-23,16:40:00,4050.175,4051.055,4048.895,4049.615,0.1229
1784825100000,2026-07-23,16:45:00,4049.575,4051.045,4048.645,4048.965,0.1565
1784825400000,2026-07-23,16:50:00,4048.965,4049.535,4047.865,4048.845,0.1653
1784825700000,2026-07-23,16:55:00,4048.885,4051.625,4048.845,4051.255,0.1874
1784826000000,2026-07-23,17:00:00,4051.395,4054.465,4050.365,4051.405,0.2093
1784826300000,2026-07-23,17:05:00,4051.435,4053.025,4046.725,4047.835,0.2088
1784826600000,2026-07-23,17:10:00,4047.885,4049.265,4046.685,4047.005,0.1868
1784826900000,2026-07-23,17:15:00,4047.185,4049.515,4045.915,4046.415,0.1893
1784827200000,2026-07-23,17:20:00,4046.375,4050.385,4046.375,4048.605,0.2042
1784827500000,2026-07-23,17:25:00,4048.585,4049.635,4046.355,4047.025,0.2193
1784827800000,2026-07-23,17:30:00,4047.065,4049.015,4046.515,4047.305,0.1904
1784828100000,2026-07-23,17:35:00,4047.265,4047.375,4043.945,4044.575,0.1714
1784828400000,2026-07-23,17:40:00,4044.605,4045.305,4041.675,4042.705,0.1766
1784828700000,2026-07-23,17:45:00,4042.685,4044.205,4041.925,4044.035,0.1576
1784829000000,2026-07-23,17:50:00,4044.015,4044.135,4041.765,4042.805,0.1553
1784829300000,2026-07-23,17:55:00,4042.835,4043.325,4041.475,4041.625,0.1552
1784829600000,2026-07-23,18:00:00,4041.585,4043.225,4040.235,4041.595,0.2101
1784829900000,2026-07-23,18:05:00,4041.605,4044.065,4040.525,4043.115,0.1704
1784830200000,2026-07-23,18:10:00,4043.045,4043.965,4041.215,4041.665,0.1901
1784830500000,2026-07-23,18:15:00,4041.685,4044.575,4040.385,4042.865,0.197
1784830800000,2026-07-23,18:20:00,4042.855,4043.435,4040.475,4041.855,0.1753
1784831100000,2026-07-23,18:25:00,4041.825,4045.005,4040.905,4044.365,0.2295
1784831400000,2026-07-23,18:30:00,4044.315,4048.055,4044.315,4045.285,0.2019
1784831700000,2026-07-23,18:35:00,4045.315,4046.685,4044.215,4045.165,0.176
1784832000000,2026-07-23,18:40:00,4045.115,4046.605,4044.765,4046.355,0.1584
1784832300000,2026-07-23,18:45:00,4046.355,4048.305,4046.285,4047.155,0.1823
1784832600000,2026-07-23,18:50:00,4047.135,4047.275,4045.555,4046.055,0.179
1784832900000,2026-07-23,18:55:00,4046.055,4046.855,4044.055,4046.115,0.0931
1784833200000,2026-07-23,19:00:00,4046.095,4048.525,4044.835,4045.045,0.1137
1784833500000,2026-07-23,19:05:00,4045.045,4046.075,4043.315,4043.315,0.1328
1784833800000,2026-07-23,19:10:00,4043.485,4044.305,4042.765,4043.015,0.1263
1784834100000,2026-07-23,19:15:00,4043.015,4045.665,4042.875,4044.815,0.2007
1784834400000,2026-07-23,19:20:00,4044.815,4048.215,4044.775,4047.835,0.1803
1784834700000,2026-07-23,19:25:00,4047.835,4048.905,4046.715,4047.965,0.1365
1784835000000,2026-07-23,19:30:00,4047.965,4050.875,4045.485,4047.165,0.1995
1784835300000,2026-07-23,19:35:00,4047.165,4048.215,4046.605,4047.655,0.1645
1784835600000,2026-07-23,19:40:00,4047.655,4047.985,4045.595,4045.625,0.1844
1784835900000,2026-07-23,19:45:00,4045.695,4046.705,4044.665,4045.875,0.1654
1784836200000,2026-07-23,19:50:00,4046.035,4050.175,4046.035,4050.085,0.242
1784836500000,2026-07-23,19:55:00,4050.375,4051.085,4049.215,4049.475,0.207
1784836800000,2026-07-23,20:00:00,4049.655,4050.885,4048.545,4048.695,0.1536
1784837100000,2026-07-23,20:05:00,4048.725,4049.925,4048.075,4048.605,0.0631
1784837400000,2026-07-23,20:10:00,4048.605,4049.935,4048.385,4049.345,0.0649
1784837700000,2026-07-23,20:15:00,4049.315,4049.555,4047.765,4048.485,0.0594
1784838000000,2026-07-23,20:20:00,4048.665,4048.945,4047.175,4048.865,0.0587
1784838300000,2026-07-23,20:25:00,4048.895,4050.685,4048.595,4050.025,0.0624
1784838600000,2026-07-23,20:30:00,4050.055,4050.445,4048.915,4049.675,0.0633
1784838900000,2026-07-23,20:35:00,4049.815,4050.535,4049.635,4049.905,0.0523
1784839200000,2026-07-23,20:40:00,4049.855,4049.885,4048.595,4049.695,0.0531
1784839500000,2026-07-23,20:45:00,4049.515,4049.865,4048.495,4049.265,0.0442
1784839800000,2026-07-23,20:50:00,4049.345,4049.455,4047.265,4048.015,0.04
1784840100000,2026-07-23,20:55:00,4047.975,4049.905,4047.975,4049.375,0.0442
1784844000000,2026-07-23,22:00:00,4049.365,4049.965,4048.035,4048.895,0.0503
1784844300000,2026-07-23,22:05:00,4049.045,4050.275,4048.335,4048.895,0.0205
1784844600000,2026-07-23,22:10:00,4048.915,4049.355,4048.615,4048.615,0.0124
1784844900000,2026-07-23,22:15:00,4048.565,4049.675,4048.565,4049.335,0.0139
1784845200000,2026-07-23,22:20:00,4049.305,4050.045,4048.875,4049.545,0.0168
1784845500000,2026-07-23,22:25:00,4049.545,4049.975,4048.995,4049.805,0.0288
1784845800000,2026-07-23,22:30:00,4049.755,4050.445,4048.695,4049.855,0.0325
1784846100000,2026-07-23,22:35:00,4049.725,4050.155,4049.355,4049.505,0.028
1784846400000,2026-07-23,22:40:00,4049.595,4050.175,4048.505,4049.165,0.0255
1784846700000,2026-07-23,22:45:00,4049.195,4049.795,4048.255,4048.475,0.0235
1784847000000,2026-07-23,22:50:00,4048.455,4050.455,4048.405,4049.695,0.0248
1784847300000,2026-07-23,22:55:00,4049.715,4050.105,4048.285,4048.905,0.0194
1784847600000,2026-07-23,23:00:00,4048.895,4049.165,4047.985,4048.125,0.0138
1784847900000,2026-07-23,23:05:00,4048.195,4048.455,4047.005,4047.625,0.0166
1784848200000,2026-07-23,23:10:00,4047.625,4048.445,4047.115,4048.165,0.0293
1784848500000,2026-07-23,23:15:00,4048.195,4049.095,4046.775,4047.115,0.0369
1784848800000,2026-07-23,23:20:00,4047.055,4048.955,4046.895,4048.935,0.0361
1784849100000,2026-07-23,23:25:00,4048.935,4049.785,4048.585,4048.885,0.0369
1784849400000,2026-07-23,23:30:00,4048.755,4050.845,4048.755,4050.575,0.0627
1784849700000,2026-07-23,23:35:00,4050.515,4050.515,4048.045,4048.075,0.0493
1784850000000,2026-07-23,23:40:00,4048.175,4048.325,4046.705,4047.945,0.0703
1784850300000,2026-07-23,23:45:00,4048.005,4049.455,4046.605,4048.365,0.0874
1784850600000,2026-07-23,23:50:00,4048.325,4049.425,4046.835,4047.295,0.0638
1784850900000,2026-07-23,23:55:00,4047.255,4048.155,4046.285,4046.765,0.0891
1784851200000,2026-07-24,00:00:00,4046.725,4049.815,4046.605,4047.015,0.1688
1784851500000,2026-07-24,00:05:00,4047.105,4047.355,4044.605,4045.385,0.1417
1784851800000,2026-07-24,00:10:00,4045.425,4046.305,4041.015,4041.425,0.1365
1784852100000,2026-07-24,00:15:00,4041.385,4044.895,4041.125,4042.925,0.1243
1784852400000,2026-07-24,00:20:00,4042.945,4047.765,4042.645,4045.845,0.1439
1784852700000,2026-07-24,00:25:00,4045.875,4046.585,4043.715,4046.335,0.1489
1784853000000,2026-07-24,00:30:00,4046.355,4047.065,4044.635,4045.895,0.1335
1784853300000,2026-07-24,00:35:00,4045.915,4049.615,4045.085,4048.165,0.1185
1784853600000,2026-07-24,00:40:00,4048.185,4050.085,4047.475,4049.125,0.1119
1784853900000,2026-07-24,00:45:00,4049.195,4050.635,4048.525,4048.595,0.0979
1784854200000,2026-07-24,00:50:00,4048.545,4050.015,4048.185,4048.885,0.0956
1784854500000,2026-07-24,00:55:00,4048.825,4050.795,4048.455,4049.715,0.1274
1784854800000,2026-07-24,01:00:00,4049.525,4049.845,4039.475,4043.825,0.2504
1784855100000,2026-07-24,01:05:00,4043.815,4044.605,4041.535,4042.865,0.2006
1784855400000,2026-07-24,01:10:00,4042.885,4044.655,4040.095,4042.195,0.2217
1784855700000,2026-07-24,01:15:00,4042.145,4045.675,4041.135,4044.535,0.1968
1784856000000,2026-07-24,01:20:00,4044.395,4045.265,4041.755,4044.715,0.183
1784856300000,2026-07-24,01:25:00,4044.785,4045.585,4042.415,4042.415,0.1657
1784856600000,2026-07-24,01:30:00,4042.415,4044.895,4041.225,4043.595,0.1829
1784856900000,2026-07-24,01:35:00,4043.615,4044.935,4041.815,4043.205,0.1786
1784857200000,2026-07-24,01:40:00,4043.225,4050.435,4043.115,4049.585,0.215
1784857500000,2026-07-24,01:45:00,4049.575,4049.865,4047.575,4047.605,0.1775
1784857800000,2026-07-24,01:50:00,4047.655,4047.655,4044.695,4045.695,0.1704
1784858100000,2026-07-24,01:55:00,4045.665,4046.205,4041.095,4043.375,0.1679
1784858400000,2026-07-24,02:00:00,4043.345,4045.005,4042.065,4042.285,0.1763
1784858700000,2026-07-24,02:05:00,4042.285,4044.505,4040.735,4044.455,0.1562
1784859000000,2026-07-24,02:10:00,4044.505,4045.675,4043.625,4045.525,0.1595
1784859300000,2026-07-24,02:15:00,4045.495,4045.865,4044.265,4044.725,0.0977
1784859600000,2026-07-24,02:20:00,4044.705,4046.055,4042.435,4045.965,0.1075
1784859900000,2026-07-24,02:25:00,4045.925,4048.305,4045.425,4046.145,0.0944
1784860200000,2026-07-24,02:30:00,4046.075,4047.915,4043.345,4043.945,0.1766
1784860500000,2026-07-24,02:35:00,4043.925,4044.605,4041.055,4042.185,0.1651
1784860800000,2026-07-24,02:40:00,4042.135,4043.685,4041.125,4041.475,0.1442
1784861100000,2026-07-24,02:45:00,4041.435,4041.784,4026.115,4026.325,0.2409
1784861400000,2026-07-24,02:50:00,4026.265,4030.345,4025.295,4025.305,0.2866
1784861700000,2026-07-24,02:55:00,4025.245,4027.305,4022.755,4024.305,0.2491
1784862000000,2026-07-24,03:00:00,4024.255,4027.115,4022.845,4026.465,0.1978
1784862300000,2026-07-24,03:05:00,4026.485,4028.675,4026.275,4026.565,0.1551
1784862600000,2026-07-24,03:10:00,4026.585,4032.195,4025.705,4031.555,0.1577
1784862900000,2026-07-24,03:15:00,4031.535,4033.295,4028.725,4028.945,0.1632
1784863200000,2026-07-24,03:20:00,4028.965,4031.565,4027.925,4030.005,0.1555
1784863500000,2026-07-24,03:25:00,4030.055,4030.875,4028.255,4030.165,0.1231
1784863800000,2026-07-24,03:30:00,4030.135,4032.865,4030.085,4031.765,0.1127
1784864100000,2026-07-24,03:35:00,4031.805,4032.675,4030.575,4031.235,0.1054
1784864400000,2026-07-24,03:40:00,4031.395,4032.535,4030.455,4031.405,0.0925
1784864700000,2026-07-24,03:45:00,4031.425,4031.825,4029.505,4031.225,0.0868
1784865000000,2026-07-24,03:50:00,4031.295,4031.995,4029.595,4029.655,0.094
1784865300000,2026-07-24,03:55:00,4029.625,4029.755,4028.095,4029.045,0.0921
1784865600000,2026-07-24,04:00:00,4028.645,4029.485,4027.535,4028.955,0.0876
1784865900000,2026-07-24,04:05:00,4029.005,4030.135,4027.945,4028.975,0.1065
1784866200000,2026-07-24,04:10:00,4029.035,4029.035,4026.835,4027.905,0.0841
1784866500000,2026-07-24,04:15:00,4027.945,4028.695,4027.395,4028.195,0.0758
1784866800000,2026-07-24,04:20:00,4028.195,4029.785,4027.555,4029.195,0.0883
1784867100000,2026-07-24,04:25:00,4029.155,4030.105,4029.035,4029.565,0.0885
1784867400000,2026-07-24,04:30:00,4029.595,4030.175,4028.355,4028.595,0.0779
1784867700000,2026-07-24,04:35:00,4028.615,4029.845,4026.745,4027.185,0.0739
1784868000000,2026-07-24,04:40:00,4027.155,4027.355,4025.715,4026.625,0.0762
1784868300000,2026-07-24,04:45:00,4026.655,4027.085,4025.215,4026.675,0.08
1784868600000,2026-07-24,04:50:00,4026.655,4027.085,4025.665,4026.365,0.0678
1784868900000,2026-07-24,04:55:00,4026.415,4028.745,4026.285,4026.805,0.0839
1784869200000,2026-07-24,05:00:00,4026.825,4028.465,4025.015,4028.375,0.1133
1784869500000,2026-07-24,05:05:00,4028.465,4029.695,4027.295,4028.835,0.1173
1784869800000,2026-07-24,05:10:00,4028.865,4032.025,4027.035,4027.335,0.131
1784870100000,2026-07-24,05:15:00,4027.095,4027.475,4022.045,4024.055,0.1285
1784870400000,2026-07-24,05:20:00,4024.145,4029.725,4023.855,4027.155,0.1231
1784870700000,2026-07-24,05:25:00,4027.125,4027.505,4025.245,4025.955,0.0781
1784871000000,2026-07-24,05:30:00,4025.755,4031.475,4025.255,4031.185,0.1954
1784871300000,2026-07-24,05:35:00,4031.165,4031.485,4024.615,4025.915,0.1915
1784871600000,2026-07-24,05:40:00,4025.915,4028.325,4023.735,4024.445,0.1736
1784871900000,2026-07-24,05:45:00,4024.355,4028.795,4024.225,4027.775,0.1348
1784872200000,2026-07-24,05:50:00,4027.825,4029.065,4022.485,4023.375,0.1814
1784872500000,2026-07-24,05:55:00,4023.375,4023.825,4021.665,4022.725,0.1811
1784872800000,2026-07-24,06:00:00,4022.765,4025.675,4022.695,4025.075,0.15
1784873100000,2026-07-24,06:05:00,4025.115,4027.445,4024.555,4027.135,0.1563
1784873400000,2026-07-24,06:10:00,4027.175,4031.335,4026.285,4030.725,0.1313
1784873700000,2026-07-24,06:15:00,4030.725,4033.955,4028.985,4033.925,0.1209
1784874000000,2026-07-24,06:20:00,4033.845,4036.865,4033.395,4036.045,0.1435
1784874300000,2026-07-24,06:25:00,4036.065,4038.955,4034.985,4036.535,0.1271
1784874600000,2026-07-24,06:30:00,4036.455,4036.545,4033.045,4034.425,0.1095
1784874900000,2026-07-24,06:35:00,4034.455,4037.205,4034.205,4035.285,0.1306
1784875200000,2026-07-24,06:40:00,4035.505,4036.605,4033.355,4033.665,0.1175
1784875500000,2026-07-24,06:45:00,4033.625,4036.835,4033.355,4033.775,0.1113
1784875800000,2026-07-24,06:50:00,4033.825,4035.645,4031.395,4035.235,0.1216
1784876100000,2026-07-24,06:55:00,4035.235,4038.535,4034.955,4035.535,0.1489
1784876400000,2026-07-24,07:00:00,4035.575,4040.235,4034.895,4038.235,0.1773
1784876700000,2026-07-24,07:05:00,4038.275,4045.675,4038.105,4045.555,0.175
1784877000000,2026-07-24,07:10:00,4045.555,4047.225,4044.675,4045.285,0.1694
1784877300000,2026-07-24,07:15:00,4044.845,4047.545,4043.755,4047.235,0.1797
1784877600000,2026-07-24,07:20:00,4047.195,4048.945,4045.785,4047.975,0.1367
1784877900000,2026-07-24,07:25:00,4047.995,4050.685,4047.465,4048.605,0.1345
1784878200000,2026-07-24,07:30:00,4048.615,4053.485,4047.715,4053.485,0.1704
1784878500000,2026-07-24,07:35:00,4053.655,4053.655,4046.425,4046.695,0.1264
1784878800000,2026-07-24,07:40:00,4046.755,4048.615,4045.645,4048.285,0.1096
1784879100000,2026-07-24,07:45:00,4048.285,4048.365,4045.885,4047.215,0.1153
1784879400000,2026-07-24,07:50:00,4047.215,4048.555,4046.725,4047.665,0.1132
1784879700000,2026-07-24,07:55:00,4047.825,4049.565,4047.465,4048.205,0.0964
1784880000000,2026-07-24,08:00:00,4048.545,4048.955,4046.455,4047.225,0.1244
1784880300000,2026-07-24,08:05:00,4047.225,4047.735,4045.075,4047.315,0.1301
1784880600000,2026-07-24,08:10:00,4047.445,4047.655,4045.555,4046.685,0.1144
1784880900000,2026-07-24,08:15:00,4046.665,4047.765,4044.965,4046.565,0.1069
1784881200000,2026-07-24,08:20:00,4046.585,4047.925,4045.905,4046.655,0.1136
1784881500000,2026-07-24,08:25:00,4046.585,4052.485,4045.825,4052.355,0.1259
1784881800000,2026-07-24,08:30:00,4052.375,4052.375,4049.685,4049.685,0.1285
1784882100000,2026-07-24,08:35:00,4049.725,4052.855,4048.635,4052.465,0.1093
1784882400000,2026-07-24,08:40:00,4052.525,4055.345,4052.465,4054.355,0.1188
1784882700000,2026-07-24,08:45:00,4054.455,4054.755,4052.095,4054.575,0.1193
1784883000000,2026-07-24,08:50:00,4054.575,4056.945,4054.065,4056.135,0.1139
1784883300000,2026-07-24,08:55:00,4056.165,4058.565,4055.855,4057.375,0.1081
1784883600000,2026-07-24,09:00:00,4057.475,4060.615,4055.735,4056.445,0.1393
1784883900000,2026-07-24,09:05:00,4056.405,4057.345,4054.995,4057.345,0.1189
1784884200000,2026-07-24,09:10:00,4057.325,4057.675,4053.045,4053.965,0.1033
1784884500000,2026-07-24,09:15:00,4054.225,4056.535,4053.105,4054.865,0.0866
1784884800000,2026-07-24,09:20:00,4054.805,4055.055,4053.165,4054.485,0.0983
1784885100000,2026-07-24,09:25:00,4054.465,4055.855,4052.375,4052.715,0.0926
1784885400000,2026-07-24,09:30:00,4052.595,4054.345,4051.445,4053.685,0.0986
1784885700000,2026-07-24,09:35:00,4053.785,4054.945,4053.325,4054.785,0.0713
1784886000000,2026-07-24,09:40:00,4054.835,4056.225,4053.815,4055.565,0.0763
1784886300000,2026-07-24,09:45:00,4055.605,4056.035,4054.835,4055.055,0.073
1784886600000,2026-07-24,09:50:00,4055.265,4058.205,4054.475,4058.065,0.0841
1784886900000,2026-07-24,09:55:00,4058.065,4059.655,4058.025,4059.655,0.066
1784887200000,2026-07-24,10:00:00,4059.935,4061.405,4058.365,4059.695,0.0639
1784887500000,2026-07-24,10:05:00,4059.705,4060.295,4058.465,4060.135,0.0653
1784887800000,2026-07-24,10:10:00,4060.205,4060.395,4057.495,4057.925,0.0577
1784888100000,2026-07-24,10:15:00,4057.985,4061.715,4057.365,4059.415,0.059
1784888400000,2026-07-24,10:20:00,4059.385,4061.055,4058.925,4060.135,0.0511
1784888700000,2026-07-24,10:25:00,4060.235,4063.545,4059.665,4061.795,0.0694
1784889000000,2026-07-24,10:30:00,4061.685,4063.745,4061.295,4061.495,0.0539
1784889300000,2026-07-24,10:35:00,4061.495,4061.605,4059.915,4059.915,0.0535
1784889600000,2026-07-24,10:40:00,4059.915,4059.915,4057.975,4058.225,0.0589
1784889900000,2026-07-24,10:45:00,4058.295,4059.055,4057.375,4058.705,0.0563
1784890200000,2026-07-24,10:50:00,4058.705,4059.285,4057.055,4057.665,0.07
1784890500000,2026-07-24,10:55:00,4057.645,4060.145,4057.285,4059.955,0.0643
1784890800000,2026-07-24,11:00:00,4060.075,4062.605,4058.265,4062.125,0.0988
1784891100000,2026-07-24,11:05:00,4062.115,4063.285,4060.405,4060.855,0.0563
1784891400000,2026-07-24,11:10:00,4060.825,4061.145,4060.135,4061.095,0.0284
1784891700000,2026-07-24,11:15:00,4061.095,4061.685,4059.925,4061.175,0.0507
1784892000000,2026-07-24,11:20:00,4061.065,4061.795,4060.045,4061.295,0.0432
1784892300000,2026-07-24,11:25:00,4061.275,4061.505,4058.955,4058.995,0.0446
1784892600000,2026-07-24,11:30:00,4058.955,4060.245,4057.855,4059.615,0.071
1784892900000,2026-07-24,11:35:00,4059.585,4059.805,4056.565,4056.965,0.0739
1784893200000,2026-07-24,11:40:00,4057.005,4057.735,4055.085,4055.125,0.0634
1784893500000,2026-07-24,11:45:00,4055.225,4056.605,4053.715,4055.045,0.07
1784893800000,2026-07-24,11:50:00,4055.015,4055.065,4052.395,4052.505,0.0539
1784894100000,2026-07-24,11:55:00,4052.475,4061.455,4051.195,4057.545,0.1208
1784894400000,2026-07-24,12:00:00,4057.665,4058.355,4052.155,4053.925,0.1393
1784894700000,2026-07-24,12:05:00,4053.875,4058.315,4052.475,4056.805,0.1107
1784895000000,2026-07-24,12:10:00,4056.805,4057.245,4055.435,4056.405,0.0834
1784895300000,2026-07-24,12:15:00,4056.405,4057.545,4055.525,4056.695,0.0878
1784895600000,2026-07-24,12:20:00,4056.255,4058.265,4054.645,4058.195,0.0931
1784895900000,2026-07-24,12:25:00,4058.215,4060.065,4055.725,4059.445,0.1054
1784896200000,2026-07-24,12:30:00,4059.295,4059.425,4056.125,4056.945,0.101
1784896500000,2026-07-24,12:35:00,4057.025,4058.075,4054.875,4055.535,0.088
1784896800000,2026-07-24,12:40:00,4055.465,4056.715,4051.875,4054.895,0.1092
1784897100000,2026-07-24,12:45:00,4054.915,4056.215,4051.475,4054.015,0.0921
1784897400000,2026-07-24,12:50:00,4054.015,4055.545,4053.695,4055.005,0.0791
1784897700000,2026-07-24,12:55:00,4055.005,4055.985,4051.585,4055.985,0.0875
1784898000000,2026-07-24,13:00:00,4055.845,4058.285,4051.325,4052.065,0.1551
1784898300000,2026-07-24,13:05:00,4052.065,4052.925,4045.665,4046.345,0.1505
1784898600000,2026-07-24,13:10:00,4046.355,4049.605,4044.515,4048.075,0.1425
1784898900000,2026-07-24,13:15:00,4047.965,4048.325,4044.685,4046.085,0.1175
1784899200000,2026-07-24,13:20:00,4046.225,4049.285,4045.525,4046.745,0.1203
1784899500000,2026-07-24,13:25:00,4046.795,4048.385,4045.645,4046.185,0.1101
1784899800000,2026-07-24,13:30:00,4046.105,4050.215,4044.575,4049.215,0.22
1784900100000,2026-07-24,13:35:00,4049.175,4056.705,4049.175,4055.995,0.2125
1784900400000,2026-07-24,13:40:00,4056.095,4056.455,4051.065,4051.615,0.1416
1784900700000,2026-07-24,13:45:00,4050.105,4060.805,4047.995,4058.175,0.1634
1784901000000,2026-07-24,13:50:00,4058.055,4060.935,4055.655,4059.505,0.2188
1784901300000,2026-07-24,13:55:00,4059.465,4068.365,4056.795,4066.915,0.1477
1784901600000,2026-07-24,14:00:00,4067.275,4069.825,4062.485,4062.505,0.1672
1784901900000,2026-07-24,14:05:00,4062.665,4064.585,4057.055,4062.215,0.2378
1784902200000,2026-07-24,14:10:00,4062.075,4063.675,4058.635,4058.655,0.1844
1784902500000,2026-07-24,14:15:00,4058.725,4060.195,4055.595,4057.975,0.1858
1784902800000,2026-07-24,14:20:00,4058.015,4064.725,4056.725,4064.635,0.2036
1784903100000,2026-07-24,14:25:00,4064.775,4069.175,4064.245,4065.955,0.2192
1784903400000,2026-07-24,14:30:00,4065.955,4068.045,4064.415,4064.465,0.1865
1784903700000,2026-07-24,14:35:00,4064.515,4066.715,4059.705,4060.485,0.1697
1784904000000,2026-07-24,14:40:00,4060.485,4062.335,4059.105,4060.165,0.1849
1784904300000,2026-07-24,14:45:00,4060.245,4063.575,4058.365,4062.905,0.1755
1784904600000,2026-07-24,14:50:00,4062.915,4064.775,4060.865,4061.505,0.1592
1784904900000,2026-07-24,14:55:00,4061.435,4066.395,4061.135,4063.185,0.173
1784905200000,2026-07-24,15:00:00,4062.965,4067.035,4061.865,4063.705,0.1785
1784905500000,2026-07-24,15:05:00,4063.705,4064.505,4061.675,4063.095,0.1317
1784905800000,2026-07-24,15:10:00,4063.155,4076.345,4062.995,4074.415,0.2394
1784906100000,2026-07-24,15:15:00,4074.365,4081.325,4071.615,4076.945,0.2668
1784906400000,2026-07-24,15:20:00,4076.945,4081.895,4072.365,4073.725,0.2121
1784906700000,2026-07-24,15:25:00,4073.765,4076.975,4072.325,4074.845,0.1855
1784907000000,2026-07-24,15:30:00,4074.865,4076.625,4073.705,4073.915,0.1703
1784907300000,2026-07-24,15:35:00,4073.935,4078.745,4073.335,4077.675,0.1683
1784907600000,2026-07-24,15:40:00,4077.645,4079.415,4071.455,4071.825,0.1647
1784907900000,2026-07-24,15:45:00,4071.865,4073.275,4070.695,4072.725,0.1347
1784908200000,2026-07-24,15:50:00,4072.725,4076.035,4072.625,4075.125,0.1336
1784908500000,2026-07-24,15:55:00,4075.125,4077.735,4074.785,4077.175,0.1234
1784908800000,2026-07-24,16:00:00,4077.145,4077.305,4074.865,4076.425,0.1186
1784909100000,2026-07-24,16:05:00,4076.435,4077.335,4074.915,4075.985,0.1032
1784909400000,2026-07-24,16:10:00,4075.985,4076.985,4074.235,4074.605,0.0985
1784909700000,2026-07-24,16:15:00,4074.705,4075.705,4073.655,4074.575,0.1009
1784910000000,2026-07-24,16:20:00,4074.535,4077.455,4073.615,4077.265,0.0896
1784910300000,2026-07-24,16:25:00,4077.265,4078.035,4073.375,4073.475,0.1008
1784910600000,2026-07-24,16:30:00,4073.555,4073.765,4070.075,4072.215,0.1148
1784910900000,2026-07-24,16:35:00,4071.965,4072.215,4067.325,4067.795,0.1065
1784911200000,2026-07-24,16:40:00,4067.805,4068.785,4066.485,4067.515,0.1054
1784911500000,2026-07-24,16:45:00,4067.495,4067.575,4064.025,4065.105,0.1197
1784911800000,2026-07-24,16:50:00,4065.135,4065.795,4063.895,4065.605,0.0892
1784912100000,2026-07-24,16:55:00,4065.555,4067.565,4065.235,4066.855,0.0937
1784912400000,2026-07-24,17:00:00,4066.965,4068.345,4066.425,4067.695,0.0969
1784912700000,2026-07-24,17:05:00,4067.645,4067.925,4063.765,4065.565,0.1298
1784913000000,2026-07-24,17:10:00,4065.615,4065.935,4062.745,4064.035,0.1159
1784913300000,2026-07-24,17:15:00,4064.045,4066.715,4063.455,4066.475,0.095
1784913600000,2026-07-24,17:20:00,4066.515,4068.645,4065.165,4068.635,0.1124
1784913900000,2026-07-24,17:25:00,4068.525,4069.685,4067.075,4068.155,0.1186
1784914200000,2026-07-24,17:30:00,4068.275,4069.675,4067.345,4068.315,0.0871
1784914500000,2026-07-24,17:35:00,4068.245,4068.715,4067.295,4067.835,0.073
1784914800000,2026-07-24,17:40:00,4067.835,4068.745,4065.935,4066.385,0.0787
1784915100000,2026-07-24,17:45:00,4066.365,4067.185,4064.585,4065.885,0.07
1784915400000,2026-07-24,17:50:00,4065.905,4066.785,4062.825,4063.265,0.0747
1784915700000,2026-07-24,17:55:00,4063.305,4065.045,4063.085,4063.165,0.0764
1784916000000,2026-07-24,18:00:00,4063.165,4063.915,4061.065,4062.735,0.0814
1784916300000,2026-07-24,18:05:00,4062.745,4064.325,4062.565,4062.855,0.0754
1784916600000,2026-07-24,18:10:00,4062.835,4063.265,4061.185,4061.435,0.071
1784916900000,2026-07-24,18:15:00,4061.425,4062.865,4059.865,4060.075,0.0727
1784917200000,2026-07-24,18:20:00,4060.045,4060.525,4056.465,4057.325,0.1127
1784917500000,2026-07-24,18:25:00,4057.225,4058.245,4054.785,4055.005,0.1037
1784917800000,2026-07-24,18:30:00,4055.175,4055.975,4052.305,4054.105,0.0982
1784918100000,2026-07-24,18:35:00,4054.055,4057.085,4053.165,4055.455,0.0881
1784918400000,2026-07-24,18:40:00,4055.555,4055.555,4050.815,4051.885,0.0915
1784918700000,2026-07-24,18:45:00,4051.905,4054.955,4051.535,4053.325,0.0722
1784919000000,2026-07-24,18:50:00,4053.375,4055.775,4052.725,4054.125,0.068
1784919300000,2026-07-24,18:55:00,4054.235,4055.105,4053.745,4054.185,0.0644
1784919600000,2026-07-24,19:00:00,4054.265,4056.245,4052.085,4054.475,0.1136
1784919900000,2026-07-24,19:05:00,4054.515,4054.735,4052.295,4052.775,0.0719
1784920200000,2026-07-24,19:10:00,4052.815,4054.625,4051.955,4052.055,0.0805
1784920500000,2026-07-24,19:15:00,4052.095,4052.215,4049.425,4050.605,0.0869
1784920800000,2026-07-24,19:20:00,4050.605,4051.085,4049.355,4049.475,0.0757
1784921100000,2026-07-24,19:25:00,4049.475,4051.715,4048.995,4051.365,0.0718
1784921400000,2026-07-24,19:30:00,4051.365,4054.335,4051.065,4053.895,0.1039
1784921700000,2026-07-24,19:35:00,4053.795,4056.305,4053.475,4055.235,0.1136
1784922000000,2026-07-24,19:40:00,4055.345,4057.735,4055.065,4056.745,0.087
1784922300000,2026-07-24,19:45:00,4056.835,4057.265,4054.725,4054.985,0.0726
1784922600000,2026-07-24,19:50:00,4055.235,4055.535,4053.535,4055.235,0.0857
1784922900000,2026-07-24,19:55:00,4055.375,4055.375,4052.545,4053.465,0.1055
1784923200000,2026-07-24,20:00:00,4053.565,4054.965,4052.875,4054.055,0.0567
1784923500000,2026-07-24,20:05:00,4053.945,4054.085,4052.685,4052.785,0.0327
1784923800000,2026-07-24,20:10:00,4052.785,4053.255,4052.015,4052.525,0.0286
1784924100000,2026-07-24,20:15:00,4052.525,4053.005,4051.905,4052.445,0.0304
1784924400000,2026-07-24,20:20:00,4052.445,4053.245,4051.935,4053.205,0.0283
1784924700000,2026-07-24,20:25:00,4053.185,4054.495,4052.585,4053.495,0.0323
1784925000000,2026-07-24,20:30:00,4053.495,4053.785,4051.415,4052.095,0.0232
1784925300000,2026-07-24,20:35:00,4052.115,4054.145,4052.075,4054.015,0.027
1784925600000,2026-07-24,20:40:00,4053.955,4055.795,4053.455,4055.215,0.0269
1784925900000,2026-07-24,20:45:00,4055.215,4055.455,4053.425,4053.685,0.026
1784926200000,2026-07-24,20:50:00,4053.935,4054.065,4052.175,4052.615,0.0193
1784926500000,2026-07-24,20:55:00,4052.545,4052.745,4049.125,4049.125,0.0157
1785103200000,2026-07-26,22:00:00,4088.645,4097.195,4086.655,4089.085,0.1345
1785103500000,2026-07-26,22:05:00,4089.175,4091.625,4084.245,4088.305,0.0501
1785103800000,2026-07-26,22:10:00,4088.425,4089.005,4086.125,4087.705,0.0412
1785104100000,2026-07-26,22:15:00,4087.827,4087.827,4083.735,4087.635,0.05
1785104400000,2026-07-26,22:20:00,4087.575,4090.035,4086.775,4087.355,0.0395
1785104700000,2026-07-26,22:25:00,4087.355,4087.655,4082.095,4086.145,0.0263
1785105000000,2026-07-26,22:30:00,4085.695,4091.855,4085.295,4091.525,0.0337
1785105300000,2026-07-26,22:35:00,4091.645,4092.885,4085.075,4089.915,0.0241
1785105600000,2026-07-26,22:40:00,4090.065,4092.545,4089.735,4090.985,0.0234
1785105900000,2026-07-26,22:45:00,4090.995,4093.425,4089.315,4089.595,0.0251
1785106200000,2026-07-26,22:50:00,4089.785,4091.735,4089.785,4091.205,0.0151
1785106500000,2026-07-26,22:55:00,4091.095,4091.515,4084.345,4084.675,0.014
1785106800000,2026-07-26,23:00:00,4084.675,4086.265,4082.025,4082.365,0.0064
1785107100000,2026-07-26,23:05:00,4082.695,4083.315,4082.075,4082.205,0.0024
1785107400000,2026-07-26,23:10:00,4087.095,4087.385,4084.345,4084.355,0.0203
1785107700000,2026-07-26,23:15:00,4084.505,4086.135,4083.855,4084.665,0.0162
1785108000000,2026-07-26,23:20:00,4084.815,4086.015,4080.625,4083.775,0.0185
1785108300000,2026-07-26,23:25:00,4084.145,4085.375,4083.545,4084.515,0.0133
1785108600000,2026-07-26,23:30:00,4084.745,4086.495,4084.345,4086.145,0.0154
1785108900000,2026-07-26,23:35:00,4085.695,4087.355,4085.695,4086.085,0.0092
1785109200000,2026-07-26,23:40:00,4086.185,4089.035,4083.035,4088.675,0.0152
1785109500000,2026-07-26,23:45:00,4088.575,4094.635,4088.075,4094.165,0.0508
1785109800000,2026-07-26,23:50:00,4094.045,4096.045,4092.765,4093.155,0.0412
1785110100000,2026-07-26,23:55:00,4093.045,4095.915,4092.395,4093.845,0.0667
1785110400000,2026-07-27,00:00:00,4094.115,4104.705,4093.715,4101.595,0.0995
1785110700000,2026-07-27,00:05:00,4101.695,4108.045,4099.335,4107.795,0.0741
1785111000000,2026-07-27,00:10:00,4107.905,4116.145,4106.675,4115.235,0.0896
1785111300000,2026-07-27,00:15:00,4115.125,4115.125,4106.365,4106.935,0.0673
1785111600000,2026-07-27,00:20:00,4106.675,4106.955,4101.335,4102.495,0.0636
1785111900000,2026-07-27,00:25:00,4102.495,4102.715,4090.275,4094.415,0.0758
1785112200000,2026-07-27,00:30:00,4094.305,4099.845,4093.365,4099.545,0.0591
1785112500000,2026-07-27,00:35:00,4099.595,4102.295,4098.985,4099.245,0.0489
1785112800000,2026-07-27,00:40:00,4099.275,4101.965,4095.755,4099.725,0.0444
1785113100000,2026-07-27,00:45:00,4099.625,4105.835,4099.525,4104.345,0.0539
1785113400000,2026-07-27,00:50:00,4104.215,4109.215,4104.215,4105.755,0.0502
1785113700000,2026-07-27,00:55:00,4105.865,4106.115,4098.595,4100.335,0.0644
1785114000000,2026-07-27,01:00:00,4100.225,4111.885,4100.225,4107.175,0.1209
1785114300000,2026-07-27,01:05:00,4107.285,4112.385,4105.175,4105.895,0.1392
1785114600000,2026-07-27,01:10:00,4106.085,4109.875,4105.775,4106.795,0.1363
1785114900000,2026-07-27,01:15:00,4106.895,4108.905,4101.925,4102.165,0.1434
1785115200000,2026-07-27,01:20:00,4102.275,4102.955,4099.645,4101.795,0.1142
1785115500000,2026-07-27,01:25:00,4101.655,4101.655,4096.675,4099.795,0.1517
1785115800000,2026-07-27,01:30:00,4099.855,4103.685,4099.375,4100.045,0.1484
1785116100000,2026-07-27,01:35:00,4100.045,4103.795,4097.575,4103.305,0.1151
1785116400000,2026-07-27,01:40:00,4103.205,4104.095,4101.605,4102.515,0.1073
1785116700000,2026-07-27,01:45:00,4102.375,4106.785,4102.375,4105.565,0.1088
1785117000000,2026-07-27,01:50:00,4105.455,4108.245,4102.525,4107.985,0.1196
1785117300000,2026-07-27,01:55:00,4107.855,4110.045,4105.765,4109.865,0.114
1785117600000,2026-07-27,02:00:00,4110.025,4110.795,4105.005,4105.105,0.1237
1785117900000,2026-07-27,02:05:00,4105.235,4107.375,4103.645,4103.885,0.1072
1785118200000,2026-07-27,02:10:00,4104.005,4105.755,4103.005,4105.415,0.1105
1785118500000,2026-07-27,02:15:00,4105.415,4105.765,4103.205,4104.145,0.0762
1785118800000,2026-07-27,02:20:00,4104.145,4104.555,4101.935,4103.715,0.0744
1785119100000,2026-07-27,02:25:00,4103.805,4105.555,4102.595,4102.995,0.073
1785119400000,2026-07-27,02:30:00,4102.995,4103.055,4098.925,4099.725,0.1267
1785119700000,2026-07-27,02:35:00,4099.855,4101.025,4097.355,4097.435,0.0803
1785120000000,2026-07-27,02:40:00,4097.915,4098.445,4095.185,4096.135,0.064
1785120300000,2026-07-27,02:45:00,4096.105,4097.435,4094.725,4094.895,0.0577
1785120600000,2026-07-27,02:50:00,4094.785,4096.675,4093.815,4096.165,0.0697
1785120900000,2026-07-27,02:55:00,4096.055,4096.165,4093.315,4093.435,0.0731
1785121200000,2026-07-27,03:00:00,4093.165,4095.565,4090.615,4092.035,0.0982
1785121500000,2026-07-27,03:05:00,4092.065,4093.095,4090.585,4091.105,0.0788
1785121800000,2026-07-27,03:10:00,4091.165,4092.045,4088.825,4091.665,0.0868
1785122100000,2026-07-27,03:15:00,4091.865,4093.615,4090.815,4091.975,0.0736
1785122400000,2026-07-27,03:20:00,4091.805,4092.095,4089.025,4089.685,0.0678
1785122700000,2026-07-27,03:25:00,4089.845,4089.925,4084.365,4085.345,0.0719
1785123000000,2026-07-27,03:30:00,4085.235,4090.185,4085.015,4090.055,0.0698
1785123300000,2026-07-27,03:35:00,4090.055,4090.375,4087.605,4088.845,0.0553
1785123600000,2026-07-27,03:40:00,4088.885,4090.715,4088.515,4089.425,0.0583
1785123900000,2026-07-27,03:45:00,4089.325,4089.775,4088.155,4089.135,0.0469
1785124200000,2026-07-27,03:50:00,4089.255,4090.625,4088.725,4089.175,0.0388
1785124500000,2026-07-27,03:55:00,4089.075,4091.285,4089.075,4090.645,0.0415
1785124800000,2026-07-27,04:00:00,4090.745,4092.755,4090.385,4091.015,0.0713
1785125100000,2026-07-27,04:05:00,4090.905,4091.615,4089.185,4089.425,0.0458
1785125400000,2026-07-27,04:10:00,4089.535,4090.225,4088.245,4089.875,0.0456
1785125700000,2026-07-27,04:15:00,4089.995,4090.295,4086.675,4087.595,0.0553
1785126000000,2026-07-27,04:20:00,4087.685,4089.615,4087.105,4087.745,0.0442
1785126300000,2026-07-27,04:25:00,4087.785,4088.875,4087.005,4088.595,0.0529
1785126600000,2026-07-27,04:30:00,4088.595,4090.885,4088.585,4090.435,0.0515
1785126900000,2026-07-27,04:35:00,4090.435,4092.095,4089.985,4090.785,0.0502
1785127200000,2026-07-27,04:40:00,4090.925,4092.075,4089.915,4090.115,0.0447
1785127500000,2026-07-27,04:45:00,4090.225,4091.065,4089.525,4089.905,0.0407
1785127800000,2026-07-27,04:50:00,4089.915,4090.265,4088.945,4090.125,0.0384
1785128100000,2026-07-27,04:55:00,4090.005,4090.635,4089.275,4089.935,0.056
1785128400000,2026-07-27,05:00:00,4090.075,4092.335,4088.435,4090.325,0.0642
1785128700000,2026-07-27,05:05:00,4090.465,4094.005,4089.335,4093.025,0.0574
1785129000000,2026-07-27,05:10:00,4092.875,4094.535,4092.175,4094.485,0.0592
1785129300000,2026-07-27,05:15:00,4094.355,4094.455,4091.305,4091.555,0.0539
1785129600000,2026-07-27,05:20:00,4091.655,4091.655,4087.765,4087.915,0.0462
1785129900000,2026-07-27,05:25:00,4087.955,4088.005,4085.795,4086.585,0.0533
1785130200000,2026-07-27,05:30:00,4086.125,4090.055,4085.865,4087.255,0.0983
1785130500000,2026-07-27,05:35:00,4087.255,4089.875,4085.415,4088.095,0.0794
1785130800000,2026-07-27,05:40:00,4088.085,4089.345,4086.415,4087.725,0.0681
1785131100000,2026-07-27,05:45:00,4087.885,4088.065,4084.145,4086.015,0.0877
1785131400000,2026-07-27,05:50:00,4086.135,4089.035,4084.635,4088.675,0.067
1785131700000,2026-07-27,05:55:00,4088.545,4093.535,4087.225,4092.965,0.0978
1785132000000,2026-07-27,06:00:00,4092.995,4094.435,4091.715,4093.505,0.0791
1785132300000,2026-07-27,06:05:00,4093.505,4094.605,4091.495,4093.605,0.061
1785132600000,2026-07-27,06:10:00,4093.725,4096.365,4092.765,4094.105,0.0572
1785132900000,2026-07-27,06:15:00,4094.135,4095.115,4091.835,4092.815,0.0492
1785133200000,2026-07-27,06:20:00,4092.915,4094.205,4091.015,4093.985,0.0693
1785133500000,2026-07-27,06:25:00,4093.985,4096.375,4093.915,4095.915,0.0555
1785133800000,2026-07-27,06:30:00,4095.915,4096.595,4094.045,4095.685,0.0517
1785134100000,2026-07-27,06:35:00,4095.795,4098.375,4095.055,4098.055,0.0619
1785134400000,2026-07-27,06:40:00,4098.055,4099.075,4096.195,4098.575,0.0448
1785134700000,2026-07-27,06:45:00,4098.505,4098.975,4097.145,4097.755,0.0349
1785135000000,2026-07-27,06:50:00,4097.585,4097.585,4095.085,4096.505,0.053
1785135300000,2026-07-27,06:55:00,4096.505,4097.345,4095.595,4095.845,0.0918
1785135600000,2026-07-27,07:00:00,4095.775,4100.735,4095.775,4098.595,0.1166
1785135900000,2026-07-27,07:05:00,4098.615,4100.045,4096.185,4097.875,0.1059
1785136200000,2026-07-27,07:10:00,4097.955,4101.975,4096.835,4101.795,0.1012
1785136500000,2026-07-27,07:15:00,4101.685,4103.765,4099.535,4103.695,0.0811
1785136800000,2026-07-27,07:20:00,4103.695,4105.265,4102.705,4104.425,0.0764
1785137100000,2026-07-27,07:25:00,4104.585,4105.865,4102.715,4102.985,0.0897
1785137400000,2026-07-27,07:30:00,4103.095,4103.155,4101.155,4102.465,0.0838
1785137700000,2026-07-27,07:35:00,4102.575,4103.645,4098.405,4099.085,0.0889
1785138000000,2026-07-27,07:40:00,4098.985,4099.145,4095.525,4097.115,0.0831
1785138300000,2026-07-27,07:45:00,4097.115,4098.975,4096.595,4097.585,0.0816
1785138600000,2026-07-27,07:50:00,4097.585,4097.695,4093.045,4093.985,0.0853
1785138900000,2026-07-27,07:55:00,4093.985,4094.695,4088.435,4088.605,0.094
1785139200000,2026-07-27,08:00:00,4088.875,4092.945,4087.995,4088.295,0.1418
1785139500000,2026-07-27,08:05:00,4088.115,4092.285,4086.875,4090.135,0.1044
1785139800000,2026-07-27,08:10:00,4090.135,4091.855,4089.655,4091.065,0.0849
1785140100000,2026-07-27,08:15:00,4090.985,4091.515,4089.315,4091.175,0.0835
1785140400000,2026-07-27,08:20:00,4091.175,4091.225,4088.675,4090.705,0.088
1785140700000,2026-07-27,08:25:00,4090.755,4092.295,4090.585,4090.625,0.0891
1785141000000,2026-07-27,08:30:00,4090.685,4090.945,4087.105,4087.115,0.0819
1785141300000,2026-07-27,08:35:00,4087.025,4090.575,4087.025,4090.215,0.0796
1785141600000,2026-07-27,08:40:00,4090.215,4092.725,4089.405,4091.215,0.0819
1785141900000,2026-07-27,08:45:00,4091.225,4093.305,4090.615,4092.935,0.0574
1785142200000,2026-07-27,08:50:00,4093.035,4094.935,4091.105,4094.595,0.0645
1785142500000,2026-07-27,08:55:00,4094.595,4096.695,4093.765,4095.005,0.0685
1785142800000,2026-07-27,09:00:00,4094.845,4096.065,4093.925,4095.915,0.058
1785143100000,2026-07-27,09:05:00,4095.815,4098.235,4094.355,4094.445,0.0662
1785143400000,2026-07-27,09:10:00,4094.605,4095.435,4092.825,4093.745,0.0524
1785143700000,2026-07-27,09:15:00,4093.905,4094.355,4092.695,4092.795,0.0499
1785144000000,2026-07-27,09:20:00,4092.795,4094.675,4092.165,4093.535,0.0537
1785144300000,2026-07-27,09:25:00,4093.535,4095.615,4090.885,4091.245,0.0696
1785144600000,2026-07-27,09:30:00,4091.245,4093.325,4090.075,4091.575,0.0794
1785144900000,2026-07-27,09:35:00,4091.575,4093.475,4090.975,4091.975,0.045
1785145200000,2026-07-27,09:40:00,4091.725,4094.505,4091.085,4093.995,0.0511
1785145500000,2026-07-27,09:45:00,4093.995,4097.775,4093.535,4097.025,0.0601
1785145800000,2026-07-27,09:50:00,4097.045,4099.165,4096.005,4097.615,0.0635
1785146100000,2026-07-27,09:55:00,4097.735,4100.175,4095.915,4095.915,0.0629
1785146400000,2026-07-27,10:00:00,4095.915,4096.255,4094.005,4094.825,0.058
1785146700000,2026-07-27,10:05:00,4094.795,4095.035,4092.965,4093.565,0.0558
1785147000000,2026-07-27,10:10:00,4093.665,4093.665,4086.355,4090.705,0.1239
1785147300000,2026-07-27,10:15:00,4090.705,4092.035,4088.945,4090.825,0.0627
1785147600000,2026-07-27,10:20:00,4090.915,4093.685,4090.445,4092.205,0.0568
1785147900000,2026-07-27,10:25:00,4092.295,4093.765,4092.145,4092.845,0.0496
1785148200000,2026-07-27,10:30:00,4092.955,4095.885,4092.745,4095.835,0.0669
1785148500000,2026-07-27,10:35:00,4095.715,4099.025,4094.865,4097.855,0.0713
1785148800000,2026-07-27,10:40:00,4097.965,4101.715,4097.355,4100.185,0.0603
1785149100000,2026-07-27,10:45:00,4100.185,4102.165,4099.545,4101.875,0.0447
1785149400000,2026-07-27,10:50:00,4101.775,4101.925,4099.215,4101.035,0.0514
1785149700000,2026-07-27,10:55:00,4101.265,4102.035,4098.535,4099.345,0.0656
1785150000000,2026-07-27,11:00:00,4099.425,4100.815,4096.785,4097.355,0.1003
1785150300000,2026-07-27,11:05:00,4097.355,4103.035,4096.765,4102.545,0.0611
1785150600000,2026-07-27,11:10:00,4102.815,4103.895,4101.605,4101.725,0.0572
1785150900000,2026-07-27,11:15:00,4101.875,4103.195,4100.325,4100.325,0.0527
1785151200000,2026-07-27,11:20:00,4100.325,4101.465,4099.485,4099.585,0.0472
1785151500000,2026-07-27,11:25:00,4099.615,4101.135,4096.455,4096.665,0.0577
1785151800000,2026-07-27,11:30:00,4096.755,4099.735,4095.975,4097.425,0.1049
1785152100000,2026-07-27,11:35:00,4097.425,4099.095,4096.265,4096.625,0.0628
1785152400000,2026-07-27,11:40:00,4096.625,4098.255,4094.355,4095.395,0.0808
1785152700000,2026-07-27,11:45:00,4095.495,4096.925,4093.665,4095.375,0.0816
1785153000000,2026-07-27,11:50:00,4095.465,4096.885,4093.835,4094.175,0.0626
1785153300000,2026-07-27,11:55:00,4094.075,4094.925,4093.555,4093.695,0.0627
1785153600000,2026-07-27,12:00:00,4093.825,4097.435,4093.725,4096.045,0.0841
1785153900000,2026-07-27,12:05:00,4096.165,4096.175,4093.605,4094.175,0.0779
1785154200000,2026-07-27,12:10:00,4094.175,4094.305,4086.025,4087.455,0.1798
1785154500000,2026-07-27,12:15:00,4087.355,4088.865,4082.015,4084.215,0.1371
1785154800000,2026-07-27,12:20:00,4083.915,4084.985,4081.495,4082.885,0.1481
1785155100000,2026-07-27,12:25:00,4082.885,4088.525,4082.885,4086.165,0.0737
1785155400000,2026-07-27,12:30:00,4086.165,4088.335,4082.945,4087.305,0.083
1785155700000,2026-07-27,12:35:00,4087.345,4087.715,4084.625,4086.995,0.0894
1785156000000,2026-07-27,12:40:00,4086.945,4087.235,4084.155,4086.445,0.0938
1785156300000,2026-07-27,12:45:00,4086.475,4088.955,4082.205,4082.485,0.1031
1785156600000,2026-07-27,12:50:00,4082.375,4085.605,4081.555,4082.765,0.1322
1785156900000,2026-07-27,12:55:00,4082.705,4086.385,4081.495,4083.475,0.121
1785157200000,2026-07-27,13:00:00,4083.565,4088.625,4083.155,4083.725,0.2007
1785157500000,2026-07-27,13:05:00,4083.575,4085.655,4081.785,4083.295,0.1702
1785157800000,2026-07-27,13:10:00,4083.375,4087.615,4080.615,4084.765,0.1553
1785158100000,2026-07-27,13:15:00,4084.765,4086.985,4081.275,4083.495,0.153
1785158400000,2026-07-27,13:20:00,4083.535,4085.235,4081.385,4083.685,0.1286
1785158700000,2026-07-27,13:25:00,4084.075,4084.925,4075.785,4075.845,0.1822
1785159000000,2026-07-27,13:30:00,4075.845,4081.795,4075.375,4079.645,0.2818
1785159300000,2026-07-27,13:35:00,4079.605,4087.485,4079.335,4084.875,0.2843
1785159600000,2026-07-27,13:40:00,4084.925,4089.115,4083.615,4086.545,0.2551
1785159900000,2026-07-27,13:45:00,4086.645,4089.405,4084.695,4087.175,0.2377
1785160200000,2026-07-27,13:50:00,4087.175,4088.895,4083.615,4083.905,0.2043
1785160500000,2026-07-27,13:55:00,4083.715,4083.715,4070.125,4073.995,0.2706
1785160800000,2026-07-27,14:00:00,4074.085,4078.975,4070.905,4075.125,0.2532
1785161100000,2026-07-27,14:05:00,4075.315,4077.765,4073.065,4077.005,0.2344
1785161400000,2026-07-27,14:10:00,4076.955,4077.215,4072.225,4076.755,0.2238
1785161700000,2026-07-27,14:15:00,4076.805,4078.555,4074.755,4076.105,0.2053
1785162000000,2026-07-27,14:20:00,4076.065,4076.565,4072.055,4073.505,0.2079
1785162300000,2026-07-27,14:25:00,4073.485,4073.965,4066.915,4068.145,0.2256
1785162600000,2026-07-27,14:30:00,4068.115,4069.685,4066.145,4067.795,0.2258
1785162900000,2026-07-27,14:35:00,4067.615,4070.475,4065.955,4067.925,0.2221
1785163200000,2026-07-27,14:40:00,4067.795,4069.285,4065.065,4068.605,0.2119
1785163500000,2026-07-27,14:45:00,4068.735,4073.125,4068.735,4071.315,0.1897
1785163800000,2026-07-27,14:50:00,4071.205,4074.395,4069.755,4072.985,0.1717
1785164100000,2026-07-27,14:55:00,4072.895,4077.075,4071.255,4075.925,0.1717
1785164400000,2026-07-27,15:00:00,4075.945,4076.125,4072.075,4074.845,0.2013
1785164700000,2026-07-27,15:05:00,4075.025,4075.025,4072.155,4072.315,0.1663
1785165000000,2026-07-27,15:10:00,4072.315,4076.325,4071.575,4075.695,0.1684
1785165300000,2026-07-27,15:15:00,4075.695,4078.855,4075.325,4077.695,0.1655
1785165600000,2026-07-27,15:20:00,4077.685,4079.175,4074.715,4075.075,0.1831
1785165900000,2026-07-27,15:25:00,4075.025,4076.715,4074.295,4076.215,0.1661
1785166200000,2026-07-27,15:30:00,4076.235,4077.725,4072.635,4072.855,0.1855
1785166500000,2026-07-27,15:35:00,4072.845,4074.735,4072.395,4073.895,0.1562
1785166800000,2026-07-27,15:40:00,4073.695,4076.475,4073.145,4075.895,0.1399
1785167100000,2026-07-27,15:45:00,4075.995,4076.645,4074.375,4075.885,0.1304
1785167400000,2026-07-27,15:50:00,4075.895,4079.735,4075.725,4077.485,0.1267
1785167700000,2026-07-27,15:55:00,4077.585,4079.325,4077.245,4078.285,0.124
1785168000000,2026-07-27,16:00:00,4078.295,4079.715,4077.645,4079.285,0.1501
1785168300000,2026-07-27,16:05:00,4079.265,4084.645,4077.915,4084.365,0.124
1785168600000,2026-07-27,16:10:00,4084.335,4084.375,4080.475,4081.125,0.1035
1785168900000,2026-07-27,16:15:00,4081.155,4081.625,4079.425,4080.345,0.1045
1785169200000,2026-07-27,16:20:00,4080.365,4082.865,4080.195,4080.575,0.1171
1785169500000,2026-07-27,16:25:00,4080.605,4088.625,4080.505,4084.875,0.2187
1785169800000,2026-07-27,16:30:00,4084.995,4092.845,4084.865,4091.375,0.1683
1785170100000,2026-07-27,16:35:00,4091.245,4093.695,4089.715,4090.395,0.1561
1785170400000,2026-07-27,16:40:00,4090.395,4090.705,4087.155,4088.085,0.112
1785170700000,2026-07-27,16:45:00,4088.225,4088.375,4083.605,4083.675,0.1099
1785171000000,2026-07-27,16:50:00,4083.685,4083.925,4080.745,4081.705,0.1255
1785171300000,2026-07-27,16:55:00,4081.725,4082.225,4080.485,4082.055,0.1087
1785171600000,2026-07-27,17:00:00,4082.215,4082.215,4074.965,4075.985,0.1492
1785171900000,2026-07-27,17:05:00,4076.175,4076.905,4073.245,4074.795,0.1415
1785172200000,2026-07-27,17:10:00,4074.795,4075.855,4070.335,4073.265,0.1628
1785172500000,2026-07-27,17:15:00,4073.205,4075.295,4072.125,4074.035,0.1275
1785172800000,2026-07-27,17:20:00,4074.045,4075.965,4073.035,4073.605,0.1079
1785173100000,2026-07-27,17:25:00,4073.655,4076.585,4073.135,4074.485,0.1321
1785173400000,2026-07-27,17:30:00,4074.525,4075.735,4073.225,4073.565,0.0898
1785173700000,2026-07-27,17:35:00,4073.565,4074.515,4071.855,4072.655,0.0923
1785174000000,2026-07-27,17:40:00,4072.655,4074.615,4072.555,4074.265,0.0942
1785174300000,2026-07-27,17:45:00,4074.265,4075.255,4073.095,4074.925,0.0874
1785174600000,2026-07-27,17:50:00,4074.905,4077.015,4074.745,4075.715,0.09
1785174900000,2026-07-27,17:55:00,4075.725,4076.705,4075.485,4076.125,0.079
1785175200000,2026-07-27,18:00:00,4076.245,4079.095,4075.775,4077.145,0.1072
1785175500000,2026-07-27,18:05:00,4077.015,4078.685,4076.965,4078.505,0.0725
1785175800000,2026-07-27,18:10:00,4078.505,4078.505,4076.115,4076.415,0.0921
1785176100000,2026-07-27,18:15:00,4076.415,4076.595,4073.885,4074.705,0.1023
1785176400000,2026-07-27,18:20:00,4074.815,4076.605,4074.015,4076.295,0.0871
1785176700000,2026-07-27,18:25:00,4076.145,4076.725,4075.565,4076.615,0.1003
1785177000000,2026-07-27,18:30:00,4076.565,4077.075,4074.375,4074.635,0.0931
1785177300000,2026-07-27,18:35:00,4074.605,4074.875,4073.005,4073.185,0.0752
1785177600000,2026-07-27,18:40:00,4073.215,4079.225,4072.635,4076.075,0.1305
1785177900000,2026-07-27,18:45:00,4076.075,4076.555,4074.875,4074.985,0.0835
1785178200000,2026-07-27,18:50:00,4075.115,4078.355,4074.685,4077.395,0.0941
1785178500000,2026-07-27,18:55:00,4077.455,4079.355,4077.085,4077.605,0.1023
1785178800000,2026-07-27,19:00:00,4077.725,4078.715,4076.755,4077.015,0.0947
1785179100000,2026-07-27,19:05:00,4077.015,4079.955,4075.915,4079.595,0.0864
1785179400000,2026-07-27,19:10:00,4079.595,4081.565,4079.575,4080.095,0.0686
1785179700000,2026-07-27,19:15:00,4080.215,4084.585,4079.145,4084.395,0.0698
1785180000000,2026-07-27,19:20:00,4084.285,4088.575,4084.195,4084.925,0.0744
1785180300000,2026-07-27,19:25:00,4085.045,4085.745,4083.205,4085.485,0.0727
1785180600000,2026-07-27,19:30:00,4085.695,4086.185,4083.605,4084.955,0.0789
1785180900000,2026-07-27,19:35:00,4084.955,4086.605,4084.805,4086.245,0.0802
1785181200000,2026-07-27,19:40:00,4086.165,4087.085,4084.885,4086.715,0.0736
1785181500000,2026-07-27,19:45:00,4086.685,4089.245,4085.965,4088.895,0.0833
1785181800000,2026-07-27,19:50:00,4089.015,4089.165,4085.745,4087.315,0.104
1785182100000,2026-07-27,19:55:00,4087.195,4087.235,4082.155,4083.075,0.1181
1785182400000,2026-07-27,20:00:00,4083.135,4083.805,4081.715,4082.015,0.0463
1785182700000,2026-07-27,20:05:00,4081.775,4082.205,4081.125,4081.995,0.0262
1785183000000,2026-07-27,20:10:00,4082.105,4082.425,4081.275,4081.975,0.0259
1785183300000,2026-07-27,20:15:00,4081.875,4081.985,4080.165,4080.445,0.0194
1785183600000,2026-07-27,20:20:00,4080.625,4080.625,4078.585,4079.915,0.0286
1785183900000,2026-07-27,20:25:00,4079.985,4081.065,4077.955,4078.425,0.0293
1785184200000,2026-07-27,20:30:00,4078.555,4078.955,4076.295,4076.335,0.0391
1785184500000,2026-07-27,20:35:00,4076.335,4077.815,4075.455,4076.305,0.038
1785184800000,2026-07-27,20:40:00,4076.305,4077.135,4076.185,4076.795,0.016
1785185100000,2026-07-27,20:45:00,4076.855,4076.915,4075.705,4076.315,0.0137
1785185400000,2026-07-27,20:50:00,4076.415,4076.895,4074.995,4076.395,0.0094
1785185700000,2026-07-27,20:55:00,4076.285,4077.015,4075.895,4076.565,0.0206
1785189600000,2026-07-27,22:00:00,4077.045,4081.765,4076.745,4080.435,0.0377
1785189900000,2026-07-27,22:05:00,4080.535,4080.692,4078.185,4078.715,0.0127
1785190200000,2026-07-27,22:10:00,4075.205,4078.395,4075.205,4077.275,0.0133
1785190500000,2026-07-27,22:15:00,4077.005,4077.005,4075.475,4075.875,0.0162
1785190800000,2026-07-27,22:20:00,4076.145,4076.445,4071.405,4072.145,0.0235
1785191100000,2026-07-27,22:25:00,4072.275,4073.205,4069.725,4071.895,0.0156
1785191400000,2026-07-27,22:30:00,4072.225,4074.175,4071.755,4074.095,0.0094
1785191700000,2026-07-27,22:35:00,4074.205,4074.815,4073.655,4074.235,0.0103
1785192000000,2026-07-27,22:40:00,4074.095,4074.875,4073.825,4074.585,0.0105
1785192300000,2026-07-27,22:45:00,4074.385,4074.745,4073.255,4073.795,0.0149
1785192600000,2026-07-27,22:50:00,4073.905,4074.535,4072.955,4073.565,0.0143
1785192900000,2026-07-27,22:55:00,4073.435,4074.565,4072.925,4073.305,0.0142
1785193200000,2026-07-27,23:00:00,4073.135,4073.135,4070.735,4071.785,0.0335
1785193500000,2026-07-27,23:05:00,4071.785,4073.575,4071.785,4072.935,0.0289
1785193800000,2026-07-27,23:10:00,4072.935,4074.805,4072.665,4074.105,0.0092
1785194100000,2026-07-27,23:15:00,4073.995,4074.445,4072.865,4072.865,0.0108
1785194400000,2026-07-27,23:20:00,4073.095,4073.715,4072.455,4073.135,0.0103
1785194700000,2026-07-27,23:25:00,4072.985,4073.645,4071.755,4072.935,0.0118
1785195000000,2026-07-27,23:30:00,4072.575,4073.445,4072.105,4073.305,0.0085
1785195300000,2026-07-27,23:35:00,4073.195,4073.345,4072.055,4072.705,0.0076
1785195600000,2026-07-27,23:40:00,4072.805,4072.975,4071.225,4071.805,0.0161
1785195900000,2026-07-27,23:45:00,4071.655,4072.595,4069.635,4069.945,0.0422
1785196200000,2026-07-27,23:50:00,4070.085,4072.655,4069.585,4071.835,0.0382
1785196500000,2026-07-27,23:55:00,4071.725,4073.245,4071.215,4073.075,0.0319
1785196800000,2026-07-28,00:00:00,4072.955,4073.855,4065.185,4065.485,0.0818
1785197100000,2026-07-28,00:05:00,4065.475,4066.815,4061.475,4066.335,0.0976
1785197400000,2026-07-28,00:10:00,4066.625,4067.375,4064.565,4066.995,0.0689
1785197700000,2026-07-28,00:15:00,4066.785,4067.415,4062.205,4065.135,0.0659
1785198000000,2026-07-28,00:20:00,4065.025,4066.115,4059.995,4060.575,0.0671
1785198300000,2026-07-28,00:25:00,4060.475,4063.325,4058.795,4061.785,0.0675
1785198600000,2026-07-28,00:30:00,4061.805,4064.555,4060.195,4063.965,0.0764
1785198900000,2026-07-28,00:35:00,4063.845,4064.735,4062.985,4063.325,0.0602
1785199200000,2026-07-28,00:40:00,4063.215,4065.925,4061.575,4065.035,0.0663
1785199500000,2026-07-28,00:45:00,4065.155,4065.165,4058.825,4059.375,0.0848
1785199800000,2026-07-28,00:50:00,4059.165,4059.925,4057.455,4059.595,0.0557
1785200100000,2026-07-28,00:55:00,4059.465,4061.345,4057.205,4057.635,0.07
1785200400000,2026-07-28,01:00:00,4057.455,4060.075,4053.455,4058.845,0.1504
1785200700000,2026-07-28,01:05:00,4058.455,4059.145,4053.965,4055.755,0.1035
1785201000000,2026-07-28,01:10:00,4055.595,4058.145,4054.425,4057.735,0.1057
1785201300000,2026-07-28,01:15:00,4057.545,4058.955,4052.935,4053.135,0.1029
1785201600000,2026-07-28,01:20:00,4053.275,4054.355,4048.655,4049.705,0.1212
1785201900000,2026-07-28,01:25:00,4049.535,4049.745,4046.115,4046.985,0.1214
1785202200000,2026-07-28,01:30:00,4046.875,4050.015,4043.225,4045.765,0.1129
1785202500000,2026-07-28,01:35:00,4045.905,4050.305,4045.795,4048.945,0.0912
1785202800000,2026-07-28,01:40:00,4049.055,4049.465,4046.525,4048.545,0.0802
1785203100000,2026-07-28,01:45:00,4048.645,4048.645,4044.955,4046.175,0.0757
1785203400000,2026-07-28,01:50:00,4046.035,4046.995,4042.365,4044.565,0.0759
1785203700000,2026-07-28,01:55:00,4044.725,4045.195,4043.395,4044.865,0.0656
1785204000000,2026-07-28,02:00:00,4045.155,4045.515,4042.165,4043.585,0.0747
1785204300000,2026-07-28,02:05:00,4043.805,4046.935,4042.225,4046.085,0.0888
1785204600000,2026-07-28,02:10:00,4046.205,4047.415,4045.225,4046.075,0.0792
1785204900000,2026-07-28,02:15:00,4045.805,4048.055,4044.895,4047.615,0.0569
1785205200000,2026-07-28,02:20:00,4047.735,4048.835,4046.545,4047.165,0.0535
1785205500000,2026-07-28,02:25:00,4047.035,4048.345,4045.095,4046.035,0.0519
1785205800000,2026-07-28,02:30:00,4045.985,4047.705,4044.785,4046.155,0.0736
1785206100000,2026-07-28,02:35:00,4046.395,4047.045,4044.475,4044.585,0.0612
1785206400000,2026-07-28,02:40:00,4044.465,4045.375,4041.285,4044.025,0.0816
1785206700000,2026-07-28,02:45:00,4043.905,4045.015,4042.275,4043.325,0.0631
1785207000000,2026-07-28,02:50:00,4043.215,4045.245,4042.545,4043.555,0.0809
1785207300000,2026-07-28,02:55:00,4043.575,4043.685,4040.605,4041.915,0.0806
1785207600000,2026-07-28,03:00:00,4041.705,4043.835,4040.185,4043.635,0.0949
1785207900000,2026-07-28,03:05:00,4043.495,4046.275,4042.655,4045.735,0.0616
1785208200000,2026-07-28,03:10:00,4045.555,4047.305,4045.255,4045.635,0.0592
1785208500000,2026-07-28,03:15:00,4045.745,4049.065,4044.835,4048.715,0.0618
1785208800000,2026-07-28,03:20:00,4048.885,4049.275,4046.665,4048.405,0.0467
1785209100000,2026-07-28,03:25:00,4048.275,4049.035,4046.285,4047.495,0.0517
1785209400000,2026-07-28,03:30:00,4047.505,4051.035,4047.155,4049.635,0.0614
1785209700000,2026-07-28,03:35:00,4049.525,4049.875,4047.835,4048.605,0.0646
1785210000000,2026-07-28,03:40:00,4048.495,4049.095,4046.835,4047.975,0.0495
1785210300000,2026-07-28,03:45:00,4048.125,4050.595,4047.675,4049.405,0.0558
1785210600000,2026-07-28,03:50:00,4049.545,4050.505,4048.135,4049.545,0.0464
1785210900000,2026-07-28,03:55:00,4049.435,4049.805,4047.755,4049.135,0.0469
1785211200000,2026-07-28,04:00:00,4049.005,4049.485,4047.455,4047.575,0.0643
1785211500000,2026-07-28,04:05:00,4047.685,4047.825,4045.135,4046.055,0.052
1785211800000,2026-07-28,04:10:00,4045.945,4046.675,4043.085,4043.685,0.053
1785212100000,2026-07-28,04:15:00,4043.795,4047.415,4043.145,4047.245,0.0418
1785212400000,2026-07-28,04:20:00,4047.515,4047.815,4046.235,4046.565,0.0342
1785212700000,2026-07-28,04:25:00,4046.445,4046.895,4045.225,4045.385,0.0414
1785213000000,2026-07-28,04:30:00,4045.515,4046.205,4043.385,4046.095,0.0359
1785213300000,2026-07-28,04:35:00,4046.175,4046.785,4045.185,4045.405,0.0346
1785213600000,2026-07-28,04:40:00,4045.275,4047.595,4044.835,4047.425,0.0332
1785213900000,2026-07-28,04:45:00,4047.615,4047.725,4042.385,4042.915,0.0547
1785214200000,2026-07-28,04:50:00,4043.105,4044.125,4042.515,4043.455,0.0433
1785214500000,2026-07-28,04:55:00,4043.275,4044.185,4041.125,4042.085,0.0407
1785214800000,2026-07-28,05:00:00,4041.675,4042.215,4039.515,4040.935,0.0663
1785215100000,2026-07-28,05:05:00,4040.815,4042.655,4040.055,4041.045,0.0544
1785215400000,2026-07-28,05:10:00,4041.095,4043.785,4040.735,4042.165,0.0457
1785215700000,2026-07-28,05:15:00,4041.925,4043.145,4041.795,4042.165,0.0447
1785216000000,2026-07-28,05:20:00,4042.265,4043.535,4041.675,4042.055,0.0456
1785216300000,2026-07-28,05:25:00,4041.985,4043.105,4040.495,4042.885,0.0632
1785216600000,2026-07-28,05:30:00,4042.835,4045.415,4037.015,4037.165,0.1009
1785216900000,2026-07-28,05:35:00,4037.045,4037.775,4034.415,4036.905,0.0732
1785217200000,2026-07-28,05:40:00,4036.755,4041.495,4036.315,4041.265,0.0655
1785217500000,2026-07-28,05:45:00,4041.365,4043.515,4039.165,4041.145,0.0676
1785217800000,2026-07-28,05:50:00,4041.255,4043.885,4040.585,4043.645,0.0566
1785218100000,2026-07-28,05:55:00,4043.765,4046.455,4043.425,4044.975,0.0576
1785218400000,2026-07-28,06:00:00,4044.955,4047.635,4044.535,4046.115,0.0503
1785218700000,2026-07-28,06:05:00,4045.965,4046.695,4043.815,4044.385,0.0332
1785219000000,2026-07-28,06:10:00,4044.545,4045.705,4042.755,4043.955,0.0352
1785219300000,2026-07-28,06:15:00,4043.925,4046.845,4043.775,4045.375,0.0345
1785219600000,2026-07-28,06:20:00,4045.235,4047.245,4043.915,4045.055,0.0496
1785219900000,2026-07-28,06:25:00,4045.155,4048.765,4044.625,4047.245,0.0453
1785220200000,2026-07-28,06:30:00,4047.515,4049.435,4046.615,4049.135,0.0432
1785220500000,2026-07-28,06:35:00,4049.265,4050.105,4047.845,4049.935,0.0383
1785220800000,2026-07-28,06:40:00,4049.795,4052.235,4049.575,4049.595,0.0374
1785221100000,2026-07-28,06:45:00,4049.715,4050.205,4047.785,4049.895,0.0465
1785221400000,2026-07-28,06:50:00,4049.895,4051.195,4048.985,4051.155,0.0299
1785221700000,2026-07-28,06:55:00,4050.805,4051.235,4047.775,4048.125,0.0434
1785222000000,2026-07-28,07:00:00,4047.965,4050.175,4047.305,4048.125,0.055
1785222300000,2026-07-28,07:05:00,4048.405,4050.145,4047.305,4049.875,0.0335
1785222600000,2026-07-28,07:10:00,4049.995,4051.055,4048.525,4048.635,0.0476
1785222900000,2026-07-28,07:15:00,4048.505,4051.675,4048.325,4050.785,0.0318
1785223200000,2026-07-28,07:20:00,4050.675,4052.315,4049.225,4050.285,0.0404
1785223500000,2026-07-28,07:25:00,4050.405,4051.885,4048.805,4049.905,0.0388
1785223800000,2026-07-28,07:30:00,4050.025,4050.805,4048.425,4048.585,0.0443
1785224100000,2026-07-28,07:35:00,4048.705,4050.765,4048.385,4050.625,0.0388
1785224400000,2026-07-28,07:40:00,4050.515,4050.725,4048.385,4049.035,0.0253
1785224700000,2026-07-28,07:45:00,4049.205,4049.315,4046.715,4047.735,0.0247
1785225000000,2026-07-28,07:50:00,4047.615,4049.655,4047.145,4048.655,0.0425
1785225300000,2026-07-28,07:55:00,4048.795,4049.195,4045.875,4047.055,0.0334
1785225600000,2026-07-28,08:00:00,4046.855,4052.665,4046.095,4050.995,0.0638
1785225900000,2026-07-28,08:05:00,4050.885,4055.015,4047.925,4048.365,0.0545
1785226200000,2026-07-28,08:10:00,4048.255,4048.375,4042.845,4044.225,0.0663
1785226500000,2026-07-28,08:15:00,4044.085,4050.105,4044.085,4048.245,0.0678
1785226800000,2026-07-28,08:20:00,4048.465,4050.955,4047.455,4050.755,0.0575
1785227100000,2026-07-28,08:25:00,4050.655,4050.655,4048.345,4049.415,0.0503
1785227400000,2026-07-28,08:30:00,4049.565,4049.565,4044.105,4045.515,0.0468
1785227700000,2026-07-28,08:35:00,4045.395,4046.325,4042.195,4042.845,0.0401
1785228000000,2026-07-28,08:40:00,4042.735,4044.705,4041.655,4042.955,0.0367
1785228300000,2026-07-28,08:45:00,4043.245,4045.985,4042.905,4045.655,0.0333
1785228600000,2026-07-28,08:50:00,4045.555,4045.765,4041.375,4042.095,0.0462
1785228900000,2026-07-28,08:55:00,4041.805,4045.345,4041.615,4045.255,0.0313
1785229200000,2026-07-28,09:00:00,4045.115,4045.745,4042.685,4042.685,0.0417
1785229500000,2026-07-28,09:05:00,4042.685,4043.255,4041.045,4042.455,0.0307
1785229800000,2026-07-28,09:10:00,4042.305,4042.935,4040.475,4040.775,0.0352
1785230100000,2026-07-28,09:15:00,4040.875,4043.615,4040.875,4043.155,0.0343
1785230400000,2026-07-28,09:20:00,4043.265,4043.945,4042.255,4042.605,0.0164
1785230700000,2026-07-28,09:25:00,4042.735,4042.735,4038.845,4040.075,0.0337
1785231000000,2026-07-28,09:30:00,4040.035,4040.195,4035.875,4037.545,0.0451
1785231300000,2026-07-28,09:35:00,4037.685,4038.025,4029.255,4032.005,0.0703
1785231600000,2026-07-28,09:40:00,4032.175,4033.935,4031.565,4033.025,0.0295
1785231900000,2026-07-28,09:45:00,4033.145,4034.205,4029.545,4030.885,0.0501
1785232200000,2026-07-28,09:50:00,4030.735,4031.785,4028.015,4029.715,0.0401
1785232500000,2026-07-28,09:55:00,4029.825,4029.875,4018.985,4023.345,0.0595
1785232800000,2026-07-28,10:00:00,4023.155,4024.975,4021.395,4024.205,0.0459
1785233100000,2026-07-28,10:05:00,4024.465,4026.845,4021.665,4021.825,0.0534
1785233400000,2026-07-28,10:10:00,4021.775,4024.215,4020.425,4024.095,0.0427
1785233700000,2026-07-28,10:15:00,4023.655,4025.715,4021.345,4021.575,0.039
1785234000000,2026-07-28,10:20:00,4021.475,4022.745,4017.415,4019.125,0.0543
1785234300000,2026-07-28,10:25:00,4019.255,4020.045,4016.695,4017.355,0.0459
1785234600000,2026-07-28,10:30:00,4017.255,4023.435,4016.825,4022.675,0.0396
1785234900000,2026-07-28,10:35:00,4022.575,4023.025,4019.505,4021.735,0.0564
1785235200000,2026-07-28,10:40:00,4021.565,4022.445,4020.365,4022.145,0.0334
1785235500000,2026-07-28,10:45:00,4022.165,4026.055,4021.955,4023.675,0.0424
1785235800000,2026-07-28,10:50:00,4023.555,4028.275,4023.255,4028.055,0.0316
1785236100000,2026-07-28,10:55:00,4027.945,4028.345,4025.745,4026.295,0.0411
1785236400000,2026-07-28,11:00:00,4026.405,4028.535,4024.805,4026.265,0.0658
1785236700000,2026-07-28,11:05:00,4026.165,4028.485,4024.805,4027.545,0.0815
1785237000000,2026-07-28,11:10:00,4027.535,4027.735,4022.815,4023.745,0.0734
1785237300000,2026-07-28,11:15:00,4023.635,4032.115,4023.595,4030.385,0.0709
1785237600000,2026-07-28,11:20:00,4030.255,4030.415,4028.305,4028.305,0.0354
1785237900000,2026-07-28,11:25:00,4028.185,4029.155,4026.285,4027.295,0.0382
1785238200000,2026-07-28,11:30:00,4027.205,4028.745,4026.195,4027.105,0.0374
1785238500000,2026-07-28,11:35:00,4026.985,4031.335,4026.945,4029.305,0.0402
1785238800000,2026-07-28,11:40:00,4028.995,4029.565,4026.395,4027.055,0.0445
1785239100000,2026-07-28,11:45:00,4026.865,4027.855,4025.475,4026.475,0.0391
1785239400000,2026-07-28,11:50:00,4026.345,4026.715,4023.775,4024.075,0.0427
1785239700000,2026-07-28,11:55:00,4023.965,4028.265,4023.965,4027.825,0.0401
1785240000000,2026-07-28,12:00:00,4027.745,4028.435,4023.515,4026.035,0.0436
1785240300000,2026-07-28,12:05:00,4026.005,4028.665,4025.225,4025.955,0.0476
1785240600000,2026-07-28,12:10:00,4026.085,4027.925,4022.605,4027.385,0.0552
1785240900000,2026-07-28,12:15:00,4027.425,4030.415,4025.895,4030.415,0.035
1785241200000,2026-07-28,12:20:00,4030.285,4034.005,4029.555,4033.625,0.0439
1785241500000,2026-07-28,12:25:00,4033.625,4034.755,4031.035,4033.945,0.0493
1785241800000,2026-07-28,12:30:00,4034.125,4034.755,4025.245,4028.435,0.0482
1785242100000,2026-07-28,12:35:00,4028.275,4030.055,4026.245,4028.275,0.058
1785242400000,2026-07-28,12:40:00,4028.175,4034.725,4028.015,4033.345,0.0581
1785242700000,2026-07-28,12:45:00,4033.235,4037.965,4033.195,4034.395,0.0653
1785243000000,2026-07-28,12:50:00,4034.255,4034.595,4031.155,4031.865,0.0482
1785243300000,2026-07-28,12:55:00,4031.975,4032.625,4028.245,4028.935,0.05
1785243600000,2026-07-28,13:00:00,4028.935,4034.085,4028.815,4032.635,0.0838
1785243900000,2026-07-28,13:05:00,4032.505,4035.335,4030.625,4032.695,0.0694
1785244200000,2026-07-28,13:10:00,4032.595,4033.735,4031.855,4032.675,0.0469
1785244500000,2026-07-28,13:15:00,4032.805,4032.925,4029.475,4030.455,0.0498
1785244800000,2026-07-28,13:20:00,4030.315,4035.795,4030.315,4034.405,0.0435
1785245100000,2026-07-28,13:25:00,4034.245,4035.865,4028.335,4028.805,0.0536
1785245400000,2026-07-28,13:30:00,4028.705,4032.685,4026.985,4030.985,0.1277
1785245700000,2026-07-28,13:35:00,4031.065,4032.535,4021.645,4021.765,0.1449
1785246000000,2026-07-28,13:40:00,4021.765,4025.345,4020.045,4025.115,0.189
1785246300000,2026-07-28,13:45:00,4025.005,4026.705,4021.815,4024.965,0.1838
1785246600000,2026-07-28,13:50:00,4024.965,4028.945,4024.165,4026.935,0.2043
1785246900000,2026-07-28,13:55:00,4026.935,4027.035,4021.475,4021.975,0.165
1785247200000,2026-07-28,14:00:00,4021.975,4027.095,4021.675,4025.995,0.1631
1785247500000,2026-07-28,14:05:00,4025.995,4031.185,4025.635,4029.515,0.2031
1785247800000,2026-07-28,14:10:00,4029.525,4033.345,4024.735,4025.565,0.1848
1785248100000,2026-07-28,14:15:00,4025.715,4026.575,4019.805,4019.805,0.1962
1785248400000,2026-07-28,14:20:00,4019.915,4020.645,4011.335,4017.135,0.2034
1785248700000,2026-07-28,14:25:00,4017.245,4022.455,4016.255,4021.985,0.1661
1785249000000,2026-07-28,14:30:00,4021.955,4025.045,4019.935,4020.165,0.1811
1785249300000,2026-07-28,14:35:00,4020.195,4023.445,4019.455,4020.235,0.194
1785249600000,2026-07-28,14:40:00,4019.905,4023.925,4018.555,4022.635,0.1607
1785249900000,2026-07-28,14:45:00,4022.635,4028.425,4020.985,4027.995,0.1608
1785250200000,2026-07-28,14:50:00,4027.895,4029.565,4025.895,4027.275,0.1409
1785250500000,2026-07-28,14:55:00,4027.225,4028.225,4024.235,4024.235,0.0996
1785250800000,2026-07-28,15:00:00,4024.235,4029.765,4024.155,4024.685,0.1286
1785251100000,2026-07-28,15:05:00,4024.685,4027.585,4022.125,4027.535,0.1144
1785251400000,2026-07-28,15:10:00,4027.435,4036.075,4027.435,4033.525,0.2232
1785251700000,2026-07-28,15:15:00,4033.635,4036.145,4031.445,4035.205,0.2151
1785252000000,2026-07-28,15:20:00,4035.105,4040.705,4035.025,4035.635,0.2076
1785252300000,2026-07-28,15:25:00,4035.615,4040.115,4034.815,4035.315,0.1232
1785252600000,2026-07-28,15:30:00,4035.565,4036.385,4032.345,4033.405,0.1191
1785252900000,2026-07-28,15:35:00,4033.615,4038.265,4032.595,4036.795,0.122
1785253200000,2026-07-28,15:40:00,4036.445,4041.885,4036.445,4041.085,0.1055
1785253500000,2026-07-28,15:45:00,4041.225,4044.875,4041.015,4043.215,0.1181
1785253800000,2026-07-28,15:50:00,4043.075,4046.705,4041.645,4046.025,0.1152
1785254100000,2026-07-28,15:55:00,4046.025,4047.025,4044.735,4045.985,0.0994
1785254400000,2026-07-28,16:00:00,4045.935,4046.365,4042.065,4042.645,0.1251
1785254700000,2026-07-28,16:05:00,4042.295,4044.615,4042.245,4043.015,0.083
1785255000000,2026-07-28,16:10:00,4043.135,4045.705,4041.765,4044.535,0.0866
1785255300000,2026-07-28,16:15:00,4044.605,4045.465,4043.195,4045.055,0.0803
1785255600000,2026-07-28,16:20:00,4044.965,4045.665,4043.005,4043.635,0.0916
1785255900000,2026-07-28,16:25:00,4043.735,4044.835,4041.865,4042.095,0.0858
1785256200000,2026-07-28,16:30:00,4042.095,4043.685,4040.835,4042.645,0.0994
1785256500000,2026-07-28,16:35:00,4042.715,4043.695,4041.195,4041.695,0.0664
1785256800000,2026-07-28,16:40:00,4041.695,4043.105,4040.215,4040.455,0.0857
1785257100000,2026-07-28,16:45:00,4040.305,4040.915,4037.405,4037.585,0.0991
1785257400000,2026-07-28,16:50:00,4037.585,4038.265,4037.005,4038.175,0.0703
1785257700000,2026-07-28,16:55:00,4038.135,4038.175,4036.405,4037.305,0.0599
1785258000000,2026-07-28,17:00:00,4037.445,4039.665,4037.105,4039.665,0.0843
1785258300000,2026-07-28,17:05:00,4039.645,4040.885,4038.065,4038.515,0.1002
1785258600000,2026-07-28,17:10:00,4038.015,4038.865,4035.435,4036.765,0.1048
1785258900000,2026-07-28,17:15:00,4036.895,4036.985,4035.215,4035.215,0.0859
1785259200000,2026-07-28,17:20:00,4035.365,4041.495,4035.055,4036.425,0.1276
1785259500000,2026-07-28,17:25:00,4036.265,4039.595,4035.665,4037.595,0.1371
1785259800000,2026-07-28,17:30:00,4037.615,4037.655,4034.115,4035.075,0.0979
1785260100000,2026-07-28,17:35:00,4034.955,4034.955,4030.965,4031.355,0.0764
1785260400000,2026-07-28,17:40:00,4031.245,4031.285,4027.395,4028.235,0.0809
1785260700000,2026-07-28,17:45:00,4028.195,4029.685,4025.735,4029.335,0.1152
1785261000000,2026-07-28,17:50:00,4029.335,4029.335,4025.625,4026.275,0.0834
1785261300000,2026-07-28,17:55:00,4026.275,4028.225,4025.795,4027.675,0.0769
1785261600000,2026-07-28,18:00:00,4027.805,4029.475,4026.875,4029.195,0.0869
1785261900000,2026-07-28,18:05:00,4029.195,4030.175,4028.905,4029.785,0.0679
1785262200000,2026-07-28,18:10:00,4029.645,4029.785,4027.485,4028.115,0.0711
1785262500000,2026-07-28,18:15:00,4028.115,4030.045,4027.685,4028.265,0.096
1785262800000,2026-07-28,18:20:00,4028.405,4028.815,4026.415,4026.725,0.0916
1785263100000,2026-07-28,18:25:00,4026.625,4027.615,4025.675,4026.995,0.1274
1785263400000,2026-07-28,18:30:00,4026.995,4027.495,4023.555,4024.205,0.1067
1785263700000,2026-07-28,18:35:00,4024.205,4024.745,4022.835,4023.695,0.1115
1785264000000,2026-07-28,18:40:00,4023.585,4025.075,4022.985,4024.025,0.0961
1785264300000,2026-07-28,18:45:00,4024.275,4025.835,4023.235,4023.905,0.0858
1785264600000,2026-07-28,18:50:00,4023.905,4024.415,4022.205,4022.765,0.1023
1785264900000,2026-07-28,18:55:00,4022.725,4023.225,4021.515,4022.865,0.0918
1785265200000,2026-07-28,19:00:00,4022.895,4024.585,4022.205,4024.275,0.1068
1785265500000,2026-07-28,19:05:00,4024.275,4025.665,4023.485,4024.745,0.0757
1785265800000,2026-07-28,19:10:00,4024.645,4024.785,4023.475,4023.895,0.0695
1785266100000,2026-07-28,19:15:00,4023.995,4025.135,4023.615,4023.805,0.0725
1785266400000,2026-07-28,19:20:00,4023.805,4024.055,4022.615,4022.975,0.0532
1785266700000,2026-07-28,19:25:00,4023.095,4023.595,4021.645,4023.105,0.0722
1785267000000,2026-07-28,19:30:00,4023.665,4027.595,4022.805,4027.335,0.0877
1785267300000,2026-07-28,19:35:00,4027.405,4027.405,4024.075,4024.565,0.0649
1785267600000,2026-07-28,19:40:00,4024.615,4026.085,4024.415,4025.995,0.0694
1785267900000,2026-07-28,19:45:00,4026.175,4027.375,4025.875,4026.325,0.0623
1785268200000,2026-07-28,19:50:00,4026.365,4027.725,4025.235,4027.215,0.0692
1785268500000,2026-07-28,19:55:00,4027.045,4027.905,4025.775,4026.225,0.1071
1785268800000,2026-07-28,20:00:00,4026.115,4026.415,4022.875,4023.155,0.0434
1785269100000,2026-07-28,20:05:00,4023.255,4024.195,4022.355,4022.855,0.0437
1785269400000,2026-07-28,20:10:00,4022.855,4024.495,4022.815,4023.655,0.0272
1785269700000,2026-07-28,20:15:00,4023.655,4026.475,4023.495,4026.255,0.03
1785270000000,2026-07-28,20:20:00,4026.345,4026.455,4025.195,4025.755,0.0278
1785270300000,2026-07-28,20:25:00,4025.795,4027.485,4025.505,4027.075,0.0356
1785270600000,2026-07-28,20:30:00,4027.115,4028.325,4027.115,4028.085,0.0224
1785270900000,2026-07-28,20:35:00,4028.085,4029.935,4027.215,4027.555,0.0547
1785271200000,2026-07-28,20:40:00,4027.635,4030.045,4027.635,4029.805,0.0274
1785271500000,2026-07-28,20:45:00,4029.695,4030.295,4027.175,4027.325,0.0184
1785271800000,2026-07-28,20:50:00,4027.125,4028.355,4026.305,4028.215,0.0167
1785272100000,2026-07-28,20:55:00,4028.025,4028.995,4027.745,4027.875,0.012
1785276000000,2026-07-28,22:00:00,4024.565,4029.855,4024.565,4026.155,0.0272
1785276300000,2026-07-28,22:05:00,4026.275,4027.015,4025.865,4026.835,0.0076
1785276600000,2026-07-28,22:10:00,4027.375,4027.845,4024.345,4024.345,0.0128
1785276900000,2026-07-28,22:15:00,4024.375,4024.865,4022.125,4022.125,0.014
1785277200000,2026-07-28,22:20:00,4021.905,4023.115,4016.945,4017.625,0.0225
1785277500000,2026-07-28,22:25:00,4017.505,4020.865,4017.245,4020.665,0.0182
1785277800000,2026-07-28,22:30:00,4020.785,4020.875,4013.785,4017.215,0.0324
1785278100000,2026-07-28,22:35:00,4017.085,4017.085,4014.025,4014.735,0.024
1785278400000,2026-07-28,22:40:00,4014.875,4018.655,4014.875,4018.085,0.0132
1785278700000,2026-07-28,22:45:00,4017.975,4017.975,4015.075,4016.545,0.0129
1785279000000,2026-07-28,22:50:00,4016.695,4018.735,4015.955,4017.595,0.0134
1785279300000,2026-07-28,22:55:00,4017.695,4019.305,4017.445,4017.765,0.0244
1785279600000,2026-07-28,23:00:00,4017.815,4018.195,4015.835,4016.505,0.0468
1785279900000,2026-07-28,23:05:00,4016.255,4018.915,4015.785,4017.525,0.0502
1785280200000,2026-07-28,23:10:00,4017.565,4022.775,4017.505,4021.685,0.0223
1785280500000,2026-07-28,23:15:00,4021.845,4021.845,4015.255,4016.185,0.0261
1785280800000,2026-07-28,23:20:00,4015.945,4019.255,4015.945,4018.805,0.0191
1785281100000,2026-07-28,23:25:00,4018.905,4019.075,4014.655,4018.215,0.0218
1785281400000,2026-07-28,23:30:00,4018.635,4019.555,4017.075,4017.885,0.0164
1785281700000,2026-07-28,23:35:00,4017.985,4020.075,4017.985,4018.775,0.0107
1785282000000,2026-07-28,23:40:00,4018.665,4023.195,4017.855,4022.615,0.0201
1785282300000,2026-07-28,23:45:00,4023.075,4023.075,4018.725,4022.165,0.0713
1785282600000,2026-07-28,23:50:00,4022.285,4024.165,4020.595,4023.235,0.0503
1785282900000,2026-07-28,23:55:00,4023.395,4025.965,4022.635,4024.615,0.0447
1785283200000,2026-07-29,00:00:00,4024.745,4025.895,4017.255,4021.415,0.1671
1785283500000,2026-07-29,00:05:00,4021.535,4023.975,4017.135,4017.135,0.0919
1785283800000,2026-07-29,00:10:00,4017.105,4021.765,4017.105,4020.325,0.0548
1785284100000,2026-07-29,00:15:00,4020.205,4026.265,4020.205,4025.005,0.0576
1785284400000,2026-07-29,00:20:00,4024.475,4029.475,4023.415,4024.635,0.0738
1785284700000,2026-07-29,00:25:00,4024.605,4026.415,4021.885,4022.265,0.0806
1785285000000,2026-07-29,00:30:00,4022.155,4025.005,4021.025,4024.125,0.0947
1785285300000,2026-07-29,00:35:00,4024.235,4027.495,4023.075,4024.315,0.0778
1785285600000,2026-07-29,00:40:00,4024.415,4025.965,4023.825,4025.725,0.0562
1785285900000,2026-07-29,00:45:00,4025.825,4025.825,4020.635,4020.645,0.0967
1785286200000,2026-07-29,00:50:00,4020.605,4023.715,4020.605,4023.445,0.1271
1785286500000,2026-07-29,00:55:00,4023.415,4023.635,4020.125,4021.635,0.1105
1785286800000,2026-07-29,01:00:00,4021.515,4021.655,4010.055,4011.655,0.2004
1785287100000,2026-07-29,01:05:00,4011.545,4015.415,4010.265,4014.885,0.1546
1785287400000,2026-07-29,01:10:00,4014.835,4017.515,4011.475,4012.905,0.1492
1785287700000,2026-07-29,01:15:00,4012.905,4016.535,4011.445,4016.375,0.1601
1785288000000,2026-07-29,01:20:00,4016.375,4017.545,4013.615,4014.835,0.1488
1785288300000,2026-07-29,01:25:00,4014.955,4020.095,4014.015,4018.215,0.1226
1785288600000,2026-07-29,01:30:00,4018.185,4024.265,4014.675,4024.145,0.2005
1785288900000,2026-07-29,01:35:00,4024.325,4030.445,4022.515,4029.075,0.1621
1785289200000,2026-07-29,01:40:00,4029.185,4030.295,4025.605,4027.525,0.116
1785289500000,2026-07-29,01:45:00,4027.525,4028.015,4024.105,4024.555,0.101
1785289800000,2026-07-29,01:50:00,4024.445,4025.765,4021.645,4022.965,0.1141
1785290100000,2026-07-29,01:55:00,4022.965,4026.045,4022.655,4025.695,0.1262
1785290400000,2026-07-29,02:00:00,4025.865,4029.195,4025.395,4027.305,0.0952
1785290700000,2026-07-29,02:05:00,4027.255,4027.945,4022.875,4024.975,0.0926
1785291000000,2026-07-29,02:10:00,4024.935,4028.095,4024.715,4028.025,0.099
1785291300000,2026-07-29,02:15:00,4027.845,4030.025,4025.975,4027.095,0.0645
1785291600000,2026-07-29,02:20:00,4027.115,4035.235,4026.425,4032.955,0.0892
1785291900000,2026-07-29,02:25:00,4033.045,4035.145,4030.695,4032.975,0.0731
1785292200000,2026-07-29,02:30:00,4032.855,4036.395,4030.305,4031.205,0.1556
1785292500000,2026-07-29,02:35:00,4031.155,4035.235,4030.945,4035.135,0.0934
1785292800000,2026-07-29,02:40:00,4035.075,4037.835,4034.235,4034.735,0.11
1785293100000,2026-07-29,02:45:00,4034.535,4034.955,4032.075,4032.235,0.0659
1785293400000,2026-07-29,02:50:00,4032.115,4033.345,4029.055,4029.775,0.0842
1785293700000,2026-07-29,02:55:00,4029.885,4032.265,4029.125,4029.255,0.0667
1785294000000,2026-07-29,03:00:00,4029.055,4030.945,4027.755,4028.565,0.0954
1785294300000,2026-07-29,03:05:00,4028.625,4032.755,4028.185,4029.245,0.0852
1785294600000,2026-07-29,03:10:00,4028.865,4030.695,4027.035,4027.585,0.0598
1785294900000,2026-07-29,03:15:00,4027.745,4028.615,4026.025,4027.935,0.0599
1785295200000,2026-07-29,03:20:00,4027.805,4028.135,4025.795,4026.145,0.0578
1785295500000,2026-07-29,03:25:00,4026.045,4027.985,4025.215,4026.805,0.0585
1785295800000,2026-07-29,03:30:00,4026.595,4026.955,4024.345,4026.435,0.0794
1785296100000,2026-07-29,03:35:00,4026.535,4029.485,4026.005,4026.995,0.0556
1785296400000,2026-07-29,03:40:00,4026.705,4027.015,4024.815,4025.765,0.052
1785296700000,2026-07-29,03:45:00,4025.905,4026.655,4025.225,4025.845,0.0568
1785297000000,2026-07-29,03:50:00,4025.665,4026.255,4023.765,4024.045,0.0499
1785297300000,2026-07-29,03:55:00,4024.035,4024.375,4022.885,4023.285,0.0447
1785297600000,2026-07-29,04:00:00,4023.315,4024.535,4021.455,4022.225,0.083
1785297900000,2026-07-29,04:05:00,4022.395,4022.945,4021.135,4022.665,0.0642
1785298200000,2026-07-29,04:10:00,4022.635,4022.885,4021.045,4021.415,0.0701
1785298500000,2026-07-29,04:15:00,4021.445,4022.025,4020.235,4021.615,0.076
1785298800000,2026-07-29,04:20:00,4021.645,4023.985,4021.265,4023.665,0.0644
1785299100000,2026-07-29,04:25:00,4023.545,4025.295,4022.495,4023.235,0.0687
1785299400000,2026-07-29,04:30:00,4023.065,4026.785,4023.015,4026.275,0.061
1785299700000,2026-07-29,04:35:00,4026.205,4026.275,4024.325,4024.705,0.054
1785300000000,2026-07-29,04:40:00,4024.595,4027.215,4024.495,4026.835,0.0634
1785300300000,2026-07-29,04:45:00,4026.885,4027.195,4023.285,4023.655,0.0986
1785300600000,2026-07-29,04:50:00,4023.595,4026.595,4023.595,4026.405,0.0784
1785300900000,2026-07-29,04:55:00,4026.355,4027.375,4025.815,4026.955,0.0469
1785301200000,2026-07-29,05:00:00,4027.105,4029.395,4026.325,4028.865,0.0502
1785301500000,2026-07-29,05:05:00,4028.695,4028.915,4026.805,4027.095,0.0582
1785301800000,2026-07-29,05:10:00,4026.975,4031.555,4026.455,4030.135,0.0745
1785302100000,2026-07-29,05:15:00,4030.075,4030.175,4027.245,4027.425,0.0606
1785302400000,2026-07-29,05:20:00,4027.385,4030.785,4026.795,4030.435,0.0595
1785302700000,2026-07-29,05:25:00,4030.475,4030.925,4029.505,4030.175,0.0624
1785303000000,2026-07-29,05:30:00,4030.305,4034.165,4029.715,4031.705,0.1368
1785303300000,2026-07-29,05:35:00,4031.735,4032.805,4029.495,4031.555,0.1153
1785303600000,2026-07-29,05:40:00,4031.455,4039.485,4030.945,4038.785,0.0897
1785303900000,2026-07-29,05:45:00,4038.915,4039.755,4033.365,4033.365,0.1049
1785304200000,2026-07-29,05:50:00,4033.035,4035.895,4032.975,4033.755,0.0786
1785304500000,2026-07-29,05:55:00,4033.495,4034.665,4031.305,4032.745,0.0962
1785304800000,2026-07-29,06:00:00,4032.805,4037.275,4032.805,4037.255,0.0662
1785305100000,2026-07-29,06:05:00,4037.125,4037.305,4034.445,4034.765,0.0428
1785305400000,2026-07-29,06:10:00,4034.865,4038.055,4034.195,4037.205,0.0352
1785305700000,2026-07-29,06:15:00,4037.215,4039.855,4037.075,4037.805,0.0408
1785306000000,2026-07-29,06:20:00,4037.905,4043.045,4035.605,4040.845,0.0432
1785306300000,2026-07-29,06:25:00,4040.955,4041.595,4040.135,4040.775,0.0522
1785306600000,2026-07-29,06:30:00,4040.885,4043.705,4040.625,4043.495,0.0426
1785306900000,2026-07-29,06:35:00,4043.615,4044.605,4041.795,4042.915,0.0429
1785307200000,2026-07-29,06:40:00,4043.015,4043.695,4041.135,4042.485,0.0465
1785307500000,2026-07-29,06:45:00,4042.705,4042.705,4039.475,4039.885,0.0577
1785307800000,2026-07-29,06:50:00,4039.815,4042.315,4039.565,4040.865,0.0412
1785308100000,2026-07-29,06:55:00,4040.885,4042.205,4040.465,4040.995,0.0679
1785308400000,2026-07-29,07:00:00,4041.125,4044.115,4040.765,4041.895,0.0875
1785308700000,2026-07-29,07:05:00,4041.965,4044.665,4041.715,4044.505,0.0882
1785309000000,2026-07-29,07:10:00,4044.505,4046.395,4044.435,4045.175,0.075
1785309300000,2026-07-29,07:15:00,4045.175,4045.865,4044.025,4045.385,0.0731
1785309600000,2026-07-29,07:20:00,4045.385,4047.635,4045.135,4046.645,0.0878
1785309900000,2026-07-29,07:25:00,4046.665,4047.015,4044.425,4045.755,0.0727
1785310200000,2026-07-29,07:30:00,4045.825,4046.555,4044.605,4045.485,0.088
1785310500000,2026-07-29,07:35:00,4045.505,4047.325,4045.475,4045.655,0.0748
1785310800000,2026-07-29,07:40:00,4045.665,4047.345,4045.455,4045.815,0.0684
1785311100000,2026-07-29,07:45:00,4045.835,4046.785,4044.035,4044.395,0.0706
1785311400000,2026-07-29,07:50:00,4044.175,4044.505,4042.485,4043.265,0.0684
1785311700000,2026-07-29,07:55:00,4043.145,4044.055,4042.425,4043.575,0.0616
1785312000000,2026-07-29,08:00:00,4043.485,4044.255,4042.455,4043.655,0.0973
1785312300000,2026-07-29,08:05:00,4043.625,4043.707,4040.415,4040.895,0.0856
1785312600000,2026-07-29,08:10:00,4040.885,4042.275,4038.855,4038.935,0.0854
1785312900000,2026-07-29,08:15:00,4038.995,4042.065,4038.995,4040.585,0.0715
1785313200000,2026-07-29,08:20:00,4040.565,4040.565,4037.145,4037.445,0.0747
1785313500000,2026-07-29,08:25:00,4037.485,4037.985,4035.285,4037.145,0.0919
1785313800000,2026-07-29,08:30:00,4037.105,4037.785,4035.595,4035.895,0.0998
1785314100000,2026-07-29,08:35:00,4035.895,4038.805,4035.555,4037.765,0.0686
1785314400000,2026-07-29,08:40:00,4037.735,4039.035,4037.415,4038.055,0.0562
1785314700000,2026-07-29,08:45:00,4037.995,4039.875,4037.355,4037.525,0.0649
1785315000000,2026-07-29,08:50:00,4037.495,4039.955,4036.875,4039.005,0.0748
1785315300000,2026-07-29,08:55:00,4038.985,4039.345,4036.865,4037.455,0.0638
1785315600000,2026-07-29,09:00:00,4037.825,4038.245,4036.155,4037.125,0.0697
1785315900000,2026-07-29,09:05:00,4037.085,4037.785,4035.715,4037.525,0.0703
1785316200000,2026-07-29,09:10:00,4037.495,4037.735,4035.275,4036.145,0.0649
1785316500000,2026-07-29,09:15:00,4036.045,4037.565,4035.715,4036.825,0.064
1785316800000,2026-07-29,09:20:00,4036.775,4036.925,4033.475,4034.515,0.0744
1785317100000,2026-07-29,09:25:00,4034.465,4034.595,4033.275,4033.565,0.0542
1785317400000,2026-07-29,09:30:00,4033.705,4034.435,4031.135,4033.745,0.0992
1785317700000,2026-07-29,09:35:00,4033.725,4034.705,4032.365,4032.715,0.0659
1785318000000,2026-07-29,09:40:00,4032.715,4034.815,4032.295,4034.155,0.0653
1785318300000,2026-07-29,09:45:00,4034.105,4035.625,4033.925,4035.535,0.0578
1785318600000,2026-07-29,09:50:00,4035.535,4036.275,4034.705,4035.115,0.054
1785318900000,2026-07-29,09:55:00,4035.095,4035.105,4031.805,4032.585,0.0779
1785319200000,2026-07-29,10:00:00,4032.505,4033.735,4031.845,4033.005,0.0745
1785319500000,2026-07-29,10:05:00,4033.005,4034.025,4030.995,4032.485,0.0985
1785319800000,2026-07-29,10:10:00,4032.485,4033.285,4030.615,4031.675,0.0788
1785320100000,2026-07-29,10:15:00,4031.675,4032.065,4030.115,4031.975,0.0757
1785320400000,2026-07-29,10:20:00,4032.045,4032.585,4030.935,4031.245,0.052
1785320700000,2026-07-29,10:25:00,4031.215,4033.175,4029.975,4032.875,0.0612
1785321000000,2026-07-29,10:30:00,4032.805,4034.265,4031.915,4031.935,0.0571
1785321300000,2026-07-29,10:35:00,4031.915,4032.425,4028.685,4028.915,0.0719
1785321600000,2026-07-29,10:40:00,4028.945,4029.345,4026.095,4027.265,0.081
1785321900000,2026-07-29,10:45:00,4027.175,4027.735,4026.235,4027.635,0.0616
1785322200000,2026-07-29,10:50:00,4027.655,4028.405,4025.765,4026.635,0.0624
1785322500000,2026-07-29,10:55:00,4026.565,4027.485,4025.805,4027.295,0.0598
1785322800000,2026-07-29,11:00:00,4027.345,4029.245,4026.885,4027.855,0.0838
1785323100000,2026-07-29,11:05:00,4027.855,4028.115,4024.695,4025.825,0.0731
1785323400000,2026-07-29,11:10:00,4025.925,4029.475,4025.855,4029.455,0.061
1785323700000,2026-07-29,11:15:00,4029.305,4032.565,4028.185,4032.395,0.0737
1785324000000,2026-07-29,11:20:00,4032.465,4032.955,4031.635,4032.245,0.0604
1785324300000,2026-07-29,11:25:00,4032.285,4033.415,4031.545,4032.575,0.0575
1785324600000,2026-07-29,11:30:00,4032.625,4032.745,4031.075,4031.615,0.0529
1785324900000,2026-07-29,11:35:00,4031.565,4031.965,4029.975,4031.645,0.0505
1785325200000,2026-07-29,11:40:00,4031.615,4032.015,4030.405,4030.725,0.0548
1785325500000,2026-07-29,11:45:00,4030.835,4036.035,4030.325,4034.445,0.1009
1785325800000,2026-07-29,11:50:00,4034.355,4034.675,4031.765,4031.955,0.0784
1785326100000,2026-07-29,11:55:00,4031.945,4032.615,4030.965,4032.615,0.0584
1785326400000,2026-07-29,12:00:00,4032.615,4033.305,4030.205,4030.335,0.0732
1785326700000,2026-07-29,12:05:00,4030.335,4031.075,4028.435,4029.815,0.0869
1785327000000,2026-07-29,12:10:00,4029.785,4030.785,4025.785,4026.855,0.079
1785327300000,2026-07-29,12:15:00,4026.905,4027.395,4018.805,4018.805,0.2437
1785327600000,2026-07-29,12:20:00,4018.675,4020.105,4014.025,4015.585,0.204
1785327900000,2026-07-29,12:25:00,4015.905,4017.325,4012.605,4013.035,0.1577
1785328200000,2026-07-29,12:30:00,4012.975,4018.525,4008.975,4018.395,0.168
1785328500000,2026-07-29,12:35:00,4018.395,4022.465,4016.845,4021.425,0.1296
1785328800000,2026-07-29,12:40:00,4021.495,4021.815,4017.165,4020.785,0.1181
1785329100000,2026-07-29,12:45:00,4020.585,4023.085,4019.295,4020.015,0.0988
1785329400000,2026-07-29,12:50:00,4019.815,4022.045,4018.715,4021.515,0.0982
1785329700000,2026-07-29,12:55:00,4021.515,4023.535,4020.875,4022.435,0.095
1785330000000,2026-07-29,13:00:00,4022.665,4026.265,4018.595,4018.665,0.1919
1785330300000,2026-07-29,13:05:00,4018.755,4019.025,4015.205,4015.975,0.1463
1785330600000,2026-07-29,13:10:00,4016.015,4018.735,4014.865,4015.525,0.1264
1785330900000,2026-07-29,13:15:00,4015.495,4018.305,4013.975,4016.905,0.1316
1785331200000,2026-07-29,13:20:00,4016.855,4023.035,4015.525,4020.225,0.1468
1785331500000,2026-07-29,13:25:00,4020.125,4022.875,4013.595,4014.285,0.1537
1785331800000,2026-07-29,13:30:00,4014.285,4017.605,4009.805,4017.025,0.2855
1785332100000,2026-07-29,13:35:00,4016.995,4017.745,4013.945,4016.105,0.2427
1785332400000,2026-07-29,13:40:00,4016.145,4016.145,4012.575,4013.565,0.2508
1785332700000,2026-07-29,13:45:00,4013.275,4015.865,4010.875,4014.925,0.2528
1785333000000,2026-07-29,13:50:00,4014.895,4015.015,4006.465,4008.995,0.2301
1785333300000,2026-07-29,13:55:00,4008.935,4008.935,4002.275,4007.025,0.2349
1785333600000,2026-07-29,14:00:00,4007.055,4008.505,4000.955,4005.685,0.2622
1785333900000,2026-07-29,14:05:00,4006.095,4006.595,3998.645,3999.415,0.2343
1785334200000,2026-07-29,14:10:00,3999.155,4001.125,3995.655,3999.115,0.2342
1785334500000,2026-07-29,14:15:00,3999.085,4009.045,3998.745,4007.585,0.2411
1785334800000,2026-07-29,14:20:00,4007.495,4009.955,4006.425,4009.395,0.217
1785335100000,2026-07-29,14:25:00,4009.405,4009.505,4003.225,4005.275,0.2188
1785335400000,2026-07-29,14:30:00,4005.305,4009.105,4003.665,4007.755,0.2171
1785335700000,2026-07-29,14:35:00,4007.755,4008.185,4003.025,4004.315,0.1882
1785336000000,2026-07-29,14:40:00,4004.315,4006.455,3998.765,4001.015,0.1968
1785336300000,2026-07-29,14:45:00,4000.915,4002.435,3998.195,4001.465,0.2121
1785336600000,2026-07-29,14:50:00,4001.435,4005.565,4000.235,4005.195,0.2069
1785336900000,2026-07-29,14:55:00,4005.135,4005.575,4002.165,4004.655,0.192
1785337200000,2026-07-29,15:00:00,4004.635,4008.665,4003.215,4008.165,0.1951
1785337500000,2026-07-29,15:05:00,4008.105,4009.665,4006.295,4009.625,0.1886
1785337800000,2026-07-29,15:10:00,4009.545,4009.585,4005.585,4006.615,0.1726
1785338100000,2026-07-29,15:15:00,4006.665,4008.435,4004.845,4004.885,0.1612
1785338400000,2026-07-29,15:20:00,4004.885,4010.055,4003.525,4009.805,0.1615
1785338700000,2026-07-29,15:25:00,4009.595,4011.075,4007.815,4010.275,0.1576
1785339000000,2026-07-29,15:30:00,4010.305,4013.385,4009.545,4010.125,0.1622
1785339300000,2026-07-29,15:35:00,4010.195,4012.245,4007.755,4008.565,0.1536
1785339600000,2026-07-29,15:40:00,4008.605,4010.365,4006.875,4010.365,0.1256
1785339900000,2026-07-29,15:45:00,4010.175,4012.595,4009.285,4012.475,0.1342
1785340200000,2026-07-29,15:50:00,4012.465,4013.555,4010.705,4011.425,0.1303
1785340500000,2026-07-29,15:55:00,4011.555,4011.745,4008.155,4009.585,0.1387
1785340800000,2026-07-29,16:00:00,4009.815,4011.545,4007.465,4009.305,0.1409
1785341100000,2026-07-29,16:05:00,4009.435,4015.465,4008.475,4014.585,0.1399
1785341400000,2026-07-29,16:10:00,4014.585,4015.495,4009.365,4009.365,0.1186
1785341700000,2026-07-29,16:15:00,4009.415,4011.365,4007.685,4011.105,0.0994
1785342000000,2026-07-29,16:20:00,4011.145,4017.235,4010.695,4014.895,0.1441
1785342300000,2026-07-29,16:25:00,4014.875,4016.995,4014.665,4016.325,0.1082
1785342600000,2026-07-29,16:30:00,4016.325,4018.875,4014.795,4016.905,0.1243
1785342900000,2026-07-29,16:35:00,4016.905,4018.015,4014.895,4016.595,0.1092
1785343200000,2026-07-29,16:40:00,4016.715,4017.475,4015.435,4016.895,0.1085
1785343500000,2026-07-29,16:45:00,4016.815,4017.935,4015.075,4017.655,0.1105
1785343800000,2026-07-29,16:50:00,4017.725,4025.485,4017.535,4025.475,0.1396
1785344100000,2026-07-29,16:55:00,4025.205,4032.595,4024.885,4027.055,0.2286
1785344400000,2026-07-29,17:00:00,4027.005,4037.505,4026.985,4036.705,0.2055
1785344700000,2026-07-29,17:05:00,4036.795,4040.955,4034.865,4038.415,0.194
1785345000000,2026-07-29,17:10:00,4038.445,4050.445,4037.195,4041.835,0.2158
1785345300000,2026-07-29,17:15:00,4041.835,4047.635,4040.595,4044.945,0.1885
1785345600000,2026-07-29,17:20:00,4044.945,4050.335,4044.395,4047.085,0.205
1785345900000,2026-07-29,17:25:00,4047.055,4047.935,4037.085,4039.105,0.2177
1785346200000,2026-07-29,17:30:00,4039.005,4041.625,4037.465,4038.545,0.1936
1785346500000,2026-07-29,17:35:00,4038.545,4041.455,4036.165,4041.185,0.1606
1785346800000,2026-07-29,17:40:00,4041.265,4047.185,4040.445,4045.475,0.1588
1785347100000,2026-07-29,17:45:00,4045.535,4047.895,4044.575,4047.185,0.1456
1785347400000,2026-07-29,17:50:00,4047.225,4047.225,4044.315,4044.615,0.0941
1785347700000,2026-07-29,17:55:00,4044.495,4044.905,4041.125,4042.625,0.0398
1785348000000,2026-07-29,18:00:00,4042.775,4084.665,4040.835,4066.515,0.2798
1785348300000,2026-07-29,18:05:00,4066.395,4082.875,4066.025,4076.105,0.1742
1785348600000,2026-07-29,18:10:00,4075.985,4085.875,4071.735,4080.785,0.1376
1785348900000,2026-07-29,18:15:00,4080.895,4083.545,4070.995,4071.575,0.1208
1785349200000,2026-07-29,18:20:00,4071.575,4073.015,4066.135,4066.295,0.2567
1785349500000,2026-07-29,18:25:00,4066.295,4067.975,4063.545,4067.465,0.2425
1785349800000,2026-07-29,18:30:00,4067.445,4072.455,4052.065,4059.445,0.2544
1785350100000,2026-07-29,18:35:00,4059.565,4072.355,4053.315,4070.875,0.1795
1785350400000,2026-07-29,18:40:00,4070.645,4086.405,4069.585,4083.005,0.2253
1785350700000,2026-07-29,18:45:00,4083.005,4100.645,4081.585,4099.235,0.2389
1785351000000,2026-07-29,18:50:00,4099.345,4109.595,4092.555,4104.615,0.2171
1785351300000,2026-07-29,18:55:00,4104.515,4109.255,4100.665,4106.445,0.1683
1785351600000,2026-07-29,19:00:00,4106.985,4116.105,4101.465,4102.845,0.2002
1785351900000,2026-07-29,19:05:00,4103.765,4105.365,4093.455,4096.525,0.1724
1785352200000,2026-07-29,19:10:00,4096.395,4102.055,4089.785,4099.475,0.1683
1785352500000,2026-07-29,19:15:00,4099.345,4104.285,4097.075,4098.215,0.1494
1785352800000,2026-07-29,19:20:00,4098.225,4099.435,4084.925,4087.025,0.1598
1785353100000,2026-07-29,19:25:00,4086.765,4087.485,4080.625,4083.865,0.1709
1785353400000,2026-07-29,19:30:00,4083.855,4088.105,4066.765,4073.085,0.1687
1785353700000,2026-07-29,19:35:00,4073.015,4075.525,4065.835,4068.695,0.1684
1785354000000,2026-07-29,19:40:00,4068.655,4073.135,4065.085,4069.205,0.1634
1785354300000,2026-07-29,19:45:00,4069.105,4071.825,4065.745,4071.345,0.1669
1785354600000,2026-07-29,19:50:00,4071.045,4071.045,4060.925,4061.415,0.1756
1785354900000,2026-07-29,19:55:00,4061.315,4061.395,4044.185,4044.585,0.1582
1785355200000,2026-07-29,20:00:00,4044.365,4052.715,4042.465,4052.605,0.1433
1785355500000,2026-07-29,20:05:00,4052.725,4053.525,4049.095,4052.535,0.0955
1785355800000,2026-07-29,20:10:00,4052.485,4055.835,4049.065,4051.875,0.0865
1785356100000,2026-07-29,20:15:00,4051.915,4051.915,4047.515,4049.005,0.0712
1785356400000,2026-07-29,20:20:00,4049.055,4050.445,4043.625,4048.775,0.0876
1785356700000,2026-07-29,20:25:00,4048.825,4057.215,4048.075,4055.455,0.0751
1785357000000,2026-07-29,20:30:00,4055.335,4059.745,4053.735,4059.285,0.0553
1785357300000,2026-07-29,20:35:00,4059.175,4063.305,4058.115,4063.305,0.0365
1785357600000,2026-07-29,20:40:00,4063.195,4069.105,4062.925,4066.835,0.0333
1785357900000,2026-07-29,20:45:00,4066.955,4069.685,4065.285,4065.825,0.0472
1785358200000,2026-07-29,20:50:00,4065.975,4066.315,4063.155,4065.395,0.0419
1785358500000,2026-07-29,20:55:00,4065.465,4068.185,4064.725,4066.585,0.0332
1785362400000,2026-07-29,22:00:00,4063.105,4075.425,4062.795,4073.385,0.0676
1785362700000,2026-07-29,22:05:00,4073.385,4074.005,4064.08,4069.012,0.0411
1785363000000,2026-07-29,22:10:00,4069.01,4077.555,4068.205,4076.185,0.0352
1785363300000,2026-07-29,22:15:00,4076.205,4077.385,4073.095,4074.205,0.0362
1785363600000,2026-07-29,22:20:00,4073.955,4075.015,4072.355,4074.405,0.0257
1785363900000,2026-07-29,22:25:00,4074.305,4075.125,4072.065,4074.585,0.0319
1785364200000,2026-07-29,22:30:00,4074.685,4075.775,4072.355,4075.265,0.0328
1785364500000,2026-07-29,22:35:00,4075.445,4078.475,4074.915,4075.405,0.0252
1785364800000,2026-07-29,22:40:00,4075.275,4081.005,4075.135,4080.965,0.0277
1785365100000,2026-07-29,22:45:00,4081.095,4085.275,4079.295,4084.565,0.0361
1785365400000,2026-07-29,22:50:00,4084.445,4085.565,4083.245,4084.685,0.0259
1785365700000,2026-07-29,22:55:00,4084.545,4090.265,4084.435,4087.355,0.0303
1785366000000,2026-07-29,23:00:00,4087.375,4094.415,4087.235,4094.075,0.0427
1785366300000,2026-07-29,23:05:00,4094.155,4099.225,4093.155,4095.275,0.0415
1785366600000,2026-07-29,23:10:00,4095.275,4096.425,4090.265,4091.205,0.0337
1785366900000,2026-07-29,23:15:00,4091.315,4094.225,4090.175,4093.375,0.0198
1785367200000,2026-07-29,23:20:00,4093.245,4094.715,4091.765,4091.845,0.0252
1785367500000,2026-07-29,23:25:00,4091.665,4093.925,4090.415,4093.135,0.0204
1785367800000,2026-07-29,23:30:00,4093.275,4093.765,4090.485,4092.775,0.0265
1785368100000,2026-07-29,23:35:00,4092.635,4094.365,4091.885,4091.935,0.0168
1785368400000,2026-07-29,23:40:00,4091.795,4092.015,4088.965,4089.745,0.0467
1785368700000,2026-07-29,23:45:00,4089.975,4092.815,4088.345,4090.475,0.0828
1785369000000,2026-07-29,23:50:00,4090.835,4092.605,4086.065,4087.025,0.0817
1785369300000,2026-07-29,23:55:00,4087.155,4088.215,4084.015,4084.245,0.0709
1785369600000,2026-07-30,00:00:00,4084.745,4086.495,4079.605,4080.495,0.1065
1785369900000,2026-07-30,00:05:00,4080.595,4085.335,4080.035,4082.285,0.0983
1785370200000,2026-07-30,00:10:00,4082.275,4082.925,4078.755,4080.955,0.1075
1785370500000,2026-07-30,00:15:00,4080.955,4083.525,4077.055,4077.205,0.1191
1785370800000,2026-07-30,00:20:00,4077.375,4080.505,4075.185,4080.435,0.0959
1785371100000,2026-07-30,00:25:00,4080.315,4080.655,4072.645,4075.085,0.0937
1785371400000,2026-07-30,00:30:00,4075.215,4076.655,4071.355,4071.975,0.0918
1785371700000,2026-07-30,00:35:00,4071.835,4073.055,4067.905,4069.105,0.0712
1785372000000,2026-07-30,00:40:00,4069.115,4071.005,4064.845,4065.835,0.0691
1785372300000,2026-07-30,00:45:00,4065.935,4068.055,4064.465,4066.735,0.0741
1785372600000,2026-07-30,00:50:00,4066.605,4067.665,4064.825,4067.375,0.0577
1785372900000,2026-07-30,00:55:00,4067.765,4072.725,4066.515,4071.895,0.0684
1785373200000,2026-07-30,01:00:00,4071.915,4089.435,4070.005,4088.835,0.2066
1785373500000,2026-07-30,01:05:00,4088.895,4092.735,4086.185,4086.205,0.2015
1785373800000,2026-07-30,01:10:00,4086.095,4087.715,4074.575,4075.085,0.2066
1785374100000,2026-07-30,01:15:00,4075.225,4078.445,4073.055,4074.935,0.2165
1785374400000,2026-07-30,01:20:00,4075.015,4081.275,4073.575,4080.495,0.2028
1785374700000,2026-07-30,01:25:00,4080.465,4084.515,4079.965,4080.905,0.1592
1785375000000,2026-07-30,01:30:00,4080.905,4086.475,4080.435,4085.675,0.1691
1785375300000,2026-07-30,01:35:00,4085.555,4087.915,4084.135,4087.035,0.1663
1785375600000,2026-07-30,01:40:00,4087.035,4089.625,4086.245,4086.365,0.1519
1785375900000,2026-07-30,01:45:00,4086.545,4089.755,4083.575,4088.555,0.1417
1785376200000,2026-07-30,01:50:00,4088.445,4090.105,4086.475,4088.095,0.1083
1785376500000,2026-07-30,01:55:00,4088.215,4090.675,4083.835,4084.385,0.1253
1785376800000,2026-07-30,02:00:00,4084.315,4090.085,4084.245,4089.365,0.117
1785377100000,2026-07-30,02:05:00,4089.465,4090.105,4087.005,4087.945,0.1097
1785377400000,2026-07-30,02:10:00,4088.045,4088.385,4082.195,4082.375,0.1057
1785377700000,2026-07-30,02:15:00,4082.345,4082.605,4079.635,4082.005,0.1081
1785378000000,2026-07-30,02:20:00,4082.005,4083.575,4080.345,4082.745,0.0945
1785378300000,2026-07-30,02:25:00,4082.745,4083.605,4079.925,4082.575,0.092
1785378600000,2026-07-30,02:30:00,4082.705,4082.825,4075.095,4076.175,0.1543
1785378900000,2026-07-30,02:35:00,4076.105,4078.055,4074.305,4076.315,0.1247
1785379200000,2026-07-30,02:40:00,4076.205,4078.585,4073.355,4076.685,0.1253
1785379500000,2026-07-30,02:45:00,4076.575,4076.935,4073.045,4074.405,0.1052
1785379800000,2026-07-30,02:50:00,4074.115,4074.615,4069.805,4070.805,0.1023
1785380100000,2026-07-30,02:55:00,4070.685,4071.305,4063.035,4063.325,0.1212
1785380400000,2026-07-30,03:00:00,4063.305,4069.495,4062.245,4069.295,0.127
1785380700000,2026-07-30,03:05:00,4069.295,4069.825,4063.815,4064.365,0.1063
1785381000000,2026-07-30,03:10:00,4064.365,4065.285,4060.245,4062.755,0.1328
1785381300000,2026-07-30,03:15:00,4062.885,4063.765,4056.125,4057.545,0.134
1785381600000,2026-07-30,03:20:00,4057.395,4058.355,4055.155,4056.375,0.1482
1785381900000,2026-07-30,03:25:00,4056.445,4057.205,4052.125,4053.615,0.1345
1785382200000,2026-07-30,03:30:00,4053.725,4055.115,4051.245,4053.395,0.1114
1785382500000,2026-07-30,03:35:00,4053.485,4055.745,4050.445,4051.285,0.122
1785382800000,2026-07-30,03:40:00,4051.285,4053.735,4051.025,4052.205,0.0968
1785383100000,2026-07-30,03:45:00,4052.085,4058.385,4052.055,4058.065,0.1226
1785383400000,2026-07-30,03:50:00,4057.795,4059.405,4057.055,4058.055,0.1036
1785383700000,2026-07-30,03:55:00,4057.995,4059.505,4056.335,4058.585,0.091
1785384000000,2026-07-30,04:00:00,4058.535,4059.845,4055.455,4056.345,0.1133
1785384300000,2026-07-30,04:05:00,4056.255,4056.745,4054.365,4056.015,0.0727
1785384600000,2026-07-30,04:10:00,4055.905,4056.565,4052.655,4053.095,0.07
1785384900000,2026-07-30,04:15:00,4052.955,4054.585,4051.645,4052.045,0.0704
1785385200000,2026-07-30,04:20:00,4052.045,4053.585,4050.645,4052.125,0.0843
1785385500000,2026-07-30,04:25:00,4052.285,4054.985,4051.995,4053.835,0.0733
1785385800000,2026-07-30,04:30:00,4053.835,4053.875,4051.155,4051.385,0.0751
1785386100000,2026-07-30,04:35:00,4051.565,4052.055,4048.825,4049.675,0.0797
1785386400000,2026-07-30,04:40:00,4049.675,4050.185,4047.245,4048.335,0.0912
1785386700000,2026-07-30,04:45:00,4048.405,4051.795,4045.735,4046.685,0.0883
1785387000000,2026-07-30,04:50:00,4046.535,4048.185,4045.395,4047.315,0.0809
1785387300000,2026-07-30,04:55:00,4047.185,4047.675,4044.125,4045.825,0.096
1785387600000,2026-07-30,05:00:00,4045.825,4045.965,4041.325,4044.445,0.1169
1785387900000,2026-07-30,05:05:00,4044.515,4045.135,4041.355,4044.785,0.1172
1785388200000,2026-07-30,05:10:00,4044.585,4045.735,4043.555,4045.695,0.0889
1785388500000,2026-07-30,05:15:00,4045.575,4046.115,4037.235,4041.615,0.1219
1785388800000,2026-07-30,05:20:00,4041.755,4044.355,4040.975,4043.615,0.0885
1785389100000,2026-07-30,05:25:00,4043.725,4047.005,4042.645,4046.685,0.0788
1785389400000,2026-07-30,05:30:00,4046.585,4051.265,4044.975,4047.875,0.178
1785389700000,2026-07-30,05:35:00,4047.755,4047.785,4028.155,4031.355,0.2098
1785390000000,2026-07-30,05:40:00,4031.085,4036.705,4029.585,4033.175,0.1671
1785390300000,2026-07-30,05:45:00,4033.075,4038.205,4030.335,4031.815,0.1549
1785390600000,2026-07-30,05:50:00,4031.925,4035.015,4030.015,4032.945,0.134
1785390900000,2026-07-30,05:55:00,4032.915,4035.935,4029.755,4033.465,0.1303
1785391200000,2026-07-30,06:00:00,4033.505,4038.065,4033.435,4037.965,0.1277
1785391500000,2026-07-30,06:05:00,4038.065,4039.325,4034.875,4035.455,0.095
1785391800000,2026-07-30,06:10:00,4035.555,4036.875,4031.185,4032.305,0.11
1785392100000,2026-07-30,06:15:00,4032.215,4034.065,4030.485,4033.505,0.0742
1785392400000,2026-07-30,06:20:00,4033.505,4039.285,4033.025,4037.285,0.0772
1785392700000,2026-07-30,06:25:00,4037.425,4037.425,4029.135,4033.095,0.09
1785393000000,2026-07-30,06:30:00,4032.975,4036.575,4030.835,4035.225,0.0761
1785393300000,2026-07-30,06:35:00,4035.105,4036.975,4033.825,4036.885,0.0582
1785393600000,2026-07-30,06:40:00,4037.005,4038.005,4034.095,4035.635,0.0665
1785393900000,2026-07-30,06:45:00,4035.635,4037.615,4033.995,4036.275,0.0686
1785394200000,2026-07-30,06:50:00,4036.275,4040.425,4035.755,4038.385,0.0676
1785394500000,2026-07-30,06:55:00,4038.235,4038.665,4034.885,4036.505,0.0915
1785394800000,2026-07-30,07:00:00,4036.085,4047.715,4035.175,4044.505,0.219
1785395100000,2026-07-30,07:05:00,4044.545,4045.375,4042.265,4045.265,0.1743
1785395400000,2026-07-30,07:10:00,4045.615,4047.445,4043.755,4046.555,0.1615
1785395700000,2026-07-30,07:15:00,4046.585,4051.195,4046.365,4049.525,0.1557
1785396000000,2026-07-30,07:20:00,4049.365,4050.085,4044.275,4047.975,0.137
1785396300000,2026-07-30,07:25:00,4047.795,4047.985,4042.735,4045.605,0.1511
1785396600000,2026-07-30,07:30:00,4045.595,4045.885,4039.945,4041.025,0.1337
1785396900000,2026-07-30,07:35:00,4041.025,4042.115,4035.955,4040.345,0.1488
1785397200000,2026-07-30,07:40:00,4040.385,4047.095,4040.335,4045.655,0.1387
1785397500000,2026-07-30,07:45:00,4045.685,4046.465,4041.395,4041.615,0.126
1785397800000,2026-07-30,07:50:00,4041.505,4045.425,4039.995,4040.695,0.1369
1785398100000,2026-07-30,07:55:00,4040.695,4040.955,4037.965,4038.765,0.1216
1785398400000,2026-07-30,08:00:00,4038.705,4045.735,4036.595,4045.735,0.1769
1785398700000,2026-07-30,08:05:00,4045.985,4053.505,4044.845,4050.185,0.1969
1785399000000,2026-07-30,08:10:00,4050.395,4055.975,4049.175,4052.965,0.1561
1785399300000,2026-07-30,08:15:00,4052.925,4056.755,4051.995,4056.605,0.1425
1785399600000,2026-07-30,08:20:00,4056.575,4063.735,4055.625,4059.975,0.1622
1785399900000,2026-07-30,08:25:00,4059.975,4068.245,4059.815,4064.235,0.1862
1785400200000,2026-07-30,08:30:00,4064.325,4072.675,4063.185,4067.965,0.206
1785400500000,2026-07-30,08:35:00,4067.965,4071.575,4064.285,4064.425,0.1605
1785400800000,2026-07-30,08:40:00,4064.425,4066.565,4062.765,4065.605,0.1371
1785401100000,2026-07-30,08:45:00,4065.625,4070.865,4063.235,4063.615,0.1352
1785401400000,2026-07-30,08:50:00,4063.655,4064.075,4059.455,4059.985,0.1175
1785401700000,2026-07-30,08:55:00,4059.985,4061.785,4059.185,4061.175,0.1039
1785402000000,2026-07-30,09:00:00,4061.285,4067.215,4060.155,4066.195,0.125
1785402300000,2026-07-30,09:05:00,4066.175,4068.695,4065.545,4067.345,0.1205
1785402600000,2026-07-30,09:10:00,4067.405,4068.715,4064.775,4065.655,0.1128
1785402900000,2026-07-30,09:15:00,4065.705,4067.235,4064.265,4066.635,0.1434
1785403200000,2026-07-30,09:20:00,4066.605,4072.045,4066.385,4070.035,0.1406
1785403500000,2026-07-30,09:25:00,4070.005,4072.245,4066.895,4067.395,0.1058
1785403800000,2026-07-30,09:30:00,4067.395,4067.995,4060.325,4066.065,0.1362
1785404100000,2026-07-30,09:35:00,4066.065,4068.945,4064.805,4065.005,0.1209
1785404400000,2026-07-30,09:40:00,4065.025,4065.725,4064.205,4065.235,0.1124
1785404700000,2026-07-30,09:45:00,4065.375,4069.205,4063.505,4069.055,0.0897
1785405000000,2026-07-30,09:50:00,4069.155,4072.935,4066.605,4066.745,0.1226
1785405300000,2026-07-30,09:55:00,4066.645,4066.975,4062.095,4063.115,0.1013
1785405600000,2026-07-30,10:00:00,4063.275,4067.945,4062.845,4064.745,0.1328
1785405900000,2026-07-30,10:05:00,4064.705,4072.105,4064.325,4070.965,0.1218
1785406200000,2026-07-30,10:10:00,4071.025,4074.505,4063.935,4068.175,0.185
1785406500000,2026-07-30,10:15:00,4068.295,4077.375,4067.395,4075.295,0.174
1785406800000,2026-07-30,10:20:00,4075.385,4077.245,4074.075,4076.085,0.1368
1785407100000,2026-07-30,10:25:00,4076.115,4077.435,4075.075,4076.205,0.1178
1785407400000,2026-07-30,10:30:00,4076.255,4078.845,4075.065,4077.385,0.125
1785407700000,2026-07-30,10:35:00,4077.275,4081.075,4076.465,4076.995,0.1226
1785408000000,2026-07-30,10:40:00,4076.935,4082.525,4076.685,4080.995,0.1889
1785408300000,2026-07-30,10:45:00,4080.985,4083.095,4079.465,4079.645,0.1266
1785408600000,2026-07-30,10:50:00,4079.675,4081.735,4077.795,4078.925,0.1328
1785408900000,2026-07-30,10:55:00,4078.965,4079.905,4077.845,4077.845,0.0831
1785409200000,2026-07-30,11:00:00,4077.715,4080.855,4077.425,4078.705,0.1335
1785409500000,2026-07-30,11:05:00,4078.665,4082.575,4078.625,4081.755,0.1184
1785409800000,2026-07-30,11:10:00,4081.775,4082.835,4078.515,4079.525,0.1081
1785410100000,2026-07-30,11:15:00,4079.525,4081.745,4077.695,4077.725,0.0965
1785410400000,2026-07-30,11:20:00,4077.805,4081.415,4076.495,4081.255,0.1092
1785410700000,2026-07-30,11:25:00,4081.315,4081.555,4076.315,4077.255,0.1047
1785411000000,2026-07-30,11:30:00,4077.525,4078.655,4076.055,4077.015,0.1298
1785411300000,2026-07-30,11:35:00,4077.145,4079.205,4076.745,4077.565,0.0994
1785411600000,2026-07-30,11:40:00,4077.465,4079.315,4076.785,4077.345,0.0965
1785411900000,2026-07-30,11:45:00,4077.345,4077.765,4075.465,4076.375,0.0917
1785412200000,2026-07-30,11:50:00,4076.405,4080.555,4076.175,4080.195,0.1173
1785412500000,2026-07-30,11:55:00,4080.065,4080.205,4076.475,4077.555,0.1119
1785412800000,2026-07-30,12:00:00,4077.535,4079.345,4074.535,4078.115,0.1446
1785413100000,2026-07-30,12:05:00,4078.115,4082.405,4078.115,4081.485,0.1258
1785413400000,2026-07-30,12:10:00,4081.645,4081.645,4074.695,4078.605,0.1463
1785413700000,2026-07-30,12:15:00,4078.715,4078.715,4072.805,4074.855,0.1348
1785414000000,2026-07-30,12:20:00,4074.855,4076.245,4071.415,4076.155,0.1457
1785414300000,2026-07-30,12:25:00,4076.085,4081.165,4076.085,4076.305,0.1098
1785414600000,2026-07-30,12:30:00,4076.315,4086.415,4071.555,4073.365,0.1754
1785414900000,2026-07-30,12:35:00,4073.385,4078.085,4071.795,4077.745,0.2128
1785415200000,2026-07-30,12:40:00,4077.855,4081.645,4073.705,4076.995,0.2102
1785415500000,2026-07-30,12:45:00,4077.045,4079.175,4072.885,4075.175,0.1901
1785415800000,2026-07-30,12:50:00,4075.205,4076.755,4066.935,4069.775,0.205
1785416100000,2026-07-30,12:55:00,4069.725,4073.575,4068.055,4068.755,0.1925
1785416400000,2026-07-30,13:00:00,4068.895,4073.825,4064.895,4067.945,0.2258
1785416700000,2026-07-30,13:05:00,4067.945,4076.415,4066.355,4073.305,0.2022
1785417000000,2026-07-30,13:10:00,4073.385,4076.515,4069.645,4076.515,0.1913
1785417300000,2026-07-30,13:15:00,4076.405,4077.175,4072.775,4073.095,0.1754
1785417600000,2026-07-30,13:20:00,4073.095,4083.775,4071.945,4081.985,0.203
1785417900000,2026-07-30,13:25:00,4082.355,4082.735,4073.975,4080.035,0.2081
1785418200000,2026-07-30,13:30:00,4079.745,4081.635,4075.135,4075.465,0.2505
1785418500000,2026-07-30,13:35:00,4075.515,4098.285,4074.655,4091.115,0.2858
1785418800000,2026-07-30,13:40:00,4091.145,4096.075,4084.715,4088.405,0.2871
1785419100000,2026-07-30,13:45:00,4088.575,4101.315,4085.365,4094.695,0.2752
1785419400000,2026-07-30,13:50:00,4094.565,4102.695,4093.045,4102.085,0.1718
1785419700000,2026-07-30,13:55:00,4102.285,4112.495,4100.685,4112.055,0.1807
1785420000000,2026-07-30,14:00:00,4111.845,4120.16,4106.075,4107.385,0.2227
1785420300000,2026-07-30,14:05:00,4107.605,4109.485,4093.605,4098.895,0.1918
1785420600000,2026-07-30,14:10:00,4098.765,4102.195,4096.115,4097.965,0.1513
1785420900000,2026-07-30,14:15:00,4098.095,4099.935,4090.045,4090.355,0.1516
1785421200000,2026-07-30,14:20:00,4090.475,4098.035,4086.955,4089.405,0.1588
1785421500000,2026-07-30,14:25:00,4089.295,4095.975,4086.775,4095.865,0.1233
1785421800000,2026-07-30,14:30:00,4095.935,4102.635,4094.515,4099.865,0.1336
1785422100000,2026-07-30,14:35:00,4099.975,4105.875,4099.675,4105.835,0.1061
1785422400000,2026-07-30,14:40:00,4105.675,4111.145,4103.865,4110.595,0.1171
1785422700000,2026-07-30,14:45:00,4110.475,4112.775,4101.485,4104.265,0.1183
1785423000000,2026-07-30,14:50:00,4104.005,4104.625,4098.305,4099.445,0.1183
1785423300000,2026-07-30,14:55:00,4099.335,4100.805,4096.215,4099.865,0.2352
1785423600000,2026-07-30,15:00:00,4099.865,4100.095,4096.045,4097.235,0.2579
1785423900000,2026-07-30,15:05:00,4097.235,4098.275,4089.605,4090.585,0.2411
1785424200000,2026-07-30,15:10:00,4090.585,4090.585,4082.965,4085.335,0.2526
1785424500000,2026-07-30,15:15:00,4085.225,4096.675,4084.475,4095.675,0.2488
1785424800000,2026-07-30,15:20:00,4095.675,4097.035,4091.935,4093.815,0.2196
1785425100000,2026-07-30,15:25:00,4093.835,4096.605,4091.835,4095.825,0.205
1785425400000,2026-07-30,15:30:00,4095.985,4099.915,4092.405,4099.205,0.216
1785425700000,2026-07-30,15:35:00,4099.375,4100.675,4097.685,4098.775,0.1779
1785426000000,2026-07-30,15:40:00,4098.995,4106.745,4098.615,4105.215,0.1931
1785426300000,2026-07-30,15:45:00,4105.225,4106.715,4103.325,4105.845,0.1705
1785426600000,2026-07-30,15:50:00,4105.835,4107.905,4104.485,4106.975,0.1548
1785426900000,2026-07-30,15:55:00,4107.075,4109.935,4106.755,4108.025,0.1606
1785427200000,2026-07-30,16:00:00,4108.025,4115.615,4107.615,4114.815,0.1928
1785427500000,2026-07-30,16:05:00,4114.885,4115.155,4111.005,4111.185,0.1595
1785427800000,2026-07-30,16:10:00,4111.065,4115.715,4108.915,4113.965,0.146
1785428100000,2026-07-30,16:15:00,4113.885,4115.895,4113.725,4113.745,0.1229
1785428400000,2026-07-30,16:20:00,4113.985,4119.105,4113.455,4118.715,0.1487
1785428700000,2026-07-30,16:25:00,4118.665,4118.785,4115.435,4115.865,0.1267
1785429000000,2026-07-30,16:30:00,4115.815,4116.225,4112.505,4113.045,0.1498
1785429300000,2026-07-30,16:35:00,4113.175,4114.715,4110.035,4110.555,0.1412
1785429600000,2026-07-30,16:40:00,4110.555,4111.975,4108.175,4108.435,0.161
1785429900000,2026-07-30,16:45:00,4108.435,4109.505,4107.045,4109.405,0.1273
1785430200000,2026-07-30,16:50:00,4109.405,4110.075,4106.465,4107.805,0.1212
1785430500000,2026-07-30,16:55:00,4107.805,4110.525,4107.195,4110.525,0.114
1785430800000,2026-07-30,17:00:00,4110.545,4111.075,4106.585,4107.495,0.158
1785431100000,2026-07-30,17:05:00,4107.615,4108.535,4106.445,4107.355,0.1085
1785431400000,2026-07-30,17:10:00,4107.345,4108.465,4104.665,4104.675,0.123
1785431700000,2026-07-30,17:15:00,4104.695,4106.705,4103.595,4106.205,0.1336
1785432000000,2026-07-30,17:20:00,4106.205,4108.025,4104.405,4107.865,0.1219
1785432300000,2026-07-30,17:25:00,4107.655,4107.945,4098.115,4101.545,0.1567
1785432600000,2026-07-30,17:30:00,4100.605,4102.335,4100.005,4100.575,0.1285
1785432900000,2026-07-30,17:35:00,4100.775,4108.025,4099.745,4102.665,0.1994
1785433200000,2026-07-30,17:40:00,4102.655,4106.555,4102.415,4105.755,0.1828
1785433500000,2026-07-30,17:45:00,4105.695,4108.325,4103.995,4103.995,0.1258
1785433800000,2026-07-30,17:50:00,4104.005,4104.455,4102.535,4102.985,0.1171
1785434100000,2026-07-30,17:55:00,4103.025,4103.425,4100.985,4102.435,0.1138
1785434400000,2026-07-30,18:00:00,4102.455,4105.875,4102.445,4105.575,0.1169
1785434700000,2026-07-30,18:05:00,4105.575,4106.535,4104.335,4106.095,0.1208
1785435000000,2026-07-30,18:10:00,4106.045,4106.635,4104.735,4106.255,0.1205
1785435300000,2026-07-30,18:15:00,4106.215,4106.555,4103.615,4103.945,0.1267
1785435600000,2026-07-30,18:20:00,4103.945,4105.305,4101.355,4101.985,0.122
1785435900000,2026-07-30,18:25:00,4102.025,4103.525,4100.575,4103.325,0.1206
1785436200000,2026-07-30,18:30:00,4103.325,4107.585,4102.745,4106.325,0.1063
1785436500000,2026-07-30,18:35:00,4106.265,4106.265,4104.265,4104.425,0.103
1785436800000,2026-07-30,18:40:00,4104.395,4105.655,4103.795,4104.705,0.0883
1785437100000,2026-07-30,18:45:00,4104.705,4105.075,4100.225,4100.585,0.094
1785437400000,2026-07-30,18:50:00,4100.585,4101.135,4098.535,4098.695,0.0959
1785437700000,2026-07-30,18:55:00,4098.695,4099.975,4098.605,4099.465,0.0815
1785438000000,2026-07-30,19:00:00,4099.415,4103.305,4098.625,4103.275,0.1131
1785438300000,2026-07-30,19:05:00,4103.335,4105.165,4102.435,4105.085,0.0982
1785438600000,2026-07-30,19:10:00,4104.945,4105.445,4102.845,4104.495,0.1138
1785438900000,2026-07-30,19:15:00,4104.455,4112.835,4102.725,4110.465,0.1508
1785439200000,2026-07-30,19:20:00,4110.465,4111.455,4109.285,4111.055,0.0991
1785439500000,2026-07-30,19:25:00,4110.955,4114.735,4110.515,4112.655,0.1119
1785439800000,2026-07-30,19:30:00,4112.565,4114.335,4112.155,4114.335,0.1125
1785440100000,2026-07-30,19:35:00,4114.335,4115.175,4111.815,4112.595,0.0942
1785440400000,2026-07-30,19:40:00,4112.635,4113.905,4111.315,4112.025,0.0898
1785440700000,2026-07-30,19:45:00,4112.045,4112.935,4110.975,4112.165,0.0944
1785441000000,2026-07-30,19:50:00,4112.255,4112.715,4109.355,4109.395,0.115
1785441300000,2026-07-30,19:55:00,4109.245,4112.425,4108.995,4111.775,0.148
1785441600000,2026-07-30,20:00:00,4111.825,4117.185,4109.775,4117.105,0.1749
1785441900000,2026-07-30,20:05:00,4116.875,4117.001,4113.455,4114.135,0.0911
1785442200000,2026-07-30,20:10:00,4114.095,4115.295,4112.765,4113.615,0.079
1785442500000,2026-07-30,20:15:00,4113.755,4114.605,4111.895,4113.455,0.08
1785442800000,2026-07-30,20:20:00,4113.455,4113.855,4112.245,4113.115,0.0606
1785443100000,2026-07-30,20:25:00,4113.135,4113.955,4111.325,4111.595,0.0591
1785443400000,2026-07-30,20:30:00,4112.105,4112.275,4107.445,4108.915,0.1166
1785443700000,2026-07-30,20:35:00,4108.655,4108.705,4106.075,4106.625,0.0756
1785444000000,2026-07-30,20:40:00,4106.855,4107.115,4102.085,4102.515,0.0806
1785444300000,2026-07-30,20:45:00,4102.515,4103.305,4099.655,4099.755,0.0213
1785444600000,2026-07-30,20:50:00,4099.865,4102.545,4098.835,4101.275,0.0204
1785444900000,2026-07-30,20:55:00,4101.305,4103.595,4100.535,4102.795,0.0191
1785448800000,2026-07-30,22:00:00,4104.315,4106.605,4100.675,4102.705,0.0381
1785449100000,2026-07-30,22:05:00,4102.715,4105.425,4102.175,4105.145,0.0149
1785449400000,2026-07-30,22:10:00,4105.145,4107.445,4103.015,4106.535,0.0284
1785449700000,2026-07-30,22:15:00,4106.575,4108.295,4105.11,4108.095,0.0326
1785450000000,2026-07-30,22:20:00,4107.965,4108.215,4106.985,4107.785,0.0237
1785450300000,2026-07-30,22:25:00,4107.905,4108.565,4106.725,4107.575,0.0198
1785450600000,2026-07-30,22:30:00,4106.165,4108.275,4106.035,4107.735,0.0223
1785450900000,2026-07-30,22:35:00,4107.795,4110.535,4107.325,4109.945,0.0211
1785451200000,2026-07-30,22:40:00,4109.825,4110.48,4109.225,4110.205,0.0149
1785451500000,2026-07-30,22:45:00,4110.315,4110.895,4108.705,4110.545,0.0209
1785451800000,2026-07-30,22:50:00,4110.475,4111.295,4109.685,4110.805,0.0165
1785452100000,2026-07-30,22:55:00,4110.805,4110.905,4108.615,4108.675,0.0224
1785452400000,2026-07-30,23:00:00,4108.675,4110.735,4108.675,4110.235,0.041
1785452700000,2026-07-30,23:05:00,4110.195,4111.305,4108.475,4109.045,0.0296
1785453000000,2026-07-30,23:10:00,4109.055,4109.235,4106.185,4106.945,0.0217
1785453300000,2026-07-30,23:15:00,4107.045,4107.145,4105.555,4106.415,0.02
1785453600000,2026-07-30,23:20:00,4106.305,4106.955,4104.065,4105.715,0.0286
1785453900000,2026-07-30,23:25:00,4105.595,4106.435,4103.415,4103.835,0.0245
1785454200000,2026-07-30,23:30:00,4104.125,4104.975,4103.135,4103.835,0.03
1785454500000,2026-07-30,23:35:00,4103.745,4105.625,4101.735,4105.545,0.0363
1785454800000,2026-07-30,23:40:00,4105.385,4107.435,4104.745,4105.775,0.0218
1785455100000,2026-07-30,23:45:00,4105.915,4109.695,4105.915,4108.045,0.035
1785455400000,2026-07-30,23:50:00,4108.005,4109.005,4106.055,4106.815,0.0382
1785455700000,2026-07-30,23:55:00,4106.815,4107.085,4105.075,4105.605,0.0303
1785456000000,2026-07-31,00:00:00,4105.865,4106.755,4101.245,4104.465,0.0941
1785456300000,2026-07-31,00:05:00,4104.465,4104.925,4101.375,4102.695,0.0694
1785456600000,2026-07-31,00:10:00,4102.805,4103.645,4100.155,4100.915,0.0524
1785456900000,2026-07-31,00:15:00,4100.675,4102.275,4099.725,4101.025,0.058
1785457200000,2026-07-31,00:20:00,4100.905,4103.585,4098.585,4102.485,0.086
1785457500000,2026-07-31,00:25:00,4102.485,4102.605,4095.555,4096.215,0.0679
1785457800000,2026-07-31,00:30:00,4096.085,4097.215,4092.975,4093.515,0.0705
1785458100000,2026-07-31,00:35:00,4093.645,4093.645,4091.405,4092.435,0.0672
1785458400000,2026-07-31,00:40:00,4092.265,4093.195,4090.105,4092.685,0.0671
1785458700000,2026-07-31,00:45:00,4092.685,4093.895,4090.205,4093.145,0.0814
1785459000000,2026-07-31,00:50:00,4093.115,4094.945,4092.505,4092.935,0.0698
1785459300000,2026-07-31,00:55:00,4093.085,4095.765,4092.185,4094.405,0.0676
1785459600000,2026-07-31,01:00:00,4094.555,4101.105,4094.435,4097.765,0.1435
1785459900000,2026-07-31,01:05:00,4097.655,4101.325,4094.985,4097.745,0.1313
1785460200000,2026-07-31,01:10:00,4097.745,4097.745,4088.265,4088.795,0.1308
1785460500000,2026-07-31,01:15:00,4088.695,4094.095,4086.315,4093.715,0.1157
1785460800000,2026-07-31,01:20:00,4093.685,4094.725,4090.655,4092.005,0.1016
1785461100000,2026-07-31,01:25:00,4091.885,4094.365,4090.305,4091.745,0.0869
1785461400000,2026-07-31,01:30:00,4091.855,4091.985,4086.585,4087.805,0.1091
1785461700000,2026-07-31,01:35:00,4087.655,4088.115,4083.435,4084.635,0.09
1785462000000,2026-07-31,01:40:00,4084.355,4087.265,4084.065,4085.555,0.0751
1785462300000,2026-07-31,01:45:00,4085.065,4089.355,4083.145,4083.675,0.0906
1785462600000,2026-07-31,01:50:00,4083.805,4085.445,4081.635,4084.675,0.0983
1785462900000,2026-07-31,01:55:00,4084.815,4087.225,4084.205,4084.245,0.086
1785463200000,2026-07-31,02:00:00,4084.265,4086.215,4081.365,4085.265,0.092
1785463500000,2026-07-31,02:05:00,4085.105,4089.025,4085.105,4088.735,0.0737
1785463800000,2026-07-31,02:10:00,4088.635,4090.295,4085.245,4085.415,0.0862
1785464100000,2026-07-31,02:15:00,4085.535,4085.535,4081.145,4082.245,0.0708
1785464400000,2026-07-31,02:20:00,4082.285,4084.045,4082.005,4082.295,0.0429
1785464700000,2026-07-31,02:25:00,4082.325,4082.905,4081.365,4081.915,0.0332
1785465000000,2026-07-31,02:30:00,4081.815,4084.005,4080.705,4081.685,0.0666
1785465300000,2026-07-31,02:35:00,4081.795,4082.385,4080.665,4082.035,0.0724
1785465600000,2026-07-31,02:40:00,4082.135,4082.465,4075.035,4075.115,0.0832
1785465900000,2026-07-31,02:45:00,4075.395,4077.825,4074.365,4077.095,0.0937
1785466200000,2026-07-31,02:50:00,4077.285,4077.395,4073.755,4076.305,0.0603
1785466500000,2026-07-31,02:55:00,4076.415,4078.225,4075.675,4075.845,0.054
1785466800000,2026-07-31,03:00:00,4075.475,4075.945,4073.025,4073.115,0.0606
1785467100000,2026-07-31,03:05:00,4073.205,4076.035,4073.115,4074.395,0.0603
1785467400000,2026-07-31,03:10:00,4074.395,4075.435,4071.595,4073.305,0.0997
1785467700000,2026-07-31,03:15:00,4073.205,4073.665,4071.905,4073.345,0.0631
1785468000000,2026-07-31,03:20:00,4073.435,4074.155,4072.315,4073.575,0.0562
1785468300000,2026-07-31,03:25:00,4073.465,4075.855,4072.475,4074.945,0.0563
1785468600000,2026-07-31,03:30:00,4074.845,4076.855,4074.585,4076.675,0.0654
1785468900000,2026-07-31,03:35:00,4076.425,4079.445,4074.705,4078.425,0.0644
1785469200000,2026-07-31,03:40:00,4078.535,4078.535,4075.025,4076.045,0.0451
1785469500000,2026-07-31,03:45:00,4076.005,4077.245,4075.175,4075.495,0.0496
1785469800000,2026-07-31,03:50:00,4075.335,4076.535,4074.425,4074.735,0.0392
1785470100000,2026-07-31,03:55:00,4074.935,4075.355,4073.995,4074.855,0.033
1785470400000,2026-07-31,04:00:00,4074.855,4075.695,4073.555,4074.275,0.0467
1785470700000,2026-07-31,04:05:00,4074.385,4074.835,4073.045,4074.725,0.0372
1785471000000,2026-07-31,04:10:00,4074.835,4076.715,4072.815,4076.515,0.0461
1785471300000,2026-07-31,04:15:00,4076.495,4077.495,4075.435,4075.875,0.0369
1785471600000,2026-07-31,04:20:00,4075.725,4078.505,4074.055,4078.395,0.0528
1785471900000,2026-07-31,04:25:00,4078.235,4080.035,4077.325,4079.815,0.0419
1785472200000,2026-07-31,04:30:00,4080.035,4080.895,4078.925,4079.665,0.0433
1785472500000,2026-07-31,04:35:00,4079.485,4081.055,4079.375,4080.895,0.0332
1785472800000,2026-07-31,04:40:00,4080.895,4081.055,4078.895,4078.925,0.0296
1785473100000,2026-07-31,04:45:00,4078.925,4079.385,4075.095,4075.235,0.0517
1785473400000,2026-07-31,04:50:00,4075.145,4077.835,4074.395,4077.835,0.0425
1785473700000,2026-07-31,04:55:00,4077.675,4080.025,4077.315,4079.865,0.0316
1785474000000,2026-07-31,05:00:00,4079.845,4082.435,4079.535,4082.325,0.0507
1785474300000,2026-07-31,05:05:00,4082.145,4083.075,4080.665,4081.545,0.0416
1785474600000,2026-07-31,05:10:00,4081.305,4082.075,4079.375,4079.535,0.0338
1785474900000,2026-07-31,05:15:00,4079.635,4082.145,4079.225,4081.555,0.0385
1785475200000,2026-07-31,05:20:00,4081.655,4082.665,4080.185,4082.245,0.0326
1785475500000,2026-07-31,05:25:00,4082.355,4082.355,4079.735,4080.505,0.0301
1785475800000,2026-07-31,05:30:00,4080.675,4081.505,4078.455,4078.985,0.088
1785476100000,2026-07-31,05:35:00,4078.855,4081.135,4077.195,4079.275,0.089
1785476400000,2026-07-31,05:40:00,4079.555,4079.995,4075.655,4076.095,0.0759
1785476700000,2026-07-31,05:45:00,4076.025,4076.125,4073.465,4075.315,0.0679
1785477000000,2026-07-31,05:50:00,4075.355,4075.735,4073.105,4075.345,0.065
1785477300000,2026-07-31,05:55:00,4075.275,4075.835,4073.085,4073.965,0.0765
1785477600000,2026-07-31,06:00:00,4074.065,4077.855,4072.575,4077.855,0.0541
1785477900000,2026-07-31,06:05:00,4077.745,4082.175,4077.545,4081.725,0.0455
1785478200000,2026-07-31,06:10:00,4081.625,4082.685,4080.005,4082.095,0.0321
1785478500000,2026-07-31,06:15:00,4082.115,4087.205,4080.975,4086.435,0.0671
1785478800000,2026-07-31,06:20:00,4086.305,4087.185,4082.225,4083.495,0.0337
1785479100000,2026-07-31,06:25:00,4083.345,4086.175,4081.805,4084.665,0.0543
1785479400000,2026-07-31,06:30:00,4084.685,4084.865,4077.155,4078.055,0.0719
1785479700000,2026-07-31,06:35:00,4078.175,4079.805,4076.935,4078.805,0.0533
1785480000000,2026-07-31,06:40:00,4078.805,4079.095,4077.455,4077.875,0.0389
1785480300000,2026-07-31,06:45:00,4077.985,4081.515,4076.685,4077.795,0.0675
1785480600000,2026-07-31,06:50:00,4077.685,4078.655,4076.185,4078.475,0.0493
1785480900000,2026-07-31,06:55:00,4078.345,4079.135,4077.305,4077.375,0.0859
1785481200000,2026-07-31,07:00:00,4077.235,4077.925,4075.285,4077.715,0.097
1785481500000,2026-07-31,07:05:00,4077.685,4078.965,4077.005,4078.185,0.0857
1785481800000,2026-07-31,07:10:00,4078.185,4078.485,4075.165,4077.385,0.0796
1785482100000,2026-07-31,07:15:00,4077.335,4079.015,4076.145,4078.575,0.0919
1785482400000,2026-07-31,07:20:00,4078.465,4078.605,4074.345,4074.725,0.0832
1785482700000,2026-07-31,07:25:00,4074.875,4075.835,4071.785,4072.455,0.0752
1785483000000,2026-07-31,07:30:00,4072.505,4072.725,4069.075,4069.565,0.0981
1785483300000,2026-07-31,07:35:00,4069.615,4072.385,4068.025,4071.865,0.0929
1785483600000,2026-07-31,07:40:00,4071.905,4073.795,4071.495,4072.045,0.0722
1785483900000,2026-07-31,07:45:00,4072.135,4074.265,4071.095,4071.805,0.0929
1785484200000,2026-07-31,07:50:00,4071.785,4072.375,4069.485,4071.015,0.0851
1785484500000,2026-07-31,07:55:00,4070.975,4071.805,4067.415,4067.455,0.0786
1785484800000,2026-07-31,08:00:00,4067.885,4067.954,4062.445,4062.935,0.144
1785485100000,2026-07-31,08:05:00,4063.035,4065.195,4062.705,4064.605,0.107
1785485400000,2026-07-31,08:10:00,4064.695,4065.195,4061.045,4062.025,0.0909
1785485700000,2026-07-31,08:15:00,4061.995,4066.355,4060.835,4066.045,0.1076
1785486000000,2026-07-31,08:20:00,4066.015,4067.235,4059.265,4060.065,0.1084
1785486300000,2026-07-31,08:25:00,4060.135,4061.295,4057.775,4058.475,0.1145
1785486600000,2026-07-31,08:30:00,4058.465,4059.305,4054.105,4057.115,0.1173
1785486900000,2026-07-31,08:35:00,4057.095,4060.025,4057.045,4059.565,0.0943
1785487200000,2026-07-31,08:40:00,4059.555,4061.305,4057.935,4059.075,0.0816
1785487500000,2026-07-31,08:45:00,4059.075,4062.685,4057.605,4061.015,0.0841
1785487800000,2026-07-31,08:50:00,4061.035,4061.995,4057.975,4058.115,0.0705
1785488100000,2026-07-31,08:55:00,4058.315,4064.375,4058.095,4060.865,0.1503
1785488400000,2026-07-31,09:00:00,4060.835,4063.775,4060.335,4060.405,0.1712
1785488700000,2026-07-31,09:05:00,4060.435,4061.655,4057.805,4057.805,0.1334
1785489000000,2026-07-31,09:10:00,4057.555,4057.995,4055.105,4056.575,0.1024
1785489300000,2026-07-31,09:15:00,4056.685,4057.065,4054.335,4055.525,0.0914
1785489600000,2026-07-31,09:20:00,4055.535,4057.265,4051.605,4052.435,0.0981
1785489900000,2026-07-31,09:25:00,4052.465,4053.185,4051.115,4052.175,0.1161
1785490200000,2026-07-31,09:30:00,4052.025,4054.515,4051.015,4051.115,0.0959
1785490500000,2026-07-31,09:35:00,4051.135,4052.135,4050.125,4051.325,0.0864
1785490800000,2026-07-31,09:40:00,4051.345,4052.975,4050.915,4052.935,0.0687
1785491100000,2026-07-31,09:45:00,4052.935,4056.835,4052.145,4056.495,0.0806
1785491400000,2026-07-31,09:50:00,4056.485,4057.045,4055.615,4055.615,0.059
1785491700000,2026-07-31,09:55:00,4055.565,4055.885,4053.655,4054.895,0.0655
1785492000000,2026-07-31,10:00:00,4054.835,4056.335,4053.045,4056.055,0.0789
1785492300000,2026-07-31,10:05:00,4056.095,4058.205,4055.665,4057.775,0.0768
1785492600000,2026-07-31,10:10:00,4057.745,4057.755,4055.475,4055.625,0.0669
1785492900000,2026-07-31,10:15:00,4055.625,4055.865,4052.375,4053.255,0.0573
1785493200000,2026-07-31,10:20:00,4053.315,4054.805,4051.815,4051.975,0.0527
1785493500000,2026-07-31,10:25:00,4052.125,4054.445,4052.105,4053.025,0.0569
1785493800000,2026-07-31,10:30:00,4052.945,4056.305,4052.785,4054.835,0.0673
1785494100000,2026-07-31,10:35:00,4054.885,4056.255,4052.785,4053.555,0.0713
1785494400000,2026-07-31,10:40:00,4053.575,4055.385,4052.995,4054.615,0.0593
1785494700000,2026-07-31,10:45:00,4054.425,4056.905,4054.425,4055.915,0.0558
1785495000000,2026-07-31,10:50:00,4055.895,4056.035,4054.175,4054.445,0.0578
1785495300000,2026-07-31,10:55:00,4054.485,4055.095,4053.555,4054.315,0.0663
1785495600000,2026-07-31,11:00:00,4054.205,4055.445,4051.935,4055.375,0.1085
1785495900000,2026-07-31,11:05:00,4055.335,4057.495,4053.635,4057.085,0.0749
1785496200000,2026-07-31,11:10:00,4057.095,4059.105,4056.595,4056.855,0.0706
1785496500000,2026-07-31,11:15:00,4056.855,4058.425,4053.785,4056.645,0.1316
1785496800000,2026-07-31,11:20:00,4056.625,4060.865,4055.925,4060.505,0.0924
1785497100000,2026-07-31,11:25:00,4060.455,4060.585,4057.525,4058.625,0.0914
1785497400000,2026-07-31,11:30:00,4058.575,4058.625,4053.325,4054.125,0.1127
1785497700000,2026-07-31,11:35:00,4054.135,4055.445,4052.615,4052.985,0.091
1785498000000,2026-07-31,11:40:00,4052.955,4053.155,4050.295,4051.925,0.0968
1785498300000,2026-07-31,11:45:00,4051.835,4053.335,4051.155,4052.245,0.0797
1785498600000,2026-07-31,11:50:00,4052.245,4054.725,4052.035,4054.685,0.0693
1785498900000,2026-07-31,11:55:00,4054.645,4055.345,4053.155,4053.425,0.0727
1785499200000,2026-07-31,12:00:00,4053.905,4057.865,4052.315,4057.865,0.1074
1785499500000,2026-07-31,12:05:00,4057.865,4058.945,4056.355,4056.925,0.1039
1785499800000,2026-07-31,12:10:00,4056.955,4059.075,4055.275,4058.955,0.0872
1785500100000,2026-07-31,12:15:00,4058.945,4059.235,4055.355,4056.335,0.0915
1785500400000,2026-07-31,12:20:00,4056.495,4058.355,4049.775,4050.575,0.1192
1785500700000,2026-07-31,12:25:00,4050.605,4052.015,4046.845,4046.845,0.1015
1785501000000,2026-07-31,12:30:00,4046.965,4051.285,4044.235,4048.165,0.1833
1785501300000,2026-07-31,12:35:00,4048.165,4051.475,4044.035,4044.325,0.1513
1785501600000,2026-07-31,12:40:00,4044.465,4045.205,4042.405,4044.435,0.1265
1785501900000,2026-07-31,12:45:00,4044.375,4045.455,4041.415,4041.435,0.1295
1785502200000,2026-07-31,12:50:00,4041.535,4046.175,4040.785,4045.245,0.1452
1785502500000,2026-07-31,12:55:00,4045.165,4045.165,4040.425,4040.705,0.1179
1785502800000,2026-07-31,13:00:00,4040.615,4042.495,4036.195,4039.455,0.2331
1785503100000,2026-07-31,13:05:00,4039.555,4040.025,4035.065,4036.445,0.1682
1785503400000,2026-07-31,13:10:00,4036.435,4037.855,4034.565,4036.035,0.144
1785503700000,2026-07-31,13:15:00,4036.125,4038.275,4035.375,4037.525,0.1235
1785504000000,2026-07-31,13:20:00,4037.335,4046.815,4035.595,4045.125,0.2033
1785504300000,2026-07-31,13:25:00,4045.165,4045.415,4040.205,4042.405,0.1918
1785504600000,2026-07-31,13:30:00,4042.285,4043.695,4035.045,4035.465,0.2538
1785504900000,2026-07-31,13:35:00,4035.285,4036.995,4026.705,4027.515,0.2408
1785505200000,2026-07-31,13:40:00,4027.385,4030.095,4022.435,4024.765,0.2471
1785505500000,2026-07-31,13:45:00,4024.715,4028.515,4021.985,4023.115,0.243
1785505800000,2026-07-31,13:50:00,4023.175,4029.035,4022.105,4028.515,0.2551
1785506100000,2026-07-31,13:55:00,4028.635,4032.105,4025.215,4025.295,0.2223
1785506400000,2026-07-31,14:00:00,4025.275,4032.075,4024.995,4029.535,0.2435
1785506700000,2026-07-31,14:05:00,4029.585,4029.865,4020.545,4026.845,0.2648
1785507000000,2026-07-31,14:10:00,4026.915,4032.255,4025.535,4031.895,0.2834
1785507300000,2026-07-31,14:15:00,4031.805,4034.985,4029.645,4033.125,0.2864
1785507600000,2026-07-31,14:20:00,4033.105,4038.395,4032.145,4035.285,0.2728
1785507900000,2026-07-31,14:25:00,4035.125,4040.045,4034.985,4038.575,0.2435
1785508200000,2026-07-31,14:30:00,4038.755,4040.545,4036.435,4040.195,0.2311
1785508500000,2026-07-31,14:35:00,4040.185,4042.395,4039.135,4040.705,0.2056
1785508800000,2026-07-31,14:40:00,4040.845,4042.885,4039.835,4041.335,0.2125
1785509100000,2026-07-31,14:45:00,4041.245,4045.485,4040.825,4043.805,0.209
1785509400000,2026-07-31,14:50:00,4043.845,4048.845,4042.625,4046.035,0.2267
1785509700000,2026-07-31,14:55:00,4045.945,4050.065,4044.725,4049.005,0.2248
1785510000000,2026-07-31,15:00:00,4049.105,4050.565,4044.345,4044.865,0.2462
1785510300000,2026-07-31,15:05:00,4044.775,4049.015,4044.245,4045.555,0.2259
1785510600000,2026-07-31,15:10:00,4045.675,4047.445,4042.595,4046.895,0.2348
1785510900000,2026-07-31,15:15:00,4046.795,4052.505,4041.985,4045.065,0.2353
1785511200000,2026-07-31,15:20:00,4045.195,4045.835,4041.895,4042.705,0.2041
1785511500000,2026-07-31,15:25:00,4042.825,4044.485,4039.965,4041.045,0.2113
1785511800000,2026-07-31,15:30:00,4040.995,4042.105,4036.545,4038.455,0.2051
1785512100000,2026-07-31,15:35:00,4038.515,4042.975,4037.125,4042.045,0.1992
1785512400000,2026-07-31,15:40:00,4042.185,4043.425,4040.435,4042.015,0.1912
1785512700000,2026-07-31,15:45:00,4042.125,4042.775,4039.845,4040.175,0.2002
1785513000000,2026-07-31,15:50:00,4040.155,4046.055,4039.755,4045.255,0.1868
1785513300000,2026-07-31,15:55:00,4045.125,4046.615,4044.615,4045.375,0.1651
1785513600000,2026-07-31,16:00:00,4045.375,4046.085,4043.305,4043.955,0.1603
1785513900000,2026-07-31,16:05:00,4043.855,4044.535,4041.165,4043.925,0.1432
1785514200000,2026-07-31,16:10:00,4043.825,4046.705,4043.475,4046.135,0.1609
1785514500000,2026-07-31,16:15:00,4046.185,4046.485,4042.985,4045.015,0.1557
1785514800000,2026-07-31,16:20:00,4044.955,4047.495,4044.775,4046.035,0.1472
1785515100000,2026-07-31,16:25:00,4045.935,4048.385,4044.275,4047.345,0.1393
1785515400000,2026-07-31,16:30:00,4047.465,4049.355,4046.855,4048.865,0.1263
1785515700000,2026-07-31,16:35:00,4048.875,4049.765,4046.565,4046.575,0.1257
1785516000000,2026-07-31,16:40:00,4046.615,4047.385,4041.035,4042.335,0.1445
1785516300000,2026-07-31,16:45:00,4042.415,4044.395,4041.975,4043.715,0.1223
1785516600000,2026-07-31,16:50:00,4043.825,4044.985,4042.955,4043.365,0.1105
1785516900000,2026-07-31,16:55:00,4043.205,4043.795,4042.005,4043.185,0.1058
1785517200000,2026-07-31,17:00:00,4043.195,4045.495,4042.275,4042.765,0.1267
1785517500000,2026-07-31,17:05:00,4042.705,4044.325,4041.725,4041.835,0.1087
1785517800000,2026-07-31,17:10:00,4041.815,4046.275,4041.325,4045.395,0.1192
1785518100000,2026-07-31,17:15:00,4045.215,4047.095,4044.685,4046.635,0.1126
1785518400000,2026-07-31,17:20:00,4046.655,4048.455,4044.835,4047.495,0.1136
1785518700000,2026-07-31,17:25:00,4047.455,4053.405,4044.995,4050.235,0.2118
1785519000000,2026-07-31,17:30:00,4050.405,4053.035,4047.775,4047.815,0.1963
1785519300000,2026-07-31,17:35:00,4047.795,4051.245,4047.455,4049.945,0.1548
1785519600000,2026-07-31,17:40:00,4049.895,4052.205,4049.635,4051.895,0.1246
1785519900000,2026-07-31,17:45:00,4051.775,4054.545,4049.965,4052.305,0.192
1785520200000,2026-07-31,17:50:00,4052.185,4054.565,4051.895,4052.585,0.1548
1785520500000,2026-07-31,17:55:00,4052.495,4054.125,4052.205,4053.445,0.1186
1785520800000,2026-07-31,18:00:00,4053.275,4055.025,4051.895,4052.195,0.1468
1785521100000,2026-07-31,18:05:00,4052.155,4052.355,4049.505,4051.265,0.1498
1785521400000,2026-07-31,18:10:00,4051.165,4051.325,4046.905,4047.965,0.1264
1785521700000,2026-07-31,18:15:00,4047.885,4050.485,4047.465,4049.695,0.1177
1785522000000,2026-07-31,18:20:00,4049.745,4051.315,4049.125,4051.205,0.1075
1785522300000,2026-07-31,18:25:00,4051.145,4051.575,4049.885,4050.885,0.111
1785522600000,2026-07-31,18:30:00,4050.695,4051.205,4048.905,4048.985,0.0772
1785522900000,2026-07-31,18:35:00,4048.925,4051.565,4047.725,4050.595,0.0721
1785523200000,2026-07-31,18:40:00,4050.615,4051.375,4049.235,4049.235,0.0745
1785523500000,2026-07-31,18:45:00,4049.215,4049.915,4047.985,4049.705,0.0722
1785523800000,2026-07-31,18:50:00,4049.665,4051.415,4049.635,4049.955,0.0676
1785524100000,2026-07-31,18:55:00,4049.965,4050.945,4049.155,4050.565,0.0837
1785524400000,2026-07-31,19:00:00,4050.535,4052.775,4048.555,4048.925,0.0989
1785524700000,2026-07-31,19:05:00,4048.915,4049.465,4048.025,4049.345,0.0644
1785525000000,2026-07-31,19:10:00,4049.275,4049.825,4046.725,4047.825,0.068
1785525300000,2026-07-31,19:15:00,4047.825,4048.865,4046.875,4048.775,0.0792
1785525600000,2026-07-31,19:20:00,4048.735,4049.645,4047.705,4048.885,0.0848
1785525900000,2026-07-31,19:25:00,4048.985,4050.435,4048.695,4050.305,0.063
1785526200000,2026-07-31,19:30:00,4050.315,4051.445,4048.785,4050.095,0.0922
1785526500000,2026-07-31,19:35:00,4050.095,4051.345,4049.475,4049.655,0.0846
1785526800000,2026-07-31,19:40:00,4049.645,4054.555,4049.405,4053.935,0.1011
1785527100000,2026-07-31,19:45:00,4053.935,4055.535,4053.135,4054.785,0.1104
1785527400000,2026-07-31,19:50:00,4054.685,4054.775,4050.675,4050.845,0.1591
1785527700000,2026-07-31,19:55:00,4050.905,4052.525,4049.925,4050.695,0.171
1785528000000,2026-07-31,20:00:00,4050.685,4051.685,4048.435,4048.555,0.1205
1785528300000,2026-07-31,20:05:00,4048.555,4048.555,4044.955,4046.865,0.079
1785528600000,2026-07-31,20:10:00,4046.665,4047.685,4046.095,4047.505,0.0457
1785528900000,2026-07-31,20:15:00,4047.615,4048.175,4046.135,4047.685,0.0517
1785529200000,2026-07-31,20:20:00,4047.675,4048.605,4047.325,4047.625,0.0367
1785529500000,2026-07-31,20:25:00,4047.485,4047.965,4046.175,4047.905,0.0381
1785529800000,2026-07-31,20:30:00,4047.905,4050.845,4046.945,4050.285,0.0513
1785530100000,2026-07-31,20:35:00,4050.285,4052.705,4050.225,4050.755,0.0686
1785530400000,2026-07-31,20:40:00,4050.745,4051.965,4050.305,4050.875,0.0597
1785530700000,2026-07-31,20:45:00,4051.065,4051.985,4050.385,4051.015,0.0467
1785531000000,2026-07-31,20:50:00,4051.015,4051.765,4044.165,4046.025,0.1299
1785531300000,2026-07-31,20:55:00,4046.025,4046.695,4035.085,4043.235,0.1198
