timestamp,date,time,open,high,low,close,volume
1727740800000,2024-10-01,00:00:00,2635.595,2636.125,2635.255,2635.815,0.0677
1727741100000,2024-10-01,00:05:00,2635.805,2636.495,2635.745,2636.365,0.0691
1727741400000,2024-10-01,00:10:00,2636.345,2636.508,2635.935,2636.305,0.1602
1727741700000,2024-10-01,00:15:00,2636.318,2636.358,2635.278,2635.725,0.1876
1727742000000,2024-10-01,00:20:00,2635.618,2635.925,2635.085,2635.905,0.0981
1727742300000,2024-10-01,00:25:00,2635.905,2636.275,2635.465,2636.255,0.0638
1727742600000,2024-10-01,00:30:00,2636.215,2636.605,2635.555,2635.795,0.0512
1727742900000,2024-10-01,00:35:00,2635.775,2635.945,2634.445,2634.535,0.0543
1727743200000,2024-10-01,00:40:00,2634.535,2635.135,2633.815,2635.115,0.0485
1727743500000,2024-10-01,00:45:00,2635.205,2636.605,2635.115,2636.445,0.0495
1727743800000,2024-10-01,00:50:00,2636.415,2636.655,2635.425,2636.165,0.0561
1727744100000,2024-10-01,00:55:00,2636.085,2637.025,2636.045,2636.255,0.0918
1727744400000,2024-10-01,01:00:00,2636.258,2636.868,2635.345,2636.745,0.1503
1727744700000,2024-10-01,01:05:00,2636.745,2637.035,2636.145,2636.715,0.1621
1727745000000,2024-10-01,01:10:00,2636.715,2636.798,2636.084,2636.384,0.1455
1727745300000,2024-10-01,01:15:00,2636.395,2636.758,2636.235,2636.495,0.0384
1727745600000,2024-10-01,01:20:00,2636.525,2637.248,2636.275,2637.235,0.0553
1727745900000,2024-10-01,01:25:00,2637.215,2637.805,2636.958,2637.475,0.0908
1727746200000,2024-10-01,01:30:00,2637.485,2637.945,2637.405,2637.495,0.049
1727746500000,2024-10-01,01:35:00,2637.545,2638.495,2637.345,2638.265,0.0437
1727746800000,2024-10-01,01:40:00,2638.305,2638.688,2637.954,2638.145,0.0763
1727747100000,2024-10-01,01:45:00,2638.165,2638.825,2638.095,2638.405,0.0497
1727747400000,2024-10-01,01:50:00,2638.435,2639.045,2638.335,2639.015,0.0436
1727747700000,2024-10-01,01:55:00,2639.045,2639.675,2638.855,2639.675,0.0638
1727748000000,2024-10-01,02:00:00,2639.675,2639.905,2638.115,2638.748,0.0944
1727748300000,2024-10-01,02:05:00,2638.778,2638.945,2637.858,2638.145,0.1298
1727748600000,2024-10-01,02:10:00,2638.145,2638.615,2637.945,2638.095,0.0519
1727748900000,2024-10-01,02:15:00,2638.095,2639.045,2638.095,2638.505,0.0573
1727749200000,2024-10-01,02:20:00,2638.465,2638.514,2636.695,2636.855,0.0555
1727749500000,2024-10-01,02:25:00,2636.855,2637.265,2636.275,2637.145,0.0589
1727749800000,2024-10-01,02:30:00,2637.145,2637.215,2635.345,2635.455,0.0954
1727750100000,2024-10-01,02:35:00,2635.455,2636.035,2634.865,2635.975,0.0683
1727750400000,2024-10-01,02:40:00,2635.975,2637.755,2635.535,2637.755,0.0502
1727750700000,2024-10-01,02:45:00,2637.725,2638.798,2637.535,2638.795,0.0872
1727751000000,2024-10-01,02:50:00,2638.818,2639.075,2636.848,2637.215,0.172
1727751300000,2024-10-01,02:55:00,2637.215,2637.245,2636.208,2636.318,0.1059
1727751600000,2024-10-01,03:00:00,2636.285,2636.645,2635.358,2636.145,0.0902
1727751900000,2024-10-01,03:05:00,2636.165,2636.185,2635.234,2635.448,0.1379
1727752200000,2024-10-01,03:10:00,2635.478,2635.724,2635.195,2635.355,0.0964
1727752500000,2024-10-01,03:15:00,2635.395,2636.015,2635.185,2635.875,0.0336
1727752800000,2024-10-01,03:20:00,2635.915,2636.005,2635.345,2635.475,0.0587
1727753100000,2024-10-01,03:25:00,2635.475,2636.325,2635.475,2636.015,0.0666
1727753400000,2024-10-01,03:30:00,2636.015,2636.275,2635.355,2635.725,0.0989
1727753700000,2024-10-01,03:35:00,2635.715,2635.995,2634.415,2634.655,0.0887
1727754000000,2024-10-01,03:40:00,2634.635,2636.755,2634.445,2636.735,0.0832
1727754300000,2024-10-01,03:45:00,2636.735,2638.225,2636.195,2638.165,0.0942
1727754600000,2024-10-01,03:50:00,2638.075,2638.398,2637.815,2638.315,0.1316
1727754900000,2024-10-01,03:55:00,2638.325,2638.508,2637.765,2637.845,0.1009
1727755200000,2024-10-01,04:00:00,2637.845,2638.355,2637.335,2638.035,0.1346
1727755500000,2024-10-01,04:05:00,2638.035,2638.865,2638.025,2638.455,0.2201
1727755800000,2024-10-01,04:10:00,2638.435,2638.504,2637.855,2638.298,0.0631
1727756100000,2024-10-01,04:15:00,2638.298,2638.765,2638.208,2638.408,0.0969
1727756400000,2024-10-01,04:20:00,2638.388,2638.658,2637.945,2638.118,0.0888
1727756700000,2024-10-01,04:25:00,2638.118,2638.765,2637.985,2638.295,0.0534
1727757000000,2024-10-01,04:30:00,2638.345,2639.315,2638.195,2638.805,0.0469
1727757300000,2024-10-01,04:35:00,2638.805,2639.605,2638.715,2639.385,0.0337
1727757600000,2024-10-01,04:40:00,2639.405,2640.285,2639.385,2639.895,0.0602
1727757900000,2024-10-01,04:45:00,2639.885,2639.945,2638.635,2639.054,0.0788
1727758200000,2024-10-01,04:50:00,2639.125,2639.274,2638.598,2639.224,0.0885
1727758500000,2024-10-01,04:55:00,2639.274,2639.578,2638.924,2639.464,0.1346
1727758800000,2024-10-01,05:00:00,2639.458,2640.124,2639.408,2639.795,0.1994
1727759100000,2024-10-01,05:05:00,2639.825,2640.875,2639.825,2640.795,0.0385
1727759400000,2024-10-01,05:10:00,2640.865,2642.485,2640.715,2642.264,0.132
1727759700000,2024-10-01,05:15:00,2642.275,2642.745,2641.825,2642.705,0.0858
1727760000000,2024-10-01,05:20:00,2642.705,2642.705,2641.845,2641.945,0.0688
1727760300000,2024-10-01,05:25:00,2641.965,2643.128,2641.965,2642.684,0.1068
1727760600000,2024-10-01,05:30:00,2642.705,2643.115,2642.058,2642.195,0.0668
1727760900000,2024-10-01,05:35:00,2642.195,2643.414,2642.195,2642.775,0.0835
1727761200000,2024-10-01,05:40:00,2642.785,2643.718,2642.725,2643.635,0.108
1727761500000,2024-10-01,05:45:00,2643.635,2643.745,2642.465,2642.735,0.1153
1727761800000,2024-10-01,05:50:00,2642.745,2644.185,2642.195,2642.274,0.1716
1727762100000,2024-10-01,05:55:00,2642.274,2643.475,2641.958,2642.955,0.1127
1727762400000,2024-10-01,06:00:00,2642.975,2644.055,2642.885,2643.325,0.136
1727762700000,2024-10-01,06:05:00,2643.325,2643.885,2642.505,2643.765,0.0817
1727763000000,2024-10-01,06:10:00,2643.785,2644.505,2643.425,2643.575,0.1749
1727763300000,2024-10-01,06:15:00,2643.588,2643.795,2642.628,2643.115,0.1541
1727763600000,2024-10-01,06:20:00,2643.185,2643.965,2642.585,2643.625,0.1041
1727763900000,2024-10-01,06:25:00,2643.625,2645.428,2643.625,2644.515,0.1301
1727764200000,2024-10-01,06:30:00,2644.495,2645.215,2644.295,2645.065,0.0917
1727764500000,2024-10-01,06:35:00,2645.085,2645.395,2644.585,2644.615,0.0936
1727764800000,2024-10-01,06:40:00,2644.615,2644.745,2643.795,2644.295,0.0833
1727765100000,2024-10-01,06:45:00,2644.325,2645.265,2644.065,2645.115,0.1402
1727765400000,2024-10-01,06:50:00,2645.105,2645.365,2644.425,2644.805,0.2054
1727765700000,2024-10-01,06:55:00,2644.805,2645.295,2644.415,2645.165,0.3135
1727766000000,2024-10-01,07:00:00,2645.205,2645.805,2644.375,2644.385,0.1457
1727766300000,2024-10-01,07:05:00,2644.415,2645.525,2643.845,2644.815,0.1875
1727766600000,2024-10-01,07:10:00,2644.925,2645.115,2642.845,2643.028,0.2545
1727766900000,2024-10-01,07:15:00,2643.025,2643.335,2641.738,2642.035,0.2815
1727767200000,2024-10-01,07:20:00,2642.005,2643.285,2641.885,2642.795,0.1297
1727767500000,2024-10-01,07:25:00,2642.795,2643.575,2642.185,2642.525,0.111
1727767800000,2024-10-01,07:30:00,2642.545,2643.505,2642.205,2642.745,0.0962
1727768100000,2024-10-01,07:35:00,2642.815,2643.765,2641.605,2643.765,0.1131
1727768400000,2024-10-01,07:40:00,2643.775,2644.285,2642.675,2643.965,0.1235
1727768700000,2024-10-01,07:45:00,2643.958,2645.025,2643.565,2644.215,0.3841
1727769000000,2024-10-01,07:50:00,2644.305,2645.665,2644.055,2645.595,0.1034
1727769300000,2024-10-01,07:55:00,2645.665,2647.318,2645.205,2645.485,0.3264
1727769600000,2024-10-01,08:00:00,2645.505,2646.655,2644.435,2644.515,0.2742
1727769900000,2024-10-01,08:05:00,2644.515,2644.785,2644.065,2644.255,0.1254
1727770200000,2024-10-01,08:10:00,2644.325,2645.005,2644.195,2644.285,0.2528
1727770500000,2024-10-01,08:15:00,2644.325,2644.375,2642.415,2642.985,0.3134
1727770800000,2024-10-01,08:20:00,2642.965,2644.225,2642.295,2643.745,0.1924
1727771100000,2024-10-01,08:25:00,2643.755,2644.795,2643.335,2644.405,0.1943
1727771400000,2024-10-01,08:30:00,2644.405,2645.145,2644.005,2644.765,0.2799
1727771700000,2024-10-01,08:35:00,2644.765,2645.125,2644.045,2644.235,0.2766
1727772000000,2024-10-01,08:40:00,2644.205,2644.915,2643.835,2644.535,0.2942
1727772300000,2024-10-01,08:45:00,2644.585,2644.825,2644.175,2644.565,0.3697
1727772600000,2024-10-01,08:50:00,2644.535,2644.665,2643.955,2644.625,0.2154
1727772900000,2024-10-01,08:55:00,2644.555,2646.458,2644.275,2646.425,0.2695
1727773200000,2024-10-01,09:00:00,2646.445,2647.288,2645.935,2646.055,0.2964
1727773500000,2024-10-01,09:05:00,2646.045,2647.155,2645.258,2646.505,0.3429
1727773800000,2024-10-01,09:10:00,2646.555,2647.478,2646.225,2646.905,0.235
1727774100000,2024-10-01,09:15:00,2646.915,2648.315,2646.895,2647.695,0.1548
1727774400000,2024-10-01,09:20:00,2647.708,2647.815,2646.945,2647.485,0.2981
1727774700000,2024-10-01,09:25:00,2647.485,2647.608,2646.465,2646.975,0.2719
1727775000000,2024-10-01,09:30:00,2646.945,2648.878,2646.725,2648.635,0.3033
1727775300000,2024-10-01,09:35:00,2648.645,2648.845,2647.735,2647.835,0.0889
1727775600000,2024-10-01,09:40:00,2647.695,2647.845,2646.495,2646.805,0.1257
1727775900000,2024-10-01,09:45:00,2646.925,2648.215,2645.945,2648.065,0.1852
1727776200000,2024-10-01,09:50:00,2648.045,2648.875,2647.218,2648.085,0.1619
1727776500000,2024-10-01,09:55:00,2648.085,2649.145,2647.995,2648.565,0.1197
1727776800000,2024-10-01,10:00:00,2648.565,2649.275,2648.345,2648.925,0.0775
1727777100000,2024-10-01,10:05:00,2648.925,2649.958,2648.825,2649.215,0.1291
1727777400000,2024-10-01,10:10:00,2649.205,2649.895,2649.055,2649.485,0.2426
1727777700000,2024-10-01,10:15:00,2649.485,2649.678,2648.858,2649.445,0.217
1727778000000,2024-10-01,10:20:00,2649.445,2649.998,2649.015,2649.445,0.1668
1727778300000,2024-10-01,10:25:00,2649.445,2650.385,2648.925,2648.925,0.091
1727778600000,2024-10-01,10:30:00,2648.925,2649.465,2648.715,2649.198,0.0753
1727778900000,2024-10-01,10:35:00,2649.198,2649.198,2648.155,2648.855,0.0778
1727779200000,2024-10-01,10:40:00,2648.865,2649.015,2648.225,2648.758,0.0916
1727779500000,2024-10-01,10:45:00,2648.755,2649.328,2648.635,2649.125,0.2623
1727779800000,2024-10-01,10:50:00,2649.135,2649.428,2648.645,2648.665,0.2073
1727780100000,2024-10-01,10:55:00,2648.635,2650.235,2648.635,2650.225,0.0867
1727780400000,2024-10-01,11:00:00,2650.245,2650.695,2649.285,2650.095,0.1027
1727780700000,2024-10-01,11:05:00,2650.095,2651.385,2650.015,2650.695,0.1391
1727781000000,2024-10-01,11:10:00,2650.695,2651.615,2650.555,2651.335,0.1217
1727781300000,2024-10-01,11:15:00,2651.335,2651.605,2650.415,2650.675,0.0956
1727781600000,2024-10-01,11:20:00,2650.705,2650.828,2648.835,2648.985,0.2431
1727781900000,2024-10-01,11:25:00,2648.985,2648.985,2647.708,2648.065,0.3208
1727782200000,2024-10-01,11:30:00,2648.065,2648.445,2646.785,2647.065,0.1725
1727782500000,2024-10-01,11:35:00,2647.065,2648.875,2647.065,2648.735,0.1572
1727782800000,2024-10-01,11:40:00,2648.735,2648.905,2647.565,2648.425,0.1326
1727783100000,2024-10-01,11:45:00,2648.425,2650.295,2648.095,2650.295,0.2062
1727783400000,2024-10-01,11:50:00,2650.295,2651.955,2649.745,2651.615,0.4003
1727783700000,2024-10-01,11:55:00,2651.645,2651.695,2649.775,2650.178,0.389
1727784000000,2024-10-01,12:00:00,2650.115,2652.288,2650.048,2651.735,0.3326
1727784300000,2024-10-01,12:05:00,2651.735,2653.795,2651.595,2653.355,0.2968
1727784600000,2024-10-01,12:10:00,2653.375,2655.055,2652.865,2654.208,0.4998
1727784900000,2024-10-01,12:15:00,2654.195,2655.255,2653.455,2654.595,0.2152
1727785200000,2024-10-01,12:20:00,2654.775,2656.178,2654.345,2655.935,0.1756
1727785500000,2024-10-01,12:25:00,2655.915,2656.555,2653.928,2655.735,0.275
1727785800000,2024-10-01,12:30:00,2655.765,2655.765,2653.455,2653.605,0.3349
1727786100000,2024-10-01,12:35:00,2653.548,2654.595,2653.005,2653.365,0.3723
1727786400000,2024-10-01,12:40:00,2653.365,2655.155,2653.275,2653.645,0.1958
1727786700000,2024-10-01,12:45:00,2653.605,2654.225,2652.864,2654.098,0.348
1727787000000,2024-10-01,12:50:00,2653.935,2654.938,2652.565,2652.814,0.3864
1727787300000,2024-10-01,12:55:00,2652.824,2653.218,2650.605,2651.435,0.4476
1727787600000,2024-10-01,13:00:00,2651.435,2651.865,2650.085,2650.435,0.4961
1727787900000,2024-10-01,13:05:00,2650.465,2650.755,2647.865,2648.155,0.4847
1727788200000,2024-10-01,13:10:00,2648.115,2650.655,2647.975,2649.915,0.5549
1727788500000,2024-10-01,13:15:00,2649.925,2651.465,2649.345,2651.055,0.5204
1727788800000,2024-10-01,13:20:00,2651.075,2652.555,2650.805,2652.495,0.5632
1727789100000,2024-10-01,13:25:00,2652.515,2653.985,2651.545,2653.885,0.353
1727789400000,2024-10-01,13:30:00,2653.895,2665.415,2652.395,2663.215,0.7524
1727789700000,2024-10-01,13:35:00,2663.235,2668.185,2661.165,2661.624,0.9805
1727790000000,2024-10-01,13:40:00,2661.678,2667.205,2660.848,2662.124,0.6414
1727790300000,2024-10-01,13:45:00,2662.135,2667.348,2661.708,2667.145,0.6677
1727790600000,2024-10-01,13:50:00,2667.145,2670.504,2664.865,2670.065,0.6362
1727790900000,2024-10-01,13:55:00,2669.975,2671.735,2667.458,2667.528,0.4163
1727791200000,2024-10-01,14:00:00,2667.615,2669.755,2663.345,2665.645,0.8875
1727791500000,2024-10-01,14:05:00,2665.675,2667.745,2664.074,2664.855,0.4359
1727791800000,2024-10-01,14:10:00,2664.795,2667.655,2661.258,2665.715,0.4701
1727792100000,2024-10-01,14:15:00,2665.825,2665.945,2657.248,2658.845,0.4995
1727792400000,2024-10-01,14:20:00,2658.835,2663.174,2657.874,2661.855,0.7144
1727792700000,2024-10-01,14:25:00,2661.945,2665.455,2661.325,2665.165,0.6902
1727793000000,2024-10-01,14:30:00,2665.195,2666.065,2662.585,2664.855,0.9419
1727793300000,2024-10-01,14:35:00,2664.774,2664.785,2660.538,2661.475,0.6032
1727793600000,2024-10-01,14:40:00,2661.415,2663.565,2661.245,2662.748,0.4755
1727793900000,2024-10-01,14:45:00,2662.745,2664.215,2660.728,2661.578,0.4824
1727794200000,2024-10-01,14:50:00,2661.575,2662.455,2659.915,2660.685,0.4468
1727794500000,2024-10-01,14:55:00,2660.674,2660.674,2658.258,2658.895,0.3416
1727794800000,2024-10-01,15:00:00,2658.925,2659.865,2657.778,2659.085,0.6902
1727795100000,2024-10-01,15:05:00,2659.085,2660.905,2654.125,2654.158,0.6628
1727795400000,2024-10-01,15:10:00,2654.158,2660.694,2653.778,2660.365,0.596
1727795700000,2024-10-01,15:15:00,2660.424,2663.764,2660.024,2663.508,0.6528
1727796000000,2024-10-01,15:20:00,2663.505,2664.065,2662.298,2663.955,0.5077
1727796300000,2024-10-01,15:25:00,2663.934,2665.284,2663.765,2664.844,0.4569
1727796600000,2024-10-01,15:30:00,2664.905,2665.188,2661.908,2664.205,0.3418
1727796900000,2024-10-01,15:35:00,2664.205,2664.635,2660.305,2663.715,0.2416
1727797200000,2024-10-01,15:40:00,2663.715,2663.765,2659.025,2660.085,0.351
1727797500000,2024-10-01,15:45:00,2659.985,2662.285,2659.595,2661.105,0.1933
1727797800000,2024-10-01,15:50:00,2661.155,2662.115,2660.065,2661.785,0.1736
1727798100000,2024-10-01,15:55:00,2661.785,2663.395,2661.395,2663.315,0.143
1727798400000,2024-10-01,16:00:00,2663.275,2663.815,2661.135,2661.198,0.2331
1727798700000,2024-10-01,16:05:00,2661.198,2664.675,2661.145,2664.615,0.1331
1727799000000,2024-10-01,16:10:00,2664.655,2665.128,2664.215,2664.435,0.2445
1727799300000,2024-10-01,16:15:00,2664.444,2664.895,2663.405,2663.788,0.253
1727799600000,2024-10-01,16:20:00,2663.828,2664.625,2662.355,2664.615,0.2187
1727799900000,2024-10-01,16:25:00,2664.638,2667.465,2664.505,2664.864,0.5049
1727800200000,2024-10-01,16:30:00,2664.864,2670.514,2663.948,2666.625,0.528
1727800500000,2024-10-01,16:35:00,2666.604,2671.374,2666.045,2671.228,0.3785
1727800800000,2024-10-01,16:40:00,2671.204,2671.228,2667.925,2669.494,0.5554
1727801100000,2024-10-01,16:45:00,2669.524,2672.908,2668.334,2671.204,0.4199
1727801400000,2024-10-01,16:50:00,2671.184,2671.584,2669.575,2669.745,0.4144
1727801700000,2024-10-01,16:55:00,2669.745,2670.884,2665.815,2666.315,0.3849
1727802000000,2024-10-01,17:00:00,2666.315,2666.875,2664.105,2664.765,0.3886
1727802300000,2024-10-01,17:05:00,2664.768,2668.125,2664.575,2667.104,0.3333
1727802600000,2024-10-01,17:10:00,2667.074,2671.045,2666.658,2671.045,0.4068
1727802900000,2024-10-01,17:15:00,2671.045,2671.574,2667.195,2667.688,0.4672
1727803200000,2024-10-01,17:20:00,2667.675,2668.404,2665.885,2666.995,0.2893
1727803500000,2024-10-01,17:25:00,2667.015,2669.664,2666.415,2668.195,0.4402
1727803800000,2024-10-01,17:30:00,2668.225,2668.848,2663.258,2663.795,0.409
1727804100000,2024-10-01,17:35:00,2663.775,2664.935,2661.144,2661.635,0.382
1727804400000,2024-10-01,17:40:00,2661.685,2665.365,2661.208,2665.115,0.511
1727804700000,2024-10-01,17:45:00,2665.185,2665.585,2661.455,2662.055,0.3662
1727805000000,2024-10-01,17:50:00,2662.098,2663.475,2661.355,2662.855,0.2201
1727805300000,2024-10-01,17:55:00,2662.858,2663.385,2661.595,2662.298,0.2159
1727805600000,2024-10-01,18:00:00,2662.224,2663.655,2661.935,2662.008,0.297
1727805900000,2024-10-01,18:05:00,2662.028,2662.618,2659.945,2659.985,0.2376
1727806200000,2024-10-01,18:10:00,2659.985,2660.505,2657.425,2658.945,0.1823
1727806500000,2024-10-01,18:15:00,2658.965,2659.285,2657.635,2659.155,0.1431
1727806800000,2024-10-01,18:20:00,2659.175,2661.405,2659.095,2661.075,0.1245
1727807100000,2024-10-01,18:25:00,2661.065,2661.638,2660.738,2661.615,0.1948
1727807400000,2024-10-01,18:30:00,2661.598,2663.548,2661.598,2663.295,0.3237
1727807700000,2024-10-01,18:35:00,2663.295,2664.865,2662.805,2663.545,0.2067
1727808000000,2024-10-01,18:40:00,2663.545,2663.908,2662.185,2663.228,0.2238
1727808300000,2024-10-01,18:45:00,2663.215,2663.385,2661.798,2662.018,0.1936
1727808600000,2024-10-01,18:50:00,2662.018,2662.018,2660.328,2661.815,0.2039
1727808900000,2024-10-01,18:55:00,2661.815,2661.815,2660.188,2660.945,0.2459
1727809200000,2024-10-01,19:00:00,2660.924,2662.935,2660.818,2662.695,0.3976
1727809500000,2024-10-01,19:05:00,2662.715,2662.968,2661.935,2662.438,0.1935
1727809800000,2024-10-01,19:10:00,2662.385,2662.488,2661.585,2661.948,0.1821
1727810100000,2024-10-01,19:15:00,2661.935,2663.075,2661.075,2662.795,0.2179
1727810400000,2024-10-01,19:20:00,2662.765,2663.558,2662.765,2663.518,0.2141
1727810700000,2024-10-01,19:25:00,2663.455,2664.185,2663.118,2663.438,0.1718
1727811000000,2024-10-01,19:30:00,2663.438,2663.458,2661.875,2661.888,0.2286
1727811300000,2024-10-01,19:35:00,2661.875,2661.998,2661.008,2661.628,0.2413
1727811600000,2024-10-01,19:40:00,2661.668,2661.998,2659.935,2660.188,0.1909
1727811900000,2024-10-01,19:45:00,2660.198,2660.298,2659.285,2660.175,0.2563
1727812200000,2024-10-01,19:50:00,2660.265,2661.478,2659.925,2661.028,0.2873
1727812500000,2024-10-01,19:55:00,2661.008,2661.178,2658.068,2658.588,0.2162
1727812800000,2024-10-01,20:00:00,2658.565,2658.725,2658.235,2658.648,0.0813
1727813100000,2024-10-01,20:05:00,2658.618,2658.848,2657.755,2658.128,0.0788
1727813400000,2024-10-01,20:10:00,2658.145,2658.638,2658.015,2658.578,0.0755
1727813700000,2024-10-01,20:15:00,2658.568,2659.898,2658.358,2659.885,0.1021
1727814000000,2024-10-01,20:20:00,2659.885,2660.118,2658.978,2659.228,0.0774
1727814300000,2024-10-01,20:25:00,2659.155,2659.668,2659.008,2659.658,0.0658
1727814600000,2024-10-01,20:30:00,2659.688,2660.098,2659.538,2659.978,0.0757
1727814900000,2024-10-01,20:35:00,2659.968,2660.458,2659.468,2660.448,0.047
1727815200000,2024-10-01,20:40:00,2660.458,2661.288,2660.458,2661.078,0.099
1727815500000,2024-10-01,20:45:00,2661.025,2662.888,2661.025,2662.728,0.0958
1727815800000,2024-10-01,20:50:00,2662.675,2663.148,2662.555,2663.098,0.0559
1727816100000,2024-10-01,20:55:00,2663.075,2663.855,2663.005,2663.005,0.0761
1727820000000,2024-10-01,22:00:00,2662.438,2662.885,2661.555,2661.555,0.0696
1727820300000,2024-10-01,22:05:00,2661.485,2661.735,2660.985,2661.684,0.0617
1727820600000,2024-10-01,22:10:00,2661.644,2662.348,2661.314,2662.155,0.049
1727820900000,2024-10-01,22:15:00,2662.115,2662.348,2661.244,2662.005,0.0228
1727821200000,2024-10-01,22:20:00,2661.975,2662.175,2661.725,2662.115,0.0144
1727821500000,2024-10-01,22:25:00,2662.145,2662.225,2661.945,2662.145,0.0123
1727821800000,2024-10-01,22:30:00,2662.155,2662.475,2662.055,2662.355,0.0159
1727822100000,2024-10-01,22:35:00,2662.355,2662.675,2662.255,2662.455,0.0106
1727822400000,2024-10-01,22:40:00,2662.415,2662.645,2662.355,2662.545,0.0127
1727822700000,2024-10-01,22:45:00,2662.495,2662.565,2661.845,2661.935,0.0158
1727823000000,2024-10-01,22:50:00,2662.025,2662.025,2661.625,2661.625,0.0189
1727823300000,2024-10-01,22:55:00,2661.615,2661.905,2661.415,2661.895,0.0393
1727823600000,2024-10-01,23:00:00,2661.925,2662.055,2661.605,2661.625,0.0629
1727823900000,2024-10-01,23:05:00,2661.615,2661.965,2661.408,2661.745,0.0637
1727824200000,2024-10-01,23:10:00,2661.785,2661.895,2661.545,2661.845,0.0269
1727824500000,2024-10-01,23:15:00,2661.795,2661.795,2660.845,2661.125,0.055
1727824800000,2024-10-01,23:20:00,2661.145,2661.194,2660.545,2660.645,0.0482
1727825100000,2024-10-01,23:25:00,2660.645,2661.004,2659.975,2660.895,0.0659
1727825400000,2024-10-01,23:30:00,2660.885,2661.265,2660.535,2660.965,0.0743
1727825700000,2024-10-01,23:35:00,2660.955,2661.095,2660.535,2661.075,0.0539
1727826000000,2024-10-01,23:40:00,2661.035,2661.325,2660.585,2660.585,0.0283
1727826300000,2024-10-01,23:45:00,2660.605,2661.005,2660.385,2660.515,0.0471
1727826600000,2024-10-01,23:50:00,2660.535,2660.795,2660.265,2660.525,0.0268
1727826900000,2024-10-01,23:55:00,2660.525,2660.595,2660.178,2660.218,0.035
1727827200000,2024-10-02,00:00:00,2660.195,2660.518,2659.035,2659.805,0.3233
1727827500000,2024-10-02,00:05:00,2659.805,2660.045,2658.175,2659.105,0.2294
1727827800000,2024-10-02,00:10:00,2659.155,2659.155,2657.955,2657.965,0.1566
1727828100000,2024-10-02,00:15:00,2658.008,2659.208,2657.965,2658.865,0.1518
1727828400000,2024-10-02,00:20:00,2658.868,2659.088,2658.598,2658.914,0.0708
1727828700000,2024-10-02,00:25:00,2659.008,2659.925,2658.915,2659.795,0.124
1727829000000,2024-10-02,00:30:00,2659.815,2659.885,2658.345,2658.665,0.1346
1727829300000,2024-10-02,00:35:00,2658.694,2658.705,2657.945,2658.534,0.1884
1727829600000,2024-10-02,00:40:00,2658.525,2658.738,2657.745,2658.045,0.1395
1727829900000,2024-10-02,00:45:00,2658.128,2658.464,2657.655,2657.865,0.0418
1727830200000,2024-10-02,00:50:00,2657.915,2657.975,2657.218,2657.645,0.0845
1727830500000,2024-10-02,00:55:00,2657.685,2657.825,2656.825,2657.325,0.2416
1727830800000,2024-10-02,01:00:00,2657.385,2658.248,2657.224,2657.795,0.0717
1727831100000,2024-10-02,01:05:00,2657.754,2658.615,2657.528,2657.975,0.0881
1727831400000,2024-10-02,01:10:00,2657.998,2658.065,2657.188,2657.198,0.1732
1727831700000,2024-10-02,01:15:00,2657.165,2658.945,2656.155,2658.685,0.2653
1727832000000,2024-10-02,01:20:00,2658.685,2659.515,2658.548,2658.704,0.2582
1727832300000,2024-10-02,01:25:00,2658.704,2659.688,2658.558,2659.065,0.1943
1727832600000,2024-10-02,01:30:00,2658.935,2659.625,2658.664,2659.035,0.2213
1727832900000,2024-10-02,01:35:00,2659.065,2659.648,2658.698,2659.255,0.2462
1727833200000,2024-10-02,01:40:00,2659.155,2659.808,2658.975,2659.498,0.1338
1727833500000,2024-10-02,01:45:00,2659.495,2660.705,2659.435,2660.545,0.2896
1727833800000,2024-10-02,01:50:00,2660.555,2661.878,2660.275,2661.675,0.2861
1727834100000,2024-10-02,01:55:00,2661.685,2661.685,2660.408,2660.495,0.1666
1727834400000,2024-10-02,02:00:00,2660.508,2661.045,2659.715,2660.825,0.0894
1727834700000,2024-10-02,02:05:00,2660.825,2660.985,2659.595,2660.655,0.1226
1727835000000,2024-10-02,02:10:00,2660.655,2660.845,2659.655,2660.215,0.1485
1727835300000,2024-10-02,02:15:00,2660.225,2660.655,2659.585,2660.275,0.094
1727835600000,2024-10-02,02:20:00,2660.215,2660.465,2659.825,2660.165,0.0962
1727835900000,2024-10-02,02:25:00,2660.165,2660.278,2659.614,2660.135,0.2459
1727836200000,2024-10-02,02:30:00,2660.105,2660.155,2659.375,2659.775,0.2446
1727836500000,2024-10-02,02:35:00,2659.755,2659.948,2658.765,2659.525,0.0475
1727836800000,2024-10-02,02:40:00,2659.525,2659.625,2658.945,2658.945,0.058
1727837100000,2024-10-02,02:45:00,2658.925,2659.255,2658.715,2659.145,0.0689
1727837400000,2024-10-02,02:50:00,2659.145,2660.345,2659.145,2660.325,0.09
1727837700000,2024-10-02,02:55:00,2660.305,2660.585,2659.888,2659.998,0.181
1727838000000,2024-10-02,03:00:00,2659.975,2660.445,2659.855,2660.265,0.1971
1727838300000,2024-10-02,03:05:00,2660.394,2660.484,2659.255,2659.275,0.105
1727838600000,2024-10-02,03:10:00,2659.255,2660.215,2659.135,2660.215,0.0458
1727838900000,2024-10-02,03:15:00,2660.215,2661.115,2659.845,2661.105,0.051
1727839200000,2024-10-02,03:20:00,2661.114,2661.418,2659.828,2659.835,0.2184
1727839500000,2024-10-02,03:25:00,2659.835,2659.835,2658.035,2658.765,0.1836
1727839800000,2024-10-02,03:30:00,2658.765,2659.655,2658.544,2658.655,0.0928
1727840100000,2024-10-02,03:35:00,2658.665,2658.724,2657.635,2657.715,0.1338
1727840400000,2024-10-02,03:40:00,2657.705,2657.775,2656.115,2656.275,0.2452
1727840700000,2024-10-02,03:45:00,2656.225,2656.948,2655.378,2656.625,0.1694
1727841000000,2024-10-02,03:50:00,2656.605,2656.605,2655.455,2655.565,0.1304
1727841300000,2024-10-02,03:55:00,2655.555,2655.695,2654.955,2655.238,0.1167
1727841600000,2024-10-02,04:00:00,2655.205,2656.355,2655.105,2655.825,0.116
1727841900000,2024-10-02,04:05:00,2655.785,2656.125,2655.315,2656.035,0.0798
1727842200000,2024-10-02,04:10:00,2656.005,2656.005,2655.565,2655.725,0.0774
1727842500000,2024-10-02,04:15:00,2655.695,2655.695,2654.638,2655.545,0.0977
1727842800000,2024-10-02,04:20:00,2655.548,2655.578,2652.548,2654.798,0.1121
1727843100000,2024-10-02,04:25:00,2654.765,2655.375,2654.685,2655.155,0.0727
1727843400000,2024-10-02,04:30:00,2655.005,2655.355,2653.465,2653.778,0.1123
1727843700000,2024-10-02,04:35:00,2653.765,2654.165,2653.325,2653.745,0.2562
1727844000000,2024-10-02,04:40:00,2653.748,2654.754,2653.438,2654.565,0.2243
1727844300000,2024-10-02,04:45:00,2654.595,2654.655,2654.095,2654.485,0.1021
1727844600000,2024-10-02,04:50:00,2654.395,2654.395,2653.605,2654.135,0.0851
1727844900000,2024-10-02,04:55:00,2654.165,2654.814,2653.745,2653.958,0.197
1727845200000,2024-10-02,05:00:00,2653.965,2654.944,2653.655,2654.815,0.2778
1727845500000,2024-10-02,05:05:00,2654.815,2655.094,2654.105,2654.914,0.267
1727845800000,2024-10-02,05:10:00,2654.965,2655.204,2654.405,2654.795,0.1851
1727846100000,2024-10-02,05:15:00,2654.795,2656.068,2654.585,2655.485,0.1325
1727846400000,2024-10-02,05:20:00,2655.488,2655.488,2653.774,2654.345,0.1706
1727846700000,2024-10-02,05:25:00,2654.315,2654.325,2647.188,2649.285,0.3183
1727847000000,2024-10-02,05:30:00,2649.265,2650.078,2648.345,2648.595,0.4697
1727847300000,2024-10-02,05:35:00,2648.585,2649.075,2645.518,2647.285,0.3629
1727847600000,2024-10-02,05:40:00,2647.285,2648.305,2646.105,2646.775,0.1868
1727847900000,2024-10-02,05:45:00,2646.775,2647.278,2645.435,2646.575,0.314
1727848200000,2024-10-02,05:50:00,2646.675,2646.985,2644.395,2646.275,0.2895
1727848500000,2024-10-02,05:55:00,2646.275,2648.905,2646.225,2647.875,0.1547
1727848800000,2024-10-02,06:00:00,2647.895,2648.415,2647.085,2647.965,0.2389
1727849100000,2024-10-02,06:05:00,2647.765,2648.265,2647.355,2647.955,0.1116
1727849400000,2024-10-02,06:10:00,2647.955,2648.935,2647.495,2648.365,0.1696
1727849700000,2024-10-02,06:15:00,2648.295,2649.245,2647.755,2647.835,0.1929
1727850000000,2024-10-02,06:20:00,2647.848,2648.635,2647.495,2647.625,0.0832
1727850300000,2024-10-02,06:25:00,2647.635,2648.605,2647.085,2648.235,0.0721
1727850600000,2024-10-02,06:30:00,2648.198,2649.445,2648.005,2648.125,0.0801
1727850900000,2024-10-02,06:35:00,2648.135,2649.128,2647.715,2648.635,0.0971
1727851200000,2024-10-02,06:40:00,2648.615,2649.775,2648.445,2649.245,0.084
1727851500000,2024-10-02,06:45:00,2649.265,2650.705,2648.535,2648.635,0.14
1727851800000,2024-10-02,06:50:00,2648.635,2649.345,2648.175,2648.715,0.068
1727852100000,2024-10-02,06:55:00,2648.675,2649.795,2648.125,2649.615,0.0746
1727852400000,2024-10-02,07:00:00,2649.555,2653.025,2649.355,2652.015,0.2285
1727852700000,2024-10-02,07:05:00,2652.015,2653.745,2651.975,2653.385,0.098
1727853000000,2024-10-02,07:10:00,2653.385,2654.165,2652.535,2652.955,0.1219
1727853300000,2024-10-02,07:15:00,2652.955,2653.175,2651.935,2652.545,0.1043
1727853600000,2024-10-02,07:20:00,2652.545,2653.484,2652.305,2653.058,0.2879
1727853900000,2024-10-02,07:25:00,2653.038,2653.038,2651.895,2652.765,0.279
1727854200000,2024-10-02,07:30:00,2652.765,2654.405,2652.465,2653.945,0.1957
1727854500000,2024-10-02,07:35:00,2653.945,2655.035,2653.575,2653.845,0.113
1727854800000,2024-10-02,07:40:00,2653.808,2654.685,2653.555,2654.098,0.1631
1727855100000,2024-10-02,07:45:00,2654.095,2654.275,2653.385,2653.718,0.1639
1727855400000,2024-10-02,07:50:00,2653.775,2654.485,2653.415,2654.445,0.0857
1727855700000,2024-10-02,07:55:00,2654.445,2655.435,2654.345,2655.315,0.0898
1727856000000,2024-10-02,08:00:00,2655.315,2655.715,2653.208,2653.448,0.1845
1727856300000,2024-10-02,08:05:00,2653.448,2653.505,2652.175,2652.825,0.1181
1727856600000,2024-10-02,08:10:00,2652.735,2652.825,2648.565,2648.665,0.2887
1727856900000,2024-10-02,08:15:00,2648.618,2651.445,2648.495,2651.265,0.5176
1727857200000,2024-10-02,08:20:00,2651.265,2651.565,2650.785,2651.135,0.3016
1727857500000,2024-10-02,08:25:00,2651.135,2652.375,2650.475,2651.825,0.2136
1727857800000,2024-10-02,08:30:00,2651.825,2652.955,2651.515,2652.585,0.2647
1727858100000,2024-10-02,08:35:00,2652.565,2654.158,2652.505,2654.104,0.2156
1727858400000,2024-10-02,08:40:00,2654.114,2654.294,2652.278,2652.494,0.3547
1727858700000,2024-10-02,08:45:00,2652.485,2652.538,2649.815,2649.945,0.2131
1727859000000,2024-10-02,08:50:00,2649.945,2651.895,2649.915,2651.135,0.0556
1727859300000,2024-10-02,08:55:00,2651.355,2652.355,2651.115,2652.335,0.0764
1727859600000,2024-10-02,09:00:00,2652.335,2652.525,2651.755,2652.125,0.0691
1727859900000,2024-10-02,09:05:00,2652.125,2653.544,2651.425,2653.184,0.2023
1727860200000,2024-10-02,09:10:00,2653.135,2654.028,2653.125,2653.795,0.4263
1727860500000,2024-10-02,09:15:00,2653.635,2654.498,2653.185,2653.984,0.4614
1727860800000,2024-10-02,09:20:00,2653.994,2654.408,2653.364,2653.684,0.4779
1727861100000,2024-10-02,09:25:00,2653.748,2655.078,2653.248,2653.828,0.4778
1727861400000,2024-10-02,09:30:00,2653.794,2655.415,2653.505,2653.945,0.1868
1727861700000,2024-10-02,09:35:00,2653.965,2653.975,2651.755,2652.975,0.1344
1727862000000,2024-10-02,09:40:00,2652.975,2653.085,2652.285,2652.415,0.0674
1727862300000,2024-10-02,09:45:00,2652.455,2652.965,2652.285,2652.285,0.0713
1727862600000,2024-10-02,09:50:00,2652.285,2652.475,2651.795,2651.985,0.0912
1727862900000,2024-10-02,09:55:00,2651.985,2653.385,2651.875,2652.815,0.0664
1727863200000,2024-10-02,10:00:00,2652.835,2653.485,2652.495,2653.265,0.041
1727863500000,2024-10-02,10:05:00,2653.295,2653.565,2652.535,2653.235,0.0812
1727863800000,2024-10-02,10:10:00,2653.195,2654.195,2653.064,2654.195,0.0606
1727864100000,2024-10-02,10:15:00,2654.125,2654.255,2652.368,2652.698,0.2814
1727864400000,2024-10-02,10:20:00,2652.674,2652.805,2651.315,2652.805,0.1251
1727864700000,2024-10-02,10:25:00,2652.805,2653.385,2652.805,2653.105,0.0361
1727865000000,2024-10-02,10:30:00,2653.145,2653.745,2652.928,2653.015,0.0785
1727865300000,2024-10-02,10:35:00,2653.015,2653.155,2650.485,2650.655,0.1824
1727865600000,2024-10-02,10:40:00,2650.655,2651.635,2650.275,2651.348,0.0771
1727865900000,2024-10-02,10:45:00,2651.345,2651.575,2650.755,2651.425,0.0804
1727866200000,2024-10-02,10:50:00,2651.335,2651.598,2650.108,2650.655,0.1763
1727866500000,2024-10-02,10:55:00,2650.675,2650.708,2648.665,2649.015,0.1109
1727866800000,2024-10-02,11:00:00,2649.015,2649.655,2648.395,2648.975,0.1586
1727867100000,2024-10-02,11:05:00,2648.978,2649.105,2647.845,2648.335,0.1392
1727867400000,2024-10-02,11:10:00,2648.335,2650.355,2648.335,2649.648,0.0931
1727867700000,2024-10-02,11:15:00,2649.625,2650.585,2649.335,2650.535,0.054
1727868000000,2024-10-02,11:20:00,2650.585,2651.925,2649.695,2651.735,0.0913
1727868300000,2024-10-02,11:25:00,2651.735,2652.455,2651.425,2651.455,0.1063
1727868600000,2024-10-02,11:30:00,2651.455,2651.665,2650.155,2650.905,0.1553
1727868900000,2024-10-02,11:35:00,2650.905,2651.395,2650.215,2651.395,0.1091
1727869200000,2024-10-02,11:40:00,2651.395,2651.968,2650.695,2650.715,0.0816
1727869500000,2024-10-02,11:45:00,2650.715,2651.165,2650.425,2651.165,0.09
1727869800000,2024-10-02,11:50:00,2651.165,2651.375,2649.995,2650.365,0.098
1727870100000,2024-10-02,11:55:00,2650.375,2650.508,2649.095,2649.448,0.174
1727870400000,2024-10-02,12:00:00,2649.465,2649.705,2648.755,2649.345,0.2725
1727870700000,2024-10-02,12:05:00,2649.365,2650.225,2649.095,2649.135,0.3618
1727871000000,2024-10-02,12:10:00,2649.135,2651.025,2649.135,2650.205,0.1706
1727871300000,2024-10-02,12:15:00,2650.195,2650.658,2645.985,2648.065,0.2748
1727871600000,2024-10-02,12:20:00,2648.215,2650.375,2647.285,2649.515,0.2636
1727871900000,2024-10-02,12:25:00,2649.705,2650.595,2643.648,2645.265,0.4596
1727872200000,2024-10-02,12:30:00,2645.295,2651.645,2644.955,2651.165,0.3102
1727872500000,2024-10-02,12:35:00,2651.255,2652.805,2650.485,2651.225,0.3114
1727872800000,2024-10-02,12:40:00,2651.225,2652.055,2649.425,2649.425,0.0979
1727873100000,2024-10-02,12:45:00,2649.364,2650.085,2647.805,2649.075,0.0891
1727873400000,2024-10-02,12:50:00,2649.045,2651.125,2648.805,2650.995,0.0797
1727873700000,2024-10-02,12:55:00,2650.925,2651.445,2649.488,2649.488,0.149
1727874000000,2024-10-02,13:00:00,2649.495,2652.335,2649.135,2652.315,0.2016
1727874300000,2024-10-02,13:05:00,2652.315,2654.215,2651.128,2651.535,0.3229
1727874600000,2024-10-02,13:10:00,2651.525,2652.235,2650.848,2650.918,0.3677
1727874900000,2024-10-02,13:15:00,2650.898,2654.755,2650.778,2654.385,0.3114
1727875200000,2024-10-02,13:20:00,2654.384,2656.735,2654.294,2655.165,0.631
1727875500000,2024-10-02,13:25:00,2655.098,2658.045,2654.538,2657.815,0.363
1727875800000,2024-10-02,13:30:00,2657.765,2659.515,2656.885,2657.865,0.3254
1727876100000,2024-10-02,13:35:00,2657.845,2659.225,2656.798,2657.765,0.1946
1727876400000,2024-10-02,13:40:00,2657.675,2658.055,2653.264,2654.705,0.3927
1727876700000,2024-10-02,13:45:00,2654.705,2659.255,2654.365,2658.795,0.2684
1727877000000,2024-10-02,13:50:00,2658.798,2660.684,2658.784,2659.625,0.5187
1727877300000,2024-10-02,13:55:00,2659.445,2660.325,2658.295,2659.344,0.2544
1727877600000,2024-10-02,14:00:00,2659.465,2661.318,2657.648,2661.258,0.3663
1727877900000,2024-10-02,14:05:00,2661.278,2663.194,2660.028,2660.095,0.5439
1727878200000,2024-10-02,14:10:00,2660.095,2660.565,2659.065,2659.894,0.3994
1727878500000,2024-10-02,14:15:00,2659.904,2659.938,2656.134,2658.645,0.4367
1727878800000,2024-10-02,14:20:00,2658.685,2659.785,2655.908,2656.085,0.3349
1727879100000,2024-10-02,14:25:00,2656.085,2656.565,2653.258,2654.255,0.4013
1727879400000,2024-10-02,14:30:00,2654.445,2656.324,2653.165,2655.718,0.5181
1727879700000,2024-10-02,14:35:00,2655.718,2656.378,2653.648,2653.898,0.4063
1727880000000,2024-10-02,14:40:00,2653.908,2656.445,2653.225,2656.008,0.3229
1727880300000,2024-10-02,14:45:00,2655.985,2656.185,2651.625,2652.838,0.2755
1727880600000,2024-10-02,14:50:00,2652.835,2653.095,2650.275,2650.598,0.2491
1727880900000,2024-10-02,14:55:00,2650.598,2650.985,2647.275,2647.945,0.4164
1727881200000,2024-10-02,15:00:00,2647.945,2648.375,2645.655,2645.725,0.748
1727881500000,2024-10-02,15:05:00,2645.738,2645.738,2641.965,2644.135,0.7918
1727881800000,2024-10-02,15:10:00,2644.135,2646.305,2641.475,2641.475,0.6681
1727882100000,2024-10-02,15:15:00,2641.464,2646.455,2640.954,2646.118,0.3373
1727882400000,2024-10-02,15:20:00,2646.118,2646.445,2644.708,2646.355,0.3372
1727882700000,2024-10-02,15:25:00,2646.325,2647.355,2645.145,2646.968,0.197
1727883000000,2024-10-02,15:30:00,2646.915,2649.238,2646.665,2649.188,0.4196
1727883300000,2024-10-02,15:35:00,2649.158,2650.375,2648.308,2648.334,0.3561
1727883600000,2024-10-02,15:40:00,2648.305,2649.775,2646.815,2649.775,0.1554
1727883900000,2024-10-02,15:45:00,2649.775,2650.508,2648.984,2649.664,0.3952
1727884200000,2024-10-02,15:50:00,2649.698,2650.048,2648.925,2649.435,0.2006
1727884500000,2024-10-02,15:55:00,2649.435,2649.835,2648.745,2649.835,0.2211
1727884800000,2024-10-02,16:00:00,2649.835,2651.758,2649.725,2651.695,0.2028
1727885100000,2024-10-02,16:05:00,2651.694,2652.148,2650.095,2650.615,0.236
1727885400000,2024-10-02,16:10:00,2650.615,2650.925,2647.928,2649.125,0.2213
1727885700000,2024-10-02,16:15:00,2649.125,2651.745,2648.835,2651.725,0.1085
1727886000000,2024-10-02,16:20:00,2651.725,2651.728,2650.138,2650.895,0.2172
1727886300000,2024-10-02,16:25:00,2650.805,2651.255,2649.225,2649.388,0.1256
1727886600000,2024-10-02,16:30:00,2649.315,2649.388,2648.145,2648.955,0.1347
1727886900000,2024-10-02,16:35:00,2648.955,2649.405,2648.145,2648.535,0.132
1727887200000,2024-10-02,16:40:00,2648.615,2649.725,2648.335,2649.244,0.1346
1727887500000,2024-10-02,16:45:00,2649.235,2650.518,2649.235,2649.915,0.2269
1727887800000,2024-10-02,16:50:00,2649.915,2651.685,2649.148,2650.535,0.1845
1727888100000,2024-10-02,16:55:00,2650.544,2650.908,2649.388,2649.638,0.1952
1727888400000,2024-10-02,17:00:00,2649.534,2649.718,2648.888,2649.278,0.176
1727888700000,2024-10-02,17:05:00,2649.268,2649.548,2648.748,2648.748,0.1537
1727889000000,2024-10-02,17:10:00,2648.738,2649.358,2648.005,2648.408,0.1103
1727889300000,2024-10-02,17:15:00,2648.448,2648.658,2647.095,2647.605,0.1254
1727889600000,2024-10-02,17:20:00,2647.605,2648.275,2647.305,2647.495,0.1095
1727889900000,2024-10-02,17:25:00,2647.575,2649.365,2647.505,2648.044,0.2426
1727890200000,2024-10-02,17:30:00,2648.014,2650.115,2647.964,2649.195,0.1247
1727890500000,2024-10-02,17:35:00,2649.195,2649.985,2648.664,2649.775,0.0863
1727890800000,2024-10-02,17:40:00,2649.775,2650.355,2649.365,2649.955,0.0809
1727891100000,2024-10-02,17:45:00,2649.955,2650.615,2649.705,2650.268,0.1263
1727891400000,2024-10-02,17:50:00,2650.275,2651.715,2650.205,2651.575,0.2131
1727891700000,2024-10-02,17:55:00,2651.515,2652.688,2651.515,2652.025,0.2619
1727892000000,2024-10-02,18:00:00,2652.048,2653.255,2651.818,2652.228,0.2167
1727892300000,2024-10-02,18:05:00,2652.268,2652.278,2650.985,2651.418,0.1695
1727892600000,2024-10-02,18:10:00,2651.408,2652.548,2651.118,2652.088,0.2195
1727892900000,2024-10-02,18:15:00,2651.974,2652.988,2651.964,2652.885,0.1667
1727893200000,2024-10-02,18:20:00,2653.018,2653.278,2652.318,2652.628,0.131
1727893500000,2024-10-02,18:25:00,2652.648,2653.098,2651.834,2652.718,0.1691
1727893800000,2024-10-02,18:30:00,2652.715,2653.318,2652.305,2652.955,0.1644
1727894100000,2024-10-02,18:35:00,2652.978,2653.998,2652.884,2653.825,0.1823
1727894400000,2024-10-02,18:40:00,2653.798,2654.498,2653.608,2654.468,0.2257
1727894700000,2024-10-02,18:45:00,2654.444,2655.348,2654.384,2654.848,0.1759
1727895000000,2024-10-02,18:50:00,2654.878,2655.718,2654.838,2655.548,0.1516
1727895300000,2024-10-02,18:55:00,2655.548,2655.848,2653.724,2653.998,0.1465
1727895600000,2024-10-02,19:00:00,2653.978,2654.574,2653.578,2654.098,0.1596
1727895900000,2024-10-02,19:05:00,2654.118,2655.258,2653.735,2655.215,0.158
1727896200000,2024-10-02,19:10:00,2655.215,2656.648,2655.165,2656.518,0.2122
1727896500000,2024-10-02,19:15:00,2656.558,2657.078,2656.318,2656.525,0.2626
1727896800000,2024-10-02,19:20:00,2656.538,2657.285,2656.455,2656.995,0.2435
1727897100000,2024-10-02,19:25:00,2656.995,2657.888,2656.538,2657.764,0.2993
1727897400000,2024-10-02,19:30:00,2657.764,2657.828,2656.865,2656.874,0.217
1727897700000,2024-10-02,19:35:00,2656.874,2657.398,2656.455,2657.344,0.2371
1727898000000,2024-10-02,19:40:00,2657.354,2658.458,2657.354,2658.078,0.2239
1727898300000,2024-10-02,19:45:00,2658.078,2658.298,2657.248,2658.198,0.2089
1727898600000,2024-10-02,19:50:00,2658.198,2658.648,2657.738,2658.048,0.193
1727898900000,2024-10-02,19:55:00,2658.014,2658.838,2657.758,2658.498,0.2212
1727899200000,2024-10-02,20:00:00,2658.504,2658.998,2658.344,2658.558,0.104
1727899500000,2024-10-02,20:05:00,2658.528,2658.818,2658.165,2658.568,0.1318
1727899800000,2024-10-02,20:10:00,2658.578,2659.358,2658.305,2659.068,0.1725
1727900100000,2024-10-02,20:15:00,2659.054,2659.464,2658.638,2658.868,0.0603
1727900400000,2024-10-02,20:20:00,2658.868,2659.165,2658.735,2658.848,0.0486
1727900700000,2024-10-02,20:25:00,2658.774,2658.935,2658.488,2658.935,0.0382
1727901000000,2024-10-02,20:30:00,2658.995,2659.548,2658.874,2659.334,0.0616
1727901300000,2024-10-02,20:35:00,2659.325,2659.774,2659.325,2659.558,0.0988
1727901600000,2024-10-02,20:40:00,2659.578,2659.728,2658.918,2659.138,0.0574
1727901900000,2024-10-02,20:45:00,2659.074,2659.388,2658.515,2658.718,0.0761
1727902200000,2024-10-02,20:50:00,2658.688,2658.928,2658.235,2658.878,0.0573
1727902500000,2024-10-02,20:55:00,2658.888,2658.938,2658.315,2658.345,0.0658
1727906400000,2024-10-02,22:00:00,2658.035,2659.248,2657.725,2658.698,0.023
1727906700000,2024-10-02,22:05:00,2658.698,2659.374,2658.354,2659.224,0.0379
1727907000000,2024-10-02,22:10:00,2659.224,2659.448,2658.798,2659.448,0.045
1727907300000,2024-10-02,22:15:00,2659.264,2659.695,2658.865,2659.625,0.0358
1727907600000,2024-10-02,22:20:00,2659.645,2659.715,2658.965,2659.098,0.0155
1727907900000,2024-10-02,22:25:00,2659.098,2659.488,2658.805,2658.915,0.0213
1727908200000,2024-10-02,22:30:00,2658.948,2659.875,2658.905,2659.875,0.0448
1727908500000,2024-10-02,22:35:00,2659.875,2660.195,2659.745,2660.085,0.0291
1727908800000,2024-10-02,22:40:00,2659.985,2660.025,2659.585,2659.585,0.0148
1727909100000,2024-10-02,22:45:00,2659.585,2659.855,2659.585,2659.818,0.0137
1727909400000,2024-10-02,22:50:00,2659.818,2659.818,2659.265,2659.418,0.014
1727909700000,2024-10-02,22:55:00,2659.418,2659.454,2659.245,2659.334,0.0252
1727910000000,2024-10-02,23:00:00,2659.334,2660.254,2659.228,2660.158,0.142
1727910300000,2024-10-02,23:05:00,2660.154,2661.038,2660.134,2660.864,0.1262
1727910600000,2024-10-02,23:10:00,2660.824,2660.978,2660.358,2660.664,0.0864
1727910900000,2024-10-02,23:15:00,2660.604,2660.854,2660.464,2660.844,0.0831
1727911200000,2024-10-02,23:20:00,2660.864,2661.064,2660.725,2660.964,0.0853
1727911500000,2024-10-02,23:25:00,2660.964,2661.008,2660.748,2660.878,0.0852
1727911800000,2024-10-02,23:30:00,2660.845,2660.848,2660.535,2660.698,0.071
1727912100000,2024-10-02,23:35:00,2660.735,2660.735,2660.358,2660.368,0.0715
1727912400000,2024-10-02,23:40:00,2660.368,2660.398,2659.795,2659.795,0.0981
1727912700000,2024-10-02,23:45:00,2659.785,2660.275,2659.378,2660.255,0.1875
1727913000000,2024-10-02,23:50:00,2660.285,2660.738,2660.015,2660.285,0.1156
1727913300000,2024-10-02,23:55:00,2660.255,2660.305,2659.805,2660.135,0.1184
1727913600000,2024-10-03,00:00:00,2660.135,2660.698,2659.408,2660.648,0.2031
1727913900000,2024-10-03,00:05:00,2660.608,2662.775,2660.228,2662.108,0.3252
1727914200000,2024-10-03,00:10:00,2662.108,2662.128,2659.085,2659.178,0.342
1727914500000,2024-10-03,00:15:00,2659.178,2659.594,2658.288,2658.865,0.1815
1727914800000,2024-10-03,00:20:00,2658.865,2659.305,2658.525,2659.225,0.0381
1727915100000,2024-10-03,00:25:00,2659.285,2659.305,2657.985,2658.365,0.0838
1727915400000,2024-10-03,00:30:00,2658.395,2658.985,2658.205,2658.885,0.042
1727915700000,2024-10-03,00:35:00,2658.885,2658.885,2658.155,2658.285,0.0373
1727916000000,2024-10-03,00:40:00,2658.285,2658.905,2658.155,2658.505,0.0251
1727916300000,2024-10-03,00:45:00,2658.555,2658.575,2657.655,2657.855,0.0341
1727916600000,2024-10-03,00:50:00,2657.855,2658.345,2657.545,2657.945,0.0551
1727916900000,2024-10-03,00:55:00,2657.995,2658.175,2657.295,2657.675,0.0712
1727917200000,2024-10-03,01:00:00,2657.675,2658.045,2657.115,2657.775,0.0737
1727917500000,2024-10-03,01:05:00,2657.775,2657.875,2656.995,2657.495,0.0685
1727917800000,2024-10-03,01:10:00,2657.515,2657.515,2656.575,2656.895,0.0565
1727918100000,2024-10-03,01:15:00,2656.965,2658.775,2656.835,2658.185,0.0834
1727918400000,2024-10-03,01:20:00,2658.165,2658.385,2657.445,2657.845,0.0514
1727918700000,2024-10-03,01:25:00,2657.775,2657.775,2656.545,2657.105,0.0915
1727919000000,2024-10-03,01:30:00,2657.105,2657.265,2655.745,2655.755,0.1571
1727919300000,2024-10-03,01:35:00,2655.755,2655.965,2654.845,2655.525,0.1137
1727919600000,2024-10-03,01:40:00,2655.525,2656.385,2655.085,2656.295,0.0801
1727919900000,2024-10-03,01:45:00,2656.265,2656.485,2655.475,2655.815,0.0501
1727920200000,2024-10-03,01:50:00,2655.875,2657.685,2655.775,2657.525,0.0415
1727920500000,2024-10-03,01:55:00,2657.555,2658.275,2657.475,2658.105,0.1696
1727920800000,2024-10-03,02:00:00,2658.115,2658.535,2657.728,2657.885,0.2583
1727921100000,2024-10-03,02:05:00,2657.885,2657.995,2655.905,2656.024,0.2481
1727921400000,2024-10-03,02:10:00,2656.024,2656.425,2655.598,2655.684,0.1363
1727921700000,2024-10-03,02:15:00,2655.665,2656.155,2655.525,2655.975,0.0955
1727922000000,2024-10-03,02:20:00,2656.015,2657.278,2655.975,2656.915,0.1095
1727922300000,2024-10-03,02:25:00,2656.995,2658.098,2656.675,2658.005,0.0428
1727922600000,2024-10-03,02:30:00,2658.008,2658.354,2657.115,2657.115,0.0669
1727922900000,2024-10-03,02:35:00,2657.115,2657.235,2656.595,2656.695,0.0319
1727923200000,2024-10-03,02:40:00,2656.775,2657.185,2656.615,2656.644,0.071
1727923500000,2024-10-03,02:45:00,2656.484,2656.868,2656.395,2656.494,0.08
1727923800000,2024-10-03,02:50:00,2656.524,2656.785,2656.405,2656.615,0.0408
1727924100000,2024-10-03,02:55:00,2656.555,2656.555,2655.245,2655.665,0.1679
1727924400000,2024-10-03,03:00:00,2655.645,2655.975,2654.875,2655.975,0.2549
1727924700000,2024-10-03,03:05:00,2656.005,2656.185,2655.305,2655.348,0.1977
1727925000000,2024-10-03,03:10:00,2655.395,2655.915,2654.495,2654.495,0.2587
1727925300000,2024-10-03,03:15:00,2654.525,2654.945,2653.395,2654.305,0.2315
1727925600000,2024-10-03,03:20:00,2654.325,2654.835,2653.805,2653.855,0.2478
1727925900000,2024-10-03,03:25:00,2653.865,2654.185,2653.175,2654.085,0.2593
1727926200000,2024-10-03,03:30:00,2654.015,2655.655,2654.005,2655.575,0.2526
1727926500000,2024-10-03,03:35:00,2655.555,2655.845,2654.855,2655.655,0.2163
1727926800000,2024-10-03,03:40:00,2655.655,2656.955,2655.385,2656.775,0.1672
1727927100000,2024-10-03,03:45:00,2656.805,2657.128,2656.398,2656.798,0.1521
1727927400000,2024-10-03,03:50:00,2656.934,2657.878,2656.678,2656.764,0.2724
1727927700000,2024-10-03,03:55:00,2656.748,2656.945,2655.858,2655.878,0.124
1727928000000,2024-10-03,04:00:00,2655.908,2655.908,2654.658,2654.658,0.1329
1727928300000,2024-10-03,04:05:00,2654.645,2655.864,2654.558,2655.694,0.1214
1727928600000,2024-10-03,04:10:00,2655.724,2656.248,2655.558,2655.595,0.0883
1727928900000,2024-10-03,04:15:00,2655.575,2655.705,2655.055,2655.675,0.0591
1727929200000,2024-10-03,04:20:00,2655.675,2656.175,2655.655,2656.045,0.0365
1727929500000,2024-10-03,04:25:00,2656.065,2656.194,2655.384,2655.595,0.0514
1727929800000,2024-10-03,04:30:00,2655.595,2656.175,2655.565,2655.945,0.0584
1727930100000,2024-10-03,04:35:00,2655.945,2656.385,2655.745,2655.995,0.0809
1727930400000,2024-10-03,04:40:00,2655.995,2656.295,2655.215,2655.264,0.0713
1727930700000,2024-10-03,04:45:00,2655.245,2655.875,2654.855,2655.635,0.0931
1727931000000,2024-10-03,04:50:00,2655.635,2656.145,2655.085,2655.235,0.0656
1727931300000,2024-10-03,04:55:00,2655.175,2655.195,2654.465,2654.845,0.0859
1727931600000,2024-10-03,05:00:00,2654.825,2655.935,2654.605,2655.865,0.0983
1727931900000,2024-10-03,05:05:00,2655.865,2656.535,2655.505,2655.885,0.2915
1727932200000,2024-10-03,05:10:00,2655.855,2656.145,2654.465,2654.505,0.2164
1727932500000,2024-10-03,05:15:00,2654.475,2655.185,2654.108,2654.135,0.1647
1727932800000,2024-10-03,05:20:00,2654.118,2654.118,2652.508,2652.825,0.233
1727933100000,2024-10-03,05:25:00,2652.775,2652.925,2652.114,2652.445,0.1998
1727933400000,2024-10-03,05:30:00,2652.475,2652.905,2652.065,2652.205,0.4182
1727933700000,2024-10-03,05:35:00,2652.195,2652.825,2651.765,2652.365,0.3537
1727934000000,2024-10-03,05:40:00,2652.384,2653.485,2652.365,2652.755,0.3532
1727934300000,2024-10-03,05:45:00,2652.755,2653.898,2652.414,2653.615,0.2196
1727934600000,2024-10-03,05:50:00,2653.615,2654.255,2653.265,2653.665,0.0819
1727934900000,2024-10-03,05:55:00,2653.745,2654.105,2652.758,2653.198,0.1633
1727935200000,2024-10-03,06:00:00,2653.138,2653.595,2651.165,2652.215,0.3748
1727935500000,2024-10-03,06:05:00,2652.265,2652.945,2651.545,2652.845,0.1839
1727935800000,2024-10-03,06:10:00,2652.795,2654.225,2652.518,2653.875,0.1025
1727936100000,2024-10-03,06:15:00,2653.875,2655.315,2653.875,2655.285,0.101
1727936400000,2024-10-03,06:20:00,2655.285,2656.665,2654.835,2656.545,0.0945
1727936700000,2024-10-03,06:25:00,2656.535,2656.585,2655.278,2655.515,0.0621
1727937000000,2024-10-03,06:30:00,2655.424,2655.705,2654.025,2655.245,0.0793
1727937300000,2024-10-03,06:35:00,2655.248,2656.155,2654.575,2655.835,0.1156
1727937600000,2024-10-03,06:40:00,2655.735,2657.135,2655.735,2657.075,0.0619
1727937900000,2024-10-03,06:45:00,2657.075,2657.315,2655.805,2656.255,0.0783
1727938200000,2024-10-03,06:50:00,2656.285,2656.335,2655.375,2655.905,0.0287
1727938500000,2024-10-03,06:55:00,2655.835,2655.835,2655.125,2655.714,0.0558
1727938800000,2024-10-03,07:00:00,2655.745,2656.055,2654.005,2654.115,0.0974
1727939100000,2024-10-03,07:05:00,2654.115,2654.835,2652.795,2654.745,0.1496
1727939400000,2024-10-03,07:10:00,2654.745,2654.975,2653.775,2653.865,0.1246
1727939700000,2024-10-03,07:15:00,2653.854,2653.854,2650.855,2651.245,0.2105
1727940000000,2024-10-03,07:20:00,2651.248,2651.815,2650.088,2650.675,0.1964
1727940300000,2024-10-03,07:25:00,2650.615,2650.655,2648.735,2648.775,0.1973
1727940600000,2024-10-03,07:30:00,2648.765,2649.645,2647.315,2649.135,0.1933
1727940900000,2024-10-03,07:35:00,2649.095,2649.645,2647.485,2648.095,0.226
1727941200000,2024-10-03,07:40:00,2648.034,2648.034,2644.804,2646.535,0.3626
1727941500000,2024-10-03,07:45:00,2646.655,2648.235,2646.055,2646.455,0.1908
1727941800000,2024-10-03,07:50:00,2646.468,2646.595,2644.085,2645.275,0.2576
1727942100000,2024-10-03,07:55:00,2645.195,2645.515,2643.304,2645.145,0.1737
1727942400000,2024-10-03,08:00:00,2645.068,2646.355,2644.528,2646.335,0.1674
1727942700000,2024-10-03,08:05:00,2646.335,2647.315,2645.325,2645.635,0.2216
1727943000000,2024-10-03,08:10:00,2645.615,2645.845,2643.695,2643.835,0.3196
1727943300000,2024-10-03,08:15:00,2643.818,2644.605,2643.125,2643.785,0.1596
1727943600000,2024-10-03,08:20:00,2643.785,2644.285,2641.675,2642.735,0.1934
1727943900000,2024-10-03,08:25:00,2642.745,2643.975,2641.915,2643.055,0.131
1727944200000,2024-10-03,08:30:00,2643.045,2644.085,2642.335,2643.805,0.1048
1727944500000,2024-10-03,08:35:00,2643.785,2645.935,2643.665,2645.555,0.2158
1727944800000,2024-10-03,08:40:00,2645.555,2645.665,2644.225,2645.155,0.1224
1727945100000,2024-10-03,08:45:00,2645.168,2645.965,2644.805,2645.355,0.0747
1727945400000,2024-10-03,08:50:00,2645.325,2645.465,2644.325,2644.565,0.0974
1727945700000,2024-10-03,08:55:00,2644.575,2645.615,2643.925,2644.985,0.1048
1727946000000,2024-10-03,09:00:00,2644.955,2645.005,2642.505,2642.725,0.345
1727946300000,2024-10-03,09:05:00,2642.715,2643.205,2641.855,2642.445,0.3803
1727946600000,2024-10-03,09:10:00,2642.405,2644.165,2640.895,2643.865,0.3085
1727946900000,2024-10-03,09:15:00,2643.795,2643.795,2641.965,2642.725,0.2551
1727947200000,2024-10-03,09:20:00,2642.745,2643.695,2642.135,2642.985,0.1104
1727947500000,2024-10-03,09:25:00,2643.095,2644.275,2642.845,2643.775,0.1065
1727947800000,2024-10-03,09:30:00,2643.765,2646.005,2643.765,2645.905,0.192
1727948100000,2024-10-03,09:35:00,2645.875,2646.795,2645.195,2645.735,0.3156
1727948400000,2024-10-03,09:40:00,2645.724,2647.465,2645.724,2646.808,0.3433
1727948700000,2024-10-03,09:45:00,2646.828,2647.325,2646.565,2646.745,0.1219
1727949000000,2024-10-03,09:50:00,2646.635,2647.105,2645.425,2645.425,0.0784
1727949300000,2024-10-03,09:55:00,2645.325,2645.575,2644.668,2644.685,0.0723
1727949600000,2024-10-03,10:00:00,2644.685,2646.055,2644.615,2645.395,0.0906
1727949900000,2024-10-03,10:05:00,2645.395,2645.605,2644.005,2644.595,0.1045
1727950200000,2024-10-03,10:10:00,2644.415,2645.175,2643.915,2644.875,0.1092
1727950500000,2024-10-03,10:15:00,2644.835,2646.195,2644.585,2645.725,0.0962
1727950800000,2024-10-03,10:20:00,2645.705,2646.205,2645.295,2645.715,0.0387
1727951100000,2024-10-03,10:25:00,2645.705,2646.705,2644.905,2646.705,0.0533
1727951400000,2024-10-03,10:30:00,2646.735,2647.208,2645.868,2645.868,0.1047
1727951700000,2024-10-03,10:35:00,2645.898,2645.925,2644.078,2645.605,0.264
1727952000000,2024-10-03,10:40:00,2645.675,2647.918,2645.435,2647.375,0.1261
1727952300000,2024-10-03,10:45:00,2647.395,2647.998,2646.748,2647.058,0.2079
1727952600000,2024-10-03,10:50:00,2647.058,2647.058,2646.035,2646.385,0.1373
1727952900000,2024-10-03,10:55:00,2646.308,2646.825,2645.935,2646.675,0.0596
1727953200000,2024-10-03,11:00:00,2646.725,2647.785,2646.195,2646.368,0.1166
1727953500000,2024-10-03,11:05:00,2646.355,2646.555,2645.325,2646.525,0.0502
1727953800000,2024-10-03,11:10:00,2646.615,2647.335,2646.225,2646.638,0.2496
1727954100000,2024-10-03,11:15:00,2646.635,2646.635,2643.985,2644.625,0.1445
1727954400000,2024-10-03,11:20:00,2644.595,2645.375,2644.335,2645.175,0.037
1727954700000,2024-10-03,11:25:00,2645.265,2645.515,2643.525,2644.355,0.0752
1727955000000,2024-10-03,11:30:00,2644.435,2645.475,2644.405,2645.385,0.0958
1727955300000,2024-10-03,11:35:00,2645.385,2646.828,2645.245,2646.145,0.0956
1727955600000,2024-10-03,11:40:00,2646.115,2647.105,2645.675,2646.195,0.0554
1727955900000,2024-10-03,11:45:00,2646.268,2648.165,2646.035,2647.925,0.1148
1727956200000,2024-10-03,11:50:00,2647.965,2648.505,2646.215,2648.165,0.2187
1727956500000,2024-10-03,11:55:00,2648.165,2648.935,2647.795,2647.935,0.1477
1727956800000,2024-10-03,12:00:00,2647.948,2649.565,2647.785,2648.105,0.2195
1727957100000,2024-10-03,12:05:00,2648.105,2648.655,2647.815,2648.655,0.1027
1727957400000,2024-10-03,12:10:00,2648.655,2648.685,2647.435,2647.718,0.0842
1727957700000,2024-10-03,12:15:00,2647.738,2648.175,2646.685,2647.815,0.1129
1727958000000,2024-10-03,12:20:00,2647.845,2650.335,2647.845,2649.728,0.1562
1727958300000,2024-10-03,12:25:00,2649.695,2651.338,2649.695,2650.125,0.264
1727958600000,2024-10-03,12:30:00,2650.075,2653.815,2647.844,2647.988,0.3971
1727958900000,2024-10-03,12:35:00,2647.988,2649.875,2646.795,2647.225,0.3162
1727959200000,2024-10-03,12:40:00,2647.195,2647.755,2644.295,2645.805,0.2285
1727959500000,2024-10-03,12:45:00,2645.815,2647.248,2644.645,2644.975,0.1951
1727959800000,2024-10-03,12:50:00,2644.964,2645.285,2643.175,2643.575,0.3421
1727960100000,2024-10-03,12:55:00,2643.585,2643.805,2641.968,2642.235,0.294
1727960400000,2024-10-03,13:00:00,2642.225,2644.875,2641.475,2643.925,0.6498
1727960700000,2024-10-03,13:05:00,2643.965,2644.898,2642.165,2643.305,0.4068
1727961000000,2024-10-03,13:10:00,2643.325,2646.065,2643.305,2645.805,0.2987
1727961300000,2024-10-03,13:15:00,2645.805,2648.505,2645.805,2648.495,0.3644
1727961600000,2024-10-03,13:20:00,2648.465,2649.115,2647.085,2647.218,0.2042
1727961900000,2024-10-03,13:25:00,2647.258,2649.475,2646.604,2649.295,0.1481
1727962200000,2024-10-03,13:30:00,2649.295,2651.205,2648.485,2650.745,0.2512
1727962500000,2024-10-03,13:35:00,2650.745,2651.235,2648.355,2648.405,0.3353
1727962800000,2024-10-03,13:40:00,2648.355,2649.835,2647.314,2648.845,0.2813
1727963100000,2024-10-03,13:45:00,2648.875,2650.665,2646.664,2646.778,0.4021
1727963400000,2024-10-03,13:50:00,2646.785,2649.315,2645.355,2647.215,0.2889
1727963700000,2024-10-03,13:55:00,2647.215,2648.695,2646.548,2646.925,0.1397
1727964000000,2024-10-03,14:00:00,2646.868,2647.248,2636.255,2644.595,0.4448
1727964300000,2024-10-03,14:05:00,2644.655,2650.348,2644.445,2646.498,0.4833
1727964600000,2024-10-03,14:10:00,2646.498,2654.348,2643.608,2651.115,0.6846
1727964900000,2024-10-03,14:15:00,2651.235,2653.508,2646.855,2649.545,0.4966
1727965200000,2024-10-03,14:20:00,2649.595,2650.925,2647.084,2648.455,0.4029
1727965500000,2024-10-03,14:25:00,2648.465,2650.414,2646.045,2649.285,0.4923
1727965800000,2024-10-03,14:30:00,2649.285,2650.975,2647.555,2649.855,0.4334
1727966100000,2024-10-03,14:35:00,2649.904,2650.355,2648.365,2649.315,0.3004
1727966400000,2024-10-03,14:40:00,2649.415,2649.715,2646.005,2647.445,0.217
1727966700000,2024-10-03,14:45:00,2647.545,2649.188,2646.145,2648.138,0.2941
1727967000000,2024-10-03,14:50:00,2648.064,2652.305,2648.064,2651.875,0.4705
1727967300000,2024-10-03,14:55:00,2651.865,2652.385,2649.614,2650.068,0.5181
1727967600000,2024-10-03,15:00:00,2650.045,2651.854,2649.295,2650.648,0.337
1727967900000,2024-10-03,15:05:00,2650.634,2652.025,2649.744,2651.535,0.2331
1727968200000,2024-10-03,15:10:00,2651.515,2653.165,2651.005,2652.534,0.3574
1727968500000,2024-10-03,15:15:00,2652.484,2653.155,2651.355,2651.745,0.1688
1727968800000,2024-10-03,15:20:00,2651.745,2652.435,2651.215,2652.085,0.1489
1727969100000,2024-10-03,15:25:00,2652.085,2653.085,2650.314,2651.285,0.2228
1727969400000,2024-10-03,15:30:00,2651.275,2654.435,2650.775,2652.745,0.2561
1727969700000,2024-10-03,15:35:00,2652.735,2653.145,2650.098,2650.215,0.2057
1727970000000,2024-10-03,15:40:00,2650.215,2650.455,2648.414,2648.664,0.2872
1727970300000,2024-10-03,15:45:00,2648.664,2650.095,2648.424,2649.795,0.2625
1727970600000,2024-10-03,15:50:00,2649.784,2650.545,2649.415,2650.185,0.1011
1727970900000,2024-10-03,15:55:00,2650.205,2650.305,2647.835,2648.735,0.128
1727971200000,2024-10-03,16:00:00,2648.805,2650.385,2648.455,2650.055,0.1492
1727971500000,2024-10-03,16:05:00,2650.245,2651.445,2649.455,2650.755,0.1293
1727971800000,2024-10-03,16:10:00,2650.785,2653.388,2650.588,2653.335,0.2022
1727972100000,2024-10-03,16:15:00,2653.335,2653.508,2651.838,2652.425,0.1674
1727972400000,2024-10-03,16:20:00,2652.385,2652.958,2651.585,2651.794,0.0978
1727972700000,2024-10-03,16:25:00,2651.795,2653.284,2651.795,2652.865,0.1176
1727973000000,2024-10-03,16:30:00,2652.885,2654.485,2652.155,2654.445,0.1102
1727973300000,2024-10-03,16:35:00,2654.535,2660.334,2654.535,2660.228,0.4796
1727973600000,2024-10-03,16:40:00,2660.224,2661.048,2658.004,2658.985,0.5393
1727973900000,2024-10-03,16:45:00,2658.895,2659.565,2656.205,2656.695,0.1928
1727974200000,2024-10-03,16:50:00,2656.695,2657.555,2655.225,2657.395,0.1751
1727974500000,2024-10-03,16:55:00,2657.375,2660.205,2657.295,2659.925,0.1448
1727974800000,2024-10-03,17:00:00,2659.985,2660.725,2658.865,2660.635,0.1142
1727975100000,2024-10-03,17:05:00,2660.635,2661.535,2660.245,2660.855,0.1107
1727975400000,2024-10-03,17:10:00,2660.855,2661.135,2659.845,2660.745,0.1081
1727975700000,2024-10-03,17:15:00,2660.765,2662.008,2660.098,2660.118,0.1777
1727976000000,2024-10-03,17:20:00,2660.024,2661.865,2659.064,2661.235,0.3398
1727976300000,2024-10-03,17:25:00,2661.125,2661.515,2658.418,2658.855,0.2732
1727976600000,2024-10-03,17:30:00,2658.878,2660.475,2658.855,2659.815,0.093
1727976900000,2024-10-03,17:35:00,2659.965,2660.105,2657.705,2657.905,0.2466
1727977200000,2024-10-03,17:40:00,2657.885,2658.285,2657.125,2657.195,0.1773
1727977500000,2024-10-03,17:45:00,2657.245,2657.564,2656.174,2656.204,0.1524
1727977800000,2024-10-03,17:50:00,2656.208,2656.965,2655.025,2656.844,0.1838
1727978100000,2024-10-03,17:55:00,2656.835,2656.905,2655.595,2656.595,0.0994
1727978400000,2024-10-03,18:00:00,2656.645,2656.895,2655.265,2655.664,0.0925
1727978700000,2024-10-03,18:05:00,2655.695,2656.918,2655.575,2656.845,0.1831
1727979000000,2024-10-03,18:10:00,2656.835,2658.155,2656.455,2658.085,0.2023
1727979300000,2024-10-03,18:15:00,2658.085,2659.155,2657.975,2659.155,0.2365
1727979600000,2024-10-03,18:20:00,2659.178,2659.265,2657.755,2658.155,0.245
1727979900000,2024-10-03,18:25:00,2658.114,2658.978,2657.915,2658.565,0.1916
1727980200000,2024-10-03,18:30:00,2658.615,2659.398,2657.838,2659.398,0.1005
1727980500000,2024-10-03,18:35:00,2659.414,2659.565,2658.398,2658.865,0.1614
1727980800000,2024-10-03,18:40:00,2659.048,2659.188,2658.595,2658.595,0.1502
1727981100000,2024-10-03,18:45:00,2658.595,2658.768,2658.008,2658.028,0.1503
1727981400000,2024-10-03,18:50:00,2658.028,2658.355,2657.378,2657.965,0.1658
1727981700000,2024-10-03,18:55:00,2657.928,2658.058,2657.068,2657.398,0.1736
1727982000000,2024-10-03,19:00:00,2657.398,2658.085,2656.828,2658.085,0.2243
1727982300000,2024-10-03,19:05:00,2658.145,2658.328,2657.498,2657.798,0.1534
1727982600000,2024-10-03,19:10:00,2657.788,2658.408,2657.615,2658.285,0.11
1727982900000,2024-10-03,19:15:00,2658.285,2659.025,2657.915,2658.765,0.1084
1727983200000,2024-10-03,19:20:00,2658.745,2659.138,2658.558,2658.608,0.1237
1727983500000,2024-10-03,19:25:00,2658.605,2659.325,2658.418,2658.675,0.1319
1727983800000,2024-10-03,19:30:00,2658.698,2658.788,2657.825,2658.118,0.0816
1727984100000,2024-10-03,19:35:00,2658.065,2658.438,2657.725,2658.255,0.113
1727984400000,2024-10-03,19:40:00,2658.255,2659.008,2657.998,2657.998,0.1379
1727984700000,2024-10-03,19:45:00,2657.988,2658.138,2657.128,2658.135,0.0895
1727985000000,2024-10-03,19:50:00,2658.138,2658.495,2657.315,2658.195,0.1013
1727985300000,2024-10-03,19:55:00,2658.195,2658.315,2657.288,2657.815,0.1669
1727985600000,2024-10-03,20:00:00,2657.815,2657.815,2656.905,2657.348,0.0927
1727985900000,2024-10-03,20:05:00,2657.358,2657.768,2657.305,2657.395,0.0458
1727986200000,2024-10-03,20:10:00,2657.385,2657.528,2657.188,2657.288,0.0344
1727986500000,2024-10-03,20:15:00,2657.298,2657.358,2656.298,2656.695,0.0574
1727986800000,2024-10-03,20:20:00,2656.735,2656.838,2656.438,2656.578,0.0543
1727987100000,2024-10-03,20:25:00,2656.548,2656.988,2656.478,2656.938,0.031
1727987400000,2024-10-03,20:30:00,2656.908,2657.098,2656.658,2656.878,0.0361
1727987700000,2024-10-03,20:35:00,2656.898,2657.315,2656.608,2657.285,0.0433
1727988000000,2024-10-03,20:40:00,2657.285,2657.348,2656.308,2656.498,0.0338
1727988300000,2024-10-03,20:45:00,2656.414,2656.548,2656.024,2656.228,0.0385
1727988600000,2024-10-03,20:50:00,2656.228,2656.368,2655.868,2655.998,0.0449
1727988900000,2024-10-03,20:55:00,2656.028,2656.138,2655.645,2655.715,0.0838
1727992800000,2024-10-03,22:00:00,2654.878,2656.998,2654.878,2655.724,0.0726
1727993100000,2024-10-03,22:05:00,2655.654,2655.864,2655.398,2655.748,0.0341
1727993400000,2024-10-03,22:10:00,2655.848,2655.848,2655.044,2655.638,0.0374
1727993700000,2024-10-03,22:15:00,2655.548,2655.638,2654.535,2654.535,0.0232
1727994000000,2024-10-03,22:20:00,2654.535,2654.764,2654.245,2654.685,0.0245
1727994300000,2024-10-03,22:25:00,2654.688,2655.175,2654.675,2655.075,0.0405
1727994600000,2024-10-03,22:30:00,2654.974,2655.914,2654.955,2655.868,0.0908
1727994900000,2024-10-03,22:35:00,2655.865,2656.124,2655.495,2655.628,0.0621
1727995200000,2024-10-03,22:40:00,2655.588,2656.044,2655.575,2655.614,0.0346
1727995500000,2024-10-03,22:45:00,2655.605,2655.975,2655.558,2655.675,0.0581
1727995800000,2024-10-03,22:50:00,2655.705,2656.024,2655.525,2655.855,0.0304
1727996100000,2024-10-03,22:55:00,2655.808,2655.944,2655.608,2655.844,0.0323
1727996400000,2024-10-03,23:00:00,2655.764,2656.044,2655.524,2655.934,0.0504
1727996700000,2024-10-03,23:05:00,2655.888,2656.134,2655.834,2655.944,0.0513
1727997000000,2024-10-03,23:10:00,2655.898,2656.155,2655.898,2656.125,0.0133
1727997300000,2024-10-03,23:15:00,2656.095,2656.468,2656.055,2656.458,0.0166
1727997600000,2024-10-03,23:20:00,2656.445,2656.468,2655.488,2655.544,0.0195
1727997900000,2024-10-03,23:25:00,2655.498,2655.544,2654.785,2654.998,0.0311
1727998200000,2024-10-03,23:30:00,2655.044,2655.345,2654.898,2654.944,0.0528
1727998500000,2024-10-03,23:35:00,2654.948,2654.948,2654.178,2654.398,0.0465
1727998800000,2024-10-03,23:40:00,2654.408,2654.798,2654.265,2654.665,0.0293
1727999100000,2024-10-03,23:45:00,2654.705,2655.188,2654.515,2655.075,0.035
1727999400000,2024-10-03,23:50:00,2655.085,2655.295,2654.965,2655.095,0.0365
1727999700000,2024-10-03,23:55:00,2655.095,2655.758,2655.085,2655.615,0.0301
1728000000000,2024-10-04,00:00:00,2655.655,2655.928,2655.378,2655.885,0.0559
1728000300000,2024-10-04,00:05:00,2655.888,2656.754,2655.845,2656.715,0.0859
1728000600000,2024-10-04,00:10:00,2656.804,2657.005,2656.335,2656.625,0.1356
1728000900000,2024-10-04,00:15:00,2656.608,2656.735,2655.975,2656.165,0.0921
1728001200000,2024-10-04,00:20:00,2656.168,2656.588,2656.035,2656.485,0.0515
1728001500000,2024-10-04,00:25:00,2656.525,2656.945,2656.368,2656.695,0.0843
1728001800000,2024-10-04,00:30:00,2656.665,2657.415,2656.558,2656.618,0.1238
1728002100000,2024-10-04,00:35:00,2656.614,2656.658,2655.544,2656.228,0.1395
1728002400000,2024-10-04,00:40:00,2656.318,2656.424,2655.335,2655.834,0.1398
1728002700000,2024-10-04,00:45:00,2655.825,2655.988,2655.315,2655.885,0.1682
1728003000000,2024-10-04,00:50:00,2655.894,2656.275,2655.475,2656.045,0.2038
1728003300000,2024-10-04,00:55:00,2656.035,2657.105,2656.004,2657.098,0.1983
1728003600000,2024-10-04,01:00:00,2657.108,2657.535,2656.785,2657.384,0.0978
1728003900000,2024-10-04,01:05:00,2657.375,2657.425,2656.725,2657.075,0.0404
1728004200000,2024-10-04,01:10:00,2657.045,2657.355,2656.665,2656.995,0.0526
1728004500000,2024-10-04,01:15:00,2656.995,2657.735,2656.645,2657.445,0.0792
1728004800000,2024-10-04,01:20:00,2657.455,2658.335,2656.914,2658.335,0.2357
1728005100000,2024-10-04,01:25:00,2658.335,2658.345,2657.224,2657.298,0.1725
1728005400000,2024-10-04,01:30:00,2657.304,2657.664,2656.665,2656.908,0.2103
1728005700000,2024-10-04,01:35:00,2656.888,2658.068,2656.765,2657.674,0.1945
1728006000000,2024-10-04,01:40:00,2657.585,2658.564,2657.548,2658.175,0.1972
1728006300000,2024-10-04,01:45:00,2658.164,2658.585,2657.635,2657.878,0.1376
1728006600000,2024-10-04,01:50:00,2657.864,2659.048,2657.664,2658.648,0.1381
1728006900000,2024-10-04,01:55:00,2658.584,2658.868,2657.954,2658.115,0.1022
1728007200000,2024-10-04,02:00:00,2658.124,2658.485,2657.925,2658.405,0.0444
1728007500000,2024-10-04,02:05:00,2658.415,2658.455,2657.898,2657.995,0.0221
1728007800000,2024-10-04,02:10:00,2658.025,2658.715,2657.965,2658.515,0.0333
1728008100000,2024-10-04,02:15:00,2658.524,2658.955,2658.315,2658.905,0.0293
1728008400000,2024-10-04,02:20:00,2658.905,2660.718,2658.815,2660.398,0.2694
1728008700000,2024-10-04,02:25:00,2660.404,2661.438,2660.325,2661.154,0.1512
1728009000000,2024-10-04,02:30:00,2661.154,2661.488,2660.585,2661.175,0.0952
1728009300000,2024-10-04,02:35:00,2661.188,2661.925,2660.908,2661.748,0.0763
1728009600000,2024-10-04,02:40:00,2661.735,2663.345,2661.615,2663.105,0.0552
1728009900000,2024-10-04,02:45:00,2663.025,2663.405,2662.295,2663.005,0.0597
1728010200000,2024-10-04,02:50:00,2663.005,2663.295,2662.205,2662.835,0.1217
1728010500000,2024-10-04,02:55:00,2662.915,2662.925,2661.888,2661.908,0.1035
1728010800000,2024-10-04,03:00:00,2661.918,2662.395,2661.825,2662.068,0.0429
1728011100000,2024-10-04,03:05:00,2662.068,2662.545,2661.688,2662.155,0.0509
1728011400000,2024-10-04,03:10:00,2662.225,2663.235,2661.888,2662.805,0.1038
1728011700000,2024-10-04,03:15:00,2662.825,2663.075,2661.698,2662.035,0.0716
1728012000000,2024-10-04,03:20:00,2662.035,2662.738,2662.035,2662.325,0.0897
1728012300000,2024-10-04,03:25:00,2662.415,2663.474,2662.145,2663.395,0.0969
1728012600000,2024-10-04,03:30:00,2663.395,2663.405,2662.488,2662.535,0.0446
1728012900000,2024-10-04,03:35:00,2662.535,2662.738,2662.165,2662.704,0.0757
1728013200000,2024-10-04,03:40:00,2662.685,2662.685,2661.035,2661.265,0.1421
1728013500000,2024-10-04,03:45:00,2661.295,2661.514,2660.665,2661.355,0.0562
1728013800000,2024-10-04,03:50:00,2661.335,2661.785,2661.095,2661.258,0.0494
1728014100000,2024-10-04,03:55:00,2661.258,2661.555,2660.795,2660.985,0.0573
1728014400000,2024-10-04,04:00:00,2660.965,2661.295,2660.525,2660.795,0.0598
1728014700000,2024-10-04,04:05:00,2660.795,2661.805,2660.795,2661.645,0.0635
1728015000000,2024-10-04,04:10:00,2661.625,2661.885,2661.485,2661.875,0.0312
1728015300000,2024-10-04,04:15:00,2661.875,2662.395,2661.395,2662.185,0.0684
1728015600000,2024-10-04,04:20:00,2662.185,2663.185,2662.185,2663.095,0.0958
1728015900000,2024-10-04,04:25:00,2663.095,2663.515,2662.735,2662.825,0.1263
1728016200000,2024-10-04,04:30:00,2662.825,2665.705,2662.628,2665.374,0.0971
1728016500000,2024-10-04,04:35:00,2665.365,2665.434,2664.024,2664.075,0.1386
1728016800000,2024-10-04,04:40:00,2664.068,2664.608,2663.175,2663.175,0.154
1728017100000,2024-10-04,04:45:00,2663.155,2663.685,2662.985,2663.175,0.1746
1728017400000,2024-10-04,04:50:00,2663.185,2664.015,2663.175,2663.765,0.0716
1728017700000,2024-10-04,04:55:00,2663.765,2664.205,2663.655,2663.915,0.0473
1728018000000,2024-10-04,05:00:00,2663.914,2664.915,2663.914,2664.795,0.0804
1728018300000,2024-10-04,05:05:00,2664.805,2665.285,2664.448,2664.498,0.0317
1728018600000,2024-10-04,05:10:00,2664.524,2665.265,2664.498,2665.135,0.0853
1728018900000,2024-10-04,05:15:00,2665.135,2665.715,2664.825,2665.394,0.0774
1728019200000,2024-10-04,05:20:00,2665.405,2666.628,2665.375,2666.464,0.2654
1728019500000,2024-10-04,05:25:00,2666.545,2667.108,2666.295,2666.634,0.2469
1728019800000,2024-10-04,05:30:00,2666.584,2667.474,2666.565,2667.095,0.284
1728020100000,2024-10-04,05:35:00,2666.995,2667.285,2666.775,2666.915,0.1011
1728020400000,2024-10-04,05:40:00,2666.955,2667.335,2666.675,2667.048,0.0613
1728020700000,2024-10-04,05:45:00,2667.045,2667.345,2666.155,2666.945,0.0521
1728021000000,2024-10-04,05:50:00,2666.915,2667.625,2666.755,2667.585,0.0579
1728021300000,2024-10-04,05:55:00,2667.555,2667.675,2667.175,2667.278,0.0779
1728021600000,2024-10-04,06:00:00,2667.295,2667.395,2666.295,2666.915,0.0912
1728021900000,2024-10-04,06:05:00,2666.945,2667.515,2665.775,2666.125,0.2434
1728022200000,2024-10-04,06:10:00,2666.085,2666.395,2665.665,2666.365,0.117
1728022500000,2024-10-04,06:15:00,2666.335,2666.525,2665.855,2666.275,0.0536
1728022800000,2024-10-04,06:20:00,2666.325,2666.325,2665.265,2665.445,0.0509
1728023100000,2024-10-04,06:25:00,2665.395,2665.425,2663.985,2664.315,0.1555
1728023400000,2024-10-04,06:30:00,2664.255,2664.825,2663.815,2664.625,0.1495
1728023700000,2024-10-04,06:35:00,2664.595,2665.515,2664.425,2665.305,0.0698
1728024000000,2024-10-04,06:40:00,2665.305,2665.405,2663.555,2663.675,0.0934
1728024300000,2024-10-04,06:45:00,2663.645,2663.645,2662.495,2662.605,0.1712
1728024600000,2024-10-04,06:50:00,2662.575,2663.025,2661.645,2662.155,0.1159
1728024900000,2024-10-04,06:55:00,2662.155,2662.215,2659.598,2660.148,0.1811
1728025200000,2024-10-04,07:00:00,2660.045,2660.475,2658.635,2659.265,0.2319
1728025500000,2024-10-04,07:05:00,2659.285,2660.255,2658.605,2658.985,0.1607
1728025800000,2024-10-04,07:10:00,2658.995,2661.475,2658.675,2660.265,0.2007
1728026100000,2024-10-04,07:15:00,2660.295,2660.835,2659.725,2660.015,0.2259
1728026400000,2024-10-04,07:20:00,2660.005,2661.784,2659.185,2661.425,0.3178
1728026700000,2024-10-04,07:25:00,2661.484,2662.944,2661.394,2661.908,0.2378
1728027000000,2024-10-04,07:30:00,2661.908,2662.008,2660.634,2661.714,0.3478
1728027300000,2024-10-04,07:35:00,2661.718,2661.718,2660.535,2661.215,0.1246
1728027600000,2024-10-04,07:40:00,2661.224,2662.355,2660.425,2662.245,0.0854
1728027900000,2024-10-04,07:45:00,2662.245,2662.895,2661.795,2662.355,0.0617
1728028200000,2024-10-04,07:50:00,2662.355,2663.035,2661.395,2661.565,0.0605
1728028500000,2024-10-04,07:55:00,2661.355,2661.658,2660.668,2660.888,0.1558
1728028800000,2024-10-04,08:00:00,2660.865,2661.405,2659.505,2659.875,0.0697
1728029100000,2024-10-04,08:05:00,2659.895,2660.515,2659.515,2659.565,0.1238
1728029400000,2024-10-04,08:10:00,2659.555,2661.398,2659.345,2661.155,0.1152
1728029700000,2024-10-04,08:15:00,2661.115,2661.385,2660.385,2660.395,0.0811
1728030000000,2024-10-04,08:20:00,2660.345,2661.055,2659.935,2660.835,0.0564
1728030300000,2024-10-04,08:25:00,2660.835,2660.875,2660.005,2660.188,0.0413
1728030600000,2024-10-04,08:30:00,2660.188,2660.348,2659.158,2659.355,0.0739
1728030900000,2024-10-04,08:35:00,2659.405,2660.435,2659.355,2660.065,0.0499
1728031200000,2024-10-04,08:40:00,2660.035,2661.165,2659.925,2660.415,0.0563
1728031500000,2024-10-04,08:45:00,2660.385,2660.555,2659.155,2659.585,0.073
1728031800000,2024-10-04,08:50:00,2659.585,2659.675,2658.845,2658.915,0.065
1728032100000,2024-10-04,08:55:00,2658.905,2659.545,2658.715,2658.894,0.251
1728032400000,2024-10-04,09:00:00,2658.894,2659.995,2658.354,2659.705,0.2706
1728032700000,2024-10-04,09:05:00,2659.725,2660.075,2659.305,2659.515,0.0659
1728033000000,2024-10-04,09:10:00,2659.495,2659.495,2657.605,2657.755,0.2379
1728033300000,2024-10-04,09:15:00,2657.735,2658.775,2657.375,2657.975,0.0808
1728033600000,2024-10-04,09:20:00,2657.945,2658.015,2657.325,2657.485,0.0902
1728033900000,2024-10-04,09:25:00,2657.485,2658.135,2657.345,2657.555,0.0595
1728034200000,2024-10-04,09:30:00,2657.665,2658.785,2656.965,2658.785,0.0933
1728034500000,2024-10-04,09:35:00,2658.855,2658.975,2658.375,2658.965,0.062
1728034800000,2024-10-04,09:40:00,2658.965,2659.485,2658.155,2658.255,0.0623
1728035100000,2024-10-04,09:45:00,2658.255,2658.665,2657.708,2657.995,0.0786
1728035400000,2024-10-04,09:50:00,2657.898,2658.065,2656.945,2657.244,0.3117
1728035700000,2024-10-04,09:55:00,2657.228,2657.665,2656.755,2657.365,0.0909
1728036000000,2024-10-04,10:00:00,2657.335,2658.848,2657.085,2658.355,0.0971
1728036300000,2024-10-04,10:05:00,2658.275,2658.488,2657.085,2657.895,0.0818
1728036600000,2024-10-04,10:10:00,2657.915,2658.688,2657.375,2658.365,0.0706
1728036900000,2024-10-04,10:15:00,2658.375,2659.775,2658.165,2659.255,0.143
1728037200000,2024-10-04,10:20:00,2659.275,2659.928,2658.975,2659.665,0.2135
1728037500000,2024-10-04,10:25:00,2659.665,2659.808,2658.945,2659.095,0.1734
1728037800000,2024-10-04,10:30:00,2659.085,2659.255,2658.295,2658.885,0.1074
1728038100000,2024-10-04,10:35:00,2658.885,2660.125,2658.705,2659.955,0.1015
1728038400000,2024-10-04,10:40:00,2660.035,2660.285,2659.535,2659.975,0.0681
1728038700000,2024-10-04,10:45:00,2659.975,2660.595,2659.555,2659.575,0.1429
1728039000000,2024-10-04,10:50:00,2659.505,2659.785,2658.815,2658.965,0.1639
1728039300000,2024-10-04,10:55:00,2658.945,2659.318,2657.925,2658.145,0.0831
1728039600000,2024-10-04,11:00:00,2658.065,2658.705,2657.545,2658.285,0.0864
1728039900000,2024-10-04,11:05:00,2658.375,2658.585,2657.265,2658.225,0.0888
1728040200000,2024-10-04,11:10:00,2658.245,2658.275,2657.654,2657.838,0.165
1728040500000,2024-10-04,11:15:00,2657.815,2659.495,2657.728,2659.295,0.0774
1728040800000,2024-10-04,11:20:00,2659.295,2659.405,2658.055,2659.095,0.0903
1728041100000,2024-10-04,11:25:00,2659.135,2659.335,2658.555,2659.175,0.0608
1728041400000,2024-10-04,11:30:00,2659.175,2660.758,2659.175,2660.055,0.1295
1728041700000,2024-10-04,11:35:00,2660.068,2660.888,2659.618,2659.648,0.1724
1728042000000,2024-10-04,11:40:00,2659.645,2661.388,2659.635,2661.105,0.1712
1728042300000,2024-10-04,11:45:00,2661.105,2661.908,2660.995,2661.465,0.2504
1728042600000,2024-10-04,11:50:00,2661.428,2662.008,2660.998,2661.838,0.3088
1728042900000,2024-10-04,11:55:00,2661.835,2662.455,2661.115,2661.205,0.1065
1728043200000,2024-10-04,12:00:00,2661.185,2661.345,2657.765,2658.005,0.289
1728043500000,2024-10-04,12:05:00,2657.965,2657.965,2656.215,2656.995,0.1605
1728043800000,2024-10-04,12:10:00,2657.025,2657.165,2656.155,2656.825,0.1291
1728044100000,2024-10-04,12:15:00,2656.825,2658.015,2656.415,2657.905,0.1038
1728044400000,2024-10-04,12:20:00,2657.858,2658.065,2656.185,2656.505,0.0977
1728044700000,2024-10-04,12:25:00,2656.475,2657.455,2655.835,2656.308,0.201
1728045000000,2024-10-04,12:30:00,2656.508,2656.608,2637.445,2640.945,0.7139
1728045300000,2024-10-04,12:35:00,2640.945,2647.024,2640.755,2642.688,1.2028
1728045600000,2024-10-04,12:40:00,2642.728,2645.564,2639.924,2640.724,0.9913
1728045900000,2024-10-04,12:45:00,2640.788,2646.364,2639.898,2642.644,1.1554
1728046200000,2024-10-04,12:50:00,2642.684,2642.684,2636.125,2636.405,1.1664
1728046500000,2024-10-04,12:55:00,2636.368,2639.515,2632.068,2638.695,0.8166
1728046800000,2024-10-04,13:00:00,2638.785,2642.444,2637.314,2642.228,1.0102
1728047100000,2024-10-04,13:05:00,2642.184,2648.445,2641.664,2648.145,0.628
1728047400000,2024-10-04,13:10:00,2648.145,2649.374,2645.688,2648.625,0.4293
1728047700000,2024-10-04,13:15:00,2648.604,2650.748,2646.918,2648.345,0.375
1728048000000,2024-10-04,13:20:00,2648.445,2649.885,2646.975,2648.515,0.2566
1728048300000,2024-10-04,13:25:00,2648.504,2654.008,2647.665,2651.264,0.6871
1728048600000,2024-10-04,13:30:00,2651.435,2652.524,2648.635,2650.465,0.3272
1728048900000,2024-10-04,13:35:00,2650.394,2652.175,2649.005,2652.075,0.2691
1728049200000,2024-10-04,13:40:00,2652.115,2653.428,2649.655,2651.665,0.5151
1728049500000,2024-10-04,13:45:00,2651.665,2652.385,2649.268,2651.645,0.2869
1728049800000,2024-10-04,13:50:00,2651.695,2655.014,2648.215,2654.778,0.5206
1728050100000,2024-10-04,13:55:00,2654.734,2654.885,2651.778,2651.778,0.5468
1728050400000,2024-10-04,14:00:00,2651.778,2653.175,2648.625,2650.085,0.4246
1728050700000,2024-10-04,14:05:00,2650.085,2653.385,2648.755,2651.215,0.4466
1728051000000,2024-10-04,14:10:00,2651.204,2652.485,2649.235,2649.265,0.2572
1728051300000,2024-10-04,14:15:00,2649.265,2652.205,2648.865,2652.115,0.1973
1728051600000,2024-10-04,14:20:00,2652.065,2652.115,2646.378,2648.605,0.2469
1728051900000,2024-10-04,14:25:00,2648.605,2650.805,2648.395,2650.305,0.301
1728052200000,2024-10-04,14:30:00,2650.274,2651.655,2648.388,2649.735,0.3796
1728052500000,2024-10-04,14:35:00,2649.735,2651.575,2649.685,2650.495,0.2426
1728052800000,2024-10-04,14:40:00,2650.495,2655.675,2649.985,2655.565,0.5031
1728053100000,2024-10-04,14:45:00,2655.595,2655.935,2653.034,2654.145,0.3188
1728053400000,2024-10-04,14:50:00,2654.145,2659.085,2653.785,2658.774,0.5315
1728053700000,2024-10-04,14:55:00,2658.774,2661.045,2657.574,2658.255,0.9451
1728054000000,2024-10-04,15:00:00,2658.285,2663.818,2658.235,2663.254,0.6345
1728054300000,2024-10-04,15:05:00,2663.315,2667.668,2663.225,2666.775,0.7096
1728054600000,2024-10-04,15:10:00,2666.745,2670.065,2665.878,2666.505,0.393
1728054900000,2024-10-04,15:15:00,2666.465,2669.945,2664.428,2665.455,0.653
1728055200000,2024-10-04,15:20:00,2665.398,2665.645,2659.935,2660.135,0.5659
1728055500000,2024-10-04,15:25:00,2660.155,2660.515,2656.958,2657.868,0.3546
1728055800000,2024-10-04,15:30:00,2657.884,2658.214,2654.688,2656.965,0.4052
1728056100000,2024-10-04,15:35:00,2656.814,2657.855,2653.305,2656.275,0.435
1728056400000,2024-10-04,15:40:00,2656.365,2656.815,2649.155,2649.458,0.4065
1728056700000,2024-10-04,15:45:00,2649.478,2651.448,2647.728,2648.535,0.4336
1728057000000,2024-10-04,15:50:00,2648.605,2651.455,2647.635,2650.884,0.6094
1728057300000,2024-10-04,15:55:00,2651.018,2653.154,2649.984,2653.045,0.6616
1728057600000,2024-10-04,16:00:00,2653.045,2653.685,2650.865,2651.615,0.3109
1728057900000,2024-10-04,16:05:00,2651.665,2653.335,2649.618,2649.668,0.2306
1728058200000,2024-10-04,16:10:00,2649.658,2651.935,2648.384,2651.115,0.1917
1728058500000,2024-10-04,16:15:00,2651.115,2652.255,2650.695,2651.865,0.1497
1728058800000,2024-10-04,16:20:00,2651.865,2651.955,2648.158,2648.665,0.1675
1728059100000,2024-10-04,16:25:00,2648.678,2648.995,2647.808,2648.725,0.1538
1728059400000,2024-10-04,16:30:00,2648.725,2649.295,2643.308,2644.265,0.2963
1728059700000,2024-10-04,16:35:00,2644.265,2646.565,2642.275,2644.554,0.284
1728060000000,2024-10-04,16:40:00,2644.605,2644.744,2642.708,2642.978,0.4529
1728060300000,2024-10-04,16:45:00,2642.848,2645.395,2641.755,2645.385,0.2623
1728060600000,2024-10-04,16:50:00,2645.385,2645.995,2644.408,2645.664,0.2635
1728060900000,2024-10-04,16:55:00,2645.624,2646.134,2644.674,2645.168,0.3012
1728061200000,2024-10-04,17:00:00,2645.185,2646.575,2643.785,2646.415,0.1864
1728061500000,2024-10-04,17:05:00,2646.415,2646.875,2645.758,2646.155,0.1948
1728061800000,2024-10-04,17:10:00,2646.155,2647.645,2646.155,2647.245,0.1839
1728062100000,2024-10-04,17:15:00,2647.245,2647.645,2646.755,2647.138,0.169
1728062400000,2024-10-04,17:20:00,2647.135,2647.728,2647.058,2647.398,0.1758
1728062700000,2024-10-04,17:25:00,2647.365,2648.198,2646.358,2647.755,0.3339
1728063000000,2024-10-04,17:30:00,2647.755,2648.664,2646.884,2647.908,0.4034
1728063300000,2024-10-04,17:35:00,2647.935,2648.438,2645.455,2646.118,0.3351
1728063600000,2024-10-04,17:40:00,2646.248,2649.314,2646.248,2649.074,0.3387
1728063900000,2024-10-04,17:45:00,2649.074,2649.984,2648.378,2649.648,0.292
1728064200000,2024-10-04,17:50:00,2649.628,2649.628,2648.215,2649.045,0.2351
1728064500000,2024-10-04,17:55:00,2649.025,2650.308,2648.915,2649.914,0.2291
1728064800000,2024-10-04,18:00:00,2649.914,2650.605,2648.768,2648.988,0.2543
1728065100000,2024-10-04,18:05:00,2648.944,2649.648,2648.148,2648.198,0.183
1728065400000,2024-10-04,18:10:00,2648.104,2648.188,2645.505,2645.645,0.2198
1728065700000,2024-10-04,18:15:00,2645.645,2645.955,2644.458,2645.265,0.1725
1728066000000,2024-10-04,18:20:00,2645.265,2646.135,2644.225,2644.965,0.1293
1728066300000,2024-10-04,18:25:00,2644.965,2646.635,2644.965,2646.435,0.1542
1728066600000,2024-10-04,18:30:00,2646.435,2647.565,2645.635,2646.988,0.3116
1728066900000,2024-10-04,18:35:00,2647.008,2647.428,2646.295,2646.455,0.3135
1728067200000,2024-10-04,18:40:00,2646.424,2647.988,2646.255,2647.945,0.2354
1728067500000,2024-10-04,18:45:00,2647.945,2648.118,2646.935,2647.038,0.183
1728067800000,2024-10-04,18:50:00,2647.028,2647.168,2645.598,2645.708,0.1661
1728068100000,2024-10-04,18:55:00,2645.715,2646.534,2645.324,2645.518,0.2325
1728068400000,2024-10-04,19:00:00,2645.518,2645.678,2642.605,2644.088,0.2965
1728068700000,2024-10-04,19:05:00,2644.085,2645.705,2644.065,2645.695,0.1148
1728069000000,2024-10-04,19:10:00,2645.675,2646.418,2645.445,2646.078,0.1629
1728069300000,2024-10-04,19:15:00,2646.075,2647.555,2645.615,2647.555,0.1212
1728069600000,2024-10-04,19:20:00,2647.555,2648.078,2647.285,2648.068,0.1142
1728069900000,2024-10-04,19:25:00,2648.045,2648.238,2647.338,2647.748,0.1491
1728070200000,2024-10-04,19:30:00,2647.685,2649.395,2647.305,2649.275,0.172
1728070500000,2024-10-04,19:35:00,2649.275,2649.518,2648.205,2648.758,0.145
1728070800000,2024-10-04,19:40:00,2648.755,2649.328,2648.445,2649.045,0.1446
1728071100000,2024-10-04,19:45:00,2649.045,2649.915,2648.428,2649.885,0.1499
1728071400000,2024-10-04,19:50:00,2649.835,2651.985,2649.725,2651.438,0.1173
1728071700000,2024-10-04,19:55:00,2651.438,2651.735,2650.875,2651.458,0.332
1728072000000,2024-10-04,20:00:00,2651.495,2651.808,2650.525,2650.698,0.1372
1728072300000,2024-10-04,20:05:00,2650.728,2650.938,2649.998,2649.998,0.1084
1728072600000,2024-10-04,20:10:00,2649.978,2651.238,2649.705,2650.958,0.0978
1728072900000,2024-10-04,20:15:00,2650.915,2651.825,2650.915,2651.338,0.0892
1728073200000,2024-10-04,20:20:00,2651.338,2651.558,2650.985,2651.348,0.0765
1728073500000,2024-10-04,20:25:00,2651.378,2651.728,2650.978,2651.008,0.0547
1728073800000,2024-10-04,20:30:00,2651.008,2651.858,2651.008,2651.248,0.0834
1728074100000,2024-10-04,20:35:00,2651.195,2651.248,2650.618,2650.828,0.0495
1728074400000,2024-10-04,20:40:00,2650.798,2652.198,2650.768,2651.818,0.0666
1728074700000,2024-10-04,20:45:00,2651.758,2653.208,2651.595,2652.455,0.1038
1728075000000,2024-10-04,20:50:00,2652.455,2652.948,2651.688,2652.705,0.1176
1728075300000,2024-10-04,20:55:00,2652.725,2653.835,2652.595,2653.545,0.1262
1728252000000,2024-10-06,22:00:00,2650.375,2652.615,2648.875,2651.345,0.2952
1728252300000,2024-10-06,22:05:00,2651.405,2651.455,2650.025,2650.855,0.1198
1728252600000,2024-10-06,22:10:00,2650.775,2651.215,2649.855,2650.625,0.0996
1728252900000,2024-10-06,22:15:00,2650.355,2651.835,2650.155,2651.835,0.1856
1728253200000,2024-10-06,22:20:00,2651.845,2652.155,2651.225,2651.325,0.2133
1728253500000,2024-10-06,22:25:00,2651.315,2652.035,2651.225,2651.315,0.1477
1728253800000,2024-10-06,22:30:00,2651.315,2651.395,2650.765,2651.365,0.0855
1728254100000,2024-10-06,22:35:00,2651.365,2651.775,2650.815,2651.165,0.0643
1728254400000,2024-10-06,22:40:00,2651.235,2651.285,2651.015,2651.115,0.0401
1728254700000,2024-10-06,22:45:00,2651.085,2651.435,2650.595,2650.595,0.026
1728255000000,2024-10-06,22:50:00,2650.595,2650.995,2650.345,2650.625,0.0399
1728255300000,2024-10-06,22:55:00,2650.625,2651.085,2650.504,2650.594,0.0522
1728255600000,2024-10-06,23:00:00,2650.584,2650.634,2649.528,2650.004,0.1588
1728255900000,2024-10-06,23:05:00,2649.954,2650.938,2649.954,2650.404,0.1055
1728256200000,2024-10-06,23:10:00,2650.404,2650.968,2650.385,2650.885,0.0542
1728256500000,2024-10-06,23:15:00,2650.958,2651.848,2650.575,2651.748,0.0537
1728256800000,2024-10-06,23:20:00,2651.748,2652.248,2651.018,2651.024,0.0908
1728257100000,2024-10-06,23:25:00,2651.028,2651.414,2651.018,2651.208,0.0439
1728257400000,2024-10-06,23:30:00,2651.208,2651.535,2651.008,2651.055,0.0154
1728257700000,2024-10-06,23:35:00,2651.018,2651.155,2650.535,2650.808,0.0185
1728258000000,2024-10-06,23:40:00,2650.845,2651.515,2650.825,2651.154,0.0387
1728258300000,2024-10-06,23:45:00,2651.145,2651.145,2649.754,2650.165,0.0856
1728258600000,2024-10-06,23:50:00,2650.175,2650.925,2649.925,2650.905,0.0335
1728258900000,2024-10-06,23:55:00,2650.945,2651.085,2650.055,2650.055,0.0249
1728259200000,2024-10-07,00:00:00,2650.125,2650.415,2649.095,2649.185,0.0735
1728259500000,2024-10-07,00:05:00,2649.185,2649.795,2648.335,2649.695,0.1198
1728259800000,2024-10-07,00:10:00,2649.695,2650.355,2649.315,2649.505,0.0885
1728260100000,2024-10-07,00:15:00,2649.585,2650.195,2649.575,2649.955,0.1147
1728260400000,2024-10-07,00:20:00,2649.965,2650.288,2649.775,2650.025,0.1115
1728260700000,2024-10-07,00:25:00,2650.065,2650.965,2650.025,2650.795,0.1655
1728261000000,2024-10-07,00:30:00,2650.805,2650.955,2649.675,2649.825,0.0628
1728261300000,2024-10-07,00:35:00,2649.875,2650.005,2649.375,2649.585,0.0571
1728261600000,2024-10-07,00:40:00,2649.595,2649.664,2648.775,2649.018,0.0771
1728261900000,2024-10-07,00:45:00,2649.018,2649.018,2647.675,2648.175,0.0755
1728262200000,2024-10-07,00:50:00,2648.175,2649.085,2647.985,2648.985,0.0537
1728262500000,2024-10-07,00:55:00,2649.005,2649.905,2648.885,2649.194,0.0698
1728262800000,2024-10-07,01:00:00,2649.255,2651.185,2648.985,2651.145,0.2531
1728263100000,2024-10-07,01:05:00,2651.205,2651.778,2650.595,2650.595,0.1433
1728263400000,2024-10-07,01:10:00,2650.595,2650.658,2648.708,2648.825,0.1106
1728263700000,2024-10-07,01:15:00,2648.775,2650.325,2648.315,2650.095,0.3454
1728264000000,2024-10-07,01:20:00,2650.045,2650.045,2648.785,2648.795,0.3061
1728264300000,2024-10-07,01:25:00,2648.665,2649.165,2648.105,2648.805,0.3677
1728264600000,2024-10-07,01:30:00,2648.805,2650.505,2648.655,2650.275,0.2422
1728264900000,2024-10-07,01:35:00,2650.285,2651.125,2650.075,2650.505,0.2153
1728265200000,2024-10-07,01:40:00,2650.505,2650.585,2649.565,2649.565,0.2696
1728265500000,2024-10-07,01:45:00,2649.575,2649.975,2645.125,2645.565,0.2153
1728265800000,2024-10-07,01:50:00,2645.615,2646.605,2643.708,2646.605,0.2213
1728266100000,2024-10-07,01:55:00,2646.605,2647.245,2645.725,2646.085,0.4016
1728266400000,2024-10-07,02:00:00,2646.055,2648.495,2645.638,2647.895,0.4249
1728266700000,2024-10-07,02:05:00,2647.905,2648.395,2647.265,2648.005,0.0991
1728267000000,2024-10-07,02:10:00,2648.085,2648.175,2647.265,2647.795,0.2128
1728267300000,2024-10-07,02:15:00,2647.855,2648.465,2647.125,2647.605,0.0651
1728267600000,2024-10-07,02:20:00,2647.615,2647.875,2646.085,2646.585,0.1276
1728267900000,2024-10-07,02:25:00,2646.585,2647.015,2646.295,2646.535,0.1104
1728268200000,2024-10-07,02:30:00,2646.555,2647.805,2646.535,2647.715,0.0904
1728268500000,2024-10-07,02:35:00,2647.715,2648.165,2646.965,2647.975,0.114
1728268800000,2024-10-07,02:40:00,2647.995,2647.995,2645.945,2646.315,0.0978
1728269100000,2024-10-07,02:45:00,2646.325,2646.965,2645.955,2646.905,0.0677
1728269400000,2024-10-07,02:50:00,2646.935,2647.305,2646.195,2646.315,0.0573
1728269700000,2024-10-07,02:55:00,2646.285,2646.315,2645.138,2645.158,0.1165
1728270000000,2024-10-07,03:00:00,2645.115,2646.465,2644.995,2646.345,0.0494
1728270300000,2024-10-07,03:05:00,2646.345,2646.585,2645.565,2646.065,0.0864
1728270600000,2024-10-07,03:10:00,2646.055,2646.185,2645.028,2645.085,0.0848
1728270900000,2024-10-07,03:15:00,2644.995,2645.355,2644.775,2645.295,0.0442
1728271200000,2024-10-07,03:20:00,2645.265,2645.265,2644.405,2644.655,0.0999
1728271500000,2024-10-07,03:25:00,2644.705,2645.385,2644.405,2645.385,0.0789
1728271800000,2024-10-07,03:30:00,2645.385,2645.668,2645.035,2645.465,0.1032
1728272100000,2024-10-07,03:35:00,2645.465,2646.475,2645.465,2646.475,0.0823
1728272400000,2024-10-07,03:40:00,2646.555,2647.055,2646.035,2646.095,0.0512
1728272700000,2024-10-07,03:45:00,2646.075,2646.075,2643.735,2644.935,0.3086
1728273000000,2024-10-07,03:50:00,2644.915,2646.395,2644.915,2646.335,0.1817
1728273300000,2024-10-07,03:55:00,2646.355,2647.308,2646.245,2647.255,0.1937
1728273600000,2024-10-07,04:00:00,2647.255,2648.055,2647.235,2647.865,0.1348
1728273900000,2024-10-07,04:05:00,2647.865,2648.485,2647.675,2647.955,0.0905
1728274200000,2024-10-07,04:10:00,2647.955,2648.045,2647.245,2647.265,0.0297
1728274500000,2024-10-07,04:15:00,2647.345,2647.795,2647.255,2647.525,0.0346
1728274800000,2024-10-07,04:20:00,2647.435,2648.055,2647.005,2648.025,0.0256
1728275100000,2024-10-07,04:25:00,2648.005,2648.125,2647.315,2647.435,0.0328
1728275400000,2024-10-07,04:30:00,2647.465,2647.725,2647.295,2647.328,0.023
1728275700000,2024-10-07,04:35:00,2647.364,2647.805,2647.328,2647.595,0.0314
1728276000000,2024-10-07,04:40:00,2647.595,2648.085,2647.305,2648.065,0.0344
1728276300000,2024-10-07,04:45:00,2648.005,2648.025,2647.305,2647.415,0.1082
1728276600000,2024-10-07,04:50:00,2647.405,2647.455,2646.235,2646.485,0.0765
1728276900000,2024-10-07,04:55:00,2646.465,2646.675,2646.235,2646.605,0.0801
1728277200000,2024-10-07,05:00:00,2646.548,2646.575,2646.015,2646.465,0.0602
1728277500000,2024-10-07,05:05:00,2646.555,2646.555,2645.855,2646.275,0.0443
1728277800000,2024-10-07,05:10:00,2646.255,2646.438,2645.385,2645.475,0.049
1728278100000,2024-10-07,05:15:00,2645.475,2645.475,2644.395,2644.395,0.0753
1728278400000,2024-10-07,05:20:00,2644.395,2644.985,2642.885,2643.255,0.1451
1728278700000,2024-10-07,05:25:00,2643.265,2643.675,2642.815,2643.175,0.1459
1728279000000,2024-10-07,05:30:00,2643.195,2643.925,2642.895,2643.385,0.0493
1728279300000,2024-10-07,05:35:00,2643.385,2643.575,2642.338,2642.424,0.2145
1728279600000,2024-10-07,05:40:00,2642.435,2642.875,2641.955,2642.515,0.19
1728279900000,2024-10-07,05:45:00,2642.505,2642.555,2640.845,2641.015,0.0843
1728280200000,2024-10-07,05:50:00,2641.035,2641.335,2639.855,2640.515,0.1727
1728280500000,2024-10-07,05:55:00,2640.515,2640.995,2640.145,2640.545,0.2443
1728280800000,2024-10-07,06:00:00,2640.635,2640.905,2639.695,2639.825,0.2707
1728281100000,2024-10-07,06:05:00,2639.825,2640.945,2639.605,2640.735,0.3494
1728281400000,2024-10-07,06:10:00,2640.715,2642.235,2640.305,2641.555,0.1511
1728281700000,2024-10-07,06:15:00,2641.495,2641.965,2640.265,2641.945,0.0597
1728282000000,2024-10-07,06:20:00,2642.028,2643.545,2641.995,2643.205,0.3436
1728282300000,2024-10-07,06:25:00,2643.245,2643.245,2640.605,2641.155,0.2713
1728282600000,2024-10-07,06:30:00,2641.115,2642.925,2640.995,2641.585,0.101
1728282900000,2024-10-07,06:35:00,2641.655,2643.385,2641.655,2643.155,0.1033
1728283200000,2024-10-07,06:40:00,2643.125,2643.375,2642.495,2642.585,0.0771
1728283500000,2024-10-07,06:45:00,2642.565,2643.355,2642.095,2643.105,0.321
1728283800000,2024-10-07,06:50:00,2643.105,2643.775,2642.295,2642.935,0.162
1728284100000,2024-10-07,06:55:00,2642.975,2643.235,2641.645,2643.085,0.1211
1728284400000,2024-10-07,07:00:00,2643.045,2644.085,2641.925,2643.885,0.2082
1728284700000,2024-10-07,07:05:00,2643.915,2646.055,2643.875,2644.775,0.2407
1728285000000,2024-10-07,07:10:00,2644.765,2645.385,2643.375,2643.524,0.3778
1728285300000,2024-10-07,07:15:00,2643.524,2645.435,2643.524,2644.175,0.2408
1728285600000,2024-10-07,07:20:00,2644.175,2646.065,2644.025,2645.685,0.1128
1728285900000,2024-10-07,07:25:00,2645.685,2646.495,2645.154,2645.218,0.191
1728286200000,2024-10-07,07:30:00,2645.104,2647.465,2645.104,2647.155,0.1793
1728286500000,2024-10-07,07:35:00,2647.155,2649.685,2647.005,2649.145,0.2718
1728286800000,2024-10-07,07:40:00,2649.145,2649.525,2648.795,2648.945,0.1098
1728287100000,2024-10-07,07:45:00,2648.945,2650.538,2648.805,2650.508,0.1544
1728287400000,2024-10-07,07:50:00,2650.524,2651.675,2650.295,2651.425,0.1373
1728287700000,2024-10-07,07:55:00,2651.535,2652.695,2650.945,2651.925,0.1298
1728288000000,2024-10-07,08:00:00,2651.975,2653.445,2651.925,2652.495,0.1716
1728288300000,2024-10-07,08:05:00,2652.485,2655.085,2652.405,2654.885,0.1321
1728288600000,2024-10-07,08:10:00,2654.885,2656.208,2653.225,2653.415,0.2895
1728288900000,2024-10-07,08:15:00,2653.414,2654.535,2651.515,2654.245,0.4302
1728289200000,2024-10-07,08:20:00,2654.315,2654.335,2651.948,2652.295,0.3286
1728289500000,2024-10-07,08:25:00,2652.295,2653.215,2651.855,2653.155,0.3156
1728289800000,2024-10-07,08:30:00,2653.155,2654.225,2652.875,2654.095,0.1991
1728290100000,2024-10-07,08:35:00,2654.145,2654.715,2653.295,2653.325,0.1022
1728290400000,2024-10-07,08:40:00,2653.285,2653.755,2652.545,2652.655,0.0658
1728290700000,2024-10-07,08:45:00,2652.685,2653.125,2651.525,2651.805,0.0992
1728291000000,2024-10-07,08:50:00,2651.805,2652.825,2651.695,2652.745,0.1645
1728291300000,2024-10-07,08:55:00,2652.715,2652.925,2651.515,2652.195,0.1382
1728291600000,2024-10-07,09:00:00,2652.215,2652.475,2650.765,2651.255,0.2203
1728291900000,2024-10-07,09:05:00,2651.255,2651.945,2650.565,2651.265,0.1372
1728292200000,2024-10-07,09:10:00,2651.365,2652.625,2651.195,2651.915,0.2774
1728292500000,2024-10-07,09:15:00,2651.935,2652.395,2651.505,2652.395,0.2873
1728292800000,2024-10-07,09:20:00,2652.415,2652.875,2651.525,2652.335,0.277
1728293100000,2024-10-07,09:25:00,2652.405,2652.735,2651.365,2651.415,0.3492
1728293400000,2024-10-07,09:30:00,2651.415,2652.255,2651.195,2651.525,0.2918
1728293700000,2024-10-07,09:35:00,2651.525,2651.845,2650.895,2651.825,0.2019
1728294000000,2024-10-07,09:40:00,2651.815,2653.795,2651.815,2653.575,0.201
1728294300000,2024-10-07,09:45:00,2653.615,2654.965,2653.595,2654.075,0.182
1728294600000,2024-10-07,09:50:00,2654.085,2656.115,2654.085,2655.495,0.2535
1728294900000,2024-10-07,09:55:00,2655.525,2657.115,2655.525,2656.454,0.2766
1728295200000,2024-10-07,10:00:00,2656.444,2657.475,2655.515,2657.065,0.1442
1728295500000,2024-10-07,10:05:00,2656.975,2657.925,2656.695,2656.975,0.1271
1728295800000,2024-10-07,10:10:00,2657.065,2657.475,2656.645,2656.875,0.0682
1728296100000,2024-10-07,10:15:00,2657.065,2658.175,2656.845,2657.695,0.0759
1728296400000,2024-10-07,10:20:00,2657.725,2658.285,2657.345,2657.585,0.1536
1728296700000,2024-10-07,10:25:00,2657.765,2658.375,2657.455,2658.165,0.0764
1728297000000,2024-10-07,10:30:00,2658.205,2658.358,2656.455,2656.695,0.1307
1728297300000,2024-10-07,10:35:00,2656.725,2657.055,2656.045,2656.945,0.0795
1728297600000,2024-10-07,10:40:00,2656.945,2657.365,2655.865,2656.065,0.0667
1728297900000,2024-10-07,10:45:00,2656.115,2656.965,2656.045,2656.745,0.064
1728298200000,2024-10-07,10:50:00,2656.745,2656.955,2655.505,2655.585,0.0602
1728298500000,2024-10-07,10:55:00,2655.665,2656.375,2655.085,2655.265,0.0661
1728298800000,2024-10-07,11:00:00,2655.245,2657.245,2654.975,2657.075,0.089
1728299100000,2024-10-07,11:05:00,2657.075,2659.045,2657.035,2658.805,0.2203
1728299400000,2024-10-07,11:10:00,2658.835,2659.045,2657.254,2657.454,0.3357
1728299700000,2024-10-07,11:15:00,2657.435,2657.685,2656.835,2657.314,0.3365
1728300000000,2024-10-07,11:20:00,2657.335,2658.215,2656.915,2657.605,0.4365
1728300300000,2024-10-07,11:25:00,2657.595,2658.078,2656.725,2656.734,0.2664
1728300600000,2024-10-07,11:30:00,2656.725,2658.048,2656.655,2657.674,0.2075
1728300900000,2024-10-07,11:35:00,2657.655,2658.575,2657.184,2658.458,0.2945
1728301200000,2024-10-07,11:40:00,2658.475,2659.148,2658.345,2658.645,0.2282
1728301500000,2024-10-07,11:45:00,2658.615,2659.015,2658.365,2658.655,0.0567
1728301800000,2024-10-07,11:50:00,2658.655,2659.155,2657.435,2659.095,0.1481
1728302100000,2024-10-07,11:55:00,2659.085,2659.465,2656.745,2656.835,0.3376
1728302400000,2024-10-07,12:00:00,2656.868,2657.975,2656.548,2657.975,0.1879
1728302700000,2024-10-07,12:05:00,2657.995,2659.155,2657.685,2658.025,0.1038
1728303000000,2024-10-07,12:10:00,2658.025,2658.305,2656.965,2657.075,0.0924
1728303300000,2024-10-07,12:15:00,2657.055,2657.055,2655.475,2655.695,0.1163
1728303600000,2024-10-07,12:20:00,2655.635,2655.635,2650.015,2650.395,0.4701
1728303900000,2024-10-07,12:25:00,2650.395,2650.395,2648.425,2649.455,0.6098
1728304200000,2024-10-07,12:30:00,2649.455,2649.455,2646.855,2647.095,0.409
1728304500000,2024-10-07,12:35:00,2646.965,2647.075,2642.135,2642.575,0.4852
1728304800000,2024-10-07,12:40:00,2642.455,2645.125,2641.225,2642.975,0.5286
1728305100000,2024-10-07,12:45:00,2643.085,2643.735,2640.385,2640.885,0.6
1728305400000,2024-10-07,12:50:00,2640.948,2641.235,2638.898,2639.885,0.4191
1728305700000,2024-10-07,12:55:00,2639.975,2640.215,2637.688,2639.925,0.5314
1728306000000,2024-10-07,13:00:00,2639.905,2643.515,2639.585,2643.345,0.7256
1728306300000,2024-10-07,13:05:00,2643.255,2646.628,2643.255,2645.315,0.5042
1728306600000,2024-10-07,13:10:00,2645.285,2649.888,2644.655,2649.265,0.3123
1728306900000,2024-10-07,13:15:00,2649.265,2652.555,2648.965,2652.005,0.5207
1728307200000,2024-10-07,13:20:00,2652.025,2653.675,2649.455,2649.995,0.5615
1728307500000,2024-10-07,13:25:00,2650.185,2650.185,2646.628,2647.045,0.2206
1728307800000,2024-10-07,13:30:00,2646.995,2647.295,2645.648,2646.785,0.284
1728308100000,2024-10-07,13:35:00,2646.715,2647.375,2644.575,2645.285,0.349
1728308400000,2024-10-07,13:40:00,2645.215,2647.045,2643.735,2645.155,0.535
1728308700000,2024-10-07,13:45:00,2645.235,2648.635,2645.235,2645.595,0.5774
1728309000000,2024-10-07,13:50:00,2645.488,2647.495,2644.418,2645.135,0.2842
1728309300000,2024-10-07,13:55:00,2645.065,2645.955,2642.148,2642.605,0.3753
1728309600000,2024-10-07,14:00:00,2642.625,2643.675,2640.735,2643.585,0.3562
1728309900000,2024-10-07,14:05:00,2643.585,2644.814,2642.474,2643.615,0.3628
1728310200000,2024-10-07,14:10:00,2643.625,2646.045,2643.555,2645.755,0.4005
1728310500000,2024-10-07,14:15:00,2645.685,2645.965,2643.005,2643.905,0.1697
1728310800000,2024-10-07,14:20:00,2643.955,2644.325,2641.208,2641.985,0.2465
1728311100000,2024-10-07,14:25:00,2641.965,2642.885,2640.275,2642.815,0.1785
1728311400000,2024-10-07,14:30:00,2642.915,2642.915,2640.395,2642.545,0.157
1728311700000,2024-10-07,14:35:00,2642.488,2644.685,2641.995,2644.295,0.1744
1728312000000,2024-10-07,14:40:00,2644.485,2647.655,2644.215,2645.985,0.3061
1728312300000,2024-10-07,14:45:00,2646.025,2646.078,2643.905,2644.275,0.2183
1728312600000,2024-10-07,14:50:00,2644.305,2646.895,2644.305,2645.565,0.1181
1728312900000,2024-10-07,14:55:00,2645.595,2646.065,2640.705,2640.728,0.1752
1728313200000,2024-10-07,15:00:00,2640.705,2642.975,2638.995,2642.175,0.2725
1728313500000,2024-10-07,15:05:00,2642.075,2643.585,2641.125,2641.225,0.1427
1728313800000,2024-10-07,15:10:00,2641.198,2641.475,2639.885,2640.685,0.1046
1728314100000,2024-10-07,15:15:00,2640.615,2643.565,2640.445,2642.615,0.1333
1728314400000,2024-10-07,15:20:00,2642.615,2645.715,2642.545,2645.565,0.213
1728314700000,2024-10-07,15:25:00,2645.535,2646.485,2644.338,2645.895,0.1595
1728315000000,2024-10-07,15:30:00,2645.895,2648.965,2645.535,2648.785,0.107
1728315300000,2024-10-07,15:35:00,2648.925,2649.635,2647.128,2648.145,0.2656
1728315600000,2024-10-07,15:40:00,2648.175,2649.565,2648.175,2649.085,0.0752
1728315900000,2024-10-07,15:45:00,2649.085,2650.015,2648.055,2648.055,0.0852
1728316200000,2024-10-07,15:50:00,2648.095,2648.785,2646.775,2647.105,0.0703
1728316500000,2024-10-07,15:55:00,2647.145,2647.205,2645.354,2645.608,0.1163
1728316800000,2024-10-07,16:00:00,2645.608,2646.648,2644.905,2644.908,0.1587
1728317100000,2024-10-07,16:05:00,2644.905,2645.515,2644.495,2645.385,0.1254
1728317400000,2024-10-07,16:10:00,2645.365,2645.598,2643.808,2644.025,0.0809
1728317700000,2024-10-07,16:15:00,2644.028,2645.055,2643.555,2644.535,0.0978
1728318000000,2024-10-07,16:20:00,2644.545,2644.855,2643.805,2644.115,0.0695
1728318300000,2024-10-07,16:25:00,2644.075,2644.115,2642.505,2643.275,0.1031
1728318600000,2024-10-07,16:30:00,2643.275,2644.465,2643.205,2643.405,0.1496
1728318900000,2024-10-07,16:35:00,2643.295,2644.965,2643.295,2644.078,0.1233
1728319200000,2024-10-07,16:40:00,2644.058,2644.185,2642.945,2643.855,0.1581
1728319500000,2024-10-07,16:45:00,2643.835,2644.858,2643.785,2644.505,0.137
1728319800000,2024-10-07,16:50:00,2644.465,2646.018,2644.415,2645.605,0.1146
1728320100000,2024-10-07,16:55:00,2645.605,2646.805,2645.345,2646.735,0.095
1728320400000,2024-10-07,17:00:00,2646.585,2647.038,2646.075,2646.495,0.0931
1728320700000,2024-10-07,17:05:00,2646.495,2646.715,2644.955,2645.965,0.0834
1728321000000,2024-10-07,17:10:00,2645.965,2646.755,2645.465,2646.575,0.0675
1728321300000,2024-10-07,17:15:00,2646.575,2646.825,2645.285,2645.495,0.0863
1728321600000,2024-10-07,17:20:00,2645.528,2645.885,2644.075,2644.375,0.101
1728321900000,2024-10-07,17:25:00,2644.445,2646.605,2644.045,2645.938,0.1421
1728322200000,2024-10-07,17:30:00,2645.938,2646.705,2645.895,2646.655,0.1074
1728322500000,2024-10-07,17:35:00,2646.655,2647.515,2646.655,2647.298,0.1303
1728322800000,2024-10-07,17:40:00,2647.308,2648.425,2647.308,2648.395,0.0789
1728323100000,2024-10-07,17:45:00,2648.395,2648.635,2647.695,2648.034,0.0753
1728323400000,2024-10-07,17:50:00,2648.085,2648.275,2647.335,2647.875,0.1279
1728323700000,2024-10-07,17:55:00,2647.884,2648.018,2647.415,2647.835,0.0966
1728324000000,2024-10-07,18:00:00,2647.835,2647.965,2646.255,2646.578,0.1616
1728324300000,2024-10-07,18:05:00,2646.578,2646.955,2645.645,2646.018,0.1273
1728324600000,2024-10-07,18:10:00,2646.015,2646.238,2645.255,2645.438,0.0845
1728324900000,2024-10-07,18:15:00,2645.418,2645.945,2645.075,2645.628,0.079
1728325200000,2024-10-07,18:20:00,2645.585,2646.078,2645.278,2645.298,0.0957
1728325500000,2024-10-07,18:25:00,2645.378,2645.508,2644.704,2644.914,0.1527
1728325800000,2024-10-07,18:30:00,2644.914,2646.685,2643.808,2645.495,0.1273
1728326100000,2024-10-07,18:35:00,2645.498,2645.498,2642.538,2642.558,0.1974
1728326400000,2024-10-07,18:40:00,2642.578,2642.978,2640.635,2640.865,0.2036
1728326700000,2024-10-07,18:45:00,2640.845,2641.698,2640.195,2640.915,0.197
1728327000000,2024-10-07,18:50:00,2640.965,2640.965,2639.505,2640.155,0.2468
1728327300000,2024-10-07,18:55:00,2640.075,2641.215,2639.768,2640.735,0.3161
1728327600000,2024-10-07,19:00:00,2640.735,2641.555,2640.345,2640.875,0.4068
1728327900000,2024-10-07,19:05:00,2640.925,2641.565,2640.365,2641.025,0.3526
1728328200000,2024-10-07,19:10:00,2641.015,2642.435,2640.485,2642.095,0.2777
1728328500000,2024-10-07,19:15:00,2642.095,2643.145,2641.885,2642.858,0.2123
1728328800000,2024-10-07,19:20:00,2642.848,2643.915,2642.685,2643.725,0.1183
1728329100000,2024-10-07,19:25:00,2643.725,2643.935,2643.465,2643.655,0.1327
1728329400000,2024-10-07,19:30:00,2643.655,2643.965,2642.445,2643.215,0.1731
1728329700000,2024-10-07,19:35:00,2643.218,2643.648,2643.085,2643.435,0.1663
1728330000000,2024-10-07,19:40:00,2643.458,2643.758,2643.028,2643.465,0.1085
1728330300000,2024-10-07,19:45:00,2643.465,2643.755,2643.105,2643.345,0.1037
1728330600000,2024-10-07,19:50:00,2643.345,2644.608,2643.215,2643.965,0.1302
1728330900000,2024-10-07,19:55:00,2643.895,2644.345,2642.728,2643.148,0.1935
1728331200000,2024-10-07,20:00:00,2643.058,2643.568,2642.895,2643.478,0.1219
1728331500000,2024-10-07,20:05:00,2643.395,2643.568,2643.085,2643.278,0.0733
1728331800000,2024-10-07,20:10:00,2643.278,2643.588,2642.498,2642.788,0.0556
1728332100000,2024-10-07,20:15:00,2642.725,2642.958,2642.455,2642.658,0.0592
1728332400000,2024-10-07,20:20:00,2642.658,2642.738,2641.668,2641.968,0.0773
1728332700000,2024-10-07,20:25:00,2642.048,2642.688,2641.875,2642.668,0.0614
1728333000000,2024-10-07,20:30:00,2642.655,2642.798,2642.185,2642.268,0.1002
1728333300000,2024-10-07,20:35:00,2642.268,2642.688,2642.185,2642.558,0.062
1728333600000,2024-10-07,20:40:00,2642.598,2642.898,2642.318,2642.868,0.0646
1728333900000,2024-10-07,20:45:00,2642.855,2642.918,2642.498,2642.728,0.0548
1728334200000,2024-10-07,20:50:00,2642.655,2643.098,2642.588,2643.038,0.0625
1728334500000,2024-10-07,20:55:00,2643.058,2643.088,2642.225,2642.625,0.1095
1728338400000,2024-10-07,22:00:00,2641.965,2642.978,2641.784,2641.795,0.0649
1728338700000,2024-10-07,22:05:00,2641.785,2642.235,2641.595,2642.195,0.0317
1728339000000,2024-10-07,22:10:00,2642.135,2642.664,2642.115,2642.645,0.0324
1728339300000,2024-10-07,22:15:00,2642.645,2643.495,2642.295,2643.405,0.0727
1728339600000,2024-10-07,22:20:00,2643.445,2643.815,2643.405,2643.735,0.0184
1728339900000,2024-10-07,22:25:00,2643.795,2644.855,2643.755,2644.435,0.0204
1728340200000,2024-10-07,22:30:00,2644.365,2646.325,2644.135,2645.755,0.0789
1728340500000,2024-10-07,22:35:00,2645.815,2648.975,2644.015,2644.455,0.2166
1728340800000,2024-10-07,22:40:00,2644.385,2644.865,2643.445,2643.745,0.1373
1728341100000,2024-10-07,22:45:00,2643.745,2643.905,2643.025,2643.035,0.0985
1728341400000,2024-10-07,22:50:00,2643.035,2644.655,2642.925,2643.935,0.1063
1728341700000,2024-10-07,22:55:00,2643.885,2644.675,2643.425,2644.048,0.1241
1728342000000,2024-10-07,23:00:00,2644.085,2644.555,2643.485,2643.845,0.1119
1728342300000,2024-10-07,23:05:00,2643.845,2644.005,2642.655,2643.015,0.2277
1728342600000,2024-10-07,23:10:00,2643.025,2643.855,2642.825,2643.845,0.1666
1728342900000,2024-10-07,23:15:00,2643.835,2644.645,2643.755,2644.608,0.114
1728343200000,2024-10-07,23:20:00,2644.595,2644.748,2643.855,2644.005,0.1287
1728343500000,2024-10-07,23:25:00,2643.965,2644.035,2643.545,2643.685,0.0541
1728343800000,2024-10-07,23:30:00,2643.735,2644.385,2643.375,2643.405,0.0757
1728344100000,2024-10-07,23:35:00,2643.395,2643.538,2643.045,2643.395,0.09
1728344400000,2024-10-07,23:40:00,2643.385,2643.735,2642.365,2642.455,0.1055
1728344700000,2024-10-07,23:45:00,2642.425,2642.955,2642.295,2642.775,0.0448
1728345000000,2024-10-07,23:50:00,2642.735,2643.375,2642.735,2643.235,0.0531
1728345300000,2024-10-07,23:55:00,2643.295,2643.468,2642.795,2642.855,0.0505
1728345600000,2024-10-08,00:00:00,2642.895,2643.145,2642.648,2642.685,0.3341
1728345900000,2024-10-08,00:05:00,2642.685,2643.974,2642.608,2643.475,0.245
1728346200000,2024-10-08,00:10:00,2643.484,2643.715,2642.955,2643.325,0.1965
1728346500000,2024-10-08,00:15:00,2643.325,2643.535,2642.925,2643.425,0.1018
1728346800000,2024-10-08,00:20:00,2643.405,2643.815,2642.335,2642.445,0.1792
1728347100000,2024-10-08,00:25:00,2642.445,2643.145,2642.245,2642.584,0.094
1728347400000,2024-10-08,00:30:00,2642.655,2643.005,2642.185,2642.615,0.0528
1728347700000,2024-10-08,00:35:00,2642.585,2644.095,2642.335,2643.885,0.0829
1728348000000,2024-10-08,00:40:00,2643.885,2644.965,2643.805,2644.685,0.0551
1728348300000,2024-10-08,00:45:00,2644.685,2644.755,2644.195,2644.525,0.0783
1728348600000,2024-10-08,00:50:00,2644.495,2644.665,2642.775,2642.805,0.1746
1728348900000,2024-10-08,00:55:00,2642.808,2643.695,2642.775,2643.475,0.086
1728349200000,2024-10-08,01:00:00,2643.395,2643.585,2639.515,2639.925,0.3923
1728349500000,2024-10-08,01:05:00,2639.935,2640.785,2638.105,2639.995,0.5244
1728349800000,2024-10-08,01:10:00,2639.995,2641.695,2639.665,2640.985,0.2109
1728350100000,2024-10-08,01:15:00,2641.085,2641.085,2638.798,2640.855,0.2347
1728350400000,2024-10-08,01:20:00,2640.835,2642.135,2639.598,2641.735,0.4306
1728350700000,2024-10-08,01:25:00,2641.754,2641.785,2640.325,2640.695,0.0867
1728351000000,2024-10-08,01:30:00,2640.695,2641.115,2637.758,2638.365,0.3941
1728351300000,2024-10-08,01:35:00,2638.375,2640.365,2637.835,2640.255,0.381
1728351600000,2024-10-08,01:40:00,2640.255,2641.205,2639.925,2640.525,0.1712
1728351900000,2024-10-08,01:45:00,2640.505,2642.215,2639.648,2642.215,0.3074
1728352200000,2024-10-08,01:50:00,2642.215,2645.185,2642.175,2644.775,0.1843
1728352500000,2024-10-08,01:55:00,2644.815,2647.785,2644.645,2647.115,0.2098
1728352800000,2024-10-08,02:00:00,2647.115,2648.095,2645.835,2645.855,0.2501
1728353100000,2024-10-08,02:05:00,2645.864,2645.875,2643.345,2644.725,0.2683
1728353400000,2024-10-08,02:10:00,2644.725,2644.925,2640.935,2640.975,0.147
1728353700000,2024-10-08,02:15:00,2640.965,2642.455,2640.415,2640.895,0.1566
1728354000000,2024-10-08,02:20:00,2640.815,2641.785,2638.745,2638.985,0.1226
1728354300000,2024-10-08,02:25:00,2638.985,2639.885,2637.574,2637.904,0.3619
1728354600000,2024-10-08,02:30:00,2637.894,2638.545,2635.255,2635.725,0.8126
1728354900000,2024-10-08,02:35:00,2635.705,2637.585,2634.285,2635.698,0.9293
1728355200000,2024-10-08,02:40:00,2635.735,2637.535,2634.995,2635.375,0.5607
1728355500000,2024-10-08,02:45:00,2635.255,2637.225,2633.665,2636.955,0.5898
1728355800000,2024-10-08,02:50:00,2636.955,2637.325,2635.445,2636.748,0.5226
1728356100000,2024-10-08,02:55:00,2636.734,2638.235,2635.355,2635.555,0.5147
1728356400000,2024-10-08,03:00:00,2635.464,2640.275,2635.105,2639.845,0.3199
1728356700000,2024-10-08,03:05:00,2639.815,2640.748,2639.465,2639.465,0.194
1728357000000,2024-10-08,03:10:00,2639.385,2640.515,2639.175,2640.175,0.2713
1728357300000,2024-10-08,03:15:00,2640.195,2643.398,2640.155,2642.325,0.2538
1728357600000,2024-10-08,03:20:00,2642.388,2642.665,2641.245,2641.835,0.1798
1728357900000,2024-10-08,03:25:00,2641.835,2643.035,2641.195,2641.605,0.1386
1728358200000,2024-10-08,03:30:00,2641.545,2643.185,2641.545,2642.475,0.1169
1728358500000,2024-10-08,03:35:00,2642.525,2643.635,2641.985,2643.105,0.1541
1728358800000,2024-10-08,03:40:00,2643.085,2645.185,2641.525,2644.925,0.2661
1728359100000,2024-10-08,03:45:00,2644.995,2645.615,2643.305,2643.305,0.283
1728359400000,2024-10-08,03:50:00,2643.305,2643.405,2642.075,2642.445,0.0788
1728359700000,2024-10-08,03:55:00,2642.425,2643.115,2642.235,2642.805,0.0535
1728360000000,2024-10-08,04:00:00,2642.805,2643.605,2641.205,2641.365,0.064
1728360300000,2024-10-08,04:05:00,2641.325,2642.975,2641.325,2641.945,0.1009
1728360600000,2024-10-08,04:10:00,2641.855,2642.394,2641.628,2642.335,0.1026
1728360900000,2024-10-08,04:15:00,2642.335,2643.505,2642.315,2643.094,0.1064
1728361200000,2024-10-08,04:20:00,2643.084,2643.425,2642.145,2642.145,0.0821
1728361500000,2024-10-08,04:25:00,2642.175,2642.848,2641.975,2642.345,0.0713
1728361800000,2024-10-08,04:30:00,2642.345,2643.415,2642.195,2642.745,0.037
1728362100000,2024-10-08,04:35:00,2642.815,2642.815,2641.855,2641.955,0.0485
1728362400000,2024-10-08,04:40:00,2641.955,2642.235,2641.355,2642.035,0.0419
1728362700000,2024-10-08,04:45:00,2642.035,2642.035,2641.325,2641.454,0.0465
1728363000000,2024-10-08,04:50:00,2641.388,2642.335,2641.378,2642.215,0.0277
1728363300000,2024-10-08,04:55:00,2642.235,2642.945,2642.125,2642.945,0.0315
1728363600000,2024-10-08,05:00:00,2642.925,2643.545,2641.838,2642.035,0.0845
1728363900000,2024-10-08,05:05:00,2642.075,2642.925,2641.435,2642.815,0.0703
1728364200000,2024-10-08,05:10:00,2642.724,2643.615,2641.765,2643.015,0.0738
1728364500000,2024-10-08,05:15:00,2643.115,2643.305,2642.595,2643.044,0.0755
1728364800000,2024-10-08,05:20:00,2643.125,2644.565,2643.125,2643.605,0.188
1728365100000,2024-10-08,05:25:00,2643.645,2643.905,2642.478,2642.635,0.1372
1728365400000,2024-10-08,05:30:00,2642.665,2644.648,2641.895,2644.015,0.1063
1728365700000,2024-10-08,05:35:00,2644.025,2645.935,2643.475,2644.884,0.2434
1728366000000,2024-10-08,05:40:00,2644.878,2646.215,2644.718,2645.705,0.1102
1728366300000,2024-10-08,05:45:00,2645.735,2645.775,2644.205,2644.425,0.1082
1728366600000,2024-10-08,05:50:00,2644.425,2644.855,2642.864,2643.665,0.1469
1728366900000,2024-10-08,05:55:00,2643.715,2644.945,2643.125,2644.885,0.1597
1728367200000,2024-10-08,06:00:00,2644.885,2646.125,2644.645,2645.625,0.1236
1728367500000,2024-10-08,06:05:00,2645.625,2646.305,2644.935,2646.305,0.1704
1728367800000,2024-10-08,06:10:00,2646.305,2646.335,2645.338,2645.345,0.1367
1728368100000,2024-10-08,06:15:00,2645.345,2645.345,2643.485,2643.568,0.1633
1728368400000,2024-10-08,06:20:00,2643.485,2644.025,2642.675,2643.145,0.3688
1728368700000,2024-10-08,06:25:00,2643.105,2643.355,2640.925,2640.925,0.5411
1728369000000,2024-10-08,06:30:00,2640.925,2642.025,2639.315,2639.605,0.493
1728369300000,2024-10-08,06:35:00,2639.585,2641.008,2638.805,2640.875,0.2755
1728369600000,2024-10-08,06:40:00,2640.885,2640.948,2637.975,2638.235,0.2424
1728369900000,2024-10-08,06:45:00,2638.208,2638.655,2635.805,2635.845,0.2341
1728370200000,2024-10-08,06:50:00,2635.885,2636.465,2635.585,2636.115,0.3324
1728370500000,2024-10-08,06:55:00,2636.098,2636.605,2635.628,2636.255,0.2744
1728370800000,2024-10-08,07:00:00,2636.235,2636.255,2631.025,2631.995,0.3611
1728371100000,2024-10-08,07:05:00,2631.995,2636.024,2631.098,2635.394,0.3099
1728371400000,2024-10-08,07:10:00,2635.375,2637.945,2635.245,2636.785,0.1972
1728371700000,2024-10-08,07:15:00,2636.764,2638.005,2636.195,2636.735,0.1004
1728372000000,2024-10-08,07:20:00,2636.735,2636.805,2635.725,2636.215,0.1461
1728372300000,2024-10-08,07:25:00,2636.215,2636.695,2633.775,2634.685,0.1518
1728372600000,2024-10-08,07:30:00,2634.755,2638.345,2634.695,2637.985,0.1598
1728372900000,2024-10-08,07:35:00,2637.985,2638.245,2634.645,2635.905,0.1285
1728373200000,2024-10-08,07:40:00,2635.805,2636.745,2634.435,2634.535,0.1302
1728373500000,2024-10-08,07:45:00,2634.535,2635.335,2633.905,2634.975,0.1144
1728373800000,2024-10-08,07:50:00,2634.995,2636.035,2634.215,2634.815,0.1043
1728374100000,2024-10-08,07:55:00,2634.765,2634.915,2632.235,2633.815,0.1601
1728374400000,2024-10-08,08:00:00,2633.845,2635.305,2633.085,2633.815,0.1933
1728374700000,2024-10-08,08:05:00,2633.805,2635.435,2632.685,2632.715,0.2725
1728375000000,2024-10-08,08:10:00,2632.835,2633.465,2631.745,2632.325,0.1889
1728375300000,2024-10-08,08:15:00,2632.315,2633.065,2629.805,2630.068,0.2956
1728375600000,2024-10-08,08:20:00,2630.045,2632.425,2628.425,2632.175,0.6163
1728375900000,2024-10-08,08:25:00,2632.155,2635.645,2632.005,2635.448,0.5435
1728376200000,2024-10-08,08:30:00,2635.425,2637.014,2635.424,2636.635,0.3634
1728376500000,2024-10-08,08:35:00,2636.635,2639.635,2636.635,2639.275,0.1817
1728376800000,2024-10-08,08:40:00,2639.325,2640.185,2637.065,2638.315,0.2497
1728377100000,2024-10-08,08:45:00,2638.315,2639.005,2636.835,2639.005,0.1718
1728377400000,2024-10-08,08:50:00,2639.025,2639.095,2637.588,2638.335,0.3118
1728377700000,2024-10-08,08:55:00,2638.295,2638.355,2637.034,2637.765,0.3022
1728378000000,2024-10-08,09:00:00,2637.805,2639.015,2637.285,2637.964,0.2141
1728378300000,2024-10-08,09:05:00,2637.974,2638.174,2635.675,2635.695,0.3902
1728378600000,2024-10-08,09:10:00,2635.695,2636.525,2635.618,2636.245,0.1106
1728378900000,2024-10-08,09:15:00,2636.245,2638.445,2636.225,2637.795,0.1066
1728379200000,2024-10-08,09:20:00,2637.728,2638.744,2637.425,2638.164,0.1999
1728379500000,2024-10-08,09:25:00,2638.118,2638.185,2636.708,2637.495,0.1258
1728379800000,2024-10-08,09:30:00,2637.505,2639.555,2637.085,2639.485,0.1231
1728380100000,2024-10-08,09:35:00,2639.485,2640.185,2638.738,2638.938,0.2614
1728380400000,2024-10-08,09:40:00,2638.975,2639.785,2638.725,2639.175,0.1749
1728380700000,2024-10-08,09:45:00,2639.105,2640.745,2638.955,2640.465,0.1442
1728381000000,2024-10-08,09:50:00,2640.465,2641.745,2640.355,2641.105,0.1394
1728381300000,2024-10-08,09:55:00,2641.195,2641.875,2641.145,2641.355,0.1099
1728381600000,2024-10-08,10:00:00,2641.355,2641.815,2639.685,2640.515,0.206
1728381900000,2024-10-08,10:05:00,2640.575,2641.875,2640.495,2640.945,0.111
1728382200000,2024-10-08,10:10:00,2640.945,2641.525,2640.615,2641.435,0.074
1728382500000,2024-10-08,10:15:00,2641.515,2641.895,2641.245,2641.695,0.0799
1728382800000,2024-10-08,10:20:00,2641.675,2641.945,2640.325,2640.495,0.0822
1728383100000,2024-10-08,10:25:00,2640.495,2641.695,2640.365,2640.895,0.0733
1728383400000,2024-10-08,10:30:00,2640.895,2643.078,2640.685,2642.525,0.1516
1728383700000,2024-10-08,10:35:00,2642.525,2644.228,2642.268,2642.414,0.3075
1728384000000,2024-10-08,10:40:00,2642.414,2642.498,2641.038,2641.745,0.2142
1728384300000,2024-10-08,10:45:00,2641.705,2644.305,2641.345,2643.995,0.1766
1728384600000,2024-10-08,10:50:00,2644.008,2645.808,2643.965,2645.755,0.1064
1728384900000,2024-10-08,10:55:00,2645.755,2647.345,2645.415,2646.185,0.2033
1728385200000,2024-10-08,11:00:00,2646.185,2647.545,2646.175,2646.375,0.1374
1728385500000,2024-10-08,11:05:00,2646.375,2648.308,2646.285,2648.175,0.1596
1728385800000,2024-10-08,11:10:00,2648.235,2648.565,2646.135,2646.235,0.128
1728386100000,2024-10-08,11:15:00,2646.205,2648.355,2646.145,2648.065,0.1371
1728386400000,2024-10-08,11:20:00,2648.065,2650.495,2648.065,2649.765,0.27
1728386700000,2024-10-08,11:25:00,2649.835,2650.118,2647.565,2648.335,0.2077
1728387000000,2024-10-08,11:30:00,2648.335,2649.945,2648.064,2648.665,0.1797
1728387300000,2024-10-08,11:35:00,2648.615,2648.758,2648.215,2648.348,0.0775
1728387600000,2024-10-08,11:40:00,2648.348,2651.698,2648.305,2650.078,0.1446
1728387900000,2024-10-08,11:45:00,2650.064,2651.835,2650.064,2651.374,0.3127
1728388200000,2024-10-08,11:50:00,2651.374,2651.615,2650.565,2651.175,0.1188
1728388500000,2024-10-08,11:55:00,2651.145,2651.315,2650.555,2650.615,0.1088
1728388800000,2024-10-08,12:00:00,2650.695,2651.965,2648.585,2649.085,0.2614
1728389100000,2024-10-08,12:05:00,2649.055,2650.585,2648.465,2649.138,0.1859
1728389400000,2024-10-08,12:10:00,2649.125,2652.265,2648.795,2652.055,0.1399
1728389700000,2024-10-08,12:15:00,2652.075,2652.195,2651.024,2651.935,0.1517
1728390000000,2024-10-08,12:20:00,2652.055,2652.595,2651.045,2651.865,0.1487
1728390300000,2024-10-08,12:25:00,2651.815,2652.885,2648.295,2648.675,0.3036
1728390600000,2024-10-08,12:30:00,2648.665,2649.464,2639.505,2643.535,0.7489
1728390900000,2024-10-08,12:35:00,2643.465,2648.165,2643.285,2647.884,0.7103
1728391200000,2024-10-08,12:40:00,2647.904,2648.164,2644.884,2646.405,0.503
1728391500000,2024-10-08,12:45:00,2646.405,2649.025,2645.364,2646.574,0.4431
1728391800000,2024-10-08,12:50:00,2646.545,2647.264,2645.268,2645.338,0.4185
1728392100000,2024-10-08,12:55:00,2645.285,2645.958,2644.765,2645.735,0.4062
1728392400000,2024-10-08,13:00:00,2645.725,2647.475,2644.465,2645.085,0.3211
1728392700000,2024-10-08,13:05:00,2645.075,2646.715,2642.915,2643.205,0.2746
1728393000000,2024-10-08,13:10:00,2643.225,2643.225,2640.998,2642.798,0.5839
1728393300000,2024-10-08,13:15:00,2642.795,2642.818,2640.145,2640.275,0.4898
1728393600000,2024-10-08,13:20:00,2640.275,2642.385,2639.485,2639.525,0.7438
1728393900000,2024-10-08,13:25:00,2639.528,2639.558,2636.585,2639.085,0.597
1728394200000,2024-10-08,13:30:00,2639.125,2639.575,2636.545,2637.455,1.1652
1728394500000,2024-10-08,13:35:00,2637.465,2640.495,2637.315,2639.015,0.9751
1728394800000,2024-10-08,13:40:00,2639.015,2641.488,2637.938,2639.815,0.6585
1728395100000,2024-10-08,13:45:00,2639.815,2641.625,2638.735,2640.775,0.5521
1728395400000,2024-10-08,13:50:00,2640.775,2640.868,2636.745,2637.255,0.6815
1728395700000,2024-10-08,13:55:00,2637.225,2640.015,2637.225,2639.555,0.7996
1728396000000,2024-10-08,14:00:00,2639.555,2640.285,2637.048,2637.115,0.3296
1728396300000,2024-10-08,14:05:00,2637.185,2639.455,2635.474,2636.608,0.6758
1728396600000,2024-10-08,14:10:00,2636.608,2637.085,2633.405,2633.955,0.5253
1728396900000,2024-10-08,14:15:00,2633.975,2635.945,2632.495,2632.505,0.8806
1728397200000,2024-10-08,14:20:00,2632.495,2635.805,2629.5,2633.315,1.1058
1728397500000,2024-10-08,14:25:00,2633.375,2633.425,2626.018,2627.515,1.2406
1728397800000,2024-10-08,14:30:00,2627.515,2628.025,2623.325,2624.285,1.15
1728398100000,2024-10-08,14:35:00,2624.245,2624.525,2619.708,2624.165,1.2711
1728398400000,2024-10-08,14:40:00,2624.205,2626.565,2623.475,2624.845,1.1631
1728398700000,2024-10-08,14:45:00,2625.105,2625.375,2621.628,2624.498,0.8201
1728399000000,2024-10-08,14:50:00,2624.498,2624.615,2622,2623.935,0.4783
1728399300000,2024-10-08,14:55:00,2624.015,2624.278,2620.188,2620.828,0.5276
1728399600000,2024-10-08,15:00:00,2620.925,2620.935,2616.398,2619.215,0.5148
1728399900000,2024-10-08,15:05:00,2619.195,2620.285,2612.728,2615.675,0.8406
1728400200000,2024-10-08,15:10:00,2615.655,2615.655,2610.928,2612.235,0.9351
1728400500000,2024-10-08,15:15:00,2612.245,2615.708,2612.245,2614.915,0.4386
1728400800000,2024-10-08,15:20:00,2614.915,2615.465,2610.855,2610.875,0.4659
1728401100000,2024-10-08,15:25:00,2610.845,2612.565,2609.268,2609.355,0.7897
1728401400000,2024-10-08,15:30:00,2609.355,2610.915,2604.635,2604.635,0.4112
1728401700000,2024-10-08,15:35:00,2604.584,2608.865,2604.575,2608.235,0.3333
1728402000000,2024-10-08,15:40:00,2608.285,2610.475,2607.615,2610.085,0.4453
1728402300000,2024-10-08,15:45:00,2610.085,2612.695,2609.195,2611.265,0.5417
1728402600000,2024-10-08,15:50:00,2611.225,2613.405,2610.775,2612.805,0.4539
1728402900000,2024-10-08,15:55:00,2612.805,2615.255,2612.485,2612.825,0.2936
1728403200000,2024-10-08,16:00:00,2612.805,2613.925,2611.715,2611.865,0.3479
1728403500000,2024-10-08,16:05:00,2611.865,2614.885,2611.365,2614.278,0.4891
1728403800000,2024-10-08,16:10:00,2614.295,2615.938,2614.205,2615.245,0.2563
1728404100000,2024-10-08,16:15:00,2615.295,2616.065,2614.625,2615.535,0.1844
1728404400000,2024-10-08,16:20:00,2615.535,2615.815,2613.525,2613.535,0.1464
1728404700000,2024-10-08,16:25:00,2613.525,2614.935,2613.155,2613.365,0.1449
1728405000000,2024-10-08,16:30:00,2613.465,2613.988,2611.835,2612.865,0.1631
1728405300000,2024-10-08,16:35:00,2612.865,2613.255,2610.498,2613.245,0.2342
1728405600000,2024-10-08,16:40:00,2613.245,2613.295,2609.935,2610.745,0.2014
1728405900000,2024-10-08,16:45:00,2610.745,2611.145,2608.575,2608.785,0.319
1728406200000,2024-10-08,16:50:00,2608.825,2609.925,2606.595,2609.405,0.8104
1728406500000,2024-10-08,16:55:00,2609.385,2610.425,2607.885,2608.885,0.6772
1728406800000,2024-10-08,17:00:00,2608.915,2609.075,2605.325,2605.765,0.6521
1728407100000,2024-10-08,17:05:00,2605.785,2612.085,2605.515,2611.975,0.4837
1728407400000,2024-10-08,17:10:00,2611.954,2616.115,2611.585,2612.945,0.4273
1728407700000,2024-10-08,17:15:00,2612.945,2615.425,2612.605,2614.645,0.1718
1728408000000,2024-10-08,17:20:00,2614.645,2616.825,2614.475,2616.105,0.1529
1728408300000,2024-10-08,17:25:00,2616.128,2617.975,2615.565,2616.345,0.2708
1728408600000,2024-10-08,17:30:00,2616.265,2617.135,2615.708,2616.018,0.1799
1728408900000,2024-10-08,17:35:00,2616.018,2616.574,2614.355,2614.415,0.188
1728409200000,2024-10-08,17:40:00,2614.395,2616.065,2613.825,2616.035,0.0779
1728409500000,2024-10-08,17:45:00,2616.035,2616.815,2615.378,2615.385,0.1714
1728409800000,2024-10-08,17:50:00,2615.405,2615.805,2613.998,2614.018,0.2424
1728410100000,2024-10-08,17:55:00,2614.008,2614.845,2613.998,2614.418,0.1685
1728410400000,2024-10-08,18:00:00,2614.418,2615.675,2613.715,2615.665,0.3686
1728410700000,2024-10-08,18:05:00,2615.575,2615.875,2613.945,2614.735,0.3943
1728411000000,2024-10-08,18:10:00,2614.785,2616.185,2614.515,2614.595,0.3802
1728411300000,2024-10-08,18:15:00,2614.625,2616.038,2614.625,2615.545,0.2672
1728411600000,2024-10-08,18:20:00,2615.545,2615.555,2614.485,2615.035,0.2022
1728411900000,2024-10-08,18:25:00,2615.038,2615.738,2614.648,2615.585,0.2768
1728412200000,2024-10-08,18:30:00,2615.595,2616.375,2614.698,2615.995,0.1797
1728412500000,2024-10-08,18:35:00,2616.015,2616.875,2615.425,2615.535,0.2468
1728412800000,2024-10-08,18:40:00,2615.535,2616.055,2614.485,2615.185,0.2211
1728413100000,2024-10-08,18:45:00,2615.205,2615.955,2614.935,2615.885,0.2059
1728413400000,2024-10-08,18:50:00,2615.948,2616.528,2615.175,2616.275,0.2113
1728413700000,2024-10-08,18:55:00,2616.275,2616.548,2615.318,2615.638,0.2263
1728414000000,2024-10-08,19:00:00,2615.585,2617.125,2615.285,2617.125,0.3272
1728414300000,2024-10-08,19:05:00,2617.185,2617.715,2615.885,2616.275,0.3496
1728414600000,2024-10-08,19:10:00,2616.255,2617.745,2615.965,2617.685,0.3714
1728414900000,2024-10-08,19:15:00,2617.705,2617.865,2615.685,2616.335,0.2401
1728415200000,2024-10-08,19:20:00,2616.254,2616.254,2614.828,2615.635,0.2371
1728415500000,2024-10-08,19:25:00,2615.614,2615.825,2614.798,2615.295,0.1657
1728415800000,2024-10-08,19:30:00,2615.305,2617.168,2615.285,2616.888,0.1873
1728416100000,2024-10-08,19:35:00,2616.875,2617.798,2616.415,2617.695,0.1359
1728416400000,2024-10-08,19:40:00,2617.705,2618.385,2617.535,2618.325,0.2997
1728416700000,2024-10-08,19:45:00,2618.325,2619.825,2618.215,2619.775,0.3589
1728417000000,2024-10-08,19:50:00,2619.795,2623.435,2619.765,2622.054,0.5045
1728417300000,2024-10-08,19:55:00,2622.034,2623.485,2621.565,2622.815,0.2946
1728417600000,2024-10-08,20:00:00,2622.905,2622.994,2620.844,2621.278,0.1383
1728417900000,2024-10-08,20:05:00,2621.264,2623.018,2621.175,2622.285,0.1875
1728418200000,2024-10-08,20:10:00,2622.195,2622.765,2621.838,2622.415,0.1811
1728418500000,2024-10-08,20:15:00,2622.415,2622.608,2621.755,2621.955,0.1489
1728418800000,2024-10-08,20:20:00,2622.005,2622.598,2622.005,2622.308,0.0817
1728419100000,2024-10-08,20:25:00,2622.338,2623.018,2622.235,2622.865,0.0846
1728419400000,2024-10-08,20:30:00,2622.878,2622.878,2618.885,2618.945,0.1811
1728419700000,2024-10-08,20:35:00,2618.908,2620.685,2618.785,2620.025,0.1092
1728420000000,2024-10-08,20:40:00,2620.025,2620.158,2618.958,2620.005,0.1332
1728420300000,2024-10-08,20:45:00,2620.005,2621.045,2619.805,2621.045,0.1036
1728420600000,2024-10-08,20:50:00,2621.045,2621.725,2620.918,2621.648,0.0953
1728420900000,2024-10-08,20:55:00,2621.628,2621.918,2621.385,2621.385,0.0673
1728424800000,2024-10-08,22:00:00,2620.638,2622.205,2620.565,2621.664,0.0862
1728425100000,2024-10-08,22:05:00,2621.674,2621.744,2620.944,2621.315,0.0466
1728425400000,2024-10-08,22:10:00,2621.315,2621.355,2620.845,2620.944,0.0559
1728425700000,2024-10-08,22:15:00,2620.944,2621.444,2620.875,2621.185,0.0218
1728426000000,2024-10-08,22:20:00,2621.145,2621.325,2620.455,2620.555,0.0112
1728426300000,2024-10-08,22:25:00,2620.505,2621.288,2620.444,2621.285,0.0398
1728426600000,2024-10-08,22:30:00,2621.305,2622.094,2621.155,2621.335,0.0467
1728426900000,2024-10-08,22:35:00,2621.324,2621.978,2621.245,2621.955,0.0352
1728427200000,2024-10-08,22:40:00,2621.945,2621.955,2621.134,2621.134,0.0399
1728427500000,2024-10-08,22:45:00,2621.134,2621.514,2621.025,2621.455,0.0241
1728427800000,2024-10-08,22:50:00,2621.365,2621.444,2621.145,2621.285,0.0191
1728428100000,2024-10-08,22:55:00,2621.195,2621.965,2621.185,2621.835,0.044
1728428400000,2024-10-08,23:00:00,2621.855,2622.615,2621.005,2622.395,0.2301
1728428700000,2024-10-08,23:05:00,2622.405,2623.135,2622.145,2622.925,0.1692
1728429000000,2024-10-08,23:10:00,2622.815,2622.975,2622.435,2622.495,0.0322
1728429300000,2024-10-08,23:15:00,2622.445,2623.665,2622.185,2622.485,0.038
1728429600000,2024-10-08,23:20:00,2622.485,2623.235,2622.455,2622.835,0.0627
1728429900000,2024-10-08,23:25:00,2622.838,2623.285,2622.815,2622.985,0.0669
1728430200000,2024-10-08,23:30:00,2623.015,2623.135,2622.315,2622.325,0.1144
1728430500000,2024-10-08,23:35:00,2622.335,2622.498,2621.935,2621.935,0.096
1728430800000,2024-10-08,23:40:00,2621.948,2622.755,2621.835,2622.595,0.0307
1728431100000,2024-10-08,23:45:00,2622.515,2622.995,2622.515,2622.805,0.0311
1728431400000,2024-10-08,23:50:00,2622.825,2622.995,2622.185,2622.225,0.037
1728431700000,2024-10-08,23:55:00,2622.285,2622.285,2621.785,2621.865,0.0219
1728432000000,2024-10-09,00:00:00,2621.835,2623.095,2621.395,2622.345,0.1251
1728432300000,2024-10-09,00:05:00,2622.345,2623.088,2621.575,2622.545,0.1808
1728432600000,2024-10-09,00:10:00,2622.538,2623.048,2622.175,2622.484,0.0979
1728432900000,2024-10-09,00:15:00,2622.454,2622.808,2621.928,2622.428,0.114
1728433200000,2024-10-09,00:20:00,2622.414,2622.565,2622.118,2622.338,0.0596
1728433500000,2024-10-09,00:25:00,2622.315,2622.808,2621.828,2622.595,0.0982
1728433800000,2024-10-09,00:30:00,2622.615,2622.615,2621.955,2622.108,0.0497
1728434100000,2024-10-09,00:35:00,2622.118,2622.535,2621.715,2621.715,0.0389
1728434400000,2024-10-09,00:40:00,2621.715,2622.135,2621.525,2621.525,0.0385
1728434700000,2024-10-09,00:45:00,2621.434,2621.875,2621.065,2621.225,0.0449
1728435000000,2024-10-09,00:50:00,2621.155,2622.508,2621.085,2621.925,0.0673
1728435300000,2024-10-09,00:55:00,2622.015,2622.155,2620.838,2621.048,0.071
1728435600000,2024-10-09,01:00:00,2621.035,2622.035,2620.515,2621.135,0.2291
1728435900000,2024-10-09,01:05:00,2621.145,2622.295,2620.445,2620.505,0.1519
1728436200000,2024-10-09,01:10:00,2620.505,2621.085,2619.815,2620.175,0.1048
1728436500000,2024-10-09,01:15:00,2620.175,2623.135,2619.995,2622.515,0.1221
1728436800000,2024-10-09,01:20:00,2622.445,2624.085,2621.675,2622.355,0.2852
1728437100000,2024-10-09,01:25:00,2622.394,2622.655,2619.744,2620.485,0.299
1728437400000,2024-10-09,01:30:00,2620.475,2620.545,2618.225,2619.605,0.1847
1728437700000,2024-10-09,01:35:00,2619.605,2621.875,2619.585,2620.935,0.1956
1728438000000,2024-10-09,01:40:00,2620.895,2621.958,2620.098,2621.675,0.2161
1728438300000,2024-10-09,01:45:00,2621.655,2622.545,2621.375,2621.948,0.2867
1728438600000,2024-10-09,01:50:00,2621.908,2622.848,2620.748,2621.405,0.3875
1728438900000,2024-10-09,01:55:00,2621.404,2621.845,2619.758,2619.858,0.1539
1728439200000,2024-10-09,02:00:00,2619.805,2619.815,2618.065,2619.125,0.1469
1728439500000,2024-10-09,02:05:00,2619.125,2619.195,2617.995,2618.044,0.1924
1728439800000,2024-10-09,02:10:00,2617.925,2619.575,2616.665,2619.575,0.2099
1728440100000,2024-10-09,02:15:00,2619.535,2619.635,2618.255,2618.455,0.2544
1728440400000,2024-10-09,02:20:00,2618.475,2618.934,2618.244,2618.585,0.3496
1728440700000,2024-10-09,02:25:00,2618.578,2618.904,2617.925,2618.085,0.255
1728441000000,2024-10-09,02:30:00,2618.105,2618.545,2616.925,2617.094,0.2982
1728441300000,2024-10-09,02:35:00,2617.108,2618.295,2617.074,2617.325,0.1468
1728441600000,2024-10-09,02:40:00,2617.315,2619.405,2617.295,2619.405,0.119
1728441900000,2024-10-09,02:45:00,2619.405,2620.138,2619.295,2619.645,0.1592
1728442200000,2024-10-09,02:50:00,2619.655,2620.225,2619.525,2619.608,0.1805
1728442500000,2024-10-09,02:55:00,2619.595,2619.818,2618.055,2618.278,0.2565
1728442800000,2024-10-09,03:00:00,2618.265,2618.805,2617.545,2617.745,0.2519
1728443100000,2024-10-09,03:05:00,2617.825,2617.835,2615.985,2616.105,0.3044
1728443400000,2024-10-09,03:10:00,2616.205,2616.475,2615.424,2615.795,0.148
1728443700000,2024-10-09,03:15:00,2615.825,2615.985,2615.045,2615.825,0.1685
1728444000000,2024-10-09,03:20:00,2615.805,2616.405,2615.745,2616.335,0.1359
1728444300000,2024-10-09,03:25:00,2616.255,2618.065,2616.005,2617.924,0.1532
1728444600000,2024-10-09,03:30:00,2617.965,2618.114,2617.295,2617.395,0.0682
1728444900000,2024-10-09,03:35:00,2617.375,2617.485,2614.735,2615.245,0.2022
1728445200000,2024-10-09,03:40:00,2615.245,2616.195,2615.135,2615.915,0.1868
1728445500000,2024-10-09,03:45:00,2615.945,2617.188,2615.495,2616.825,0.2633
1728445800000,2024-10-09,03:50:00,2616.785,2617.255,2616.525,2617.015,0.2784
1728446100000,2024-10-09,03:55:00,2617.025,2617.285,2616.895,2617.085,0.2448
1728446400000,2024-10-09,04:00:00,2617.085,2617.125,2615.855,2616.665,0.165
1728446700000,2024-10-09,04:05:00,2616.675,2618.495,2616.585,2617.465,0.1922
1728447000000,2024-10-09,04:10:00,2617.465,2617.585,2616.675,2616.765,0.1606
1728447300000,2024-10-09,04:15:00,2616.785,2616.965,2616.255,2616.765,0.1646
1728447600000,2024-10-09,04:20:00,2616.755,2617.105,2616.205,2616.665,0.1326
1728447900000,2024-10-09,04:25:00,2616.615,2617.695,2616.615,2616.995,0.1596
1728448200000,2024-10-09,04:30:00,2617.075,2617.585,2616.875,2616.965,0.1276
1728448500000,2024-10-09,04:35:00,2616.975,2616.995,2616.515,2616.885,0.1027
1728448800000,2024-10-09,04:40:00,2616.885,2617.165,2616.755,2616.775,0.1213
1728449100000,2024-10-09,04:45:00,2616.775,2616.815,2616.515,2616.625,0.0912
1728449400000,2024-10-09,04:50:00,2616.625,2616.625,2616.285,2616.435,0.0922
1728449700000,2024-10-09,04:55:00,2616.435,2616.605,2615.355,2615.855,0.1595
1728450000000,2024-10-09,05:00:00,2615.855,2619.305,2615.585,2619.305,0.6008
1728450300000,2024-10-09,05:05:00,2619.315,2620.805,2619.275,2620.485,0.505
1728450600000,2024-10-09,05:10:00,2620.545,2620.725,2619.485,2620.555,0.3718
1728450900000,2024-10-09,05:15:00,2620.555,2620.765,2620.125,2620.335,0.2293
1728451200000,2024-10-09,05:20:00,2620.405,2621.165,2619.335,2621.165,0.2315
1728451500000,2024-10-09,05:25:00,2621.215,2621.895,2620.965,2621.585,0.2059
1728451800000,2024-10-09,05:30:00,2621.585,2623.895,2621.585,2623.555,0.2644
1728452100000,2024-10-09,05:35:00,2623.555,2624.165,2622.365,2623.395,0.4375
1728452400000,2024-10-09,05:40:00,2623.374,2623.535,2620.845,2620.905,0.1662
1728452700000,2024-10-09,05:45:00,2620.935,2621.945,2620.545,2621.325,0.1162
1728453000000,2024-10-09,05:50:00,2621.385,2621.565,2620.635,2620.745,0.0639
1728453300000,2024-10-09,05:55:00,2620.775,2620.795,2619.245,2619.575,0.1937
1728453600000,2024-10-09,06:00:00,2619.585,2619.585,2617.725,2617.945,0.1943
1728453900000,2024-10-09,06:05:00,2617.945,2618.865,2616.635,2616.645,0.2325
1728454200000,2024-10-09,06:10:00,2616.645,2617.545,2616.065,2616.525,0.377
1728454500000,2024-10-09,06:15:00,2616.465,2617.295,2614.228,2614.355,0.476
1728454800000,2024-10-09,06:20:00,2614.355,2615.285,2613.405,2615.235,0.6966
1728455100000,2024-10-09,06:25:00,2615.235,2616.245,2615.085,2615.775,0.4293
1728455400000,2024-10-09,06:30:00,2615.775,2616.825,2615.465,2616.658,0.1198
1728455700000,2024-10-09,06:35:00,2616.645,2616.808,2614.378,2614.625,0.2305
1728456000000,2024-10-09,06:40:00,2614.595,2614.905,2611.834,2612.155,0.479
1728456300000,2024-10-09,06:45:00,2612.135,2612.985,2610.675,2612.318,0.1619
1728456600000,2024-10-09,06:50:00,2612.378,2612.625,2611.295,2612.065,0.1422
1728456900000,2024-10-09,06:55:00,2612.065,2612.695,2610.474,2612.564,0.3095
1728457200000,2024-10-09,07:00:00,2612.595,2612.595,2610.684,2611.785,0.2111
1728457500000,2024-10-09,07:05:00,2611.835,2612.005,2610.304,2610.394,0.2462
1728457800000,2024-10-09,07:10:00,2610.374,2611.985,2608.974,2611.725,0.2564
1728458100000,2024-10-09,07:15:00,2611.775,2615.018,2611.755,2613.985,0.3502
1728458400000,2024-10-09,07:20:00,2613.964,2614.935,2612.338,2613.715,0.2689
1728458700000,2024-10-09,07:25:00,2613.685,2615.505,2613.515,2614.875,0.1281
1728459000000,2024-10-09,07:30:00,2614.804,2614.895,2613.155,2614.785,0.098
1728459300000,2024-10-09,07:35:00,2614.785,2614.975,2613.685,2614.205,0.0826
1728459600000,2024-10-09,07:40:00,2614.155,2614.195,2611.975,2612.195,0.0988
1728459900000,2024-10-09,07:45:00,2612.105,2614.195,2612.015,2612.905,0.1304
1728460200000,2024-10-09,07:50:00,2612.925,2613.095,2611.715,2612.225,0.1251
1728460500000,2024-10-09,07:55:00,2612.178,2612.178,2610.695,2611.515,0.1293
1728460800000,2024-10-09,08:00:00,2611.538,2612.975,2610.464,2610.464,0.1403
1728461100000,2024-10-09,08:05:00,2610.434,2612.835,2610.345,2612.615,0.1346
1728461400000,2024-10-09,08:10:00,2612.665,2614.728,2612.465,2613.525,0.1271
1728461700000,2024-10-09,08:15:00,2613.525,2613.545,2612.155,2612.675,0.0831
1728462000000,2024-10-09,08:20:00,2612.645,2613.624,2612.175,2613.165,0.0977
1728462300000,2024-10-09,08:25:00,2613.155,2615.165,2613.075,2615.085,0.1088
1728462600000,2024-10-09,08:30:00,2615.085,2617.145,2615.035,2616.465,0.1141
1728462900000,2024-10-09,08:35:00,2616.545,2616.855,2615.764,2616.715,0.0935
1728463200000,2024-10-09,08:40:00,2616.715,2617.225,2615.028,2615.545,0.1367
1728463500000,2024-10-09,08:45:00,2615.495,2615.615,2614.175,2614.725,0.1835
1728463800000,2024-10-09,08:50:00,2614.715,2616.005,2613.958,2614.985,0.3386
1728464100000,2024-10-09,08:55:00,2614.988,2616.985,2614.865,2616.175,0.1306
1728464400000,2024-10-09,09:00:00,2616.165,2617.225,2615.885,2616.005,0.088
1728464700000,2024-10-09,09:05:00,2616.005,2616.805,2615.385,2616.755,0.1037
1728465000000,2024-10-09,09:10:00,2616.755,2617.285,2616.755,2616.875,0.0957
1728465300000,2024-10-09,09:15:00,2616.825,2617.245,2616.195,2616.965,0.1274
1728465600000,2024-10-09,09:20:00,2616.914,2617.315,2615.985,2617.215,0.121
1728465900000,2024-10-09,09:25:00,2617.215,2618.505,2616.835,2616.835,0.1547
1728466200000,2024-10-09,09:30:00,2616.885,2618.045,2616.775,2617.845,0.1622
1728466500000,2024-10-09,09:35:00,2617.935,2618.265,2617.545,2617.575,0.0928
1728466800000,2024-10-09,09:40:00,2617.575,2617.695,2615.134,2615.155,0.2225
1728467100000,2024-10-09,09:45:00,2615.155,2615.585,2614.538,2615.385,0.2672
1728467400000,2024-10-09,09:50:00,2615.385,2617.695,2615.355,2617.395,0.1114
1728467700000,2024-10-09,09:55:00,2617.395,2617.995,2617.115,2617.905,0.0841
1728468000000,2024-10-09,10:00:00,2617.905,2618.145,2616.995,2617.605,0.0942
1728468300000,2024-10-09,10:05:00,2617.685,2618.195,2616.745,2617.175,0.0882
1728468600000,2024-10-09,10:10:00,2617.175,2617.605,2616.405,2617.065,0.0808
1728468900000,2024-10-09,10:15:00,2617.065,2617.455,2616.145,2616.545,0.0683
1728469200000,2024-10-09,10:20:00,2616.545,2616.865,2615.915,2616.735,0.0672
1728469500000,2024-10-09,10:25:00,2616.735,2617.115,2616.165,2616.275,0.0583
1728469800000,2024-10-09,10:30:00,2616.365,2616.935,2616.055,2616.085,0.0539
1728470100000,2024-10-09,10:35:00,2616.085,2618.975,2616.055,2618.975,0.0917
1728470400000,2024-10-09,10:40:00,2618.945,2619.905,2618.595,2619.285,0.1309
1728470700000,2024-10-09,10:45:00,2619.295,2620.275,2618.385,2620.035,0.1781
1728471000000,2024-10-09,10:50:00,2620.035,2621.088,2619.655,2620.925,0.1085
1728471300000,2024-10-09,10:55:00,2620.925,2621.365,2620.465,2620.985,0.07
1728471600000,2024-10-09,11:00:00,2620.945,2622.075,2620.565,2620.725,0.1186
1728471900000,2024-10-09,11:05:00,2620.725,2620.725,2619.665,2619.685,0.0765
1728472200000,2024-10-09,11:10:00,2619.665,2620.985,2619.095,2620.785,0.1292
1728472500000,2024-10-09,11:15:00,2620.825,2621.568,2620.224,2620.555,0.1255
1728472800000,2024-10-09,11:20:00,2620.555,2622.055,2620.505,2621.424,0.0912
1728473100000,2024-10-09,11:25:00,2621.424,2622.258,2620.598,2621.014,0.1858
1728473400000,2024-10-09,11:30:00,2621.018,2621.018,2619.365,2620.185,0.1161
1728473700000,2024-10-09,11:35:00,2620.185,2620.655,2618.765,2618.775,0.0946
1728474000000,2024-10-09,11:40:00,2618.775,2619.425,2618.055,2618.055,0.1006
1728474300000,2024-10-09,11:45:00,2618.005,2618.645,2616.845,2618.585,0.1099
1728474600000,2024-10-09,11:50:00,2618.344,2618.675,2617.285,2618.085,0.0914
1728474900000,2024-10-09,11:55:00,2618.085,2619.395,2618.085,2618.885,0.0951
1728475200000,2024-10-09,12:00:00,2618.908,2621.605,2618.885,2621.424,0.1408
1728475500000,2024-10-09,12:05:00,2621.408,2622.055,2621.155,2621.655,0.2911
1728475800000,2024-10-09,12:10:00,2621.655,2622.125,2621.035,2621.395,0.2152
1728476100000,2024-10-09,12:15:00,2621.445,2622.225,2621.275,2621.765,0.1005
1728476400000,2024-10-09,12:20:00,2621.728,2621.728,2617.805,2618.325,0.1946
1728476700000,2024-10-09,12:25:00,2618.335,2619.385,2617.525,2617.785,0.1478
1728477000000,2024-10-09,12:30:00,2617.835,2618.165,2615.765,2616.385,0.1625
1728477300000,2024-10-09,12:35:00,2616.345,2619.005,2615.535,2617.184,0.1468
1728477600000,2024-10-09,12:40:00,2617.155,2617.555,2615.248,2617.335,0.3398
1728477900000,2024-10-09,12:45:00,2617.335,2618.755,2616.215,2618.655,0.1724
1728478200000,2024-10-09,12:50:00,2618.655,2618.798,2616.735,2617.795,0.1087
1728478500000,2024-10-09,12:55:00,2617.775,2618.775,2617.675,2618.765,0.0957
1728478800000,2024-10-09,13:00:00,2618.765,2620.578,2617.555,2617.618,0.5204
1728479100000,2024-10-09,13:05:00,2617.615,2618.825,2615.298,2615.438,0.3973
1728479400000,2024-10-09,13:10:00,2615.468,2616.515,2614.915,2615.605,0.3693
1728479700000,2024-10-09,13:15:00,2615.585,2616.085,2611.515,2611.708,0.4869
1728480000000,2024-10-09,13:20:00,2611.705,2613.655,2610.185,2612.305,0.7212
1728480300000,2024-10-09,13:25:00,2612.365,2612.525,2609.804,2610.045,0.4979
1728480600000,2024-10-09,13:30:00,2609.964,2613.055,2609.465,2610.665,0.8152
1728480900000,2024-10-09,13:35:00,2610.614,2611.485,2606.815,2609.205,0.6835
1728481200000,2024-10-09,13:40:00,2609.205,2611.595,2608.135,2609.475,0.4902
1728481500000,2024-10-09,13:45:00,2609.465,2612.265,2609.465,2611.165,0.298
1728481800000,2024-10-09,13:50:00,2611.084,2611.188,2608.755,2609.985,0.3163
1728482100000,2024-10-09,13:55:00,2609.955,2609.995,2608.175,2609.535,0.3086
1728482400000,2024-10-09,14:00:00,2609.485,2611.445,2609.075,2609.205,0.1533
1728482700000,2024-10-09,14:05:00,2609.205,2609.545,2608.165,2609.125,0.1229
1728483000000,2024-10-09,14:10:00,2609.325,2611.128,2607.948,2608.028,0.5091
1728483300000,2024-10-09,14:15:00,2608.028,2609.535,2607.455,2608.475,0.3862
1728483600000,2024-10-09,14:20:00,2608.465,2610.185,2607.095,2609.565,0.3095
1728483900000,2024-10-09,14:25:00,2609.645,2610.575,2607.538,2607.758,0.187
1728484200000,2024-10-09,14:30:00,2607.788,2608.878,2605.185,2608.095,0.7123
1728484500000,2024-10-09,14:35:00,2608.035,2608.395,2605.985,2607.325,0.5144
1728484800000,2024-10-09,14:40:00,2607.325,2608.685,2605.955,2607.225,0.4947
1728485100000,2024-10-09,14:45:00,2607.235,2609.595,2606.175,2609.218,0.2428
1728485400000,2024-10-09,14:50:00,2609.235,2611.785,2608.755,2611.625,0.2771
1728485700000,2024-10-09,14:55:00,2611.625,2611.774,2609.538,2609.725,0.3305
1728486000000,2024-10-09,15:00:00,2609.675,2614.575,2609.385,2614.475,0.3043
1728486300000,2024-10-09,15:05:00,2614.525,2616.055,2613.238,2614.905,0.2874
1728486600000,2024-10-09,15:10:00,2614.905,2616.235,2613.995,2615.765,0.1589
1728486900000,2024-10-09,15:15:00,2615.775,2617.755,2614.435,2614.535,0.2341
1728487200000,2024-10-09,15:20:00,2614.605,2615.355,2613.228,2614.015,0.3828
1728487500000,2024-10-09,15:25:00,2614.035,2614.705,2611.814,2612.428,0.4434
1728487800000,2024-10-09,15:30:00,2612.458,2614.178,2612.205,2613.625,0.1876
1728488100000,2024-10-09,15:35:00,2613.635,2614.655,2612.315,2614.455,0.0688
1728488400000,2024-10-09,15:40:00,2614.384,2615.745,2614.165,2614.275,0.0974
1728488700000,2024-10-09,15:45:00,2614.338,2614.765,2613.725,2614.565,0.0839
1728489000000,2024-10-09,15:50:00,2614.505,2614.555,2612.674,2613.015,0.0697
1728489300000,2024-10-09,15:55:00,2613.015,2615.045,2612.855,2614.705,0.106
1728489600000,2024-10-09,16:00:00,2614.715,2615.155,2613.495,2613.805,0.1096
1728489900000,2024-10-09,16:05:00,2613.805,2615.645,2613.705,2614.925,0.1142
1728490200000,2024-10-09,16:10:00,2614.985,2615.468,2614.815,2615.268,0.1167
1728490500000,2024-10-09,16:15:00,2615.265,2615.365,2613.738,2613.905,0.1422
1728490800000,2024-10-09,16:20:00,2613.965,2614.075,2612.145,2612.735,0.2945
1728491100000,2024-10-09,16:25:00,2612.795,2613.205,2610.654,2610.998,0.3609
1728491400000,2024-10-09,16:30:00,2610.974,2610.974,2609.475,2609.885,0.129
1728491700000,2024-10-09,16:35:00,2609.848,2610.065,2608.065,2608.765,0.1613
1728492000000,2024-10-09,16:40:00,2608.725,2609.585,2607.665,2609.305,0.1797
1728492300000,2024-10-09,16:45:00,2609.215,2609.815,2607.675,2608.905,0.3441
1728492600000,2024-10-09,16:50:00,2608.895,2609.738,2608.855,2609.215,0.2791
1728492900000,2024-10-09,16:55:00,2609.255,2609.435,2608.088,2608.585,0.2086
1728493200000,2024-10-09,17:00:00,2608.585,2608.655,2607.118,2607.455,0.1726
1728493500000,2024-10-09,17:05:00,2607.455,2607.895,2606.385,2607.425,0.2155
1728493800000,2024-10-09,17:10:00,2607.384,2607.675,2606.525,2607.475,0.2584
1728494100000,2024-10-09,17:15:00,2607.448,2608.225,2607.345,2607.785,0.158
1728494400000,2024-10-09,17:20:00,2607.818,2608.465,2607.465,2608.115,0.1049
1728494700000,2024-10-09,17:25:00,2608.115,2608.115,2606.545,2607.365,0.0962
1728495000000,2024-10-09,17:30:00,2607.365,2608.225,2606.465,2607.885,0.1001
1728495300000,2024-10-09,17:35:00,2607.885,2607.985,2607.075,2607.575,0.0747
1728495600000,2024-10-09,17:40:00,2607.625,2608.665,2607.495,2608.615,0.0729
1728495900000,2024-10-09,17:45:00,2608.655,2608.895,2606.715,2606.925,0.1019
1728496200000,2024-10-09,17:50:00,2606.915,2609.365,2606.915,2608.955,0.077
1728496500000,2024-10-09,17:55:00,2609.045,2609.815,2608.975,2609.578,0.1066
1728496800000,2024-10-09,18:00:00,2609.664,2610.575,2608.758,2610.384,0.137
1728497100000,2024-10-09,18:05:00,2610.424,2610.918,2610.004,2610.458,0.2397
1728497400000,2024-10-09,18:10:00,2610.425,2610.874,2609.548,2609.564,0.2559
1728497700000,2024-10-09,18:15:00,2609.564,2609.878,2606.795,2606.804,0.2186
1728498000000,2024-10-09,18:20:00,2606.795,2607.405,2605.045,2606.085,0.1565
1728498300000,2024-10-09,18:25:00,2606.085,2607.955,2606.085,2607.845,0.2411
1728498600000,2024-10-09,18:30:00,2607.795,2608.805,2607.395,2607.535,0.0796
1728498900000,2024-10-09,18:35:00,2607.535,2608.005,2607.435,2607.675,0.0579
1728499200000,2024-10-09,18:40:00,2607.615,2607.815,2606.405,2606.875,0.095
1728499500000,2024-10-09,18:45:00,2606.824,2607.965,2606.824,2607.945,0.0749
1728499800000,2024-10-09,18:50:00,2607.955,2608.005,2606.875,2606.975,0.1088
1728500100000,2024-10-09,18:55:00,2606.975,2606.985,2606.098,2606.265,0.1296
1728500400000,2024-10-09,19:00:00,2606.305,2607.808,2606.195,2607.685,0.0991
1728500700000,2024-10-09,19:05:00,2607.685,2608.938,2607.685,2608.678,0.1283
1728501000000,2024-10-09,19:10:00,2608.665,2609.008,2608.335,2608.825,0.083
1728501300000,2024-10-09,19:15:00,2608.848,2609.248,2608.348,2608.478,0.07
1728501600000,2024-10-09,19:20:00,2608.478,2608.728,2608.175,2608.488,0.1596
1728501900000,2024-10-09,19:25:00,2608.508,2608.538,2607.635,2607.818,0.0856
1728502200000,2024-10-09,19:30:00,2607.838,2609.198,2607.515,2609.048,0.2017
1728502500000,2024-10-09,19:35:00,2609.048,2610.095,2608.995,2609.108,0.0938
1728502800000,2024-10-09,19:40:00,2609.075,2609.198,2608.295,2608.435,0.0876
1728503100000,2024-10-09,19:45:00,2608.455,2608.585,2607.848,2608.385,0.1166
1728503400000,2024-10-09,19:50:00,2608.425,2608.978,2608.425,2608.898,0.1347
1728503700000,2024-10-09,19:55:00,2608.875,2609.525,2608.385,2609.038,0.1732
1728504000000,2024-10-09,20:00:00,2609.055,2609.298,2608.658,2608.748,0.097
1728504300000,2024-10-09,20:05:00,2608.748,2608.878,2607.838,2607.875,0.0628
1728504600000,2024-10-09,20:10:00,2607.878,2608.258,2607.755,2607.808,0.0803
1728504900000,2024-10-09,20:15:00,2607.808,2607.888,2606.865,2607.358,0.0923
1728505200000,2024-10-09,20:20:00,2607.295,2607.568,2606.788,2607.308,0.0748
1728505500000,2024-10-09,20:25:00,2607.298,2607.808,2607.198,2607.608,0.0561
1728505800000,2024-10-09,20:30:00,2607.598,2607.658,2607.175,2607.438,0.0593
1728506100000,2024-10-09,20:35:00,2607.438,2608.078,2607.438,2607.598,0.0691
1728506400000,2024-10-09,20:40:00,2607.618,2607.818,2607.298,2607.638,0.0435
1728506700000,2024-10-09,20:45:00,2607.648,2607.908,2607.558,2607.828,0.0536
1728507000000,2024-10-09,20:50:00,2607.768,2608.368,2607.568,2608.265,0.0511
1728507300000,2024-10-09,20:55:00,2608.248,2608.518,2607.405,2607.465,0.0726
1728511200000,2024-10-09,22:00:00,2606.828,2608.595,2606.828,2607.375,0.0974
1728511500000,2024-10-09,22:05:00,2607.355,2608.415,2607.275,2608.185,0.0613
1728511800000,2024-10-09,22:10:00,2608.125,2608.125,2607.615,2607.955,0.0626
1728512100000,2024-10-09,22:15:00,2607.955,2608.435,2607.295,2607.795,0.0779
1728512400000,2024-10-09,22:20:00,2607.795,2608.018,2607.434,2608.015,0.0766
1728512700000,2024-10-09,22:25:00,2608.008,2608.198,2607.708,2608.078,0.0323
1728513000000,2024-10-09,22:30:00,2608.078,2608.115,2607.895,2607.955,0.0124
1728513300000,2024-10-09,22:35:00,2607.945,2608.025,2607.745,2608.025,0.0068
1728513600000,2024-10-09,22:40:00,2608.025,2608.165,2607.915,2608.015,0.0208
1728513900000,2024-10-09,22:45:00,2607.985,2608.115,2607.895,2608.115,0.0155
1728514200000,2024-10-09,22:50:00,2608.125,2608.675,2608.085,2608.545,0.0191
1728514500000,2024-10-09,22:55:00,2608.565,2608.825,2608.545,2608.745,0.0262
1728514800000,2024-10-09,23:00:00,2608.775,2608.775,2608.155,2608.605,0.0485
1728515100000,2024-10-09,23:05:00,2608.625,2608.685,2608.625,2608.645,0.0081
1728519000000,2024-10-10,00:10:00,2606.925,2607.095,2606.305,2606.685,0.0706
1728519300000,2024-10-10,00:15:00,2606.685,2607.225,2605.785,2607.205,0.187
1728519600000,2024-10-10,00:20:00,2607.205,2608.075,2607.165,2607.975,0.1778
1728519900000,2024-10-10,00:25:00,2607.985,2608.865,2607.155,2608.855,0.2362
1728520200000,2024-10-10,00:30:00,2608.855,2609.665,2608.745,2608.985,0.2286
1728520500000,2024-10-10,00:35:00,2608.935,2609.735,2608.755,2609.645,0.1578
1728520800000,2024-10-10,00:40:00,2609.685,2610.045,2609.405,2610.015,0.1889
1728521100000,2024-10-10,00:45:00,2610.005,2610.085,2608.978,2609.158,0.1789
1728521400000,2024-10-10,00:50:00,2609.158,2609.374,2608.928,2609.208,0.1311
1728521700000,2024-10-10,00:55:00,2609.194,2609.478,2609.018,2609.208,0.2257
1728522000000,2024-10-10,01:00:00,2609.188,2610.428,2609.048,2609.904,0.4174
1728522300000,2024-10-10,01:05:00,2609.898,2610.245,2608.804,2609.645,0.2389
1728522600000,2024-10-10,01:10:00,2609.634,2609.965,2609.254,2609.415,0.1513
1728522900000,2024-10-10,01:15:00,2609.375,2610.935,2608.698,2610.015,0.1402
1728523200000,2024-10-10,01:20:00,2610.015,2610.665,2609.555,2610.375,0.2438
1728523500000,2024-10-10,01:25:00,2610.385,2610.655,2609.715,2610.645,0.1915
1728523800000,2024-10-10,01:30:00,2610.665,2610.665,2607.185,2607.725,0.219
1728524100000,2024-10-10,01:35:00,2607.715,2607.928,2606.655,2607.715,0.1451
1728524400000,2024-10-10,01:40:00,2607.685,2612.345,2607.505,2611.205,0.1947
1728524700000,2024-10-10,01:45:00,2611.205,2611.375,2609.248,2609.835,0.3994
1728525000000,2024-10-10,01:50:00,2609.825,2610.055,2609.085,2609.085,0.0805
1728525300000,2024-10-10,01:55:00,2609.065,2609.665,2608.565,2608.945,0.1611
1728525600000,2024-10-10,02:00:00,2608.915,2610.515,2608.395,2609.385,0.1431
1728525900000,2024-10-10,02:05:00,2609.385,2609.585,2608.735,2608.865,0.1166
1728526200000,2024-10-10,02:10:00,2608.835,2608.885,2608.184,2608.305,0.0595
1728526500000,2024-10-10,02:15:00,2608.355,2609.035,2607.865,2608.745,0.0749
1728526800000,2024-10-10,02:20:00,2608.694,2610.215,2608.665,2610.075,0.1213
1728527100000,2024-10-10,02:25:00,2610.035,2610.775,2609.885,2610.755,0.0776
1728527400000,2024-10-10,02:30:00,2610.925,2613.195,2610.885,2613.095,0.2525
1728527700000,2024-10-10,02:35:00,2613.095,2613.275,2612.055,2612.778,0.495
1728528000000,2024-10-10,02:40:00,2612.765,2614.095,2612.315,2614.045,0.3006
1728528300000,2024-10-10,02:45:00,2614.045,2614.765,2613.648,2613.648,0.1917
1728528600000,2024-10-10,02:50:00,2613.725,2614.635,2613.495,2614.545,0.2808
1728528900000,2024-10-10,02:55:00,2614.515,2615.465,2613.995,2615.095,0.3384
1728529200000,2024-10-10,03:00:00,2615.095,2616.225,2614.765,2616.045,0.6052
1728529500000,2024-10-10,03:05:00,2616.025,2616.785,2615.538,2616.495,0.5377
1728529800000,2024-10-10,03:10:00,2616.525,2616.725,2614.838,2614.885,0.264
1728530100000,2024-10-10,03:15:00,2614.885,2616.245,2614.768,2615.995,0.344
1728530400000,2024-10-10,03:20:00,2616.075,2616.355,2614.698,2614.915,0.1373
1728530700000,2024-10-10,03:25:00,2614.935,2615.238,2614.375,2614.465,0.1276
1728531000000,2024-10-10,03:30:00,2614.435,2614.565,2614.025,2614.425,0.0298
1728531300000,2024-10-10,03:35:00,2614.415,2614.705,2614.015,2614.215,0.0281
1728531600000,2024-10-10,03:40:00,2614.205,2614.235,2611.744,2611.874,0.3194
1728531900000,2024-10-10,03:45:00,2611.874,2612.494,2611.334,2611.955,0.2912
1728532200000,2024-10-10,03:50:00,2611.795,2612.455,2611.725,2611.875,0.1381
1728532500000,2024-10-10,03:55:00,2611.905,2611.975,2611.305,2611.615,0.0501
1728532800000,2024-10-10,04:00:00,2611.545,2612.585,2611.425,2612.025,0.208
1728533100000,2024-10-10,04:05:00,2612.035,2612.135,2611.398,2611.975,0.1292
1728533400000,2024-10-10,04:10:00,2611.995,2613.105,2611.924,2612.875,0.1687
1728533700000,2024-10-10,04:15:00,2612.855,2613.235,2612.635,2612.895,0.0481
1728534000000,2024-10-10,04:20:00,2612.895,2613.095,2612.645,2612.755,0.0381
1728534300000,2024-10-10,04:25:00,2612.805,2613.025,2612.435,2612.625,0.0343
1728534600000,2024-10-10,04:30:00,2612.625,2612.705,2611.855,2612.108,0.0618
1728534900000,2024-10-10,04:35:00,2612.098,2613.105,2611.925,2613.105,0.0435
1728535200000,2024-10-10,04:40:00,2613.105,2614.365,2612.895,2614.165,0.0563
1728535500000,2024-10-10,04:45:00,2614.165,2614.585,2613.825,2613.825,0.0577
1728535800000,2024-10-10,04:50:00,2613.825,2614.325,2613.825,2614.125,0.0284
1728536100000,2024-10-10,04:55:00,2614.095,2614.315,2613.525,2613.725,0.0342
1728536400000,2024-10-10,05:00:00,2613.785,2614.945,2613.635,2614.648,0.083
1728536700000,2024-10-10,05:05:00,2614.648,2614.735,2613.555,2613.995,0.0822
1728537000000,2024-10-10,05:10:00,2613.995,2614.065,2613.465,2613.885,0.0663
1728537300000,2024-10-10,05:15:00,2613.885,2613.915,2613.115,2613.415,0.0471
1728537600000,2024-10-10,05:20:00,2613.415,2613.585,2612.788,2612.788,0.0758
1728537900000,2024-10-10,05:25:00,2612.675,2613.128,2612.318,2613.128,0.0927
1728538200000,2024-10-10,05:30:00,2613.118,2614.535,2612.655,2614.515,0.1847
1728538500000,2024-10-10,05:35:00,2614.535,2614.665,2613.608,2614.315,0.1391
1728538800000,2024-10-10,05:40:00,2614.275,2615.085,2614.235,2614.915,0.1152
1728539100000,2024-10-10,05:45:00,2614.875,2615.265,2614.005,2614.375,0.1158
1728539400000,2024-10-10,05:50:00,2614.405,2615.395,2613.305,2613.475,0.1581
1728539700000,2024-10-10,05:55:00,2613.395,2613.628,2612.625,2613.168,0.1559
1728540000000,2024-10-10,06:00:00,2613.124,2613.755,2612.735,2613.235,0.1194
1728540300000,2024-10-10,06:05:00,2613.235,2613.995,2613.115,2613.575,0.1026
1728540600000,2024-10-10,06:10:00,2613.545,2615.285,2613.545,2614.975,0.1963
1728540900000,2024-10-10,06:15:00,2614.975,2614.975,2613.985,2614.384,0.2485
1728541200000,2024-10-10,06:20:00,2614.348,2615.895,2614.348,2615.285,0.2423
1728541500000,2024-10-10,06:25:00,2615.325,2616.255,2614.765,2615.685,0.1856
1728541800000,2024-10-10,06:30:00,2615.665,2615.715,2613.818,2614.075,0.2694
1728542100000,2024-10-10,06:35:00,2614.045,2614.785,2612.915,2613.005,0.0981
1728542400000,2024-10-10,06:40:00,2613.005,2613.355,2611.335,2611.645,0.1697
1728542700000,2024-10-10,06:45:00,2611.645,2611.968,2611.245,2611.845,0.2544
1728543000000,2024-10-10,06:50:00,2611.845,2611.975,2611.295,2611.425,0.1457
1728543300000,2024-10-10,06:55:00,2611.425,2612.585,2610.465,2612.335,0.196
1728543600000,2024-10-10,07:00:00,2612.345,2613.185,2610.604,2610.775,0.3116
1728543900000,2024-10-10,07:05:00,2610.765,2611.885,2610.425,2611.705,0.204
1728544200000,2024-10-10,07:10:00,2611.735,2612.375,2610.695,2610.805,0.2002
1728544500000,2024-10-10,07:15:00,2610.905,2611.535,2610.125,2611.045,0.2068
1728544800000,2024-10-10,07:20:00,2611.085,2614.045,2610.675,2613.225,0.2317
1728545100000,2024-10-10,07:25:00,2613.195,2614.255,2613.105,2613.805,0.1686
1728545400000,2024-10-10,07:30:00,2613.865,2615.625,2613.665,2615.525,0.3868
1728545700000,2024-10-10,07:35:00,2615.545,2616.175,2614.995,2615.245,0.2595
1728546000000,2024-10-10,07:40:00,2615.245,2616.845,2615.205,2615.615,0.1682
1728546300000,2024-10-10,07:45:00,2615.595,2616.915,2615.345,2616.315,0.1151
1728546600000,2024-10-10,07:50:00,2616.315,2616.775,2614.965,2615.235,0.1064
1728546900000,2024-10-10,07:55:00,2615.365,2616.845,2615.185,2616.605,0.1141
1728547200000,2024-10-10,08:00:00,2616.635,2616.635,2613.995,2614.135,0.1371
1728547500000,2024-10-10,08:05:00,2614.155,2614.655,2613.415,2613.985,0.0953
1728547800000,2024-10-10,08:10:00,2613.965,2616.105,2613.645,2615.985,0.1721
1728548100000,2024-10-10,08:15:00,2615.985,2617.195,2615.985,2616.445,0.222
1728548400000,2024-10-10,08:20:00,2616.365,2616.645,2614.995,2616.025,0.0766
1728548700000,2024-10-10,08:25:00,2615.935,2616.105,2615.405,2615.555,0.0871
1728549000000,2024-10-10,08:30:00,2615.555,2616.115,2615.195,2615.895,0.0639
1728549300000,2024-10-10,08:35:00,2615.885,2616.295,2615.635,2615.655,0.0582
1728549600000,2024-10-10,08:40:00,2615.755,2615.965,2614.665,2615.545,0.0497
1728549900000,2024-10-10,08:45:00,2615.545,2615.955,2614.825,2614.975,0.11
1728550200000,2024-10-10,08:50:00,2614.975,2615.155,2614.375,2615.105,0.0473
1728550500000,2024-10-10,08:55:00,2615.155,2615.665,2615.055,2615.328,0.0439
1728550800000,2024-10-10,09:00:00,2615.395,2615.405,2614.255,2615.215,0.1013
1728551100000,2024-10-10,09:05:00,2615.235,2615.265,2614.165,2614.485,0.0854
1728551400000,2024-10-10,09:10:00,2614.475,2615.666,2614.375,2615.095,0.0579
1728551700000,2024-10-10,09:15:00,2615.115,2615.215,2614.285,2614.795,0.0596
1728552000000,2024-10-10,09:20:00,2614.825,2615.855,2614.795,2615.855,0.0649
1728552300000,2024-10-10,09:25:00,2615.825,2617.475,2615.825,2616.755,0.1628
1728552600000,2024-10-10,09:30:00,2616.725,2617.975,2616.435,2617.475,0.1377
1728552900000,2024-10-10,09:35:00,2617.505,2618.415,2617.205,2617.295,0.1388
1728553200000,2024-10-10,09:40:00,2617.305,2617.415,2616.305,2616.345,0.2005
1728553500000,2024-10-10,09:45:00,2616.355,2616.785,2616.055,2616.245,0.2104
1728553800000,2024-10-10,09:50:00,2616.225,2616.485,2615.695,2616.295,0.1957
1728554100000,2024-10-10,09:55:00,2616.295,2617.115,2615.935,2617.095,0.1493
1728554400000,2024-10-10,10:00:00,2617.095,2617.405,2616.755,2616.945,0.1723
1728554700000,2024-10-10,10:05:00,2616.945,2617.135,2615.935,2616.085,0.1372
1728555000000,2024-10-10,10:10:00,2616.075,2617.025,2615.795,2616.695,0.1001
1728555300000,2024-10-10,10:15:00,2616.685,2617.335,2615.925,2616.435,0.2327
1728555600000,2024-10-10,10:20:00,2616.435,2616.525,2615.785,2615.915,0.117
1728555900000,2024-10-10,10:25:00,2615.935,2616.235,2615.717,2615.905,0.044
1728556200000,2024-10-10,10:30:00,2615.875,2617.395,2615.845,2617.195,0.0461
1728556500000,2024-10-10,10:35:00,2617.225,2617.645,2616.455,2616.985,0.0586
1728556800000,2024-10-10,10:40:00,2616.995,2618.085,2616.595,2617.915,0.1323
1728557100000,2024-10-10,10:45:00,2617.915,2618.155,2616.835,2617.375,0.2269
1728557400000,2024-10-10,10:50:00,2617.375,2617.765,2616.955,2617.385,0.2288
1728557700000,2024-10-10,10:55:00,2617.385,2618.365,2616.975,2617.835,0.1118
1728558000000,2024-10-10,11:00:00,2617.885,2618.778,2616.958,2616.995,0.1874
1728558300000,2024-10-10,11:05:00,2616.995,2617.945,2616.325,2617.685,0.1875
1728558600000,2024-10-10,11:10:00,2617.685,2618.065,2617.295,2617.438,0.0962
1728558900000,2024-10-10,11:15:00,2617.438,2617.605,2616.888,2617.125,0.0974
1728559200000,2024-10-10,11:20:00,2617.215,2617.215,2615.345,2615.717,0.1498
1728559500000,2024-10-10,11:25:00,2615.717,2615.717,2613.215,2614.025,0.382
1728559800000,2024-10-10,11:30:00,2614.025,2614.145,2612.865,2613.505,0.3228
1728560100000,2024-10-10,11:35:00,2613.475,2613.525,2611.135,2611.575,0.5674
1728560400000,2024-10-10,11:40:00,2611.535,2612.905,2611.275,2612.485,0.3926
1728560700000,2024-10-10,11:45:00,2612.495,2612.865,2611.665,2612.395,0.3348
1728561000000,2024-10-10,11:50:00,2612.365,2612.895,2611.975,2612.405,0.2621
1728561300000,2024-10-10,11:55:00,2612.375,2613.125,2611.775,2612.915,0.3013
1728561600000,2024-10-10,12:00:00,2612.915,2614.565,2612.725,2614.065,0.5569
1728561900000,2024-10-10,12:05:00,2614.055,2614.994,2613.608,2614.478,0.4879
1728562200000,2024-10-10,12:10:00,2614.478,2614.678,2613.204,2613.958,0.4387
1728562500000,2024-10-10,12:15:00,2613.954,2615.205,2613.834,2613.955,0.3882
1728562800000,2024-10-10,12:20:00,2613.885,2614.465,2612.998,2613.774,0.3839
1728563100000,2024-10-10,12:25:00,2613.724,2614.465,2612.048,2612.048,0.2291
1728563400000,2024-10-10,12:30:00,2612.058,2623.798,2601.734,2620.545,0.9625
1728563700000,2024-10-10,12:35:00,2620.675,2624.354,2617.544,2617.734,0.9846
1728564000000,2024-10-10,12:40:00,2617.744,2621.634,2616.894,2620.964,1.1238
1728564300000,2024-10-10,12:45:00,2620.964,2626.644,2620.008,2624.455,1.116
1728564600000,2024-10-10,12:50:00,2624.455,2627.148,2623.418,2623.418,1.0324
1728564900000,2024-10-10,12:55:00,2623.384,2625.158,2621.068,2624.898,0.8974
1728565200000,2024-10-10,13:00:00,2624.924,2626.858,2619.848,2626.758,0.911
1728565500000,2024-10-10,13:05:00,2626.745,2627.604,2621.998,2623.108,0.8307
1728565800000,2024-10-10,13:10:00,2623.158,2623.428,2619.608,2619.894,0.8426
1728566100000,2024-10-10,13:15:00,2619.894,2620.104,2618.105,2618.924,0.9543
1728566400000,2024-10-10,13:20:00,2618.864,2620.058,2617.194,2619.744,0.8782
1728566700000,2024-10-10,13:25:00,2619.744,2620.508,2617.458,2617.535,0.9286
1728567000000,2024-10-10,13:30:00,2617.524,2618.618,2615.628,2617.985,1.11
1728567300000,2024-10-10,13:35:00,2617.965,2620.854,2617.105,2619.294,0.9766
1728567600000,2024-10-10,13:40:00,2619.294,2623.128,2616.738,2617.135,0.8685
1728567900000,2024-10-10,13:45:00,2617.105,2623.985,2617.075,2623.035,1.0611
1728568200000,2024-10-10,13:50:00,2622.995,2627.694,2622.295,2625.485,1.0242
1728568500000,2024-10-10,13:55:00,2625.484,2627.828,2625.078,2626.568,0.8815
1728568800000,2024-10-10,14:00:00,2626.575,2629.564,2626.575,2626.818,0.7129
1728569100000,2024-10-10,14:05:00,2626.774,2627.434,2623.895,2624.705,0.7853
1728569400000,2024-10-10,14:10:00,2624.665,2628.435,2624.215,2626.498,0.7652
1728569700000,2024-10-10,14:15:00,2626.498,2629.514,2625.618,2626.305,0.7082
1728570000000,2024-10-10,14:20:00,2626.254,2627.725,2623.925,2624.615,0.6165
1728570300000,2024-10-10,14:25:00,2624.615,2625.005,2622.935,2624.275,0.9267
1728570600000,2024-10-10,14:30:00,2624.215,2625.705,2622.908,2624.758,0.881
1728570900000,2024-10-10,14:35:00,2624.768,2625.725,2623.398,2625.235,0.815
1728571200000,2024-10-10,14:40:00,2625.235,2626.085,2624.355,2625.508,0.5976
1728571500000,2024-10-10,14:45:00,2625.508,2626.228,2623.908,2624.615,0.5806
1728571800000,2024-10-10,14:50:00,2624.615,2625.878,2622.724,2623.178,0.6774
1728572100000,2024-10-10,14:55:00,2623.018,2625.645,2622.855,2625.325,0.6438
1728572400000,2024-10-10,15:00:00,2625.314,2625.958,2622.738,2623.205,0.442
1728572700000,2024-10-10,15:05:00,2623.205,2624.145,2622.048,2622.828,0.515
1728573000000,2024-10-10,15:10:00,2622.765,2624.708,2622.545,2624.588,0.514
1728573300000,2024-10-10,15:15:00,2624.588,2626.038,2622.698,2622.748,0.55
1728573600000,2024-10-10,15:20:00,2622.654,2623.298,2620.914,2623.148,0.4901
1728573900000,2024-10-10,15:25:00,2623.178,2624.404,2622.824,2624.348,0.376
1728574200000,2024-10-10,15:30:00,2624.348,2624.415,2620.248,2620.448,0.2771
1728574500000,2024-10-10,15:35:00,2620.385,2621.735,2618.665,2621.345,0.5761
1728574800000,2024-10-10,15:40:00,2621.325,2621.455,2619.878,2620.414,0.4558
1728575100000,2024-10-10,15:45:00,2620.495,2622.768,2620.345,2622.144,0.3743
1728575400000,2024-10-10,15:50:00,2622.154,2623.318,2621.874,2623.188,0.4008
1728575700000,2024-10-10,15:55:00,2623.178,2623.695,2622.425,2623.475,0.1879
1728576000000,2024-10-10,16:00:00,2623.505,2626.345,2623.455,2626.345,0.235
1728576300000,2024-10-10,16:05:00,2626.345,2626.728,2625.305,2625.795,0.2004
1728576600000,2024-10-10,16:10:00,2625.795,2628.338,2625.725,2628.285,0.2138
1728576900000,2024-10-10,16:15:00,2628.225,2629.015,2627.668,2627.808,0.3232
1728577200000,2024-10-10,16:20:00,2627.818,2627.818,2626.325,2626.378,0.1671
1728577500000,2024-10-10,16:25:00,2626.398,2627.405,2626.345,2627.235,0.0906
1728577800000,2024-10-10,16:30:00,2627.195,2627.868,2626.308,2627.595,0.2575
1728578100000,2024-10-10,16:35:00,2627.598,2628.508,2625.698,2626.218,0.2282
1728578400000,2024-10-10,16:40:00,2626.214,2626.218,2623.678,2623.975,0.3955
1728578700000,2024-10-10,16:45:00,2623.984,2624.305,2619.925,2620.178,0.4872
1728579000000,2024-10-10,16:50:00,2620.158,2622.345,2619.958,2620.854,0.4886
1728579300000,2024-10-10,16:55:00,2620.844,2621.128,2618.638,2619.158,0.4838
1728579600000,2024-10-10,17:00:00,2619.105,2619.978,2617.858,2618.455,0.4741
1728579900000,2024-10-10,17:05:00,2618.488,2618.624,2616.365,2617.685,0.3387
1728580200000,2024-10-10,17:10:00,2617.725,2618.325,2617.225,2617.985,0.4411
1728580500000,2024-10-10,17:15:00,2618.055,2619.005,2617.268,2618.775,0.4725
1728580800000,2024-10-10,17:20:00,2618.785,2621.715,2618.785,2621.128,0.4651
1728581100000,2024-10-10,17:25:00,2621.075,2622.605,2620.138,2622.025,0.469
1728581400000,2024-10-10,17:30:00,2622.025,2624.078,2621.995,2623.875,0.476
1728581700000,2024-10-10,17:35:00,2623.875,2626.095,2623.865,2625.695,0.2897
1728582000000,2024-10-10,17:40:00,2625.815,2625.985,2625.015,2625.285,0.1336
1728582300000,2024-10-10,17:45:00,2625.295,2625.875,2624.685,2625.555,0.1828
1728582600000,2024-10-10,17:50:00,2625.555,2626.145,2623.178,2624.125,0.2358
1728582900000,2024-10-10,17:55:00,2624.175,2624.275,2623.235,2623.688,0.2093
1728583200000,2024-10-10,18:00:00,2623.675,2625.085,2623.435,2623.698,0.1866
1728583500000,2024-10-10,18:05:00,2623.675,2624.968,2623.478,2624.965,0.113
1728583800000,2024-10-10,18:10:00,2624.965,2625.298,2623.965,2624.138,0.1259
1728584100000,2024-10-10,18:15:00,2624.135,2625.185,2623.195,2625.185,0.1236
1728584400000,2024-10-10,18:20:00,2625.185,2626.048,2625.138,2625.498,0.1636
1728584700000,2024-10-10,18:25:00,2625.478,2626.068,2624.748,2625.078,0.1914
1728585000000,2024-10-10,18:30:00,2625.068,2626.398,2624.758,2626.044,0.1913
1728585300000,2024-10-10,18:35:00,2626.014,2628.364,2625.884,2628.294,0.2681
1728585600000,2024-10-10,18:40:00,2628.304,2628.868,2627.718,2628.375,0.3131
1728585900000,2024-10-10,18:45:00,2628.405,2629.018,2627.584,2628.925,0.2359
1728586200000,2024-10-10,18:50:00,2628.925,2628.925,2626.038,2626.485,0.1716
1728586500000,2024-10-10,18:55:00,2626.465,2626.595,2625.718,2626.358,0.3051
1728586800000,2024-10-10,19:00:00,2626.308,2628.455,2625.848,2628.065,0.2328
1728587100000,2024-10-10,19:05:00,2628.084,2630.245,2628.084,2628.515,0.1978
1728587400000,2024-10-10,19:10:00,2628.518,2630.278,2628.288,2629.768,0.2255
1728587700000,2024-10-10,19:15:00,2629.748,2630.684,2629.348,2629.758,0.2393
1728588000000,2024-10-10,19:20:00,2629.784,2630.858,2629.784,2630.238,0.2967
1728588300000,2024-10-10,19:25:00,2630.244,2630.754,2630.028,2630.608,0.1191
1728588600000,2024-10-10,19:30:00,2630.584,2631.308,2629.254,2629.408,0.2381
1728588900000,2024-10-10,19:35:00,2629.408,2629.918,2628.628,2628.728,0.1845
1728589200000,2024-10-10,19:40:00,2628.685,2629.898,2628.668,2629.705,0.1553
1728589500000,2024-10-10,19:45:00,2629.678,2629.778,2628.688,2629.098,0.1313
1728589800000,2024-10-10,19:50:00,2629.098,2629.798,2628.158,2629.298,0.2218
1728590100000,2024-10-10,19:55:00,2629.305,2629.708,2628.798,2629.048,0.3228
1728590400000,2024-10-10,20:00:00,2629.078,2629.628,2629.078,2629.428,0.1563
1728590700000,2024-10-10,20:05:00,2629.448,2629.828,2629.288,2629.635,0.0834
1728591000000,2024-10-10,20:10:00,2629.595,2630.378,2629.275,2629.295,0.0984
1728591300000,2024-10-10,20:15:00,2629.295,2629.955,2629.015,2629.315,0.064
1728591600000,2024-10-10,20:20:00,2629.315,2629.518,2628.945,2629.208,0.0434
1728591900000,2024-10-10,20:25:00,2629.188,2630.575,2629.145,2630.155,0.0604
1728592200000,2024-10-10,20:30:00,2630.155,2631.435,2630.125,2631.305,0.047
1728592500000,2024-10-10,20:35:00,2631.305,2631.305,2629.705,2629.708,0.0876
1728592800000,2024-10-10,20:40:00,2629.708,2630.088,2628.725,2629.438,0.1147
1728593100000,2024-10-10,20:45:00,2629.458,2629.728,2629.045,2629.128,0.0894
1728593400000,2024-10-10,20:50:00,2629.148,2629.688,2629.095,2629.458,0.0482
1728593700000,2024-10-10,20:55:00,2629.498,2629.995,2629.098,2629.595,0.0871
1728597600000,2024-10-10,22:00:00,2629.098,2629.675,2628.185,2628.315,0.0665
1728597900000,2024-10-10,22:05:00,2628.215,2628.745,2627.995,2628.705,0.0505
1728598200000,2024-10-10,22:10:00,2628.735,2628.985,2628.184,2628.728,0.0672
1728598500000,2024-10-10,22:15:00,2628.728,2628.938,2628.478,2628.568,0.0187
1728598800000,2024-10-10,22:20:00,2628.454,2628.595,2628.035,2628.115,0.0184
1728599100000,2024-10-10,22:25:00,2628.105,2628.235,2628.025,2628.035,0.0185
1728599400000,2024-10-10,22:30:00,2628.035,2628.535,2628.035,2628.515,0.009
1728599700000,2024-10-10,22:35:00,2628.525,2628.525,2628.195,2628.195,0.0123
1728600000000,2024-10-10,22:40:00,2628.195,2628.435,2628.035,2628.435,0.0061
1728600300000,2024-10-10,22:45:00,2628.385,2628.615,2628.315,2628.465,0.0209
1728600600000,2024-10-10,22:50:00,2628.465,2628.715,2628.285,2628.325,0.0148
1728600900000,2024-10-10,22:55:00,2628.385,2628.405,2628.045,2628.065,0.0278
1728601200000,2024-10-10,23:00:00,2628.105,2629.228,2628.075,2629.064,0.1397
1728601500000,2024-10-10,23:05:00,2629.094,2629.738,2628.978,2629.674,0.152
1728601800000,2024-10-10,23:10:00,2629.674,2630.055,2629.465,2629.975,0.0236
1728602100000,2024-10-10,23:15:00,2630.025,2631.555,2629.935,2631.215,0.0457
1728602400000,2024-10-10,23:20:00,2631.215,2633.008,2631.205,2632.455,0.138
1728602700000,2024-10-10,23:25:00,2632.455,2632.578,2632.105,2632.235,0.1277
1728603000000,2024-10-10,23:30:00,2632.225,2635.855,2632.035,2632.235,0.2317
1728603300000,2024-10-10,23:35:00,2632.225,2633.345,2632.225,2633.085,0.0643
1728603600000,2024-10-10,23:40:00,2633.075,2635.448,2633.065,2633.605,0.1976
1728603900000,2024-10-10,23:45:00,2633.558,2633.558,2632.085,2632.835,0.1444
1728604200000,2024-10-10,23:50:00,2632.835,2633.075,2632.295,2632.375,0.0533
1728604500000,2024-10-10,23:55:00,2632.375,2633.165,2632.118,2633.005,0.0553
1728604800000,2024-10-11,00:00:00,2633.065,2634.218,2633.045,2633.348,0.1462
1728605100000,2024-10-11,00:05:00,2633.344,2633.855,2632.775,2633.855,0.2262
1728605400000,2024-10-11,00:10:00,2633.995,2634.078,2633.205,2633.245,0.2639
1728605700000,2024-10-11,00:15:00,2633.235,2634.068,2632.825,2633.088,0.241
1728606000000,2024-10-11,00:20:00,2633.085,2633.528,2631.995,2633.488,0.307
1728606300000,2024-10-11,00:25:00,2633.395,2633.688,2632.365,2632.734,0.2143
1728606600000,2024-10-11,00:30:00,2632.714,2633.905,2631.975,2633.875,0.2417
1728606900000,2024-10-11,00:35:00,2633.875,2634.215,2632.495,2632.865,0.3798
1728607200000,2024-10-11,00:40:00,2632.865,2633.985,2632.775,2633.785,0.2233
1728607500000,2024-10-11,00:45:00,2633.775,2633.835,2632.275,2632.955,0.2937
1728607800000,2024-10-11,00:50:00,2632.935,2633.945,2632.745,2633.735,0.315
1728608100000,2024-10-11,00:55:00,2633.825,2634.265,2633.385,2633.715,0.3525
1728608400000,2024-10-11,01:00:00,2633.735,2635.755,2633.635,2635.414,0.6696
1728608700000,2024-10-11,01:05:00,2635.405,2635.575,2632.755,2632.935,0.3211
1728609000000,2024-10-11,01:10:00,2632.945,2634.328,2632.884,2633.685,0.2739
1728609300000,2024-10-11,01:15:00,2633.708,2635.118,2632.925,2634.568,0.2897
1728609600000,2024-10-11,01:20:00,2634.555,2635.228,2634.265,2635.155,0.2613
1728609900000,2024-10-11,01:25:00,2635.165,2636.605,2634.295,2634.535,0.2163
1728610200000,2024-10-11,01:30:00,2634.545,2634.825,2633.395,2634.445,0.1103
1728610500000,2024-10-11,01:35:00,2634.425,2635.575,2633.795,2634.135,0.2223
1728610800000,2024-10-11,01:40:00,2634.095,2636.015,2634.095,2635.735,0.167
1728611100000,2024-10-11,01:45:00,2635.765,2636.205,2634.928,2635.305,0.1863
1728611400000,2024-10-11,01:50:00,2635.245,2636.695,2635.185,2636.505,0.1744
1728611700000,2024-10-11,01:55:00,2636.505,2637.835,2635.998,2637.685,0.3447
1728612000000,2024-10-11,02:00:00,2637.615,2637.615,2635.735,2636.365,0.1976
1728612300000,2024-10-11,02:05:00,2636.435,2636.608,2635.575,2635.865,0.1436
1728612600000,2024-10-11,02:10:00,2635.815,2636.395,2635.095,2636.015,0.0962
1728612900000,2024-10-11,02:15:00,2636.045,2636.415,2635.525,2635.775,0.0974
1728613200000,2024-10-11,02:20:00,2635.785,2638.715,2635.255,2638.638,0.2345
1728613500000,2024-10-11,02:25:00,2638.646,2640.435,2637.585,2640.405,0.2459
1728613800000,2024-10-11,02:30:00,2640.405,2641.815,2639.155,2640.285,0.2907
1728614100000,2024-10-11,02:35:00,2640.575,2642.125,2640.225,2642.025,0.3333
1728614400000,2024-10-11,02:40:00,2642.025,2642.245,2640.855,2641.645,0.1537
1728614700000,2024-10-11,02:45:00,2641.675,2643.295,2641.395,2642.935,0.2098
1728615000000,2024-10-11,02:50:00,2642.935,2643.965,2642.775,2642.885,0.0813
1728615300000,2024-10-11,02:55:00,2642.855,2643.245,2642.175,2642.275,0.1447
1728615600000,2024-10-11,03:00:00,2642.215,2643.995,2641.915,2643.685,0.1064
1728615900000,2024-10-11,03:05:00,2643.685,2643.745,2642.605,2642.855,0.0896
1728616200000,2024-10-11,03:10:00,2642.955,2642.985,2641.115,2641.195,0.1509
1728616500000,2024-10-11,03:15:00,2641.198,2641.715,2640.508,2640.715,0.1711
1728616800000,2024-10-11,03:20:00,2640.718,2641.905,2640.615,2641.235,0.1099
1728617100000,2024-10-11,03:25:00,2641.205,2642.115,2640.825,2641.418,0.0983
1728617400000,2024-10-11,03:30:00,2641.415,2641.585,2640.755,2641.445,0.1609
1728617700000,2024-10-11,03:35:00,2641.445,2642.425,2641.215,2642.365,0.092
1728618000000,2024-10-11,03:40:00,2642.185,2643.865,2641.985,2643.385,0.0676
1728618300000,2024-10-11,03:45:00,2643.495,2644.718,2642.925,2644.628,0.1387
1728618600000,2024-10-11,03:50:00,2644.628,2645.195,2644.245,2644.985,0.1713
1728618900000,2024-10-11,03:55:00,2645.005,2645.958,2644.655,2645.364,0.1774
1728619200000,2024-10-11,04:00:00,2645.355,2645.418,2643.798,2644.315,0.1709
1728619500000,2024-10-11,04:05:00,2644.315,2645.068,2644.005,2644.925,0.0619
1728619800000,2024-10-11,04:10:00,2644.925,2645.315,2644.795,2645.245,0.0696
1728620100000,2024-10-11,04:15:00,2645.275,2645.335,2644.765,2644.995,0.061
1728620400000,2024-10-11,04:20:00,2644.945,2645.665,2644.705,2645.305,0.0243
1728620700000,2024-10-11,04:25:00,2645.255,2645.685,2645.155,2645.315,0.0619
1728621000000,2024-10-11,04:30:00,2645.415,2645.535,2645.205,2645.205,0.0266
1728621300000,2024-10-11,04:35:00,2645.195,2645.925,2644.825,2645.115,0.0405
1728621600000,2024-10-11,04:40:00,2645.115,2645.715,2645.085,2645.495,0.0411
1728621900000,2024-10-11,04:45:00,2645.475,2645.915,2645.305,2645.425,0.0388
1728622200000,2024-10-11,04:50:00,2645.505,2645.725,2645.275,2645.505,0.0359
1728622500000,2024-10-11,04:55:00,2645.525,2645.635,2645.175,2645.515,0.0459
1728622800000,2024-10-11,05:00:00,2645.405,2645.815,2645.198,2645.428,0.1147
1728623100000,2024-10-11,05:05:00,2645.425,2645.428,2644.075,2644.125,0.0988
1728623400000,2024-10-11,05:10:00,2644.104,2644.515,2643.895,2644.515,0.0389
1728623700000,2024-10-11,05:15:00,2644.515,2644.935,2644.254,2644.324,0.1305
1728624000000,2024-10-11,05:20:00,2644.314,2644.868,2644.185,2644.505,0.1679
1728624300000,2024-10-11,05:25:00,2644.498,2644.738,2644.295,2644.375,0.0503
1728624600000,2024-10-11,05:30:00,2644.385,2644.555,2643.055,2643.715,0.0763
1728624900000,2024-10-11,05:35:00,2643.705,2645.625,2643.265,2645.465,0.0703
1728625200000,2024-10-11,05:40:00,2645.555,2645.595,2644.885,2645.025,0.0701
1728625500000,2024-10-11,05:45:00,2645.185,2645.395,2643.748,2644.635,0.1875
1728625800000,2024-10-11,05:50:00,2644.615,2644.715,2643.645,2644.005,0.0639
1728626100000,2024-10-11,05:55:00,2644.035,2644.725,2643.935,2644.635,0.0436
1728626400000,2024-10-11,06:00:00,2644.635,2644.635,2643.315,2644.065,0.0976
1728626700000,2024-10-11,06:05:00,2644.225,2645.025,2643.315,2644.965,0.1101
1728627000000,2024-10-11,06:10:00,2644.965,2645.175,2644.365,2644.655,0.3529
1728627300000,2024-10-11,06:15:00,2644.665,2646.095,2644.375,2645.875,0.3868
1728627600000,2024-10-11,06:20:00,2645.875,2647.075,2645.035,2645.665,0.6573
1728627900000,2024-10-11,06:25:00,2645.685,2645.865,2641.595,2642.565,0.3858
1728628200000,2024-10-11,06:30:00,2642.585,2642.925,2641.105,2641.195,0.3339
1728628500000,2024-10-11,06:35:00,2641.185,2641.435,2639.945,2640.285,0.1301
1728628800000,2024-10-11,06:40:00,2640.275,2641.165,2639.405,2639.525,0.138
1728629100000,2024-10-11,06:45:00,2639.475,2640.598,2639.345,2639.435,0.18
1728629400000,2024-10-11,06:50:00,2639.415,2639.705,2638.278,2638.405,0.3165
1728629700000,2024-10-11,06:55:00,2638.368,2639.835,2637.868,2639.365,0.2685
1728630000000,2024-10-11,07:00:00,2639.325,2639.365,2638.315,2639.245,0.1057
1728630300000,2024-10-11,07:05:00,2639.235,2639.365,2638.345,2638.518,0.0941
1728630600000,2024-10-11,07:10:00,2638.565,2641.195,2638.195,2641.195,0.1823
1728630900000,2024-10-11,07:15:00,2641.195,2641.555,2639.185,2639.245,0.2871
1728631200000,2024-10-11,07:20:00,2639.235,2640.705,2639.005,2639.935,0.1805
1728631500000,2024-10-11,07:25:00,2639.935,2642.735,2639.915,2642.565,0.2637
1728631800000,2024-10-11,07:30:00,2642.385,2642.935,2640.565,2641.785,0.4438
1728632100000,2024-10-11,07:35:00,2641.775,2643.315,2641.775,2643.025,0.1522
1728632400000,2024-10-11,07:40:00,2643.045,2644.025,2643.005,2643.815,0.1545
1728632700000,2024-10-11,07:45:00,2643.835,2644.925,2643.538,2644.825,0.0919
1728633000000,2024-10-11,07:50:00,2644.815,2645.165,2644.465,2644.685,0.1764
1728633300000,2024-10-11,07:55:00,2644.695,2645.445,2644.695,2645.245,0.1496
1728633600000,2024-10-11,08:00:00,2645.265,2646.065,2645.055,2645.525,0.1246
1728633900000,2024-10-11,08:05:00,2645.525,2645.525,2643.835,2644.705,0.1346
1728634200000,2024-10-11,08:10:00,2644.705,2644.705,2642.375,2642.415,0.102
1728634500000,2024-10-11,08:15:00,2642.405,2642.505,2640.615,2641.045,0.0914
1728634800000,2024-10-11,08:20:00,2641.045,2642.955,2640.825,2642.245,0.1496
1728635100000,2024-10-11,08:25:00,2642.235,2642.488,2640.925,2641.255,0.1901
1728635400000,2024-10-11,08:30:00,2641.245,2641.405,2640.465,2640.805,0.3121
1728635700000,2024-10-11,08:35:00,2640.798,2641.815,2640.768,2640.865,0.1954
1728636000000,2024-10-11,08:40:00,2640.858,2641.015,2640.135,2640.455,0.0691
1728636300000,2024-10-11,08:45:00,2640.458,2640.885,2640.075,2640.075,0.1239
1728636600000,2024-10-11,08:50:00,2640.075,2640.245,2639.608,2639.825,0.0871
1728636900000,2024-10-11,08:55:00,2639.835,2639.915,2638.975,2639.128,0.1246
1728637200000,2024-10-11,09:00:00,2639.108,2640.745,2638.985,2640.695,0.1493
1728637500000,2024-10-11,09:05:00,2640.695,2641.518,2639.395,2639.485,0.2782
1728637800000,2024-10-11,09:10:00,2639.504,2640.705,2639.295,2640.135,0.1626
1728638100000,2024-10-11,09:15:00,2640.095,2640.735,2638.445,2638.495,0.272
1728638400000,2024-10-11,09:20:00,2638.495,2638.495,2636.025,2637.325,0.1861
1728638700000,2024-10-11,09:25:00,2637.345,2637.355,2636.495,2636.795,0.1366
1728639000000,2024-10-11,09:30:00,2636.795,2638.705,2636.705,2636.975,0.1924
1728639300000,2024-10-11,09:35:00,2636.975,2637.895,2636.365,2637.875,0.1583
1728639600000,2024-10-11,09:40:00,2637.818,2638.675,2637.675,2637.825,0.2242
1728639900000,2024-10-11,09:45:00,2637.885,2638.145,2637.165,2637.395,0.097
1728640200000,2024-10-11,09:50:00,2637.385,2638.045,2636.905,2637.755,0.1149
1728640500000,2024-10-11,09:55:00,2637.765,2638.035,2637.515,2637.765,0.0296
1728640800000,2024-10-11,10:00:00,2637.725,2638.305,2636.998,2638.025,0.0572
1728641100000,2024-10-11,10:05:00,2638.125,2638.658,2637.314,2637.498,0.1167
1728641400000,2024-10-11,10:10:00,2637.488,2637.858,2636.945,2636.965,0.0635
1728641700000,2024-10-11,10:15:00,2636.955,2637.828,2636.955,2637.555,0.0544
1728642000000,2024-10-11,10:20:00,2637.545,2638.555,2637.345,2637.965,0.0635
1728642300000,2024-10-11,10:25:00,2637.965,2638.765,2637.885,2638.655,0.0286
1728642600000,2024-10-11,10:30:00,2638.625,2640.185,2638.595,2639.995,0.0389
1728642900000,2024-10-11,10:35:00,2639.965,2640.655,2639.385,2640.605,0.0634
1728643200000,2024-10-11,10:40:00,2640.605,2640.785,2639.655,2640.298,0.0599
1728643500000,2024-10-11,10:45:00,2640.318,2641.185,2639.785,2640.185,0.0919
1728643800000,2024-10-11,10:50:00,2640.125,2641.085,2639.435,2640.985,0.0643
1728644100000,2024-10-11,10:55:00,2640.968,2642.135,2640.764,2641.465,0.132
1728644400000,2024-10-11,11:00:00,2641.485,2641.608,2640.185,2640.895,0.0902
1728644700000,2024-10-11,11:05:00,2640.905,2641.345,2640.145,2640.595,0.0766
1728645000000,2024-10-11,11:10:00,2640.625,2640.865,2639.225,2639.545,0.0895
1728645300000,2024-10-11,11:15:00,2639.535,2640.625,2639.425,2640.025,0.1168
1728645600000,2024-10-11,11:20:00,2640.025,2640.875,2639.785,2640.335,0.0532
1728645900000,2024-10-11,11:25:00,2640.335,2640.368,2639.145,2639.475,0.0679
1728646200000,2024-10-11,11:30:00,2639.435,2640.045,2638.565,2639.495,0.0918
1728646500000,2024-10-11,11:35:00,2639.525,2640.635,2639.145,2640.355,0.0692
1728646800000,2024-10-11,11:40:00,2640.345,2640.555,2639.695,2640.465,0.0591
1728647100000,2024-10-11,11:45:00,2640.555,2642.755,2640.495,2642.745,0.0961
1728647400000,2024-10-11,11:50:00,2642.745,2644.128,2642.125,2643.275,0.2626
1728647700000,2024-10-11,11:55:00,2643.245,2644.715,2643.165,2644.585,0.1828
1728648000000,2024-10-11,12:00:00,2644.535,2645.825,2644.515,2645.625,0.1258
1728648300000,2024-10-11,12:05:00,2645.544,2646.425,2645.535,2645.765,0.1011
1728648600000,2024-10-11,12:10:00,2645.745,2646.275,2644.535,2645.135,0.1685
1728648900000,2024-10-11,12:15:00,2645.155,2646.758,2644.835,2646.635,0.0843
1728649200000,2024-10-11,12:20:00,2646.595,2648.115,2645.628,2646.408,0.4009
1728649500000,2024-10-11,12:25:00,2646.375,2647.245,2645.388,2645.868,0.1744
1728649800000,2024-10-11,12:30:00,2645.858,2649.998,2643.585,2648.548,0.5061
1728650100000,2024-10-11,12:35:00,2648.558,2649.105,2642.485,2642.785,0.486
1728650400000,2024-10-11,12:40:00,2642.818,2644.118,2641.485,2642.285,0.567
1728650700000,2024-10-11,12:45:00,2642.298,2643.185,2640.465,2641.095,0.6938
1728651000000,2024-10-11,12:50:00,2641.085,2642.775,2640.525,2642.645,0.9696
1728651300000,2024-10-11,12:55:00,2642.645,2643.655,2642.325,2642.955,0.6895
1728651600000,2024-10-11,13:00:00,2642.955,2646.345,2642.495,2645.945,0.6185
1728651900000,2024-10-11,13:05:00,2645.965,2646.468,2643.795,2644.655,0.4247
1728652200000,2024-10-11,13:10:00,2644.655,2647.705,2644.235,2647.435,0.3598
1728652500000,2024-10-11,13:15:00,2647.425,2649.795,2646.755,2649.505,0.2977
1728652800000,2024-10-11,13:20:00,2649.505,2649.505,2646.825,2648.475,0.794
1728653100000,2024-10-11,13:25:00,2648.395,2648.925,2646.435,2646.775,0.4186
1728653400000,2024-10-11,13:30:00,2646.835,2650.368,2646.015,2650.001,0.4804
1728653700000,2024-10-11,13:35:00,2650.005,2652.035,2649.975,2651.948,0.4259
1728654000000,2024-10-11,13:40:00,2651.988,2653.215,2649.785,2649.955,0.5263
1728654300000,2024-10-11,13:45:00,2649.955,2651.685,2647.275,2650.665,0.4432
1728654600000,2024-10-11,13:50:00,2650.665,2651.305,2648.995,2650.605,0.246
1728654900000,2024-10-11,13:55:00,2650.685,2650.715,2648.428,2649.228,0.2368
1728655200000,2024-10-11,14:00:00,2649.275,2650.928,2646.785,2647.348,0.3948
1728655500000,2024-10-11,14:05:00,2647.355,2649.415,2646.284,2648.515,0.6681
1728655800000,2024-10-11,14:10:00,2648.545,2651.755,2647.325,2651.555,0.5376
1728656100000,2024-10-11,14:15:00,2651.555,2653.338,2650.024,2650.295,0.5025
1728656400000,2024-10-11,14:20:00,2650.228,2652.748,2649.325,2652.665,0.5238
1728656700000,2024-10-11,14:25:00,2652.685,2653.245,2651.565,2652.635,0.1509
1728657000000,2024-10-11,14:30:00,2652.655,2654.205,2651.865,2654.115,0.195
1728657300000,2024-10-11,14:35:00,2654.115,2654.115,2652.325,2653.535,0.1694
1728657600000,2024-10-11,14:40:00,2653.565,2655.188,2653.068,2653.375,0.3061
1728657900000,2024-10-11,14:45:00,2653.365,2653.375,2650.995,2652.735,0.3488
1728658200000,2024-10-11,14:50:00,2652.735,2653.125,2651.535,2651.915,0.353
1728658500000,2024-10-11,14:55:00,2651.935,2653.005,2651.435,2652.975,0.3938
1728658800000,2024-10-11,15:00:00,2652.945,2656.048,2652.945,2655.668,0.2334
1728659100000,2024-10-11,15:05:00,2655.654,2656.625,2654.565,2655.795,0.3599
1728659400000,2024-10-11,15:10:00,2655.815,2657.355,2654.718,2656.955,0.3054
1728659700000,2024-10-11,15:15:00,2656.935,2657.808,2656.224,2656.805,0.3009
1728660000000,2024-10-11,15:20:00,2656.804,2658.185,2656.435,2658.025,0.2496
1728660300000,2024-10-11,15:25:00,2657.915,2658.565,2657.498,2658.555,0.2258
1728660600000,2024-10-11,15:30:00,2658.555,2658.615,2657.255,2657.975,0.2062
1728660900000,2024-10-11,15:35:00,2658.015,2658.225,2656.254,2656.875,0.2488
1728661200000,2024-10-11,15:40:00,2656.885,2659.098,2656.644,2658.418,0.191
1728661500000,2024-10-11,15:45:00,2658.418,2658.628,2657.255,2657.415,0.1733
1728661800000,2024-10-11,15:50:00,2657.455,2658.215,2656.374,2656.614,0.1922
1728662100000,2024-10-11,15:55:00,2656.578,2658.655,2656.434,2658.655,0.2561
1728662400000,2024-10-11,16:00:00,2658.635,2659.055,2657.785,2658.715,0.1745
1728662700000,2024-10-11,16:05:00,2658.715,2659.858,2658.625,2659.528,0.1676
1728663000000,2024-10-11,16:10:00,2659.535,2659.578,2658.098,2658.458,0.1753
1728663300000,2024-10-11,16:15:00,2658.465,2659.368,2658.265,2659.248,0.1916
1728663600000,2024-10-11,16:20:00,2659.305,2660.128,2658.935,2659.985,0.274
1728663900000,2024-10-11,16:25:00,2659.985,2661.258,2659.565,2660.678,0.1682
1728664200000,2024-10-11,16:30:00,2660.654,2660.924,2659.498,2660.114,0.2393
1728664500000,2024-10-11,16:35:00,2660.098,2660.345,2658.535,2658.725,0.1951
1728664800000,2024-10-11,16:40:00,2658.725,2659.475,2658.154,2658.305,0.1546
1728665100000,2024-10-11,16:45:00,2658.275,2659.385,2658.045,2659.065,0.0871
1728665400000,2024-10-11,16:50:00,2659.065,2659.545,2657.728,2658.385,0.1352
1728665700000,2024-10-11,16:55:00,2658.355,2660.338,2658.245,2660.338,0.1292
1728666000000,2024-10-11,17:00:00,2660.348,2661.108,2659.895,2660.935,0.2336
1728666300000,2024-10-11,17:05:00,2660.935,2661.005,2658.995,2659.435,0.0625
1728666600000,2024-10-11,17:10:00,2659.435,2659.705,2658.765,2658.998,0.0887
1728666900000,2024-10-11,17:15:00,2658.998,2659.038,2656.995,2657.005,0.1449
1728667200000,2024-10-11,17:20:00,2657.025,2657.974,2656.798,2657.874,0.1734
1728667500000,2024-10-11,17:25:00,2657.874,2659.035,2657.088,2658.815,0.1598
1728667800000,2024-10-11,17:30:00,2658.685,2658.885,2656.818,2656.944,0.0829
1728668100000,2024-10-11,17:35:00,2656.908,2657.955,2656.135,2657.895,0.0759
1728668400000,2024-10-11,17:40:00,2657.925,2659.048,2657.728,2658.294,0.1128
1728668700000,2024-10-11,17:45:00,2658.285,2659.088,2658.095,2659.028,0.1573
1728669000000,2024-10-11,17:50:00,2659.018,2659.558,2658.608,2658.974,0.2173
1728669300000,2024-10-11,17:55:00,2658.948,2660.025,2658.898,2659.374,0.2459
1728669600000,2024-10-11,18:00:00,2659.418,2659.418,2658.028,2658.428,0.1134
1728669900000,2024-10-11,18:05:00,2658.375,2658.875,2657.445,2657.805,0.0601
1728670200000,2024-10-11,18:10:00,2657.855,2657.928,2657.048,2657.308,0.121
1728670500000,2024-10-11,18:15:00,2657.328,2657.828,2657.094,2657.628,0.1129
1728670800000,2024-10-11,18:20:00,2657.628,2658.308,2657.208,2657.495,0.074
1728671100000,2024-10-11,18:25:00,2657.435,2657.495,2656.555,2656.875,0.1034
1728671400000,2024-10-11,18:30:00,2656.875,2657.185,2656.305,2656.815,0.0837
1728671700000,2024-10-11,18:35:00,2656.805,2656.805,2655.965,2656.318,0.0698
1728672000000,2024-10-11,18:40:00,2656.338,2657.008,2656.068,2656.978,0.1013
1728672300000,2024-10-11,18:45:00,2657.018,2658.108,2656.775,2658.005,0.15
1728672600000,2024-10-11,18:50:00,2658.035,2658.418,2657.588,2658.025,0.1608
1728672900000,2024-10-11,18:55:00,2657.975,2658.995,2657.908,2658.525,0.1285
1728673200000,2024-10-11,19:00:00,2658.488,2658.705,2657.038,2657.928,0.2446
1728673500000,2024-10-11,19:05:00,2657.948,2658.468,2657.628,2658.018,0.1975
1728673800000,2024-10-11,19:10:00,2658.038,2658.188,2656.658,2657.298,0.1981
1728674100000,2024-10-11,19:15:00,2657.298,2657.318,2656.405,2656.855,0.1429
1728674400000,2024-10-11,19:20:00,2656.855,2657.338,2656.738,2657.168,0.1239
1728674700000,2024-10-11,19:25:00,2657.158,2657.328,2656.745,2657.208,0.0903
1728675000000,2024-10-11,19:30:00,2657.165,2657.165,2655.265,2655.608,0.1375
1728675300000,2024-10-11,19:35:00,2655.658,2656.078,2655.295,2655.948,0.1032
1728675600000,2024-10-11,19:40:00,2655.998,2656.068,2655.218,2655.678,0.0742
1728675900000,2024-10-11,19:45:00,2655.698,2655.968,2655.148,2655.908,0.1089
1728676200000,2024-10-11,19:50:00,2655.908,2656.968,2655.825,2656.418,0.1332
1728676500000,2024-10-11,19:55:00,2656.398,2656.538,2655.738,2656.028,0.1595
1728676800000,2024-10-11,20:00:00,2656.015,2656.368,2655.548,2655.668,0.0803
1728677100000,2024-10-11,20:05:00,2655.708,2656.028,2655.538,2655.738,0.0465
1728677400000,2024-10-11,20:10:00,2655.735,2655.908,2655.058,2655.088,0.0397
1728677700000,2024-10-11,20:15:00,2655.118,2655.555,2654.598,2655.408,0.0507
1728678000000,2024-10-11,20:20:00,2655.395,2655.618,2655.328,2655.528,0.0402
1728678300000,2024-10-11,20:25:00,2655.548,2655.918,2655.338,2655.438,0.0432
1728678600000,2024-10-11,20:30:00,2655.398,2655.928,2654.835,2655.758,0.0418
1728678900000,2024-10-11,20:35:00,2655.755,2656.098,2655.548,2655.868,0.0432
1728679200000,2024-10-11,20:40:00,2655.868,2656.785,2655.708,2656.698,0.052
1728679500000,2024-10-11,20:45:00,2656.748,2657.028,2656.165,2656.948,0.0652
1728679800000,2024-10-11,20:50:00,2656.948,2657.175,2656.555,2657.048,0.0616
1728680100000,2024-10-11,20:55:00,2657.068,2657.175,2656.195,2656.835,0.0796
1728856800000,2024-10-13,22:00:00,2656.298,2656.775,2644.985,2649.615,0.4429
1728857100000,2024-10-13,22:05:00,2649.665,2652.205,2648.948,2649.724,0.3036
1728857400000,2024-10-13,22:10:00,2649.665,2650.875,2647.874,2647.904,0.1915
1728857700000,2024-10-13,22:15:00,2647.905,2648.965,2646.635,2648.575,0.1651
1728858000000,2024-10-13,22:20:00,2648.535,2649.934,2648.085,2649.934,0.1296
1728858300000,2024-10-13,22:25:00,2650.074,2652.364,2649.494,2649.684,0.1324
1728858600000,2024-10-13,22:30:00,2649.684,2650.624,2649.174,2649.274,0.1112
1728858900000,2024-10-13,22:35:00,2649.264,2650.248,2649.264,2649.884,0.0602
1728859200000,2024-10-13,22:40:00,2649.885,2650.195,2649.065,2649.365,0.0464
1728859500000,2024-10-13,22:45:00,2649.254,2649.865,2649.254,2649.865,0.0373
1728859800000,2024-10-13,22:50:00,2649.875,2650.355,2649.665,2650.175,0.0312
1728860100000,2024-10-13,22:55:00,2650.115,2650.195,2649.765,2650.065,0.0277
1728860400000,2024-10-13,23:00:00,2650.145,2650.485,2649.175,2649.615,0.0971
1728860700000,2024-10-13,23:05:00,2649.615,2649.735,2648.745,2649.595,0.1195
1728861000000,2024-10-13,23:10:00,2649.595,2649.925,2648.295,2648.855,0.153
1728861300000,2024-10-13,23:15:00,2648.845,2649.145,2648.355,2648.685,0.1789
1728861600000,2024-10-13,23:20:00,2648.688,2649.115,2648.495,2648.855,0.1228
1728861900000,2024-10-13,23:25:00,2648.855,2649.465,2648.785,2649.455,0.1048
1728862200000,2024-10-13,23:30:00,2649.465,2649.704,2649.115,2649.405,0.1092
1728862500000,2024-10-13,23:35:00,2649.415,2650.048,2647.995,2647.995,0.1835
1728862800000,2024-10-13,23:40:00,2648.005,2648.625,2647.635,2648.595,0.1557
1728863100000,2024-10-13,23:45:00,2648.635,2648.695,2648.215,2648.385,0.096
1728863400000,2024-10-13,23:50:00,2648.355,2648.555,2647.925,2647.925,0.0781
1728863700000,2024-10-13,23:55:00,2647.905,2649.095,2647.445,2647.865,0.0588
1728864000000,2024-10-14,00:00:00,2647.935,2647.935,2644.975,2645.805,0.2834
1728864300000,2024-10-14,00:05:00,2645.775,2646.448,2645.064,2645.305,0.2466
1728864600000,2024-10-14,00:10:00,2645.315,2645.935,2645.175,2645.805,0.1168
1728864900000,2024-10-14,00:15:00,2645.805,2646.535,2645.765,2646.445,0.0485
1728865200000,2024-10-14,00:20:00,2646.445,2647.075,2646.395,2646.955,0.0865
1728865500000,2024-10-14,00:25:00,2646.955,2647.575,2646.895,2647.165,0.1324
1728865800000,2024-10-14,00:30:00,2647.124,2648.175,2646.815,2647.664,0.1108
1728866100000,2024-10-14,00:35:00,2647.658,2648.225,2647.475,2648.055,0.0574
1728866400000,2024-10-14,00:40:00,2648.085,2648.085,2646.315,2646.365,0.0675
1728866700000,2024-10-14,00:45:00,2646.405,2647.175,2645.905,2647.175,0.1487
1728867000000,2024-10-14,00:50:00,2647.165,2647.808,2646.365,2646.395,0.2208
1728867300000,2024-10-14,00:55:00,2646.448,2647.005,2646.385,2646.574,0.1499
1728867600000,2024-10-14,01:00:00,2646.574,2646.574,2643.455,2643.598,0.3167
1728867900000,2024-10-14,01:05:00,2643.618,2645.725,2643.375,2645.695,0.2795
1728868200000,2024-10-14,01:10:00,2645.695,2645.715,2643.995,2645.715,0.1911
1728868500000,2024-10-14,01:15:00,2645.715,2647.245,2645.545,2646.535,0.4763
1728868800000,2024-10-14,01:20:00,2646.545,2646.765,2644.975,2645.525,0.3945
1728869100000,2024-10-14,01:25:00,2645.535,2648.055,2645.485,2647.815,0.2971
1728869400000,2024-10-14,01:30:00,2647.805,2647.815,2645.545,2646.095,0.3841
1728869700000,2024-10-14,01:35:00,2646.048,2647.775,2645.885,2647.295,0.0969
1728870000000,2024-10-14,01:40:00,2647.505,2648.275,2646.125,2646.475,0.1993
1728870300000,2024-10-14,01:45:00,2646.445,2648.375,2646.175,2646.195,0.1198
1728870600000,2024-10-14,01:50:00,2646.175,2646.294,2644.355,2646.004,0.2177
1728870900000,2024-10-14,01:55:00,2645.995,2646.445,2645.425,2646.015,0.1724
1728871200000,2024-10-14,02:00:00,2645.955,2645.955,2644.015,2644.125,0.228
1728871500000,2024-10-14,02:05:00,2644.095,2645.265,2643.058,2644.965,0.2385
1728871800000,2024-10-14,02:10:00,2644.974,2645.875,2644.465,2645.675,0.1642
1728872100000,2024-10-14,02:15:00,2645.705,2646.295,2645.055,2646.155,0.1376
1728872400000,2024-10-14,02:20:00,2646.245,2647.005,2646.155,2646.975,0.2456
1728872700000,2024-10-14,02:25:00,2646.965,2648.225,2646.855,2648.065,0.2287
1728873000000,2024-10-14,02:30:00,2648.035,2650.665,2647.595,2650.525,0.424
1728873300000,2024-10-14,02:35:00,2650.485,2651.455,2649.028,2651.235,0.1956
1728873600000,2024-10-14,02:40:00,2651.145,2653.045,2650.805,2652.385,0.1507
1728873900000,2024-10-14,02:45:00,2652.375,2653.615,2652.295,2652.645,0.1561
1728874200000,2024-10-14,02:50:00,2652.595,2654.258,2651.715,2653.985,0.1413
1728874500000,2024-10-14,02:55:00,2653.985,2655.355,2653.405,2655.045,0.1163
1728874800000,2024-10-14,03:00:00,2655.025,2656.045,2654.525,2654.775,0.0995
1728875100000,2024-10-14,03:05:00,2654.775,2655.258,2653.564,2654.765,0.2179
1728875400000,2024-10-14,03:10:00,2654.765,2656.585,2654.505,2656.025,0.1325
1728875700000,2024-10-14,03:15:00,2656.025,2656.175,2654.815,2655.565,0.0768
1728876000000,2024-10-14,03:20:00,2655.565,2655.835,2654.665,2655.385,0.071
1728876300000,2024-10-14,03:25:00,2655.375,2656.405,2655.115,2655.995,0.0843
1728876600000,2024-10-14,03:30:00,2656.115,2656.495,2656.005,2656.305,0.0379
1728876900000,2024-10-14,03:35:00,2656.215,2656.985,2656.195,2656.215,0.0742
1728877200000,2024-10-14,03:40:00,2656.225,2657.205,2656.225,2657.125,0.0776
1728877500000,2024-10-14,03:45:00,2657.085,2657.285,2656.145,2656.215,0.074
1728877800000,2024-10-14,03:50:00,2656.195,2656.295,2655.095,2655.805,0.044
1728878100000,2024-10-14,03:55:00,2655.805,2655.885,2655.435,2655.445,0.0206
1728878400000,2024-10-14,04:00:00,2655.435,2656.135,2655.295,2656.015,0.0178
1728878700000,2024-10-14,04:05:00,2656.025,2656.025,2655.145,2655.335,0.081
1728879000000,2024-10-14,04:10:00,2655.485,2655.765,2655.175,2655.295,0.0264
1728879300000,2024-10-14,04:15:00,2655.195,2656.035,2655.195,2655.795,0.0301
1728879600000,2024-10-14,04:20:00,2655.785,2656.635,2655.755,2656.225,0.0254
1728879900000,2024-10-14,04:25:00,2656.215,2656.485,2656.095,2656.245,0.0513
1728880200000,2024-10-14,04:30:00,2656.285,2656.435,2656.025,2656.125,0.0112
1728880500000,2024-10-14,04:35:00,2656.195,2657.865,2656.165,2657.865,0.0456
1728880800000,2024-10-14,04:40:00,2657.865,2658.165,2657.464,2658.025,0.118
1728881100000,2024-10-14,04:45:00,2657.934,2660.305,2657.805,2660.225,0.1313
1728881400000,2024-10-14,04:50:00,2660.225,2660.225,2658.675,2658.855,0.0678
1728881700000,2024-10-14,04:55:00,2658.855,2659.385,2658.795,2659.085,0.0379
1728882000000,2024-10-14,05:00:00,2659.035,2659.535,2658.505,2659.115,0.066
1728882300000,2024-10-14,05:05:00,2659.064,2659.105,2658.605,2659.055,0.048
1728882600000,2024-10-14,05:10:00,2659.165,2659.955,2659.035,2659.515,0.0339
1728882900000,2024-10-14,05:15:00,2659.545,2660.545,2659.015,2660.475,0.047
1728883200000,2024-10-14,05:20:00,2660.545,2660.575,2659.985,2659.985,0.049
1728883500000,2024-10-14,05:25:00,2659.995,2660.105,2659.395,2659.775,0.0886
1728883800000,2024-10-14,05:30:00,2659.785,2660.175,2658.075,2658.075,0.2125
1728884100000,2024-10-14,05:35:00,2658.095,2658.774,2657.675,2658.575,0.192
1728884400000,2024-10-14,05:40:00,2658.645,2658.645,2657.425,2658.215,0.059
1728884700000,2024-10-14,05:45:00,2658.245,2658.775,2657.365,2657.515,0.0827
1728885000000,2024-10-14,05:50:00,2657.495,2658.085,2656.945,2657.775,0.218
1728885300000,2024-10-14,05:55:00,2657.825,2659.215,2657.775,2658.875,0.1452
1728885600000,2024-10-14,06:00:00,2658.885,2659.405,2657.405,2657.525,0.2817
1728885900000,2024-10-14,06:05:00,2657.495,2658.485,2657.295,2658.145,0.2451
1728886200000,2024-10-14,06:10:00,2658.135,2658.775,2657.505,2658.435,0.1331
1728886500000,2024-10-14,06:15:00,2658.445,2659.145,2658.258,2658.665,0.1391
1728886800000,2024-10-14,06:20:00,2658.735,2664.185,2658.735,2663.875,0.4601
1728887100000,2024-10-14,06:25:00,2663.875,2666.705,2663.184,2665.435,0.3009
1728887400000,2024-10-14,06:30:00,2665.464,2666.065,2664.975,2666.005,0.1462
1728887700000,2024-10-14,06:35:00,2666.045,2666.385,2664.225,2664.275,0.154
1728888000000,2024-10-14,06:40:00,2664.295,2665.095,2663.195,2663.924,0.1397
1728888300000,2024-10-14,06:45:00,2663.918,2664.575,2662.555,2663.455,0.1958
1728888600000,2024-10-14,06:50:00,2663.455,2665.215,2663.405,2665.075,0.0974
1728888900000,2024-10-14,06:55:00,2665.055,2665.055,2663.305,2663.884,0.1332
1728889200000,2024-10-14,07:00:00,2663.975,2665.055,2663.585,2663.938,0.1735
1728889500000,2024-10-14,07:05:00,2663.938,2664.165,2663.275,2663.735,0.1767
1728889800000,2024-10-14,07:10:00,2663.778,2663.778,2662.065,2662.315,0.1376
1728890100000,2024-10-14,07:15:00,2662.335,2663.915,2662.235,2662.935,0.1451
1728890400000,2024-10-14,07:20:00,2662.985,2663.255,2661.765,2661.805,0.2823
1728890700000,2024-10-14,07:25:00,2661.815,2661.875,2660.135,2660.565,0.1562
1728891000000,2024-10-14,07:30:00,2660.545,2660.545,2659.005,2660.248,0.1561
1728891300000,2024-10-14,07:35:00,2660.255,2663.095,2659.898,2662.615,0.1603
1728891600000,2024-10-14,07:40:00,2662.605,2663.615,2661.875,2662.995,0.1736
1728891900000,2024-10-14,07:45:00,2662.995,2662.995,2660.635,2661.425,0.1672
1728892200000,2024-10-14,07:50:00,2661.425,2662.445,2660.585,2660.635,0.052
1728892500000,2024-10-14,07:55:00,2660.615,2661.285,2659.975,2660.298,0.0908
1728892800000,2024-10-14,08:00:00,2660.295,2661.764,2660.268,2661.365,0.2227
1728893100000,2024-10-14,08:05:00,2661.455,2661.575,2660.125,2661.225,0.2003
1728893400000,2024-10-14,08:10:00,2661.205,2661.235,2658.898,2659.535,0.1427
1728893700000,2024-10-14,08:15:00,2659.535,2659.625,2658.935,2659.165,0.1683
1728894000000,2024-10-14,08:20:00,2659.135,2660.185,2658.945,2660.035,0.2527
1728894300000,2024-10-14,08:25:00,2660.005,2660.575,2659.305,2659.425,0.0599
1728894600000,2024-10-14,08:30:00,2659.425,2660.135,2659.225,2659.525,0.0467
1728894900000,2024-10-14,08:35:00,2659.555,2660.375,2659.325,2659.914,0.1103
1728895200000,2024-10-14,08:40:00,2659.915,2660.098,2659.505,2659.505,0.127
1728895500000,2024-10-14,08:45:00,2659.685,2659.875,2658.235,2658.578,0.0712
1728895800000,2024-10-14,08:50:00,2658.575,2660.075,2658.565,2659.805,0.0768
1728896100000,2024-10-14,08:55:00,2659.805,2660.198,2659.025,2659.305,0.0618
1728896400000,2024-10-14,09:00:00,2659.315,2660.125,2659.205,2659.755,0.0783
1728896700000,2024-10-14,09:05:00,2659.735,2662.885,2659.435,2662.355,0.0954
1728897000000,2024-10-14,09:10:00,2662.355,2662.585,2661.265,2661.385,0.0716
1728897300000,2024-10-14,09:15:00,2661.355,2661.915,2660.355,2661.745,0.0514
1728897600000,2024-10-14,09:20:00,2661.745,2662.295,2661.555,2661.835,0.0301
1728897900000,2024-10-14,09:25:00,2661.875,2662.055,2659.178,2659.228,0.1185
1728898200000,2024-10-14,09:30:00,2659.228,2659.258,2658.315,2658.815,0.1578
1728898500000,2024-10-14,09:35:00,2658.845,2659.065,2657.195,2657.314,0.1551
1728898800000,2024-10-14,09:40:00,2657.315,2659.185,2656.625,2658.895,0.1367
1728899100000,2024-10-14,09:45:00,2658.895,2659.835,2658.325,2658.325,0.0606
1728899400000,2024-10-14,09:50:00,2658.194,2658.985,2657.908,2658.355,0.0752
1728899700000,2024-10-14,09:55:00,2658.395,2658.595,2657.355,2658.385,0.0503
1728900000000,2024-10-14,10:00:00,2658.365,2658.865,2658.095,2658.295,0.085
1728900300000,2024-10-14,10:05:00,2658.295,2659.825,2658.005,2659.745,0.231
1728900600000,2024-10-14,10:10:00,2659.785,2660.778,2658.265,2658.835,0.3547
1728900900000,2024-10-14,10:15:00,2658.835,2659.485,2657.825,2659.375,0.1932
1728901200000,2024-10-14,10:20:00,2659.385,2659.815,2658.655,2659.095,0.1203
1728901500000,2024-10-14,10:25:00,2659.175,2659.195,2656.648,2658.325,0.2079
1728901800000,2024-10-14,10:30:00,2658.335,2659.175,2658.118,2658.815,0.0483
1728902100000,2024-10-14,10:35:00,2658.795,2659.295,2658.465,2659.115,0.0393
1728902400000,2024-10-14,10:40:00,2659.115,2659.665,2658.685,2659.205,0.0919
1728902700000,2024-10-14,10:45:00,2659.165,2659.295,2657.695,2657.745,0.1063
1728903000000,2024-10-14,10:50:00,2657.795,2658.185,2657.095,2657.115,0.1013
1728903300000,2024-10-14,10:55:00,2657.245,2657.295,2655.725,2655.725,0.132
1728903600000,2024-10-14,11:00:00,2655.715,2656.435,2654.365,2655.095,0.1542
1728903900000,2024-10-14,11:05:00,2655.105,2655.955,2654.445,2655.215,0.2085
1728904200000,2024-10-14,11:10:00,2655.315,2656.685,2654.805,2656.675,0.0984
1728904500000,2024-10-14,11:15:00,2656.585,2656.585,2653.525,2653.885,0.2305
1728904800000,2024-10-14,11:20:00,2653.905,2656.195,2653.825,2655.005,0.0773
1728905100000,2024-10-14,11:25:00,2655.035,2655.845,2654.505,2654.875,0.0712
1728905400000,2024-10-14,11:30:00,2654.965,2655.465,2654.405,2654.705,0.0479
1728905700000,2024-10-14,11:35:00,2654.755,2655.175,2654.015,2654.825,0.0486
1728906000000,2024-10-14,11:40:00,2654.825,2654.845,2653.605,2654.408,0.0951
1728906300000,2024-10-14,11:45:00,2654.375,2654.464,2653.735,2654.065,0.1115
1728906600000,2024-10-14,11:50:00,2654.048,2654.064,2650.935,2651.935,0.1778
1728906900000,2024-10-14,11:55:00,2651.965,2652.605,2651.038,2651.995,0.1076
1728907200000,2024-10-14,12:00:00,2651.995,2653.605,2651.065,2653.105,0.2259
1728907500000,2024-10-14,12:05:00,2653.208,2654.285,2652.655,2653.155,0.1794
1728907800000,2024-10-14,12:10:00,2653.145,2653.535,2652.125,2652.125,0.1592
1728908100000,2024-10-14,12:15:00,2652.125,2652.585,2650.845,2651.035,0.3083
1728908400000,2024-10-14,12:20:00,2651.075,2652.808,2650.248,2652.515,0.5426
1728908700000,2024-10-14,12:25:00,2652.585,2654.445,2652.205,2654.185,0.4345
1728909000000,2024-10-14,12:30:00,2654.205,2654.385,2652.015,2653.325,0.3528
1728909300000,2024-10-14,12:35:00,2653.325,2653.665,2650.175,2651.735,0.3319
1728909600000,2024-10-14,12:40:00,2651.735,2652.075,2649.095,2649.785,0.2997
1728909900000,2024-10-14,12:45:00,2649.775,2651.925,2649.145,2650.978,0.4465
1728910200000,2024-10-14,12:50:00,2650.965,2652.225,2650.775,2651.305,0.1416
1728910500000,2024-10-14,12:55:00,2651.305,2651.655,2650.648,2651.255,0.1753
1728910800000,2024-10-14,13:00:00,2651.255,2652.095,2650.155,2651.155,0.1986
1728911100000,2024-10-14,13:05:00,2651.185,2651.485,2649.385,2649.635,0.2006
1728911400000,2024-10-14,13:10:00,2649.674,2650.575,2648.165,2649.215,0.266
1728911700000,2024-10-14,13:15:00,2649.185,2650.798,2647.584,2650.798,0.3957
1728912000000,2024-10-14,13:20:00,2650.855,2652.088,2650.635,2651.355,0.1958
1728912300000,2024-10-14,13:25:00,2651.375,2653.685,2651.035,2653.285,0.1606
1728912600000,2024-10-14,13:30:00,2653.224,2654.585,2652.595,2654.415,0.3323
1728912900000,2024-10-14,13:35:00,2654.525,2654.595,2652.808,2654.325,0.1049
1728913200000,2024-10-14,13:40:00,2654.325,2659.224,2654.295,2658.938,0.4037
1728913500000,2024-10-14,13:45:00,2658.968,2661.065,2657.895,2659.925,0.5049
1728913800000,2024-10-14,13:50:00,2659.925,2660.805,2657.605,2659.155,0.2866
1728914100000,2024-10-14,13:55:00,2659.155,2659.615,2655.115,2655.335,0.2443
1728914400000,2024-10-14,14:00:00,2655.335,2656.908,2654.005,2654.185,0.3911
1728914700000,2024-10-14,14:05:00,2654.175,2654.175,2650.685,2651.125,0.6397
1728915000000,2024-10-14,14:10:00,2651.125,2651.535,2649.264,2650.365,0.5346
1728915300000,2024-10-14,14:15:00,2650.365,2650.365,2647.645,2647.645,0.6255
1728915600000,2024-10-14,14:20:00,2647.655,2650.155,2646.145,2650.045,0.692
1728915900000,2024-10-14,14:25:00,2650.065,2650.945,2649.095,2649.355,0.5623
1728916200000,2024-10-14,14:30:00,2649.395,2650.695,2648.275,2650.625,0.209
1728916500000,2024-10-14,14:35:00,2650.635,2651.075,2648.217,2648.524,0.2711
1728916800000,2024-10-14,14:40:00,2648.594,2649.678,2648.284,2649.185,0.2718
1728917100000,2024-10-14,14:45:00,2649.185,2649.745,2646.735,2647.705,0.2958
1728917400000,2024-10-14,14:50:00,2647.695,2648.365,2645.288,2646.745,0.3712
1728917700000,2024-10-14,14:55:00,2646.755,2648.125,2644.585,2645.495,0.2536
1728918000000,2024-10-14,15:00:00,2645.585,2647.385,2645.205,2647.255,0.2005
1728918300000,2024-10-14,15:05:00,2647.215,2648.155,2645.205,2646.815,0.1602
1728918600000,2024-10-14,15:10:00,2646.755,2648.435,2646.725,2647.065,0.1317
1728918900000,2024-10-14,15:15:00,2647.034,2647.505,2646.645,2647.125,0.379
1728919200000,2024-10-14,15:20:00,2647.125,2647.168,2645.465,2645.865,0.345
1728919500000,2024-10-14,15:25:00,2645.865,2646.735,2645.045,2645.585,0.3109
1728919800000,2024-10-14,15:30:00,2645.585,2648.985,2645.475,2647.915,0.1507
1728920100000,2024-10-14,15:35:00,2647.705,2648.245,2646.995,2647.175,0.1273
1728920400000,2024-10-14,15:40:00,2647.165,2648.205,2646.115,2646.595,0.0884
1728920700000,2024-10-14,15:45:00,2646.575,2647.585,2645.885,2647.415,0.0948
1728921000000,2024-10-14,15:50:00,2647.405,2647.585,2645.735,2645.905,0.0881
1728921300000,2024-10-14,15:55:00,2645.835,2646.745,2643.835,2646.625,0.108
1728921600000,2024-10-14,16:00:00,2646.645,2646.695,2645.925,2645.925,0.0608
1728921900000,2024-10-14,16:05:00,2645.875,2647.035,2645.735,2646.195,0.0628
1728922200000,2024-10-14,16:10:00,2646.215,2647.315,2645.885,2647.215,0.0609
1728922500000,2024-10-14,16:15:00,2647.205,2647.885,2646.965,2647.775,0.0613
1728922800000,2024-10-14,16:20:00,2647.795,2648.435,2647.015,2647.045,0.0584
1728923100000,2024-10-14,16:25:00,2647.015,2647.225,2646.025,2646.635,0.0614
1728923400000,2024-10-14,16:30:00,2646.715,2647.335,2646.425,2646.965,0.0645
1728923700000,2024-10-14,16:35:00,2646.995,2648.775,2646.995,2648.685,0.0468
1728924000000,2024-10-14,16:40:00,2648.725,2648.995,2648.395,2648.635,0.0482
1728924300000,2024-10-14,16:45:00,2648.675,2649.615,2648.605,2649.375,0.0509
1728924600000,2024-10-14,16:50:00,2649.405,2649.405,2647.405,2648.725,0.0649
1728924900000,2024-10-14,16:55:00,2648.725,2648.725,2648.318,2648.435,0.067
1728925200000,2024-10-14,17:00:00,2648.435,2649.375,2647.985,2648.965,0.049
1728925500000,2024-10-14,17:05:00,2649.005,2649.165,2648.165,2648.165,0.0433
1728925800000,2024-10-14,17:10:00,2648.175,2649.295,2648.175,2648.905,0.0426
1728926100000,2024-10-14,17:15:00,2648.905,2649.165,2648.625,2648.725,0.0436
1728926400000,2024-10-14,17:20:00,2648.805,2649.005,2647.915,2648.105,0.0514
1728926700000,2024-10-14,17:25:00,2648.105,2649.115,2648.005,2648.695,0.0772
1728927000000,2024-10-14,17:30:00,2648.705,2648.705,2648.005,2648.345,0.055
1728927300000,2024-10-14,17:35:00,2648.345,2649.765,2648.315,2648.935,0.0552
1728927600000,2024-10-14,17:40:00,2648.975,2649.075,2647.775,2648.215,0.0274
1728927900000,2024-10-14,17:45:00,2648.215,2648.215,2647.125,2647.535,0.0343
1728928200000,2024-10-14,17:50:00,2647.535,2648.085,2647.445,2648.035,0.03
1728928500000,2024-10-14,17:55:00,2648.035,2648.645,2647.685,2648.495,0.0452
1728928800000,2024-10-14,18:00:00,2648.495,2648.735,2648.335,2648.735,0.0319
1728929100000,2024-10-14,18:05:00,2648.835,2649.225,2648.685,2649.225,0.0307
1728929400000,2024-10-14,18:10:00,2649.215,2649.345,2648.735,2649.085,0.0206
1728929700000,2024-10-14,18:15:00,2649.028,2649.455,2648.825,2649.444,0.0141
1728930000000,2024-10-14,18:20:00,2649.465,2649.535,2649.075,2649.525,0.0197
1728930300000,2024-10-14,18:25:00,2649.565,2650.215,2649.545,2650.205,0.0372
1728930600000,2024-10-14,18:30:00,2650.205,2650.615,2649.995,2650.115,0.0314
1728930900000,2024-10-14,18:35:00,2650.055,2650.805,2649.775,2650.364,0.0277
1728931200000,2024-10-14,18:40:00,2650.368,2650.448,2649.948,2650.215,0.0836
1728931500000,2024-10-14,18:45:00,2650.248,2650.248,2649.025,2649.025,0.0325
1728931800000,2024-10-14,18:50:00,2649.045,2649.515,2649.045,2649.245,0.0662
1728932100000,2024-10-14,18:55:00,2649.165,2650.125,2648.974,2649.125,0.0867
1728932400000,2024-10-14,19:00:00,2649.125,2650.994,2646.865,2650.728,0.2852
1728932700000,2024-10-14,19:05:00,2650.705,2650.784,2649.184,2649.294,0.218
1728933000000,2024-10-14,19:10:00,2649.274,2650.708,2649.174,2650.508,0.1911
1728933300000,2024-10-14,19:15:00,2650.508,2651.284,2650.508,2650.784,0.1766
1728933600000,2024-10-14,19:20:00,2650.784,2650.974,2650.348,2650.974,0.1582
1728933900000,2024-10-14,19:25:00,2651.048,2651.448,2650.048,2650.048,0.1581
1728934200000,2024-10-14,19:30:00,2650.048,2650.554,2649.544,2650.534,0.0889
1728934500000,2024-10-14,19:35:00,2650.534,2650.804,2650.328,2650.464,0.1026
1728934800000,2024-10-14,19:40:00,2650.484,2650.928,2650.484,2650.655,0.0741
1728935100000,2024-10-14,19:45:00,2650.695,2651.404,2650.398,2651.398,0.0773
1728935400000,2024-10-14,19:50:00,2651.398,2651.835,2651.245,2651.648,0.0593
1728935700000,2024-10-14,19:55:00,2651.624,2652.498,2651.475,2652.348,0.1936
1728936000000,2024-10-14,20:00:00,2652.385,2653.175,2652.335,2653.155,0.0687
1728936300000,2024-10-14,20:05:00,2653.148,2653.198,2652.725,2652.898,0.0274
1728936600000,2024-10-14,20:10:00,2652.875,2652.955,2652.335,2652.785,0.0206
1728936900000,2024-10-14,20:15:00,2652.795,2652.845,2652.115,2652.445,0.0137
1728937200000,2024-10-14,20:20:00,2652.265,2652.605,2652.155,2652.365,0.0185
1728937500000,2024-10-14,20:25:00,2652.365,2652.505,2652.325,2652.325,0.0082
1728937800000,2024-10-14,20:30:00,2652.335,2652.705,2652.185,2652.395,0.0117
1728938100000,2024-10-14,20:35:00,2652.405,2652.665,2651.725,2651.765,0.0149
1728938400000,2024-10-14,20:40:00,2651.765,2651.895,2647.955,2648.215,0.0499
1728938700000,2024-10-14,20:45:00,2648.235,2649.315,2646.025,2646.615,0.045
1728939000000,2024-10-14,20:50:00,2646.645,2647.925,2646.645,2647.705,0.0427
1728939300000,2024-10-14,20:55:00,2647.635,2648.948,2647.635,2648.424,0.0328
1728943200000,2024-10-14,22:00:00,2646.905,2648.924,2646.805,2648.875,0.1071
1728943500000,2024-10-14,22:05:00,2648.795,2649.385,2647.885,2648.605,0.0236
1728943800000,2024-10-14,22:10:00,2648.605,2648.945,2648.325,2648.885,0.0163
1728944100000,2024-10-14,22:15:00,2648.905,2648.915,2648.218,2648.364,0.0309
1728944400000,2024-10-14,22:20:00,2648.364,2649.185,2648.274,2649.004,0.0553
1728944700000,2024-10-14,22:25:00,2648.994,2649.958,2648.984,2649.844,0.0607
1728945000000,2024-10-14,22:30:00,2649.838,2650.025,2649.548,2649.838,0.0714
1728945300000,2024-10-14,22:35:00,2649.895,2649.934,2649.618,2649.695,0.0493
1728945600000,2024-10-14,22:40:00,2649.705,2650.134,2649.608,2649.885,0.0384
1728945900000,2024-10-14,22:45:00,2649.885,2650.085,2649.518,2649.878,0.0367
1728946200000,2024-10-14,22:50:00,2649.845,2649.878,2649.718,2649.855,0.0226
1728946500000,2024-10-14,22:55:00,2649.805,2650.108,2649.665,2649.835,0.0577
1728946800000,2024-10-14,23:00:00,2649.885,2650.314,2649.665,2650.155,0.0902
1728947100000,2024-10-14,23:05:00,2650.175,2650.424,2649.978,2650.398,0.0556
1728947400000,2024-10-14,23:10:00,2650.414,2650.835,2650.414,2650.765,0.0084
1728947700000,2024-10-14,23:15:00,2650.765,2650.765,2650.215,2650.295,0.0482
1728948000000,2024-10-14,23:20:00,2650.375,2650.585,2650.225,2650.225,0.0503
1728948300000,2024-10-14,23:25:00,2650.264,2650.425,2650.225,2650.355,0.008
1728948600000,2024-10-14,23:30:00,2650.325,2650.325,2649.975,2650.045,0.0214
1728948900000,2024-10-14,23:35:00,2650.045,2650.475,2649.968,2650.315,0.0217
1728949200000,2024-10-14,23:40:00,2650.335,2650.545,2649.245,2649.275,0.0682
1728949500000,2024-10-14,23:45:00,2649.275,2650.065,2649.215,2650.035,0.0367
1728949800000,2024-10-14,23:50:00,2649.995,2650.025,2649.424,2649.475,0.0242
1728950100000,2024-10-14,23:55:00,2649.485,2649.875,2648.815,2649.255,0.0366
1728950400000,2024-10-15,00:00:00,2649.255,2649.955,2648.935,2649.595,0.095
1728950700000,2024-10-15,00:05:00,2649.595,2650.005,2648.755,2649.215,0.0533
1728951000000,2024-10-15,00:10:00,2649.245,2649.585,2648.405,2648.425,0.052
1728951300000,2024-10-15,00:15:00,2648.498,2648.595,2647.785,2648.175,0.0372
1728951600000,2024-10-15,00:20:00,2648.125,2649.065,2648.125,2648.685,0.0503
1728951900000,2024-10-15,00:25:00,2648.685,2649.395,2648.655,2649.215,0.0529
1728952200000,2024-10-15,00:30:00,2649.165,2650.085,2649.145,2649.285,0.0509
1728952500000,2024-10-15,00:35:00,2649.285,2649.545,2648.325,2648.445,0.035
1728952800000,2024-10-15,00:40:00,2648.415,2648.925,2647.665,2648.215,0.1021
1728953100000,2024-10-15,00:45:00,2648.225,2648.775,2647.775,2648.335,0.1591
1728953400000,2024-10-15,00:50:00,2648.335,2648.755,2648.055,2648.515,0.1492
1728953700000,2024-10-15,00:55:00,2648.525,2648.935,2648.005,2648.055,0.1358
1728954000000,2024-10-15,01:00:00,2648.055,2649.725,2647.605,2648.995,0.3085
1728954300000,2024-10-15,01:05:00,2649.025,2649.365,2647.415,2648.055,0.4365
1728954600000,2024-10-15,01:10:00,2647.975,2649.535,2647.885,2648.348,0.3094
1728954900000,2024-10-15,01:15:00,2648.345,2648.625,2647.125,2648.575,0.1882
1728955200000,2024-10-15,01:20:00,2648.575,2649.665,2648.065,2649.245,0.2836
1728955500000,2024-10-15,01:25:00,2649.245,2650.274,2649.045,2650.025,0.3107
1728955800000,2024-10-15,01:30:00,2650.025,2650.245,2648.895,2649.565,0.4291
1728956100000,2024-10-15,01:35:00,2649.565,2651.075,2649.175,2650.225,0.2077
1728956400000,2024-10-15,01:40:00,2650.235,2650.535,2647.825,2648.775,0.1741
1728956700000,2024-10-15,01:45:00,2648.775,2650.115,2648.635,2649.025,0.1248
1728957000000,2024-10-15,01:50:00,2649.015,2650.165,2648.805,2649.205,0.1002
1728957300000,2024-10-15,01:55:00,2649.275,2649.275,2647.895,2648.235,0.1316
1728957600000,2024-10-15,02:00:00,2648.215,2650.395,2647.925,2650.205,0.1171
1728957900000,2024-10-15,02:05:00,2650.205,2650.388,2649.495,2649.675,0.1129
1728958200000,2024-10-15,02:10:00,2649.695,2649.695,2648.695,2649.365,0.1086
1728958500000,2024-10-15,02:15:00,2649.368,2650.205,2649.328,2650.095,0.1603
1728958800000,2024-10-15,02:20:00,2650.095,2652.345,2650.095,2651.795,0.3112
1728959100000,2024-10-15,02:25:00,2651.785,2652.608,2651.505,2651.675,0.1995
1728959400000,2024-10-15,02:30:00,2651.688,2652.108,2650.845,2650.995,0.2102
1728959700000,2024-10-15,02:35:00,2650.965,2652.135,2650.545,2651.745,0.1044
1728960000000,2024-10-15,02:40:00,2651.745,2651.905,2649.665,2649.778,0.1492
1728960300000,2024-10-15,02:45:00,2649.768,2650.158,2648.355,2649.005,0.1687
1728960600000,2024-10-15,02:50:00,2649.005,2651.718,2648.775,2651.205,0.127
1728960900000,2024-10-15,02:55:00,2651.205,2651.775,2650.295,2651.485,0.1245
1728961200000,2024-10-15,03:00:00,2651.525,2651.535,2649.495,2649.495,0.0905
1728961500000,2024-10-15,03:05:00,2649.495,2649.715,2648.895,2648.905,0.1202
1728961800000,2024-10-15,03:10:00,2648.905,2649.505,2648.385,2648.575,0.2609
1728962100000,2024-10-15,03:15:00,2648.575,2648.955,2646.135,2646.305,0.4428
1728962400000,2024-10-15,03:20:00,2646.305,2646.795,2645.295,2645.885,0.4352
1728962700000,2024-10-15,03:25:00,2645.895,2647.475,2645.255,2647.325,0.305
1728963000000,2024-10-15,03:30:00,2647.325,2647.644,2646.745,2646.885,0.1
1728963300000,2024-10-15,03:35:00,2646.945,2646.955,2645.965,2646.705,0.1746
1728963600000,2024-10-15,03:40:00,2646.715,2646.745,2645.995,2646.235,0.1907
1728963900000,2024-10-15,03:45:00,2646.235,2646.405,2645.865,2645.898,0.0889
1728964200000,2024-10-15,03:50:00,2645.898,2646.315,2645.415,2646.295,0.1418
1728964500000,2024-10-15,03:55:00,2646.295,2646.295,2644.265,2645.555,0.2059
1728964800000,2024-10-15,04:00:00,2645.555,2645.555,2643.395,2643.985,0.1904
1728965100000,2024-10-15,04:05:00,2643.995,2644.485,2643.515,2643.785,0.1437
1728965400000,2024-10-15,04:10:00,2643.784,2644.878,2643.615,2644.825,0.1762
1728965700000,2024-10-15,04:15:00,2644.834,2645.198,2644.545,2644.645,0.131
1728966000000,2024-10-15,04:20:00,2644.635,2644.725,2644.245,2644.545,0.1773
1728966300000,2024-10-15,04:25:00,2644.545,2644.615,2643.115,2644.185,0.0511
1728966600000,2024-10-15,04:30:00,2644.185,2644.415,2643.115,2643.115,0.0646
1728966900000,2024-10-15,04:35:00,2643.115,2644.495,2642.815,2644.495,0.0886
1728967200000,2024-10-15,04:40:00,2644.475,2645.075,2644.355,2644.795,0.1959
1728967500000,2024-10-15,04:45:00,2644.795,2645.105,2644.425,2644.795,0.1352
1728967800000,2024-10-15,04:50:00,2644.765,2644.915,2644.285,2644.635,0.066
1728968100000,2024-10-15,04:55:00,2644.685,2644.865,2644.248,2644.248,0.0492
1728968400000,2024-10-15,05:00:00,2644.248,2644.248,2641.845,2642.045,0.1964
1728968700000,2024-10-15,05:05:00,2642.045,2642.685,2641.705,2641.735,0.2083
1728969000000,2024-10-15,05:10:00,2641.705,2642.095,2641.245,2641.525,0.1176
1728969300000,2024-10-15,05:15:00,2641.495,2642.055,2640.815,2640.935,0.1414
1728969600000,2024-10-15,05:20:00,2640.885,2641.105,2639.925,2640.098,0.2597
1728969900000,2024-10-15,05:25:00,2640.118,2640.915,2639.088,2639.265,0.2731
1728970200000,2024-10-15,05:30:00,2639.265,2639.724,2637.955,2638.275,0.5086
1728970500000,2024-10-15,05:35:00,2638.275,2642.985,2638.115,2642.085,0.2891
1728970800000,2024-10-15,05:40:00,2642.065,2642.745,2640.124,2640.695,0.3378
1728971100000,2024-10-15,05:45:00,2640.695,2642.715,2640.565,2641.985,0.2078
1728971400000,2024-10-15,05:50:00,2642.008,2642.485,2640.848,2641.185,0.1749
1728971700000,2024-10-15,05:55:00,2641.205,2641.884,2640.158,2641.795,0.2414
1728972000000,2024-10-15,06:00:00,2641.805,2643.325,2641.245,2643.205,0.2041
1728972300000,2024-10-15,06:05:00,2643.205,2644.114,2642.695,2643.795,0.1948
1728972600000,2024-10-15,06:10:00,2643.795,2643.955,2642.984,2643.955,0.177
1728972900000,2024-10-15,06:15:00,2643.885,2643.885,2642.715,2643.475,0.1531
1728973200000,2024-10-15,06:20:00,2643.475,2644.765,2642.395,2644.155,0.1593
1728973500000,2024-10-15,06:25:00,2644.125,2644.998,2643.575,2644.915,0.1703
1728973800000,2024-10-15,06:30:00,2644.905,2647.585,2644.715,2646.675,0.2022
1728974100000,2024-10-15,06:35:00,2646.675,2647.735,2645.845,2646.685,0.1486
1728974400000,2024-10-15,06:40:00,2646.685,2647.775,2646.205,2647.195,0.1421
1728974700000,2024-10-15,06:45:00,2647.215,2648.175,2646.885,2646.965,0.1957
1728975000000,2024-10-15,06:50:00,2646.975,2649.048,2646.595,2648.375,0.1661
1728975300000,2024-10-15,06:55:00,2648.385,2648.955,2647.785,2648.535,0.1049
1728975600000,2024-10-15,07:00:00,2648.495,2650.525,2648.275,2648.368,0.1758
1728975900000,2024-10-15,07:05:00,2648.375,2649.675,2647.755,2649.075,0.3014
1728976200000,2024-10-15,07:10:00,2649.075,2649.835,2648.655,2649.515,0.3537
1728976500000,2024-10-15,07:15:00,2649.515,2649.855,2647.855,2648.955,0.1257
1728976800000,2024-10-15,07:20:00,2648.955,2650.135,2648.505,2649.555,0.1247
1728977100000,2024-10-15,07:25:00,2649.625,2651.975,2649.625,2651.955,0.119
1728977400000,2024-10-15,07:30:00,2651.955,2653.765,2651.745,2651.745,0.146
1728977700000,2024-10-15,07:35:00,2651.745,2652.245,2650.375,2651.195,0.1397
1728978000000,2024-10-15,07:40:00,2651.205,2652.165,2650.678,2651.865,0.1576
1728978300000,2024-10-15,07:45:00,2651.865,2652.885,2650.085,2651.015,0.1087
1728978600000,2024-10-15,07:50:00,2651.035,2651.535,2649.925,2650.555,0.1446
1728978900000,2024-10-15,07:55:00,2650.635,2650.995,2650.228,2650.615,0.1934
1728979200000,2024-10-15,08:00:00,2650.555,2652.005,2649.635,2650.745,0.1912
1728979500000,2024-10-15,08:05:00,2650.745,2652.855,2650.325,2652.625,0.125
1728979800000,2024-10-15,08:10:00,2652.625,2654.495,2651.935,2654.395,0.1206
1728980100000,2024-10-15,08:15:00,2654.425,2654.585,2653.065,2653.695,0.1653
1728980400000,2024-10-15,08:20:00,2653.705,2655.355,2653.315,2653.888,0.1722
1728980700000,2024-10-15,08:25:00,2653.855,2655.175,2653.855,2654.665,0.1058
1728981000000,2024-10-15,08:30:00,2654.645,2655.305,2653.825,2654.905,0.1216
1728981300000,2024-10-15,08:35:00,2654.808,2654.875,2654.025,2654.325,0.1321
1728981600000,2024-10-15,08:40:00,2654.335,2655.585,2654.135,2654.695,0.1715
1728981900000,2024-10-15,08:45:00,2654.715,2655.024,2653.765,2653.785,0.3018
1728982200000,2024-10-15,08:50:00,2653.875,2653.885,2652.765,2652.855,0.3518
1728982500000,2024-10-15,08:55:00,2652.874,2653.898,2652.695,2653.815,0.2985
1728982800000,2024-10-15,09:00:00,2653.805,2653.955,2653.185,2653.348,0.2347
1728983100000,2024-10-15,09:05:00,2653.264,2653.848,2652.335,2653.015,0.357
1728983400000,2024-10-15,09:10:00,2653.024,2653.198,2650.984,2651.235,0.3213
1728983700000,2024-10-15,09:15:00,2651.215,2652.725,2651.168,2652.475,0.2382
1728984000000,2024-10-15,09:20:00,2652.475,2655.025,2652.475,2655.015,0.2413
1728984300000,2024-10-15,09:25:00,2655.015,2655.425,2652.885,2653.085,0.2363
1728984600000,2024-10-15,09:30:00,2653.055,2653.665,2652.845,2653.035,0.2969
1728984900000,2024-10-15,09:35:00,2653.035,2654.525,2652.998,2654.008,0.1816
1728985200000,2024-10-15,09:40:00,2654.015,2654.255,2653.158,2653.564,0.2768
1728985500000,2024-10-15,09:45:00,2653.565,2654.055,2653.355,2653.865,0.2559
1728985800000,2024-10-15,09:50:00,2653.858,2655.098,2653.735,2655.098,0.2817
1728986100000,2024-10-15,09:55:00,2655.058,2655.204,2653.078,2653.365,0.291
1728986400000,2024-10-15,10:00:00,2653.375,2653.875,2652.945,2653.025,0.1555
1728986700000,2024-10-15,10:05:00,2653.105,2653.545,2652.545,2653.545,0.0531
1728987000000,2024-10-15,10:10:00,2653.535,2655.275,2653.355,2654.658,0.0897
1728987300000,2024-10-15,10:15:00,2654.635,2655.218,2654.535,2654.855,0.0964
1728987600000,2024-10-15,10:20:00,2654.845,2655.555,2654.615,2654.895,0.1014
1728987900000,2024-10-15,10:25:00,2654.865,2656.645,2654.845,2655.705,0.1244
1728988200000,2024-10-15,10:30:00,2655.795,2656.495,2655.335,2655.885,0.3687
1728988500000,2024-10-15,10:35:00,2655.945,2656.015,2654.295,2654.405,0.2258
1728988800000,2024-10-15,10:40:00,2654.415,2654.685,2653.415,2653.535,0.263
1728989100000,2024-10-15,10:45:00,2653.535,2653.915,2652.855,2653.245,0.2739
1728989400000,2024-10-15,10:50:00,2653.255,2653.545,2652.925,2653.435,0.3073
1728989700000,2024-10-15,10:55:00,2653.415,2653.505,2652.815,2652.875,0.204
1728990000000,2024-10-15,11:00:00,2652.905,2654.435,2652.885,2653.345,0.2116
1728990300000,2024-10-15,11:05:00,2653.345,2653.755,2652.465,2652.695,0.1331
1728990600000,2024-10-15,11:10:00,2652.685,2652.815,2651.848,2652.315,0.1722
1728990900000,2024-10-15,11:15:00,2652.345,2652.805,2652.105,2652.335,0.1689
1728991200000,2024-10-15,11:20:00,2652.405,2652.505,2651.635,2652.305,0.1928
1728991500000,2024-10-15,11:25:00,2652.305,2652.455,2650.565,2650.765,0.171
1728991800000,2024-10-15,11:30:00,2650.765,2653.015,2650.695,2651.465,0.2932
1728992100000,2024-10-15,11:35:00,2651.375,2651.965,2650.645,2650.685,0.2671
1728992400000,2024-10-15,11:40:00,2650.685,2650.802,2649.425,2649.995,0.2109
1728992700000,2024-10-15,11:45:00,2649.944,2651.175,2649.095,2649.564,0.2695
1728993000000,2024-10-15,11:50:00,2649.574,2649.775,2645.984,2646.128,0.4778
1728993300000,2024-10-15,11:55:00,2646.138,2648.195,2645.505,2647.595,0.3697
1728993600000,2024-10-15,12:00:00,2647.595,2648.365,2647.545,2648.245,0.663
1728993900000,2024-10-15,12:05:00,2648.245,2649.875,2647.845,2649.585,0.4949
1728994200000,2024-10-15,12:10:00,2649.585,2650.555,2649.535,2650.485,0.3836
1728994500000,2024-10-15,12:15:00,2650.475,2652.058,2649.885,2652.045,0.1966
1728994800000,2024-10-15,12:20:00,2652.235,2655.285,2652.175,2655.198,0.474
1728995100000,2024-10-15,12:25:00,2655.165,2656.615,2654.535,2655.285,0.1604
1728995400000,2024-10-15,12:30:00,2655.535,2657.265,2655.475,2655.985,0.3264
1728995700000,2024-10-15,12:35:00,2655.995,2656.785,2654.345,2655.005,0.3439
1728996000000,2024-10-15,12:40:00,2655.005,2656.305,2653.618,2653.665,0.128
1728996300000,2024-10-15,12:45:00,2653.695,2654.135,2652.345,2652.365,0.1313
1728996600000,2024-10-15,12:50:00,2652.365,2652.365,2648.145,2649.015,0.3165
1728996900000,2024-10-15,12:55:00,2649.015,2649.425,2647.015,2648.115,0.5453
1728997200000,2024-10-15,13:00:00,2648.115,2650.184,2647.188,2649.215,0.6435
1728997500000,2024-10-15,13:05:00,2649.215,2650.285,2646.715,2646.945,0.4926
1728997800000,2024-10-15,13:10:00,2646.895,2649.315,2645.905,2648.945,0.7035
1728998100000,2024-10-15,13:15:00,2648.935,2651.155,2648.685,2649.355,0.7114
1728998400000,2024-10-15,13:20:00,2649.355,2652.255,2648.755,2651.365,0.4383
1728998700000,2024-10-15,13:25:00,2651.585,2651.755,2649.495,2651.715,0.2336
1728999000000,2024-10-15,13:30:00,2651.745,2652.425,2649.935,2650.715,0.8702
1728999300000,2024-10-15,13:35:00,2650.715,2651.245,2648.085,2648.485,0.7086
1728999600000,2024-10-15,13:40:00,2648.475,2651.855,2647.185,2651.765,0.6858
1728999900000,2024-10-15,13:45:00,2651.765,2653.195,2649.278,2649.324,0.7438
1729000200000,2024-10-15,13:50:00,2649.315,2651.055,2648.745,2649.135,0.2313
1729000500000,2024-10-15,13:55:00,2649.165,2650.448,2646.858,2648.514,0.2358
1729000800000,2024-10-15,14:00:00,2648.515,2650.795,2647.675,2650.695,0.2021
1729001100000,2024-10-15,14:05:00,2650.665,2654.445,2650.575,2654.005,0.3343
1729001400000,2024-10-15,14:10:00,2654.015,2655.348,2653.628,2654.515,0.3245
1729001700000,2024-10-15,14:15:00,2654.515,2657.015,2654.465,2656.745,0.2179
1729002000000,2024-10-15,14:20:00,2656.698,2661.815,2656.538,2659.445,0.6523
1729002300000,2024-10-15,14:25:00,2659.405,2660.435,2657.668,2659.185,0.5429
1729002600000,2024-10-15,14:30:00,2659.265,2660.375,2657.215,2659.205,0.2951
1729002900000,2024-10-15,14:35:00,2659.195,2660.175,2657.475,2658.768,0.276
1729003200000,2024-10-15,14:40:00,2658.795,2660.825,2657.085,2659.985,0.6754
1729003500000,2024-10-15,14:45:00,2659.995,2663.578,2659.055,2663.215,0.3963
1729003800000,2024-10-15,14:50:00,2663.235,2664.035,2662.174,2663.464,0.6716
1729004100000,2024-10-15,14:55:00,2663.454,2664.015,2659.225,2659.698,0.3545
1729004400000,2024-10-15,15:00:00,2659.655,2660.195,2657.545,2658.065,0.235
1729004700000,2024-10-15,15:05:00,2658.085,2659.345,2657.125,2659.335,0.4108
1729005000000,2024-10-15,15:10:00,2659.345,2662.475,2658.935,2662.155,0.4366
1729005300000,2024-10-15,15:15:00,2662.115,2664.275,2661.305,2662.955,0.595
1729005600000,2024-10-15,15:20:00,2662.955,2663.255,2661.495,2662.164,0.2806
1729005900000,2024-10-15,15:25:00,2662.115,2663.634,2662.035,2663.064,0.174
1729006200000,2024-10-15,15:30:00,2663.108,2664.695,2662.538,2663.178,0.2333
1729006500000,2024-10-15,15:35:00,2663.134,2663.775,2662.408,2662.705,0.2182
1729006800000,2024-10-15,15:40:00,2662.694,2663.008,2661.168,2662.905,0.1549
1729007100000,2024-10-15,15:45:00,2662.925,2665.005,2662.238,2662.788,0.2957
1729007400000,2024-10-15,15:50:00,2662.788,2664.365,2662.738,2664.135,0.2067
1729007700000,2024-10-15,15:55:00,2664.155,2664.575,2663.704,2664.515,0.1164
1729008000000,2024-10-15,16:00:00,2664.525,2666.215,2664.105,2665.504,0.2565
1729008300000,2024-10-15,16:05:00,2665.504,2667.758,2664.998,2666.718,0.3275
1729008600000,2024-10-15,16:10:00,2666.708,2668.248,2666.675,2667.925,0.2846
1729008900000,2024-10-15,16:15:00,2667.934,2668.805,2667.475,2668.495,0.1638
1729009200000,2024-10-15,16:20:00,2668.495,2668.785,2666.575,2667.205,0.2171
1729009500000,2024-10-15,16:25:00,2667.205,2667.935,2665.395,2665.588,0.1943
1729009800000,2024-10-15,16:30:00,2665.595,2667.245,2665.595,2665.995,0.1937
1729010100000,2024-10-15,16:35:00,2665.985,2665.995,2664.315,2664.395,0.1449
1729010400000,2024-10-15,16:40:00,2664.368,2664.925,2663.425,2663.475,0.3085
1729010700000,2024-10-15,16:45:00,2663.475,2663.475,2661.135,2661.385,0.1899
1729011000000,2024-10-15,16:50:00,2661.395,2663.255,2660.995,2662.745,0.2134
1729011300000,2024-10-15,16:55:00,2662.735,2662.735,2661.345,2661.778,0.2891
1729011600000,2024-10-15,17:00:00,2661.735,2661.735,2659.675,2659.995,0.3625
1729011900000,2024-10-15,17:05:00,2660.028,2660.785,2659.265,2659.775,0.3005
1729012200000,2024-10-15,17:10:00,2659.795,2659.888,2658.905,2659.185,0.1875
1729012500000,2024-10-15,17:15:00,2659.188,2660.928,2658.875,2660.665,0.1643
1729012800000,2024-10-15,17:20:00,2660.695,2662.505,2660.115,2661.798,0.2959
1729013100000,2024-10-15,17:25:00,2661.798,2662.355,2661.355,2661.965,0.3371
1729013400000,2024-10-15,17:30:00,2661.978,2663.285,2661.375,2663.075,0.2515
1729013700000,2024-10-15,17:35:00,2663.075,2663.328,2661.865,2662.045,0.1101
1729014000000,2024-10-15,17:40:00,2662.075,2664.085,2662.045,2663.645,0.1419
1729014300000,2024-10-15,17:45:00,2663.645,2663.805,2662.985,2663.725,0.262
1729014600000,2024-10-15,17:50:00,2663.725,2664.018,2662.888,2663.775,0.2744
1729014900000,2024-10-15,17:55:00,2663.805,2663.905,2662.938,2663.508,0.2207
1729015200000,2024-10-15,18:00:00,2663.475,2664.435,2663.345,2663.508,0.2273
1729015500000,2024-10-15,18:05:00,2663.498,2664.408,2663.255,2663.958,0.2132
1729015800000,2024-10-15,18:10:00,2663.955,2664.168,2663.338,2663.878,0.169
1729016100000,2024-10-15,18:15:00,2663.865,2664.098,2663.298,2664.038,0.1878
1729016400000,2024-10-15,18:20:00,2664.068,2665.045,2663.925,2664.795,0.1945
1729016700000,2024-10-15,18:25:00,2664.795,2665.215,2664.505,2664.955,0.22
1729017000000,2024-10-15,18:30:00,2664.938,2665.428,2664.165,2664.548,0.246
1729017300000,2024-10-15,18:35:00,2664.564,2664.785,2664.195,2664.275,0.189
1729017600000,2024-10-15,18:40:00,2664.308,2664.448,2663.785,2664.308,0.1773
1729017900000,2024-10-15,18:45:00,2664.308,2665.168,2663.944,2664.995,0.1547
1729018200000,2024-10-15,18:50:00,2664.995,2665.748,2664.638,2665.098,0.1908
1729018500000,2024-10-15,18:55:00,2665.074,2665.568,2664.865,2664.998,0.1651
1729018800000,2024-10-15,19:00:00,2664.994,2665.035,2663.498,2663.585,0.2558
1729019100000,2024-10-15,19:05:00,2663.565,2664.298,2662.548,2664.298,0.2782
1729019400000,2024-10-15,19:10:00,2664.325,2665.758,2664.298,2665.645,0.1634
1729019700000,2024-10-15,19:15:00,2665.635,2666.198,2665.058,2665.338,0.1482
1729020000000,2024-10-15,19:20:00,2665.418,2666.195,2664.898,2665.995,0.0846
1729020300000,2024-10-15,19:25:00,2666.035,2666.358,2665.748,2665.978,0.1487
1729020600000,2024-10-15,19:30:00,2665.958,2665.968,2663.795,2664.245,0.1947
1729020900000,2024-10-15,19:35:00,2664.245,2664.345,2662.204,2662.264,0.2294
1729021200000,2024-10-15,19:40:00,2662.235,2662.785,2661.914,2662.165,0.1343
1729021500000,2024-10-15,19:45:00,2662.165,2662.165,2660.785,2661.055,0.1178
1729021800000,2024-10-15,19:50:00,2661.025,2662.365,2659.335,2662.225,0.1649
1729022100000,2024-10-15,19:55:00,2662.235,2662.235,2660.885,2661.598,0.3298
1729022400000,2024-10-15,20:00:00,2661.554,2662.098,2661.435,2661.715,0.2487
1729022700000,2024-10-15,20:05:00,2661.685,2661.685,2660.505,2661.225,0.1546
1729023000000,2024-10-15,20:10:00,2661.245,2661.285,2660.315,2660.568,0.1163
1729023300000,2024-10-15,20:15:00,2660.608,2660.908,2660.138,2660.405,0.0728
1729023600000,2024-10-15,20:20:00,2660.498,2661.035,2660.308,2660.855,0.062
1729023900000,2024-10-15,20:25:00,2660.848,2661.158,2660.525,2661.148,0.035
1729024200000,2024-10-15,20:30:00,2661.155,2661.745,2660.795,2661.745,0.0285
1729024500000,2024-10-15,20:35:00,2661.695,2661.995,2661.595,2661.995,0.0112
1729024800000,2024-10-15,20:40:00,2661.985,2662.195,2661.705,2662.195,0.0286
1729025100000,2024-10-15,20:45:00,2662.168,2662.815,2661.905,2662.765,0.0305
1729025400000,2024-10-15,20:50:00,2662.765,2663.005,2662.405,2662.405,0.0298
1729025700000,2024-10-15,20:55:00,2662.388,2662.835,2662.065,2662.345,0.045
1729029600000,2024-10-15,22:00:00,2662.098,2662.665,2661.805,2662.105,0.0586
1729029900000,2024-10-15,22:05:00,2662.075,2662.145,2661.625,2661.855,0.0228
1729030200000,2024-10-15,22:10:00,2661.895,2661.895,2661.335,2661.525,0.0168
1729030500000,2024-10-15,22:15:00,2661.525,2661.815,2661.398,2661.815,0.0115
1729030800000,2024-10-15,22:20:00,2661.875,2662.195,2661.815,2662.075,0.0168
1729031100000,2024-10-15,22:25:00,2662.125,2662.565,2662.035,2662.475,0.0087
1729031400000,2024-10-15,22:30:00,2662.575,2662.665,2662.095,2662.235,0.0443
1729031700000,2024-10-15,22:35:00,2662.215,2662.235,2661.555,2661.565,0.0224
1729032000000,2024-10-15,22:40:00,2661.495,2662.005,2661.455,2662.005,0.0088
1729032300000,2024-10-15,22:45:00,2661.945,2662.335,2661.925,2662.315,0.0076
1729032600000,2024-10-15,22:50:00,2662.325,2662.365,2661.935,2661.995,0.0069
1729032900000,2024-10-15,22:55:00,2661.965,2662.128,2661.955,2661.984,0.0103
1729033200000,2024-10-15,23:00:00,2661.988,2662.174,2661.788,2661.788,0.0368
1729033500000,2024-10-15,23:05:00,2661.755,2661.995,2661.465,2661.465,0.0724
1729033800000,2024-10-15,23:10:00,2661.465,2661.735,2661.175,2661.295,0.0192
1729034100000,2024-10-15,23:15:00,2661.315,2661.595,2661.255,2661.465,0.0106
1729034400000,2024-10-15,23:20:00,2661.435,2661.535,2661.345,2661.408,0.0264
1729034700000,2024-10-15,23:25:00,2661.444,2661.455,2661.335,2661.395,0.011
1729035000000,2024-10-15,23:30:00,2661.355,2661.415,2661.165,2661.365,0.0309
1729035300000,2024-10-15,23:35:00,2661.415,2662.425,2661.415,2661.965,0.029
1729035600000,2024-10-15,23:40:00,2661.965,2662.325,2661.795,2662.225,0.0064
1729035900000,2024-10-15,23:45:00,2662.205,2662.245,2661.345,2661.595,0.0341
1729036200000,2024-10-15,23:50:00,2661.595,2661.625,2660.698,2660.698,0.0634
1729036500000,2024-10-15,23:55:00,2660.685,2661.345,2660.288,2660.345,0.1341
1729036800000,2024-10-16,00:00:00,2660.275,2660.335,2659.125,2659.675,0.0822
1729037100000,2024-10-16,00:05:00,2659.675,2659.915,2658.635,2659.595,0.191
1729037400000,2024-10-16,00:10:00,2659.615,2660.145,2659.345,2660.008,0.0431
1729037700000,2024-10-16,00:15:00,2660.005,2660.145,2659.575,2659.995,0.0521
1729038000000,2024-10-16,00:20:00,2659.975,2660.308,2659.815,2660.005,0.0899
1729038300000,2024-10-16,00:25:00,2660.005,2660.135,2659.335,2659.745,0.0707
1729038600000,2024-10-16,00:30:00,2659.745,2660.385,2659.565,2660.235,0.2113
1729038900000,2024-10-16,00:35:00,2660.235,2660.385,2659.975,2659.995,0.1213
1729039200000,2024-10-16,00:40:00,2660.025,2660.145,2659.145,2659.395,0.1492
1729039500000,2024-10-16,00:45:00,2659.395,2659.435,2658.558,2658.625,0.1043
1729039800000,2024-10-16,00:50:00,2658.625,2659.405,2658.625,2659.205,0.1202
1729040100000,2024-10-16,00:55:00,2659.195,2660.305,2659.045,2660.105,0.2188
1729040400000,2024-10-16,01:00:00,2660.095,2662.975,2660.095,2662.975,0.6801
1729040700000,2024-10-16,01:05:00,2662.965,2665.055,2661.255,2661.445,0.4986
1729041000000,2024-10-16,01:10:00,2661.475,2664.175,2660.805,2663.715,0.2069
1729041300000,2024-10-16,01:15:00,2663.885,2664.475,2662.765,2663.455,0.3862
1729041600000,2024-10-16,01:20:00,2663.435,2663.745,2661.905,2663.515,0.2666
1729041900000,2024-10-16,01:25:00,2663.525,2663.795,2662.425,2663.585,0.1107
1729042200000,2024-10-16,01:30:00,2663.565,2664.725,2661.535,2662.755,0.4083
1729042500000,2024-10-16,01:35:00,2662.628,2663.695,2661.005,2663.685,0.1726
1729042800000,2024-10-16,01:40:00,2663.675,2665.695,2663.495,2664.878,0.1744
1729043100000,2024-10-16,01:45:00,2664.965,2665.165,2664.095,2664.535,0.2367
1729043400000,2024-10-16,01:50:00,2664.538,2666.105,2664.215,2665.975,0.259
1729043700000,2024-10-16,01:55:00,2665.975,2667.855,2665.765,2667.838,0.1976
1729044000000,2024-10-16,02:00:00,2667.795,2669.275,2666.458,2667.355,0.2817
1729044300000,2024-10-16,02:05:00,2667.335,2668.885,2666.305,2668.365,0.272
1729044600000,2024-10-16,02:10:00,2668.415,2669.935,2668.415,2668.955,0.1507
1729044900000,2024-10-16,02:15:00,2668.935,2669.095,2665.874,2666.375,0.2847
1729045200000,2024-10-16,02:20:00,2666.345,2667.625,2665.775,2667.515,0.1398
1729045500000,2024-10-16,02:25:00,2667.515,2667.515,2666.414,2666.584,0.0838
1729045800000,2024-10-16,02:30:00,2666.595,2667.095,2665.395,2666.515,0.1194
1729046100000,2024-10-16,02:35:00,2666.435,2668.205,2666.095,2667.845,0.0853
1729046400000,2024-10-16,02:40:00,2667.865,2667.985,2666.278,2667.115,0.0878
1729046700000,2024-10-16,02:45:00,2667.115,2667.835,2666.604,2667.395,0.067
1729047000000,2024-10-16,02:50:00,2667.465,2667.595,2666.385,2666.985,0.0686
1729047300000,2024-10-16,02:55:00,2666.985,2668.185,2666.985,2667.945,0.0977
1729047600000,2024-10-16,03:00:00,2667.945,2668.175,2667.225,2667.285,0.1303
1729047900000,2024-10-16,03:05:00,2667.265,2667.495,2665.895,2666.225,0.1384
1729048200000,2024-10-16,03:10:00,2666.105,2669.035,2665.995,2667.244,0.2034
1729048500000,2024-10-16,03:15:00,2667.238,2667.608,2665.695,2665.735,0.2555
1729048800000,2024-10-16,03:20:00,2665.715,2666.295,2665.145,2666.065,0.3262
1729049100000,2024-10-16,03:25:00,2666.045,2666.045,2665.225,2665.765,0.1334
1729049400000,2024-10-16,03:30:00,2665.745,2666.065,2665.385,2665.845,0.037
1729049700000,2024-10-16,03:35:00,2665.865,2666.515,2665.465,2666.495,0.081
1729050000000,2024-10-16,03:40:00,2666.495,2667.275,2666.495,2666.854,0.0508
1729050300000,2024-10-16,03:45:00,2666.885,2667.015,2666.245,2666.405,0.0331
1729050600000,2024-10-16,03:50:00,2666.445,2667.215,2666.245,2666.645,0.0428
1729050900000,2024-10-16,03:55:00,2666.645,2667.458,2666.645,2667.025,0.0661
1729051200000,2024-10-16,04:00:00,2667.165,2667.645,2667.064,2667.495,0.0533
1729051500000,2024-10-16,04:05:00,2667.435,2667.748,2666.858,2666.925,0.0582
1729051800000,2024-10-16,04:10:00,2666.915,2667.268,2666.775,2666.995,0.1187
1729052100000,2024-10-16,04:15:00,2666.985,2667.188,2666.185,2666.325,0.118
1729052400000,2024-10-16,04:20:00,2666.335,2667.985,2666.225,2667.985,0.1313
1729052700000,2024-10-16,04:25:00,2667.985,2668.095,2666.495,2666.605,0.1014
1729053000000,2024-10-16,04:30:00,2666.605,2667.775,2666.415,2667.525,0.0886
1729053300000,2024-10-16,04:35:00,2667.495,2667.685,2667.255,2667.485,0.0333
1729053600000,2024-10-16,04:40:00,2667.505,2668.105,2667.305,2667.335,0.0456
1729053900000,2024-10-16,04:45:00,2667.355,2667.355,2666.465,2666.495,0.0365
1729054200000,2024-10-16,04:50:00,2666.468,2666.658,2665.475,2665.685,0.0704
1729054500000,2024-10-16,04:55:00,2665.685,2666.595,2665.685,2666.595,0.0408
1729054800000,2024-10-16,05:00:00,2666.545,2667.648,2666.225,2667.558,0.1867
1729055100000,2024-10-16,05:05:00,2667.554,2667.665,2666.065,2666.885,0.1913
1729055400000,2024-10-16,05:10:00,2666.885,2667.345,2666.575,2667.005,0.0403
1729055700000,2024-10-16,05:15:00,2667.075,2667.105,2666.145,2666.235,0.027
1729056000000,2024-10-16,05:20:00,2666.244,2666.815,2666.005,2666.805,0.0368
1729056300000,2024-10-16,05:25:00,2666.805,2667.405,2666.605,2667.405,0.1074
1729056600000,2024-10-16,05:30:00,2667.458,2667.468,2666.214,2666.655,0.1832
1729056900000,2024-10-16,05:35:00,2666.655,2667.778,2666.515,2667.085,0.1275
1729057200000,2024-10-16,05:40:00,2667.165,2668.398,2666.785,2668.215,0.1413
1729057500000,2024-10-16,05:45:00,2668.265,2669.995,2667.815,2668.865,0.1536
1729057800000,2024-10-16,05:50:00,2668.885,2670.425,2667.805,2669.605,0.2893
1729058100000,2024-10-16,05:55:00,2669.665,2669.685,2668.678,2669.315,0.269
1729058400000,2024-10-16,06:00:00,2669.335,2671.195,2666.908,2670.378,0.4866
1729058700000,2024-10-16,06:05:00,2670.355,2671.575,2669.395,2670.585,0.447
1729059000000,2024-10-16,06:10:00,2670.615,2674.885,2670.395,2672.985,0.451
1729059300000,2024-10-16,06:15:00,2672.985,2675.085,2671.684,2674.995,0.6076
1729059600000,2024-10-16,06:20:00,2675.011,2675.865,2673.915,2675.845,0.4285
1729059900000,2024-10-16,06:25:00,2675.865,2677.545,2675.325,2676.848,0.7214
1729060200000,2024-10-16,06:30:00,2676.848,2676.938,2673.218,2673.915,0.6113
1729060500000,2024-10-16,06:35:00,2673.905,2675.775,2673.685,2674.485,0.3667
1729060800000,2024-10-16,06:40:00,2674.475,2675.395,2673.815,2675.185,0.35
1729061100000,2024-10-16,06:45:00,2675.185,2676.765,2675.065,2676.425,0.3588
1729061400000,2024-10-16,06:50:00,2676.425,2677.435,2676.235,2677.125,0.3126
1729061700000,2024-10-16,06:55:00,2677.105,2677.425,2675.885,2677.155,0.1484
1729062000000,2024-10-16,07:00:00,2677.155,2677.425,2675.144,2676.095,0.2338
1729062300000,2024-10-16,07:05:00,2676.115,2676.545,2674.628,2676.015,0.1986
1729062600000,2024-10-16,07:10:00,2675.944,2675.965,2674.515,2675.705,0.1398
1729062900000,2024-10-16,07:15:00,2675.745,2675.825,2674.085,2674.915,0.1523
1729063200000,2024-10-16,07:20:00,2674.915,2675.575,2673.205,2673.905,0.1552
1729063500000,2024-10-16,07:25:00,2673.834,2675.638,2673.695,2675.188,0.1709
1729063800000,2024-10-16,07:30:00,2675.188,2675.785,2674.155,2674.875,0.1305
1729064100000,2024-10-16,07:35:00,2674.955,2675.605,2674.378,2674.485,0.1607
1729064400000,2024-10-16,07:40:00,2674.435,2674.955,2673.665,2674.895,0.1309
1729064700000,2024-10-16,07:45:00,2674.905,2676.118,2674.785,2675.805,0.292
1729065000000,2024-10-16,07:50:00,2675.825,2676.698,2675.075,2676.275,0.2277
1729065300000,2024-10-16,07:55:00,2676.185,2676.295,2675.085,2676.005,0.1008
1729065600000,2024-10-16,08:00:00,2675.844,2676.465,2674.745,2674.875,0.1247
1729065900000,2024-10-16,08:05:00,2674.885,2676.445,2674.425,2676.355,0.1593
1729066200000,2024-10-16,08:10:00,2676.358,2676.405,2675.535,2675.875,0.0991
1729066500000,2024-10-16,08:15:00,2675.915,2676.665,2675.885,2676.085,0.0679
1729066800000,2024-10-16,08:20:00,2676.085,2676.765,2675.135,2676.185,0.0798
1729067100000,2024-10-16,08:25:00,2676.185,2676.575,2675.765,2676.285,0.0803
1729067400000,2024-10-16,08:30:00,2676.275,2677.488,2676.195,2677.378,0.1243
1729067700000,2024-10-16,08:35:00,2677.378,2677.495,2676.604,2676.868,0.1314
1729068000000,2024-10-16,08:40:00,2676.868,2677.465,2676.865,2677.295,0.0695
1729068300000,2024-10-16,08:45:00,2677.298,2677.405,2676.955,2677.255,0.0881
1729068600000,2024-10-16,08:50:00,2677.205,2679.395,2676.855,2678.548,0.2468
1729068900000,2024-10-16,08:55:00,2678.624,2680.005,2678.155,2679.375,0.2361
1729069200000,2024-10-16,09:00:00,2679.445,2681.805,2679.428,2681.185,0.2199
1729069500000,2024-10-16,09:05:00,2681.175,2681.175,2678.735,2678.878,0.3499
1729069800000,2024-10-16,09:10:00,2678.855,2679.748,2678.105,2679.245,0.1532
1729070100000,2024-10-16,09:15:00,2679.265,2679.485,2678.258,2678.275,0.0878
1729070400000,2024-10-16,09:20:00,2678.275,2678.815,2678.035,2678.275,0.0675
1729070700000,2024-10-16,09:25:00,2678.305,2679.015,2678.095,2678.785,0.0857
1729071000000,2024-10-16,09:30:00,2678.815,2680.095,2678.815,2679.635,0.1254
1729071300000,2024-10-16,09:35:00,2679.615,2680.605,2679.285,2680.525,0.1253
1729071600000,2024-10-16,09:40:00,2680.525,2681.084,2680.048,2681.015,0.0981
1729071900000,2024-10-16,09:45:00,2681.015,2682.475,2680.978,2682.185,0.112
1729072200000,2024-10-16,09:50:00,2682.185,2682.648,2680.805,2681.405,0.1249
1729072500000,2024-10-16,09:55:00,2681.365,2681.735,2680.005,2680.105,0.1461
1729072800000,2024-10-16,10:00:00,2680.105,2680.875,2678.748,2678.905,0.2043
1729073100000,2024-10-16,10:05:00,2678.925,2679.945,2677.828,2677.924,0.2009
1729073400000,2024-10-16,10:10:00,2677.824,2679.085,2676.485,2677.215,0.1478
1729073700000,2024-10-16,10:15:00,2677.215,2677.415,2675.955,2676.175,0.1401
1729074000000,2024-10-16,10:20:00,2676.205,2677.895,2675.504,2676.718,0.206
1729074300000,2024-10-16,10:25:00,2676.708,2676.848,2675.475,2675.478,0.2083
1729074600000,2024-10-16,10:30:00,2675.515,2675.838,2674.074,2674.074,0.323
1729074900000,2024-10-16,10:35:00,2674.074,2674.775,2673.054,2674.625,0.2766
1729075200000,2024-10-16,10:40:00,2674.625,2675.795,2674.534,2674.838,0.1324
1729075500000,2024-10-16,10:45:00,2674.878,2674.995,2673.924,2674.555,0.1667
1729075800000,2024-10-16,10:50:00,2674.555,2675.445,2674.285,2675.315,0.0627
1729076100000,2024-10-16,10:55:00,2675.335,2675.458,2674.085,2674.134,0.125
1729076400000,2024-10-16,11:00:00,2674.175,2674.525,2673,2673,0.2535
1729076700000,2024-10-16,11:05:00,2673,2675.245,2673,2675.105,0.1341
1729077000000,2024-10-16,11:10:00,2675.105,2675.825,2674.945,2675.525,0.1086
1729077300000,2024-10-16,11:15:00,2675.525,2677.575,2675.275,2676.955,0.2044
1729077600000,2024-10-16,11:20:00,2676.955,2677.225,2676.245,2676.845,0.1699
1729077900000,2024-10-16,11:25:00,2676.875,2678.205,2676.855,2677.995,0.1222
1729078200000,2024-10-16,11:30:00,2677.995,2678.735,2677.835,2678.335,0.077
1729078500000,2024-10-16,11:35:00,2678.335,2678.725,2677.915,2678.655,0.0731
1729078800000,2024-10-16,11:40:00,2678.655,2679.775,2678.645,2679.315,0.0839
1729079100000,2024-10-16,11:45:00,2679.315,2679.968,2679.095,2679.635,0.1008
1729079400000,2024-10-16,11:50:00,2679.725,2679.725,2678.125,2679.435,0.1122
1729079700000,2024-10-16,11:55:00,2679.425,2680.485,2677.894,2678.245,0.278
1729080000000,2024-10-16,12:00:00,2678.345,2680.845,2678.155,2680.805,0.3845
1729080300000,2024-10-16,12:05:00,2680.835,2680.865,2679.635,2680.385,0.2767
1729080600000,2024-10-16,12:10:00,2680.365,2680.638,2679.645,2679.645,0.1587
1729080900000,2024-10-16,12:15:00,2679.645,2679.645,2677.505,2677.775,0.2059
1729081200000,2024-10-16,12:20:00,2677.775,2679.845,2676.328,2679.705,0.2066
1729081500000,2024-10-16,12:25:00,2679.708,2681.168,2679.545,2680.385,0.4262
1729081800000,2024-10-16,12:30:00,2680.415,2681.265,2678.665,2678.765,0.4771
1729082100000,2024-10-16,12:35:00,2678.745,2679.715,2676.975,2679.165,0.4444
1729082400000,2024-10-16,12:40:00,2679.105,2680.418,2678.325,2679.255,0.3329
1729082700000,2024-10-16,12:45:00,2679.265,2681.578,2679.245,2681.055,0.179
1729083000000,2024-10-16,12:50:00,2681.065,2681.348,2679.384,2681.195,0.2001
1729083300000,2024-10-16,12:55:00,2681.185,2681.845,2680.775,2681.645,0.1474
1729083600000,2024-10-16,13:00:00,2681.585,2683.765,2680.878,2682.675,0.397
1729083900000,2024-10-16,13:05:00,2682.725,2684.254,2681.078,2681.988,0.4124
1729084200000,2024-10-16,13:10:00,2681.985,2681.985,2679.775,2681.765,0.4776
1729084500000,2024-10-16,13:15:00,2681.725,2683.565,2681.405,2681.968,0.5906
1729084800000,2024-10-16,13:20:00,2681.944,2682.024,2679.955,2681.535,0.3618
1729085100000,2024-10-16,13:25:00,2681.705,2682.444,2680.438,2680.648,0.1587
1729085400000,2024-10-16,13:30:00,2680.645,2684.095,2680.325,2683.835,0.5596
1729085700000,2024-10-16,13:35:00,2683.835,2685.298,2683.145,2683.918,0.2363
1729086000000,2024-10-16,13:40:00,2684.015,2685.115,2682.708,2683.675,0.2702
1729086300000,2024-10-16,13:45:00,2683.695,2684.065,2679.865,2680.098,0.3588
1729086600000,2024-10-16,13:50:00,2680.175,2680.175,2674.965,2675.698,0.6296
1729086900000,2024-10-16,13:55:00,2675.705,2676.015,2672.314,2674.905,0.7702
1729087200000,2024-10-16,14:00:00,2674.958,2676.875,2673.228,2676.418,0.8073
1729087500000,2024-10-16,14:05:00,2676.455,2677.384,2674.528,2677.205,0.4635
1729087800000,2024-10-16,14:10:00,2677.225,2679.065,2677.058,2678.215,0.471
1729088100000,2024-10-16,14:15:00,2678.225,2680.885,2677.705,2680.635,0.2849
1729088400000,2024-10-16,14:20:00,2680.655,2681.345,2678.515,2678.628,0.2403
1729088700000,2024-10-16,14:25:00,2678.725,2678.985,2676.915,2678.325,0.2805
1729089000000,2024-10-16,14:30:00,2678.305,2679.805,2676.695,2677.095,0.3377
1729089300000,2024-10-16,14:35:00,2677.095,2677.945,2674.934,2675.985,0.4628
1729089600000,2024-10-16,14:40:00,2675.995,2676.365,2671.784,2672.318,0.5266
1729089900000,2024-10-16,14:45:00,2672.255,2675.355,2669.894,2670.435,0.492
1729090200000,2024-10-16,14:50:00,2670.465,2673.025,2670.085,2671.835,0.4672
1729090500000,2024-10-16,14:55:00,2671.965,2672.955,2670.558,2672.055,0.3627
1729090800000,2024-10-16,15:00:00,2672.055,2672.355,2668.304,2669.255,0.4623
1729091100000,2024-10-16,15:05:00,2669.268,2669.745,2667.448,2669.645,0.4414
1729091400000,2024-10-16,15:10:00,2669.585,2671.515,2669.395,2671.225,0.7671
1729091700000,2024-10-16,15:15:00,2671.208,2672.525,2670.875,2672.495,0.5421
1729092000000,2024-10-16,15:20:00,2672.535,2674.645,2672.105,2674.008,0.3247
1729092300000,2024-10-16,15:25:00,2674.008,2675.598,2673.758,2674.605,0.296
1729092600000,2024-10-16,15:30:00,2674.585,2674.585,2672.855,2673.195,0.1466
1729092900000,2024-10-16,15:35:00,2673.195,2674.615,2672.695,2674.125,0.1508
1729093200000,2024-10-16,15:40:00,2674.125,2675.035,2672.155,2672.325,0.1392
1729093500000,2024-10-16,15:45:00,2672.315,2672.355,2668.818,2670.435,0.1935
1729093800000,2024-10-16,15:50:00,2670.415,2670.835,2669.195,2669.725,0.1227
1729094100000,2024-10-16,15:55:00,2669.735,2670.885,2669.675,2669.878,0.1262
1729094400000,2024-10-16,16:00:00,2669.878,2669.995,2666.645,2667.035,0.2771
1729094700000,2024-10-16,16:05:00,2667.088,2669.065,2667.088,2668.695,0.2119
1729095000000,2024-10-16,16:10:00,2668.695,2670.415,2668.695,2670.025,0.1938
1729095300000,2024-10-16,16:15:00,2670.025,2670.975,2669.564,2670.268,0.1156
1729095600000,2024-10-16,16:20:00,2670.258,2671.698,2670.185,2670.348,0.1414
1729095900000,2024-10-16,16:25:00,2670.338,2670.338,2667.848,2667.918,0.1542
1729096200000,2024-10-16,16:30:00,2667.898,2669.545,2667.078,2669.275,0.1582
1729096500000,2024-10-16,16:35:00,2669.385,2669.608,2668.285,2668.588,0.1151
1729096800000,2024-10-16,16:40:00,2668.585,2671.365,2668.525,2671.245,0.1222
1729097100000,2024-10-16,16:45:00,2671.305,2672.455,2671.178,2671.528,0.1031
1729097400000,2024-10-16,16:50:00,2671.524,2673.108,2671.458,2672.988,0.1015
1729097700000,2024-10-16,16:55:00,2672.968,2674.095,2672.398,2673.948,0.1266
1729098000000,2024-10-16,17:00:00,2674.095,2675.605,2672.958,2674.478,0.1649
1729098300000,2024-10-16,17:05:00,2674.475,2675.435,2673.928,2674.285,0.123
1729098600000,2024-10-16,17:10:00,2674.385,2675.175,2674.165,2674.855,0.0768
1729098900000,2024-10-16,17:15:00,2674.855,2675.205,2673.908,2673.995,0.121
1729099200000,2024-10-16,17:20:00,2674.028,2674.355,2673.015,2674.345,0.1343
1729099500000,2024-10-16,17:25:00,2674.345,2675.345,2674.008,2674.745,0.0951
1729099800000,2024-10-16,17:30:00,2674.805,2675.235,2673.865,2674.295,0.1159
1729100100000,2024-10-16,17:35:00,2674.295,2674.708,2673.855,2674.448,0.0844
1729100400000,2024-10-16,17:40:00,2674.438,2675.338,2674.435,2675.225,0.0851
1729100700000,2024-10-16,17:45:00,2675.245,2676.158,2674.858,2675.058,0.0953
1729101000000,2024-10-16,17:50:00,2675.048,2675.628,2674.918,2675.368,0.1499
1729101300000,2024-10-16,17:55:00,2675.358,2675.705,2675.084,2675.218,0.1257
1729101600000,2024-10-16,18:00:00,2675.168,2675.558,2674.588,2675.484,0.1588
1729101900000,2024-10-16,18:05:00,2675.478,2676.348,2675.478,2675.908,0.1187
1729102200000,2024-10-16,18:10:00,2675.938,2676.338,2675.644,2675.798,0.1098
1729102500000,2024-10-16,18:15:00,2675.754,2676.358,2675.434,2675.708,0.0783
1729102800000,2024-10-16,18:20:00,2675.688,2676.524,2675.558,2675.688,0.1164
1729103100000,2024-10-16,18:25:00,2675.708,2675.998,2674.748,2674.998,0.104
1729103400000,2024-10-16,18:30:00,2674.955,2675.818,2674.654,2675.068,0.1567
1729103700000,2024-10-16,18:35:00,2675.115,2675.198,2674.584,2674.888,0.1352
1729104000000,2024-10-16,18:40:00,2674.878,2675.188,2674.458,2674.908,0.0944
1729104300000,2024-10-16,18:45:00,2674.898,2675.098,2674.664,2675.018,0.0712
1729104600000,2024-10-16,18:50:00,2674.998,2675.438,2674.835,2675.028,0.0821
1729104900000,2024-10-16,18:55:00,2675.018,2675.708,2674.694,2674.898,0.1468
1729105200000,2024-10-16,19:00:00,2674.898,2674.898,2673.408,2673.438,0.1577
1729105500000,2024-10-16,19:05:00,2673.458,2673.618,2672.618,2672.948,0.1174
1729105800000,2024-10-16,19:10:00,2673.038,2673.628,2672.738,2673.568,0.0938
1729106100000,2024-10-16,19:15:00,2673.608,2674.198,2673.418,2673.698,0.1039
1729106400000,2024-10-16,19:20:00,2673.678,2673.768,2673.028,2673.398,0.0828
1729106700000,2024-10-16,19:25:00,2673.388,2674.488,2673.305,2674.398,0.0748
1729107000000,2024-10-16,19:30:00,2674.355,2674.388,2672.908,2674.265,0.1288
1729107300000,2024-10-16,19:35:00,2674.318,2674.608,2674.165,2674.558,0.0886
1729107600000,2024-10-16,19:40:00,2674.588,2674.608,2674.274,2674.408,0.0951
1729107900000,2024-10-16,19:45:00,2674.398,2674.568,2674.014,2674.108,0.1273
1729108200000,2024-10-16,19:50:00,2674.098,2674.228,2673.048,2673.958,0.1756
1729108500000,2024-10-16,19:55:00,2673.958,2674.938,2673.898,2674.698,0.1886
1729108800000,2024-10-16,20:00:00,2674.605,2674.868,2674.438,2674.518,0.0858
1729109100000,2024-10-16,20:05:00,2674.484,2674.648,2674.378,2674.448,0.0386
1729109400000,2024-10-16,20:10:00,2674.448,2674.458,2673.848,2673.848,0.0327
1729109700000,2024-10-16,20:15:00,2673.878,2674.018,2673.605,2673.948,0.0371
1729110000000,2024-10-16,20:20:00,2673.958,2673.978,2673.568,2673.778,0.0218
1729110300000,2024-10-16,20:25:00,2673.638,2673.658,2673.238,2673.378,0.0193
1729110600000,2024-10-16,20:30:00,2673.315,2673.928,2673.058,2673.898,0.0311
1729110900000,2024-10-16,20:35:00,2673.888,2673.928,2673.448,2673.538,0.0209
1729111200000,2024-10-16,20:40:00,2673.548,2673.658,2673.285,2673.478,0.0228
1729111500000,2024-10-16,20:45:00,2673.538,2673.538,2673.245,2673.338,0.0256
1729111800000,2024-10-16,20:50:00,2673.338,2673.538,2673.228,2673.508,0.0306
1729112100000,2024-10-16,20:55:00,2673.518,2673.898,2673.305,2673.435,0.0497
1729116000000,2024-10-16,22:00:00,2673.015,2674.848,2673.015,2674.448,0.0646
1729116300000,2024-10-16,22:05:00,2674.325,2674.565,2674.065,2674.225,0.0467
1729116600000,2024-10-16,22:10:00,2674.176,2674.765,2673.975,2674.245,0.0761
1729116900000,2024-10-16,22:15:00,2674.198,2674.295,2673.854,2674.205,0.0589
1729117200000,2024-10-16,22:20:00,2674.205,2674.218,2673.848,2674.148,0.0207
1729117500000,2024-10-16,22:25:00,2674.184,2674.318,2673.785,2674.238,0.0231
1729117800000,2024-10-16,22:30:00,2674.238,2674.315,2674.035,2674.138,0.023
1729118100000,2024-10-16,22:35:00,2674.155,2674.345,2673.925,2673.945,0.0163
1729118400000,2024-10-16,22:40:00,2673.925,2674.115,2673.625,2674.065,0.0165
1729118700000,2024-10-16,22:45:00,2674.045,2674.255,2673.118,2673.145,0.0308
1729119000000,2024-10-16,22:50:00,2673.135,2673.708,2673.135,2673.635,0.0498
1729119300000,2024-10-16,22:55:00,2673.615,2673.798,2673.578,2673.635,0.0212
1729119600000,2024-10-16,23:00:00,2673.595,2673.775,2673.324,2673.535,0.051
1729119900000,2024-10-16,23:05:00,2673.535,2673.678,2673.335,2673.358,0.0532
1729120200000,2024-10-16,23:10:00,2673.405,2673.745,2673.358,2673.724,0.0372
1729120500000,2024-10-16,23:15:00,2673.745,2674.055,2673.715,2673.875,0.0414
1729120800000,2024-10-16,23:20:00,2673.885,2674.255,2673.875,2674.135,0.0499
1729121100000,2024-10-16,23:25:00,2674.155,2674.205,2673.975,2674.085,0.0078
1729121400000,2024-10-16,23:30:00,2674.045,2674.165,2673.825,2673.825,0.0116
1729121700000,2024-10-16,23:35:00,2673.855,2674.315,2673.825,2674.195,0.0216
1729122000000,2024-10-16,23:40:00,2674.285,2674.575,2674.285,2674.325,0.0311
1729122300000,2024-10-16,23:45:00,2674.325,2674.325,2673.905,2673.945,0.0328
1729122600000,2024-10-16,23:50:00,2673.945,2674.288,2673.875,2674.215,0.0369
1729122900000,2024-10-16,23:55:00,2674.238,2674.375,2673.835,2673.998,0.0354
1729123200000,2024-10-17,00:00:00,2674.035,2674.698,2673.955,2674.575,0.1651
1729123500000,2024-10-17,00:05:00,2674.545,2675.315,2674.545,2675.255,0.0895
1729123800000,2024-10-17,00:10:00,2675.218,2675.548,2674.938,2675.305,0.1116
1729124100000,2024-10-17,00:15:00,2675.275,2675.295,2674.405,2675.245,0.1503
1729124400000,2024-10-17,00:20:00,2675.275,2675.345,2674.805,2674.875,0.0574
1729124700000,2024-10-17,00:25:00,2674.875,2675.785,2674.815,2675.785,0.0385
1729125000000,2024-10-17,00:30:00,2675.755,2677.255,2675.615,2676.935,0.3361
1729125300000,2024-10-17,00:35:00,2676.945,2677.215,2676.245,2676.695,0.2672
1729125600000,2024-10-17,00:40:00,2676.695,2676.815,2676.415,2676.555,0.2415
1729125900000,2024-10-17,00:45:00,2676.555,2676.865,2676.385,2676.865,0.2581
1729126200000,2024-10-17,00:50:00,2676.835,2677.665,2676.715,2677.535,0.2567
1729126500000,2024-10-17,00:55:00,2677.445,2677.865,2677.285,2677.805,0.2084
1729126800000,2024-10-17,01:00:00,2677.805,2678.178,2676.735,2677.525,0.3007
1729127100000,2024-10-17,01:05:00,2677.545,2678.778,2677.215,2678.715,0.4219
1729127400000,2024-10-17,01:10:00,2678.715,2679.058,2677.255,2677.524,0.3737
1729127700000,2024-10-17,01:15:00,2677.598,2678.595,2676.825,2678.565,0.1007
1729128000000,2024-10-17,01:20:00,2678.565,2678.785,2676.925,2676.975,0.1885
1729128300000,2024-10-17,01:25:00,2676.955,2677.895,2676.795,2677.615,0.1624
1729128600000,2024-10-17,01:30:00,2677.635,2677.765,2676.365,2676.455,0.1531
1729128900000,2024-10-17,01:35:00,2676.445,2679.715,2676.435,2679.485,0.354
1729129200000,2024-10-17,01:40:00,2679.455,2681.425,2678.935,2680.605,0.3303
1729129500000,2024-10-17,01:45:00,2680.615,2681.895,2680.225,2681.645,0.2089
1729129800000,2024-10-17,01:50:00,2681.665,2682.915,2681.425,2682.325,0.1781
1729130100000,2024-10-17,01:55:00,2682.358,2682.905,2681.745,2682.905,0.2356
1729130400000,2024-10-17,02:00:00,2682.915,2684.748,2682.365,2684.475,0.2221
1729130700000,2024-10-17,02:05:00,2684.555,2684.755,2682.275,2684.015,0.2536
1729131000000,2024-10-17,02:10:00,2683.995,2684.295,2681.705,2681.795,0.2046
1729131300000,2024-10-17,02:15:00,2681.795,2682.125,2680.928,2681.735,0.168
1729131600000,2024-10-17,02:20:00,2681.785,2683.015,2681.385,2682.285,0.1176
1729131900000,2024-10-17,02:25:00,2682.255,2682.345,2681.425,2682.115,0.13
1729132200000,2024-10-17,02:30:00,2682.115,2683.265,2681.965,2682.585,0.1661
1729132500000,2024-10-17,02:35:00,2682.605,2682.735,2680.025,2680.025,0.3835
1729132800000,2024-10-17,02:40:00,2680.025,2681.055,2678.698,2681.035,0.6967
1729133100000,2024-10-17,02:45:00,2681.035,2682.255,2680.145,2682.165,0.4319
1729133400000,2024-10-17,02:50:00,2682.215,2682.515,2681.275,2681.475,0.2516
1729133700000,2024-10-17,02:55:00,2681.445,2682.355,2681.335,2681.835,0.3169
1729134000000,2024-10-17,03:00:00,2681.735,2681.865,2680.505,2680.705,0.1909
1729134300000,2024-10-17,03:05:00,2680.695,2682.045,2679.765,2682.035,0.3495
1729134600000,2024-10-17,03:10:00,2682.078,2682.085,2679.745,2679.855,0.2951
1729134900000,2024-10-17,03:15:00,2679.815,2681.175,2679.535,2680.855,0.4389
1729135200000,2024-10-17,03:20:00,2680.855,2680.855,2679.035,2679.155,0.3361
1729135500000,2024-10-17,03:25:00,2679.125,2679.155,2678.135,2678.575,0.3836
1729135800000,2024-10-17,03:30:00,2678.585,2679.055,2677.845,2677.925,0.2017
1729136100000,2024-10-17,03:35:00,2677.895,2677.948,2675.875,2675.895,0.3028
1729136400000,2024-10-17,03:40:00,2675.905,2676.355,2675.325,2675.585,0.2712
1729136700000,2024-10-17,03:45:00,2675.598,2677.055,2674.415,2676.775,0.4029
1729137000000,2024-10-17,03:50:00,2676.775,2677.315,2676.435,2676.885,0.3563
1729137300000,2024-10-17,03:55:00,2676.878,2677.465,2675.945,2676.614,0.3752
1729137600000,2024-10-17,04:00:00,2676.615,2676.865,2676.385,2676.765,0.1865
1729137900000,2024-10-17,04:05:00,2676.775,2679.155,2676.625,2677.915,0.3743
1729138200000,2024-10-17,04:10:00,2678.005,2678.615,2677.145,2677.915,0.2259
1729138500000,2024-10-17,04:15:00,2677.875,2679.485,2677.875,2679.234,0.1695
1729138800000,2024-10-17,04:20:00,2679.215,2679.525,2678.285,2678.295,0.0839
1729139100000,2024-10-17,04:25:00,2678.305,2678.305,2677.405,2677.845,0.0354
1729139400000,2024-10-17,04:30:00,2677.835,2678.135,2677.735,2677.955,0.0351
1729139700000,2024-10-17,04:35:00,2677.995,2678.435,2677.475,2677.685,0.0492
1729140000000,2024-10-17,04:40:00,2677.685,2678.925,2677.345,2678.625,0.0582
1729140300000,2024-10-17,04:45:00,2678.675,2679.555,2678.655,2679.365,0.0685
1729140600000,2024-10-17,04:50:00,2679.365,2679.605,2678.215,2678.795,0.0499
1729140900000,2024-10-17,04:55:00,2678.825,2679.275,2678.555,2678.965,0.0423
1729141200000,2024-10-17,05:00:00,2678.995,2679.265,2678.448,2678.685,0.159
1729141500000,2024-10-17,05:05:00,2678.655,2680.205,2677.975,2680.155,0.1108
1729141800000,2024-10-17,05:10:00,2680.164,2681.075,2680.065,2680.745,0.074
1729142100000,2024-10-17,05:15:00,2680.745,2681.455,2680.665,2681.375,0.0822
1729142400000,2024-10-17,05:20:00,2681.378,2681.995,2681.185,2681.905,0.1281
1729142700000,2024-10-17,05:25:00,2681.905,2683.115,2681.864,2682.455,0.14
1729143000000,2024-10-17,05:30:00,2682.455,2683.795,2681.315,2683.505,0.3439
1729143300000,2024-10-17,05:35:00,2683.505,2684.175,2682.294,2682.374,0.2138
1729143600000,2024-10-17,05:40:00,2682.364,2682.364,2680.975,2681.745,0.2355
1729143900000,2024-10-17,05:45:00,2681.745,2683.205,2681.245,2682.735,0.1252
1729144200000,2024-10-17,05:50:00,2682.775,2683.485,2682.425,2683.455,0.1236
1729144500000,2024-10-17,05:55:00,2683.515,2684.195,2682.965,2683.375,0.1587
1729144800000,2024-10-17,06:00:00,2683.405,2684.125,2680.825,2681.375,0.2208
1729145100000,2024-10-17,06:05:00,2681.335,2681.564,2680.045,2680.854,0.2673
1729145400000,2024-10-17,06:10:00,2680.855,2682.395,2680.515,2681.495,0.3128
1729145700000,2024-10-17,06:15:00,2681.495,2682.445,2681.075,2681.785,0.354
1729146000000,2024-10-17,06:20:00,2681.795,2682.945,2681.268,2681.815,0.4038
1729146300000,2024-10-17,06:25:00,2681.775,2682.805,2681.388,2682.795,0.3484
1729146600000,2024-10-17,06:30:00,2682.795,2683.638,2682.448,2682.615,0.3225
1729146900000,2024-10-17,06:35:00,2682.558,2684.475,2682.278,2684.345,0.3008
1729147200000,2024-10-17,06:40:00,2684.345,2685.645,2683.825,2683.905,0.2045
1729147500000,2024-10-17,06:45:00,2683.905,2683.905,2682.055,2682.605,0.2189
1729147800000,2024-10-17,06:50:00,2682.605,2683.105,2681.495,2682.025,0.1525
1729148100000,2024-10-17,06:55:00,2682.025,2682.225,2679.905,2681.015,0.1301
1729148400000,2024-10-17,07:00:00,2681.045,2681.604,2680.085,2680.948,0.2323
1729148700000,2024-10-17,07:05:00,2680.964,2681.368,2679.054,2681.185,0.4628
1729149000000,2024-10-17,07:10:00,2681.185,2682.865,2680.925,2682.015,0.1862
1729149300000,2024-10-17,07:15:00,2681.985,2682.475,2681.325,2681.645,0.0725
1729149600000,2024-10-17,07:20:00,2681.685,2681.925,2680.085,2680.165,0.2253
1729149900000,2024-10-17,07:25:00,2680.165,2680.535,2678.815,2679.985,0.172
1729150200000,2024-10-17,07:30:00,2680.005,2681.375,2679.935,2680.905,0.3073
1729150500000,2024-10-17,07:35:00,2680.905,2681.328,2680.325,2680.545,0.2683
1729150800000,2024-10-17,07:40:00,2680.485,2682.275,2679.984,2682.195,0.1522
1729151100000,2024-10-17,07:45:00,2682.195,2683.548,2681.578,2681.635,0.1699
1729151400000,2024-10-17,07:50:00,2681.588,2681.765,2681.005,2681.185,0.1305
1729151700000,2024-10-17,07:55:00,2681.095,2682.185,2680.735,2681.865,0.1336
1729152000000,2024-10-17,08:00:00,2681.865,2682.515,2680.265,2680.705,0.0873
1729152300000,2024-10-17,08:05:00,2680.635,2681.835,2680.575,2681.795,0.1003
1729152600000,2024-10-17,08:10:00,2681.875,2682.935,2681.365,2682.715,0.1163
1729152900000,2024-10-17,08:15:00,2682.635,2682.845,2681.575,2682.265,0.0957
1729153200000,2024-10-17,08:20:00,2682.305,2682.935,2681.395,2682.555,0.1127
1729153500000,2024-10-17,08:25:00,2682.524,2683.155,2682.035,2682.835,0.0691
1729153800000,2024-10-17,08:30:00,2682.815,2683.735,2682.615,2683.395,0.1085
1729154100000,2024-10-17,08:35:00,2683.354,2683.385,2681.624,2681.688,0.1115
1729154400000,2024-10-17,08:40:00,2681.644,2682.315,2681.245,2682.025,0.0895
1729154700000,2024-10-17,08:45:00,2681.925,2682.228,2681.394,2681.895,0.1261
1729155000000,2024-10-17,08:50:00,2681.945,2682.535,2681.038,2681.165,0.0929
1729155300000,2024-10-17,08:55:00,2681.165,2682.308,2679.828,2681.654,0.1831
1729155600000,2024-10-17,09:00:00,2681.658,2681.935,2680.618,2680.715,0.1603
1729155900000,2024-10-17,09:05:00,2680.634,2680.845,2679.975,2680.015,0.1091
1729156200000,2024-10-17,09:10:00,2680.055,2680.858,2678.565,2679.915,0.3144
1729156500000,2024-10-17,09:15:00,2679.845,2679.938,2678.034,2678.365,0.1733
1729156800000,2024-10-17,09:20:00,2678.415,2678.958,2676.878,2677.155,0.1852
1729157100000,2024-10-17,09:25:00,2677.185,2677.658,2676.794,2677.208,0.3007
1729157400000,2024-10-17,09:30:00,2677.278,2678.685,2677.064,2678.665,0.2653
1729157700000,2024-10-17,09:35:00,2678.665,2679.385,2678.348,2679.325,0.2586
1729158000000,2024-10-17,09:40:00,2679.325,2681.085,2679.235,2680.795,0.115
1729158300000,2024-10-17,09:45:00,2680.805,2680.885,2679.685,2679.775,0.0987
1729158600000,2024-10-17,09:50:00,2679.805,2679.995,2679.164,2679.815,0.0602
1729158900000,2024-10-17,09:55:00,2679.775,2679.775,2679.075,2679.345,0.0591
1729159200000,2024-10-17,10:00:00,2679.315,2680.088,2679.045,2679.955,0.073
1729159500000,2024-10-17,10:05:00,2679.955,2681.785,2679.755,2681.485,0.0561
1729159800000,2024-10-17,10:10:00,2681.465,2683.125,2680.948,2683.115,0.1104
1729160100000,2024-10-17,10:15:00,2683.085,2684.885,2682.415,2684.585,0.1151
1729160400000,2024-10-17,10:20:00,2684.585,2685.625,2684.455,2685.455,0.1774
1729160700000,2024-10-17,10:25:00,2685.455,2687.515,2685.455,2686.735,0.1097
1729161000000,2024-10-17,10:30:00,2686.745,2687.835,2686.215,2687.565,0.0963
1729161300000,2024-10-17,10:35:00,2687.555,2687.835,2685.765,2685.858,0.081
1729161600000,2024-10-17,10:40:00,2685.875,2688.245,2685.455,2686.695,0.1226
1729161900000,2024-10-17,10:45:00,2686.795,2687.435,2686.775,2687.335,0.0548
1729162200000,2024-10-17,10:50:00,2687.335,2688.668,2687.335,2688.215,0.0967
1729162500000,2024-10-17,10:55:00,2688.215,2688.535,2687.075,2687.275,0.1589
1729162800000,2024-10-17,11:00:00,2687.295,2687.745,2687.018,2687.515,0.1029
1729163100000,2024-10-17,11:05:00,2687.434,2688.305,2687.284,2687.375,0.0825
1729163400000,2024-10-17,11:10:00,2687.375,2687.695,2685.725,2686.335,0.2141
1729163700000,2024-10-17,11:15:00,2686.278,2686.585,2685.004,2685.355,0.144
1729164000000,2024-10-17,11:20:00,2685.355,2686.865,2685.045,2686.055,0.0756
1729164300000,2024-10-17,11:25:00,2686.085,2687.298,2686.078,2687.198,0.1236
1729164600000,2024-10-17,11:30:00,2687.215,2688.315,2687.165,2687.374,0.0855
1729164900000,2024-10-17,11:35:00,2687.355,2687.505,2686.454,2687.215,0.1109
1729165200000,2024-10-17,11:40:00,2687.275,2687.275,2684.918,2684.918,0.1446
1729165500000,2024-10-17,11:45:00,2684.905,2684.925,2683.675,2683.895,0.1824
1729165800000,2024-10-17,11:50:00,2683.895,2683.895,2682.268,2682.378,0.3074
1729166100000,2024-10-17,11:55:00,2682.395,2682.395,2680.654,2681.198,0.3341
1729166400000,2024-10-17,12:00:00,2681.165,2682.135,2679.744,2680.235,0.3873
1729166700000,2024-10-17,12:05:00,2680.245,2680.455,2679.375,2680.185,0.278
1729167000000,2024-10-17,12:10:00,2680.185,2680.295,2679.255,2679.785,0.1807
1729167300000,2024-10-17,12:15:00,2679.785,2680.415,2677.078,2679.175,0.4532
1729167600000,2024-10-17,12:20:00,2679.175,2681.335,2678.865,2679.315,0.2613
1729167900000,2024-10-17,12:25:00,2679.305,2680.485,2679.118,2679.265,0.1425
1729168200000,2024-10-17,12:30:00,2679.265,2679.265,2672.914,2676.078,0.7028
1729168500000,2024-10-17,12:35:00,2676.118,2677.918,2673.625,2674.545,1.022
1729168800000,2024-10-17,12:40:00,2674.545,2677.935,2673.445,2676.175,1.1058
1729169100000,2024-10-17,12:45:00,2676.155,2678.515,2675.955,2677.855,1.0219
1729169400000,2024-10-17,12:50:00,2677.875,2680.135,2677.725,2680.045,1.0488
1729169700000,2024-10-17,12:55:00,2680.045,2681.525,2679.665,2680.535,0.5802
1729170000000,2024-10-17,13:00:00,2680.535,2681.325,2677.685,2679.425,0.5153
1729170300000,2024-10-17,13:05:00,2679.545,2682.478,2679.255,2682.008,0.3281
1729170600000,2024-10-17,13:10:00,2682.015,2683.105,2680.804,2682.254,0.3502
1729170900000,2024-10-17,13:15:00,2682.274,2685.185,2682.124,2683.545,0.3103
1729171200000,2024-10-17,13:20:00,2683.575,2686.125,2683.355,2685.925,0.2347
1729171500000,2024-10-17,13:25:00,2685.875,2685.875,2681.548,2682.895,0.281
1729171800000,2024-10-17,13:30:00,2682.794,2685.345,2681.585,2683.165,0.462
1729172100000,2024-10-17,13:35:00,2683.165,2684.725,2681.145,2682.745,0.5461
1729172400000,2024-10-17,13:40:00,2682.768,2686.598,2682.698,2686.375,0.5157
1729172700000,2024-10-17,13:45:00,2686.435,2688.345,2685.715,2685.715,0.3969
1729173000000,2024-10-17,13:50:00,2685.765,2689.135,2685.765,2687.725,0.4879
1729173300000,2024-10-17,13:55:00,2687.725,2689.925,2687.465,2688.655,0.3914
1729173600000,2024-10-17,14:00:00,2688.725,2690.385,2687.665,2687.935,0.4507
1729173900000,2024-10-17,14:05:00,2688.018,2689.005,2684.635,2687.975,0.4162
1729174200000,2024-10-17,14:10:00,2688.005,2690.665,2687.985,2689.818,0.438
1729174500000,2024-10-17,14:15:00,2689.858,2690.538,2687.225,2688.685,0.4108
1729174800000,2024-10-17,14:20:00,2688.685,2690.565,2686.625,2690.145,0.3829
1729175100000,2024-10-17,14:25:00,2690.145,2691.605,2689.485,2689.545,0.6976
1729175400000,2024-10-17,14:30:00,2689.545,2691.395,2688.428,2691.015,0.8439
1729175700000,2024-10-17,14:35:00,2691.015,2694.904,2690.885,2694.655,0.8127
1729176000000,2024-10-17,14:40:00,2694.655,2695.354,2692.535,2694.215,0.5371
1729176300000,2024-10-17,14:45:00,2694.215,2696.348,2692.655,2693.795,0.4708
1729176600000,2024-10-17,14:50:00,2693.844,2696.218,2693.345,2695.775,0.2734
1729176900000,2024-10-17,14:55:00,2695.748,2696.175,2694.515,2695.525,0.4215
1729177200000,2024-10-17,15:00:00,2695.525,2696.478,2693.515,2696.185,0.3158
1729177500000,2024-10-17,15:05:00,2696.155,2696.605,2693.545,2693.785,0.389
1729177800000,2024-10-17,15:10:00,2693.828,2694.685,2691.328,2691.555,0.4344
1729178100000,2024-10-17,15:15:00,2691.655,2693.174,2690.954,2690.998,0.3485
1729178400000,2024-10-17,15:20:00,2690.928,2690.928,2687.435,2688.795,0.7624
1729178700000,2024-10-17,15:25:00,2688.795,2694.085,2688.795,2693.074,0.6878
1729179000000,2024-10-17,15:30:00,2693.115,2694.124,2691.784,2693.365,0.3733
1729179300000,2024-10-17,15:35:00,2693.335,2695.845,2693.135,2695.795,0.1557
1729179600000,2024-10-17,15:40:00,2695.775,2695.795,2693.595,2693.645,0.1598
1729179900000,2024-10-17,15:45:00,2693.645,2695.215,2693.485,2693.575,0.1772
1729180200000,2024-10-17,15:50:00,2693.475,2693.515,2692.058,2692.108,0.4233
1729180500000,2024-10-17,15:55:00,2692.108,2694.238,2692.028,2693.158,0.2752
1729180800000,2024-10-17,16:00:00,2693.145,2693.268,2689.195,2689.535,0.2919
1729181100000,2024-10-17,16:05:00,2689.545,2691.205,2689.355,2691.165,0.2271
1729181400000,2024-10-17,16:10:00,2691.145,2691.265,2688.775,2690.035,0.3242
1729181700000,2024-10-17,16:15:00,2690.035,2690.045,2688.005,2688.165,0.3916
1729182000000,2024-10-17,16:20:00,2688.165,2689.675,2687.775,2688.085,0.3317
1729182300000,2024-10-17,16:25:00,2688.045,2689.015,2687.125,2687.335,0.4563
1729182600000,2024-10-17,16:30:00,2687.265,2687.398,2683.795,2685.425,0.6142
1729182900000,2024-10-17,16:35:00,2685.425,2688.678,2684.995,2688.425,0.3525
1729183200000,2024-10-17,16:40:00,2688.458,2690.615,2687.314,2690.345,0.3276
1729183500000,2024-10-17,16:45:00,2690.345,2691.285,2689.675,2690.475,0.1431
1729183800000,2024-10-17,16:50:00,2690.425,2691.698,2690.214,2691.235,0.2113
1729184100000,2024-10-17,16:55:00,2691.225,2692.675,2691.085,2692.105,0.1323
1729184400000,2024-10-17,17:00:00,2692.115,2693.795,2692.045,2693.675,0.1169
1729184700000,2024-10-17,17:05:00,2693.655,2693.675,2691.555,2692.355,0.1688
1729185000000,2024-10-17,17:10:00,2692.355,2693.218,2692.155,2692.705,0.0707
1729185300000,2024-10-17,17:15:00,2692.705,2693.805,2692.635,2693.195,0.0751
1729185600000,2024-10-17,17:20:00,2693.135,2693.615,2690.965,2691.785,0.1671
1729185900000,2024-10-17,17:25:00,2691.795,2693.015,2691.425,2692.135,0.1301
1729186200000,2024-10-17,17:30:00,2692.125,2692.925,2691.555,2691.608,0.074
1729186500000,2024-10-17,17:35:00,2691.595,2691.688,2690.345,2690.888,0.0998
1729186800000,2024-10-17,17:40:00,2690.918,2692.838,2690.385,2692.828,0.1354
1729187100000,2024-10-17,17:45:00,2692.855,2694.055,2692.005,2692.228,0.184
1729187400000,2024-10-17,17:50:00,2692.205,2692.598,2691.395,2691.698,0.0944
1729187700000,2024-10-17,17:55:00,2691.695,2692.525,2691.595,2691.888,0.1527
1729188000000,2024-10-17,18:00:00,2691.795,2692.014,2690.208,2690.208,0.1407
1729188300000,2024-10-17,18:05:00,2690.105,2691.365,2689.458,2690.905,0.1734
1729188600000,2024-10-17,18:10:00,2690.885,2691.265,2689.885,2691.215,0.1652
1729188900000,2024-10-17,18:15:00,2691.215,2692.085,2691.035,2691.385,0.116
1729189200000,2024-10-17,18:20:00,2691.388,2692.118,2691.038,2691.255,0.1352
1729189500000,2024-10-17,18:25:00,2691.275,2691.828,2691.165,2691.355,0.1178
1729189800000,2024-10-17,18:30:00,2691.378,2691.395,2690.208,2690.298,0.1055
1729190100000,2024-10-17,18:35:00,2690.294,2690.498,2689.265,2690.178,0.1312
1729190400000,2024-10-17,18:40:00,2690.208,2690.588,2689.728,2690.505,0.0932
1729190700000,2024-10-17,18:45:00,2690.525,2690.848,2689.695,2689.828,0.0793
1729191000000,2024-10-17,18:50:00,2689.888,2690.078,2689.128,2689.448,0.0739
1729191300000,2024-10-17,18:55:00,2689.428,2689.808,2689.085,2689.438,0.0876
1729191600000,2024-10-17,19:00:00,2689.415,2689.595,2688.805,2689.485,0.0962
1729191900000,2024-10-17,19:05:00,2689.505,2689.875,2689.035,2689.545,0.0786
1729192200000,2024-10-17,19:10:00,2689.545,2691.178,2689.545,2691.055,0.1173
1729192500000,2024-10-17,19:15:00,2691.055,2692.475,2690.975,2691.935,0.2515
1729192800000,2024-10-17,19:20:00,2691.935,2692.235,2691.435,2691.775,0.2962
1729193100000,2024-10-17,19:25:00,2691.765,2692.585,2691.765,2692.485,0.253
1729193400000,2024-10-17,19:30:00,2692.535,2692.555,2691.825,2692.065,0.2419
1729193700000,2024-10-17,19:35:00,2692.005,2692.065,2691.245,2691.365,0.1785
1729194000000,2024-10-17,19:40:00,2691.365,2691.805,2691.215,2691.705,0.1723
1729194300000,2024-10-17,19:45:00,2691.785,2692.288,2691.685,2692.158,0.151
1729194600000,2024-10-17,19:50:00,2692.128,2692.188,2691.548,2691.754,0.1124
1729194900000,2024-10-17,19:55:00,2691.744,2692.438,2691.688,2691.975,0.1367
1729195200000,2024-10-17,20:00:00,2691.975,2692.198,2691.724,2692.095,0.0649
1729195500000,2024-10-17,20:05:00,2692.038,2692.388,2691.885,2691.898,0.0407
1729195800000,2024-10-17,20:10:00,2691.875,2691.978,2691.475,2691.675,0.0453
1729196100000,2024-10-17,20:15:00,2691.675,2691.898,2691.375,2691.698,0.0415
1729196400000,2024-10-17,20:20:00,2691.708,2691.918,2691.588,2691.628,0.0275
1729196700000,2024-10-17,20:25:00,2691.585,2691.978,2691.585,2691.978,0.0414
1729197000000,2024-10-17,20:30:00,2691.965,2692.098,2691.378,2691.428,0.0451
1729197300000,2024-10-17,20:35:00,2691.418,2691.658,2691.184,2691.318,0.0401
1729197600000,2024-10-17,20:40:00,2691.244,2691.538,2690.828,2691.428,0.0517
1729197900000,2024-10-17,20:45:00,2691.428,2692.108,2691.115,2691.928,0.0609
1729198200000,2024-10-17,20:50:00,2691.928,2692.825,2691.748,2692.628,0.0392
1729198500000,2024-10-17,20:55:00,2692.608,2692.848,2692.365,2692.675,0.0564
1729202400000,2024-10-17,22:00:00,2691.998,2692.935,2691.665,2692.748,0.0703
1729202700000,2024-10-17,22:05:00,2692.135,2693.048,2692.135,2692.798,0.016
1729203000000,2024-10-17,22:10:00,2692.798,2693.198,2692.785,2693.098,0.0335
1729203300000,2024-10-17,22:15:00,2693.098,2693.198,2692.125,2692.304,0.0474
1729203600000,2024-10-17,22:20:00,2692.304,2692.525,2692.104,2692.435,0.0401
1729203900000,2024-10-17,22:25:00,2692.415,2692.614,2692.224,2692.578,0.0426
1729204200000,2024-10-17,22:30:00,2692.605,2692.685,2692.425,2692.435,0.0345
1729204500000,2024-10-17,22:35:00,2692.435,2692.645,2692.345,2692.645,0.0278
1729204800000,2024-10-17,22:40:00,2692.695,2692.865,2692.695,2692.785,0.0198
1729205100000,2024-10-17,22:45:00,2692.735,2693.045,2692.735,2692.955,0.0362
1729205400000,2024-10-17,22:50:00,2693.015,2693.015,2692.545,2692.595,0.0472
1729205700000,2024-10-17,22:55:00,2692.585,2692.675,2692.455,2692.455,0.0159
1729206000000,2024-10-17,23:00:00,2692.504,2692.555,2692.155,2692.265,0.0382
1729206300000,2024-10-17,23:05:00,2692.255,2692.945,2692.255,2692.945,0.0274
1729206600000,2024-10-17,23:10:00,2692.985,2693.215,2692.845,2693.135,0.0221
1729206900000,2024-10-17,23:15:00,2693.125,2693.375,2692.975,2692.975,0.0187
1729207200000,2024-10-17,23:20:00,2692.915,2692.985,2692.265,2692.485,0.0548
1729207500000,2024-10-17,23:25:00,2692.485,2692.485,2692.205,2692.295,0.0251
1729207800000,2024-10-17,23:30:00,2692.265,2692.785,2692.255,2692.785,0.0549
1729208100000,2024-10-17,23:35:00,2692.785,2693.225,2692.785,2692.885,0.05
1729208400000,2024-10-17,23:40:00,2692.808,2692.948,2692.705,2692.775,0.051
1729208700000,2024-10-17,23:45:00,2692.878,2693.838,2692.858,2693.835,0.0873
1729209000000,2024-10-17,23:50:00,2693.825,2694.015,2693.585,2693.785,0.0582
1729209300000,2024-10-17,23:55:00,2693.785,2694.295,2693.445,2693.635,0.1132
1729209600000,2024-10-18,00:00:00,2693.665,2694.165,2693.115,2694.095,0.2658
1729209900000,2024-10-18,00:05:00,2694.105,2694.215,2693.558,2693.675,0.1518
1729210200000,2024-10-18,00:10:00,2693.675,2694.345,2693.675,2694.225,0.2165
1729210500000,2024-10-18,00:15:00,2694.225,2694.828,2693.835,2694.465,0.1642
1729210800000,2024-10-18,00:20:00,2694.438,2694.915,2694.195,2694.728,0.1128
1729211100000,2024-10-18,00:25:00,2694.725,2694.795,2693.968,2694.415,0.2115
1729211400000,2024-10-18,00:30:00,2694.435,2695.268,2694.255,2695.218,0.2509
1729211700000,2024-10-18,00:35:00,2695.265,2695.665,2693.695,2693.755,0.3465
1729212000000,2024-10-18,00:40:00,2693.735,2694.445,2693.455,2694.295,0.1946
1729212300000,2024-10-18,00:45:00,2694.295,2694.455,2693.625,2693.885,0.2456
1729212600000,2024-10-18,00:50:00,2693.885,2694.265,2692.925,2693.285,0.252
1729212900000,2024-10-18,00:55:00,2693.285,2693.545,2692.745,2692.955,0.2454
1729213200000,2024-10-18,01:00:00,2692.955,2695.948,2692.755,2695.718,0.3996
1729213500000,2024-10-18,01:05:00,2695.708,2697.808,2695.575,2697.775,0.3322
1729213800000,2024-10-18,01:10:00,2697.815,2698.295,2696.115,2697.184,0.3917
1729214100000,2024-10-18,01:15:00,2697.164,2698.125,2695.964,2697.865,0.3439
1729214400000,2024-10-18,01:20:00,2697.865,2699.225,2697.025,2698.825,0.1973
1729214700000,2024-10-18,01:25:00,2698.795,2700.185,2698.125,2699.645,0.1434
1729215000000,2024-10-18,01:30:00,2699.655,2702.125,2699.475,2701.935,0.2638
1729215300000,2024-10-18,01:35:00,2701.965,2704.695,2701.965,2702.575,0.5289
1729215600000,2024-10-18,01:40:00,2702.558,2705.035,2702.135,2704.645,0.3392
1729215900000,2024-10-18,01:45:00,2704.575,2706.565,2702.835,2705.985,0.4405
1729216200000,2024-10-18,01:50:00,2705.945,2706.705,2705.355,2705.625,0.3154
1729216500000,2024-10-18,01:55:00,2705.545,2705.815,2703.435,2704.475,0.2839
1729216800000,2024-10-18,02:00:00,2704.475,2707.005,2703.905,2706.525,0.3574
1729217100000,2024-10-18,02:05:00,2706.535,2706.835,2705.115,2705.445,0.3714
1729217400000,2024-10-18,02:10:00,2705.395,2707.905,2705.395,2707.615,0.495
1729217700000,2024-10-18,02:15:00,2707.665,2707.755,2706.218,2706.835,0.2578
1729218000000,2024-10-18,02:20:00,2706.808,2707.865,2706.715,2707.725,0.1394
1729218300000,2024-10-18,02:25:00,2707.785,2709.785,2707.785,2708.385,0.2912
1729218600000,2024-10-18,02:30:00,2708.404,2711.765,2708.394,2711.525,0.5666
1729218900000,2024-10-18,02:35:00,2711.555,2711.815,2710.398,2711.038,0.3541
1729219200000,2024-10-18,02:40:00,2711.018,2711.635,2707.875,2708.028,0.3499
1729219500000,2024-10-18,02:45:00,2708.058,2709.565,2707.608,2707.985,0.1525
1729219800000,2024-10-18,02:50:00,2707.965,2709.305,2706.394,2706.928,0.3518
1729220100000,2024-10-18,02:55:00,2707.028,2708.605,2706.834,2707.984,0.2368
1729220400000,2024-10-18,03:00:00,2707.994,2709.968,2707.835,2709.268,0.2222
1729220700000,2024-10-18,03:05:00,2709.265,2709.335,2707.375,2708.145,0.1944
1729221000000,2024-10-18,03:10:00,2708.205,2708.405,2706.915,2708.035,0.1364
1729221300000,2024-10-18,03:15:00,2707.935,2708.915,2707.125,2708.105,0.168
1729221600000,2024-10-18,03:20:00,2708.105,2708.885,2707.625,2708.194,0.1302
1729221900000,2024-10-18,03:25:00,2708.164,2709.385,2708.135,2708.624,0.1215
1729222200000,2024-10-18,03:30:00,2708.615,2709.015,2708.115,2708.355,0.0932
1729222500000,2024-10-18,03:35:00,2708.325,2708.505,2707.298,2707.505,0.1781
1729222800000,2024-10-18,03:40:00,2707.455,2707.854,2707.294,2707.535,0.0772
1729223100000,2024-10-18,03:45:00,2707.535,2709.564,2707.035,2709.055,0.1589
1729223400000,2024-10-18,03:50:00,2709.025,2710.255,2708.888,2710.215,0.0818
1729223700000,2024-10-18,03:55:00,2710.218,2710.685,2709.675,2709.885,0.1004
1729224000000,2024-10-18,04:00:00,2709.885,2710.685,2709.435,2709.485,0.0644
1729224300000,2024-10-18,04:05:00,2709.505,2710.385,2709.505,2710.155,0.1096
1729224600000,2024-10-18,04:10:00,2710.125,2711.144,2709.898,2711.058,0.1339
1729224900000,2024-10-18,04:15:00,2711.054,2711.208,2709.665,2710.078,0.1301
1729225200000,2024-10-18,04:20:00,2710.098,2710.098,2709.448,2709.935,0.1252
1729225500000,2024-10-18,04:25:00,2709.945,2710.078,2708.925,2709.124,0.0825
1729225800000,2024-10-18,04:30:00,2709.134,2709.895,2709.104,2709.655,0.0626
1729226100000,2024-10-18,04:35:00,2709.628,2710.195,2709.468,2710.065,0.1079
1729226400000,2024-10-18,04:40:00,2710.045,2710.428,2709.295,2709.355,0.117
1729226700000,2024-10-18,04:45:00,2709.335,2709.595,2708.845,2709.025,0.0548
1729227000000,2024-10-18,04:50:00,2709.055,2709.584,2708.665,2709.555,0.0479
1729227300000,2024-10-18,04:55:00,2709.555,2710.305,2709.495,2710.085,0.0328
1729227600000,2024-10-18,05:00:00,2710.185,2710.825,2709.945,2710.825,0.1309
1729227900000,2024-10-18,05:05:00,2710.825,2712.355,2710.775,2711.848,0.1299
1729228200000,2024-10-18,05:10:00,2711.848,2711.898,2710.915,2711.255,0.2114
1729228500000,2024-10-18,05:15:00,2711.205,2711.525,2710.298,2710.505,0.1343
1729228800000,2024-10-18,05:20:00,2710.514,2710.784,2709.925,2710.515,0.144
1729229100000,2024-10-18,05:25:00,2710.475,2711.305,2710.435,2710.554,0.2051
1729229400000,2024-10-18,05:30:00,2710.565,2712.325,2710.565,2712.095,0.2628
1729229700000,2024-10-18,05:35:00,2712.095,2713.245,2711.405,2712.175,0.1443
1729230000000,2024-10-18,05:40:00,2712.205,2712.745,2711.785,2712.625,0.1366
1729230300000,2024-10-18,05:45:00,2712.635,2713.888,2711.958,2712.398,0.2126
1729230600000,2024-10-18,05:50:00,2712.404,2712.404,2711.175,2711.615,0.1322
1729230900000,2024-10-18,05:55:00,2711.635,2712.135,2710.394,2711.278,0.3439
1729231200000,2024-10-18,06:00:00,2711.278,2711.328,2708.855,2709.255,0.3704
1729231500000,2024-10-18,06:05:00,2709.265,2711.525,2708.505,2711.515,0.3207
1729231800000,2024-10-18,06:10:00,2711.515,2711.515,2707.998,2708.205,0.5355
1729232100000,2024-10-18,06:15:00,2708.195,2710.425,2707.715,2708.015,0.7463
1729232400000,2024-10-18,06:20:00,2708.095,2708.165,2704.905,2705.265,0.8943
1729232700000,2024-10-18,06:25:00,2705.265,2705.795,2703.085,2703.725,0.9716
1729233000000,2024-10-18,06:30:00,2703.675,2706.985,2702.565,2705.975,0.7234
1729233300000,2024-10-18,06:35:00,2705.965,2706.815,2704.565,2705.705,0.6992
1729233600000,2024-10-18,06:40:00,2705.735,2706.845,2705.305,2706.585,0.2317
1729233900000,2024-10-18,06:45:00,2706.615,2706.645,2704.485,2704.825,0.2721
1729234200000,2024-10-18,06:50:00,2704.915,2706.165,2704.205,2705.685,0.6248
1729234500000,2024-10-18,06:55:00,2705.825,2707.375,2705.185,2707.265,0.5108
1729234800000,2024-10-18,07:00:00,2707.315,2707.315,2706.245,2706.545,0.3114
1729235100000,2024-10-18,07:05:00,2706.648,2706.745,2705.728,2706.565,0.1901
1729235400000,2024-10-18,07:10:00,2706.625,2709.045,2706.445,2709.045,0.2315
1729235700000,2024-10-18,07:15:00,2709.045,2709.045,2707.288,2708.335,0.3986
1729236000000,2024-10-18,07:20:00,2708.365,2708.595,2706.615,2707.255,0.2411
1729236300000,2024-10-18,07:25:00,2707.265,2707.465,2705.245,2705.445,0.201
1729236600000,2024-10-18,07:30:00,2705.445,2706.635,2704.855,2706.005,0.3661
1729236900000,2024-10-18,07:35:00,2706.008,2706.108,2703.558,2703.605,0.3633
1729237200000,2024-10-18,07:40:00,2703.615,2704.995,2703.185,2703.455,0.3677
1729237500000,2024-10-18,07:45:00,2703.465,2703.965,2702.725,2703.395,0.3347
1729237800000,2024-10-18,07:50:00,2703.415,2704.625,2702.965,2703.195,0.412
1729238100000,2024-10-18,07:55:00,2703.158,2703.585,2702.158,2702.188,0.4333
1729238400000,2024-10-18,08:00:00,2702.188,2704.255,2702.035,2704.075,0.2907
1729238700000,2024-10-18,08:05:00,2704.125,2704.845,2703.815,2704.535,0.1265
1729239000000,2024-10-18,08:10:00,2704.545,2704.645,2702.995,2703.045,0.1682
1729239300000,2024-10-18,08:15:00,2703.065,2703.655,2702.585,2703.035,0.3821
1729239600000,2024-10-18,08:20:00,2703.015,2703.215,2702.395,2702.485,0.3722
1729239900000,2024-10-18,08:25:00,2702.505,2703.505,2702.475,2702.725,0.2558
1729240200000,2024-10-18,08:30:00,2702.735,2703.535,2702.605,2703.155,0.1322
1729240500000,2024-10-18,08:35:00,2703.055,2703.135,2701.615,2702.725,0.2319
1729240800000,2024-10-18,08:40:00,2702.775,2704.655,2702.405,2704.635,0.3105
1729241100000,2024-10-18,08:45:00,2704.625,2705.715,2703.885,2705.005,0.1803
1729241400000,2024-10-18,08:50:00,2705.035,2705.125,2704.695,2704.775,0.0583
1729241700000,2024-10-18,08:55:00,2704.725,2706.195,2704.085,2706.175,0.1072
1729242000000,2024-10-18,09:00:00,2706.175,2706.835,2706.085,2706.555,0.1995
1729242300000,2024-10-18,09:05:00,2706.575,2707.445,2706.265,2707.305,0.1392
1729242600000,2024-10-18,09:10:00,2707.295,2709.615,2707.235,2709.275,0.2997
1729242900000,2024-10-18,09:15:00,2709.305,2710.825,2708.885,2710.675,0.1207
1729243200000,2024-10-18,09:20:00,2710.675,2711.485,2710.285,2711.015,0.1233
1729243500000,2024-10-18,09:25:00,2711.008,2712.405,2710.998,2711.985,0.1744
1729243800000,2024-10-18,09:30:00,2711.995,2712.595,2711.225,2712.105,0.3029
1729244100000,2024-10-18,09:35:00,2712.105,2713.018,2710.965,2711.125,0.1727
1729244400000,2024-10-18,09:40:00,2711.105,2712.345,2710.135,2711.755,0.5202
1729244700000,2024-10-18,09:45:00,2711.755,2711.945,2710.975,2711.455,0.2814
1729245000000,2024-10-18,09:50:00,2711.468,2712.325,2711.185,2711.545,0.1021
1729245300000,2024-10-18,09:55:00,2711.585,2711.785,2710.545,2711.225,0.2389
1729245600000,2024-10-18,10:00:00,2711.258,2712.365,2710.908,2712.265,0.183
1729245900000,2024-10-18,10:05:00,2712.265,2712.498,2711.635,2712.055,0.128
1729246200000,2024-10-18,10:10:00,2712.155,2712.634,2711.795,2712.055,0.2314
1729246500000,2024-10-18,10:15:00,2712.045,2712.935,2711.968,2712.735,0.1821
1729246800000,2024-10-18,10:20:00,2712.735,2712.855,2711.828,2711.828,0.0818
1729247100000,2024-10-18,10:25:00,2711.828,2712.275,2711.775,2711.855,0.0947
1729247400000,2024-10-18,10:30:00,2711.855,2712.025,2708.628,2709.025,0.2563
1729247700000,2024-10-18,10:35:00,2709.025,2709.635,2707.838,2709.545,0.2778
1729248000000,2024-10-18,10:40:00,2709.615,2711.295,2709.555,2710.515,0.1417
1729248300000,2024-10-18,10:45:00,2710.595,2711.045,2709.548,2710.545,0.0502
1729248600000,2024-10-18,10:50:00,2710.555,2712.115,2710.555,2711.345,0.0468
1729248900000,2024-10-18,10:55:00,2711.435,2713.085,2711.435,2712.405,0.1323
1729249200000,2024-10-18,11:00:00,2712.434,2712.765,2711.575,2711.655,0.0878
1729249500000,2024-10-18,11:05:00,2711.615,2712.815,2709.855,2711.005,0.1926
1729249800000,2024-10-18,11:10:00,2710.985,2712.958,2710.875,2712.105,0.3328
1729250100000,2024-10-18,11:15:00,2712.135,2712.975,2711.225,2711.475,0.2763
1729250400000,2024-10-18,11:20:00,2711.485,2711.798,2710.915,2711.565,0.0738
1729250700000,2024-10-18,11:25:00,2711.545,2711.628,2708.635,2708.635,0.125
1729251000000,2024-10-18,11:30:00,2708.675,2710.545,2708,2710.245,0.4977
1729251300000,2024-10-18,11:35:00,2710.235,2711.005,2708.535,2709.355,0.5323
1729251600000,2024-10-18,11:40:00,2709.345,2710.835,2709.065,2709.935,0.4038
1729251900000,2024-10-18,11:45:00,2709.895,2710.325,2709.445,2710.035,0.4925
1729252200000,2024-10-18,11:50:00,2709.975,2710.515,2708.424,2708.954,0.5401
1729252500000,2024-10-18,11:55:00,2708.975,2709.988,2708.515,2709.705,0.2129
1729252800000,2024-10-18,12:00:00,2709.705,2711.008,2709.705,2710.535,0.2286
1729253100000,2024-10-18,12:05:00,2710.505,2711.025,2710.265,2710.915,0.1738
1729253400000,2024-10-18,12:10:00,2710.905,2712.198,2710.795,2711.864,0.4086
1729253700000,2024-10-18,12:15:00,2711.858,2712.214,2710.848,2712.108,0.3359
1729254000000,2024-10-18,12:20:00,2712.175,2713.358,2711.425,2712.914,0.3283
1729254300000,2024-10-18,12:25:00,2712.938,2714.318,2711.638,2714.138,0.2333
1729254600000,2024-10-18,12:30:00,2714.035,2716.618,2714.035,2716.238,0.4353
1729254900000,2024-10-18,12:35:00,2716.238,2716.945,2714.628,2715.324,0.54
1729255200000,2024-10-18,12:40:00,2715.324,2715.508,2713.565,2714.364,0.3842
1729255500000,2024-10-18,12:45:00,2714.358,2714.484,2712.228,2712.328,0.3808
1729255800000,2024-10-18,12:50:00,2712.358,2712.975,2710.838,2711.108,0.3886
1729256100000,2024-10-18,12:55:00,2711.118,2711.128,2709.185,2709.478,0.5117
1729256400000,2024-10-18,13:00:00,2709.414,2711.764,2708.274,2708.644,0.8439
1729256700000,2024-10-18,13:05:00,2708.688,2708.874,2705.908,2706.985,0.712
1729257000000,2024-10-18,13:10:00,2706.985,2707.925,2705.214,2705.674,0.5668
1729257300000,2024-10-18,13:15:00,2705.694,2707.875,2704.905,2706.795,0.8414
1729257600000,2024-10-18,13:20:00,2706.795,2708.745,2704.815,2708.495,0.8075
1729257900000,2024-10-18,13:25:00,2708.425,2709.288,2705.374,2706.515,0.7546
1729258200000,2024-10-18,13:30:00,2706.515,2707.995,2705.184,2707.215,0.924
1729258500000,2024-10-18,13:35:00,2707.215,2710.255,2707.044,2710.115,0.646
1729258800000,2024-10-18,13:40:00,2710.125,2712.798,2709.565,2712.405,0.4331
1729259100000,2024-10-18,13:45:00,2712.405,2714.408,2711.158,2713.825,0.6146
1729259400000,2024-10-18,13:50:00,2713.825,2714.915,2712.528,2714.545,0.4603
1729259700000,2024-10-18,13:55:00,2714.545,2715.565,2713.568,2713.568,0.5238
1729260000000,2024-10-18,14:00:00,2713.535,2714.215,2712.014,2713.925,0.6094
1729260300000,2024-10-18,14:05:00,2713.995,2715.725,2713.365,2715.005,0.3165
1729260600000,2024-10-18,14:10:00,2714.975,2715.915,2713.495,2715.175,0.4293
1729260900000,2024-10-18,14:15:00,2715.188,2717.688,2714.838,2716.628,0.4868
1729261200000,2024-10-18,14:20:00,2716.718,2718.478,2715.598,2717.535,0.7262
1729261500000,2024-10-18,14:25:00,2717.535,2718.894,2716.525,2716.895,0.3398
1729261800000,2024-10-18,14:30:00,2716.895,2718.985,2716.015,2718.305,0.3264
1729262100000,2024-10-18,14:35:00,2718.305,2719.398,2717.755,2718.524,0.4084
1729262400000,2024-10-18,14:40:00,2718.524,2720.005,2717.958,2718.785,0.1845
1729262700000,2024-10-18,14:45:00,2718.778,2719.124,2716.165,2716.165,0.3611
1729263000000,2024-10-18,14:50:00,2716.165,2717.658,2715.274,2717.538,0.4099
1729263300000,2024-10-18,14:55:00,2717.534,2717.824,2716.028,2717.244,0.6704
1729263600000,2024-10-18,15:00:00,2717.264,2717.388,2714.035,2715.345,0.3686
1729263900000,2024-10-18,15:05:00,2715.345,2718.085,2715.135,2718.008,0.3023
1729264200000,2024-10-18,15:10:00,2718.048,2719.075,2717.828,2718.165,0.2844
1729264500000,2024-10-18,15:15:00,2718.165,2718.395,2717.275,2717.468,0.1497
1729264800000,2024-10-18,15:20:00,2717.485,2717.778,2715.845,2716.128,0.3824
1729265100000,2024-10-18,15:25:00,2716.118,2717.615,2715.445,2717.455,0.1643
1729265400000,2024-10-18,15:30:00,2717.445,2718.315,2715.175,2715.505,0.2367
1729265700000,2024-10-18,15:35:00,2715.514,2717.175,2713.608,2714.195,0.2152
1729266000000,2024-10-18,15:40:00,2714.175,2714.705,2713.535,2714.405,0.1757
1729266300000,2024-10-18,15:45:00,2714.408,2716.485,2713.565,2716.245,0.1942
1729266600000,2024-10-18,15:50:00,2716.234,2716.578,2714.765,2714.915,0.1336
1729266900000,2024-10-18,15:55:00,2714.945,2715.315,2714.095,2714.708,0.0972
1729267200000,2024-10-18,16:00:00,2714.705,2716.295,2714.585,2716.095,0.1101
1729267500000,2024-10-18,16:05:00,2716.095,2718.178,2715.875,2717.925,0.2419
1729267800000,2024-10-18,16:10:00,2717.905,2718.888,2715.858,2715.918,0.1687
1729268100000,2024-10-18,16:15:00,2715.854,2717.415,2715.505,2716.205,0.133
1729268400000,2024-10-18,16:20:00,2716.155,2717.195,2716.155,2716.985,0.0885
1729268700000,2024-10-18,16:25:00,2716.985,2717.615,2716.725,2717.285,0.0885
1729269000000,2024-10-18,16:30:00,2717.285,2717.675,2716.175,2716.325,0.0859
1729269300000,2024-10-18,16:35:00,2716.345,2716.815,2714.965,2715.215,0.1182
1729269600000,2024-10-18,16:40:00,2715.275,2716.698,2714.935,2716.285,0.1199
1729269900000,2024-10-18,16:45:00,2716.288,2717.485,2715.975,2717.355,0.101
1729270200000,2024-10-18,16:50:00,2717.325,2717.475,2716.215,2717.195,0.1281
1729270500000,2024-10-18,16:55:00,2717.205,2718.185,2717.205,2717.495,0.1065
1729270800000,2024-10-18,17:00:00,2717.508,2718.588,2717.335,2718.475,0.1178
1729271100000,2024-10-18,17:05:00,2718.478,2719.195,2718.055,2718.768,0.1338
1729271400000,2024-10-18,17:10:00,2718.795,2719.855,2718.118,2718.138,0.1812
1729271700000,2024-10-18,17:15:00,2718.138,2719.115,2717,2717.454,0.2229
1729272000000,2024-10-18,17:20:00,2717.448,2717.748,2715.245,2715.328,0.2159
1729272300000,2024-10-18,17:25:00,2715.328,2715.328,2713.418,2714.825,0.2837
1729272600000,2024-10-18,17:30:00,2714.765,2715.525,2713.964,2714.868,0.2466
1729272900000,2024-10-18,17:35:00,2714.778,2714.988,2714.265,2714.648,0.232
1729273200000,2024-10-18,17:40:00,2714.644,2715.438,2714.048,2715.305,0.1886
1729273500000,2024-10-18,17:45:00,2715.305,2716.848,2715.305,2716.468,0.1553
1729273800000,2024-10-18,17:50:00,2716.488,2716.578,2715.448,2715.578,0.188
1729274100000,2024-10-18,17:55:00,2715.548,2716.085,2715.128,2715.728,0.1908
1729274400000,2024-10-18,18:00:00,2715.808,2716.795,2715.395,2716.528,0.1261
1729274700000,2024-10-18,18:05:00,2716.515,2716.985,2716.024,2716.288,0.1754
1729275000000,2024-10-18,18:10:00,2716.325,2716.984,2716.275,2716.885,0.1963
1729275300000,2024-10-18,18:15:00,2716.885,2717.998,2716.675,2717.798,0.1878
1729275600000,2024-10-18,18:20:00,2717.798,2718.388,2717.185,2717.838,0.199
1729275900000,2024-10-18,18:25:00,2717.825,2718.598,2717.385,2717.775,0.1351
1729276200000,2024-10-18,18:30:00,2717.778,2718.544,2717.414,2718.358,0.1492
1729276500000,2024-10-18,18:35:00,2718.338,2719.204,2717.988,2719.204,0.2241
1729276800000,2024-10-18,18:40:00,2719.144,2719.544,2718.458,2719.148,0.2088
1729277100000,2024-10-18,18:45:00,2719.148,2720.478,2719.058,2720.078,0.2086
1729277400000,2024-10-18,18:50:00,2720.025,2720.818,2719.305,2720.668,0.1734
1729277700000,2024-10-18,18:55:00,2720.635,2721.178,2719.948,2720.128,0.2142
1729278000000,2024-10-18,19:00:00,2720.195,2720.258,2717.945,2720.025,0.1377
1729278300000,2024-10-18,19:05:00,2719.995,2720.365,2719.535,2719.648,0.0741
1729278600000,2024-10-18,19:10:00,2719.638,2719.638,2718.345,2718.645,0.0662
1729278900000,2024-10-18,19:15:00,2718.645,2719.835,2718.125,2719.785,0.0883
1729279200000,2024-10-18,19:20:00,2719.705,2719.765,2719.145,2719.545,0.1
1729279500000,2024-10-18,19:25:00,2719.545,2720.255,2719.475,2719.955,0.0906
1729279800000,2024-10-18,19:30:00,2719.965,2720.405,2719.305,2719.498,0.104
1729280100000,2024-10-18,19:35:00,2719.498,2719.658,2718.168,2719.135,0.1147
1729280400000,2024-10-18,19:40:00,2719.155,2719.838,2718.365,2719.775,0.1256
1729280700000,2024-10-18,19:45:00,2719.795,2720.218,2718.485,2718.838,0.1491
1729281000000,2024-10-18,19:50:00,2718.855,2719.458,2718.578,2718.888,0.1602
1729281300000,2024-10-18,19:55:00,2718.878,2719.685,2718.278,2719.548,0.2461
1729281600000,2024-10-18,20:00:00,2719.564,2720.088,2719.075,2720.038,0.131
1729281900000,2024-10-18,20:05:00,2720.058,2720.538,2720.015,2720.275,0.0875
1729282200000,2024-10-18,20:10:00,2720.268,2721.648,2720.248,2721.418,0.0718
1729282500000,2024-10-18,20:15:00,2721.385,2721.935,2721.205,2721.538,0.0865
1729282800000,2024-10-18,20:20:00,2721.505,2721.858,2721.398,2721.445,0.0799
1729283100000,2024-10-18,20:25:00,2721.435,2721.808,2721.435,2721.588,0.0618
1729283400000,2024-10-18,20:30:00,2721.558,2721.558,2720.688,2720.745,0.0908
1729283700000,2024-10-18,20:35:00,2720.758,2721.338,2720.588,2721.148,0.0485
1729284000000,2024-10-18,20:40:00,2721.158,2721.288,2720.925,2721.288,0.0417
1729284300000,2024-10-18,20:45:00,2721.225,2721.745,2720.755,2721.408,0.08
1729284600000,2024-10-18,20:50:00,2721.388,2722.405,2721.048,2721.948,0.1046
1729284900000,2024-10-18,20:55:00,2721.945,2722.178,2721.105,2721.105,0.1025
1729461600000,2024-10-20,22:00:00,2720.098,2722.975,2719.448,2722.695,0.3099
1729461900000,2024-10-20,22:05:00,2722.815,2723.075,2720.098,2721.025,0.1738
1729462200000,2024-10-20,22:10:00,2721.015,2722.305,2720.825,2721.965,0.0918
1729462500000,2024-10-20,22:15:00,2721.945,2721.945,2721.295,2721.515,0.0215
1729462800000,2024-10-20,22:20:00,2721.575,2722.055,2721.225,2721.805,0.0201
1729463100000,2024-10-20,22:25:00,2721.715,2722.295,2721.685,2722.165,0.0217
1729463400000,2024-10-20,22:30:00,2722.165,2722.185,2721.305,2721.595,0.0179
1729463700000,2024-10-20,22:35:00,2721.575,2721.985,2720.975,2720.975,0.0278
1729464000000,2024-10-20,22:40:00,2721.015,2721.585,2720.885,2721.305,0.0218
1729464300000,2024-10-20,22:45:00,2721.355,2722.095,2721.205,2721.995,0.0095
1729464600000,2024-10-20,22:50:00,2722.085,2723.615,2721.995,2723.105,0.029
1729464900000,2024-10-20,22:55:00,2723.135,2723.655,2722.875,2723.425,0.072
1729465200000,2024-10-20,23:00:00,2723.448,2724.335,2722.935,2723.808,0.1611
1729465500000,2024-10-20,23:05:00,2723.828,2724.175,2723.515,2723.565,0.1128
1729465800000,2024-10-20,23:10:00,2723.575,2723.955,2723.225,2723.845,0.0253
1729466100000,2024-10-20,23:15:00,2723.845,2724.045,2723.325,2723.405,0.0228
1729466400000,2024-10-20,23:20:00,2723.375,2723.605,2723.085,2723.185,0.0232
1729466700000,2024-10-20,23:25:00,2723.175,2723.645,2722.405,2723.135,0.0455
1729467000000,2024-10-20,23:30:00,2723.185,2723.725,2722.575,2723.205,0.0591
1729467300000,2024-10-20,23:35:00,2723.205,2724.195,2723.205,2724.065,0.0481
1729467600000,2024-10-20,23:40:00,2724.065,2724.915,2723.305,2724.325,0.1135
1729467900000,2024-10-20,23:45:00,2724.235,2724.415,2722.478,2722.478,0.2465
1729468200000,2024-10-20,23:50:00,2722.528,2723.355,2722.218,2723.225,0.1679
1729468500000,2024-10-20,23:55:00,2723.335,2723.728,2723.155,2723.315,0.1512
1729468800000,2024-10-21,00:00:00,2723.395,2723.608,2722.715,2723.135,0.179
1729469100000,2024-10-21,00:05:00,2723.155,2724.285,2723.065,2723.125,0.161
1729469400000,2024-10-21,00:10:00,2723.345,2723.345,2722.158,2722.444,0.1532
1729469700000,2024-10-21,00:15:00,2722.454,2723.025,2722.065,2722.325,0.0876
1729470000000,2024-10-21,00:20:00,2722.325,2723.745,2721.645,2723.745,0.1449
1729470300000,2024-10-21,00:25:00,2723.785,2724.135,2722.555,2722.885,0.1432
1729470600000,2024-10-21,00:30:00,2722.945,2725.055,2722.945,2724.605,0.3295
1729470900000,2024-10-21,00:35:00,2724.575,2725.735,2723.515,2723.675,0.1498
1729471200000,2024-10-21,00:40:00,2723.635,2723.805,2723.195,2723.195,0.0559
1729471500000,2024-10-21,00:45:00,2723.095,2724.168,2722.275,2722.755,0.2498
1729471800000,2024-10-21,00:50:00,2722.715,2723.065,2721.585,2721.758,0.2076
1729472100000,2024-10-21,00:55:00,2721.724,2722.265,2721.315,2721.518,0.2792
1729472400000,2024-10-21,01:00:00,2721.545,2724.248,2720.908,2724.158,0.631
1729472700000,2024-10-21,01:05:00,2724.144,2726.585,2723.648,2725.545,0.5809
1729473000000,2024-10-21,01:10:00,2725.535,2728.685,2724.905,2728.195,0.1947
1729473300000,2024-10-21,01:15:00,2728.105,2728.685,2726.945,2727.575,0.4863
1729473600000,2024-10-21,01:20:00,2727.635,2728.585,2725.615,2726.415,0.2048
1729473900000,2024-10-21,01:25:00,2726.435,2728.085,2726.045,2727.165,0.203
1729474200000,2024-10-21,01:30:00,2727.165,2727.345,2725.425,2726.435,0.5401
1729474500000,2024-10-21,01:35:00,2726.435,2728.765,2726.435,2728.595,0.3349
1729474800000,2024-10-21,01:40:00,2728.615,2728.794,2727.515,2727.735,0.3008
1729475100000,2024-10-21,01:45:00,2727.755,2728.955,2727.085,2727.785,0.164
1729475400000,2024-10-21,01:50:00,2727.755,2729.075,2727.045,2727.454,0.3562
1729475700000,2024-10-21,01:55:00,2727.445,2727.644,2725.635,2726.228,0.4064
1729476000000,2024-10-21,02:00:00,2726.218,2728.295,2726.018,2728.274,0.3355
1729476300000,2024-10-21,02:05:00,2728.285,2728.548,2727.475,2727.658,0.2358
1729476600000,2024-10-21,02:10:00,2727.655,2727.655,2724.634,2725.685,0.5433
1729476900000,2024-10-21,02:15:00,2725.674,2726.485,2725.235,2726.375,0.2394
1729477200000,2024-10-21,02:20:00,2726.405,2729.045,2726.405,2728.105,0.0985
1729477500000,2024-10-21,02:25:00,2728.105,2729.725,2728.105,2729.145,0.1128
1729477800000,2024-10-21,02:30:00,2729.135,2729.715,2727.005,2727.205,0.5442
1729478100000,2024-10-21,02:35:00,2727.135,2728.505,2726.835,2727.475,0.4875
1729478400000,2024-10-21,02:40:00,2727.475,2727.985,2726.645,2726.815,0.5256
1729478700000,2024-10-21,02:45:00,2726.835,2727.385,2726.115,2727.265,0.4698
1729479000000,2024-10-21,02:50:00,2727.265,2729.835,2727.265,2729.415,0.4237
1729479300000,2024-10-21,02:55:00,2729.405,2731.255,2729.245,2730.575,0.543
1729479600000,2024-10-21,03:00:00,2730.575,2731.805,2730.465,2730.895,0.3281
1729479900000,2024-10-21,03:05:00,2730.885,2731.915,2729.925,2730.715,0.3229
1729480200000,2024-10-21,03:10:00,2730.725,2731.335,2730.038,2730.198,0.1833
1729480500000,2024-10-21,03:15:00,2730.178,2730.208,2729.168,2729.925,0.1612
1729480800000,2024-10-21,03:20:00,2729.925,2730.865,2729.815,2730.835,0.1208
1729481100000,2024-10-21,03:25:00,2730.895,2732.225,2730.735,2732.075,0.3083
1729481400000,2024-10-21,03:30:00,2732.015,2732.175,2731.655,2731.945,0.2065
1729481700000,2024-10-21,03:35:00,2731.935,2732.675,2731.475,2732.365,0.1652
1729482000000,2024-10-21,03:40:00,2732.325,2732.435,2731.158,2731.274,0.2013
1729482300000,2024-10-21,03:45:00,2731.265,2732.145,2730.405,2731.825,0.2555
1729482600000,2024-10-21,03:50:00,2731.848,2731.875,2731.078,2731.625,0.0455
1729482900000,2024-10-21,03:55:00,2731.625,2731.835,2731.315,2731.425,0.028
1729483200000,2024-10-21,04:00:00,2731.385,2731.825,2731.095,2731.165,0.0269
1729483500000,2024-10-21,04:05:00,2731.165,2731.165,2730.335,2730.595,0.0367
1729483800000,2024-10-21,04:10:00,2730.565,2730.828,2730.425,2730.765,0.0209
1729484100000,2024-10-21,04:15:00,2730.755,2730.775,2729.904,2729.944,0.0906
1729484400000,2024-10-21,04:20:00,2729.935,2730.568,2729.585,2730.245,0.0937
1729484700000,2024-10-21,04:25:00,2730.255,2730.255,2729.458,2729.515,0.0348
1729485000000,2024-10-21,04:30:00,2729.544,2730.995,2729.415,2730.725,0.0619
1729485300000,2024-10-21,04:35:00,2730.745,2730.745,2730.035,2730.385,0.0502
1729485600000,2024-10-21,04:40:00,2730.235,2730.345,2729.795,2730.155,0.083
1729485900000,2024-10-21,04:45:00,2730.155,2730.325,2730.065,2730.065,0.0753
1729486200000,2024-10-21,04:50:00,2730.045,2730.094,2729.605,2729.895,0.175
1729486500000,2024-10-21,04:55:00,2729.895,2730.555,2729.805,2730.244,0.1827
1729486800000,2024-10-21,05:00:00,2730.235,2730.265,2729.215,2729.875,0.1349
1729487100000,2024-10-21,05:05:00,2729.905,2730.115,2728.475,2728.815,0.1511
1729487400000,2024-10-21,05:10:00,2728.815,2729.855,2727.725,2728.675,0.2746
1729487700000,2024-10-21,05:15:00,2728.674,2728.885,2727.184,2727.745,0.184
1729488000000,2024-10-21,05:20:00,2727.855,2728.775,2727.375,2728.425,0.2736
1729488300000,2024-10-21,05:25:00,2728.425,2728.485,2727.075,2727.515,0.261
1729488600000,2024-10-21,05:30:00,2727.505,2727.505,2726.095,2726.105,0.4597
1729488900000,2024-10-21,05:35:00,2726.128,2727.435,2725.695,2725.928,0.3747
1729489200000,2024-10-21,05:40:00,2725.934,2727.335,2725.825,2727.198,0.2873
1729489500000,2024-10-21,05:45:00,2727.155,2727.975,2726.348,2726.515,0.3949
1729489800000,2024-10-21,05:50:00,2726.504,2726.535,2725.175,2725.448,0.3345
1729490100000,2024-10-21,05:55:00,2725.508,2725.598,2724.345,2724.768,0.4956
1729490400000,2024-10-21,06:00:00,2724.738,2725.955,2723.655,2724.585,0.5597
1729490700000,2024-10-21,06:05:00,2724.588,2724.735,2723.475,2723.765,0.3579
1729491000000,2024-10-21,06:10:00,2723.845,2724.305,2723.465,2723.955,0.4259
1729491300000,2024-10-21,06:15:00,2724.015,2726.515,2723.685,2726.175,0.4193
1729491600000,2024-10-21,06:20:00,2726.175,2727.485,2725.955,2727.035,0.2722
1729491900000,2024-10-21,06:25:00,2726.995,2727.555,2725.875,2727.255,0.3359
1729492200000,2024-10-21,06:30:00,2727.255,2727.885,2726.325,2727.055,0.2276
1729492500000,2024-10-21,06:35:00,2727.105,2727.495,2726.285,2727.175,0.153
1729492800000,2024-10-21,06:40:00,2727.265,2727.535,2726.485,2727.385,0.1875
1729493100000,2024-10-21,06:45:00,2727.405,2729.465,2727.115,2729.225,0.3122
1729493400000,2024-10-21,06:50:00,2729.195,2730.105,2728.575,2729.805,0.5815
1729493700000,2024-10-21,06:55:00,2729.805,2730.498,2729.385,2730.185,0.3829
1729494000000,2024-10-21,07:00:00,2730.185,2731.248,2729.975,2731.135,0.2541
1729494300000,2024-10-21,07:05:00,2731.135,2732.348,2731.135,2731.655,0.2238
1729494600000,2024-10-21,07:10:00,2731.605,2732.205,2730.415,2730.835,0.2186
1729494900000,2024-10-21,07:15:00,2730.855,2731.555,2730.225,2730.805,0.1803
1729495200000,2024-10-21,07:20:00,2730.805,2730.838,2728.045,2728.525,0.219
1729495500000,2024-10-21,07:25:00,2728.545,2728.615,2726.545,2727.218,0.3289
1729495800000,2024-10-21,07:30:00,2727.208,2727.208,2725.725,2726.365,0.4223
1729496100000,2024-10-21,07:35:00,2726.345,2726.595,2725.435,2726.125,0.3655
1729496400000,2024-10-21,07:40:00,2726.185,2726.988,2725.205,2726.515,0.4556
1729496700000,2024-10-21,07:45:00,2726.575,2728.045,2726.335,2727.045,0.2854
1729497000000,2024-10-21,07:50:00,2727.048,2729.025,2727.005,2729.025,0.3016
1729497300000,2024-10-21,07:55:00,2729.015,2730.364,2728.608,2730.258,0.3859
1729497600000,2024-10-21,08:00:00,2730.275,2730.725,2729.315,2729.475,0.1826
1729497900000,2024-10-21,08:05:00,2729.495,2730.375,2729.395,2729.425,0.1246
1729498200000,2024-10-21,08:10:00,2729.505,2731.825,2729.345,2731.445,0.1796
1729498500000,2024-10-21,08:15:00,2731.418,2732.335,2731.018,2731.805,0.1586
1729498800000,2024-10-21,08:20:00,2731.805,2732.945,2731.125,2731.485,0.1293
1729499100000,2024-10-21,08:25:00,2731.475,2732.968,2731.475,2732.525,0.1466
1729499400000,2024-10-21,08:30:00,2732.525,2732.958,2731.375,2731.745,0.1877
1729499700000,2024-10-21,08:35:00,2731.675,2732.945,2731.485,2732.775,0.1433
1729500000000,2024-10-21,08:40:00,2732.745,2732.998,2731.675,2732.135,0.1384
1729500300000,2024-10-21,08:45:00,2732.145,2732.245,2730.565,2730.645,0.2884
1729500600000,2024-10-21,08:50:00,2730.635,2732.075,2730.475,2731.405,0.464
1729500900000,2024-10-21,08:55:00,2731.385,2732.065,2730.515,2731.295,0.2673
1729501200000,2024-10-21,09:00:00,2731.295,2732.015,2731.045,2731.405,0.2001
1729501500000,2024-10-21,09:05:00,2731.375,2733.685,2730.625,2733.335,0.4475
1729501800000,2024-10-21,09:10:00,2733.355,2734.118,2733.045,2733.965,0.331
1729502100000,2024-10-21,09:15:00,2733.965,2735.025,2733.695,2734.865,0.2438
1729502400000,2024-10-21,09:20:00,2734.865,2735.985,2733.475,2734.425,0.1395
1729502700000,2024-10-21,09:25:00,2734.425,2736.125,2734.285,2735.325,0.1633
1729503000000,2024-10-21,09:30:00,2735.335,2735.515,2733.795,2734.524,0.2486
1729503300000,2024-10-21,09:35:00,2734.534,2735.865,2734.028,2735.755,0.2471
1729503600000,2024-10-21,09:40:00,2735.755,2736.765,2735.595,2736.018,0.1259
1729503900000,2024-10-21,09:45:00,2736.048,2736.775,2734.708,2735.008,0.1849
1729504200000,2024-10-21,09:50:00,2734.984,2735.605,2734.515,2735.225,0.1974
1729504500000,2024-10-21,09:55:00,2735.245,2735.868,2734.264,2734.405,0.1558
1729504800000,2024-10-21,10:00:00,2734.445,2734.825,2732.505,2732.545,0.2451
1729505100000,2024-10-21,10:05:00,2732.504,2732.848,2731.655,2731.665,0.4324
1729505400000,2024-10-21,10:10:00,2731.665,2733.265,2730.438,2730.738,0.4673
1729505700000,2024-10-21,10:15:00,2730.738,2731.094,2729.325,2730.445,0.2933
1729506000000,2024-10-21,10:20:00,2730.465,2730.865,2728.525,2729.515,0.3856
1729506300000,2024-10-21,10:25:00,2729.524,2729.705,2728.028,2728.625,0.2716
1729506600000,2024-10-21,10:30:00,2728.638,2728.795,2727.628,2728.005,0.1464
1729506900000,2024-10-21,10:35:00,2728.075,2730.625,2727.955,2729.454,0.2652
1729507200000,2024-10-21,10:40:00,2729.488,2730.434,2729.368,2729.395,0.3592
1729507500000,2024-10-21,10:45:00,2729.398,2731.545,2728.905,2731.475,0.4661
1729507800000,2024-10-21,10:50:00,2731.475,2732.308,2731.215,2732.015,0.33
1729508100000,2024-10-21,10:55:00,2732.035,2733.255,2731.795,2733.215,0.3016
1729508400000,2024-10-21,11:00:00,2733.215,2734.478,2732.985,2734.375,0.2188
1729508700000,2024-10-21,11:05:00,2734.425,2735.455,2734.005,2735.455,0.149
1729509000000,2024-10-21,11:10:00,2735.504,2735.775,2734.755,2735.315,0.4522
1729509300000,2024-10-21,11:15:00,2735.245,2735.908,2733.795,2735.595,0.2871
1729509600000,2024-10-21,11:20:00,2735.515,2736.655,2734.985,2735.095,0.2772
1729509900000,2024-10-21,11:25:00,2735.125,2736.688,2734.915,2736.205,0.1207
1729510200000,2024-10-21,11:30:00,2736.255,2737.725,2735.785,2736.535,0.2772
1729510500000,2024-10-21,11:35:00,2736.535,2737.645,2736.135,2736.465,0.1735
1729510800000,2024-10-21,11:40:00,2736.465,2737.755,2735.785,2737.605,0.2049
1729511100000,2024-10-21,11:45:00,2737.575,2737.938,2736.175,2736.355,0.2394
1729511400000,2024-10-21,11:50:00,2736.345,2736.445,2734.624,2735.034,0.3453
1729511700000,2024-10-21,11:55:00,2735.044,2735.155,2734.245,2734.368,0.2364
1729512000000,2024-10-21,12:00:00,2734.335,2735.198,2733.115,2733.315,0.253
1729512300000,2024-10-21,12:05:00,2733.345,2733.705,2732.625,2733.495,0.5013
1729512600000,2024-10-21,12:10:00,2733.474,2734.985,2733.235,2734.475,0.4157
1729512900000,2024-10-21,12:15:00,2734.555,2736.275,2734.555,2736.125,0.2147
1729513200000,2024-10-21,12:20:00,2736.135,2738.045,2734.735,2737.205,0.2155
1729513500000,2024-10-21,12:25:00,2737.185,2738.545,2736.685,2738.435,0.3826
1729513800000,2024-10-21,12:30:00,2738.445,2738.845,2737.105,2737.714,0.4932
1729514100000,2024-10-21,12:35:00,2737.708,2739.208,2736.825,2737.544,0.4105
1729514400000,2024-10-21,12:40:00,2737.585,2739.415,2736.925,2738.255,0.5176
1729514700000,2024-10-21,12:45:00,2738.215,2739.625,2737.128,2738.118,0.3546
1729515000000,2024-10-21,12:50:00,2738.098,2739.248,2737.035,2737.655,0.3432
1729515300000,2024-10-21,12:55:00,2737.665,2738.925,2736.355,2738.475,0.3085
1729515600000,2024-10-21,13:00:00,2738.485,2740.105,2735.245,2737.655,0.4342
1729515900000,2024-10-21,13:05:00,2737.635,2739.255,2736.165,2739.095,0.1346
1729516200000,2024-10-21,13:10:00,2738.995,2740.065,2736.404,2737.175,0.3594
1729516500000,2024-10-21,13:15:00,2737.178,2738.295,2736.384,2737.915,0.1589
1729516800000,2024-10-21,13:20:00,2737.855,2738.535,2736.045,2736.545,0.3527
1729517100000,2024-10-21,13:25:00,2736.545,2737.505,2735.225,2735.925,0.3354
1729517400000,2024-10-21,13:30:00,2736.125,2738.035,2733.575,2738.035,0.6646
1729517700000,2024-10-21,13:35:00,2738.025,2739.665,2737.945,2738.525,0.8962
1729518000000,2024-10-21,13:40:00,2738.525,2740.365,2736.438,2739.665,0.5634
1729518300000,2024-10-21,13:45:00,2739.688,2740.418,2737.425,2737.518,0.387
1729518600000,2024-10-21,13:50:00,2737.444,2739.895,2736.575,2739.475,0.7337
1729518900000,2024-10-21,13:55:00,2739.455,2739.965,2738.145,2738.894,0.4954
1729519200000,2024-10-21,14:00:00,2738.908,2739.295,2735.535,2737.278,0.3067
1729519500000,2024-10-21,14:05:00,2737.268,2738.704,2735.708,2737.085,0.3995
1729519800000,2024-10-21,14:10:00,2737.195,2738.405,2735.545,2736.965,0.4526
1729520100000,2024-10-21,14:15:00,2736.965,2738.575,2736.015,2738.285,0.2035
1729520400000,2024-10-21,14:20:00,2738.345,2739.305,2735.395,2736.108,0.3007
1729520700000,2024-10-21,14:25:00,2736.048,2736.335,2732.505,2733.085,0.602
1729521000000,2024-10-21,14:30:00,2733.244,2733.865,2730.885,2731.725,0.6381
1729521300000,2024-10-21,14:35:00,2731.755,2732.675,2728.275,2729.765,0.825
1729521600000,2024-10-21,14:40:00,2729.675,2730.825,2725.115,2727.465,0.6907
1729521900000,2024-10-21,14:45:00,2727.455,2727.455,2723.535,2723.625,0.4699
1729522200000,2024-10-21,14:50:00,2723.705,2727.005,2722.165,2724.995,0.4602
1729522500000,2024-10-21,14:55:00,2725.075,2726.895,2724.645,2725.168,0.4711
1729522800000,2024-10-21,15:00:00,2725.155,2727.035,2723.885,2725.955,0.6079
1729523100000,2024-10-21,15:05:00,2725.955,2725.955,2719.538,2720.115,0.5559
1729523400000,2024-10-21,15:10:00,2720.055,2722.445,2718.625,2720.495,0.7907
1729523700000,2024-10-21,15:15:00,2720.485,2721.975,2718.865,2719.625,0.3338
1729524000000,2024-10-21,15:20:00,2719.594,2720.285,2716.775,2719.875,0.3266
1729524300000,2024-10-21,15:25:00,2719.804,2721.915,2718.445,2721.855,0.1515
1729524600000,2024-10-21,15:30:00,2721.885,2723.945,2721.125,2723.755,0.2763
1729524900000,2024-10-21,15:35:00,2723.745,2724.005,2722.125,2723.745,0.2092
1729525200000,2024-10-21,15:40:00,2723.765,2723.795,2720.195,2721.205,0.1708
1729525500000,2024-10-21,15:45:00,2721.215,2723.268,2721.205,2722.885,0.1555
1729525800000,2024-10-21,15:50:00,2722.854,2723.385,2719.925,2720.255,0.2937
1729526100000,2024-10-21,15:55:00,2720.278,2721.875,2719.878,2720.018,0.1798
1729526400000,2024-10-21,16:00:00,2720.018,2722.095,2719.368,2720.565,0.1706
1729526700000,2024-10-21,16:05:00,2720.545,2723.205,2720.375,2722.525,0.1522
1729527000000,2024-10-21,16:10:00,2722.595,2723.235,2719.948,2720.115,0.179
1729527300000,2024-10-21,16:15:00,2720.168,2721.435,2719.378,2720.705,0.3795
1729527600000,2024-10-21,16:20:00,2720.728,2720.728,2718.415,2719.428,0.3656
1729527900000,2024-10-21,16:25:00,2719.415,2720.118,2717.985,2719.845,0.2945
1729528200000,2024-10-21,16:30:00,2719.875,2722.205,2719.755,2721.985,0.3542
1729528500000,2024-10-21,16:35:00,2721.985,2722.888,2721.478,2721.658,0.1597
1729528800000,2024-10-21,16:40:00,2721.655,2722.415,2720.295,2721.745,0.105
1729529100000,2024-10-21,16:45:00,2721.745,2722.285,2721.345,2721.965,0.0724
1729529400000,2024-10-21,16:50:00,2721.965,2723.065,2721.905,2722.295,0.1261
1729529700000,2024-10-21,16:55:00,2722.265,2723.925,2722.265,2723.385,0.1242
1729530000000,2024-10-21,17:00:00,2723.405,2725.425,2723.405,2723.825,0.2521
1729530300000,2024-10-21,17:05:00,2723.825,2724.765,2723.555,2724.515,0.0657
1729530600000,2024-10-21,17:10:00,2724.568,2724.845,2723.548,2724.565,0.2069
1729530900000,2024-10-21,17:15:00,2724.598,2725.005,2723.524,2724.568,0.2979
1729531200000,2024-10-21,17:20:00,2724.568,2725.318,2724.305,2724.908,0.264
1729531500000,2024-10-21,17:25:00,2724.905,2725.465,2723.698,2724.065,0.2415
1729531800000,2024-10-21,17:30:00,2724.065,2724.335,2722.408,2722.695,0.1942
1729532100000,2024-10-21,17:35:00,2722.738,2723.735,2722.735,2723.575,0.1255
1729532400000,2024-10-21,17:40:00,2723.565,2723.748,2721.464,2721.995,0.2318
1729532700000,2024-10-21,17:45:00,2721.975,2722.995,2721.665,2722.385,0.2196
1729533000000,2024-10-21,17:50:00,2722.385,2722.818,2722.038,2722.388,0.2609
1729533300000,2024-10-21,17:55:00,2722.385,2723.038,2722.195,2722.695,0.2204
1729533600000,2024-10-21,18:00:00,2722.705,2723.005,2721.718,2721.728,0.1737
1729533900000,2024-10-21,18:05:00,2721.718,2721.718,2720.005,2720.458,0.2013
1729534200000,2024-10-21,18:10:00,2720.488,2720.838,2718.985,2719.275,0.1774
1729534500000,2024-10-21,18:15:00,2719.275,2720.208,2719.118,2720.175,0.1414
1729534800000,2024-10-21,18:20:00,2720.175,2720.698,2719.455,2720.325,0.1567
1729535100000,2024-10-21,18:25:00,2720.295,2720.898,2719.665,2719.968,0.1586
1729535400000,2024-10-21,18:30:00,2719.965,2720.358,2719.905,2719.968,0.148
1729535700000,2024-10-21,18:35:00,2720.008,2720.138,2718.805,2719.248,0.1575
1729536000000,2024-10-21,18:40:00,2719.245,2719.518,2718.158,2718.305,0.1297
1729536300000,2024-10-21,18:45:00,2718.318,2719.265,2718.105,2718.735,0.192
1729536600000,2024-10-21,18:50:00,2718.735,2719.105,2717.728,2717.898,0.232
1729536900000,2024-10-21,18:55:00,2717.928,2717.928,2715.195,2716.255,0.4015
1729537200000,2024-10-21,19:00:00,2716.155,2716.525,2714.534,2716.105,0.4794
1729537500000,2024-10-21,19:05:00,2716.095,2717.275,2714.285,2714.475,0.5161
1729537800000,2024-10-21,19:10:00,2714.465,2716.995,2714.165,2716.705,0.5218
1729538100000,2024-10-21,19:15:00,2716.765,2718.065,2716.405,2717.465,0.4157
1729538400000,2024-10-21,19:20:00,2717.445,2717.935,2716.195,2717.735,0.4071
1729538700000,2024-10-21,19:25:00,2717.735,2720.365,2717.735,2720.085,0.3853
1729539000000,2024-10-21,19:30:00,2719.968,2720.895,2719.285,2720.165,0.3069
1729539300000,2024-10-21,19:35:00,2720.165,2720.885,2718.138,2718.598,0.1608
1729539600000,2024-10-21,19:40:00,2718.598,2719.748,2718.598,2718.648,0.1477
1729539900000,2024-10-21,19:45:00,2718.548,2720.298,2718.434,2720.175,0.2585
1729540200000,2024-10-21,19:50:00,2720.125,2720.928,2719.948,2720.588,0.2378
1729540500000,2024-10-21,19:55:00,2720.588,2720.738,2719.194,2719.764,0.278
1729540800000,2024-10-21,20:00:00,2719.775,2720.015,2719.215,2719.378,0.1266
1729541100000,2024-10-21,20:05:00,2719.204,2719.775,2718.895,2719.715,0.0606
1729541400000,2024-10-21,20:10:00,2719.715,2720.855,2719.088,2720.295,0.0588
1729541700000,2024-10-21,20:15:00,2720.275,2720.378,2719.588,2719.618,0.0682
1729542000000,2024-10-21,20:20:00,2719.638,2720.065,2719.525,2719.838,0.0488
1729542300000,2024-10-21,20:25:00,2719.905,2719.928,2718.728,2719.008,0.0573
1729542600000,2024-10-21,20:30:00,2718.975,2719.508,2718.828,2719.308,0.0789
1729542900000,2024-10-21,20:35:00,2719.308,2719.508,2719.135,2719.288,0.0448
1729543200000,2024-10-21,20:40:00,2719.288,2719.358,2718.805,2718.938,0.0337
1729543500000,2024-10-21,20:45:00,2718.865,2719.528,2718.695,2719.518,0.0665
1729543800000,2024-10-21,20:50:00,2719.518,2719.678,2719.255,2719.348,0.0569
1729544100000,2024-10-21,20:55:00,2719.305,2719.765,2718.778,2719.124,0.0632
1729548000000,2024-10-21,22:00:00,2720.054,2720.075,2718.798,2719.065,0.0933
1729548300000,2024-10-21,22:05:00,2719.055,2719.575,2718.865,2719.155,0.0385
1729548600000,2024-10-21,22:10:00,2719.255,2719.355,2719.065,2719.245,0.0134
1729548900000,2024-10-21,22:15:00,2719.235,2719.724,2719.015,2719.545,0.0197
1729549200000,2024-10-21,22:20:00,2719.555,2720.005,2719.545,2719.764,0.0406
1729549500000,2024-10-21,22:25:00,2719.655,2720.175,2719.655,2720.175,0.0267
1729549800000,2024-10-21,22:30:00,2720.195,2720.405,2719.715,2719.815,0.0429
1729550100000,2024-10-21,22:35:00,2719.745,2719.815,2719.315,2719.525,0.0239
1729550400000,2024-10-21,22:40:00,2719.665,2720.075,2719.525,2720.075,0.0337
1729550700000,2024-10-21,22:45:00,2720.055,2721.535,2719.975,2720.555,0.0507
1729551000000,2024-10-21,22:50:00,2720.565,2721.225,2720.475,2721.155,0.0259
1729551300000,2024-10-21,22:55:00,2721.155,2721.175,2720.508,2720.508,0.0225
1729551600000,2024-10-21,23:00:00,2720.455,2720.635,2720.255,2720.255,0.0408
1729551900000,2024-10-21,23:05:00,2720.198,2720.735,2720.188,2720.625,0.0309
1729552200000,2024-10-21,23:10:00,2720.595,2721.414,2720.595,2721.165,0.0238
1729552500000,2024-10-21,23:15:00,2721.185,2721.545,2721.065,2721.335,0.0305
1729552800000,2024-10-21,23:20:00,2721.305,2721.575,2721.025,2721.055,0.0256
1729553100000,2024-10-21,23:25:00,2721.024,2722.485,2720.945,2721.885,0.0907
1729553400000,2024-10-21,23:30:00,2721.865,2722.165,2721.695,2721.745,0.028
1729553700000,2024-10-21,23:35:00,2721.745,2721.795,2721.125,2721.775,0.0984
1729554000000,2024-10-21,23:40:00,2721.755,2722.025,2721.205,2721.205,0.0222
1729554300000,2024-10-21,23:45:00,2721.235,2721.495,2721.215,2721.255,0.0238
1729554600000,2024-10-21,23:50:00,2721.235,2721.265,2720.665,2720.695,0.0167
1729554900000,2024-10-21,23:55:00,2720.725,2721.355,2720.705,2721.325,0.0225
1729555200000,2024-10-22,00:00:00,2721.325,2722.668,2720.505,2722.575,0.1553
1729555500000,2024-10-22,00:05:00,2722.575,2723.175,2721.955,2723.095,0.1399
1729555800000,2024-10-22,00:10:00,2723.025,2723.438,2722.118,2722.415,0.2184
1729556100000,2024-10-22,00:15:00,2722.445,2722.925,2722.405,2722.795,0.064
1729556400000,2024-10-22,00:20:00,2722.765,2724.215,2722.765,2723.685,0.1966
1729556700000,2024-10-22,00:25:00,2723.708,2724.165,2723.168,2723.418,0.1592
1729557000000,2024-10-22,00:30:00,2723.405,2724.568,2723.405,2724.258,0.2043
1729557300000,2024-10-22,00:35:00,2724.255,2724.465,2723.855,2723.985,0.1159
1729557600000,2024-10-22,00:40:00,2723.988,2724.115,2723.385,2723.418,0.0975
1729557900000,2024-10-22,00:45:00,2723.415,2723.995,2723.265,2723.795,0.096
1729558200000,2024-10-22,00:50:00,2723.775,2724.468,2723.265,2724.438,0.1224
1729558500000,2024-10-22,00:55:00,2724.385,2725.015,2724.365,2724.605,0.2304
1729558800000,2024-10-22,01:00:00,2724.645,2725.805,2723.928,2725.464,0.4604
1729559100000,2024-10-22,01:05:00,2725.424,2725.618,2723.928,2725.525,0.3145
1729559400000,2024-10-22,01:10:00,2725.565,2725.675,2724.235,2724.925,0.357
1729559700000,2024-10-22,01:15:00,2724.975,2726.545,2724.975,2726.384,0.3658
1729560000000,2024-10-22,01:20:00,2726.355,2727.655,2726.355,2726.965,0.1633
1729560300000,2024-10-22,01:25:00,2726.995,2728.295,2726.605,2728.245,0.1379
1729560600000,2024-10-22,01:30:00,2728.275,2730.175,2728.245,2729.525,0.2353
1729560900000,2024-10-22,01:35:00,2729.525,2729.985,2728.855,2729.205,0.1536
1729561200000,2024-10-22,01:40:00,2729.195,2729.935,2727.735,2729.915,0.1827
1729561500000,2024-10-22,01:45:00,2729.915,2730.095,2728.205,2728.325,0.2789
1729561800000,2024-10-22,01:50:00,2728.315,2729.035,2727.635,2728.955,0.1368
1729562100000,2024-10-22,01:55:00,2728.914,2728.945,2727.705,2728.015,0.1663
1729562400000,2024-10-22,02:00:00,2727.925,2729.815,2727.585,2729.525,0.0975
1729562700000,2024-10-22,02:05:00,2729.485,2730.415,2729.365,2729.895,0.1501
1729563000000,2024-10-22,02:10:00,2729.785,2730.535,2729.145,2729.245,0.0958
1729563300000,2024-10-22,02:15:00,2729.245,2729.445,2728.455,2729.085,0.0692
1729563600000,2024-10-22,02:20:00,2729.115,2729.275,2728.565,2728.845,0.0757
1729563900000,2024-10-22,02:25:00,2728.845,2729.725,2728.635,2728.698,0.0729
1729564200000,2024-10-22,02:30:00,2728.675,2729.375,2728.508,2729.155,0.1448
1729564500000,2024-10-22,02:35:00,2729.075,2729.135,2728.135,2728.955,0.1256
1729564800000,2024-10-22,02:40:00,2728.955,2729.755,2728.835,2729.145,0.122
1729565100000,2024-10-22,02:45:00,2729.135,2730.225,2728.565,2729.805,0.257
1729565400000,2024-10-22,02:50:00,2729.845,2729.955,2728.258,2728.345,0.2267
1729565700000,2024-10-22,02:55:00,2728.345,2729.175,2728.345,2728.675,0.1335
1729566000000,2024-10-22,03:00:00,2728.665,2730.285,2728.535,2729.845,0.1281
1729566300000,2024-10-22,03:05:00,2729.825,2731.075,2729.785,2731.045,0.1341
1729566600000,2024-10-22,03:10:00,2730.985,2731.805,2730.495,2731.325,0.1064
1729566900000,2024-10-22,03:15:00,2731.325,2732.015,2730.595,2730.595,0.1003
1729567200000,2024-10-22,03:20:00,2730.585,2731.915,2730.355,2731.425,0.0935
1729567500000,2024-10-22,03:25:00,2731.365,2732.305,2731.345,2731.975,0.0922
1729567800000,2024-10-22,03:30:00,2731.984,2732.885,2731.285,2731.595,0.0978
1729568100000,2024-10-22,03:35:00,2731.595,2732.655,2731.365,2732.545,0.128
1729568400000,2024-10-22,03:40:00,2732.545,2732.985,2731.378,2731.475,0.1492
1729568700000,2024-10-22,03:45:00,2731.435,2731.445,2730.474,2731.188,0.1554
1729569000000,2024-10-22,03:50:00,2731.165,2731.835,2731.005,2731.285,0.0531
1729569300000,2024-10-22,03:55:00,2731.215,2731.495,2730.748,2730.868,0.0348
1729569600000,2024-10-22,04:00:00,2730.795,2731.588,2730.785,2731.385,0.1053
1729569900000,2024-10-22,04:05:00,2731.335,2733.635,2730.975,2733.545,0.2113
1729570200000,2024-10-22,04:10:00,2733.534,2734.935,2733.285,2734.665,0.1343
1729570500000,2024-10-22,04:15:00,2734.665,2735.335,2734.135,2735.305,0.0981
1729570800000,2024-10-22,04:20:00,2735.325,2735.755,2733.375,2733.495,0.2287
1729571100000,2024-10-22,04:25:00,2733.498,2734.055,2733.008,2733.635,0.2102
1729571400000,2024-10-22,04:30:00,2733.635,2734.705,2733.295,2734.615,0.0954
1729571700000,2024-10-22,04:35:00,2734.614,2735.305,2734.594,2735.305,0.0817
1729572000000,2024-10-22,04:40:00,2735.255,2735.818,2735.125,2735.515,0.0848
1729572300000,2024-10-22,04:45:00,2735.528,2735.738,2734.525,2735.068,0.0994
1729572600000,2024-10-22,04:50:00,2735.088,2735.565,2734.405,2734.655,0.1155
1729572900000,2024-10-22,04:55:00,2734.685,2735.235,2734.525,2734.595,0.0858
1729573200000,2024-10-22,05:00:00,2734.595,2734.985,2734.085,2734.415,0.1131
1729573500000,2024-10-22,05:05:00,2734.358,2734.358,2733.404,2734.175,0.132
1729573800000,2024-10-22,05:10:00,2734.195,2734.375,2733.485,2734.155,0.0652
1729574100000,2024-10-22,05:15:00,2734.158,2734.395,2733.265,2733.475,0.0536
1729574400000,2024-10-22,05:20:00,2733.475,2733.915,2733.258,2733.458,0.0718
1729574700000,2024-10-22,05:25:00,2733.455,2733.975,2733.035,2733.975,0.1004
1729575000000,2024-10-22,05:30:00,2733.945,2734.205,2731.615,2732.715,0.1687
1729575300000,2024-10-22,05:35:00,2732.725,2732.925,2731.815,2731.885,0.1033
1729575600000,2024-10-22,05:40:00,2731.905,2733.185,2731.525,2732.814,0.0864
1729575900000,2024-10-22,05:45:00,2732.825,2732.894,2729.925,2730.145,0.3925
1729576200000,2024-10-22,05:50:00,2730.295,2730.385,2728.875,2730.154,0.2288
1729576500000,2024-10-22,05:55:00,2730.175,2732.185,2729.755,2730.295,0.2178
1729576800000,2024-10-22,06:00:00,2730.264,2730.765,2729.465,2730.054,0.385
1729577100000,2024-10-22,06:05:00,2730.055,2731.735,2730.014,2731.385,0.2303
1729577400000,2024-10-22,06:10:00,2731.365,2732.275,2730.688,2732.185,0.1205
1729577700000,2024-10-22,06:15:00,2732.125,2734.908,2732.015,2734.655,0.3292
1729578000000,2024-10-22,06:20:00,2734.645,2736.375,2733.865,2736.018,0.2058
1729578300000,2024-10-22,06:25:00,2736.015,2737.025,2734.728,2735.475,0.2232
1729578600000,2024-10-22,06:30:00,2735.475,2735.475,2734.305,2734.795,0.2746
1729578900000,2024-10-22,06:35:00,2734.805,2735.365,2733.425,2734.205,0.385
1729579200000,2024-10-22,06:40:00,2734.205,2734.785,2733.585,2733.885,0.3016
1729579500000,2024-10-22,06:45:00,2733.895,2734.325,2733.485,2733.545,0.393
1729579800000,2024-10-22,06:50:00,2733.545,2735.005,2733.255,2734.725,0.3783
1729580100000,2024-10-22,06:55:00,2734.715,2735.395,2734.205,2734.955,0.2366
1729580400000,2024-10-22,07:00:00,2734.925,2735.565,2734.415,2735.365,0.2805
1729580700000,2024-10-22,07:05:00,2735.365,2736.155,2734.955,2735.035,0.0961
1729581000000,2024-10-22,07:10:00,2735.095,2735.235,2733.665,2734.135,0.176
1729581300000,2024-10-22,07:15:00,2734.145,2734.495,2733.745,2733.955,0.2179
1729581600000,2024-10-22,07:20:00,2733.945,2734.665,2733.645,2733.665,0.2597
1729581900000,2024-10-22,07:25:00,2733.665,2734.135,2733.085,2733.915,0.3261
1729582200000,2024-10-22,07:30:00,2733.915,2734.175,2732.395,2732.565,0.3326
1729582500000,2024-10-22,07:35:00,2732.585,2733.575,2732.565,2733.275,0.1897
1729582800000,2024-10-22,07:40:00,2733.245,2734.655,2732.905,2734.255,0.2961
1729583100000,2024-10-22,07:45:00,2734.255,2734.445,2732.875,2733.685,0.2228
1729583400000,2024-10-22,07:50:00,2733.688,2734.275,2732.895,2733.735,0.1417
1729583700000,2024-10-22,07:55:00,2733.625,2734.235,2733.435,2733.545,0.1794
1729584000000,2024-10-22,08:00:00,2733.494,2733.675,2732.565,2732.705,0.1817
1729584300000,2024-10-22,08:05:00,2732.705,2733.795,2731.405,2733.665,0.3697
1729584600000,2024-10-22,08:10:00,2733.675,2734.265,2732.305,2733.865,0.415
1729584900000,2024-10-22,08:15:00,2733.865,2735.265,2733.845,2735.005,0.1904
1729585200000,2024-10-22,08:20:00,2734.975,2737.805,2734.515,2736.525,0.4309
1729585500000,2024-10-22,08:25:00,2736.535,2738.264,2736.338,2736.515,0.3686
1729585800000,2024-10-22,08:30:00,2736.495,2737.355,2735.325,2735.875,0.0879
1729586100000,2024-10-22,08:35:00,2735.875,2735.915,2734.295,2735.315,0.1524
1729586400000,2024-10-22,08:40:00,2735.325,2736.535,2734.985,2736.285,0.067
1729586700000,2024-10-22,08:45:00,2736.285,2736.535,2735.298,2735.484,0.1207
1729587000000,2024-10-22,08:50:00,2735.474,2735.665,2734.864,2735.268,0.1554
1729587300000,2024-10-22,08:55:00,2735.234,2735.515,2734.485,2734.778,0.1551
1729587600000,2024-10-22,09:00:00,2734.768,2734.795,2733.895,2734.505,0.0701
1729587900000,2024-10-22,09:05:00,2734.485,2735.695,2734.335,2735.415,0.0588
1729588200000,2024-10-22,09:10:00,2735.415,2735.995,2735.178,2735.564,0.1144
1729588500000,2024-10-22,09:15:00,2735.545,2735.694,2734.395,2734.455,0.1309
1729588800000,2024-10-22,09:20:00,2734.445,2734.665,2733.195,2733.245,0.1477
1729589100000,2024-10-22,09:25:00,2733.245,2734.445,2732.595,2732.664,0.2614
1729589400000,2024-10-22,09:30:00,2732.644,2733.694,2732.244,2732.695,0.3028
1729589700000,2024-10-22,09:35:00,2732.695,2733.815,2731.875,2732.795,0.2117
1729590000000,2024-10-22,09:40:00,2732.785,2732.875,2730.765,2730.905,0.2148
1729590300000,2024-10-22,09:45:00,2730.885,2731.395,2730.505,2731.025,0.2132
1729590600000,2024-10-22,09:50:00,2731.025,2731.235,2730.055,2730.295,0.237
1729590900000,2024-10-22,09:55:00,2730.305,2731.665,2729.675,2731.375,0.1363
1729591200000,2024-10-22,10:00:00,2731.365,2732.245,2730.425,2731.175,0.3033
1729591500000,2024-10-22,10:05:00,2731.185,2732.045,2730.925,2731.845,0.2782
1729591800000,2024-10-22,10:10:00,2731.875,2734.465,2731.425,2734.385,0.3746
1729592100000,2024-10-22,10:15:00,2734.355,2735.465,2734.155,2735.445,0.4666
1729592400000,2024-10-22,10:20:00,2735.465,2736.435,2735.315,2735.565,0.431
1729592700000,2024-10-22,10:25:00,2735.565,2736.005,2734.165,2734.935,0.2747
1729593000000,2024-10-22,10:30:00,2734.905,2738.065,2734.805,2737.875,0.5629
1729593300000,2024-10-22,10:35:00,2737.865,2738.565,2736.915,2738.095,0.247
1729593600000,2024-10-22,10:40:00,2738.145,2738.675,2737.435,2738.415,0.1018
1729593900000,2024-10-22,10:45:00,2738.415,2739.238,2737.725,2738.045,0.1159
1729594200000,2024-10-22,10:50:00,2737.985,2738.615,2737.558,2738.265,0.113
1729594500000,2024-10-22,10:55:00,2738.265,2739.185,2737.935,2738.805,0.1036
1729594800000,2024-10-22,11:00:00,2738.855,2739.135,2736.965,2738.335,0.1223
1729595100000,2024-10-22,11:05:00,2738.335,2739.045,2737.845,2738.275,0.1144
1729595400000,2024-10-22,11:10:00,2738.275,2739.105,2736.745,2736.815,0.12
1729595700000,2024-10-22,11:15:00,2736.875,2736.875,2734.865,2734.945,0.3618
1729596000000,2024-10-22,11:20:00,2734.995,2735.955,2734.495,2734.595,0.3016
1729596300000,2024-10-22,11:25:00,2734.685,2734.835,2732.905,2732.925,0.2137
1729596600000,2024-10-22,11:30:00,2732.965,2734.885,2732.255,2732.705,0.392
1729596900000,2024-10-22,11:35:00,2732.755,2733.785,2731.835,2733.315,0.4103
1729597200000,2024-10-22,11:40:00,2733.305,2733.335,2731.668,2731.795,0.4098
1729597500000,2024-10-22,11:45:00,2731.845,2731.925,2730.605,2730.635,0.442
1729597800000,2024-10-22,11:50:00,2730.635,2730.855,2729.438,2729.955,0.3756
1729598100000,2024-10-22,11:55:00,2729.895,2732.765,2729.855,2731.885,0.3851
1729598400000,2024-10-22,12:00:00,2731.905,2733.305,2731.595,2732.335,0.3608
1729598700000,2024-10-22,12:05:00,2732.475,2734.055,2731.465,2733.445,0.3793
1729599000000,2024-10-22,12:10:00,2733.495,2735.305,2732.105,2735.185,0.3901
1729599300000,2024-10-22,12:15:00,2735.225,2735.275,2733.755,2734.265,0.2962
1729599600000,2024-10-22,12:20:00,2734.255,2736.405,2733.925,2736.225,0.2683
1729599900000,2024-10-22,12:25:00,2736.185,2736.935,2733.858,2736.005,0.2583
1729600200000,2024-10-22,12:30:00,2736.005,2736.095,2733.525,2733.528,0.2338
1729600500000,2024-10-22,12:35:00,2733.508,2736.015,2732.778,2736.015,0.2608
1729600800000,2024-10-22,12:40:00,2736.015,2737.645,2735.855,2737.625,0.2268
1729601100000,2024-10-22,12:45:00,2737.645,2737.915,2736.215,2736.215,0.1741
1729601400000,2024-10-22,12:50:00,2736.185,2736.905,2735.405,2735.905,0.1631
1729601700000,2024-10-22,12:55:00,2735.905,2736.505,2735.685,2736.075,0.1315
1729602000000,2024-10-22,13:00:00,2736.105,2737.285,2735.285,2737.285,0.2493
1729602300000,2024-10-22,13:05:00,2737.235,2739.085,2737.108,2737.278,0.2292
1729602600000,2024-10-22,13:10:00,2737.278,2737.515,2735.365,2735.818,0.2939
1729602900000,2024-10-22,13:15:00,2736.098,2739.705,2736.095,2738.705,0.4651
1729603200000,2024-10-22,13:20:00,2738.645,2740.175,2738.455,2739.215,0.3465
1729603500000,2024-10-22,13:25:00,2739.145,2740.085,2738.595,2739.185,0.1963
1729603800000,2024-10-22,13:30:00,2739.175,2740.315,2738.375,2740.225,0.2527
1729604100000,2024-10-22,13:35:00,2740.348,2740.545,2737.418,2739.155,0.3027
1729604400000,2024-10-22,13:40:00,2739.175,2739.955,2737.205,2739.845,0.3385
1729604700000,2024-10-22,13:45:00,2739.835,2741.958,2739.835,2740.445,0.7363
1729605000000,2024-10-22,13:50:00,2740.415,2741.885,2739.935,2740.165,0.5028
1729605300000,2024-10-22,13:55:00,2740.155,2740.845,2735.768,2735.775,0.6106
1729605600000,2024-10-22,14:00:00,2735.665,2737.408,2733.585,2736.535,0.4911
1729605900000,2024-10-22,14:05:00,2736.545,2737.155,2734.025,2734.508,0.9881
1729606200000,2024-10-22,14:10:00,2734.508,2737.855,2733.708,2735.945,0.5046
1729606500000,2024-10-22,14:15:00,2735.925,2739.165,2734.838,2738.775,0.3583
1729606800000,2024-10-22,14:20:00,2738.785,2740.665,2738.575,2738.855,0.3778
1729607100000,2024-10-22,14:25:00,2738.815,2740.265,2736.944,2738.475,0.2235
1729607400000,2024-10-22,14:30:00,2738.455,2739.958,2737.645,2737.718,0.4654
1729607700000,2024-10-22,14:35:00,2737.678,2739.425,2737.075,2739.195,0.3644
1729608000000,2024-10-22,14:40:00,2739.205,2740.215,2737.935,2739.845,0.1858
1729608300000,2024-10-22,14:45:00,2739.815,2741.325,2739.608,2740.005,0.2828
1729608600000,2024-10-22,14:50:00,2740.045,2743.055,2740.015,2742.535,0.2306
1729608900000,2024-10-22,14:55:00,2742.575,2742.935,2740.878,2741.755,0.2029
1729609200000,2024-10-22,15:00:00,2741.755,2743.505,2741.418,2741.615,0.3303
1729609500000,2024-10-22,15:05:00,2741.618,2744.038,2741.585,2743.935,0.4365
1729609800000,2024-10-22,15:10:00,2743.915,2744.048,2742.875,2743.735,0.197
1729610100000,2024-10-22,15:15:00,2743.735,2744.085,2740.645,2741.664,0.2654
1729610400000,2024-10-22,15:20:00,2741.725,2742.985,2740.924,2742.285,0.4338
1729610700000,2024-10-22,15:25:00,2742.285,2743.105,2740.955,2741.185,0.2757
1729611000000,2024-10-22,15:30:00,2741.185,2742.435,2740.705,2741.225,0.1812
1729611300000,2024-10-22,15:35:00,2741.245,2742.475,2738.885,2739.755,0.4206
1729611600000,2024-10-22,15:40:00,2739.755,2740.625,2738.438,2738.885,0.3778
1729611900000,2024-10-22,15:45:00,2738.875,2738.985,2737.195,2737.585,0.5797
1729612200000,2024-10-22,15:50:00,2737.555,2739.015,2736.985,2738.245,0.5635
1729612500000,2024-10-22,15:55:00,2738.165,2739.085,2736.715,2737.455,0.4268
1729612800000,2024-10-22,16:00:00,2737.435,2738.968,2737.058,2738.134,0.3695
1729613100000,2024-10-22,16:05:00,2738.228,2739.445,2737.365,2738.888,0.3972
1729613400000,2024-10-22,16:10:00,2738.888,2739.228,2737.874,2739.158,0.3366
1729613700000,2024-10-22,16:15:00,2739.144,2740.075,2738.594,2739.895,0.2859
1729614000000,2024-10-22,16:20:00,2739.895,2740.175,2737.634,2737.824,0.2655
1729614300000,2024-10-22,16:25:00,2737.834,2739.915,2737.585,2739.845,0.278
1729614600000,2024-10-22,16:30:00,2739.815,2740.628,2739.605,2740.485,0.1729
1729614900000,2024-10-22,16:35:00,2740.465,2741.815,2740.465,2741.095,0.1639
1729615200000,2024-10-22,16:40:00,2741.075,2742.465,2740.655,2741.845,0.2432
1729615500000,2024-10-22,16:45:00,2741.858,2744.048,2741.858,2743.815,0.1973
1729615800000,2024-10-22,16:50:00,2743.815,2745.005,2743.118,2744.495,0.2994
1729616100000,2024-10-22,16:55:00,2744.515,2745.418,2743.885,2745.205,0.3003
1729616400000,2024-10-22,17:00:00,2745.225,2747.488,2744.995,2746.995,0.3632
1729616700000,2024-10-22,17:05:00,2746.998,2747.058,2745.125,2746.235,0.2865
1729617000000,2024-10-22,17:10:00,2746.225,2746.654,2745.845,2746.285,0.175
1729617300000,2024-10-22,17:15:00,2746.245,2747.048,2745.945,2746.755,0.3419
1729617600000,2024-10-22,17:20:00,2746.755,2747.438,2745.895,2745.895,0.4058
1729617900000,2024-10-22,17:25:00,2745.918,2746.215,2744.965,2745.108,0.1803
1729618200000,2024-10-22,17:30:00,2745.108,2745.515,2743.385,2745.248,0.3073
1729618500000,2024-10-22,17:35:00,2745.274,2746.268,2745.048,2746.264,0.2387
1729618800000,2024-10-22,17:40:00,2746.348,2747.905,2746.048,2747.765,0.2095
1729619100000,2024-10-22,17:45:00,2747.775,2748.258,2746.048,2746.284,0.3633
1729619400000,2024-10-22,17:50:00,2746.284,2747.105,2746.074,2746.698,0.1995
1729619700000,2024-10-22,17:55:00,2746.725,2747.034,2746.058,2746.598,0.1127
1729620000000,2024-10-22,18:00:00,2746.625,2746.625,2745.785,2745.955,0.1076
1729620300000,2024-10-22,18:05:00,2746.038,2746.295,2745.125,2745.665,0.1191
1729620600000,2024-10-22,18:10:00,2745.665,2746.628,2745.135,2745.445,0.1081
1729620900000,2024-10-22,18:15:00,2745.448,2747.078,2745.375,2747.015,0.1077
1729621200000,2024-10-22,18:20:00,2747.015,2747.208,2745.418,2745.738,0.1802
1729621500000,2024-10-22,18:25:00,2745.758,2746.634,2745.558,2745.878,0.3055
1729621800000,2024-10-22,18:30:00,2745.878,2746.155,2744.925,2746.125,0.1322
1729622100000,2024-10-22,18:35:00,2746.125,2746.125,2744.544,2744.708,0.1352
1729622400000,2024-10-22,18:40:00,2744.738,2745.245,2744.105,2745.115,0.1435
1729622700000,2024-10-22,18:45:00,2745.135,2745.165,2743.914,2744.255,0.1371
1729623000000,2024-10-22,18:50:00,2744.255,2745.498,2744.205,2744.604,0.1236
1729623300000,2024-10-22,18:55:00,2744.648,2744.965,2744.228,2744.548,0.2112
1729623600000,2024-10-22,19:00:00,2744.498,2744.948,2743.685,2744.928,0.1834
1729623900000,2024-10-22,19:05:00,2744.925,2745.238,2744.535,2745.075,0.1363
1729624200000,2024-10-22,19:10:00,2745.115,2746.588,2745.115,2745.885,0.2324
1729624500000,2024-10-22,19:15:00,2745.988,2747.348,2745.935,2747.238,0.1882
1729624800000,2024-10-22,19:20:00,2747.228,2747.838,2746.825,2747.395,0.1736
1729625100000,2024-10-22,19:25:00,2747.408,2747.748,2746.878,2746.908,0.1387
1729625400000,2024-10-22,19:30:00,2746.908,2746.928,2745.528,2745.628,0.2259
1729625700000,2024-10-22,19:35:00,2745.598,2745.888,2745.118,2745.758,0.1836
1729626000000,2024-10-22,19:40:00,2745.768,2746.258,2745.238,2746.088,0.1669
1729626300000,2024-10-22,19:45:00,2746.068,2747.114,2745.988,2746.195,0.2016
1729626600000,2024-10-22,19:50:00,2746.195,2747.198,2746.145,2746.998,0.2378
1729626900000,2024-10-22,19:55:00,2746.998,2748.748,2746.598,2748.245,0.3735
1729627200000,2024-10-22,20:00:00,2748.245,2748.548,2746.838,2746.928,0.2129
1729627500000,2024-10-22,20:05:00,2746.958,2747.855,2746.918,2747.525,0.1508
1729627800000,2024-10-22,20:10:00,2747.558,2748.068,2747.325,2747.995,0.0844
1729628100000,2024-10-22,20:15:00,2747.988,2748.158,2747.218,2747.798,0.1133
1729628400000,2024-10-22,20:20:00,2747.808,2747.808,2747.118,2747.178,0.0983
1729628700000,2024-10-22,20:25:00,2747.168,2748.028,2746.808,2747.855,0.0798
1729629000000,2024-10-22,20:30:00,2747.878,2748.515,2747.438,2747.448,0.0861
1729629300000,2024-10-22,20:35:00,2747.438,2747.678,2746.648,2747.285,0.0887
1729629600000,2024-10-22,20:40:00,2747.285,2747.928,2747.215,2747.915,0.0372
1729629900000,2024-10-22,20:45:00,2747.948,2748.705,2747.795,2748.208,0.0498
1729630200000,2024-10-22,20:50:00,2748.228,2748.478,2747.885,2748.428,0.0337
1729630500000,2024-10-22,20:55:00,2748.428,2748.775,2748.204,2748.525,0.0735
1729634400000,2024-10-22,22:00:00,2748.155,2748.485,2747.048,2747.148,0.0553
1729634700000,2024-10-22,22:05:00,2747.148,2747.454,2746.898,2747.034,0.0529
1729635000000,2024-10-22,22:10:00,2747.034,2747.354,2746.918,2747.184,0.0449
1729635300000,2024-10-22,22:15:00,2747.195,2747.368,2746.698,2747.308,0.0496
1729635600000,2024-10-22,22:20:00,2747.288,2747.804,2747.154,2747.704,0.0353
1729635900000,2024-10-22,22:25:00,2747.694,2747.774,2747.275,2747.454,0.0466
1729636200000,2024-10-22,22:30:00,2747.485,2748.015,2747.485,2747.725,0.034
1729636500000,2024-10-22,22:35:00,2747.725,2747.925,2747.585,2747.625,0.0385
1729636800000,2024-10-22,22:40:00,2747.625,2747.625,2747.195,2747.285,0.0512
1729637100000,2024-10-22,22:45:00,2747.345,2747.785,2747.215,2747.735,0.0347
1729637400000,2024-10-22,22:50:00,2747.715,2747.785,2747.415,2747.485,0.0274
1729637700000,2024-10-22,22:55:00,2747.448,2747.495,2747.125,2747.215,0.0203
1729638000000,2024-10-22,23:00:00,2747.265,2747.548,2747.125,2747.325,0.0217
1729638300000,2024-10-22,23:05:00,2747.445,2747.798,2747.195,2747.765,0.0338
1729638600000,2024-10-22,23:10:00,2747.845,2747.885,2747.645,2747.735,0.0317
1729638900000,2024-10-22,23:15:00,2747.765,2747.825,2747.355,2747.385,0.0325
1729639200000,2024-10-22,23:20:00,2747.365,2747.365,2747.195,2747.285,0.0136
1729639500000,2024-10-22,23:25:00,2747.285,2747.375,2747.184,2747.265,0.0326
1729639800000,2024-10-22,23:30:00,2747.245,2747.895,2747.185,2747.205,0.023
1729640100000,2024-10-22,23:35:00,2747.195,2747.295,2746.898,2747.285,0.0095
1729640400000,2024-10-22,23:40:00,2747.285,2747.285,2746.235,2746.275,0.0355
1729640700000,2024-10-22,23:45:00,2746.265,2746.385,2745.755,2745.915,0.0718
1729641000000,2024-10-22,23:50:00,2745.915,2747.045,2745.915,2746.755,0.0574
1729641300000,2024-10-22,23:55:00,2746.725,2746.948,2746.308,2746.408,0.0661
1729641600000,2024-10-23,00:00:00,2746.385,2746.755,2745.745,2746.075,0.0909
1729641900000,2024-10-23,00:05:00,2746.118,2746.888,2745.945,2746.208,0.1192
1729642200000,2024-10-23,00:10:00,2746.165,2746.455,2745.925,2746.295,0.0308
1729642500000,2024-10-23,00:15:00,2746.335,2746.655,2746.215,2746.265,0.0231
1729642800000,2024-10-23,00:20:00,2746.225,2746.325,2745.905,2746.138,0.0321
1729643100000,2024-10-23,00:25:00,2746.135,2746.435,2744.785,2744.945,0.1147
1729643400000,2024-10-23,00:30:00,2744.985,2746.005,2744.985,2745.125,0.1442
1729643700000,2024-10-23,00:35:00,2745.125,2745.455,2744.805,2745.385,0.157
1729644000000,2024-10-23,00:40:00,2745.375,2745.565,2745.065,2745.255,0.1371
1729644300000,2024-10-23,00:45:00,2745.255,2745.745,2744.705,2745.555,0.1558
1729644600000,2024-10-23,00:50:00,2745.555,2746.035,2745.225,2745.855,0.1599
1729644900000,2024-10-23,00:55:00,2745.855,2746.105,2745.035,2745.195,0.1495
1729645200000,2024-10-23,01:00:00,2745.195,2745.925,2744.585,2745.745,0.4183
1729645500000,2024-10-23,01:05:00,2745.745,2746.905,2745.395,2746.595,0.3624
1729645800000,2024-10-23,01:10:00,2746.585,2747.065,2745.235,2745.325,0.2247
1729646100000,2024-10-23,01:15:00,2745.335,2745.648,2744.375,2744.475,0.3286
1729646400000,2024-10-23,01:20:00,2744.485,2745.255,2742.998,2743.475,0.3645
1729646700000,2024-10-23,01:25:00,2743.465,2743.605,2742.335,2742.805,0.216
1729647000000,2024-10-23,01:30:00,2742.815,2743.015,2741.595,2741.905,0.2328
1729647300000,2024-10-23,01:35:00,2741.835,2742.115,2739.245,2739.415,0.4885
1729647600000,2024-10-23,01:40:00,2739.384,2739.545,2737.835,2738.795,0.6085
1729647900000,2024-10-23,01:45:00,2738.785,2740.255,2738.245,2739.565,0.2172
1729648200000,2024-10-23,01:50:00,2739.585,2739.655,2737.975,2738.275,0.2891
1729648500000,2024-10-23,01:55:00,2738.375,2739.405,2738.114,2738.395,0.3605
1729648800000,2024-10-23,02:00:00,2738.355,2739.988,2738.148,2738.625,0.3813
1729649100000,2024-10-23,02:05:00,2738.625,2738.734,2737.855,2738.404,0.4259
1729649400000,2024-10-23,02:10:00,2738.395,2739.045,2737.765,2738.545,0.2881
1729649700000,2024-10-23,02:15:00,2738.465,2739.265,2738.085,2739.015,0.1635
1729650000000,2024-10-23,02:20:00,2738.965,2739.245,2738.045,2738.555,0.1456
1729650300000,2024-10-23,02:25:00,2738.595,2738.795,2738.195,2738.375,0.052
1729650600000,2024-10-23,02:30:00,2738.385,2739.595,2738.245,2738.715,0.1282
1729650900000,2024-10-23,02:35:00,2738.725,2739.335,2738.235,2738.645,0.3341
1729651200000,2024-10-23,02:40:00,2738.675,2740.165,2737.855,2739.525,0.2633
1729651500000,2024-10-23,02:45:00,2739.505,2740.105,2739.285,2740.045,0.144
1729651800000,2024-10-23,02:50:00,2740.048,2740.995,2739.264,2739.415,0.2108
1729652100000,2024-10-23,02:55:00,2739.434,2739.584,2738.495,2738.795,0.2496
1729652400000,2024-10-23,03:00:00,2738.745,2739.165,2738.145,2738.458,0.3293
1729652700000,2024-10-23,03:05:00,2738.485,2738.998,2738.315,2738.558,0.1559
1729653000000,2024-10-23,03:10:00,2738.558,2739.178,2738.285,2738.955,0.188
1729653300000,2024-10-23,03:15:00,2738.935,2739.828,2738.505,2738.594,0.2609
1729653600000,2024-10-23,03:20:00,2738.584,2739.085,2738.544,2738.915,0.1817
1729653900000,2024-10-23,03:25:00,2738.895,2740.014,2738.844,2739.825,0.2323
1729654200000,2024-10-23,03:30:00,2739.845,2741.078,2739.385,2740.778,0.1279
1729654500000,2024-10-23,03:35:00,2740.765,2742.405,2740.765,2742.405,0.2882
1729654800000,2024-10-23,03:40:00,2742.375,2743.775,2742.325,2743.705,0.1958
1729655100000,2024-10-23,03:45:00,2743.728,2745.545,2743.678,2745.335,0.1504
1729655400000,2024-10-23,03:50:00,2745.335,2746.865,2745.185,2746.205,0.142
1729655700000,2024-10-23,03:55:00,2746.205,2746.745,2745.465,2745.955,0.1572
1729656000000,2024-10-23,04:00:00,2745.955,2746.505,2745.725,2746.085,0.0841
1729656300000,2024-10-23,04:05:00,2746.085,2747.298,2745.215,2746.758,0.1272
1729656600000,2024-10-23,04:10:00,2746.758,2747.835,2746.605,2747.808,0.148
1729656900000,2024-10-23,04:15:00,2747.808,2749.215,2746.965,2748.655,0.1595
1729657200000,2024-10-23,04:20:00,2748.655,2749.865,2748.375,2748.735,0.2327
1729657500000,2024-10-23,04:25:00,2748.705,2749.445,2748.435,2748.985,0.1906
1729657800000,2024-10-23,04:30:00,2748.975,2750.135,2748.885,2749.995,0.1095
1729658100000,2024-10-23,04:35:00,2749.995,2750.155,2749.615,2749.915,0.0834
1729658400000,2024-10-23,04:40:00,2749.905,2750.095,2749.005,2749.915,0.0834
1729658700000,2024-10-23,04:45:00,2749.915,2750.485,2749.685,2750.125,0.0883
1729659000000,2024-10-23,04:50:00,2750.095,2750.505,2749.705,2749.995,0.0471
1729659300000,2024-10-23,04:55:00,2749.985,2750.285,2749.635,2749.835,0.0416
1729659600000,2024-10-23,05:00:00,2749.795,2750.185,2749.455,2749.995,0.0816
1729659900000,2024-10-23,05:05:00,2749.995,2750.315,2749.625,2750.315,0.0904
1729660200000,2024-10-23,05:10:00,2750.315,2750.768,2748.705,2748.705,0.0926
1729660500000,2024-10-23,05:15:00,2748.685,2750.425,2748.665,2750.215,0.1196
1729660800000,2024-10-23,05:20:00,2750.175,2750.915,2750.095,2750.135,0.102
1729661100000,2024-10-23,05:25:00,2750.165,2750.295,2749.485,2749.885,0.091
1729661400000,2024-10-23,05:30:00,2749.905,2752.605,2748.988,2752.155,0.2555
1729661700000,2024-10-23,05:35:00,2752.135,2752.205,2750.065,2750.825,0.2553
1729662000000,2024-10-23,05:40:00,2750.835,2752.655,2750.685,2752.205,0.1088
1729662300000,2024-10-23,05:45:00,2752.205,2753.018,2751.998,2752.658,0.2051
1729662600000,2024-10-23,05:50:00,2752.665,2753.014,2750.725,2751.475,0.292
1729662900000,2024-10-23,05:55:00,2751.455,2751.485,2750.705,2751.415,0.2528
1729663200000,2024-10-23,06:00:00,2751.415,2751.725,2750.608,2751.695,0.1496
1729663500000,2024-10-23,06:05:00,2751.695,2752.135,2751.115,2751.795,0.2691
1729663800000,2024-10-23,06:10:00,2751.795,2752.885,2751.425,2752.005,0.23
1729664100000,2024-10-23,06:15:00,2752.018,2753.085,2752.018,2752.985,0.1509
1729664400000,2024-10-23,06:20:00,2752.985,2752.985,2752.285,2752.685,0.2716
1729664700000,2024-10-23,06:25:00,2752.675,2752.895,2751.275,2751.675,0.2801
1729665000000,2024-10-23,06:30:00,2751.685,2752.035,2750.665,2750.825,0.3385
1729665300000,2024-10-23,06:35:00,2750.805,2751.225,2748.525,2748.655,0.3087
1729665600000,2024-10-23,06:40:00,2748.678,2750.165,2747.955,2749.735,0.4929
1729665900000,2024-10-23,06:45:00,2749.705,2749.875,2748.455,2749.035,0.5424
1729666200000,2024-10-23,06:50:00,2749.025,2750.415,2748.575,2749.945,0.388
1729666500000,2024-10-23,06:55:00,2749.945,2750.725,2749.675,2750.415,0.3541
1729666800000,2024-10-23,07:00:00,2750.395,2751.305,2749.165,2750.345,0.4454
1729667100000,2024-10-23,07:05:00,2750.325,2751.535,2749.325,2751.345,0.2579
1729667400000,2024-10-23,07:10:00,2751.345,2752.165,2751.345,2751.815,0.1339
1729667700000,2024-10-23,07:15:00,2751.855,2752.868,2751.795,2752.395,0.0967
1729668000000,2024-10-23,07:20:00,2752.395,2752.555,2751.665,2752.425,0.0875
1729668300000,2024-10-23,07:25:00,2752.385,2752.385,2750.805,2752.305,0.1637
1729668600000,2024-10-23,07:30:00,2752.348,2752.935,2751.935,2752.615,0.1874
1729668900000,2024-10-23,07:35:00,2752.585,2754.555,2752.285,2754.205,0.2488
1729669200000,2024-10-23,07:40:00,2754.205,2755.295,2754.125,2754.435,0.1197
1729669500000,2024-10-23,07:45:00,2754.465,2754.568,2754.005,2754.285,0.1647
1729669800000,2024-10-23,07:50:00,2754.295,2755.205,2754.218,2754.255,0.1411
1729670100000,2024-10-23,07:55:00,2754.245,2755.485,2754.115,2754.855,0.1309
1729670400000,2024-10-23,08:00:00,2754.815,2755.788,2754.795,2755.398,0.1263
1729670700000,2024-10-23,08:05:00,2755.368,2755.735,2754.535,2755.085,0.2939
1729671000000,2024-10-23,08:10:00,2755.075,2755.825,2754.675,2755.425,0.2095
1729671300000,2024-10-23,08:15:00,2755.428,2756.308,2754.935,2756.115,0.1445
1729671600000,2024-10-23,08:20:00,2756.095,2756.185,2755.265,2755.265,0.0697
1729671900000,2024-10-23,08:25:00,2755.265,2757.095,2755.105,2757.015,0.0924
1729672200000,2024-10-23,08:30:00,2757.015,2757.975,2756.864,2756.908,0.1936
1729672500000,2024-10-23,08:35:00,2756.914,2758.084,2756.824,2757.564,0.225
1729672800000,2024-10-23,08:40:00,2757.598,2758.338,2757.455,2757.655,0.2503
1729673100000,2024-10-23,08:45:00,2757.605,2757.755,2755.665,2755.745,0.3801
1729673400000,2024-10-23,08:50:00,2755.785,2756.715,2755.715,2756.265,0.2992
1729673700000,2024-10-23,08:55:00,2756.265,2757.085,2756.175,2756.875,0.3169
1729674000000,2024-10-23,09:00:00,2756.955,2757.515,2756.284,2756.665,0.4163
1729674300000,2024-10-23,09:05:00,2756.645,2756.705,2754.575,2755.775,0.4913
1729674600000,2024-10-23,09:10:00,2755.775,2755.775,2753.865,2753.895,0.2497
1729674900000,2024-10-23,09:15:00,2753.895,2753.995,2752.675,2752.705,0.31
1729675200000,2024-10-23,09:20:00,2752.715,2753.738,2751.755,2752.345,0.3553
1729675500000,2024-10-23,09:25:00,2752.405,2752.885,2751.385,2752.455,0.3595
1729675800000,2024-10-23,09:30:00,2752.505,2752.675,2750.755,2750.965,0.3809
1729676100000,2024-10-23,09:35:00,2750.955,2751.295,2749.935,2749.945,0.3121
1729676400000,2024-10-23,09:40:00,2749.945,2752.645,2749.705,2751.355,0.3422
1729676700000,2024-10-23,09:45:00,2751.355,2751.685,2750.338,2750.765,0.2433
1729677000000,2024-10-23,09:50:00,2750.775,2751.735,2750.375,2751.595,0.2106
1729677300000,2024-10-23,09:55:00,2751.575,2751.675,2749.845,2750.545,0.4687
1729677600000,2024-10-23,10:00:00,2750.555,2752.305,2750.285,2752.095,0.2547
1729677900000,2024-10-23,10:05:00,2752.075,2752.075,2749.964,2750.305,0.4474
1729678200000,2024-10-23,10:10:00,2750.315,2751.675,2749.925,2750.435,0.403
1729678500000,2024-10-23,10:15:00,2750.424,2751.765,2750.095,2751.675,0.4126
1729678800000,2024-10-23,10:20:00,2751.645,2752.175,2751.395,2751.665,0.11
1729679100000,2024-10-23,10:25:00,2751.625,2751.705,2751.075,2751.605,0.0568
1729679400000,2024-10-23,10:30:00,2751.605,2752.425,2751.605,2751.755,0.0879
1729679700000,2024-10-23,10:35:00,2751.755,2751.865,2751.165,2751.365,0.0955
1729680000000,2024-10-23,10:40:00,2751.365,2751.635,2750.668,2750.725,0.0923
1729680300000,2024-10-23,10:45:00,2750.755,2751.055,2749.718,2749.718,0.126
1729680600000,2024-10-23,10:50:00,2749.718,2751.578,2749.644,2751.415,0.2932
1729680900000,2024-10-23,10:55:00,2751.395,2751.845,2750.625,2750.625,0.3356
1729681200000,2024-10-23,11:00:00,2750.625,2750.655,2749.085,2749.445,0.172
1729681500000,2024-10-23,11:05:00,2749.425,2750.215,2749.265,2749.935,0.1734
1729681800000,2024-10-23,11:10:00,2749.915,2751.658,2749.455,2751.465,0.2852
1729682100000,2024-10-23,11:15:00,2751.458,2752.808,2751.375,2751.385,0.2038
1729682400000,2024-10-23,11:20:00,2751.385,2752.798,2751.295,2751.995,0.1179
1729682700000,2024-10-23,11:25:00,2751.985,2751.995,2750.208,2750.478,0.1447
1729683000000,2024-10-23,11:30:00,2750.478,2752.145,2750.125,2751.795,0.0743
1729683300000,2024-10-23,11:35:00,2751.804,2752.295,2751.575,2751.595,0.0673
1729683600000,2024-10-23,11:40:00,2751.555,2751.615,2749.415,2749.775,0.2282
1729683900000,2024-10-23,11:45:00,2749.758,2751.165,2749.425,2750.984,0.2886
1729684200000,2024-10-23,11:50:00,2750.968,2751.915,2750.675,2751.025,0.0991
1729684500000,2024-10-23,11:55:00,2751.025,2751.025,2749.015,2749.785,0.225
1729684800000,2024-10-23,12:00:00,2749.785,2750.355,2749.235,2749.268,0.1673
1729685100000,2024-10-23,12:05:00,2749.268,2749.664,2747.245,2747.775,0.3313
1729685400000,2024-10-23,12:10:00,2747.775,2749.238,2747.535,2748.105,0.4249
1729685700000,2024-10-23,12:15:00,2748.105,2748.655,2746.245,2746.475,0.2448
1729686000000,2024-10-23,12:20:00,2746.475,2747.855,2743.405,2743.825,0.4281
1729686300000,2024-10-23,12:25:00,2743.795,2746.015,2742.735,2743.575,0.4218
1729686600000,2024-10-23,12:30:00,2743.615,2746.325,2742.955,2746.035,0.3355
1729686900000,2024-10-23,12:35:00,2746.035,2747.315,2743.595,2744.195,0.7137
1729687200000,2024-10-23,12:40:00,2744.165,2744.575,2742.598,2742.925,0.3786
1729687500000,2024-10-23,12:45:00,2742.895,2743.745,2742.028,2742.385,0.3254
1729687800000,2024-10-23,12:50:00,2742.345,2743.545,2742.025,2742.705,0.3359
1729688100000,2024-10-23,12:55:00,2742.705,2744.195,2740.695,2743.225,0.6919
1729688400000,2024-10-23,13:00:00,2743.225,2744.025,2739.605,2740.265,0.7715
1729688700000,2024-10-23,13:05:00,2740.218,2742.855,2738.965,2738.965,0.6275
1729689000000,2024-10-23,13:10:00,2739.038,2740.775,2737.384,2738.115,0.7749
1729689300000,2024-10-23,13:15:00,2738.125,2739.135,2731.448,2734.445,0.8951
1729689600000,2024-10-23,13:20:00,2734.465,2737.875,2733.435,2737.875,0.8884
1729689900000,2024-10-23,13:25:00,2737.875,2740.335,2737.265,2739.285,0.5548
1729690200000,2024-10-23,13:30:00,2739.285,2740.575,2736.218,2737.195,0.8303
1729690500000,2024-10-23,13:35:00,2737.245,2737.245,2731.555,2732.125,1.1934
1729690800000,2024-10-23,13:40:00,2732.155,2735.985,2731.615,2735.585,0.9066
1729691100000,2024-10-23,13:45:00,2735.595,2737.735,2734.555,2737.085,0.7208
1729691400000,2024-10-23,13:50:00,2737.085,2739.385,2736.455,2739.195,0.5893
1729691700000,2024-10-23,13:55:00,2739.195,2740.055,2736.785,2737.295,0.6158
1729692000000,2024-10-23,14:00:00,2737.245,2738.525,2733.145,2733.865,0.4847
1729692300000,2024-10-23,14:05:00,2733.825,2736.155,2732.548,2734.065,1.1136
1729692600000,2024-10-23,14:10:00,2733.955,2733.955,2725.845,2726.035,1.3196
1729692900000,2024-10-23,14:15:00,2726.065,2729.325,2725.005,2725.005,1.2348
1729693200000,2024-10-23,14:20:00,2725.005,2727.655,2724.395,2725.425,1.0592
1729693500000,2024-10-23,14:25:00,2725.425,2726.915,2723.605,2724.925,1.1899
1729693800000,2024-10-23,14:30:00,2724.915,2728.485,2724.605,2727.075,0.9253
1729694100000,2024-10-23,14:35:00,2727.045,2727.145,2717.155,2718.865,0.8803
1729694400000,2024-10-23,14:40:00,2718.915,2719.905,2716.325,2719.325,0.9238
1729694700000,2024-10-23,14:45:00,2719.355,2719.955,2716.995,2718.305,0.8392
1729695000000,2024-10-23,14:50:00,2718.298,2720.765,2716.425,2717.225,0.818
1729695300000,2024-10-23,14:55:00,2717.245,2720.995,2717.225,2717.658,0.6866
1729695600000,2024-10-23,15:00:00,2717.635,2718.265,2715.125,2717.595,1.0376
1729695900000,2024-10-23,15:05:00,2717.605,2719.135,2716.078,2716.675,0.6623
1729696200000,2024-10-23,15:10:00,2716.715,2717.425,2708.635,2710.775,0.8586
1729696500000,2024-10-23,15:15:00,2710.775,2713.545,2710.525,2713.415,0.9774
1729696800000,2024-10-23,15:20:00,2713.395,2713.605,2708.668,2710.295,0.9478
1729697100000,2024-10-23,15:25:00,2710.295,2713.275,2709.495,2712.545,0.9126
1729697400000,2024-10-23,15:30:00,2712.565,2717.258,2711.935,2716.695,0.5076
1729697700000,2024-10-23,15:35:00,2716.685,2718.675,2715.945,2718.375,0.2955
1729698000000,2024-10-23,15:40:00,2718.375,2718.605,2716.245,2718.575,0.2443
1729698300000,2024-10-23,15:45:00,2718.575,2719.595,2717.935,2718.695,0.3012
1729698600000,2024-10-23,15:50:00,2718.685,2721.548,2718.525,2721.205,0.3608
1729698900000,2024-10-23,15:55:00,2721.205,2722.435,2720.385,2721.625,0.2662
1729699200000,2024-10-23,16:00:00,2721.635,2721.745,2719.615,2720.325,0.2934
1729699500000,2024-10-23,16:05:00,2720.305,2720.735,2719.065,2719.535,0.2626
1729699800000,2024-10-23,16:10:00,2719.565,2720.515,2718.335,2718.995,0.2732
1729700100000,2024-10-23,16:15:00,2718.985,2721.535,2718.935,2721.075,0.2938
1729700400000,2024-10-23,16:20:00,2721.065,2721.878,2719.845,2721.045,0.3102
1729700700000,2024-10-23,16:25:00,2721.065,2721.075,2719.358,2719.685,0.2594
1729701000000,2024-10-23,16:30:00,2719.705,2722.215,2719.485,2722.195,0.2494
1729701300000,2024-10-23,16:35:00,2722.195,2723.025,2721.565,2723.025,0.2216
1729701600000,2024-10-23,16:40:00,2723.025,2723.135,2721.055,2721.615,0.1781
1729701900000,2024-10-23,16:45:00,2721.595,2721.765,2719.805,2720.135,0.2026
1729702200000,2024-10-23,16:50:00,2720.195,2721.855,2719.265,2719.678,0.1736
1729702500000,2024-10-23,16:55:00,2719.678,2720.975,2719.288,2719.288,0.1984
1729702800000,2024-10-23,17:00:00,2719.225,2720.155,2717.655,2719.145,0.2092
1729703100000,2024-10-23,17:05:00,2719.145,2720.478,2718.745,2719.148,0.2904
1729703400000,2024-10-23,17:10:00,2719.138,2719.755,2716.878,2717.815,0.3098
1729703700000,2024-10-23,17:15:00,2717.825,2718.385,2716.735,2716.775,0.1487
1729704000000,2024-10-23,17:20:00,2716.805,2717.855,2715.268,2717.045,0.1637
1729704300000,2024-10-23,17:25:00,2717.045,2717.275,2715.305,2715.628,0.2079
1729704600000,2024-10-23,17:30:00,2715.705,2716.395,2714.715,2715.615,0.1538
1729704900000,2024-10-23,17:35:00,2715.595,2715.825,2713.725,2714.335,0.2022
1729705200000,2024-10-23,17:40:00,2714.355,2715.045,2713.585,2713.878,0.1669
1729705500000,2024-10-23,17:45:00,2713.835,2716.045,2713.665,2715.665,0.1461
1729705800000,2024-10-23,17:50:00,2715.635,2716.945,2715.635,2716.345,0.154
1729706100000,2024-10-23,17:55:00,2716.335,2717.455,2716.205,2716.578,0.1902
1729706400000,2024-10-23,18:00:00,2716.498,2716.505,2713.005,2713.125,0.5739
1729706700000,2024-10-23,18:05:00,2713.095,2715.675,2712.975,2714.385,0.2926
1729707000000,2024-10-23,18:10:00,2714.355,2714.445,2712.185,2713.705,0.3841
1729707300000,2024-10-23,18:15:00,2713.705,2714.165,2712,2713.365,0.2929
1729707600000,2024-10-23,18:20:00,2713.345,2714.538,2712.695,2713.415,0.2082
1729707900000,2024-10-23,18:25:00,2713.428,2714.135,2713.055,2714.095,0.1565
1729708200000,2024-10-23,18:30:00,2714.095,2714.515,2712.595,2714.335,0.1862
1729708500000,2024-10-23,18:35:00,2714.315,2714.975,2713.725,2714.565,0.144
1729708800000,2024-10-23,18:40:00,2714.565,2715.115,2713.965,2714.545,0.2345
1729709100000,2024-10-23,18:45:00,2714.505,2715.988,2714.505,2715.705,0.175
1729709400000,2024-10-23,18:50:00,2715.705,2715.885,2714.485,2714.688,0.1624
1729709700000,2024-10-23,18:55:00,2714.678,2714.955,2713.978,2713.998,0.2533
1729710000000,2024-10-23,19:00:00,2713.955,2714.238,2713.075,2713.418,0.1761
1729710300000,2024-10-23,19:05:00,2713.398,2715.368,2713.085,2715.198,0.1981
1729710600000,2024-10-23,19:10:00,2715.195,2715.218,2713.385,2713.455,0.206
1729710900000,2024-10-23,19:15:00,2713.435,2715.525,2713.365,2715.375,0.3268
1729711200000,2024-10-23,19:20:00,2715.355,2716.438,2714.585,2716.295,0.1922
1729711500000,2024-10-23,19:25:00,2716.295,2716.405,2714.705,2714.875,0.1408
1729711800000,2024-10-23,19:30:00,2714.875,2717.025,2714.675,2716.945,0.242
1729712100000,2024-10-23,19:35:00,2716.945,2717.975,2716.365,2716.525,0.249
1729712400000,2024-10-23,19:40:00,2716.525,2717.878,2716.465,2717.645,0.2659
1729712700000,2024-10-23,19:45:00,2717.728,2718.105,2717.025,2717.455,0.2624
1729713000000,2024-10-23,19:50:00,2717.458,2717.875,2715.828,2716.105,0.2544
1729713300000,2024-10-23,19:55:00,2716.075,2716.545,2715.815,2716.095,0.1521
1729713600000,2024-10-23,20:00:00,2716.095,2716.535,2715.885,2716.008,0.086
1729713900000,2024-10-23,20:05:00,2716.028,2716.138,2715.185,2715.635,0.0516
1729714200000,2024-10-23,20:10:00,2715.598,2715.648,2715.215,2715.215,0.0595
1729714500000,2024-10-23,20:15:00,2715.215,2715.428,2714.615,2714.925,0.0668
1729714800000,2024-10-23,20:20:00,2714.948,2715.038,2714.585,2714.888,0.0888
1729715100000,2024-10-23,20:25:00,2714.878,2715.835,2714.095,2714.798,0.1297
1729715400000,2024-10-23,20:30:00,2714.818,2715.868,2714.555,2715.755,0.0845
1729715700000,2024-10-23,20:35:00,2715.758,2716.218,2715.658,2715.978,0.0865
1729716000000,2024-10-23,20:40:00,2715.988,2716.178,2715.148,2715.458,0.0898
1729716300000,2024-10-23,20:45:00,2715.488,2715.878,2714.815,2715.655,0.1251
1729716600000,2024-10-23,20:50:00,2715.655,2716.138,2715.525,2716.098,0.0852
1729716900000,2024-10-23,20:55:00,2716.098,2716.154,2714.905,2715.014,0.0851
1729720800000,2024-10-23,22:00:00,2715.044,2716.744,2714.764,2716.448,0.0626
1729721100000,2024-10-23,22:05:00,2716.348,2716.748,2716.048,2716.548,0.0512
1729721400000,2024-10-23,22:10:00,2716.544,2716.648,2716.148,2716.448,0.0535
1729721700000,2024-10-23,22:15:00,2716.448,2717.354,2716.304,2717.144,0.1074
1729722000000,2024-10-23,22:20:00,2717.225,2717.855,2717.085,2717.595,0.041
1729722300000,2024-10-23,22:25:00,2717.565,2717.765,2717.185,2717.585,0.0291
1729722600000,2024-10-23,22:30:00,2717.615,2718.155,2717.195,2717.195,0.0249
1729722900000,2024-10-23,22:35:00,2717.195,2717.925,2717.095,2717.865,0.0178
1729723200000,2024-10-23,22:40:00,2717.865,2717.925,2717.028,2717.465,0.0379
1729723500000,2024-10-23,22:45:00,2717.415,2718.008,2717.375,2717.725,0.0191
1729723800000,2024-10-23,22:50:00,2717.735,2717.935,2717.735,2717.735,0.0064
1729724100000,2024-10-23,22:55:00,2717.735,2718.118,2717.535,2717.834,0.0268
1729724400000,2024-10-23,23:00:00,2717.848,2720.268,2717.848,2719.058,0.1829
1729724700000,2024-10-23,23:05:00,2719.055,2719.655,2718.985,2719.024,0.1346
1729725000000,2024-10-23,23:10:00,2719.024,2719.745,2718.735,2719.485,0.0179
1729725300000,2024-10-23,23:15:00,2719.505,2719.945,2719.165,2719.275,0.0272
1729725600000,2024-10-23,23:20:00,2719.265,2719.795,2718.624,2719.695,0.0327
1729725900000,2024-10-23,23:25:00,2719.675,2719.675,2719.255,2719.355,0.0085
1729726200000,2024-10-23,23:30:00,2719.325,2720.145,2719.285,2720.065,0.0188
1729726500000,2024-10-23,23:35:00,2720.178,2721.405,2720.178,2721.158,0.0324
1729726800000,2024-10-23,23:40:00,2721.155,2721.165,2720.285,2721.025,0.0442
1729727100000,2024-10-23,23:45:00,2721.025,2721.755,2720.218,2720.218,0.0499
1729727400000,2024-10-23,23:50:00,2720.215,2721.285,2720.145,2721.265,0.0774
1729727700000,2024-10-23,23:55:00,2721.215,2721.405,2720.805,2721.178,0.0721
1729728000000,2024-10-24,00:00:00,2721.165,2721.165,2718.915,2719.408,0.2634
1729728300000,2024-10-24,00:05:00,2719.405,2719.445,2718.655,2719.015,0.0962
1729728600000,2024-10-24,00:10:00,2718.995,2719.095,2717.704,2718.325,0.1382
1729728900000,2024-10-24,00:15:00,2718.325,2719.025,2718.025,2718.845,0.2379
1729729200000,2024-10-24,00:20:00,2718.835,2719.815,2718.725,2718.995,0.1647
1729729500000,2024-10-24,00:25:00,2718.965,2719.304,2718.335,2719.035,0.2434
1729729800000,2024-10-24,00:30:00,2719.025,2720.815,2718.985,2720.375,0.2781
1729730100000,2024-10-24,00:35:00,2720.385,2720.735,2720.125,2720.715,0.2703
1729730400000,2024-10-24,00:40:00,2720.728,2720.925,2719.345,2719.815,0.2172
1729730700000,2024-10-24,00:45:00,2719.815,2720.045,2718.728,2718.975,0.1944
1729731000000,2024-10-24,00:50:00,2718.965,2720.665,2718.725,2719.345,0.2433
1729731300000,2024-10-24,00:55:00,2719.425,2721.314,2719.285,2721.125,0.2818
1729731600000,2024-10-24,01:00:00,2721.125,2722.475,2720.224,2722.025,0.6604
1729731900000,2024-10-24,01:05:00,2722.025,2723.075,2721.785,2722.385,0.5441
1729732200000,2024-10-24,01:10:00,2722.464,2723.485,2722.065,2722.948,0.4355
1729732500000,2024-10-24,01:15:00,2722.948,2724.795,2721.735,2724.595,0.6327
1729732800000,2024-10-24,01:20:00,2724.595,2725.785,2723.885,2724.555,0.2747
1729733100000,2024-10-24,01:25:00,2724.525,2726.525,2724.165,2726.495,0.1595
1729733400000,2024-10-24,01:30:00,2726.505,2726.695,2725.165,2726.005,0.5401
1729733700000,2024-10-24,01:35:00,2725.995,2726.395,2725.415,2725.518,0.3844
1729734000000,2024-10-24,01:40:00,2725.495,2726.095,2724.275,2725.585,0.4413
1729734300000,2024-10-24,01:45:00,2725.585,2725.695,2723,2724.845,0.2882
1729734600000,2024-10-24,01:50:00,2724.815,2724.845,2723.255,2723.505,0.3077
1729734900000,2024-10-24,01:55:00,2723.515,2724.045,2722.075,2723.595,0.2381
1729735200000,2024-10-24,02:00:00,2723.605,2724.375,2722.338,2722.915,0.2591
1729735500000,2024-10-24,02:05:00,2722.905,2724.085,2722.485,2724.085,0.2152
1729735800000,2024-10-24,02:10:00,2724.048,2724.048,2721.505,2721.555,0.2593
1729736100000,2024-10-24,02:15:00,2721.505,2722.035,2721.245,2721.714,0.0822
1729736400000,2024-10-24,02:20:00,2721.714,2722.584,2720.975,2721.178,0.322
1729736700000,2024-10-24,02:25:00,2721.178,2722.785,2721.175,2722.085,0.1028
1729737000000,2024-10-24,02:30:00,2722.015,2722.185,2720.155,2721.215,0.2956
1729737300000,2024-10-24,02:35:00,2721.215,2722.105,2720.135,2721.395,0.164
1729737600000,2024-10-24,02:40:00,2721.425,2721.815,2720.165,2720.525,0.1405
1729737900000,2024-10-24,02:45:00,2720.525,2723.315,2720.255,2723.145,0.1318
1729738200000,2024-10-24,02:50:00,2723.145,2724.085,2723.115,2723.275,0.0897
1729738500000,2024-10-24,02:55:00,2723.265,2723.515,2722.645,2723.215,0.1096
1729738800000,2024-10-24,03:00:00,2723.205,2723.835,2722.435,2722.915,0.1779
1729739100000,2024-10-24,03:05:00,2722.945,2723.275,2722.135,2722.135,0.1157
1729739400000,2024-10-24,03:10:00,2722.155,2723.795,2721.755,2723.735,0.094
1729739700000,2024-10-24,03:15:00,2723.735,2723.945,2722.335,2722.445,0.0812
1729740000000,2024-10-24,03:20:00,2722.445,2722.675,2721.285,2722.155,0.055
1729740300000,2024-10-24,03:25:00,2722.155,2723.405,2722.155,2723.365,0.0944
1729740600000,2024-10-24,03:30:00,2723.365,2723.365,2722.115,2722.475,0.0584
1729740900000,2024-10-24,03:35:00,2722.475,2723.315,2722.375,2722.905,0.0533
1729741200000,2024-10-24,03:40:00,2722.885,2723.038,2721.415,2721.635,0.0723
1729741500000,2024-10-24,03:45:00,2721.665,2723.298,2721.535,2723.015,0.1225
1729741800000,2024-10-24,03:50:00,2723.024,2723.095,2722.305,2722.475,0.0424
1729742100000,2024-10-24,03:55:00,2722.475,2723.095,2721.895,2722.805,0.0518
1729742400000,2024-10-24,04:00:00,2722.805,2723.675,2722.695,2723.675,0.0925
1729742700000,2024-10-24,04:05:00,2723.705,2724.015,2722.935,2723.775,0.0614
1729743000000,2024-10-24,04:10:00,2723.775,2723.905,2723.225,2723.255,0.0532
1729743300000,2024-10-24,04:15:00,2723.255,2724.215,2723.125,2724.005,0.0851
1729743600000,2024-10-24,04:20:00,2724.005,2724.768,2723.745,2724.735,0.0823
1729743900000,2024-10-24,04:25:00,2724.735,2725.808,2724.635,2725.675,0.0832
1729744200000,2024-10-24,04:30:00,2725.645,2726.218,2725.355,2725.915,0.1036
1729744500000,2024-10-24,04:35:00,2725.915,2726.525,2725.225,2726.004,0.1248
1729744800000,2024-10-24,04:40:00,2725.978,2726.204,2725.378,2725.605,0.1185
1729745100000,2024-10-24,04:45:00,2725.585,2726.465,2725.575,2726.395,0.0824
1729745400000,2024-10-24,04:50:00,2726.395,2726.908,2725.845,2726.105,0.1143
1729745700000,2024-10-24,04:55:00,2726.155,2726.705,2726.075,2726.405,0.0864
1729746000000,2024-10-24,05:00:00,2726.405,2726.995,2726.005,2726.855,0.1517
1729746300000,2024-10-24,05:05:00,2726.855,2727.385,2725.805,2725.925,0.0673
1729746600000,2024-10-24,05:10:00,2725.935,2726.585,2725.745,2726.575,0.0829
1729746900000,2024-10-24,05:15:00,2726.575,2727.938,2726.575,2727.925,0.113
1729747200000,2024-10-24,05:20:00,2727.925,2728.005,2727.375,2727.755,0.1228
1729747500000,2024-10-24,05:25:00,2727.755,2727.878,2726.715,2727.665,0.0823
1729747800000,2024-10-24,05:30:00,2727.695,2728.505,2727.545,2728.305,0.1566
1729748100000,2024-10-24,05:35:00,2728.275,2728.495,2726.858,2727.805,0.1315
1729748400000,2024-10-24,05:40:00,2727.805,2728.315,2727.375,2727.755,0.1112
1729748700000,2024-10-24,05:45:00,2727.755,2727.755,2726.635,2727.485,0.0996
1729749000000,2024-10-24,05:50:00,2727.505,2728.995,2727.485,2727.965,0.1114
1729749300000,2024-10-24,05:55:00,2727.975,2729.615,2727.975,2728.825,0.1472
1729749600000,2024-10-24,06:00:00,2728.835,2729.585,2728.335,2728.995,0.1198
1729749900000,2024-10-24,06:05:00,2728.995,2730.205,2728.225,2729.275,0.1355
1729750200000,2024-10-24,06:10:00,2729.298,2730.795,2729.095,2730.685,0.134
1729750500000,2024-10-24,06:15:00,2730.708,2730.838,2729.275,2730.175,0.15
1729750800000,2024-10-24,06:20:00,2730.165,2731.405,2729.575,2731.235,0.1533
1729751100000,2024-10-24,06:25:00,2731.235,2733.215,2731.185,2733.095,0.2499
1729751400000,2024-10-24,06:30:00,2733.095,2734.855,2732.915,2733.895,0.2091
1729751700000,2024-10-24,06:35:00,2733.895,2734.985,2733.325,2734.945,0.163
1729752000000,2024-10-24,06:40:00,2734.945,2736.295,2733.775,2734.485,0.2023
1729752300000,2024-10-24,06:45:00,2734.515,2735.505,2734.135,2735.045,0.1636
1729752600000,2024-10-24,06:50:00,2735.145,2735.984,2734.734,2734.785,0.1412
1729752900000,2024-10-24,06:55:00,2734.785,2735.095,2733.495,2735.045,0.2648
1729753200000,2024-10-24,07:00:00,2735.025,2735.035,2733.885,2734.505,0.1995
1729753500000,2024-10-24,07:05:00,2734.505,2736.335,2734.445,2736.315,0.1276
1729753800000,2024-10-24,07:10:00,2736.315,2736.465,2735.248,2736.435,0.1414
1729754100000,2024-10-24,07:15:00,2736.438,2736.948,2734.888,2734.948,0.2532
1729754400000,2024-10-24,07:20:00,2734.928,2735.765,2734.284,2735.135,0.4007
1729754700000,2024-10-24,07:25:00,2735.144,2735.575,2733.728,2733.728,0.3704
1729755000000,2024-10-24,07:30:00,2733.685,2735.615,2733.675,2735.465,0.2313
1729755300000,2024-10-24,07:35:00,2735.435,2736.205,2734.685,2735.355,0.1141
1729755600000,2024-10-24,07:40:00,2735.265,2735.478,2734.225,2735.095,0.0742
1729755900000,2024-10-24,07:45:00,2735.125,2735.285,2732.805,2732.905,0.2392
1729756200000,2024-10-24,07:50:00,2732.954,2733.645,2732.065,2733.065,0.1606
1729756500000,2024-10-24,07:55:00,2733.055,2733.605,2732.845,2733.475,0.1318
1729756800000,2024-10-24,08:00:00,2733.475,2733.755,2732.355,2732.925,0.3078
1729757100000,2024-10-24,08:05:00,2732.925,2735.125,2732.674,2734.485,0.1322
1729757400000,2024-10-24,08:10:00,2734.455,2735.525,2733.885,2735.495,0.3819
1729757700000,2024-10-24,08:15:00,2735.575,2736.235,2735.185,2735.655,0.3591
1729758000000,2024-10-24,08:20:00,2735.678,2737.065,2735.515,2736.855,0.2475
1729758300000,2024-10-24,08:25:00,2736.825,2737.528,2736.028,2736.058,0.1962
1729758600000,2024-10-24,08:30:00,2736.098,2737.585,2735.844,2736.575,0.1342
1729758900000,2024-10-24,08:35:00,2736.575,2737.495,2735.875,2737.395,0.1198
1729759200000,2024-10-24,08:40:00,2737.395,2737.705,2736.548,2736.765,0.0993
1729759500000,2024-10-24,08:45:00,2736.755,2736.778,2735.205,2736.625,0.1592
1729759800000,2024-10-24,08:50:00,2736.665,2737.685,2736.515,2737.335,0.1034
1729760100000,2024-10-24,08:55:00,2737.335,2737.688,2736.518,2736.675,0.1538
1729760400000,2024-10-24,09:00:00,2736.675,2737.978,2735.925,2737.625,0.1444
1729760700000,2024-10-24,09:05:00,2737.635,2738.238,2737.465,2738.195,0.0975
1729761000000,2024-10-24,09:10:00,2738.195,2738.285,2737.378,2737.775,0.1164
1729761300000,2024-10-24,09:15:00,2737.745,2738.505,2737.685,2737.885,0.0917
1729761600000,2024-10-24,09:20:00,2737.904,2738.108,2736.675,2736.964,0.2714
1729761900000,2024-10-24,09:25:00,2736.954,2737.264,2736.385,2736.554,0.2172
1729762200000,2024-10-24,09:30:00,2736.544,2738.948,2736.474,2737.615,0.2926
1729762500000,2024-10-24,09:35:00,2737.615,2737.965,2736.705,2736.818,0.0786
1729762800000,2024-10-24,09:40:00,2736.908,2737.438,2736.685,2736.905,0.0734
1729763100000,2024-10-24,09:45:00,2736.875,2736.968,2735.755,2735.875,0.0756
1729763400000,2024-10-24,09:50:00,2735.888,2736.775,2735.705,2735.905,0.0833
1729763700000,2024-10-24,09:55:00,2735.888,2736.565,2735.755,2736.405,0.0746
1729764000000,2024-10-24,10:00:00,2736.405,2737.225,2736.358,2736.575,0.0815
1729764300000,2024-10-24,10:05:00,2736.575,2736.715,2736.165,2736.465,0.0769
1729764600000,2024-10-24,10:10:00,2736.465,2738.038,2736.445,2737.265,0.1308
1729764900000,2024-10-24,10:15:00,2737.265,2737.725,2736.725,2737.615,0.1101
1729765200000,2024-10-24,10:20:00,2737.615,2737.665,2736.585,2737.135,0.1315
1729765500000,2024-10-24,10:25:00,2737.288,2737.678,2736.655,2736.805,0.0816
1729765800000,2024-10-24,10:30:00,2736.868,2737.815,2736.545,2737.515,0.0814
1729766100000,2024-10-24,10:35:00,2737.515,2738.675,2737.365,2738.335,0.0956
1729766400000,2024-10-24,10:40:00,2738.338,2739.015,2738.295,2738.505,0.106
1729766700000,2024-10-24,10:45:00,2738.545,2739.018,2738.195,2738.595,0.1386
1729767000000,2024-10-24,10:50:00,2738.575,2738.575,2737.415,2737.495,0.128
1729767300000,2024-10-24,10:55:00,2737.495,2737.538,2736.545,2736.675,0.2133
1729767600000,2024-10-24,11:00:00,2736.668,2737.795,2736.645,2737.635,0.2627
1729767900000,2024-10-24,11:05:00,2737.645,2737.948,2736.585,2737.745,0.2879
1729768200000,2024-10-24,11:10:00,2737.725,2737.975,2736.925,2736.938,0.2524
1729768500000,2024-10-24,11:15:00,2736.938,2737.075,2735.175,2735.365,0.3677
1729768800000,2024-10-24,11:20:00,2735.345,2736.885,2735.045,2735.815,0.1551
1729769100000,2024-10-24,11:25:00,2735.815,2736.055,2735.025,2735.835,0.1648
1729769400000,2024-10-24,11:30:00,2735.805,2737.518,2735.545,2737.475,0.3408
1729769700000,2024-10-24,11:35:00,2737.465,2738.685,2737.058,2738.585,0.1518
1729770000000,2024-10-24,11:40:00,2738.585,2739.148,2737.675,2738.495,0.2023
1729770300000,2024-10-24,11:45:00,2738.505,2739.475,2738.505,2739.235,0.148
1729770600000,2024-10-24,11:50:00,2739.235,2739.295,2738.325,2739.135,0.1276
1729770900000,2024-10-24,11:55:00,2739.145,2739.235,2737.665,2738.475,0.1246
1729771200000,2024-10-24,12:00:00,2738.455,2738.915,2737.385,2738.265,0.2426
1729771500000,2024-10-24,12:05:00,2738.225,2738.565,2736.885,2737.295,0.1393
1729771800000,2024-10-24,12:10:00,2737.295,2738.245,2736.715,2737.254,0.2025
1729772100000,2024-10-24,12:15:00,2737.254,2737.295,2735.705,2736.495,0.3985
1729772400000,2024-10-24,12:20:00,2736.495,2739.055,2735.585,2738.205,0.2709
1729772700000,2024-10-24,12:25:00,2738.215,2739.045,2737.885,2738.778,0.2379
1729773000000,2024-10-24,12:30:00,2738.908,2738.908,2734.328,2736.805,0.6512
1729773300000,2024-10-24,12:35:00,2736.785,2739.575,2736.615,2739.385,0.2874
1729773600000,2024-10-24,12:40:00,2739.345,2741.455,2738.275,2740.735,0.3021
1729773900000,2024-10-24,12:45:00,2740.705,2740.935,2738.485,2738.855,0.3465
1729774200000,2024-10-24,12:50:00,2738.885,2739.975,2738.638,2739.815,0.2203
1729774500000,2024-10-24,12:55:00,2739.805,2740.005,2738.548,2738.895,0.2138
1729774800000,2024-10-24,13:00:00,2738.948,2739.925,2737.558,2739.055,0.436
1729775100000,2024-10-24,13:05:00,2739.065,2740.995,2737.975,2740.545,0.6472
1729775400000,2024-10-24,13:10:00,2740.545,2741.245,2739.488,2739.658,0.4026
1729775700000,2024-10-24,13:15:00,2739.615,2741.245,2739.245,2740.945,0.163
1729776000000,2024-10-24,13:20:00,2740.975,2741.685,2739.915,2740.065,0.2915
1729776300000,2024-10-24,13:25:00,2740.145,2742.628,2740.098,2742.505,0.3313
1729776600000,2024-10-24,13:30:00,2742.505,2743.175,2740.645,2740.995,0.6307
1729776900000,2024-10-24,13:35:00,2740.995,2741.435,2739.085,2740.675,0.6498
1729777200000,2024-10-24,13:40:00,2740.675,2740.705,2737.655,2738.455,0.6306
1729777500000,2024-10-24,13:45:00,2738.414,2739.175,2734.795,2734.795,1.2105
1729777800000,2024-10-24,13:50:00,2734.765,2735.358,2729.505,2733.515,0.925
1729778100000,2024-10-24,13:55:00,2733.555,2734.515,2730.685,2733.545,0.6388
1729778400000,2024-10-24,14:00:00,2733.485,2735.544,2731.658,2734.165,0.7584
1729778700000,2024-10-24,14:05:00,2734.165,2736.075,2733.625,2735.095,0.9435
1729779000000,2024-10-24,14:10:00,2734.985,2735.445,2732.285,2732.415,0.7092
1729779300000,2024-10-24,14:15:00,2732.375,2732.555,2729.215,2729.795,0.8227
1729779600000,2024-10-24,14:20:00,2729.765,2730.845,2726.735,2728.515,0.5942
1729779900000,2024-10-24,14:25:00,2728.485,2728.865,2724.985,2725.685,0.5221
1729780200000,2024-10-24,14:30:00,2725.728,2727.645,2722.705,2723.275,0.8151
1729780500000,2024-10-24,14:35:00,2723.325,2725.655,2722.385,2725.035,1.0998
1729780800000,2024-10-24,14:40:00,2725.045,2729.715,2723.345,2728.755,1.0362
1729781100000,2024-10-24,14:45:00,2728.755,2729.818,2727.654,2728.705,0.6328
1729781400000,2024-10-24,14:50:00,2728.718,2729.205,2726.565,2728.535,0.4979
1729781700000,2024-10-24,14:55:00,2728.578,2732.658,2728.395,2732.235,0.7557
1729782000000,2024-10-24,15:00:00,2732.304,2734.128,2731.825,2732.008,0.6402
1729782300000,2024-10-24,15:05:00,2731.955,2733.195,2730.615,2732.625,0.3884
1729782600000,2024-10-24,15:10:00,2732.625,2734.255,2732.485,2733.955,0.4469
1729782900000,2024-10-24,15:15:00,2733.955,2734.175,2732.115,2732.258,0.2676
1729783200000,2024-10-24,15:20:00,2732.205,2733.448,2730.185,2731.895,0.5094
1729783500000,2024-10-24,15:25:00,2731.895,2734.005,2731.485,2732.265,0.1742
1729783800000,2024-10-24,15:30:00,2732.275,2733.255,2730.855,2731.285,0.1639
1729784100000,2024-10-24,15:35:00,2731.325,2731.655,2728.875,2729.048,0.2435
1729784400000,2024-10-24,15:40:00,2729.025,2730.388,2728.945,2729.455,0.4559
1729784700000,2024-10-24,15:45:00,2729.405,2731.415,2729.375,2729.495,0.5384
1729785000000,2024-10-24,15:50:00,2729.535,2730.175,2726.725,2729.195,0.5691
1729785300000,2024-10-24,15:55:00,2729.195,2731.635,2729.165,2730.965,0.4975
1729785600000,2024-10-24,16:00:00,2730.965,2731.728,2729.828,2730.108,0.3919
1729785900000,2024-10-24,16:05:00,2730.085,2730.278,2727.975,2728.605,0.3908
1729786200000,2024-10-24,16:10:00,2728.595,2728.805,2726.475,2727.645,0.3517
1729786500000,2024-10-24,16:15:00,2727.655,2728.345,2725.628,2727.688,0.3252
1729786800000,2024-10-24,16:20:00,2727.664,2728.295,2726.568,2727.888,0.2565
1729787100000,2024-10-24,16:25:00,2727.855,2729.018,2727.555,2727.828,0.2385
1729787400000,2024-10-24,16:30:00,2727.795,2729.278,2727.355,2728.325,0.3301
1729787700000,2024-10-24,16:35:00,2728.265,2731.025,2728.235,2730.725,0.2188
1729788000000,2024-10-24,16:40:00,2730.725,2732.938,2730.125,2732.938,0.2719
1729788300000,2024-10-24,16:45:00,2732.898,2734.235,2732.428,2734.104,0.3473
1729788600000,2024-10-24,16:50:00,2734.104,2735.415,2733.128,2733.534,0.5179
1729788900000,2024-10-24,16:55:00,2733.454,2735.085,2733.264,2733.538,0.3313
1729789200000,2024-10-24,17:00:00,2733.538,2735.755,2733.415,2735.295,0.2428
1729789500000,2024-10-24,17:05:00,2735.295,2736.705,2734.735,2736.165,0.3807
1729789800000,2024-10-24,17:10:00,2736.165,2736.435,2734.035,2734.045,0.3835
1729790100000,2024-10-24,17:15:00,2734.048,2734.955,2732.805,2734.525,0.1657
1729790400000,2024-10-24,17:20:00,2734.598,2735.005,2733.625,2734.205,0.1019
1729790700000,2024-10-24,17:25:00,2734.205,2736.138,2734.105,2735.808,0.2325
1729791000000,2024-10-24,17:30:00,2735.785,2736.175,2734.725,2735.605,0.2575
1729791300000,2024-10-24,17:35:00,2735.645,2736.665,2734.625,2735.625,0.3438
1729791600000,2024-10-24,17:40:00,2735.625,2736.905,2735.335,2736.745,0.1683
1729791900000,2024-10-24,17:45:00,2736.745,2736.745,2734.565,2734.718,0.42
1729792200000,2024-10-24,17:50:00,2734.708,2735.335,2734.558,2735.018,0.3637
1729792500000,2024-10-24,17:55:00,2734.985,2735.415,2734.315,2735.285,0.4274
1729792800000,2024-10-24,18:00:00,2735.285,2736.335,2734.358,2736.135,0.498
1729793100000,2024-10-24,18:05:00,2736.145,2737.078,2735.218,2736.815,0.3618
1729793400000,2024-10-24,18:10:00,2736.835,2736.985,2736.145,2736.385,0.3542
1729793700000,2024-10-24,18:15:00,2736.425,2737.328,2736.285,2736.705,0.3821
1729794000000,2024-10-24,18:20:00,2736.705,2737.528,2736.505,2737.335,0.3398
1729794300000,2024-10-24,18:25:00,2737.378,2737.638,2736.845,2737.345,0.3957
1729794600000,2024-10-24,18:30:00,2737.375,2737.375,2734.945,2736.004,0.3371
1729794900000,2024-10-24,18:35:00,2736.015,2736.314,2735.338,2735.855,0.2139
1729795200000,2024-10-24,18:40:00,2735.855,2736.268,2735.435,2735.598,0.176
1729795500000,2024-10-24,18:45:00,2735.535,2735.998,2735.095,2735.905,0.109
1729795800000,2024-10-24,18:50:00,2735.935,2736.735,2735.688,2735.988,0.1152
1729796100000,2024-10-24,18:55:00,2735.955,2736.078,2735.348,2735.488,0.2314
1729796400000,2024-10-24,19:00:00,2735.488,2735.498,2734.345,2734.498,0.2195
1729796700000,2024-10-24,19:05:00,2734.528,2735.498,2734.365,2735.005,0.2703
1729797000000,2024-10-24,19:10:00,2735.028,2735.488,2734.405,2734.435,0.2477
1729797300000,2024-10-24,19:15:00,2734.425,2734.535,2733.345,2734.008,0.1912
1729797600000,2024-10-24,19:20:00,2734.005,2734.288,2733.485,2734.095,0.1597
1729797900000,2024-10-24,19:25:00,2734.065,2735.168,2734.025,2734.698,0.1258
1729798200000,2024-10-24,19:30:00,2734.708,2734.868,2733.518,2734.588,0.1672
1729798500000,2024-10-24,19:35:00,2734.598,2735.178,2734.288,2734.668,0.168
1729798800000,2024-10-24,19:40:00,2734.658,2735.308,2734.595,2735.155,0.1808
1729799100000,2024-10-24,19:45:00,2735.198,2736.018,2735.135,2735.915,0.1841
1729799400000,2024-10-24,19:50:00,2735.915,2736.458,2735.308,2735.638,0.2103
1729799700000,2024-10-24,19:55:00,2735.565,2736.898,2735.478,2736.898,0.2759
1729800000000,2024-10-24,20:00:00,2736.998,2736.998,2735.755,2736.388,0.1499
1729800300000,2024-10-24,20:05:00,2736.365,2736.538,2736.118,2736.138,0.0516
1729800600000,2024-10-24,20:10:00,2736.138,2736.238,2735.688,2735.758,0.0516
1729800900000,2024-10-24,20:15:00,2735.768,2735.858,2735.518,2735.648,0.052
1729801200000,2024-10-24,20:20:00,2735.545,2735.838,2735.398,2735.748,0.0458
1729801500000,2024-10-24,20:25:00,2735.695,2735.968,2735.428,2735.928,0.044
1729801800000,2024-10-24,20:30:00,2735.938,2736.238,2734.898,2735.615,0.0793
1729802100000,2024-10-24,20:35:00,2735.615,2736.138,2735.615,2736.028,0.0478
1729802400000,2024-10-24,20:40:00,2736.028,2736.028,2735.748,2735.868,0.0365
1729802700000,2024-10-24,20:45:00,2735.878,2736.068,2735.515,2735.785,0.0506
1729803000000,2024-10-24,20:50:00,2735.825,2736.118,2735.725,2735.808,0.0305
1729803300000,2024-10-24,20:55:00,2735.735,2736.095,2735.695,2735.875,0.0557
1729807200000,2024-10-24,22:00:00,2735.318,2735.925,2735.248,2735.735,0.0507
1729807500000,2024-10-24,22:05:00,2735.695,2735.695,2734.865,2734.915,0.0274
1729807800000,2024-10-24,22:10:00,2734.915,2735.165,2734.608,2734.865,0.0198
1729808100000,2024-10-24,22:15:00,2734.865,2734.955,2734.655,2734.725,0.0148
1729808400000,2024-10-24,22:20:00,2734.735,2734.755,2734.535,2734.595,0.0141
1729808700000,2024-10-24,22:25:00,2734.655,2734.855,2734.424,2734.835,0.0075
1729809000000,2024-10-24,22:30:00,2734.815,2735.085,2734.455,2734.745,0.0207
1729809300000,2024-10-24,22:35:00,2734.755,2735.115,2734.698,2735.034,0.0407
1729809600000,2024-10-24,22:40:00,2735.015,2735.015,2734.715,2734.778,0.0336
1729809900000,2024-10-24,22:45:00,2734.778,2734.818,2734.585,2734.815,0.0124
1729810200000,2024-10-24,22:50:00,2734.815,2734.878,2734.635,2734.825,0.0138
1729810500000,2024-10-24,22:55:00,2734.805,2734.805,2734.378,2734.455,0.0218
1729810800000,2024-10-24,23:00:00,2734.465,2734.965,2734.345,2734.865,0.0738
1729811100000,2024-10-24,23:05:00,2734.928,2735.068,2734.785,2735.028,0.0786
1729811400000,2024-10-24,23:10:00,2735.038,2735.075,2734.938,2734.995,0.026
1729811700000,2024-10-24,23:15:00,2734.945,2735.138,2734.838,2735.038,0.044
1729812000000,2024-10-24,23:20:00,2735.038,2735.048,2734.908,2734.928,0.0358
1729812300000,2024-10-24,23:25:00,2735.005,2735.328,2734.928,2735.128,0.0507
1729812600000,2024-10-24,23:30:00,2735.128,2735.238,2734.635,2734.918,0.0687
1729812900000,2024-10-24,23:35:00,2734.908,2735.118,2734.705,2735.035,0.0554
1729813200000,2024-10-24,23:40:00,2735.065,2735.065,2734.178,2734.578,0.1003
1729813500000,2024-10-24,23:45:00,2734.555,2734.725,2733.785,2733.795,0.1402
1729813800000,2024-10-24,23:50:00,2733.795,2734.148,2733.715,2733.885,0.1299
1729814100000,2024-10-24,23:55:00,2733.885,2733.968,2733.495,2733.688,0.1223
1729814400000,2024-10-25,00:00:00,2733.658,2734.215,2733.355,2734.015,0.0882
1729814700000,2024-10-25,00:05:00,2734.015,2734.805,2733.895,2734.005,0.0597
1729815000000,2024-10-25,00:10:00,2734.015,2734.355,2733.915,2734.005,0.0538
1729815300000,2024-10-25,00:15:00,2734.005,2734.005,2732.855,2733.075,0.0788
1729815600000,2024-10-25,00:20:00,2733.075,2733.085,2732.395,2732.735,0.0547
1729815900000,2024-10-25,00:25:00,2732.755,2732.868,2732.035,2732.615,0.0416
1729816200000,2024-10-25,00:30:00,2732.695,2733.715,2732.695,2732.945,0.1494
1729816500000,2024-10-25,00:35:00,2732.965,2732.995,2732.085,2732.135,0.1173
1729816800000,2024-10-25,00:40:00,2732.145,2732.725,2731.875,2732.345,0.1255
1729817100000,2024-10-25,00:45:00,2732.355,2732.565,2731.165,2731.185,0.14
1729817400000,2024-10-25,00:50:00,2731.175,2732.395,2731.165,2732.215,0.2003
1729817700000,2024-10-25,00:55:00,2732.215,2732.455,2731.565,2732.375,0.2707
1729818000000,2024-10-25,01:00:00,2732.375,2732.815,2731.205,2732.435,0.5988
1729818300000,2024-10-25,01:05:00,2732.435,2733.375,2732.085,2732.625,0.5014
1729818600000,2024-10-25,01:10:00,2732.555,2735.008,2732.495,2734.408,0.445
1729818900000,2024-10-25,01:15:00,2734.425,2734.815,2733.185,2734.115,0.4075
1729819200000,2024-10-25,01:20:00,2734.115,2734.345,2732.738,2733.325,0.3956
1729819500000,2024-10-25,01:25:00,2733.315,2734.255,2733.055,2733.675,0.3436
1729819800000,2024-10-25,01:30:00,2733.685,2734.175,2732.675,2733.725,0.2118
1729820100000,2024-10-25,01:35:00,2733.725,2734.445,2732.928,2732.968,0.3569
1729820400000,2024-10-25,01:40:00,2732.928,2734.585,2732.755,2732.995,0.2193
1729820700000,2024-10-25,01:45:00,2732.995,2732.995,2730.575,2730.595,0.1489
1729821000000,2024-10-25,01:50:00,2730.615,2731.025,2730.005,2730.125,0.1387
1729821300000,2024-10-25,01:55:00,2730.125,2730.635,2729.665,2729.895,0.1584
1729821600000,2024-10-25,02:00:00,2729.895,2729.895,2728.055,2728.925,0.1602
1729821900000,2024-10-25,02:05:00,2728.905,2729.135,2727.375,2727.628,0.1657
1729822200000,2024-10-25,02:10:00,2727.615,2729.335,2727.305,2729.005,0.3836
1729822500000,2024-10-25,02:15:00,2728.995,2730.095,2728.995,2729.345,0.0888
1729822800000,2024-10-25,02:20:00,2729.365,2729.485,2728.335,2729.015,0.0592
1729823100000,2024-10-25,02:25:00,2729.045,2729.185,2728.504,2728.725,0.0496
1729823400000,2024-10-25,02:30:00,2728.695,2728.785,2727.495,2727.788,0.16
1729823700000,2024-10-25,02:35:00,2727.775,2728.165,2726.005,2726.485,0.3254
1729824000000,2024-10-25,02:40:00,2726.465,2727.995,2726.235,2727.775,0.2972
1729824300000,2024-10-25,02:45:00,2727.805,2727.985,2726.925,2727.435,0.172
1729824600000,2024-10-25,02:50:00,2727.425,2728.375,2727.145,2727.235,0.2689
1729824900000,2024-10-25,02:55:00,2727.265,2728.605,2726.695,2728.245,0.2216
1729825200000,2024-10-25,03:00:00,2728.215,2728.245,2726.475,2726.758,0.2786
1729825500000,2024-10-25,03:05:00,2726.738,2727.115,2726.205,2727.025,0.3623
1729825800000,2024-10-25,03:10:00,2727.055,2727.055,2724.425,2724.505,0.3375
1729826100000,2024-10-25,03:15:00,2724.535,2726.235,2724.295,2726.075,0.157
1729826400000,2024-10-25,03:20:00,2726.075,2726.265,2725.725,2726.195,0.0578
1729826700000,2024-10-25,03:25:00,2726.205,2727.115,2726.155,2726.875,0.0655
1729827000000,2024-10-25,03:30:00,2726.865,2726.875,2725.055,2725.425,0.038
1729827300000,2024-10-25,03:35:00,2725.395,2725.775,2725.205,2725.285,0.0693
1729827600000,2024-10-25,03:40:00,2725.275,2725.695,2725,2725.585,0.0732
1729827900000,2024-10-25,03:45:00,2725.615,2725.805,2724.645,2725.615,0.1004
1729828200000,2024-10-25,03:50:00,2725.615,2725.778,2725.115,2725.635,0.1703
1729828500000,2024-10-25,03:55:00,2725.608,2726.255,2725.545,2725.885,0.0769
1729828800000,2024-10-25,04:00:00,2725.875,2726.615,2725.295,2726.615,0.06
1729829100000,2024-10-25,04:05:00,2726.624,2727.105,2726.205,2727.025,0.0756
1729829400000,2024-10-25,04:10:00,2727.055,2727.655,2725.965,2726.055,0.1543
1729829700000,2024-10-25,04:15:00,2726.035,2726.795,2725.995,2726.565,0.0614
1729830000000,2024-10-25,04:20:00,2726.575,2726.575,2725,2725,0.1358
1729830300000,2024-10-25,04:25:00,2725,2725.075,2723.925,2724.395,0.1093
1729830600000,2024-10-25,04:30:00,2724.385,2724.715,2723.805,2724.455,0.0595
1729830900000,2024-10-25,04:35:00,2724.395,2725.955,2724.395,2725.875,0.0567
1729831200000,2024-10-25,04:40:00,2725.855,2726.058,2724.805,2725.455,0.0564
1729831500000,2024-10-25,04:45:00,2725.534,2726.015,2725.395,2725.768,0.0333
1729831800000,2024-10-25,04:50:00,2725.795,2726.708,2725.685,2726.698,0.098
1729832100000,2024-10-25,04:55:00,2726.688,2726.755,2725.665,2725.785,0.1637
1729832400000,2024-10-25,05:00:00,2725.805,2728.075,2725.805,2728.075,0.1739
1729832700000,2024-10-25,05:05:00,2728.075,2728.268,2726.565,2727.365,0.1629
1729833000000,2024-10-25,05:10:00,2727.465,2727.905,2727.175,2727.565,0.1648
1729833300000,2024-10-25,05:15:00,2727.565,2728.745,2727.265,2728.745,0.1322
1729833600000,2024-10-25,05:20:00,2728.705,2728.705,2726.955,2727.118,0.2433
1729833900000,2024-10-25,05:25:00,2727.115,2727.705,2726.665,2727.475,0.1771
1729834200000,2024-10-25,05:30:00,2727.495,2729.495,2727.465,2729.275,0.3134
1729834500000,2024-10-25,05:35:00,2729.295,2729.635,2727.405,2727.585,0.3453
1729834800000,2024-10-25,05:40:00,2727.605,2728.655,2727.005,2728.355,0.3912
1729835100000,2024-10-25,05:45:00,2728.355,2728.585,2727.325,2727.795,0.0962
1729835400000,2024-10-25,05:50:00,2727.795,2728.815,2727.785,2728.225,0.141
1729835700000,2024-10-25,05:55:00,2728.225,2728.675,2727.765,2728.435,0.138
1729836000000,2024-10-25,06:00:00,2728.445,2728.755,2727.355,2727.925,0.2009
1729836300000,2024-10-25,06:05:00,2727.925,2728.345,2726.535,2727.355,0.2302
1729836600000,2024-10-25,06:10:00,2727.355,2727.355,2725.205,2726.475,0.5151
1729836900000,2024-10-25,06:15:00,2726.465,2727.475,2725.895,2727.355,0.3727
1729837200000,2024-10-25,06:20:00,2727.325,2727.735,2724.825,2725.765,0.4771
1729837500000,2024-10-25,06:25:00,2725.765,2727.825,2725.425,2727.405,0.3061
1729837800000,2024-10-25,06:30:00,2727.395,2729.325,2727.105,2728.315,0.3801
1729838100000,2024-10-25,06:35:00,2728.325,2729.115,2727.985,2729.085,0.2685
1729838400000,2024-10-25,06:40:00,2728.975,2730.145,2728.695,2729.845,0.2151
1729838700000,2024-10-25,06:45:00,2729.875,2731.118,2729.875,2730.795,0.1437
1729839000000,2024-10-25,06:50:00,2730.815,2731.945,2730.815,2731.855,0.2072
1729839300000,2024-10-25,06:55:00,2731.835,2732.425,2731.125,2732.085,0.1466
1729839600000,2024-10-25,07:00:00,2732.095,2732.095,2729.855,2730.138,0.2113
1729839900000,2024-10-25,07:05:00,2730.175,2730.175,2728.625,2729.585,0.3417
1729840200000,2024-10-25,07:10:00,2729.565,2730.245,2728.675,2728.685,0.24
1729840500000,2024-10-25,07:15:00,2728.665,2730.185,2728.575,2729.325,0.1881
1729840800000,2024-10-25,07:20:00,2729.325,2730.365,2728.825,2729.195,0.1193
1729841100000,2024-10-25,07:25:00,2729.205,2729.475,2728.665,2729.365,0.1466
1729841400000,2024-10-25,07:30:00,2729.365,2729.415,2727.525,2727.875,0.1367
1729841700000,2024-10-25,07:35:00,2727.885,2728.795,2726.988,2726.988,0.201
1729842000000,2024-10-25,07:40:00,2726.985,2727.835,2726.555,2727.495,0.0997
1729842300000,2024-10-25,07:45:00,2727.515,2727.895,2726.515,2727.118,0.1427
1729842600000,2024-10-25,07:50:00,2727.115,2727.268,2725.845,2726.545,0.3249
1729842900000,2024-10-25,07:55:00,2726.515,2726.785,2725.788,2726.325,0.3082
1729843200000,2024-10-25,08:00:00,2726.375,2726.905,2725.638,2726.165,0.1196
1729843500000,2024-10-25,08:05:00,2726.204,2726.485,2724.438,2724.465,0.2318
1729843800000,2024-10-25,08:10:00,2724.498,2724.935,2724.145,2724.695,0.1176
1729844100000,2024-10-25,08:15:00,2724.695,2724.845,2723,2723.295,0.4191
1729844400000,2024-10-25,08:20:00,2723.295,2723.365,2720.735,2720.745,0.2609
1729844700000,2024-10-25,08:25:00,2720.755,2722.735,2720.525,2722.035,0.3533
1729845000000,2024-10-25,08:30:00,2721.955,2721.955,2720.515,2721.045,0.2207
1729845300000,2024-10-25,08:35:00,2721.085,2721.225,2718.848,2719.765,0.3531
1729845600000,2024-10-25,08:40:00,2719.675,2720.968,2718.815,2720.965,0.2484
1729845900000,2024-10-25,08:45:00,2720.965,2721.155,2719.145,2719.655,0.2577
1729846200000,2024-10-25,08:50:00,2719.655,2719.685,2718.725,2718.985,0.1496
1729846500000,2024-10-25,08:55:00,2719.005,2720.085,2718.788,2719.255,0.3126
1729846800000,2024-10-25,09:00:00,2719.275,2719.345,2718,2718.275,0.3893
1729847100000,2024-10-25,09:05:00,2718.275,2719.745,2717.565,2719.725,0.2068
1729847400000,2024-10-25,09:10:00,2719.725,2720.475,2719.315,2720.295,0.1296
1729847700000,2024-10-25,09:15:00,2720.325,2720.765,2718.705,2719.165,0.208
1729848000000,2024-10-25,09:20:00,2719.205,2719.898,2718.825,2719.015,0.2262
1729848300000,2024-10-25,09:25:00,2718.995,2719.015,2717.185,2718.258,0.2727
1729848600000,2024-10-25,09:30:00,2718.258,2718.945,2717.635,2717.745,0.3251
1729848900000,2024-10-25,09:35:00,2717.735,2718.588,2716.885,2718.588,0.3127
1729849200000,2024-10-25,09:40:00,2718.588,2720.268,2718.175,2720.195,0.4926
1729849500000,2024-10-25,09:45:00,2720.198,2720.738,2719.568,2720.425,0.2989
1729849800000,2024-10-25,09:50:00,2720.415,2721.235,2720.125,2720.828,0.215
1729850100000,2024-10-25,09:55:00,2720.825,2721.098,2719.855,2721.098,0.1754
1729850400000,2024-10-25,10:00:00,2721.045,2722.068,2720.578,2720.618,0.2752
1729850700000,2024-10-25,10:05:00,2720.628,2721.428,2719.484,2719.915,0.2178
1729851000000,2024-10-25,10:10:00,2719.885,2720.308,2718.485,2719.305,0.1578
1729851300000,2024-10-25,10:15:00,2719.305,2719.375,2717.204,2717.204,0.1559
1729851600000,2024-10-25,10:20:00,2717.218,2718.635,2717.075,2718.555,0.1946
1729851900000,2024-10-25,10:25:00,2718.555,2718.655,2717.495,2717.855,0.0909
1729852200000,2024-10-25,10:30:00,2717.855,2719.175,2717.605,2718.645,0.0893
1729852500000,2024-10-25,10:35:00,2718.655,2720.895,2718.325,2720.335,0.1503
1729852800000,2024-10-25,10:40:00,2720.365,2721.375,2719.865,2721.035,0.2406
1729853100000,2024-10-25,10:45:00,2721.035,2721.458,2719.885,2720.535,0.1598
1729853400000,2024-10-25,10:50:00,2720.565,2722.105,2720.565,2721.455,0.0951
1729853700000,2024-10-25,10:55:00,2721.385,2722.578,2720.825,2722.145,0.1274
1729854000000,2024-10-25,11:00:00,2722.145,2722.155,2721.095,2721.545,0.082
1729854300000,2024-10-25,11:05:00,2721.545,2722.445,2721.305,2722.445,0.0985
1729854600000,2024-10-25,11:10:00,2722.445,2723.435,2722.005,2722.755,0.1376
1729854900000,2024-10-25,11:15:00,2722.735,2723.865,2722.495,2723.175,0.1462
1729855200000,2024-10-25,11:20:00,2723.175,2723.655,2722.305,2723.375,0.1365
1729855500000,2024-10-25,11:25:00,2723.335,2725.275,2723.325,2725.085,0.1964
1729855800000,2024-10-25,11:30:00,2725.115,2726.535,2725.115,2726.295,0.2463
1729856100000,2024-10-25,11:35:00,2726.345,2729.145,2726.185,2729.105,0.2153
1729856400000,2024-10-25,11:40:00,2729.075,2729.245,2727.935,2728.255,0.1887
1729856700000,2024-10-25,11:45:00,2728.225,2728.645,2727.095,2727.115,0.1332
1729857000000,2024-10-25,11:50:00,2727.088,2727.208,2724.465,2724.705,0.183
1729857300000,2024-10-25,11:55:00,2724.685,2725.315,2723.765,2724.068,0.2042
1729857600000,2024-10-25,12:00:00,2724.065,2726.855,2723.125,2726.675,0.4486
1729857900000,2024-10-25,12:05:00,2726.675,2726.705,2724.985,2725.985,0.4889
1729858200000,2024-10-25,12:10:00,2725.965,2726.505,2724.928,2724.928,0.3639
1729858500000,2024-10-25,12:15:00,2724.915,2726.245,2724.025,2726.245,0.2857
1729858800000,2024-10-25,12:20:00,2726.225,2726.935,2724.785,2725.815,0.2823
1729859100000,2024-10-25,12:25:00,2725.835,2726.525,2724.975,2725.735,0.1061
1729859400000,2024-10-25,12:30:00,2725.735,2727.428,2724.714,2727.428,0.2854
1729859700000,2024-10-25,12:35:00,2727.515,2728.428,2726.985,2727.485,0.5026
1729860000000,2024-10-25,12:40:00,2727.485,2728.948,2727.285,2728.475,0.1895
1729860300000,2024-10-25,12:45:00,2728.495,2731.585,2728.425,2731.145,0.153
1729860600000,2024-10-25,12:50:00,2731.225,2732.115,2729.885,2731.775,0.2593
1729860900000,2024-10-25,12:55:00,2731.765,2732.358,2731.125,2731.375,0.2745
1729861200000,2024-10-25,13:00:00,2731.415,2732.005,2729.425,2730.058,0.3231
1729861500000,2024-10-25,13:05:00,2730.055,2730.415,2728.395,2729.655,0.3041
1729861800000,2024-10-25,13:10:00,2729.628,2729.628,2726.245,2726.575,0.5529
1729862100000,2024-10-25,13:15:00,2726.575,2727.168,2725.295,2726.425,0.5456
1729862400000,2024-10-25,13:20:00,2726.435,2728.215,2725.115,2728.005,0.4785
1729862700000,2024-10-25,13:25:00,2728.015,2729.095,2726.948,2728.295,0.4939
1729863000000,2024-10-25,13:30:00,2728.295,2729.344,2727.295,2728.015,0.4121
1729863300000,2024-10-25,13:35:00,2728.075,2730.415,2726.465,2730.155,0.5904
1729863600000,2024-10-25,13:40:00,2730.135,2731.295,2728.985,2729.845,0.4369
1729863900000,2024-10-25,13:45:00,2729.895,2730.195,2727.055,2730.075,0.6569
1729864200000,2024-10-25,13:50:00,2730.125,2730.225,2725.895,2726.195,0.2423
1729864500000,2024-10-25,13:55:00,2726.195,2728.115,2725.725,2727.555,0.1729
1729864800000,2024-10-25,14:00:00,2727.505,2731.995,2727.505,2731.135,0.2825
1729865100000,2024-10-25,14:05:00,2731.135,2733.725,2730.405,2733.725,0.4705
1729865400000,2024-10-25,14:10:00,2733.725,2738.405,2733.635,2737.605,0.5484
1729865700000,2024-10-25,14:15:00,2737.605,2737.995,2734.765,2737.245,0.4728
1729866000000,2024-10-25,14:20:00,2737.305,2738.285,2735.615,2735.945,0.3186
1729866300000,2024-10-25,14:25:00,2735.885,2736.465,2734.375,2734.758,0.2393
1729866600000,2024-10-25,14:30:00,2734.765,2736.685,2734.725,2736.285,0.2355
1729866900000,2024-10-25,14:35:00,2736.315,2737.835,2735.205,2735.568,0.2856
1729867200000,2024-10-25,14:40:00,2735.565,2738.658,2735.415,2738.585,0.5332
1729867500000,2024-10-25,14:45:00,2738.625,2739.845,2738.035,2739.295,0.2168
1729867800000,2024-10-25,14:50:00,2739.295,2740.455,2737.048,2737.645,0.4578
1729868100000,2024-10-25,14:55:00,2737.675,2738.745,2737.495,2738.365,0.3422
1729868400000,2024-10-25,15:00:00,2738.375,2738.555,2736.445,2737.465,0.3639
1729868700000,2024-10-25,15:05:00,2737.445,2739.805,2737.445,2739.725,0.4988
1729869000000,2024-10-25,15:10:00,2739.725,2740.735,2739.215,2740.185,0.4849
1729869300000,2024-10-25,15:15:00,2740.205,2740.515,2738.745,2739.155,0.504
1729869600000,2024-10-25,15:20:00,2739.165,2741.025,2738.985,2740.985,0.3473
1729869900000,2024-10-25,15:25:00,2741.015,2741.968,2740.595,2741.365,0.3699
1729870200000,2024-10-25,15:30:00,2741.405,2741.875,2738.455,2738.755,0.6087
1729870500000,2024-10-25,15:35:00,2738.755,2739.295,2737.378,2737.398,0.4622
1729870800000,2024-10-25,15:40:00,2737.388,2738.175,2736.385,2738.025,0.1561
1729871100000,2024-10-25,15:45:00,2738.045,2738.735,2737.455,2738.005,0.2874
1729871400000,2024-10-25,15:50:00,2738.085,2738.805,2737.275,2737.408,0.3657
1729871700000,2024-10-25,15:55:00,2737.385,2737.608,2736.545,2737.038,0.4171
1729872000000,2024-10-25,16:00:00,2736.965,2738.328,2736.815,2737.948,0.3955
1729872300000,2024-10-25,16:05:00,2737.968,2738.295,2735.058,2735.058,0.3782
1729872600000,2024-10-25,16:10:00,2735.098,2736.295,2734.885,2736.135,0.3712
1729872900000,2024-10-25,16:15:00,2736.115,2736.115,2734.255,2734.365,0.2112
1729873200000,2024-10-25,16:20:00,2734.438,2735.905,2733.825,2735.415,0.3685
1729873500000,2024-10-25,16:25:00,2735.415,2737.568,2735.415,2736.745,0.2783
1729873800000,2024-10-25,16:30:00,2736.795,2737.905,2736.055,2737.775,0.1845
1729874100000,2024-10-25,16:35:00,2737.728,2738.795,2737.275,2738.065,0.1445
1729874400000,2024-10-25,16:40:00,2738.115,2738.775,2736.578,2737.495,0.2347
1729874700000,2024-10-25,16:45:00,2737.535,2737.575,2736.155,2736.615,0.3511
1729875000000,2024-10-25,16:50:00,2736.605,2738.658,2736.105,2738.275,0.3963
1729875300000,2024-10-25,16:55:00,2738.248,2739.238,2737.945,2739.095,0.4554
1729875600000,2024-10-25,17:00:00,2739.095,2740.145,2738.725,2739.875,0.3389
1729875900000,2024-10-25,17:05:00,2739.875,2739.935,2738.735,2739.515,0.1006
1729876200000,2024-10-25,17:10:00,2739.485,2740.145,2739.435,2739.875,0.1222
1729876500000,2024-10-25,17:15:00,2739.835,2740.255,2739.375,2739.785,0.1357
1729876800000,2024-10-25,17:20:00,2739.755,2740.418,2739.715,2740.295,0.2612
1729877100000,2024-10-25,17:25:00,2740.278,2742.238,2740.185,2741.418,0.3589
1729877400000,2024-10-25,17:30:00,2741.458,2742.198,2741.135,2741.395,0.2152
1729877700000,2024-10-25,17:35:00,2741.415,2742.225,2741.188,2742.225,0.1139
1729878000000,2024-10-25,17:40:00,2742.225,2742.638,2741.068,2741.478,0.1816
1729878300000,2024-10-25,17:45:00,2741.475,2742.615,2741.345,2742.115,0.1663
1729878600000,2024-10-25,17:50:00,2742.105,2744.905,2741.645,2744.265,0.2655
1729878900000,2024-10-25,17:55:00,2744.368,2744.628,2743.248,2744.195,0.254
1729879200000,2024-10-25,18:00:00,2744.195,2744.438,2742.998,2743.408,0.1771
1729879500000,2024-10-25,18:05:00,2743.428,2743.468,2741.855,2742.155,0.1609
1729879800000,2024-10-25,18:10:00,2742.125,2743.505,2742.025,2743.255,0.1031
1729880100000,2024-10-25,18:15:00,2743.325,2743.948,2742.625,2743.888,0.1494
1729880400000,2024-10-25,18:20:00,2743.805,2744.408,2743.538,2744.024,0.1473
1729880700000,2024-10-25,18:25:00,2744.024,2744.518,2743.838,2744.488,0.159
1729881000000,2024-10-25,18:30:00,2744.498,2744.578,2742.585,2742.898,0.118
1729881300000,2024-10-25,18:35:00,2742.885,2744.168,2742.298,2743.795,0.1294
1729881600000,2024-10-25,18:40:00,2743.815,2743.815,2742.708,2742.755,0.1103
1729881900000,2024-10-25,18:45:00,2742.755,2743.455,2742.755,2742.778,0.1107
1729882200000,2024-10-25,18:50:00,2742.758,2743.178,2742.408,2742.498,0.1214
1729882500000,2024-10-25,18:55:00,2742.498,2742.708,2741.118,2742.028,0.2123
1729882800000,2024-10-25,19:00:00,2742.028,2742.028,2740.325,2740.715,0.1685
1729883100000,2024-10-25,19:05:00,2740.718,2741.545,2740.428,2740.588,0.1684
1729883400000,2024-10-25,19:10:00,2740.558,2741.765,2740.275,2741.258,0.2086
1729883700000,2024-10-25,19:15:00,2741.195,2741.705,2740.778,2741.178,0.1797
1729884000000,2024-10-25,19:20:00,2741.094,2741.668,2740.225,2740.438,0.1578
1729884300000,2024-10-25,19:25:00,2740.415,2741.595,2740.395,2741.455,0.1461
1729884600000,2024-10-25,19:30:00,2741.505,2742.228,2740.825,2741.955,0.1507
1729884900000,2024-10-25,19:35:00,2742.135,2743.265,2742.075,2743.025,0.1459
1729885200000,2024-10-25,19:40:00,2743.025,2744.098,2742.815,2743.778,0.1843
1729885500000,2024-10-25,19:45:00,2743.755,2744.328,2742.968,2743.015,0.1879
1729885800000,2024-10-25,19:50:00,2743.028,2743.028,2742.145,2742.668,0.1942
1729886100000,2024-10-25,19:55:00,2742.678,2742.798,2741.855,2742.428,0.2094
1729886400000,2024-10-25,20:00:00,2742.388,2743.718,2742.335,2743.395,0.1058
1729886700000,2024-10-25,20:05:00,2743.395,2743.418,2742.738,2742.798,0.0712
1729887000000,2024-10-25,20:10:00,2742.755,2743.918,2742.755,2743.835,0.0863
1729887300000,2024-10-25,20:15:00,2743.835,2743.835,2743.205,2743.278,0.0507
1729887600000,2024-10-25,20:20:00,2743.278,2744.105,2742.388,2743.335,0.1163
1729887900000,2024-10-25,20:25:00,2743.298,2744.835,2743.288,2744.695,0.1147
1729888200000,2024-10-25,20:30:00,2744.695,2745.965,2744.395,2744.975,0.1004
1729888500000,2024-10-25,20:35:00,2744.965,2745.388,2744.345,2745.385,0.0756
1729888800000,2024-10-25,20:40:00,2745.388,2745.755,2745.065,2745.195,0.0578
1729889100000,2024-10-25,20:45:00,2745.198,2745.765,2744.845,2745.488,0.0703
1729889400000,2024-10-25,20:50:00,2745.465,2747.635,2745.415,2746.365,0.0914
1729889700000,2024-10-25,20:55:00,2745.678,2747.598,2745.586,2746.625,0.1089
1730066400000,2024-10-27,22:00:00,2735.698,2736.805,2730.248,2733.635,0.2609
1730066700000,2024-10-27,22:05:00,2733.605,2735.555,2733.215,2733.735,0.1267
1730067000000,2024-10-27,22:10:00,2733.735,2735.605,2730.115,2735.495,0.218
1730067300000,2024-10-27,22:15:00,2735.515,2735.585,2733.615,2734.915,0.1307
1730067600000,2024-10-27,22:20:00,2734.875,2735.025,2732.615,2733.985,0.0748
1730067900000,2024-10-27,22:25:00,2734.048,2734.365,2732.535,2733.005,0.0808
1730068200000,2024-10-27,22:30:00,2732.975,2735.305,2732.975,2735.305,0.1356
1730068500000,2024-10-27,22:35:00,2735.325,2736.055,2732.485,2733.565,0.1935
1730068800000,2024-10-27,22:40:00,2733.455,2733.925,2732.875,2733.915,0.1269
1730069100000,2024-10-27,22:45:00,2733.885,2734.205,2731.685,2732.475,0.133
1730069400000,2024-10-27,22:50:00,2732.505,2734.085,2732.475,2733.875,0.0791
1730069700000,2024-10-27,22:55:00,2733.855,2734.405,2733.435,2734.405,0.1008
1730070000000,2024-10-27,23:00:00,2734.425,2736.835,2734.425,2736.465,0.4122
1730070300000,2024-10-27,23:05:00,2736.475,2737.008,2736.315,2736.985,0.3654
1730070600000,2024-10-27,23:10:00,2736.985,2736.985,2735.285,2735.585,0.2332
1730070900000,2024-10-27,23:15:00,2735.585,2736.858,2735.355,2735.765,0.1177
1730071200000,2024-10-27,23:20:00,2735.748,2736.445,2734.595,2736.375,0.1107
1730071500000,2024-10-27,23:25:00,2736.378,2738.155,2736.055,2738.035,0.11
1730071800000,2024-10-27,23:30:00,2737.985,2740.015,2737.875,2739.475,0.1892
1730072100000,2024-10-27,23:35:00,2739.485,2740.095,2738.875,2739.635,0.1048
1730072400000,2024-10-27,23:40:00,2739.615,2739.885,2737.995,2738.025,0.1294
1730072700000,2024-10-27,23:45:00,2738.015,2738.515,2737.575,2738.115,0.1303
1730073000000,2024-10-27,23:50:00,2738.125,2738.155,2736.025,2736.215,0.1277
1730073300000,2024-10-27,23:55:00,2736.155,2736.945,2735.465,2735.655,0.2469
1730073600000,2024-10-28,00:00:00,2735.695,2736.185,2734.355,2735.795,0.2986
1730073900000,2024-10-28,00:05:00,2735.805,2736.035,2733.385,2733.585,0.3047
1730074200000,2024-10-28,00:10:00,2733.625,2734.395,2732.955,2733.585,0.1181
1730074500000,2024-10-28,00:15:00,2733.578,2735.015,2733.155,2734.555,0.2433
1730074800000,2024-10-28,00:20:00,2734.545,2735.965,2734.335,2734.945,0.1026
1730075100000,2024-10-28,00:25:00,2734.935,2735.035,2733.385,2733.965,0.1341
1730075400000,2024-10-28,00:30:00,2733.988,2736.135,2733.968,2735.055,0.2241
1730075700000,2024-10-28,00:35:00,2735.045,2735.055,2732.465,2732.738,0.2732
1730076000000,2024-10-28,00:40:00,2732.718,2734.145,2732.005,2733.375,0.116
1730076300000,2024-10-28,00:45:00,2733.355,2734.415,2732.875,2733.345,0.1362
1730076600000,2024-10-28,00:50:00,2733.365,2733.855,2732.785,2733.195,0.1329
1730076900000,2024-10-28,00:55:00,2733.198,2733.435,2732.315,2732.315,0.1301
1730077200000,2024-10-28,01:00:00,2732.295,2732.405,2728.215,2728.515,0.6517
1730077500000,2024-10-28,01:05:00,2728.515,2730.925,2728.025,2728.135,0.4108
1730077800000,2024-10-28,01:10:00,2728.085,2728.085,2725.455,2727.155,0.6233
1730078100000,2024-10-28,01:15:00,2727.185,2728.778,2724.655,2725.525,0.4559
1730078400000,2024-10-28,01:20:00,2725.535,2726.985,2724.545,2726.585,0.3663
1730078700000,2024-10-28,01:25:00,2726.615,2727.925,2726.255,2727.175,0.2974
1730079000000,2024-10-28,01:30:00,2727.185,2728.985,2726.205,2728.295,0.3416
1730079300000,2024-10-28,01:35:00,2728.365,2728.705,2726.008,2727.745,0.3249
1730079600000,2024-10-28,01:40:00,2727.785,2728.595,2727.235,2727.865,0.2384
1730079900000,2024-10-28,01:45:00,2727.865,2729.835,2727.645,2729.675,0.1465
1730080200000,2024-10-28,01:50:00,2729.685,2731.615,2729.635,2731.395,0.1919
1730080500000,2024-10-28,01:55:00,2731.385,2732.865,2731.355,2732.185,0.2196
1730080800000,2024-10-28,02:00:00,2732.165,2732.705,2731.645,2732.125,0.1286
1730081100000,2024-10-28,02:05:00,2732.155,2732.865,2731.495,2732.705,0.2572
1730081400000,2024-10-28,02:10:00,2732.715,2732.715,2730.565,2731.835,0.3171
1730081700000,2024-10-28,02:15:00,2731.825,2733.005,2730.945,2733.005,0.0484
1730082000000,2024-10-28,02:20:00,2733.005,2734.695,2733.005,2733.915,0.2182
1730082300000,2024-10-28,02:25:00,2733.945,2734.444,2733.485,2734.045,0.1144
1730082600000,2024-10-28,02:30:00,2734.215,2734.235,2732.545,2733.135,0.141
1730082900000,2024-10-28,02:35:00,2733.185,2734.625,2733.045,2733.335,0.1209
1730083200000,2024-10-28,02:40:00,2733.315,2734.435,2733.085,2734.304,0.2
1730083500000,2024-10-28,02:45:00,2734.264,2735.475,2734.085,2734.695,0.1685
1730083800000,2024-10-28,02:50:00,2734.695,2734.815,2733.305,2734.075,0.0916
1730084100000,2024-10-28,02:55:00,2734.075,2734.255,2733.115,2734.075,0.1025
1730084400000,2024-10-28,03:00:00,2734.075,2734.335,2732.615,2734.335,0.0607
1730084700000,2024-10-28,03:05:00,2734.365,2734.525,2733.005,2733.275,0.1399
1730085000000,2024-10-28,03:10:00,2733.285,2733.515,2731.725,2732.185,0.447
1730085300000,2024-10-28,03:15:00,2732.145,2732.935,2731.675,2731.725,0.3889
1730085600000,2024-10-28,03:20:00,2731.745,2734.125,2731.665,2733.135,0.4023
1730085900000,2024-10-28,03:25:00,2733.145,2733.725,2732.775,2732.825,0.2969
1730086200000,2024-10-28,03:30:00,2732.825,2733.245,2732.425,2732.775,0.2433
1730086500000,2024-10-28,03:35:00,2732.775,2733.195,2731.735,2732.035,0.2093
1730086800000,2024-10-28,03:40:00,2732.055,2732.215,2731.035,2731.065,0.1763
1730087100000,2024-10-28,03:45:00,2731.055,2731.475,2730.105,2731.105,0.2527
1730087400000,2024-10-28,03:50:00,2731.095,2731.235,2730.255,2730.995,0.2102
1730087700000,2024-10-28,03:55:00,2731.005,2731.015,2729.545,2729.555,0.2214
1730088000000,2024-10-28,04:00:00,2729.525,2729.955,2729.125,2729.605,0.2087
1730088300000,2024-10-28,04:05:00,2729.625,2729.835,2729.125,2729.605,0.2192
1730088600000,2024-10-28,04:10:00,2729.605,2730.825,2729.295,2730.305,0.1988
1730088900000,2024-10-28,04:15:00,2730.305,2730.315,2729.048,2729.325,0.1565
1730089200000,2024-10-28,04:20:00,2729.345,2730.835,2729.075,2730.515,0.1548
1730089500000,2024-10-28,04:25:00,2730.595,2731.695,2730.595,2731.405,0.1528
1730089800000,2024-10-28,04:30:00,2731.425,2731.815,2731.175,2731.505,0.1069
1730090100000,2024-10-28,04:35:00,2731.538,2731.625,2730.438,2730.518,0.0869
1730090400000,2024-10-28,04:40:00,2730.435,2732.665,2730.435,2731.845,0.1204
1730090700000,2024-10-28,04:45:00,2731.845,2732.618,2731.715,2731.865,0.0341
1730091000000,2024-10-28,04:50:00,2731.875,2733.045,2731.865,2732.915,0.1097
1730091300000,2024-10-28,04:55:00,2732.865,2733.205,2732.435,2732.795,0.1137
1730091600000,2024-10-28,05:00:00,2732.905,2733.295,2732.595,2733.095,0.0877
1730091900000,2024-10-28,05:05:00,2733.095,2733.855,2732.515,2733.785,0.0575
1730092200000,2024-10-28,05:10:00,2733.785,2734.245,2731.205,2731.325,0.1333
1730092500000,2024-10-28,05:15:00,2731.325,2733.105,2731.075,2732.915,0.0943
1730092800000,2024-10-28,05:20:00,2732.915,2735.125,2732.915,2734.905,0.0616
1730093100000,2024-10-28,05:25:00,2734.928,2736.055,2734.928,2735.525,0.1955
1730093400000,2024-10-28,05:30:00,2735.525,2736.228,2735.065,2735.585,0.4049
1730093700000,2024-10-28,05:35:00,2735.665,2737.165,2735.535,2735.715,0.189
1730094000000,2024-10-28,05:40:00,2735.715,2736.175,2734.765,2735.888,0.1816
1730094300000,2024-10-28,05:45:00,2735.948,2737.325,2735.705,2736.545,0.2248
1730094600000,2024-10-28,05:50:00,2736.545,2737.815,2736.545,2737.485,0.1155
1730094900000,2024-10-28,05:55:00,2737.465,2738.655,2737.165,2738.305,0.1115
1730095200000,2024-10-28,06:00:00,2738.305,2738.905,2737.405,2738.835,0.1457
1730095500000,2024-10-28,06:05:00,2738.835,2739.725,2738.085,2739.725,0.2284
1730095800000,2024-10-28,06:10:00,2739.725,2741.885,2739.165,2741.525,0.2889
1730096100000,2024-10-28,06:15:00,2741.525,2743.835,2741.495,2742.315,0.372
1730096400000,2024-10-28,06:20:00,2742.355,2743.225,2740.845,2743.155,0.2122
1730096700000,2024-10-28,06:25:00,2743.165,2743.555,2741.965,2742.305,0.1946
1730097000000,2024-10-28,06:30:00,2742.305,2742.715,2740.475,2741.945,0.1696
1730097300000,2024-10-28,06:35:00,2741.925,2742.995,2741.445,2742.855,0.2316
1730097600000,2024-10-28,06:40:00,2742.945,2744.445,2742.835,2744.175,0.3798
1730097900000,2024-10-28,06:45:00,2744.165,2744.445,2741.755,2741.845,0.2225
1730098200000,2024-10-28,06:50:00,2741.825,2742.125,2740.885,2741.325,0.2928
1730098500000,2024-10-28,06:55:00,2741.315,2741.425,2739.625,2740.425,0.3651
1730098800000,2024-10-28,07:00:00,2740.435,2742.505,2739.925,2741.945,0.2309
1730099100000,2024-10-28,07:05:00,2741.935,2742.518,2741.625,2742.315,0.2878
1730099400000,2024-10-28,07:10:00,2742.315,2743.465,2741.525,2742.455,0.3465
1730099700000,2024-10-28,07:15:00,2742.485,2742.615,2740.935,2741.105,0.2035
1730100000000,2024-10-28,07:20:00,2741.085,2741.405,2737.928,2739.055,0.2193
1730100300000,2024-10-28,07:25:00,2739.055,2739.055,2736.435,2736.935,0.3781
1730100600000,2024-10-28,07:30:00,2736.925,2738.125,2735.775,2738.075,0.4755
1730100900000,2024-10-28,07:35:00,2738.075,2739.595,2737.685,2739.175,0.4022
1730101200000,2024-10-28,07:40:00,2739.165,2740.248,2738.665,2739.655,0.4424
1730101500000,2024-10-28,07:45:00,2739.685,2740.098,2739.108,2739.815,0.4819
1730101800000,2024-10-28,07:50:00,2739.815,2741.455,2739.755,2740.835,0.2164
1730102100000,2024-10-28,07:55:00,2740.855,2740.935,2738.575,2738.745,0.144
1730102400000,2024-10-28,08:00:00,2738.745,2739.674,2737.294,2738.598,0.2627
1730102700000,2024-10-28,08:05:00,2738.584,2739.925,2737.808,2738.765,0.1419
1730103000000,2024-10-28,08:10:00,2738.765,2739.625,2738.448,2739.495,0.1161
1730103300000,2024-10-28,08:15:00,2739.514,2740.625,2739.175,2739.565,0.165
1730103600000,2024-10-28,08:20:00,2739.565,2740.705,2738.845,2738.865,0.0762
1730103900000,2024-10-28,08:25:00,2738.865,2739.535,2737.268,2737.404,0.2173
1730104200000,2024-10-28,08:30:00,2737.384,2737.468,2734.585,2735.005,0.4008
1730104500000,2024-10-28,08:35:00,2735.005,2735.005,2731.895,2732.645,0.3671
1730104800000,2024-10-28,08:40:00,2732.678,2733.925,2732.085,2732.785,0.2781
1730105100000,2024-10-28,08:45:00,2732.775,2733.985,2732.275,2733.205,0.2308
1730105400000,2024-10-28,08:50:00,2733.175,2734.965,2732.725,2733.724,0.5877
1730105700000,2024-10-28,08:55:00,2733.755,2734.625,2731.288,2731.845,0.4326
1730106000000,2024-10-28,09:00:00,2731.965,2732.775,2731.495,2731.835,0.2848
1730106300000,2024-10-28,09:05:00,2731.865,2733.115,2730.805,2733.085,0.1769
1730106600000,2024-10-28,09:10:00,2733.065,2733.915,2731.925,2732.755,0.3159
1730106900000,2024-10-28,09:15:00,2732.685,2732.915,2731.295,2732.085,0.2375
1730107200000,2024-10-28,09:20:00,2732.085,2732.655,2730.225,2730.508,0.1829
1730107500000,2024-10-28,09:25:00,2730.528,2730.808,2728.775,2728.975,0.3354
1730107800000,2024-10-28,09:30:00,2728.995,2730.615,2728.255,2730.475,0.4507
1730108100000,2024-10-28,09:35:00,2730.458,2732.085,2730.165,2731.865,0.1548
1730108400000,2024-10-28,09:40:00,2731.855,2732.398,2730.925,2731.585,0.2365
1730108700000,2024-10-28,09:45:00,2731.555,2732.055,2730.878,2731.028,0.1921
1730109000000,2024-10-28,09:50:00,2731.005,2731.478,2729.765,2729.848,0.321
1730109300000,2024-10-28,09:55:00,2729.854,2730.148,2729,2729.165,0.3291
1730109600000,2024-10-28,10:00:00,2729.165,2730.625,2729,2729.575,0.4018
1730109900000,2024-10-28,10:05:00,2729.645,2731.125,2729.375,2730.285,0.3861
1730110200000,2024-10-28,10:10:00,2730.255,2730.705,2729.285,2730.195,0.2943
1730110500000,2024-10-28,10:15:00,2730.195,2730.465,2727.835,2727.904,0.3142
1730110800000,2024-10-28,10:20:00,2727.914,2730.335,2727.715,2730.325,0.2399
1730111100000,2024-10-28,10:25:00,2730.325,2731.785,2730.325,2731.595,0.1343
1730111400000,2024-10-28,10:30:00,2731.365,2731.495,2729.875,2731.425,0.2054
1730111700000,2024-10-28,10:35:00,2731.425,2731.825,2730.845,2731.485,0.0871
1730112000000,2024-10-28,10:40:00,2731.485,2732.815,2731.485,2732.755,0.091
1730112300000,2024-10-28,10:45:00,2732.725,2732.755,2730.935,2731.075,0.087
1730112600000,2024-10-28,10:50:00,2731.075,2731.155,2729.825,2731.125,0.2654
1730112900000,2024-10-28,10:55:00,2731.135,2733.205,2731.125,2732.055,0.218
1730113200000,2024-10-28,11:00:00,2732.085,2732.765,2730.175,2730.645,0.3793
1730113500000,2024-10-28,11:05:00,2730.645,2732.105,2730.365,2732.095,0.3275
1730113800000,2024-10-28,11:10:00,2732.095,2732.095,2731.205,2731.305,0.1034
1730114100000,2024-10-28,11:15:00,2731.305,2732.705,2730.965,2732.195,0.1495
1730114400000,2024-10-28,11:20:00,2732.195,2732.425,2731.175,2731.428,0.0922
1730114700000,2024-10-28,11:25:00,2731.428,2732.105,2730.948,2731.654,0.1507
1730115000000,2024-10-28,11:30:00,2731.654,2732.125,2730.968,2731.155,0.2464
1730115300000,2024-10-28,11:35:00,2731.155,2731.155,2729.585,2729.825,0.3998
1730115600000,2024-10-28,11:40:00,2729.885,2732.735,2729.735,2731.478,0.2938
1730115900000,2024-10-28,11:45:00,2731.465,2732.015,2731.095,2731.805,0.1389
1730116200000,2024-10-28,11:50:00,2731.805,2732.615,2731.575,2732.505,0.0695
1730116500000,2024-10-28,11:55:00,2732.505,2732.575,2731.965,2732.165,0.0714
1730116800000,2024-10-28,12:00:00,2732.135,2733.395,2731.468,2732.955,0.249
1730117100000,2024-10-28,12:05:00,2732.945,2733.635,2732.568,2733.605,0.2638
1730117400000,2024-10-28,12:10:00,2733.605,2734.705,2732.988,2734.425,0.3648
1730117700000,2024-10-28,12:15:00,2734.445,2734.605,2732.905,2733.365,0.5176
1730118000000,2024-10-28,12:20:00,2733.385,2734.185,2732.335,2733.975,0.4389
1730118300000,2024-10-28,12:25:00,2733.945,2734.005,2732.138,2733.115,0.1924
1730118600000,2024-10-28,12:30:00,2733.098,2733.955,2731.818,2732.708,0.3539
1730118900000,2024-10-28,12:35:00,2732.688,2733.408,2731.478,2733.078,0.437
1730119200000,2024-10-28,12:40:00,2733.075,2734.228,2732.895,2734.075,0.437
1730119500000,2024-10-28,12:45:00,2734.075,2734.188,2732.275,2732.925,0.435
1730119800000,2024-10-28,12:50:00,2732.985,2733.005,2731.565,2731.565,0.3865
1730120100000,2024-10-28,12:55:00,2731.565,2734.725,2731.248,2734.175,0.2369
1730120400000,2024-10-28,13:00:00,2734.175,2735.648,2732.695,2734.945,0.5068
1730120700000,2024-10-28,13:05:00,2734.895,2737.155,2734.515,2736.318,0.3498
1730121000000,2024-10-28,13:10:00,2736.315,2737.315,2735.585,2737.225,0.3629
1730121300000,2024-10-28,13:15:00,2737.225,2738.795,2736.688,2738.495,0.2579
1730121600000,2024-10-28,13:20:00,2738.495,2739.025,2737.408,2737.925,0.2354
1730121900000,2024-10-28,13:25:00,2737.915,2739.405,2737.525,2738.965,0.2766
1730122200000,2024-10-28,13:30:00,2739.085,2740.995,2738.335,2740.895,0.3872
1730122500000,2024-10-28,13:35:00,2740.895,2742.695,2739.808,2742.565,0.3746
1730122800000,2024-10-28,13:40:00,2742.545,2742.645,2740.208,2741.915,0.3877
1730123100000,2024-10-28,13:45:00,2741.915,2742.675,2740.395,2742.415,0.4294
1730123400000,2024-10-28,13:50:00,2742.415,2743.315,2741.785,2742.125,0.2422
1730123700000,2024-10-28,13:55:00,2742.145,2742.305,2740.295,2740.825,0.4593
1730124000000,2024-10-28,14:00:00,2740.785,2741.335,2738.775,2739.095,0.6773
1730124300000,2024-10-28,14:05:00,2739.215,2743.095,2738.985,2743.065,0.417
1730124600000,2024-10-28,14:10:00,2743.065,2744.085,2741.945,2743.435,0.706
1730124900000,2024-10-28,14:15:00,2743.435,2744.225,2741.158,2742.605,0.3688
1730125200000,2024-10-28,14:20:00,2742.615,2743.538,2742.095,2742.758,0.3437
1730125500000,2024-10-28,14:25:00,2742.758,2743.915,2741.465,2741.575,0.2925
1730125800000,2024-10-28,14:30:00,2741.495,2743.095,2740.895,2742.525,0.3442
1730126100000,2024-10-28,14:35:00,2742.534,2743.785,2741.945,2742.855,0.475
1730126400000,2024-10-28,14:40:00,2742.808,2744.025,2741.555,2743.695,0.3161
1730126700000,2024-10-28,14:45:00,2743.755,2744.688,2742.785,2743.834,0.247
1730127000000,2024-10-28,14:50:00,2743.854,2745.788,2743.744,2744.925,0.4836
1730127300000,2024-10-28,14:55:00,2744.955,2745.375,2743.898,2744.108,0.1852
1730127600000,2024-10-28,15:00:00,2744.125,2744.515,2740.448,2742.345,0.351
1730127900000,2024-10-28,15:05:00,2742.335,2742.935,2740.785,2741.315,0.4275
1730128200000,2024-10-28,15:10:00,2741.315,2742.075,2740.445,2741.325,0.4989
1730128500000,2024-10-28,15:15:00,2741.295,2742.225,2740.775,2741.135,0.445
1730128800000,2024-10-28,15:20:00,2741.115,2742.878,2740.985,2742.545,0.3147
1730129100000,2024-10-28,15:25:00,2742.515,2743.318,2742.025,2742.455,0.4337
1730129400000,2024-10-28,15:30:00,2742.445,2742.935,2740.335,2740.795,0.5366
1730129700000,2024-10-28,15:35:00,2740.805,2741.818,2740.215,2740.638,0.5509
1730130000000,2024-10-28,15:40:00,2740.648,2740.985,2739.555,2740.755,0.5706
1730130300000,2024-10-28,15:45:00,2740.785,2742.795,2740.518,2742.124,0.5357
1730130600000,2024-10-28,15:50:00,2742.118,2742.698,2740.874,2741.028,0.443
1730130900000,2024-10-28,15:55:00,2741.018,2741.908,2740.625,2740.688,0.203
1730131200000,2024-10-28,16:00:00,2740.658,2741.935,2739.935,2741.735,0.262
1730131500000,2024-10-28,16:05:00,2741.725,2742.698,2741.618,2742.408,0.3735
1730131800000,2024-10-28,16:10:00,2742.408,2743.268,2742.278,2742.948,0.3177
1730132100000,2024-10-28,16:15:00,2742.948,2743.808,2742.548,2743.648,0.2169
1730132400000,2024-10-28,16:20:00,2743.594,2743.978,2743.114,2743.395,0.1553
1730132700000,2024-10-28,16:25:00,2743.385,2743.918,2742.678,2743.735,0.1819
1730133000000,2024-10-28,16:30:00,2743.715,2744.665,2743.575,2744.524,0.144
1730133300000,2024-10-28,16:35:00,2744.535,2744.785,2743.205,2743.255,0.1272
1730133600000,2024-10-28,16:40:00,2743.255,2744.825,2743.215,2744.128,0.1769
1730133900000,2024-10-28,16:45:00,2744.125,2744.368,2742.778,2743.025,0.1714
1730134200000,2024-10-28,16:50:00,2743.028,2743.458,2742.365,2742.578,0.1254
1730134500000,2024-10-28,16:55:00,2742.578,2742.665,2741.695,2742.575,0.1651
1730134800000,2024-10-28,17:00:00,2742.555,2742.698,2740.265,2740.688,0.2291
1730135100000,2024-10-28,17:05:00,2740.718,2741.958,2740.535,2741.198,0.2678
1730135400000,2024-10-28,17:10:00,2741.178,2741.338,2740.188,2740.688,0.1443
1730135700000,2024-10-28,17:15:00,2740.658,2741.828,2740.215,2741.828,0.1294
1730136000000,2024-10-28,17:20:00,2741.785,2743.068,2741.665,2742.735,0.1329
1730136300000,2024-10-28,17:25:00,2742.788,2743.775,2742.325,2743.505,0.127
1730136600000,2024-10-28,17:30:00,2743.478,2744.825,2743.375,2744.718,0.193
1730136900000,2024-10-28,17:35:00,2744.718,2744.865,2743.635,2744.438,0.1726
1730137200000,2024-10-28,17:40:00,2744.445,2744.614,2743.518,2744.085,0.131
1730137500000,2024-10-28,17:45:00,2744.085,2744.465,2743.705,2743.818,0.1028
1730137800000,2024-10-28,17:50:00,2743.805,2744.145,2743.355,2743.385,0.1446
1730138100000,2024-10-28,17:55:00,2743.385,2743.595,2742.965,2743.268,0.1423
1730138400000,2024-10-28,18:00:00,2743.258,2743.275,2742.415,2742.575,0.1243
1730138700000,2024-10-28,18:05:00,2742.575,2743.038,2742.095,2742.525,0.1254
1730139000000,2024-10-28,18:10:00,2742.525,2742.605,2741.625,2741.765,0.1108
1730139300000,2024-10-28,18:15:00,2741.735,2742.088,2740.405,2740.935,0.1585
1730139600000,2024-10-28,18:20:00,2740.935,2741.185,2740.035,2740.575,0.215
1730139900000,2024-10-28,18:25:00,2740.575,2740.878,2740.035,2740.248,0.2556
1730140200000,2024-10-28,18:30:00,2740.235,2740.988,2740.208,2740.665,0.1738
1730140500000,2024-10-28,18:35:00,2740.705,2740.878,2740.318,2740.805,0.1288
1730140800000,2024-10-28,18:40:00,2740.815,2741.848,2740.785,2741.785,0.2765
1730141100000,2024-10-28,18:45:00,2741.798,2741.958,2741.275,2741.878,0.2058
1730141400000,2024-10-28,18:50:00,2741.878,2742.705,2741.865,2742.525,0.1822
1730141700000,2024-10-28,18:55:00,2742.495,2742.638,2741.685,2741.818,0.2225
1730142000000,2024-10-28,19:00:00,2741.838,2742.295,2741.405,2741.865,0.2376
1730142300000,2024-10-28,19:05:00,2741.865,2741.865,2740.295,2740.318,0.177
1730142600000,2024-10-28,19:10:00,2740.315,2741.598,2740.185,2741.528,0.269
1730142900000,2024-10-28,19:15:00,2741.525,2742.525,2741.525,2742.468,0.0895
1730143200000,2024-10-28,19:20:00,2742.465,2743.358,2742.235,2743.158,0.1161
1730143500000,2024-10-28,19:25:00,2743.125,2743.408,2742.408,2742.488,0.1542
1730143800000,2024-10-28,19:30:00,2742.475,2742.885,2742.255,2742.505,0.099
1730144100000,2024-10-28,19:35:00,2742.508,2742.808,2741.965,2742.115,0.0889
1730144400000,2024-10-28,19:40:00,2742.115,2742.548,2741.885,2742.115,0.0821
1730144700000,2024-10-28,19:45:00,2742.125,2742.655,2742.015,2742.475,0.1001
1730145000000,2024-10-28,19:50:00,2742.435,2742.568,2742.055,2742.325,0.1142
1730145300000,2024-10-28,19:55:00,2742.315,2742.778,2742.118,2742.388,0.2015
1730145600000,2024-10-28,20:00:00,2742.378,2742.738,2742.308,2742.568,0.128
1730145900000,2024-10-28,20:05:00,2742.578,2742.578,2742.308,2742.418,0.0595
1730146200000,2024-10-28,20:10:00,2742.458,2742.978,2741.265,2741.525,0.1259
1730146500000,2024-10-28,20:15:00,2741.525,2742.178,2741.525,2742.158,0.0438
1730146800000,2024-10-28,20:20:00,2742.125,2742.748,2742.098,2742.535,0.0425
1730147100000,2024-10-28,20:25:00,2742.535,2742.738,2742.278,2742.448,0.038
1730147400000,2024-10-28,20:30:00,2742.425,2742.498,2742.145,2742.158,0.0445
1730147700000,2024-10-28,20:35:00,2742.178,2742.268,2741.768,2741.868,0.0541
1730148000000,2024-10-28,20:40:00,2741.978,2742.098,2741.635,2741.848,0.0458
1730148300000,2024-10-28,20:45:00,2741.805,2742.775,2741.805,2742.615,0.0421
1730148600000,2024-10-28,20:50:00,2742.615,2742.878,2742.185,2742.378,0.0404
1730148900000,2024-10-28,20:55:00,2742.358,2742.558,2741.995,2742.055,0.0884
1730152800000,2024-10-28,22:00:00,2741.678,2742.185,2740.548,2741.164,0.0392
1730153100000,2024-10-28,22:05:00,2741.164,2741.195,2740.454,2740.645,0.0287
1730153400000,2024-10-28,22:10:00,2740.655,2740.705,2739.775,2739.795,0.0325
1730153700000,2024-10-28,22:15:00,2739.815,2740.998,2739.605,2740.925,0.0303
1730154000000,2024-10-28,22:20:00,2740.948,2741.418,2740.885,2741.158,0.0158
1730154300000,2024-10-28,22:25:00,2741.175,2741.675,2741.138,2741.595,0.0159
1730154600000,2024-10-28,22:30:00,2741.595,2742.145,2741.545,2741.738,0.0279
1730154900000,2024-10-28,22:35:00,2741.745,2741.985,2741.385,2741.535,0.0144
1730155200000,2024-10-28,22:40:00,2741.555,2741.705,2741.085,2741.175,0.024
1730155500000,2024-10-28,22:45:00,2741.155,2741.305,2741.018,2741.295,0.0278
1730155800000,2024-10-28,22:50:00,2741.305,2741.455,2741.285,2741.295,0.0158
1730156100000,2024-10-28,22:55:00,2741.295,2741.995,2741.295,2741.885,0.042
1730156400000,2024-10-28,23:00:00,2741.905,2742.065,2741.385,2741.445,0.0635
1730156700000,2024-10-28,23:05:00,2741.435,2741.888,2741.355,2741.685,0.0493
1730157000000,2024-10-28,23:10:00,2741.695,2742.265,2741.545,2742.235,0.0464
1730157300000,2024-10-28,23:15:00,2742.215,2742.605,2741.805,2741.965,0.0669
1730157600000,2024-10-28,23:20:00,2741.975,2742.085,2741.655,2741.815,0.0801
1730157900000,2024-10-28,23:25:00,2741.815,2741.815,2741.045,2741.585,0.0806
1730158200000,2024-10-28,23:30:00,2741.585,2742.005,2741.165,2741.205,0.1043
1730158500000,2024-10-28,23:35:00,2741.195,2741.905,2741.115,2741.805,0.1084
1730158800000,2024-10-28,23:40:00,2741.795,2741.915,2741.585,2741.695,0.0637
1730159100000,2024-10-28,23:45:00,2741.725,2742.308,2741.715,2742.115,0.0956
1730159400000,2024-10-28,23:50:00,2742.108,2742.908,2742.005,2742.808,0.0896
1730159700000,2024-10-28,23:55:00,2742.764,2744.335,2742.665,2744.285,0.0855
1730160000000,2024-10-29,00:00:00,2744.315,2745.075,2743.728,2744.795,0.154
1730160300000,2024-10-29,00:05:00,2744.775,2744.855,2743.845,2744.035,0.1223
1730160600000,2024-10-29,00:10:00,2743.985,2744.845,2743.885,2744.615,0.0812
1730160900000,2024-10-29,00:15:00,2744.575,2744.685,2744.255,2744.305,0.0524
1730161200000,2024-10-29,00:20:00,2744.285,2744.475,2743.225,2743.295,0.0946
1730161500000,2024-10-29,00:25:00,2743.285,2744.425,2743.115,2744.385,0.1552
1730161800000,2024-10-29,00:30:00,2744.375,2746.458,2744.115,2746.065,0.2057
1730162100000,2024-10-29,00:35:00,2746.075,2746.618,2745.234,2745.485,0.1751
1730162400000,2024-10-29,00:40:00,2745.395,2745.665,2744.805,2745.185,0.1699
1730162700000,2024-10-29,00:45:00,2745.155,2746.475,2745.155,2746.265,0.1426
1730163000000,2024-10-29,00:50:00,2746.264,2746.725,2746.035,2746.145,0.1379
1730163300000,2024-10-29,00:55:00,2746.105,2746.395,2745.615,2745.648,0.1056
1730163600000,2024-10-29,01:00:00,2745.598,2747.315,2745.468,2747.125,0.4384
1730163900000,2024-10-29,01:05:00,2747.125,2749.754,2747.125,2749.695,0.5687
1730164200000,2024-10-29,01:10:00,2749.875,2749.975,2748.365,2748.385,0.2759
1730164500000,2024-10-29,01:15:00,2748.355,2748.785,2747.388,2747.725,0.1325
1730164800000,2024-10-29,01:20:00,2747.715,2748.305,2746.728,2747.505,0.2749
1730165100000,2024-10-29,01:25:00,2747.515,2748.784,2747.435,2748.395,0.2945
1730165400000,2024-10-29,01:30:00,2748.425,2748.928,2747.445,2748.908,0.3009
1730165700000,2024-10-29,01:35:00,2748.864,2751.215,2748.864,2750.485,0.3124
1730166000000,2024-10-29,01:40:00,2750.515,2751.348,2750.235,2750.778,0.2797
1730166300000,2024-10-29,01:45:00,2750.735,2750.955,2750.005,2750.485,0.1527
1730166600000,2024-10-29,01:50:00,2750.515,2751.705,2749.818,2751.595,0.1547
1730166900000,2024-10-29,01:55:00,2751.555,2752.264,2750.928,2751.975,0.5038
1730167200000,2024-10-29,02:00:00,2752.024,2755.505,2752.015,2755.305,0.295
1730167500000,2024-10-29,02:05:00,2755.305,2756.445,2755.035,2755.385,0.1862
1730167800000,2024-10-29,02:10:00,2755.374,2757.615,2755.278,2757.205,0.1808
1730168100000,2024-10-29,02:15:00,2757.175,2757.175,2755.208,2755.575,0.205
1730168400000,2024-10-29,02:20:00,2755.575,2756.005,2753.875,2755.355,0.2728
1730168700000,2024-10-29,02:25:00,2755.335,2756.735,2754.915,2756.655,0.1782
1730169000000,2024-10-29,02:30:00,2756.655,2756.805,2754.945,2754.945,0.1775
1730169300000,2024-10-29,02:35:00,2754.985,2754.985,2753.428,2753.655,0.1592
1730169600000,2024-10-29,02:40:00,2753.655,2754.505,2753.395,2753.415,0.0961
1730169900000,2024-10-29,02:45:00,2753.405,2753.585,2751.385,2751.875,0.1678
1730170200000,2024-10-29,02:50:00,2751.875,2752.308,2750.345,2752.208,0.2242
1730170500000,2024-10-29,02:55:00,2752.224,2753.315,2752.065,2752.808,0.1915
1730170800000,2024-10-29,03:00:00,2752.844,2752.855,2750.458,2750.914,0.4639
1730171100000,2024-10-29,03:05:00,2750.874,2751.124,2749.798,2750.405,0.4716
1730171400000,2024-10-29,03:10:00,2750.395,2750.774,2749.644,2750.315,0.2653
1730171700000,2024-10-29,03:15:00,2750.324,2750.675,2749.335,2749.548,0.1468
1730172000000,2024-10-29,03:20:00,2749.525,2749.895,2748.595,2749.685,0.2419
1730172300000,2024-10-29,03:25:00,2749.665,2750.474,2748.728,2748.778,0.2874
1730172600000,2024-10-29,03:30:00,2748.745,2750.054,2748.465,2749.868,0.2151
1730172900000,2024-10-29,03:35:00,2749.885,2752.245,2749.728,2752.205,0.2463
1730173200000,2024-10-29,03:40:00,2752.205,2753.178,2751.884,2752.558,0.324
1730173500000,2024-10-29,03:45:00,2752.534,2752.818,2751.558,2751.945,0.2154
1730173800000,2024-10-29,03:50:00,2751.974,2752.434,2751.914,2752.108,0.1641
1730174100000,2024-10-29,03:55:00,2752.104,2752.178,2751.005,2751.625,0.1015
1730174400000,2024-10-29,04:00:00,2751.585,2753.245,2751.224,2753.215,0.0792
1730174700000,2024-10-29,04:05:00,2753.235,2754.425,2753.215,2754.335,0.0888
1730175000000,2024-10-29,04:10:00,2754.305,2754.418,2753.645,2753.958,0.1509
1730175300000,2024-10-29,04:15:00,2753.948,2755.105,2753.905,2754.565,0.0842
1730175600000,2024-10-29,04:20:00,2754.555,2754.855,2752.695,2752.778,0.1267
1730175900000,2024-10-29,04:25:00,2752.765,2754.038,2752.745,2753.445,0.1089
1730176200000,2024-10-29,04:30:00,2753.445,2754.105,2753.195,2753.675,0.0235
1730176500000,2024-10-29,04:35:00,2753.645,2753.695,2753.215,2753.215,0.0267
1730176800000,2024-10-29,04:40:00,2753.205,2753.965,2752.945,2753.875,0.0307
1730177100000,2024-10-29,04:45:00,2753.845,2753.975,2753.275,2753.275,0.0247
1730177400000,2024-10-29,04:50:00,2753.255,2754.505,2753.045,2754.215,0.0258
1730177700000,2024-10-29,04:55:00,2754.255,2754.945,2754.255,2754.635,0.0311
1730178000000,2024-10-29,05:00:00,2754.755,2756.028,2754.735,2755.605,0.0745
1730178300000,2024-10-29,05:05:00,2755.605,2756.718,2755.475,2755.705,0.1703
1730178600000,2024-10-29,05:10:00,2755.718,2756.515,2755.335,2756.468,0.0802
1730178900000,2024-10-29,05:15:00,2756.468,2756.538,2753.344,2753.375,0.1793
1730179200000,2024-10-29,05:20:00,2753.378,2753.638,2751.875,2752.234,0.3327
1730179500000,2024-10-29,05:25:00,2752.214,2753.108,2751.985,2752.605,0.1465
1730179800000,2024-10-29,05:30:00,2752.595,2753.925,2751.875,2753.825,0.1794
1730180100000,2024-10-29,05:35:00,2753.825,2754.255,2751.325,2751.625,0.099
1730180400000,2024-10-29,05:40:00,2751.595,2752.625,2751.345,2751.715,0.1587
1730180700000,2024-10-29,05:45:00,2751.675,2753.135,2751.035,2752.755,0.1511
1730181000000,2024-10-29,05:50:00,2752.798,2752.948,2750.835,2750.875,0.1635
1730181300000,2024-10-29,05:55:00,2750.875,2751.295,2749.598,2749.838,0.2245
1730181600000,2024-10-29,06:00:00,2749.745,2751.105,2749.635,2750.038,0.3257
1730181900000,2024-10-29,06:05:00,2750.028,2750.865,2748.845,2750.825,0.2606
1730182200000,2024-10-29,06:10:00,2750.815,2751.545,2750.165,2751.065,0.3401
1730182500000,2024-10-29,06:15:00,2751.055,2751.825,2750.645,2751.565,0.2223
1730182800000,2024-10-29,06:20:00,2751.595,2753.305,2751.525,2752.695,0.2227
1730183100000,2024-10-29,06:25:00,2752.725,2753.085,2751.655,2751.695,0.1551
1730183400000,2024-10-29,06:30:00,2751.695,2753.585,2751.605,2753.515,0.1335
1730183700000,2024-10-29,06:35:00,2753.545,2754.058,2753.285,2754.005,0.1133
1730184000000,2024-10-29,06:40:00,2754.028,2754.195,2752.615,2753.775,0.146
1730184300000,2024-10-29,06:45:00,2753.775,2756.445,2753.775,2755.855,0.3275
1730184600000,2024-10-29,06:50:00,2755.875,2756.398,2755.118,2755.175,0.3014
1730184900000,2024-10-29,06:55:00,2755.155,2755.855,2754.045,2755.705,0.1531
1730185200000,2024-10-29,07:00:00,2755.705,2756.075,2753.915,2756.025,0.1118
1730185500000,2024-10-29,07:05:00,2756.025,2756.225,2755.305,2755.435,0.0945
1730185800000,2024-10-29,07:10:00,2755.448,2755.448,2753.635,2754.095,0.2367
1730186100000,2024-10-29,07:15:00,2754.095,2754.955,2753.995,2754.455,0.1087
1730186400000,2024-10-29,07:20:00,2754.455,2755.185,2753.695,2753.865,0.3241
1730186700000,2024-10-29,07:25:00,2753.975,2754.315,2752.925,2753.585,0.1875
1730187000000,2024-10-29,07:30:00,2753.615,2754.715,2753.105,2753.228,0.1525
1730187300000,2024-10-29,07:35:00,2753.105,2754.075,2752.765,2752.878,0.1909
1730187600000,2024-10-29,07:40:00,2752.925,2753.515,2752.605,2753.395,0.1974
1730187900000,2024-10-29,07:45:00,2753.425,2754.368,2752.905,2752.945,0.1568
1730188200000,2024-10-29,07:50:00,2752.925,2753.385,2752.525,2753.085,0.2099
1730188500000,2024-10-29,07:55:00,2753.075,2753.218,2751.835,2752.348,0.196
1730188800000,2024-10-29,08:00:00,2752.324,2752.375,2751.078,2751.474,0.374
1730189100000,2024-10-29,08:05:00,2751.445,2751.795,2751.055,2751.695,0.2449
1730189400000,2024-10-29,08:10:00,2751.648,2752.314,2750.625,2751.065,0.3505
1730189700000,2024-10-29,08:15:00,2751.115,2751.315,2749.615,2749.615,0.3571
1730190000000,2024-10-29,08:20:00,2749.655,2750.195,2747.518,2747.898,0.5059
1730190300000,2024-10-29,08:25:00,2747.918,2749.995,2746.225,2749.995,0.3763
1730190600000,2024-10-29,08:30:00,2749.995,2752.025,2749.274,2751.938,0.6415
1730190900000,2024-10-29,08:35:00,2751.925,2752.775,2750.255,2751.855,0.2658
1730191200000,2024-10-29,08:40:00,2751.865,2752.235,2751.045,2751.804,0.2627
1730191500000,2024-10-29,08:45:00,2751.814,2752.995,2751.305,2752.625,0.1845
1730191800000,2024-10-29,08:50:00,2752.625,2754.395,2752.535,2753.975,0.2101
1730192100000,2024-10-29,08:55:00,2753.975,2754.955,2753.815,2754.575,0.1187
1730192400000,2024-10-29,09:00:00,2754.575,2755.465,2754.388,2754.975,0.2052
1730192700000,2024-10-29,09:05:00,2754.975,2755.065,2753.635,2754.515,0.1842
1730193000000,2024-10-29,09:10:00,2754.515,2755.335,2754.255,2754.825,0.1261
1730193300000,2024-10-29,09:15:00,2754.805,2755.805,2754.625,2755.535,0.1244
1730193600000,2024-10-29,09:20:00,2755.535,2756.465,2754.905,2755.325,0.2807
1730193900000,2024-10-29,09:25:00,2755.315,2755.795,2754.205,2755.095,0.1085
1730194200000,2024-10-29,09:30:00,2755.125,2755.445,2753.278,2753.645,0.1037
1730194500000,2024-10-29,09:35:00,2753.645,2753.875,2752.065,2752.605,0.2513
1730194800000,2024-10-29,09:40:00,2752.625,2752.795,2751.965,2752.465,0.0844
1730195100000,2024-10-29,09:45:00,2752.465,2753.295,2751.435,2751.575,0.1901
1730195400000,2024-10-29,09:50:00,2751.545,2751.625,2751.145,2751.615,0.0884
1730195700000,2024-10-29,09:55:00,2751.615,2752.535,2749.895,2752.305,0.4682
1730196000000,2024-10-29,10:00:00,2752.325,2753.055,2750.805,2751.255,0.3599
1730196300000,2024-10-29,10:05:00,2751.225,2751.315,2749.815,2750.795,0.3386
1730196600000,2024-10-29,10:10:00,2750.795,2750.955,2749.625,2749.775,0.3994
1730196900000,2024-10-29,10:15:00,2749.788,2750.605,2749.475,2749.915,0.3474
1730197200000,2024-10-29,10:20:00,2749.955,2750.144,2748.355,2748.395,0.3926
1730197500000,2024-10-29,10:25:00,2748.445,2749.165,2747.275,2749.074,0.3325
1730197800000,2024-10-29,10:30:00,2749.115,2749.615,2748.185,2748.535,0.4138
1730198100000,2024-10-29,10:35:00,2748.535,2749.415,2748.204,2749.275,0.4399
1730198400000,2024-10-29,10:40:00,2749.285,2749.585,2748.365,2749.475,0.3725
1730198700000,2024-10-29,10:45:00,2749.485,2750.515,2749.005,2750.515,0.3683
1730199000000,2024-10-29,10:50:00,2750.495,2751.165,2749.265,2749.945,0.4572
1730199300000,2024-10-29,10:55:00,2749.945,2750.485,2749.758,2749.838,0.3173
1730199600000,2024-10-29,11:00:00,2749.795,2750.795,2749.735,2750.265,0.3109
1730199900000,2024-10-29,11:05:00,2750.265,2750.855,2749.895,2750.645,0.2289
1730200200000,2024-10-29,11:10:00,2750.625,2751.018,2750.155,2751.015,0.3322
1730200500000,2024-10-29,11:15:00,2750.975,2751.265,2749.795,2749.805,0.3194
1730200800000,2024-10-29,11:20:00,2749.825,2750.098,2748.375,2748.395,0.4703
1730201100000,2024-10-29,11:25:00,2748.395,2748.475,2746.445,2747.755,0.3407
1730201400000,2024-10-29,11:30:00,2747.755,2750.415,2747.755,2750.245,0.1351
1730201700000,2024-10-29,11:35:00,2750.248,2750.645,2749.805,2750.375,0.1499
1730202000000,2024-10-29,11:40:00,2750.375,2751.638,2750.075,2750.295,0.2737
1730202300000,2024-10-29,11:45:00,2750.275,2751.695,2749.545,2750.975,0.1603
1730202600000,2024-10-29,11:50:00,2750.975,2752.655,2750.895,2752.515,0.185
1730202900000,2024-10-29,11:55:00,2752.495,2753.205,2751.475,2751.738,0.3238
1730203200000,2024-10-29,12:00:00,2751.738,2752.025,2751.085,2751.795,0.3192
1730203500000,2024-10-29,12:05:00,2751.795,2752.425,2751.215,2752.245,0.144
1730203800000,2024-10-29,12:10:00,2752.245,2753.715,2752.205,2753.035,0.168
1730204100000,2024-10-29,12:15:00,2753.035,2753.075,2752.205,2752.765,0.1436
1730204400000,2024-10-29,12:20:00,2752.765,2753.255,2750.135,2751.075,0.2729
1730204700000,2024-10-29,12:25:00,2751.075,2751.585,2748.975,2751.455,0.2656
1730205000000,2024-10-29,12:30:00,2751.494,2752.495,2750.625,2750.768,0.3614
1730205300000,2024-10-29,12:35:00,2750.825,2751.195,2749.425,2751.105,0.2563
1730205600000,2024-10-29,12:40:00,2751.105,2752.218,2750.945,2751.965,0.353
1730205900000,2024-10-29,12:45:00,2751.955,2752.765,2751.425,2752.485,0.3642
1730206200000,2024-10-29,12:50:00,2752.485,2753.335,2751.535,2752.105,0.1817
1730206500000,2024-10-29,12:55:00,2752.105,2752.105,2748.778,2748.998,0.183
1730206800000,2024-10-29,13:00:00,2748.654,2751.805,2748.045,2751.595,0.3641
1730207100000,2024-10-29,13:05:00,2751.595,2754.498,2751.405,2754.395,0.2419
1730207400000,2024-10-29,13:10:00,2754.395,2755.955,2753.915,2755.395,0.2502
1730207700000,2024-10-29,13:15:00,2755.435,2757.215,2754.765,2756.928,0.2965
1730208000000,2024-10-29,13:20:00,2756.925,2757.205,2754.615,2754.938,0.2659
1730208300000,2024-10-29,13:25:00,2754.925,2755.195,2753.685,2755.025,0.1939
1730208600000,2024-10-29,13:30:00,2755.025,2756.935,2752.355,2756.528,0.5206
1730208900000,2024-10-29,13:35:00,2756.505,2758.948,2755.168,2757.534,0.6675
1730209200000,2024-10-29,13:40:00,2757.534,2760.825,2755.518,2760.555,0.5357
1730209500000,2024-10-29,13:45:00,2760.555,2763.245,2760.195,2762.798,0.4768
1730209800000,2024-10-29,13:50:00,2762.765,2763.874,2762.105,2763.455,0.472
1730210100000,2024-10-29,13:55:00,2763.455,2763.518,2760.105,2760.428,0.2664
1730210400000,2024-10-29,14:00:00,2760.438,2765.905,2760.438,2763.965,0.6529
1730210700000,2024-10-29,14:05:00,2763.935,2766.565,2763.408,2764.065,0.5371
1730211000000,2024-10-29,14:10:00,2764.095,2766.525,2763.975,2765.855,0.312
1730211300000,2024-10-29,14:15:00,2766.055,2770.178,2765.725,2769.678,0.3997
1730211600000,2024-10-29,14:20:00,2769.705,2770.825,2767.665,2770.665,0.3476
1730211900000,2024-10-29,14:25:00,2770.665,2771.605,2768.025,2768.495,0.3142
1730212200000,2024-10-29,14:30:00,2768.545,2769.258,2766.674,2767.774,0.3693
1730212500000,2024-10-29,14:35:00,2767.804,2770.405,2764.995,2769.738,0.602
1730212800000,2024-10-29,14:40:00,2769.738,2770.685,2768.605,2769.105,0.4332
1730213100000,2024-10-29,14:45:00,2769.075,2769.075,2766.175,2767.195,0.5715
1730213400000,2024-10-29,14:50:00,2767.195,2768.775,2765.995,2767.975,0.5136
1730213700000,2024-10-29,14:55:00,2767.965,2769.665,2767.185,2769.428,0.4955
1730214000000,2024-10-29,15:00:00,2769.428,2770.218,2767.538,2768.955,0.4521
1730214300000,2024-10-29,15:05:00,2768.855,2770.395,2767.588,2767.705,0.3088
1730214600000,2024-10-29,15:10:00,2767.705,2767.705,2766.185,2766.815,0.3933
1730214900000,2024-10-29,15:15:00,2766.808,2767.275,2764.355,2764.715,0.6276
1730215200000,2024-10-29,15:20:00,2764.754,2764.805,2762.645,2763.385,0.8044
1730215500000,2024-10-29,15:25:00,2763.365,2763.365,2760.775,2760.865,0.9125
1730215800000,2024-10-29,15:30:00,2760.835,2763.468,2760.745,2762.098,0.8383
1730216100000,2024-10-29,15:35:00,2762.085,2765.105,2761.625,2764.345,0.8948
1730216400000,2024-10-29,15:40:00,2764.325,2765.155,2763.188,2763.545,0.7155
1730216700000,2024-10-29,15:45:00,2763.605,2764.925,2762.925,2763.785,0.6256
1730217000000,2024-10-29,15:50:00,2763.795,2764.455,2762.215,2763.235,0.5068
1730217300000,2024-10-29,15:55:00,2763.255,2764.635,2762.285,2764.165,0.2761
1730217600000,2024-10-29,16:00:00,2764.165,2767.018,2764.105,2766.815,0.5214
1730217900000,2024-10-29,16:05:00,2766.815,2768.575,2766.638,2767.415,0.3383
1730218200000,2024-10-29,16:10:00,2767.435,2768.305,2766.635,2768.135,0.238
1730218500000,2024-10-29,16:15:00,2768.135,2769.105,2767.945,2768.695,0.223
1730218800000,2024-10-29,16:20:00,2768.655,2769.255,2768.245,2768.965,0.2645
1730219100000,2024-10-29,16:25:00,2768.925,2770.135,2768.345,2768.608,0.2911
1730219400000,2024-10-29,16:30:00,2768.605,2768.605,2765.755,2766.038,0.3511
1730219700000,2024-10-29,16:35:00,2766.008,2766.975,2764.788,2764.858,0.2254
1730220000000,2024-10-29,16:40:00,2764.878,2766.275,2764.288,2765.435,0.2492
1730220300000,2024-10-29,16:45:00,2765.415,2766.608,2765.038,2766.558,0.2838
1730220600000,2024-10-29,16:50:00,2766.548,2768.318,2766.255,2766.815,0.2074
1730220900000,2024-10-29,16:55:00,2766.785,2769.275,2766.715,2769.275,0.4237
1730221200000,2024-10-29,17:00:00,2769.275,2772.455,2769.148,2771.294,0.6213
1730221500000,2024-10-29,17:05:00,2771.214,2772.058,2770.048,2770.154,0.3135
1730221800000,2024-10-29,17:10:00,2770.204,2771.404,2770.018,2770.748,0.3529
1730222100000,2024-10-29,17:15:00,2770.754,2770.948,2768.148,2768.508,0.2946
1730222400000,2024-10-29,17:20:00,2768.578,2768.685,2766.205,2768.075,0.3735
1730222700000,2024-10-29,17:25:00,2768.035,2769.654,2766.738,2768.498,0.3886
1730223000000,2024-10-29,17:30:00,2768.528,2769.454,2767.474,2768.464,0.3185
1730223300000,2024-10-29,17:35:00,2768.464,2769.364,2768.248,2768.478,0.2173
1730223600000,2024-10-29,17:40:00,2768.444,2769.208,2768.324,2768.798,0.1689
1730223900000,2024-10-29,17:45:00,2768.838,2770.118,2768.484,2769.605,0.1549
1730224200000,2024-10-29,17:50:00,2769.605,2769.815,2768.488,2769.498,0.1597
1730224500000,2024-10-29,17:55:00,2769.465,2770.305,2769.375,2769.698,0.1543
1730224800000,2024-10-29,18:00:00,2769.758,2769.918,2768.208,2768.725,0.1835
1730225100000,2024-10-29,18:05:00,2768.748,2769.038,2768.104,2768.308,0.1521
1730225400000,2024-10-29,18:10:00,2768.295,2769.525,2768.295,2769.135,0.1032
1730225700000,2024-10-29,18:15:00,2769.158,2769.888,2768.805,2769.788,0.1356
1730226000000,2024-10-29,18:20:00,2769.748,2771.658,2769.695,2771.585,0.1276
1730226300000,2024-10-29,18:25:00,2771.598,2772.645,2771.395,2772.195,0.141
1730226600000,2024-10-29,18:30:00,2772.205,2773.408,2772.185,2773.125,0.163
1730226900000,2024-10-29,18:35:00,2773.125,2773.408,2771.965,2772.325,0.2262
1730227200000,2024-10-29,18:40:00,2772.305,2772.718,2771.855,2772.308,0.2152
1730227500000,2024-10-29,18:45:00,2772.285,2772.738,2772.004,2772.338,0.1273
1730227800000,2024-10-29,18:50:00,2772.294,2773.368,2772.198,2772.855,0.1032
1730228100000,2024-10-29,18:55:00,2772.828,2773.018,2772.555,2772.865,0.1453
1730228400000,2024-10-29,19:00:00,2772.865,2774.695,2772.565,2773.628,0.1324
1730228700000,2024-10-29,19:05:00,2773.605,2774.025,2772.925,2773.415,0.1253
1730229000000,2024-10-29,19:10:00,2773.415,2773.778,2772.995,2773.418,0.1148
1730229300000,2024-10-29,19:15:00,2773.418,2773.578,2772.688,2772.795,0.1331
1730229600000,2024-10-29,19:20:00,2772.868,2772.895,2771.878,2771.945,0.0913
1730229900000,2024-10-29,19:25:00,2771.955,2772.398,2771.755,2772.168,0.1518
1730230200000,2024-10-29,19:30:00,2772.188,2772.328,2770.875,2771.705,0.1884
1730230500000,2024-10-29,19:35:00,2771.705,2772.305,2771.665,2772.105,0.1249
1730230800000,2024-10-29,19:40:00,2772.115,2772.388,2771.545,2772.335,0.1314
1730231100000,2024-10-29,19:45:00,2772.365,2772.968,2772.305,2772.615,0.1162
1730231400000,2024-10-29,19:50:00,2772.615,2772.928,2771.975,2772.685,0.1511
1730231700000,2024-10-29,19:55:00,2772.658,2772.738,2771.978,2772.098,0.1763
1730232000000,2024-10-29,20:00:00,2772.118,2773.058,2771.858,2773.005,0.1719
1730232300000,2024-10-29,20:05:00,2773.028,2773.028,2772.408,2772.735,0.0749
1730232600000,2024-10-29,20:10:00,2772.735,2772.828,2772.268,2772.378,0.062
1730232900000,2024-10-29,20:15:00,2772.338,2772.495,2771.905,2772.335,0.0872
1730233200000,2024-10-29,20:20:00,2772.315,2772.428,2772.055,2772.358,0.0385
1730233500000,2024-10-29,20:25:00,2772.288,2772.698,2771.915,2772.038,0.0521
1730233800000,2024-10-29,20:30:00,2771.975,2772.168,2771.735,2772.048,0.0789
1730234100000,2024-10-29,20:35:00,2772.048,2772.268,2771.888,2772.238,0.0491
1730234400000,2024-10-29,20:40:00,2772.188,2773.665,2772.025,2773.615,0.0519
1730234700000,2024-10-29,20:45:00,2773.615,2773.755,2773.275,2773.658,0.0702
1730235000000,2024-10-29,20:50:00,2773.625,2774.118,2773.198,2773.885,0.0973
1730235300000,2024-10-29,20:55:00,2773.885,2774.715,2773.485,2774.425,0.1377
1730239200000,2024-10-29,22:00:00,2773.898,2774.485,2772.998,2773.198,0.0565
1730239500000,2024-10-29,22:05:00,2773.234,2773.298,2772.755,2772.915,0.0303
1730239800000,2024-10-29,22:10:00,2772.998,2773.404,2772.804,2773.104,0.0213
1730240100000,2024-10-29,22:15:00,2773.104,2773.645,2772.735,2773.635,0.0499
1730240400000,2024-10-29,22:20:00,2773.525,2774.025,2773.445,2774.015,0.0399
1730240700000,2024-10-29,22:25:00,2774.025,2775.265,2774.015,2774.575,0.0635
1730241000000,2024-10-29,22:30:00,2774.565,2775.075,2774.545,2774.655,0.043
1730241300000,2024-10-29,22:35:00,2774.615,2775.105,2774.495,2774.735,0.0416
1730241600000,2024-10-29,22:40:00,2774.705,2775.065,2774.425,2774.765,0.0294
1730241900000,2024-10-29,22:45:00,2774.765,2774.885,2774.675,2774.775,0.0171
1730242200000,2024-10-29,22:50:00,2774.775,2774.985,2774.675,2774.685,0.02
1730242500000,2024-10-29,22:55:00,2774.685,2775.195,2774.344,2774.454,0.0474
1730242800000,2024-10-29,23:00:00,2774.478,2774.524,2773.984,2774.004,0.124
1730243100000,2024-10-29,23:05:00,2773.995,2774.494,2773.464,2773.684,0.1654
1730243400000,2024-10-29,23:10:00,2773.694,2774.425,2773.684,2774.205,0.0409
1730243700000,2024-10-29,23:15:00,2774.205,2774.655,2774.045,2774.055,0.0422
1730244000000,2024-10-29,23:20:00,2774.055,2774.105,2773.425,2773.548,0.039
1730244300000,2024-10-29,23:25:00,2773.548,2773.748,2773.395,2773.565,0.0829
1730244600000,2024-10-29,23:30:00,2773.555,2773.725,2773.305,2773.625,0.0222
1730244900000,2024-10-29,23:35:00,2773.625,2773.775,2773.555,2773.705,0.0285
1730245200000,2024-10-29,23:40:00,2773.724,2774.025,2773.595,2773.965,0.0196
1730245500000,2024-10-29,23:45:00,2773.945,2774.785,2773.915,2774.275,0.0362
1730245800000,2024-10-29,23:50:00,2774.275,2775.065,2774.275,2774.855,0.0344
1730246100000,2024-10-29,23:55:00,2774.855,2775.015,2774.575,2774.885,0.0289
1730246400000,2024-10-30,00:00:00,2774.925,2775.535,2774.735,2775.255,0.0462
1730246700000,2024-10-30,00:05:00,2775.255,2776.965,2775.105,2776.955,0.1051
1730247000000,2024-10-30,00:10:00,2776.955,2778.598,2776.835,2778.395,0.2577
1730247300000,2024-10-30,00:15:00,2778.395,2778.555,2777.715,2778.415,0.1239
1730247600000,2024-10-30,00:20:00,2778.415,2778.698,2778.135,2778.368,0.1236
1730247900000,2024-10-30,00:25:00,2778.378,2778.485,2777.105,2777.235,0.1595
1730248200000,2024-10-30,00:30:00,2777.235,2778.875,2776.735,2777.885,0.2905
1730248500000,2024-10-30,00:35:00,2777.895,2778.805,2777.755,2778.495,0.2135
1730248800000,2024-10-30,00:40:00,2778.495,2778.595,2777.138,2777.305,0.1253
1730249100000,2024-10-30,00:45:00,2777.318,2778.708,2777.315,2778.408,0.21
1730249400000,2024-10-30,00:50:00,2778.408,2778.945,2778.085,2778.395,0.2596
1730249700000,2024-10-30,00:55:00,2778.345,2779.015,2777.838,2778.005,0.2499
1730250000000,2024-10-30,01:00:00,2778.045,2779.665,2778.025,2778.215,0.5084
1730250300000,2024-10-30,01:05:00,2778.165,2779.225,2777.215,2779.105,0.2969
1730250600000,2024-10-30,01:10:00,2779.105,2779.105,2776.835,2777.875,0.2166
1730250900000,2024-10-30,01:15:00,2777.905,2778.315,2777.335,2777.605,0.1412
1730251200000,2024-10-30,01:20:00,2777.605,2778.055,2776.885,2777.375,0.1368
1730251500000,2024-10-30,01:25:00,2777.415,2778.225,2776.835,2777.105,0.313
1730251800000,2024-10-30,01:30:00,2777.105,2778.975,2776.815,2778.935,0.3591
1730252100000,2024-10-30,01:35:00,2778.905,2780.815,2778.885,2780.075,0.499
1730252400000,2024-10-30,01:40:00,2780.075,2781.605,2779.995,2780.335,0.5477
1730252700000,2024-10-30,01:45:00,2780.335,2781.275,2779.725,2780.755,0.3211
1730253000000,2024-10-30,01:50:00,2780.785,2781.945,2779.755,2781.695,0.2775
1730253300000,2024-10-30,01:55:00,2781.685,2781.995,2780.265,2781.555,0.1649
1730253600000,2024-10-30,02:00:00,2781.555,2781.725,2780.395,2780.775,0.3938
1730253900000,2024-10-30,02:05:00,2780.805,2781.375,2780.055,2780.225,0.177
1730254200000,2024-10-30,02:10:00,2780.225,2780.225,2779.155,2779.225,0.2191
1730254500000,2024-10-30,02:15:00,2779.225,2779.765,2778.555,2779.195,0.2406
1730254800000,2024-10-30,02:20:00,2779.198,2779.615,2778.995,2779.225,0.148
1730255100000,2024-10-30,02:25:00,2779.195,2779.315,2777.275,2777.858,0.2546
1730255400000,2024-10-30,02:30:00,2777.865,2777.985,2775.915,2776.174,0.3532
1730255700000,2024-10-30,02:35:00,2776.165,2778.535,2775.915,2778.145,0.4608
1730256000000,2024-10-30,02:40:00,2778.145,2778.574,2777.055,2778.158,0.1662
1730256300000,2024-10-30,02:45:00,2778.145,2778.918,2777.948,2778.705,0.3287
1730256600000,2024-10-30,02:50:00,2778.715,2780.285,2778.635,2779.885,0.2687
1730256900000,2024-10-30,02:55:00,2779.885,2780.725,2779.215,2780.365,0.2551
1730257200000,2024-10-30,03:00:00,2780.355,2780.745,2779.305,2779.565,0.3395
1730257500000,2024-10-30,03:05:00,2779.565,2779.785,2779.105,2779.125,0.274
1730257800000,2024-10-30,03:10:00,2779.115,2781.125,2779.115,2780.725,0.2601
1730258100000,2024-10-30,03:15:00,2780.735,2780.905,2778.235,2778.595,0.3318
1730258400000,2024-10-30,03:20:00,2778.585,2779.095,2777.305,2777.755,0.562
1730258700000,2024-10-30,03:25:00,2777.754,2778.544,2777.074,2777.455,0.5471
1730259000000,2024-10-30,03:30:00,2777.435,2777.908,2777.065,2777.335,0.2609
1730259300000,2024-10-30,03:35:00,2777.344,2778.145,2777.185,2777.405,0.1556
1730259600000,2024-10-30,03:40:00,2777.405,2778.755,2777.304,2778.434,0.1407
1730259900000,2024-10-30,03:45:00,2778.405,2778.855,2778.055,2778.315,0.1052
1730260200000,2024-10-30,03:50:00,2778.325,2778.995,2778.135,2778.915,0.0743
1730260500000,2024-10-30,03:55:00,2778.885,2778.995,2778.535,2778.845,0.0265
1730260800000,2024-10-30,04:00:00,2778.845,2778.945,2777.535,2778.678,0.0533
1730261100000,2024-10-30,04:05:00,2778.675,2778.924,2778.245,2778.508,0.1697
1730261400000,2024-10-30,04:10:00,2778.485,2778.558,2777.775,2777.785,0.1304
1730261700000,2024-10-30,04:15:00,2777.785,2777.914,2777.348,2777.465,0.0895
1730262000000,2024-10-30,04:20:00,2777.468,2778.005,2777.245,2777.825,0.035
1730262300000,2024-10-30,04:25:00,2777.825,2778.905,2777.805,2778.725,0.0524
1730262600000,2024-10-30,04:30:00,2778.725,2779.925,2778.625,2779.835,0.0712
1730262900000,2024-10-30,04:35:00,2779.835,2779.985,2779.415,2779.515,0.0358
1730263200000,2024-10-30,04:40:00,2779.505,2779.715,2779.425,2779.455,0.0394
1730263500000,2024-10-30,04:45:00,2779.455,2780.085,2779.315,2780.065,0.0392
1730263800000,2024-10-30,04:50:00,2780.025,2780.815,2779.935,2780.665,0.1123
1730264100000,2024-10-30,04:55:00,2780.665,2780.695,2779.905,2780.015,0.072
1730264400000,2024-10-30,05:00:00,2780.015,2780.205,2779.225,2779.235,0.1133
1730264700000,2024-10-30,05:05:00,2779.235,2779.295,2778.425,2778.538,0.0732
1730265000000,2024-10-30,05:10:00,2778.535,2779.125,2777.965,2778.975,0.0761
1730265300000,2024-10-30,05:15:00,2778.985,2779.145,2778.715,2778.795,0.1262
1730265600000,2024-10-30,05:20:00,2778.785,2780.415,2778.755,2780.335,0.1103
1730265900000,2024-10-30,05:25:00,2780.365,2781.525,2780.295,2781.205,0.113
1730266200000,2024-10-30,05:30:00,2781.205,2783.435,2780.715,2782.905,0.2222
1730266500000,2024-10-30,05:35:00,2782.905,2782.975,2781.205,2782.245,0.3134
1730266800000,2024-10-30,05:40:00,2782.215,2783.748,2781.835,2783.375,0.249
1730267100000,2024-10-30,05:45:00,2783.355,2783.855,2782.395,2783.015,0.2211
1730267400000,2024-10-30,05:50:00,2783.045,2784.748,2782.198,2783.605,0.1797
1730267700000,2024-10-30,05:55:00,2783.605,2784.535,2782.895,2782.965,0.2279
1730268000000,2024-10-30,06:00:00,2782.995,2783.015,2781.075,2781.564,0.416
1730268300000,2024-10-30,06:05:00,2781.524,2784.514,2781.524,2784.415,0.2468
1730268600000,2024-10-30,06:10:00,2784.528,2785.558,2784.428,2785.418,0.2469
1730268900000,2024-10-30,06:15:00,2785.408,2786.578,2785.305,2786.285,0.2032
1730269200000,2024-10-30,06:20:00,2786.328,2786.915,2786.025,2786.685,0.1831
1730269500000,2024-10-30,06:25:00,2786.705,2786.795,2785.025,2786.205,0.1245
1730269800000,2024-10-30,06:30:00,2786.225,2786.945,2786.005,2786.295,0.1236
1730270100000,2024-10-30,06:35:00,2786.295,2788.245,2786.195,2788.065,0.1833
1730270400000,2024-10-30,06:40:00,2788.035,2788.535,2787.285,2788.075,0.1567
1730270700000,2024-10-30,06:45:00,2788.055,2789.668,2787.435,2788.135,0.3668
1730271000000,2024-10-30,06:50:00,2788.105,2788.215,2786.935,2787.548,0.4387
1730271300000,2024-10-30,06:55:00,2787.535,2787.608,2786.705,2786.988,0.3358
1730271600000,2024-10-30,07:00:00,2787.015,2787.975,2786.575,2787.615,0.331
1730271900000,2024-10-30,07:05:00,2787.625,2787.975,2785.945,2785.945,0.333
1730272200000,2024-10-30,07:10:00,2786.005,2786.354,2785.474,2786.314,0.4328
1730272500000,2024-10-30,07:15:00,2786.294,2786.824,2785.235,2785.554,0.379
1730272800000,2024-10-30,07:20:00,2785.564,2785.664,2783.878,2784.395,0.2799
1730273100000,2024-10-30,07:25:00,2784.395,2784.555,2783.605,2784.155,0.1895
1730273400000,2024-10-30,07:30:00,2784.155,2784.635,2783.185,2783.705,0.2618
1730273700000,2024-10-30,07:35:00,2783.735,2783.848,2783.195,2783.195,0.1321
1730274000000,2024-10-30,07:40:00,2783.195,2783.195,2781.335,2781.815,0.4889
1730274300000,2024-10-30,07:45:00,2781.825,2781.918,2780.685,2781.255,0.5874
1730274600000,2024-10-30,07:50:00,2781.235,2782.145,2780.355,2782.145,0.5217
1730274900000,2024-10-30,07:55:00,2782.145,2782.895,2781.265,2782.155,0.3732
1730275200000,2024-10-30,08:00:00,2782.135,2782.875,2781.685,2782.845,0.5057
1730275500000,2024-10-30,08:05:00,2782.825,2783.775,2781.635,2783.085,0.5188
1730275800000,2024-10-30,08:10:00,2783.085,2783.475,2781.795,2782.005,0.3479
1730276100000,2024-10-30,08:15:00,2782.005,2782.905,2781.785,2782.625,0.1627
1730276400000,2024-10-30,08:20:00,2782.555,2783.845,2782.385,2783.795,0.2351
1730276700000,2024-10-30,08:25:00,2783.795,2784.255,2783.175,2783.875,0.2192
1730277000000,2024-10-30,08:30:00,2783.875,2784.485,2782.005,2782.675,0.2491
1730277300000,2024-10-30,08:35:00,2782.685,2782.715,2781.215,2781.975,0.2483
1730277600000,2024-10-30,08:40:00,2781.975,2781.975,2780.498,2780.595,0.3394
1730277900000,2024-10-30,08:45:00,2780.625,2781.595,2780.278,2780.318,0.4485
1730278200000,2024-10-30,08:50:00,2780.308,2781.075,2779.475,2780.005,0.3373
1730278500000,2024-10-30,08:55:00,2779.995,2781.915,2779.915,2781.815,0.0996
1730278800000,2024-10-30,09:00:00,2781.815,2782.615,2780.165,2782.545,0.2195
1730279100000,2024-10-30,09:05:00,2782.545,2783.205,2782.295,2783.045,0.1671
1730279400000,2024-10-30,09:10:00,2783.045,2783.135,2781.484,2781.658,0.1891
1730279700000,2024-10-30,09:15:00,2781.645,2782.005,2781.365,2781.885,0.1155
1730280000000,2024-10-30,09:20:00,2781.915,2782.295,2781.045,2781.435,0.0907
1730280300000,2024-10-30,09:25:00,2781.485,2781.515,2780.375,2780.735,0.2089
1730280600000,2024-10-30,09:30:00,2780.735,2782.588,2780.625,2782.158,0.1933
1730280900000,2024-10-30,09:35:00,2782.158,2782.978,2782.068,2782.075,0.0839
1730281200000,2024-10-30,09:40:00,2782.115,2782.575,2781.635,2782.405,0.0431
1730281500000,2024-10-30,09:45:00,2782.385,2783.028,2782.055,2783.005,0.0482
1730281800000,2024-10-30,09:50:00,2783.055,2784.565,2782.805,2784.505,0.1251
1730282100000,2024-10-30,09:55:00,2784.505,2784.565,2783.845,2784.495,0.081
1730282400000,2024-10-30,10:00:00,2784.495,2784.865,2783.515,2784.805,0.0821
1730282700000,2024-10-30,10:05:00,2784.805,2785.398,2784.795,2785.165,0.1927
1730283000000,2024-10-30,10:10:00,2785.195,2785.885,2784.805,2785.835,0.1305
1730283300000,2024-10-30,10:15:00,2785.865,2786.155,2785.145,2785.615,0.0811
1730283600000,2024-10-30,10:20:00,2785.615,2786.388,2785.335,2785.925,0.0857
1730283900000,2024-10-30,10:25:00,2785.905,2785.935,2784.355,2784.815,0.1134
1730284200000,2024-10-30,10:30:00,2784.815,2785.155,2783.515,2784.075,0.1029
1730284500000,2024-10-30,10:35:00,2784.075,2784.515,2782.975,2783.335,0.1609
1730284800000,2024-10-30,10:40:00,2783.345,2783.445,2781.954,2782.185,0.1034
1730285100000,2024-10-30,10:45:00,2782.185,2783.175,2781.895,2782.805,0.0868
1730285400000,2024-10-30,10:50:00,2782.828,2783.025,2780.825,2781.205,0.1945
1730285700000,2024-10-30,10:55:00,2781.228,2781.395,2780.035,2780.065,0.2028
1730286000000,2024-10-30,11:00:00,2780.065,2781.045,2779.855,2780.795,0.3474
1730286300000,2024-10-30,11:05:00,2780.825,2781.185,2779.995,2780.335,0.4036
1730286600000,2024-10-30,11:10:00,2780.335,2780.585,2778.925,2779.135,0.3891
1730286900000,2024-10-30,11:15:00,2779.135,2781.055,2778.695,2780.585,0.2013
1730287200000,2024-10-30,11:20:00,2780.625,2781.065,2780.035,2780.455,0.3306
1730287500000,2024-10-30,11:25:00,2780.455,2781.395,2780.455,2781.105,0.1517
1730287800000,2024-10-30,11:30:00,2781.105,2781.105,2779.355,2779.455,0.1546
1730288100000,2024-10-30,11:35:00,2779.455,2780.075,2778.835,2779.325,0.1086
1730288400000,2024-10-30,11:40:00,2779.335,2781.468,2779.285,2781.265,0.4069
1730288700000,2024-10-30,11:45:00,2781.275,2781.885,2780.515,2780.535,0.3917
1730289000000,2024-10-30,11:50:00,2780.675,2780.685,2778.925,2779.005,0.107
1730289300000,2024-10-30,11:55:00,2779.005,2779.268,2778.128,2778.508,0.2978
1730289600000,2024-10-30,12:00:00,2778.455,2778.948,2777.665,2777.695,0.2829
1730289900000,2024-10-30,12:05:00,2777.695,2778.035,2776.895,2777.505,0.2243
1730290200000,2024-10-30,12:10:00,2777.495,2778.605,2777.225,2777.728,0.1583
1730290500000,2024-10-30,12:15:00,2777.478,2777.478,2773.125,2776.385,0.3099
1730290800000,2024-10-30,12:20:00,2776.385,2777.978,2775.208,2777.815,0.2188
1730291100000,2024-10-30,12:25:00,2777.795,2778.935,2777.528,2778.258,0.2823
1730291400000,2024-10-30,12:30:00,2777.795,2780.978,2776.415,2778.765,0.4706
1730291700000,2024-10-30,12:35:00,2778.765,2781.395,2778.325,2781.065,0.3791
1730292000000,2024-10-30,12:40:00,2781.065,2782.298,2780.225,2780.795,0.2815
1730292300000,2024-10-30,12:45:00,2780.795,2782.175,2780.795,2781.925,0.1685
1730292600000,2024-10-30,12:50:00,2781.895,2783.275,2781.605,2782.515,0.5301
1730292900000,2024-10-30,12:55:00,2782.525,2782.735,2781.365,2782.415,0.2091
1730293200000,2024-10-30,13:00:00,2782.395,2784.585,2781.555,2783.495,0.3555
1730293500000,2024-10-30,13:05:00,2783.535,2785.035,2781.775,2784.705,0.5948
1730293800000,2024-10-30,13:10:00,2784.715,2786.975,2784.455,2786.925,0.3579
1730294100000,2024-10-30,13:15:00,2786.885,2787.365,2784.465,2785.195,0.223
1730294400000,2024-10-30,13:20:00,2785.175,2785.175,2782.558,2783.205,0.3684
1730294700000,2024-10-30,13:25:00,2783.205,2783.365,2779.185,2779.485,0.3638
1730295000000,2024-10-30,13:30:00,2779.515,2779.515,2771.655,2773.285,0.9997
1730295300000,2024-10-30,13:35:00,2773.285,2775.165,2770.795,2774.855,1.1366
1730295600000,2024-10-30,13:40:00,2774.915,2777.855,2774.015,2775.178,0.8904
1730295900000,2024-10-30,13:45:00,2775.178,2775.345,2771.305,2772.585,0.6303
1730296200000,2024-10-30,13:50:00,2772.595,2777.915,2772.255,2776.105,0.647
1730296500000,2024-10-30,13:55:00,2776.125,2779.405,2776.125,2777.228,0.8098
1730296800000,2024-10-30,14:00:00,2777.074,2779.205,2775.785,2778.985,0.4184
1730297100000,2024-10-30,14:05:00,2778.985,2779.185,2776.375,2776.908,0.4401
1730297400000,2024-10-30,14:10:00,2776.885,2779.355,2776.255,2778.845,0.5467
1730297700000,2024-10-30,14:15:00,2778.885,2780.365,2778.135,2779.115,0.2538
1730298000000,2024-10-30,14:20:00,2779.095,2779.095,2776.585,2777.655,0.3578
1730298300000,2024-10-30,14:25:00,2777.655,2778.385,2776.668,2777.235,0.2694
1730298600000,2024-10-30,14:30:00,2777.235,2780.005,2775.035,2778.895,0.3408
1730298900000,2024-10-30,14:35:00,2778.735,2779.375,2776.165,2777.675,0.4452
1730299200000,2024-10-30,14:40:00,2777.675,2780.735,2777.675,2778.645,0.6567
1730299500000,2024-10-30,14:45:00,2778.645,2780.655,2778.035,2780.395,0.8302
1730299800000,2024-10-30,14:50:00,2780.425,2780.455,2777.558,2778.425,0.5496
1730300100000,2024-10-30,14:55:00,2778.375,2781.635,2778.255,2780.215,0.5145
1730300400000,2024-10-30,15:00:00,2780.215,2780.515,2776.555,2776.858,0.3911
1730300700000,2024-10-30,15:05:00,2776.858,2777.265,2772.678,2774.075,0.4572
1730301000000,2024-10-30,15:10:00,2774.095,2774.865,2771.825,2774.685,0.7347
1730301300000,2024-10-30,15:15:00,2774.715,2777.745,2774.505,2777.375,0.7551
1730301600000,2024-10-30,15:20:00,2777.388,2778.785,2775.168,2778.785,0.7012
1730301900000,2024-10-30,15:25:00,2778.785,2780.398,2778.265,2780.175,0.6013
1730302200000,2024-10-30,15:30:00,2780.175,2782.585,2779.765,2781.625,0.5333
1730302500000,2024-10-30,15:35:00,2781.645,2783.975,2781.435,2783.825,0.2089
1730302800000,2024-10-30,15:40:00,2783.825,2784.385,2782.685,2783.945,0.2357
1730303100000,2024-10-30,15:45:00,2783.955,2783.965,2782.655,2783.675,0.2156
1730303400000,2024-10-30,15:50:00,2783.675,2785.825,2783.665,2784.895,0.2552
1730303700000,2024-10-30,15:55:00,2784.895,2785.215,2783.615,2784.535,0.1947
1730304000000,2024-10-30,16:00:00,2784.565,2785.918,2784.428,2785.638,0.1972
1730304300000,2024-10-30,16:05:00,2785.685,2786.475,2785.424,2785.935,0.2763
1730304600000,2024-10-30,16:10:00,2785.935,2785.935,2782.898,2784.825,0.2598
1730304900000,2024-10-30,16:15:00,2784.915,2786.075,2784.445,2784.878,0.1847
1730305200000,2024-10-30,16:20:00,2784.865,2785.765,2784.208,2785.245,0.2296
1730305500000,2024-10-30,16:25:00,2785.225,2785.835,2784.745,2785.275,0.1725
1730305800000,2024-10-30,16:30:00,2785.275,2786.045,2784.355,2785.255,0.2033
1730306100000,2024-10-30,16:35:00,2785.265,2786.188,2785.095,2785.218,0.126
1730306400000,2024-10-30,16:40:00,2785.218,2785.868,2784.525,2785.548,0.2936
1730306700000,2024-10-30,16:45:00,2785.545,2787.048,2785.395,2786.675,0.2621
1730307000000,2024-10-30,16:50:00,2786.555,2787.318,2785.788,2786.475,0.1802
1730307300000,2024-10-30,16:55:00,2786.475,2786.505,2785.038,2785.318,0.1807
1730307600000,2024-10-30,17:00:00,2785.318,2786.395,2783.825,2783.934,0.2005
1730307900000,2024-10-30,17:05:00,2783.924,2786.065,2783.874,2785.658,0.3366
1730308200000,2024-10-30,17:10:00,2785.688,2786.605,2785.635,2786.335,0.1686
1730308500000,2024-10-30,17:15:00,2786.335,2787.115,2785.595,2786.895,0.1741
1730308800000,2024-10-30,17:20:00,2786.915,2788.045,2786.415,2787.945,0.1959
1730309100000,2024-10-30,17:25:00,2787.935,2789.445,2787.735,2788.915,0.3091
1730309400000,2024-10-30,17:30:00,2788.885,2789.485,2788.088,2788.115,0.3284
1730309700000,2024-10-30,17:35:00,2788.085,2788.985,2787.878,2788.145,0.1666
1730310000000,2024-10-30,17:40:00,2788.125,2789.115,2787.535,2788.785,0.1253
1730310300000,2024-10-30,17:45:00,2788.785,2789.048,2787.865,2788.098,0.1339
1730310600000,2024-10-30,17:50:00,2788.128,2788.658,2787.988,2788.358,0.2163
1730310900000,2024-10-30,17:55:00,2788.355,2789.164,2787.945,2788.468,0.3339
1730311200000,2024-10-30,18:00:00,2788.445,2789.358,2788.445,2789.064,0.3113
1730311500000,2024-10-30,18:05:00,2789.088,2789.925,2788.958,2789.578,0.2353
1730311800000,2024-10-30,18:10:00,2789.568,2789.595,2788.438,2788.518,0.1529
1730312100000,2024-10-30,18:15:00,2788.508,2788.588,2787.328,2787.954,0.2374
1730312400000,2024-10-30,18:20:00,2787.948,2789.198,2787.498,2788.868,0.2077
1730312700000,2024-10-30,18:25:00,2788.865,2789.108,2788.038,2788.108,0.2276
1730313000000,2024-10-30,18:30:00,2788.044,2788.625,2787.468,2787.578,0.1722
1730313300000,2024-10-30,18:35:00,2787.555,2788.295,2787.185,2788.175,0.0975
1730313600000,2024-10-30,18:40:00,2788.175,2788.488,2787.894,2787.998,0.0778
1730313900000,2024-10-30,18:45:00,2787.914,2788.188,2787.604,2787.838,0.1065
1730314200000,2024-10-30,18:50:00,2787.825,2788.988,2787.805,2788.198,0.0892
1730314500000,2024-10-30,18:55:00,2788.104,2788.198,2787.508,2787.678,0.1596
1730314800000,2024-10-30,19:00:00,2787.698,2787.728,2786.665,2786.798,0.199
1730315100000,2024-10-30,19:05:00,2786.774,2787.058,2786.278,2786.785,0.2202
1730315400000,2024-10-30,19:10:00,2786.785,2788.058,2786.634,2786.798,0.2152
1730315700000,2024-10-30,19:15:00,2786.764,2786.808,2785.228,2785.915,0.1904
1730316000000,2024-10-30,19:20:00,2785.928,2786.488,2785.865,2786.198,0.178
1730316300000,2024-10-30,19:25:00,2786.165,2786.508,2785.628,2785.965,0.1636
1730316600000,2024-10-30,19:30:00,2785.948,2785.948,2784.568,2785.038,0.1625
1730316900000,2024-10-30,19:35:00,2784.998,2785.748,2784.788,2785.548,0.1353
1730317200000,2024-10-30,19:40:00,2785.558,2785.628,2784.348,2784.508,0.1711
1730317500000,2024-10-30,19:45:00,2784.488,2785.688,2784.488,2784.948,0.1325
1730317800000,2024-10-30,19:50:00,2784.958,2786.278,2784.925,2786.155,0.153
1730318100000,2024-10-30,19:55:00,2786.175,2787.694,2786.148,2787.195,0.2729
1730318400000,2024-10-30,20:00:00,2787.258,2787.778,2787.138,2787.238,0.1663
1730318700000,2024-10-30,20:05:00,2787.228,2787.298,2786.258,2786.705,0.1083
1730319000000,2024-10-30,20:10:00,2786.748,2786.748,2786.055,2786.308,0.0752
1730319300000,2024-10-30,20:15:00,2786.265,2786.398,2784.675,2785.325,0.1105
1730319600000,2024-10-30,20:20:00,2785.338,2785.498,2784.838,2785.285,0.0757
1730319900000,2024-10-30,20:25:00,2785.285,2785.615,2784.728,2785.268,0.0969
1730320200000,2024-10-30,20:30:00,2785.225,2786.388,2785.225,2786.018,0.1106
1730320500000,2024-10-30,20:35:00,2786.008,2786.558,2785.855,2786.325,0.0955
1730320800000,2024-10-30,20:40:00,2786.325,2787.818,2786.325,2787.708,0.1291
1730321100000,2024-10-30,20:45:00,2787.695,2787.908,2787.548,2787.678,0.1285
1730321400000,2024-10-30,20:50:00,2787.635,2787.878,2786.618,2786.618,0.0739
1730321700000,2024-10-30,20:55:00,2786.618,2787.455,2786.185,2787.205,0.091
1730325600000,2024-10-30,22:00:00,2788.014,2788.014,2786.435,2786.815,0.0404
1730325900000,2024-10-30,22:05:00,2786.864,2787.885,2786.645,2786.985,0.0511
1730326200000,2024-10-30,22:10:00,2786.965,2787.644,2786.875,2787.324,0.0379
1730326500000,2024-10-30,22:15:00,2787.224,2787.265,2786.098,2786.108,0.0414
1730326800000,2024-10-30,22:20:00,2786.108,2787.518,2786.108,2787.028,0.0369
1730327100000,2024-10-30,22:25:00,2787.104,2787.315,2786.618,2786.645,0.03
1730327400000,2024-10-30,22:30:00,2786.665,2786.925,2786.435,2786.575,0.0429
1730327700000,2024-10-30,22:35:00,2786.595,2787.038,2786.385,2786.985,0.0156
1730328000000,2024-10-30,22:40:00,2786.985,2787.285,2786.735,2786.985,0.0228
1730328300000,2024-10-30,22:45:00,2786.975,2787.285,2786.665,2786.855,0.0131
1730328600000,2024-10-30,22:50:00,2786.855,2787.305,2786.675,2787.285,0.009
1730328900000,2024-10-30,22:55:00,2787.285,2787.565,2787.255,2787.325,0.0303
1730329200000,2024-10-30,23:00:00,2787.314,2787.728,2787.095,2787.664,0.0632
1730329500000,2024-10-30,23:05:00,2787.648,2787.964,2787.245,2787.298,0.0311
1730329800000,2024-10-30,23:10:00,2787.324,2787.475,2787.085,2787.125,0.0255
1730330100000,2024-10-30,23:15:00,2787.125,2787.285,2787.105,2787.285,0.0101
1730330400000,2024-10-30,23:20:00,2787.275,2787.484,2786.625,2787.155,0.0277
1730330700000,2024-10-30,23:25:00,2787.155,2787.155,2786.405,2786.545,0.0252
1730331000000,2024-10-30,23:30:00,2786.555,2786.675,2786.264,2786.265,0.0291
1730331300000,2024-10-30,23:35:00,2786.308,2786.785,2786.274,2786.455,0.0657
1730331600000,2024-10-30,23:40:00,2786.464,2786.555,2786.175,2786.515,0.0447
1730331900000,2024-10-30,23:45:00,2786.495,2786.795,2785.965,2786.348,0.0492
1730332200000,2024-10-30,23:50:00,2786.375,2786.395,2785.855,2786.065,0.0327
1730332500000,2024-10-30,23:55:00,2786.045,2786.235,2785.028,2785.258,0.075
1730332800000,2024-10-31,00:00:00,2785.274,2785.585,2784.598,2784.815,0.1592
1730333100000,2024-10-31,00:05:00,2784.785,2785.495,2784.585,2785.495,0.0498
1730333400000,2024-10-31,00:10:00,2785.495,2786.585,2785.485,2786.525,0.0852
1730333700000,2024-10-31,00:15:00,2786.545,2788.065,2786.545,2787.765,0.071
1730334000000,2024-10-31,00:20:00,2787.845,2788.055,2786.455,2786.545,0.0698
1730334300000,2024-10-31,00:25:00,2786.545,2786.584,2785.765,2786.035,0.0803
1730334600000,2024-10-31,00:30:00,2786.065,2787.365,2785.985,2787.295,0.1222
1730334900000,2024-10-31,00:35:00,2787.255,2787.325,2786.545,2787.185,0.2018
1730335200000,2024-10-31,00:40:00,2787.175,2787.595,2787.015,2787.565,0.2107
1730335500000,2024-10-31,00:45:00,2787.515,2787.775,2787.375,2787.645,0.1151
1730335800000,2024-10-31,00:50:00,2787.635,2787.685,2786.745,2786.945,0.1395
1730336100000,2024-10-31,00:55:00,2786.965,2787.505,2786.895,2787.485,0.1373
1730336400000,2024-10-31,01:00:00,2787.505,2789.465,2787.295,2789.095,0.2524
1730336700000,2024-10-31,01:05:00,2789.075,2790.005,2788.125,2788.555,0.1492
1730337000000,2024-10-31,01:10:00,2788.544,2789.455,2787.625,2787.704,0.145
1730337300000,2024-10-31,01:15:00,2787.704,2788.405,2786.785,2787.195,0.1694
1730337600000,2024-10-31,01:20:00,2787.165,2789.225,2787.165,2788.815,0.1223
1730337900000,2024-10-31,01:25:00,2788.795,2788.995,2787.515,2788.035,0.0848
1730338200000,2024-10-31,01:30:00,2788.015,2789.285,2787.865,2787.915,0.0725
1730338500000,2024-10-31,01:35:00,2787.945,2788.648,2786.855,2786.865,0.1625
1730338800000,2024-10-31,01:40:00,2786.865,2786.965,2785.555,2785.925,0.4477
1730339100000,2024-10-31,01:45:00,2785.925,2786.455,2785.085,2785.305,0.5574
1730339400000,2024-10-31,01:50:00,2785.275,2785.605,2783.685,2784.265,0.4928
1730339700000,2024-10-31,01:55:00,2784.265,2785.015,2783.495,2784.595,0.3057
1730340000000,2024-10-31,02:00:00,2784.565,2787.025,2784.315,2784.905,0.5252
1730340300000,2024-10-31,02:05:00,2784.915,2785.825,2784.425,2785.285,0.3213
1730340600000,2024-10-31,02:10:00,2785.265,2785.615,2784.225,2784.865,0.2675
1730340900000,2024-10-31,02:15:00,2784.855,2785.315,2784.325,2785.215,0.1105
1730341200000,2024-10-31,02:20:00,2785.215,2785.355,2784.675,2784.875,0.0592
1730341500000,2024-10-31,02:25:00,2784.875,2785.325,2784.515,2784.845,0.0811
1730341800000,2024-10-31,02:30:00,2784.825,2787.215,2784.755,2787.175,0.2026
1730342100000,2024-10-31,02:35:00,2787.175,2788.825,2787.105,2788.664,0.1115
1730342400000,2024-10-31,02:40:00,2788.764,2788.864,2787.785,2788.095,0.1186
1730342700000,2024-10-31,02:45:00,2788.095,2788.355,2786.705,2786.725,0.2333
1730343000000,2024-10-31,02:50:00,2786.725,2787.695,2786.245,2786.835,0.2261
1730343300000,2024-10-31,02:55:00,2786.795,2787.435,2786.345,2786.995,0.1292
1730343600000,2024-10-31,03:00:00,2786.975,2788.045,2786.775,2787.345,0.2246
1730343900000,2024-10-31,03:05:00,2787.345,2787.485,2786.565,2787.205,0.2155
1730344200000,2024-10-31,03:10:00,2787.225,2787.885,2786.775,2787.775,0.1998
1730344500000,2024-10-31,03:15:00,2787.775,2788.245,2787.615,2787.935,0.2135
1730344800000,2024-10-31,03:20:00,2787.935,2788.085,2786.475,2786.625,0.2691
1730345100000,2024-10-31,03:25:00,2786.655,2787.115,2785.265,2785.425,0.1789
1730345400000,2024-10-31,03:30:00,2785.415,2786.915,2785.335,2786.905,0.0416
1730345700000,2024-10-31,03:35:00,2786.885,2786.925,2786.125,2786.435,0.0389
1730346000000,2024-10-31,03:40:00,2786.375,2786.435,2785.765,2785.905,0.0333
1730346300000,2024-10-31,03:45:00,2785.908,2786.095,2784.925,2785.185,0.0934
1730346600000,2024-10-31,03:50:00,2785.175,2785.285,2784.725,2784.935,0.1335
1730346900000,2024-10-31,03:55:00,2784.954,2784.996,2784.228,2784.428,0.182
1730347200000,2024-10-31,04:00:00,2784.475,2785.305,2783.975,2784.015,0.1924
1730347500000,2024-10-31,04:05:00,2784.048,2784.255,2783.455,2783.995,0.1606
1730347800000,2024-10-31,04:10:00,2783.965,2785.065,2783.618,2784.155,0.2122
1730348100000,2024-10-31,04:15:00,2784.155,2784.335,2783.535,2784.105,0.1618
1730348400000,2024-10-31,04:20:00,2784.125,2784.495,2783.875,2783.975,0.197
1730348700000,2024-10-31,04:25:00,2783.955,2783.955,2781.974,2781.974,0.1666
1730349000000,2024-10-31,04:30:00,2782.025,2783.755,2781.955,2783.275,0.1274
1730349300000,2024-10-31,04:35:00,2783.305,2784.415,2783.185,2784.235,0.0605
1730349600000,2024-10-31,04:40:00,2784.215,2784.455,2783.868,2784.005,0.037
1730349900000,2024-10-31,04:45:00,2783.995,2783.995,2783.425,2783.695,0.0515
1730350200000,2024-10-31,04:50:00,2783.675,2784.705,2783.615,2784.525,0.0416
1730350500000,2024-10-31,04:55:00,2784.555,2784.915,2784.125,2784.315,0.0505
1730350800000,2024-10-31,05:00:00,2784.315,2784.545,2783.985,2784.035,0.0485
1730351100000,2024-10-31,05:05:00,2784.015,2784.045,2782.875,2783.635,0.0508
1730351400000,2024-10-31,05:10:00,2783.665,2783.835,2782.505,2782.605,0.13
1730351700000,2024-10-31,05:15:00,2782.605,2784.725,2782.465,2784.275,0.2088
1730352000000,2024-10-31,05:20:00,2784.265,2786.455,2784.175,2785.725,0.2476
1730352300000,2024-10-31,05:25:00,2785.735,2785.915,2784.805,2784.945,0.2891
1730352600000,2024-10-31,05:30:00,2784.945,2785.208,2782.965,2783.315,0.3994
1730352900000,2024-10-31,05:35:00,2783.315,2784.045,2782.555,2783.164,0.1219
1730353200000,2024-10-31,05:40:00,2783.125,2784.525,2782.974,2783.915,0.2022
1730353500000,2024-10-31,05:45:00,2783.905,2784.225,2783.274,2783.455,0.0919
1730353800000,2024-10-31,05:50:00,2783.425,2784.695,2783.375,2784.485,0.2412
1730354100000,2024-10-31,05:55:00,2784.495,2785.045,2784.375,2784.985,0.3025
1730354400000,2024-10-31,06:00:00,2784.995,2785.875,2784.195,2784.365,0.3326
1730354700000,2024-10-31,06:05:00,2784.355,2784.685,2783.475,2784.065,0.3999
1730355000000,2024-10-31,06:10:00,2784.065,2785.655,2783.985,2785.345,0.2335
1730355300000,2024-10-31,06:15:00,2785.355,2785.785,2784.895,2785.235,0.158
1730355600000,2024-10-31,06:20:00,2785.245,2785.885,2785.005,2785.175,0.0857
1730355900000,2024-10-31,06:25:00,2785.175,2785.485,2784.505,2785.265,0.1718
1730356200000,2024-10-31,06:30:00,2785.265,2785.355,2782.095,2783.905,0.4048
1730356500000,2024-10-31,06:35:00,2783.905,2785.105,2783.618,2784.178,0.3734
1730356800000,2024-10-31,06:40:00,2784.145,2784.145,2782.845,2783.715,0.2686
1730357100000,2024-10-31,06:45:00,2783.685,2784.345,2782.825,2783.765,0.3146
1730357400000,2024-10-31,06:50:00,2783.785,2783.985,2782.285,2782.715,0.4043
1730357700000,2024-10-31,06:55:00,2782.705,2782.705,2779.605,2779.715,0.4173
1730358000000,2024-10-31,07:00:00,2779.715,2780.715,2778.305,2780.715,0.1351
1730358300000,2024-10-31,07:05:00,2780.695,2780.795,2777.955,2778.455,0.2353
1730358600000,2024-10-31,07:10:00,2778.425,2781.525,2778.165,2780.995,0.2681
1730358900000,2024-10-31,07:15:00,2780.995,2782.138,2780.475,2781.945,0.4155
1730359200000,2024-10-31,07:20:00,2781.975,2782.225,2780.945,2781.225,0.2957
1730359500000,2024-10-31,07:25:00,2781.205,2782.265,2780.925,2782.205,0.131
1730359800000,2024-10-31,07:30:00,2782.205,2783.515,2782.094,2783.395,0.1075
1730360100000,2024-10-31,07:35:00,2783.395,2783.955,2783.105,2783.815,0.1003
1730360400000,2024-10-31,07:40:00,2783.815,2783.915,2782.635,2783.635,0.1012
1730360700000,2024-10-31,07:45:00,2783.635,2783.815,2781.705,2782.135,0.1299
1730361000000,2024-10-31,07:50:00,2782.135,2782.755,2781.555,2781.875,0.081
1730361300000,2024-10-31,07:55:00,2781.885,2782.105,2780.885,2781.895,0.119
1730361600000,2024-10-31,08:00:00,2781.925,2782.938,2781.515,2781.735,0.3372
1730361900000,2024-10-31,08:05:00,2781.735,2781.825,2779.475,2779.645,0.4545
1730362200000,2024-10-31,08:10:00,2779.645,2779.645,2778.845,2779.275,0.3689
1730362500000,2024-10-31,08:15:00,2779.345,2779.425,2778.255,2778.695,0.3725
1730362800000,2024-10-31,08:20:00,2778.665,2778.975,2777.855,2778.075,0.4531
1730363100000,2024-10-31,08:25:00,2778.075,2778.975,2777.745,2778.395,0.549
1730363400000,2024-10-31,08:30:00,2778.405,2779.485,2777.055,2777.495,0.5248
1730363700000,2024-10-31,08:35:00,2777.515,2777.935,2776.875,2777.885,0.4784
1730364000000,2024-10-31,08:40:00,2777.875,2778.515,2777.645,2778.515,0.3844
1730364300000,2024-10-31,08:45:00,2778.515,2779.255,2778.035,2779.155,0.4584
1730364600000,2024-10-31,08:50:00,2779.125,2779.495,2778.195,2779.385,0.3453
1730364900000,2024-10-31,08:55:00,2779.425,2780.165,2778.955,2778.995,0.4361
1730365200000,2024-10-31,09:00:00,2778.985,2779.355,2777.725,2779.285,0.5044
1730365500000,2024-10-31,09:05:00,2779.285,2780.065,2778.858,2779.935,0.4196
1730365800000,2024-10-31,09:10:00,2779.925,2779.985,2778.238,2778.238,0.3656
1730366100000,2024-10-31,09:15:00,2778.238,2778.355,2777.018,2778.175,0.2052
1730366400000,2024-10-31,09:20:00,2778.175,2778.355,2777.155,2777.284,0.3793
1730366700000,2024-10-31,09:25:00,2777.305,2777.664,2777.045,2777.365,0.4015
1730367000000,2024-10-31,09:30:00,2777.365,2778.648,2777.148,2778.548,0.4463
1730367300000,2024-10-31,09:35:00,2778.575,2778.978,2777.955,2778.245,0.225
1730367600000,2024-10-31,09:40:00,2778.245,2779.478,2777.965,2779.438,0.1084
1730367900000,2024-10-31,09:45:00,2779.428,2779.695,2778.755,2778.885,0.1928
1730368200000,2024-10-31,09:50:00,2778.875,2779.678,2778.645,2779.165,0.2416
1730368500000,2024-10-31,09:55:00,2779.155,2779.238,2777.985,2778.025,0.1626
1730368800000,2024-10-31,10:00:00,2777.984,2778.525,2776.764,2777.035,0.1445
1730369100000,2024-10-31,10:05:00,2777.035,2777.065,2774.715,2776.045,0.2062
1730369400000,2024-10-31,10:10:00,2776.015,2776.445,2774.665,2774.985,0.1471
1730369700000,2024-10-31,10:15:00,2775.015,2775.468,2773.198,2773.715,0.2481
1730370000000,2024-10-31,10:20:00,2773.695,2776.445,2773.345,2776.095,0.4794
1730370300000,2024-10-31,10:25:00,2776.085,2777.575,2775.905,2777.458,0.3861
1730370600000,2024-10-31,10:30:00,2777.445,2779.235,2777.165,2779.205,0.1668
1730370900000,2024-10-31,10:35:00,2779.205,2779.648,2778.655,2779.265,0.1292
1730371200000,2024-10-31,10:40:00,2779.265,2780.475,2778.115,2779.915,0.175
1730371500000,2024-10-31,10:45:00,2779.915,2780.675,2779.575,2780.655,0.1207
1730371800000,2024-10-31,10:50:00,2780.655,2781.105,2779.935,2780.915,0.1125
1730372100000,2024-10-31,10:55:00,2780.915,2781.035,2779.955,2780.765,0.1035
1730372400000,2024-10-31,11:00:00,2780.795,2782.465,2780.575,2782.285,0.1393
1730372700000,2024-10-31,11:05:00,2782.265,2782.465,2779.854,2779.908,0.2204
1730373000000,2024-10-31,11:10:00,2779.908,2780.208,2778.515,2778.635,0.177
1730373300000,2024-10-31,11:15:00,2778.655,2779.645,2778.485,2779.305,0.1067
1730373600000,2024-10-31,11:20:00,2779.275,2779.465,2778.298,2778.665,0.3049
1730373900000,2024-10-31,11:25:00,2778.635,2778.715,2777.198,2777.725,0.277
1730374200000,2024-10-31,11:30:00,2777.715,2777.815,2776.775,2777.245,0.1559
1730374500000,2024-10-31,11:35:00,2777.275,2778.805,2776.578,2778.605,0.2553
1730374800000,2024-10-31,11:40:00,2778.595,2779.315,2777.875,2778.775,0.3948
1730375100000,2024-10-31,11:45:00,2778.755,2779.025,2776.815,2777.295,0.4316
1730375400000,2024-10-31,11:50:00,2777.315,2779.835,2777.214,2779.355,0.3247
1730375700000,2024-10-31,11:55:00,2779.355,2780.135,2779.275,2779.375,0.3333
1730376000000,2024-10-31,12:00:00,2779.365,2780.528,2778.945,2780.428,0.3908
1730376300000,2024-10-31,12:05:00,2780.428,2780.525,2778.858,2779.565,0.3592
1730376600000,2024-10-31,12:10:00,2779.595,2781.575,2779.365,2781.315,0.1484
1730376900000,2024-10-31,12:15:00,2781.315,2781.865,2780.075,2780.775,0.204
1730377200000,2024-10-31,12:20:00,2780.755,2781.265,2777.905,2778.125,0.1849
1730377500000,2024-10-31,12:25:00,2778.125,2778.125,2775.865,2776.938,0.1492
1730377800000,2024-10-31,12:30:00,2776.938,2778.638,2774.965,2776.885,0.2986
1730378100000,2024-10-31,12:35:00,2776.795,2777.405,2774.525,2775.065,0.4144
1730378400000,2024-10-31,12:40:00,2775.085,2777.145,2774.035,2774.145,0.5452
1730378700000,2024-10-31,12:45:00,2774.165,2774.725,2771.975,2774.155,0.7337
1730379000000,2024-10-31,12:50:00,2774.155,2775.095,2773.185,2773.315,0.7089
1730379300000,2024-10-31,12:55:00,2773.315,2773.645,2771.935,2773.565,0.7718
1730379600000,2024-10-31,13:00:00,2773.555,2773.845,2769.845,2770.155,1.2892
1730379900000,2024-10-31,13:05:00,2770.195,2770.375,2767.445,2768.655,1.1829
1730380200000,2024-10-31,13:10:00,2768.655,2771.445,2767.815,2769.645,1.0478
1730380500000,2024-10-31,13:15:00,2769.635,2770.575,2767.875,2769.645,1.0326
1730380800000,2024-10-31,13:20:00,2769.605,2769.615,2765.715,2766.245,1.0083
1730381100000,2024-10-31,13:25:00,2766.245,2768.385,2765.508,2767.175,0.9639
1730381400000,2024-10-31,13:30:00,2767.155,2768.015,2764.115,2765.115,1.2589
1730381700000,2024-10-31,13:35:00,2765.115,2767.115,2763.725,2764.375,1.1153
1730382000000,2024-10-31,13:40:00,2764.365,2765.275,2761.338,2761.795,0.506
1730382300000,2024-10-31,13:45:00,2761.785,2763.945,2758.955,2758.995,0.4009
1730382600000,2024-10-31,13:50:00,2759.035,2759.918,2754.825,2756.735,1.3501
1730382900000,2024-10-31,13:55:00,2756.625,2757.165,2754.545,2755.345,1.328
1730383200000,2024-10-31,14:00:00,2755.325,2755.325,2749.215,2750.215,1.3301
1730383500000,2024-10-31,14:05:00,2750.205,2754.405,2748,2753.565,0.9633
1730383800000,2024-10-31,14:10:00,2753.545,2754.015,2751.485,2752.528,0.8498
1730384100000,2024-10-31,14:15:00,2752.525,2756.525,2752.255,2756.115,0.8365
1730384400000,2024-10-31,14:20:00,2756.225,2756.725,2751.185,2751.305,0.7899
1730384700000,2024-10-31,14:25:00,2751.348,2751.398,2748.945,2749.725,0.4044
1730385000000,2024-10-31,14:30:00,2749.655,2752.315,2745,2746.455,0.4098
1730385300000,2024-10-31,14:35:00,2746.445,2748.095,2742.698,2742.845,0.4029
1730385600000,2024-10-31,14:40:00,2742.845,2744.715,2740.325,2740.825,0.5662
1730385900000,2024-10-31,14:45:00,2740.865,2741.545,2736.658,2739.288,0.9353
1730386200000,2024-10-31,14:50:00,2739.268,2741.225,2737.825,2739.435,1.1608
1730386500000,2024-10-31,14:55:00,2739.415,2740.515,2734.575,2734.678,0.6774
1730386800000,2024-10-31,15:00:00,2734.585,2736.225,2732.835,2733.465,0.5361
1730387100000,2024-10-31,15:05:00,2733.435,2735.935,2731.415,2735.515,0.5126
1730387400000,2024-10-31,15:10:00,2735.515,2736.435,2733.048,2734.465,0.374
1730387700000,2024-10-31,15:15:00,2734.485,2739.635,2734.405,2738.725,0.4609
1730388000000,2024-10-31,15:20:00,2738.625,2740.865,2737.615,2739.565,0.493
1730388300000,2024-10-31,15:25:00,2739.545,2739.545,2736.435,2739.315,0.4017
1730388600000,2024-10-31,15:30:00,2739.315,2739.315,2736.265,2737.025,0.3133
1730388900000,2024-10-31,15:35:00,2737.015,2738.375,2736.215,2736.535,0.2385
1730389200000,2024-10-31,15:40:00,2736.535,2737.505,2735.665,2736.745,0.2154
1730389500000,2024-10-31,15:45:00,2736.725,2737.085,2735.288,2736.825,0.4835
1730389800000,2024-10-31,15:50:00,2736.845,2737.725,2735.355,2737.275,0.3383
1730390100000,2024-10-31,15:55:00,2737.255,2740.595,2737.015,2740.505,0.3749
1730390400000,2024-10-31,16:00:00,2740.505,2741.755,2739.385,2739.805,0.2912
1730390700000,2024-10-31,16:05:00,2739.825,2740.105,2737.858,2739.405,0.2944
1730391000000,2024-10-31,16:10:00,2739.405,2741.305,2738.685,2740.775,0.3504
1730391300000,2024-10-31,16:15:00,2740.775,2742.975,2740.775,2741.975,0.6176
1730391600000,2024-10-31,16:20:00,2741.915,2743.045,2741.865,2742.805,0.6477
1730391900000,2024-10-31,16:25:00,2742.805,2743.295,2740.855,2742.445,0.632
1730392200000,2024-10-31,16:30:00,2742.445,2743.595,2741.185,2742.025,0.5594
1730392500000,2024-10-31,16:35:00,2742.025,2742.025,2739.485,2739.798,0.5228
1730392800000,2024-10-31,16:40:00,2739.785,2741.215,2739.265,2740.695,0.4969
1730393100000,2024-10-31,16:45:00,2740.705,2740.855,2738.455,2739.275,0.4404
1730393400000,2024-10-31,16:50:00,2739.265,2740.485,2738.298,2740.325,0.2459
1730393700000,2024-10-31,16:55:00,2740.305,2740.905,2739.965,2740.615,0.2828
1730394000000,2024-10-31,17:00:00,2740.585,2742.125,2740.215,2741.635,0.2477
1730394300000,2024-10-31,17:05:00,2741.655,2742.215,2741.245,2741.625,0.2254
1730394600000,2024-10-31,17:10:00,2741.615,2742.805,2741.545,2742.295,0.1679
1730394900000,2024-10-31,17:15:00,2742.295,2743.748,2741.665,2743.275,0.2007
1730395200000,2024-10-31,17:20:00,2743.275,2743.395,2742.075,2742.315,0.2962
1730395500000,2024-10-31,17:25:00,2742.285,2743.275,2738.515,2739.145,0.3547
1730395800000,2024-10-31,17:30:00,2739.124,2741.138,2738.595,2740.798,0.295
1730396100000,2024-10-31,17:35:00,2740.795,2740.988,2740.125,2740.488,0.2199
1730396400000,2024-10-31,17:40:00,2740.478,2741.008,2739.985,2740.108,0.1807
1730396700000,2024-10-31,17:45:00,2740.065,2740.108,2738.115,2739.175,0.2421
1730397000000,2024-10-31,17:50:00,2739.155,2739.505,2738.275,2738.935,0.1399
1730397300000,2024-10-31,17:55:00,2738.915,2739.495,2738.198,2739.455,0.176
1730397600000,2024-10-31,18:00:00,2739.455,2740.678,2739.395,2740.648,0.1384
1730397900000,2024-10-31,18:05:00,2740.615,2741.985,2740.595,2741.535,0.1213
1730398200000,2024-10-31,18:10:00,2741.505,2742.038,2741.008,2741.695,0.2658
1730398500000,2024-10-31,18:15:00,2741.708,2741.708,2741.015,2741.215,0.0927
1730398800000,2024-10-31,18:20:00,2741.135,2741.565,2740.625,2740.935,0.2437
1730399100000,2024-10-31,18:25:00,2740.978,2741.448,2740.365,2741.105,0.2601
1730399400000,2024-10-31,18:30:00,2741.105,2745.995,2740.774,2745.815,0.5242
1730399700000,2024-10-31,18:35:00,2745.795,2747.765,2745.198,2746.445,0.2909
1730400000000,2024-10-31,18:40:00,2746.498,2746.995,2744.025,2744.705,0.1833
1730400300000,2024-10-31,18:45:00,2744.655,2746.175,2743.958,2746.145,0.1182
1730400600000,2024-10-31,18:50:00,2746.145,2746.755,2744.885,2746.175,0.1501
1730400900000,2024-10-31,18:55:00,2746.215,2747.858,2745.905,2746.825,0.2484
1730401200000,2024-10-31,19:00:00,2746.765,2748.965,2746.765,2748.615,0.3037
1730401500000,2024-10-31,19:05:00,2748.615,2748.745,2747.495,2748.445,0.3423
1730401800000,2024-10-31,19:10:00,2748.465,2749.275,2748.255,2749.165,0.294
1730402100000,2024-10-31,19:15:00,2749.145,2749.215,2747.975,2748.605,0.1862
1730402400000,2024-10-31,19:20:00,2748.575,2749.608,2748.025,2749.175,0.2103
1730402700000,2024-10-31,19:25:00,2749.175,2749.555,2747.045,2748.145,0.233
1730403000000,2024-10-31,19:30:00,2748.135,2748.995,2747.315,2747.385,0.1517
1730403300000,2024-10-31,19:35:00,2747.365,2747.365,2746.245,2746.765,0.1415
1730403600000,2024-10-31,19:40:00,2746.795,2748.715,2746.665,2748.315,0.142
1730403900000,2024-10-31,19:45:00,2748.315,2748.815,2747.885,2748.515,0.1284
1730404200000,2024-10-31,19:50:00,2748.505,2748.545,2745.735,2746.005,0.2075
1730404500000,2024-10-31,19:55:00,2745.995,2746.925,2745.605,2746.348,0.1902
1730404800000,2024-10-31,20:00:00,2746.348,2747.075,2746.275,2746.405,0.1865
1730405100000,2024-10-31,20:05:00,2746.418,2747.638,2746.365,2747.275,0.0842
1730405400000,2024-10-31,20:10:00,2747.275,2747.845,2747.058,2747.695,0.1027
1730405700000,2024-10-31,20:15:00,2747.695,2747.695,2746.995,2747.305,0.112
1730406000000,2024-10-31,20:20:00,2747.315,2748.085,2747.135,2747.795,0.0803
1730406300000,2024-10-31,20:25:00,2747.765,2747.795,2747.195,2747.375,0.1237
1730406600000,2024-10-31,20:30:00,2747.375,2747.715,2747.035,2747.395,0.303
1730406900000,2024-10-31,20:35:00,2747.405,2747.435,2745.348,2745.395,0.1727
1730407200000,2024-10-31,20:40:00,2745.404,2746.135,2745.125,2745.328,0.1468
1730407500000,2024-10-31,20:45:00,2745.335,2745.615,2743.915,2744.215,0.1084
1730407800000,2024-10-31,20:50:00,2744.205,2744.338,2743.185,2743.505,0.1521
1730408100000,2024-10-31,20:55:00,2743.495,2743.935,2743.265,2743.765,0.101
1730412000000,2024-10-31,22:00:00,2743.945,2745.085,2743.265,2745.045,0.054
1730412300000,2024-10-31,22:05:00,2745.135,2747.465,2745.135,2746.545,0.0498
1730412600000,2024-10-31,22:10:00,2746.554,2747.304,2746.405,2746.945,0.0518
1730412900000,2024-10-31,22:15:00,2746.945,2747.225,2746.525,2746.525,0.0248
1730413200000,2024-10-31,22:20:00,2746.525,2746.558,2745.625,2745.855,0.0269
1730413500000,2024-10-31,22:25:00,2745.845,2745.964,2744.885,2745.795,0.0154
1730413800000,2024-10-31,22:30:00,2745.755,2746.305,2745.705,2745.705,0.0101
1730414100000,2024-10-31,22:35:00,2745.745,2746.285,2745.655,2746.055,0.0127
1730414400000,2024-10-31,22:40:00,2746.035,2746.335,2745.695,2746.255,0.0119
1730414700000,2024-10-31,22:45:00,2746.235,2746.235,2745.475,2745.685,0.0097
1730415000000,2024-10-31,22:50:00,2745.675,2745.995,2745.655,2745.885,0.0044
1730415300000,2024-10-31,22:55:00,2745.905,2746.285,2745.795,2745.985,0.0115
1730415600000,2024-10-31,23:00:00,2745.995,2746.425,2745.535,2745.945,0.0776
1730415900000,2024-10-31,23:05:00,2745.945,2746.758,2745.325,2746.385,0.1176
1730416200000,2024-10-31,23:10:00,2746.395,2746.525,2746.245,2746.315,0.0088
1730416500000,2024-10-31,23:15:00,2746.295,2746.315,2745.895,2746.195,0.013
1730416800000,2024-10-31,23:20:00,2746.225,2746.405,2746.115,2746.145,0.0086
1730417100000,2024-10-31,23:25:00,2746.175,2746.955,2746.095,2746.955,0.0324
1730417400000,2024-10-31,23:30:00,2746.925,2747.535,2746.715,2747.085,0.0393
1730417700000,2024-10-31,23:35:00,2747.115,2747.415,2747.025,2747.225,0.0137
1730418000000,2024-10-31,23:40:00,2747.205,2747.785,2747.145,2747.635,0.0245
1730418300000,2024-10-31,23:45:00,2747.715,2747.715,2746.225,2746.775,0.0538
1730418600000,2024-10-31,23:50:00,2746.815,2746.815,2746.165,2746.285,0.0406
1730418900000,2024-10-31,23:55:00,2746.315,2746.685,2745.905,2746.545,0.0425
