timestamp,date,time,open,high,low,close,volume
1772406000000,2026-03-01,23:00:00,5372.198,5378.378,5296.668,5333.418,0.2237
1772406300000,2026-03-01,23:05:00,5367.548,5371.888,5330,5350.958,0.2094
1772406600000,2026-03-01,23:10:00,5350.618,5356.945,5340.895,5346.645,0.2932
1772406900000,2026-03-01,23:15:00,5346.945,5357.915,5342.925,5346.745,0.3802
1772407200000,2026-03-01,23:20:00,5346.715,5355.685,5343.148,5350.525,0.2912
1772407500000,2026-03-01,23:25:00,5350.185,5356.638,5349.198,5354.625,0.3162
1772407800000,2026-03-01,23:30:00,5354.455,5369.825,5352.275,5366.475,0.2641
1772408100000,2026-03-01,23:35:00,5366.295,5379.995,5362.865,5376.565,0.2519
1772408400000,2026-03-01,23:40:00,5376.625,5392.995,5374.375,5381.655,0.3376
1772408700000,2026-03-01,23:45:00,5381.675,5387.005,5373.535,5386.865,0.2387
1772409000000,2026-03-01,23:50:00,5386.785,5389.905,5381.185,5388.195,0.1691
1772409300000,2026-03-01,23:55:00,5388.195,5389.795,5377.295,5386.545,0.1953
1772409600000,2026-03-02,00:00:00,5386.675,5387.645,5366.725,5375.675,0.3101
1772409900000,2026-03-02,00:05:00,5375.715,5379.085,5363.675,5367.175,0.2767
1772410200000,2026-03-02,00:10:00,5367.335,5377.775,5366.715,5375.545,0.3255
1772410500000,2026-03-02,00:15:00,5375.585,5375.665,5358.615,5359.475,0.3298
1772410800000,2026-03-02,00:20:00,5359.425,5365.405,5349.025,5362.825,0.2879
1772411100000,2026-03-02,00:25:00,5362.815,5366.045,5352.535,5364.255,0.2156
1772411400000,2026-03-02,00:30:00,5364.335,5372.945,5358.718,5368.315,0.265
1772411700000,2026-03-02,00:35:00,5368.285,5372.815,5365.015,5371.765,0.1669
1772412000000,2026-03-02,00:40:00,5371.735,5372.065,5361.665,5365.005,0.1401
1772412300000,2026-03-02,00:45:00,5365.055,5365.995,5360.915,5364.545,0.1369
1772412600000,2026-03-02,00:50:00,5364.565,5365.205,5342.235,5345.055,0.2109
1772412900000,2026-03-02,00:55:00,5345.175,5354.885,5340.375,5347.045,0.1809
1772413200000,2026-03-02,01:00:00,5347.015,5347.015,5314.765,5329.155,0.466
1772413500000,2026-03-02,01:05:00,5328.685,5335.165,5317.475,5326.789,0.442
1772413800000,2026-03-02,01:10:00,5326.755,5342.665,5325.225,5339.675,0.371
1772414100000,2026-03-02,01:15:00,5339.695,5345.545,5331.195,5332.075,0.3465
1772414400000,2026-03-02,01:20:00,5332.075,5336.205,5318.625,5322.555,0.3231
1772414700000,2026-03-02,01:25:00,5322.815,5330.355,5302.695,5306.855,0.3291
1772415000000,2026-03-02,01:30:00,5306.905,5327.125,5304.855,5324.985,0.3689
1772415300000,2026-03-02,01:35:00,5325.065,5334.355,5321.655,5333.905,0.2673
1772415600000,2026-03-02,01:40:00,5333.775,5338.755,5327.595,5333.615,0.2984
1772415900000,2026-03-02,01:45:00,5333.065,5337.785,5326.498,5330.355,0.3232
1772416200000,2026-03-02,01:50:00,5330.315,5336.855,5325.715,5336.815,0.2075
1772416500000,2026-03-02,01:55:00,5336.795,5337.385,5321.325,5324.615,0.2925
1772416800000,2026-03-02,02:00:00,5324.595,5331.355,5319.255,5322.865,0.2421
1772417100000,2026-03-02,02:05:00,5322.835,5328.545,5316.745,5327.185,0.2437
1772417400000,2026-03-02,02:10:00,5327.205,5335.125,5322.965,5327.245,0.2572
1772417700000,2026-03-02,02:15:00,5327.898,5334.078,5325.798,5327.209,0.2908
1772418000000,2026-03-02,02:20:00,5327.219,5335.935,5325.965,5332.659,0.2181
1772418300000,2026-03-02,02:25:00,5332.659,5333.009,5326.145,5331.219,0.1764
1772418600000,2026-03-02,02:30:00,5331.219,5334.375,5328.225,5334.265,0.2503
1772418900000,2026-03-02,02:35:00,5334.265,5342.215,5332.195,5338.579,0.2359
1772419200000,2026-03-02,02:40:00,5338.579,5351.355,5337.725,5350.738,0.2864
1772419500000,2026-03-02,02:45:00,5350.365,5351.435,5343,5345.849,0.2811
1772419800000,2026-03-02,02:50:00,5345.788,5347.385,5340.515,5344.599,0.2895
1772420100000,2026-03-02,02:55:00,5344.579,5348.685,5342.525,5346.195,0.1739
1772420400000,2026-03-02,03:00:00,5346.298,5354.739,5343.818,5352.565,0.2646
1772420700000,2026-03-02,03:05:00,5352.595,5355.615,5350.865,5351.719,0.2345
1772421000000,2026-03-02,03:10:00,5351.709,5357.195,5349.485,5354.825,0.1846
1772421300000,2026-03-02,03:15:00,5354.795,5358.605,5349.345,5358.415,0.205
1772421600000,2026-03-02,03:20:00,5358.385,5359.195,5354.175,5356.725,0.131
1772421900000,2026-03-02,03:25:00,5356.675,5358.675,5354.015,5355.305,0.1192
1772422200000,2026-03-02,03:30:00,5355.275,5360.055,5353.238,5358.185,0.1591
1772422500000,2026-03-02,03:35:00,5358.195,5364.745,5357.245,5363.565,0.116
1772422800000,2026-03-02,03:40:00,5363.615,5364.145,5358.635,5361.875,0.0936
1772423100000,2026-03-02,03:45:00,5361.905,5364.245,5359.595,5362.245,0.0705
1772423400000,2026-03-02,03:50:00,5362.175,5363.495,5360.275,5362.885,0.0637
1772423700000,2026-03-02,03:55:00,5362.795,5366.535,5361.905,5366.095,0.107
1772424000000,2026-03-02,04:00:00,5366.065,5366.935,5359.755,5359.805,0.0913
1772424300000,2026-03-02,04:05:00,5359.785,5363.445,5355.355,5356.695,0.121
1772424600000,2026-03-02,04:10:00,5356.965,5362.015,5355.735,5355.735,0.08
1772424900000,2026-03-02,04:15:00,5356.598,5364.698,5355.565,5364.265,0.1174
1772425200000,2026-03-02,04:20:00,5364.315,5365.835,5362.495,5363.685,0.1332
1772425500000,2026-03-02,04:25:00,5363.765,5365.305,5362.715,5363.205,0.0905
1772425800000,2026-03-02,04:30:00,5363.235,5364.245,5358.755,5360.625,0.1119
1772426100000,2026-03-02,04:35:00,5360.689,5360.825,5344.505,5350.105,0.1635
1772426400000,2026-03-02,04:40:00,5350.135,5354.938,5346.815,5353.965,0.1044
1772426700000,2026-03-02,04:45:00,5353.985,5355.425,5350.505,5353.435,0.0808
1772427000000,2026-03-02,04:50:00,5353.455,5358.135,5352.375,5358.095,0.0767
1772427300000,2026-03-02,04:55:00,5358.065,5358.065,5355.135,5355.725,0.0574
1772427600000,2026-03-02,05:00:00,5355.785,5355.785,5349.155,5350.705,0.1259
1772427900000,2026-03-02,05:05:00,5350.685,5351.155,5346.698,5347.119,0.1187
1772428200000,2026-03-02,05:10:00,5347.119,5354.555,5345.565,5349.885,0.1248
1772428500000,2026-03-02,05:15:00,5349.855,5350.085,5340.575,5348.985,0.1084
1772428800000,2026-03-02,05:20:00,5349.005,5351.195,5347.695,5349.535,0.0714
1772429100000,2026-03-02,05:25:00,5349.565,5354.085,5349.335,5350.535,0.0662
1772429400000,2026-03-02,05:30:00,5350.455,5358.095,5348.565,5354.635,0.1342
1772429700000,2026-03-02,05:35:00,5354.585,5359.435,5352.975,5358.285,0.0977
1772430000000,2026-03-02,05:40:00,5358.285,5363.395,5356.815,5360.285,0.1149
1772430300000,2026-03-02,05:45:00,5360.325,5365.035,5358.935,5363.005,0.1005
1772430600000,2026-03-02,05:50:00,5363.035,5365.855,5362.355,5362.855,0.0953
1772430900000,2026-03-02,05:55:00,5362.815,5365.985,5361.245,5365.785,0.0958
1772431200000,2026-03-02,06:00:00,5365.815,5366.375,5363.385,5364.955,0.0879
1772431500000,2026-03-02,06:05:00,5365.155,5379.695,5364.015,5375.795,0.1456
1772431800000,2026-03-02,06:10:00,5375.915,5379.885,5373.458,5374.895,0.1338
1772432100000,2026-03-02,06:15:00,5374.878,5378.415,5373.565,5377.475,0.1431
1772432400000,2026-03-02,06:20:00,5377.455,5379.375,5376.685,5378.675,0.1468
1772432700000,2026-03-02,06:25:00,5378.675,5381.805,5376.925,5380.395,0.1511
1772433000000,2026-03-02,06:30:00,5380.395,5382.205,5374.698,5378.405,0.1877
1772433300000,2026-03-02,06:35:00,5378.345,5382.845,5374.921,5377.735,0.1847
1772433600000,2026-03-02,06:40:00,5377.715,5378.515,5373.935,5375.315,0.1259
1772433900000,2026-03-02,06:45:00,5375.355,5386.925,5375.355,5384.165,0.1139
1772434200000,2026-03-02,06:50:00,5384.165,5387.175,5381.805,5385.775,0.1078
1772434500000,2026-03-02,06:55:00,5385.675,5389.505,5384.365,5387.275,0.1227
1772434800000,2026-03-02,07:00:00,5387.195,5390.105,5384.668,5388.295,0.1255
1772435100000,2026-03-02,07:05:00,5388.275,5400.625,5387.685,5400.625,0.1896
1772435400000,2026-03-02,07:10:00,5400.565,5406.545,5396.018,5405.745,0.1948
1772435700000,2026-03-02,07:15:00,5405.765,5418.565,5404.245,5417.175,0.2168
1772436000000,2026-03-02,07:20:00,5417.245,5418.875,5413.145,5413.488,0.2363
1772436300000,2026-03-02,07:25:00,5413.375,5417.128,5408.285,5408.285,0.1821
1772436600000,2026-03-02,07:30:00,5408.345,5411.085,5406.695,5408.925,0.2103
1772436900000,2026-03-02,07:35:00,5408.975,5411.545,5403.245,5405.298,0.1635
1772437200000,2026-03-02,07:40:00,5405.298,5407.458,5401.838,5402.748,0.183
1772437500000,2026-03-02,07:45:00,5402.748,5414.305,5402.478,5411.225,0.1583
1772437800000,2026-03-02,07:50:00,5410.415,5411.535,5405.315,5407.248,0.1322
1772438100000,2026-03-02,07:55:00,5407.248,5408.335,5402.278,5408.105,0.1478
1772438400000,2026-03-02,08:00:00,5408.075,5411.435,5402.405,5405.165,0.1966
1772438700000,2026-03-02,08:05:00,5405.225,5412.435,5403.515,5412.095,0.1743
1772439000000,2026-03-02,08:10:00,5411.495,5412.765,5406.405,5409.375,0.1619
1772439300000,2026-03-02,08:15:00,5409.405,5410.795,5401.875,5405.065,0.1735
1772439600000,2026-03-02,08:20:00,5405.185,5407.555,5402.118,5405.395,0.157
1772439900000,2026-03-02,08:25:00,5405.365,5415.735,5404.585,5415.475,0.1465
1772440200000,2026-03-02,08:30:00,5415.505,5416.455,5408.965,5413.775,0.1473
1772440500000,2026-03-02,08:35:00,5413.775,5414.245,5408.155,5408.998,0.1235
1772440800000,2026-03-02,08:40:00,5408.485,5410.078,5396.478,5401.455,0.2441
1772441100000,2026-03-02,08:45:00,5401.495,5410.845,5399.275,5409.285,0.1482
1772441400000,2026-03-02,08:50:00,5409.235,5409.605,5399.475,5400.035,0.1476
1772441700000,2026-03-02,08:55:00,5399.975,5400.255,5391.045,5393.865,0.1504
1772442000000,2026-03-02,09:00:00,5393.835,5396.735,5390.515,5392.205,0.1668
1772442300000,2026-03-02,09:05:00,5392.175,5399.985,5391.955,5397.525,0.1533
1772442600000,2026-03-02,09:10:00,5397.495,5398.095,5389.278,5394.405,0.1456
1772442900000,2026-03-02,09:15:00,5394.465,5398.445,5391.078,5391.155,0.1143
1772443200000,2026-03-02,09:20:00,5391.135,5396.175,5385.535,5396.035,0.1241
1772443500000,2026-03-02,09:25:00,5395.995,5396.355,5391.715,5394.375,0.0941
1772443800000,2026-03-02,09:30:00,5394.345,5402.815,5393.955,5396.805,0.1205
1772444100000,2026-03-02,09:35:00,5396.798,5399.485,5394.068,5395.095,0.1063
1772444400000,2026-03-02,09:40:00,5395.125,5397.725,5394.068,5396.438,0.1414
1772444700000,2026-03-02,09:45:00,5396.358,5397.058,5387.975,5390.105,0.1677
1772445000000,2026-03-02,09:50:00,5390.135,5395.715,5386.998,5392.715,0.1202
1772445300000,2026-03-02,09:55:00,5392.625,5394.495,5390.455,5391.755,0.088
1772445600000,2026-03-02,10:00:00,5391.775,5392.465,5383.105,5385.685,0.1487
1772445900000,2026-03-02,10:05:00,5385.795,5391.635,5378.645,5390.615,0.1481
1772446200000,2026-03-02,10:10:00,5390.835,5394.365,5387.465,5390.245,0.1089
1772446500000,2026-03-02,10:15:00,5390.215,5392.155,5388.005,5390.605,0.0788
1772446800000,2026-03-02,10:20:00,5390.605,5391.185,5386.015,5387.865,0.0936
1772447100000,2026-03-02,10:25:00,5387.895,5390.545,5383.325,5389.735,0.1397
1772447400000,2026-03-02,10:30:00,5389.775,5393.735,5386.495,5391.515,0.1087
1772447700000,2026-03-02,10:35:00,5391.485,5397.645,5390.795,5394.215,0.1024
1772448000000,2026-03-02,10:40:00,5394.235,5400.715,5392.125,5400.215,0.0949
1772448300000,2026-03-02,10:45:00,5400.255,5400.585,5394.535,5394.585,0.0818
1772448600000,2026-03-02,10:50:00,5394.605,5395.425,5382.805,5386.065,0.121
1772448900000,2026-03-02,10:55:00,5386.055,5389.165,5381.235,5388.945,0.1181
1772449200000,2026-03-02,11:00:00,5389.035,5394.425,5387.545,5388.795,0.0938
1772449500000,2026-03-02,11:05:00,5388.845,5390.025,5383.855,5385.535,0.0866
1772449800000,2026-03-02,11:10:00,5385.565,5388.905,5382.085,5388.325,0.0795
1772450100000,2026-03-02,11:15:00,5388.295,5396.915,5387.685,5393.635,0.11
1772450400000,2026-03-02,11:20:00,5393.655,5393.685,5387.485,5388.405,0.0886
1772450700000,2026-03-02,11:25:00,5388.458,5393.505,5388.458,5390.245,0.08
1772451000000,2026-03-02,11:30:00,5390.165,5397.625,5389.475,5396.645,0.0794
1772451300000,2026-03-02,11:35:00,5396.615,5399.795,5393.535,5395.675,0.0864
1772451600000,2026-03-02,11:40:00,5395.635,5395.875,5388.735,5388.865,0.0643
1772451900000,2026-03-02,11:45:00,5388.895,5389.635,5374.865,5380.725,0.202
1772452200000,2026-03-02,11:50:00,5381.015,5384.245,5378.075,5378.165,0.1188
1772452500000,2026-03-02,11:55:00,5378.195,5385.155,5377.965,5385.155,0.1237
1772452800000,2026-03-02,12:00:00,5385.035,5386.705,5378.705,5386.605,0.1553
1772453100000,2026-03-02,12:05:00,5387.183,5392.935,5386.585,5390.945,0.1481
1772453400000,2026-03-02,12:10:00,5390.935,5398.155,5390.515,5391.285,0.1486
1772453700000,2026-03-02,12:15:00,5391.315,5391.535,5384.205,5386.235,0.1325
1772454000000,2026-03-02,12:20:00,5386.255,5395.755,5385.585,5394.185,0.1115
1772454300000,2026-03-02,12:25:00,5394.165,5394.165,5389.925,5393.755,0.0789
1772454600000,2026-03-02,12:30:00,5393.785,5396.365,5392.845,5394.695,0.0949
1772454900000,2026-03-02,12:35:00,5394.715,5395.275,5388.545,5392.165,0.1094
1772455200000,2026-03-02,12:40:00,5392.215,5398.498,5391.998,5396.215,0.1147
1772455500000,2026-03-02,12:45:00,5396.085,5398.255,5393.248,5395.448,0.122
1772455800000,2026-03-02,12:50:00,5395.155,5395.548,5390.138,5390.848,0.1328
1772456100000,2026-03-02,12:55:00,5390.848,5397.315,5385.295,5396.845,0.1276
1772456400000,2026-03-02,13:00:00,5396.875,5402.135,5389.395,5401.055,0.2755
1772456700000,2026-03-02,13:05:00,5401.085,5409.955,5394.765,5397.185,0.2844
1772457000000,2026-03-02,13:10:00,5397.115,5400.715,5381.338,5383.878,0.4175
1772457300000,2026-03-02,13:15:00,5383.878,5394.275,5382.345,5392.775,0.2629
1772457600000,2026-03-02,13:20:00,5393.311,5408.548,5390.975,5405.425,0.2649
1772457900000,2026-03-02,13:25:00,5405.455,5409.045,5396.975,5401.285,0.2938
1772458200000,2026-03-02,13:30:00,5401.425,5416.625,5400.285,5400.285,0.3014
1772458500000,2026-03-02,13:35:00,5400.805,5403.975,5396.235,5399.395,0.3032
1772458800000,2026-03-02,13:40:00,5399.395,5407.325,5391.845,5392.765,0.242
1772459100000,2026-03-02,13:45:00,5392.725,5396.985,5390.535,5394.585,0.2165
1772459400000,2026-03-02,13:50:00,5394.615,5397.925,5388.798,5393.115,0.1985
1772459700000,2026-03-02,13:55:00,5393.165,5396.675,5391.885,5393.655,0.1693
1772460000000,2026-03-02,14:00:00,5393.675,5394.895,5376.415,5376.695,0.2773
1772460300000,2026-03-02,14:05:00,5376.745,5386.805,5370.765,5371.125,0.2401
1772460600000,2026-03-02,14:10:00,5370.995,5377.618,5363.255,5374.855,0.3161
1772460900000,2026-03-02,14:15:00,5374.848,5376.405,5360.825,5363.935,0.2735
1772461200000,2026-03-02,14:20:00,5363.675,5369.285,5343.835,5347.965,0.3734
1772461500000,2026-03-02,14:25:00,5347.985,5351.945,5306.275,5333.005,0.4591
1772461800000,2026-03-02,14:30:00,5333.475,5339.855,5305.069,5316.205,0.4595
1772462100000,2026-03-02,14:35:00,5315.945,5350.475,5309.758,5344.385,0.52
1772462400000,2026-03-02,14:40:00,5344.135,5355.635,5344.135,5346.745,0.4512
1772462700000,2026-03-02,14:45:00,5346.755,5351.225,5331.845,5340.715,0.4282
1772463000000,2026-03-02,14:50:00,5340.755,5342.765,5320.195,5336.498,0.4342
1772463300000,2026-03-02,14:55:00,5335.965,5338.205,5327.085,5331.645,0.3406
1772463600000,2026-03-02,15:00:00,5331.248,5332.485,5317.555,5330.245,0.37
1772463900000,2026-03-02,15:05:00,5330.225,5346.588,5310.655,5335.728,0.4996
1772464200000,2026-03-02,15:10:00,5335.375,5342.395,5323.855,5333.265,0.4114
1772464500000,2026-03-02,15:15:00,5333.175,5336.155,5317.085,5322.325,0.4072
1772464800000,2026-03-02,15:20:00,5322.225,5334.025,5320.215,5333.038,0.5312
1772465100000,2026-03-02,15:25:00,5332.818,5338.715,5326.765,5330.575,0.3433
1772465400000,2026-03-02,15:30:00,5330.525,5347.745,5329.565,5345.735,0.3239
1772465700000,2026-03-02,15:35:00,5346.155,5348.438,5335.575,5347.485,0.3544
1772466000000,2026-03-02,15:40:00,5347.445,5348.318,5337.085,5341.925,0.3188
1772466300000,2026-03-02,15:45:00,5341.905,5344.825,5325.518,5334.045,0.3105
1772466600000,2026-03-02,15:50:00,5333.995,5336.465,5326.045,5332.855,0.3368
1772466900000,2026-03-02,15:55:00,5332.855,5332.855,5307.885,5315.505,0.381
1772467200000,2026-03-02,16:00:00,5314.925,5314.925,5260.095,5273.088,0.4668
1772467500000,2026-03-02,16:05:00,5272.558,5294.675,5272.405,5288.795,0.4214
1772467800000,2026-03-02,16:10:00,5288.798,5302.035,5282.995,5299.995,0.3623
1772468100000,2026-03-02,16:15:00,5299.925,5300.445,5281.295,5284.595,0.365
1772468400000,2026-03-02,16:20:00,5284.755,5300.435,5281.525,5298.665,0.2943
1772468700000,2026-03-02,16:25:00,5298.935,5314.145,5298.925,5309.535,0.3214
1772469000000,2026-03-02,16:30:00,5309.555,5311.355,5293.405,5296.878,0.3154
1772469300000,2026-03-02,16:35:00,5296.798,5306.048,5281.478,5305.848,0.4972
1772469600000,2026-03-02,16:40:00,5305.848,5311.348,5297.165,5301.098,0.3029
1772469900000,2026-03-02,16:45:00,5301.125,5306.055,5293.395,5298.555,0.3187
1772470200000,2026-03-02,16:50:00,5298.585,5303.785,5290.105,5295.995,0.2881
1772470500000,2026-03-02,16:55:00,5295.995,5301.385,5288.945,5289.705,0.2856
1772470800000,2026-03-02,17:00:00,5289.725,5299.415,5286.555,5299.415,0.2729
1772471100000,2026-03-02,17:05:00,5299.275,5309.545,5299.275,5303.725,0.244
1772471400000,2026-03-02,17:10:00,5303.515,5303.515,5293.135,5298.215,0.2604
1772471700000,2026-03-02,17:15:00,5297.955,5299.085,5291.455,5295.785,0.2418
1772472000000,2026-03-02,17:20:00,5295.745,5304.965,5295.135,5304.405,0.2462
1772472300000,2026-03-02,17:25:00,5304.815,5311.915,5302.105,5304.245,0.2093
1772472600000,2026-03-02,17:30:00,5304.498,5320.315,5304.145,5319.425,0.2154
1772472900000,2026-03-02,17:35:00,5319.385,5319.485,5309.155,5309.705,0.1925
1772473200000,2026-03-02,17:40:00,5309.725,5310.725,5303.115,5303.885,0.2114
1772473500000,2026-03-02,17:45:00,5303.925,5310.775,5302.105,5304.845,0.2048
1772473800000,2026-03-02,17:50:00,5304.805,5306.075,5297.745,5302.945,0.2014
1772474100000,2026-03-02,17:55:00,5302.905,5309.765,5302.305,5306.605,0.1745
1772474400000,2026-03-02,18:00:00,5306.705,5308.045,5298.045,5299.415,0.1715
1772474700000,2026-03-02,18:05:00,5299.475,5300.935,5291.075,5291.975,0.1699
1772475000000,2026-03-02,18:10:00,5292.075,5297.215,5289.275,5295.045,0.1751
1772475300000,2026-03-02,18:15:00,5295.075,5305.675,5294.455,5302.345,0.1743
1772475600000,2026-03-02,18:20:00,5302.375,5305.635,5295.155,5295.175,0.1758
1772475900000,2026-03-02,18:25:00,5295.125,5301.958,5293.435,5297.465,0.2213
1772476200000,2026-03-02,18:30:00,5297.425,5298.475,5293.025,5298.225,0.1857
1772476500000,2026-03-02,18:35:00,5298.195,5299.305,5290.835,5294.315,0.1799
1772476800000,2026-03-02,18:40:00,5294.315,5302.935,5294.005,5302.905,0.1587
1772477100000,2026-03-02,18:45:00,5303.015,5312.915,5301.855,5311.025,0.1923
1772477400000,2026-03-02,18:50:00,5311.105,5316.465,5307.415,5315.165,0.1738
1772477700000,2026-03-02,18:55:00,5315.125,5315.565,5311.025,5315.385,0.1384
1772478000000,2026-03-02,19:00:00,5315.335,5326.145,5313.575,5324.875,0.1889
1772478300000,2026-03-02,19:05:00,5324.905,5330.025,5321.885,5329.715,0.1698
1772478600000,2026-03-02,19:10:00,5329.625,5332.985,5326.385,5330.235,0.1529
1772478900000,2026-03-02,19:15:00,5330.278,5331.495,5318.295,5325.095,0.1642
1772479200000,2026-03-02,19:20:00,5324.945,5326.455,5320.425,5324.905,0.1135
1772479500000,2026-03-02,19:25:00,5324.925,5332.645,5324.845,5330.595,0.1153
1772479800000,2026-03-02,19:30:00,5330.565,5331.735,5325.805,5330.205,0.1131
1772480100000,2026-03-02,19:35:00,5330.205,5333.795,5328.925,5328.925,0.1118
1772480400000,2026-03-02,19:40:00,5328.845,5329.698,5324.095,5324.598,0.2092
1772480700000,2026-03-02,19:45:00,5324.598,5330.795,5323.685,5327.975,0.1196
1772481000000,2026-03-02,19:50:00,5327.955,5328.035,5322.708,5326.415,0.0889
1772481300000,2026-03-02,19:55:00,5326.385,5332.005,5326.025,5330.195,0.0863
1772481600000,2026-03-02,20:00:00,5330.235,5333.225,5328.095,5331.055,0.1692
1772481900000,2026-03-02,20:05:00,5331.135,5342.805,5330.435,5338.925,0.2126
1772482200000,2026-03-02,20:10:00,5338.955,5346.045,5337.035,5337.065,0.2735
1772482500000,2026-03-02,20:15:00,5337.095,5343.755,5328.235,5329.205,0.2892
1772482800000,2026-03-02,20:20:00,5329.145,5345.055,5328.725,5344.045,0.2416
1772483100000,2026-03-02,20:25:00,5344.015,5345.898,5329.415,5333.185,0.2447
1772483400000,2026-03-02,20:30:00,5333.205,5341.845,5331.625,5337.275,0.2144
1772483700000,2026-03-02,20:35:00,5337.145,5344.485,5336.548,5341.595,0.1697
1772484000000,2026-03-02,20:40:00,5341.635,5344.455,5340.875,5341.635,0.1484
1772484300000,2026-03-02,20:45:00,5341.665,5341.915,5334.615,5337.835,0.1701
1772484600000,2026-03-02,20:50:00,5337.865,5342.255,5334.765,5338.955,0.1717
1772484900000,2026-03-02,20:55:00,5338.895,5342.105,5331.015,5331.995,0.2188
1772485200000,2026-03-02,21:00:00,5332.105,5338.305,5331.125,5337.995,0.1272
1772485500000,2026-03-02,21:05:00,5338.375,5339.425,5336.205,5339.095,0.0787
1772485800000,2026-03-02,21:10:00,5339.065,5339.065,5334.325,5335.115,0.0713
1772486100000,2026-03-02,21:15:00,5335.155,5340.095,5334.875,5338.605,0.0702
1772486400000,2026-03-02,21:20:00,5338.225,5338.225,5334.025,5336.545,0.1182
1772486700000,2026-03-02,21:25:00,5336.595,5337.135,5331.098,5332.385,0.0679
1772487000000,2026-03-02,21:30:00,5332.355,5332.655,5325.815,5329.035,0.1137
1772487300000,2026-03-02,21:35:00,5329.015,5329.686,5326.845,5328.555,0.1411
1772487600000,2026-03-02,21:40:00,5328.515,5332.285,5326.955,5331.125,0.1403
1772487900000,2026-03-02,21:45:00,5331.095,5331.095,5323.645,5327.265,0.0561
1772488200000,2026-03-02,21:50:00,5327.225,5328.375,5321.485,5324.275,0.0486
1772488500000,2026-03-02,21:55:00,5324.695,5325.255,5321.005,5321.845,0.0401
1772492400000,2026-03-02,23:00:00,5321.098,5344.938,5320.698,5344.248,0.2132
1772492700000,2026-03-02,23:05:00,5344.248,5346.658,5334.978,5336.448,0.1727
1772493000000,2026-03-02,23:10:00,5336.448,5339.975,5332.405,5338.415,0.0739
1772493300000,2026-03-02,23:15:00,5338.455,5341.605,5336.595,5337.365,0.0459
1772493600000,2026-03-02,23:20:00,5337.415,5337.775,5328.895,5335.525,0.0707
1772493900000,2026-03-02,23:25:00,5335.545,5337.315,5334.435,5336.375,0.0319
1772494200000,2026-03-02,23:30:00,5336.305,5336.535,5330.805,5333.635,0.0495
1772494500000,2026-03-02,23:35:00,5333.595,5334.925,5330.635,5330.865,0.0464
1772494800000,2026-03-02,23:40:00,5330.935,5334.555,5330.125,5330.625,0.0614
1772495100000,2026-03-02,23:45:00,5330.545,5337.305,5329.605,5336.485,0.0732
1772495400000,2026-03-02,23:50:00,5336.465,5344.945,5336.325,5341.135,0.1015
1772495700000,2026-03-02,23:55:00,5341.135,5346.515,5339.645,5345.695,0.0574
1772496000000,2026-03-03,00:00:00,5345.755,5346.285,5336.565,5341.635,0.0808
1772496300000,2026-03-03,00:05:00,5341.745,5345.585,5340.225,5342.535,0.0463
1772496600000,2026-03-03,00:10:00,5342.705,5349.385,5341.935,5348.125,0.0484
1772496900000,2026-03-03,00:15:00,5348.165,5358.595,5347.825,5355.665,0.137
1772497200000,2026-03-03,00:20:00,5355.705,5357.685,5351.655,5356.495,0.0725
1772497500000,2026-03-03,00:25:00,5356.355,5357.795,5353.875,5357.595,0.066
1772497800000,2026-03-03,00:30:00,5357.615,5361.788,5354.845,5355.865,0.1013
1772498100000,2026-03-03,00:35:00,5355.805,5355.835,5347.825,5351.045,0.0804
1772498400000,2026-03-03,00:40:00,5351.065,5357.375,5350.195,5354.725,0.0583
1772498700000,2026-03-03,00:45:00,5355.205,5359.245,5348.175,5353.195,0.0965
1772499000000,2026-03-03,00:50:00,5353.145,5354.915,5346.075,5349.775,0.0785
1772499300000,2026-03-03,00:55:00,5349.635,5353.025,5348.605,5349.905,0.0702
1772499600000,2026-03-03,01:00:00,5349.925,5363.345,5346.855,5362.575,0.2349
1772499900000,2026-03-03,01:05:00,5362.595,5371.855,5361.648,5368.015,0.2244
1772500200000,2026-03-03,01:10:00,5368.045,5369.555,5361.645,5367.945,0.1608
1772500500000,2026-03-03,01:15:00,5367.785,5373.035,5365.535,5371.385,0.2159
1772500800000,2026-03-03,01:20:00,5371.335,5379.635,5370.565,5377.875,0.1693
1772501100000,2026-03-03,01:25:00,5377.955,5379.755,5374.285,5376.775,0.1146
1772501400000,2026-03-03,01:30:00,5376.805,5377.985,5369.815,5375.305,0.1484
1772501700000,2026-03-03,01:35:00,5375.285,5377.105,5367.685,5372.885,0.1632
1772502000000,2026-03-03,01:40:00,5372.825,5373.555,5363.955,5363.985,0.16
1772502300000,2026-03-03,01:45:00,5362.598,5364.985,5343.865,5351.845,0.2527
1772502600000,2026-03-03,01:50:00,5351.865,5362.195,5350.175,5352.675,0.2324
1772502900000,2026-03-03,01:55:00,5352.805,5352.805,5337.685,5338.755,0.3195
1772503200000,2026-03-03,02:00:00,5339.175,5349.175,5332.525,5347.575,0.2972
1772503500000,2026-03-03,02:05:00,5347.675,5356.845,5340.785,5351.425,0.3067
1772503800000,2026-03-03,02:10:00,5351.425,5352.285,5342.945,5349.735,0.252
1772504100000,2026-03-03,02:15:00,5349.745,5354.355,5343.835,5348.855,0.1935
1772504400000,2026-03-03,02:20:00,5348.835,5355.425,5348.085,5353.745,0.1522
1772504700000,2026-03-03,02:25:00,5354.255,5359.465,5351.335,5358.625,0.1297
1772505000000,2026-03-03,02:30:00,5358.685,5364.935,5355.585,5358.745,0.1808
1772505300000,2026-03-03,02:35:00,5358.715,5363.925,5355.385,5358.285,0.1646
1772505600000,2026-03-03,02:40:00,5358.305,5362.445,5355.045,5360.635,0.1433
1772505900000,2026-03-03,02:45:00,5360.655,5367.195,5359.235,5363.618,0.1474
1772506200000,2026-03-03,02:50:00,5363.515,5365.085,5358.575,5363.595,0.2917
1772506500000,2026-03-03,02:55:00,5363.755,5367.695,5363.755,5366.625,0.1186
1772506800000,2026-03-03,03:00:00,5366.645,5371.365,5366.165,5368.685,0.1391
1772507100000,2026-03-03,03:05:00,5368.715,5370.925,5367.415,5370.025,0.1126
1772507400000,2026-03-03,03:10:00,5370.085,5371.005,5364.645,5366.345,0.1389
1772507700000,2026-03-03,03:15:00,5366.525,5369.295,5363.335,5366.735,0.1487
1772508000000,2026-03-03,03:20:00,5366.748,5373.185,5365.605,5371.105,0.1351
1772508300000,2026-03-03,03:25:00,5371.075,5371.595,5365.798,5367.095,0.2239
1772508600000,2026-03-03,03:30:00,5367.115,5369.295,5365.645,5368.545,0.0725
1772508900000,2026-03-03,03:35:00,5368.575,5368.765,5365.418,5366.205,0.1071
1772509200000,2026-03-03,03:40:00,5366.175,5370.415,5364.975,5368.835,0.0948
1772509500000,2026-03-03,03:45:00,5368.975,5369.585,5364.005,5366.835,0.0568
1772509800000,2026-03-03,03:50:00,5366.605,5367.445,5358.598,5362.245,0.0874
1772510100000,2026-03-03,03:55:00,5362.665,5367.315,5361.515,5367.115,0.0722
1772510400000,2026-03-03,04:00:00,5367.055,5367.595,5361.475,5364.465,0.057
1772510700000,2026-03-03,04:05:00,5364.485,5366.345,5362.215,5364.635,0.0574
1772511000000,2026-03-03,04:10:00,5364.195,5364.205,5359.115,5361.395,0.0558
1772511300000,2026-03-03,04:15:00,5361.445,5366.845,5359.415,5366.845,0.0759
1772511600000,2026-03-03,04:20:00,5366.825,5371.905,5366.825,5369.305,0.0743
1772511900000,2026-03-03,04:25:00,5369.325,5375.255,5369.325,5371.585,0.0755
1772512200000,2026-03-03,04:30:00,5371.615,5375.075,5370.845,5371.455,0.0807
1772512500000,2026-03-03,04:35:00,5371.475,5371.995,5366.995,5368.195,0.0526
1772512800000,2026-03-03,04:40:00,5368.625,5371.805,5368.195,5369.225,0.0533
1772513100000,2026-03-03,04:45:00,5369.205,5369.655,5363.135,5363.705,0.076
1772513400000,2026-03-03,04:50:00,5363.735,5366.815,5361.895,5364.175,0.0838
1772513700000,2026-03-03,04:55:00,5364.205,5367.425,5360.555,5360.855,0.0884
1772514000000,2026-03-03,05:00:00,5360.835,5365.955,5354.419,5361.625,0.13
1772514300000,2026-03-03,05:05:00,5361.645,5365.655,5358.648,5365.655,0.1338
1772514600000,2026-03-03,05:10:00,5365.655,5366.615,5360.698,5361.698,0.2232
1772514900000,2026-03-03,05:15:00,5361.698,5363.645,5352.545,5358.795,0.1469
1772515200000,2026-03-03,05:20:00,5358.795,5360.125,5355.615,5358.435,0.0738
1772515500000,2026-03-03,05:25:00,5358.455,5361.595,5357.475,5358.585,0.0601
1772515800000,2026-03-03,05:30:00,5358.565,5359.085,5341.945,5348.185,0.2259
1772516100000,2026-03-03,05:35:00,5347.975,5348.155,5334.185,5337.795,0.2086
1772516400000,2026-03-03,05:40:00,5336.815,5346.235,5334.115,5344.975,0.1843
1772516700000,2026-03-03,05:45:00,5345.075,5346.525,5322.295,5325.865,0.2327
1772517000000,2026-03-03,05:50:00,5325.855,5329.015,5307.775,5316.705,0.2994
1772517300000,2026-03-03,05:55:00,5316.725,5320.075,5304.465,5318.795,0.2846
1772517600000,2026-03-03,06:00:00,5318.735,5322.675,5313.615,5316.085,0.1845
1772517900000,2026-03-03,06:05:00,5316.115,5322.165,5302.795,5308.935,0.2398
1772518200000,2026-03-03,06:10:00,5308.975,5313.855,5278.598,5289.145,0.3214
1772518500000,2026-03-03,06:15:00,5289.115,5304.815,5287.725,5302.285,0.2635
1772518800000,2026-03-03,06:20:00,5302.255,5314.815,5302.225,5307.715,0.2038
1772519100000,2026-03-03,06:25:00,5307.685,5319.245,5306.258,5316.385,0.195
1772519400000,2026-03-03,06:30:00,5316.265,5318.905,5312.575,5313.635,0.1832
1772519700000,2026-03-03,06:35:00,5313.655,5315.295,5295.495,5306.595,0.2533
1772520000000,2026-03-03,06:40:00,5307.545,5314.845,5307.105,5309.795,0.1918
1772520300000,2026-03-03,06:45:00,5309.865,5314.508,5302.655,5303.625,0.3323
1772520600000,2026-03-03,06:50:00,5303.625,5306.475,5290.515,5302.555,0.2333
1772520900000,2026-03-03,06:55:00,5302.275,5312.345,5301.345,5310.315,0.1352
1772521200000,2026-03-03,07:00:00,5309.998,5315.555,5305.705,5313.645,0.1332
1772521500000,2026-03-03,07:05:00,5313.595,5318.125,5312.575,5313.225,0.1052
1772521800000,2026-03-03,07:10:00,5313.255,5315.385,5308.955,5314.665,0.0992
1772522100000,2026-03-03,07:15:00,5314.665,5319.895,5310.105,5316.795,0.106
1772522400000,2026-03-03,07:20:00,5316.825,5317.805,5311.015,5312.425,0.1153
1772522700000,2026-03-03,07:25:00,5312.455,5318.226,5311.165,5313.205,0.1007
1772523000000,2026-03-03,07:30:00,5313.425,5320.415,5313.355,5320.375,0.1119
1772523300000,2026-03-03,07:35:00,5320.428,5325.715,5315.415,5325.105,0.1183
1772523600000,2026-03-03,07:40:00,5325.175,5328.045,5320.695,5326.185,0.1585
1772523900000,2026-03-03,07:45:00,5326.215,5328.995,5323.315,5324.235,0.1078
1772524200000,2026-03-03,07:50:00,5324.125,5330.845,5324.125,5329.215,0.1272
1772524500000,2026-03-03,07:55:00,5329.255,5330.855,5324.415,5327.435,0.1271
1772524800000,2026-03-03,08:00:00,5327.395,5332.965,5324.915,5331.935,0.1661
1772525100000,2026-03-03,08:05:00,5331.975,5335.735,5324.115,5325.895,0.1752
1772525400000,2026-03-03,08:10:00,5325.875,5326.958,5319.625,5319.625,0.1616
1772525700000,2026-03-03,08:15:00,5320.231,5327.455,5317.005,5327.395,0.1396
1772526000000,2026-03-03,08:20:00,5327.435,5328.425,5312.975,5315.815,0.1364
1772526300000,2026-03-03,08:25:00,5315.795,5319.215,5310.685,5311.705,0.1673
1772526600000,2026-03-03,08:30:00,5312.015,5313.085,5301.455,5303.335,0.1771
1772526900000,2026-03-03,08:35:00,5303.355,5311.725,5299.285,5299.755,0.1595
1772527200000,2026-03-03,08:40:00,5299.725,5307.825,5295.665,5304.815,0.1965
1772527500000,2026-03-03,08:45:00,5304.785,5310.735,5304.625,5310.045,0.1507
1772527800000,2026-03-03,08:50:00,5309.745,5311.185,5299.775,5302.155,0.1944
1772528100000,2026-03-03,08:55:00,5302.048,5302.115,5289.835,5295.445,0.2695
1772528400000,2026-03-03,09:00:00,5295.235,5303.645,5289.115,5289.155,0.3171
1772528700000,2026-03-03,09:05:00,5289.105,5297.285,5284.375,5295.225,0.2689
1772529000000,2026-03-03,09:10:00,5295.095,5303.255,5293.395,5295.995,0.2887
1772529300000,2026-03-03,09:15:00,5296.035,5302.275,5292.305,5294.815,0.2162
1772529600000,2026-03-03,09:20:00,5295.035,5299.565,5280.685,5285.095,0.2015
1772529900000,2026-03-03,09:25:00,5285.065,5285.375,5225.718,5241.765,0.395
1772530200000,2026-03-03,09:30:00,5241.955,5269.975,5240.115,5266.305,0.3105
1772530500000,2026-03-03,09:35:00,5266.305,5270.425,5262.475,5265.765,0.2057
1772530800000,2026-03-03,09:40:00,5265.685,5269.365,5258.975,5263.575,0.26
1772531100000,2026-03-03,09:45:00,5263.655,5270.728,5259.485,5263.455,0.2354
1772531400000,2026-03-03,09:50:00,5263.498,5279.385,5262.215,5278.525,0.2099
1772531700000,2026-03-03,09:55:00,5278.505,5280.565,5268.315,5274.795,0.1557
1772532000000,2026-03-03,10:00:00,5274.775,5287.555,5268.035,5283.185,0.21
1772532300000,2026-03-03,10:05:00,5283.145,5285.708,5269.305,5275.045,0.2019
1772532600000,2026-03-03,10:10:00,5275.065,5280.135,5271.415,5272.565,0.1604
1772532900000,2026-03-03,10:15:00,5272.585,5274.235,5265.585,5269.235,0.1784
1772533200000,2026-03-03,10:20:00,5269.215,5276.685,5268.405,5275.345,0.1478
1772533500000,2026-03-03,10:25:00,5275.485,5281.005,5271.155,5276.515,0.1424
1772533800000,2026-03-03,10:30:00,5276.418,5276.655,5265.105,5268.635,0.1956
1772534100000,2026-03-03,10:35:00,5268.655,5271.385,5247.435,5252.345,0.2026
1772534400000,2026-03-03,10:40:00,5252.535,5267.815,5252.535,5260.465,0.2139
1772534700000,2026-03-03,10:45:00,5260.505,5260.575,5246.495,5248.955,0.1981
1772535000000,2026-03-03,10:50:00,5249.285,5255.995,5239.775,5244.715,0.2518
1772535300000,2026-03-03,10:55:00,5244.715,5254.725,5237.415,5247.735,0.2959
1772535600000,2026-03-03,11:00:00,5247.695,5263.625,5244.605,5250.135,0.4014
1772535900000,2026-03-03,11:05:00,5250.135,5251.625,5159.175,5170.305,0.42
1772536200000,2026-03-03,11:10:00,5170.485,5209.838,5160.085,5197.558,0.4248
1772536500000,2026-03-03,11:15:00,5197.355,5204.185,5175.088,5203.375,0.3572
1772536800000,2026-03-03,11:20:00,5203.875,5209.145,5184.605,5187.025,0.3673
1772537100000,2026-03-03,11:25:00,5187.095,5192.835,5110.818,5125.895,0.8652
1772537400000,2026-03-03,11:30:00,5125.698,5139.175,5071.645,5116.165,0.5168
1772537700000,2026-03-03,11:35:00,5115.905,5142.165,5110.178,5132.518,0.5043
1772538000000,2026-03-03,11:40:00,5132.398,5134.765,5103.595,5123.895,0.4693
1772538300000,2026-03-03,11:45:00,5123.498,5149.175,5122.575,5142.385,0.4133
1772538600000,2026-03-03,11:50:00,5142.098,5152.185,5136.635,5152.185,0.3917
1772538900000,2026-03-03,11:55:00,5152.145,5157.185,5140.008,5144.318,0.3773
1772539200000,2026-03-03,12:00:00,5144.485,5154.796,5137.805,5153.855,0.3275
1772539500000,2026-03-03,12:05:00,5153.915,5179.115,5153.735,5177.456,0.3492
1772539800000,2026-03-03,12:10:00,5176.785,5192.545,5176.785,5192.125,0.4017
1772540100000,2026-03-03,12:15:00,5192.435,5194.408,5180.765,5191.045,0.3551
1772540400000,2026-03-03,12:20:00,5191.085,5198.225,5181.685,5198.145,0.2767
1772540700000,2026-03-03,12:25:00,5198.515,5208.735,5192.175,5203.855,0.3389
1772541000000,2026-03-03,12:30:00,5203.775,5211.895,5188.345,5199.015,0.3248
1772541300000,2026-03-03,12:35:00,5198.995,5207.495,5193.235,5205.835,0.1948
1772541600000,2026-03-03,12:40:00,5205.775,5211.375,5200.875,5202.575,0.1961
1772541900000,2026-03-03,12:45:00,5202.575,5205.275,5197.155,5202.095,0.1858
1772542200000,2026-03-03,12:50:00,5202.055,5209.535,5195.945,5208.695,0.1887
1772542500000,2026-03-03,12:55:00,5208.288,5226.505,5208.288,5224.065,0.2407
1772542800000,2026-03-03,13:00:00,5224.045,5224.075,5174.365,5174.498,0.6744
1772543100000,2026-03-03,13:05:00,5174.498,5182.498,5147.518,5151.768,0.5814
1772543400000,2026-03-03,13:10:00,5151.875,5176.115,5145.775,5163.665,0.517
1772543700000,2026-03-03,13:15:00,5162.949,5175.935,5159.235,5174.218,0.3853
1772544000000,2026-03-03,13:20:00,5174.435,5184.038,5158.708,5170.879,0.5639
1772544300000,2026-03-03,13:25:00,5170.819,5180.185,5164.695,5177.365,0.3413
1772544600000,2026-03-03,13:30:00,5176.909,5185.685,5169.125,5178.718,0.3361
1772544900000,2026-03-03,13:35:00,5178.718,5179.315,5155.255,5158.065,0.2999
1772545200000,2026-03-03,13:40:00,5158.085,5159.795,5147.225,5155.975,0.3382
1772545500000,2026-03-03,13:45:00,5156.075,5156.075,5127.075,5151.425,0.3222
1772545800000,2026-03-03,13:50:00,5150.958,5152.135,5132.765,5142.245,0.3381
1772546100000,2026-03-03,13:55:00,5141.685,5158.975,5140.275,5156.445,0.3112
1772546400000,2026-03-03,14:00:00,5156.405,5167.405,5149.825,5158.875,0.3675
1772546700000,2026-03-03,14:05:00,5159.095,5175.118,5157.095,5166.345,0.3314
1772547000000,2026-03-03,14:10:00,5166.765,5172.578,5163.505,5164.655,0.292
1772547300000,2026-03-03,14:15:00,5164.595,5166.175,5140.575,5140.725,0.3423
1772547600000,2026-03-03,14:20:00,5140.765,5143.585,5124.885,5124.985,0.3138
1772547900000,2026-03-03,14:25:00,5125.065,5147.395,5124.755,5145.685,0.2488
1772548200000,2026-03-03,14:30:00,5145.635,5145.635,5113.665,5120.045,0.4773
1772548500000,2026-03-03,14:35:00,5120.145,5133.305,5102.035,5124.595,0.4533
1772548800000,2026-03-03,14:40:00,5124.575,5125.905,5061.515,5070.875,0.8367
1772549100000,2026-03-03,14:45:00,5070.935,5075.745,5050.645,5056.445,0.627
1772549400000,2026-03-03,14:50:00,5056.445,5058.055,5015.725,5047.658,0.4594
1772549700000,2026-03-03,14:55:00,5047.265,5062.855,5034.655,5037.825,0.4957
1772550000000,2026-03-03,15:00:00,5038.195,5069.385,5030.508,5032.245,0.6016
1772550300000,2026-03-03,15:05:00,5032.295,5063.965,5025.205,5045.148,0.5111
1772550600000,2026-03-03,15:10:00,5045.445,5052.948,5024.895,5039.205,0.5208
1772550900000,2026-03-03,15:15:00,5039.375,5044.775,4995.475,5024.835,0.5088
1772551200000,2026-03-03,15:20:00,5023.775,5045.975,5018.815,5039.425,0.4648
1772551500000,2026-03-03,15:25:00,5039.465,5052.715,5037.015,5043.485,0.4868
1772551800000,2026-03-03,15:30:00,5043.505,5061.645,5036.735,5056.895,0.4666
1772552100000,2026-03-03,15:35:00,5056.925,5069.375,5050.615,5067.125,0.4132
1772552400000,2026-03-03,15:40:00,5067.065,5069.765,5055.415,5061.335,0.4336
1772552700000,2026-03-03,15:45:00,5061.335,5076.535,5053.775,5072.798,0.4207
1772553000000,2026-03-03,15:50:00,5072.428,5085.168,5061.585,5080.605,0.4238
1772553300000,2026-03-03,15:55:00,5079.425,5096.548,5075.235,5095.098,0.4365
1772553600000,2026-03-03,16:00:00,5094.998,5110.205,5090.175,5108.035,0.4155
1772553900000,2026-03-03,16:05:00,5108.075,5122.235,5107.035,5112.005,0.4027
1772554200000,2026-03-03,16:10:00,5112.305,5114.648,5099.955,5107.685,0.3811
1772554500000,2026-03-03,16:15:00,5107.665,5113.475,5099.508,5106.655,0.3683
1772554800000,2026-03-03,16:20:00,5106.685,5125.645,5104.045,5120.935,0.37
1772555100000,2026-03-03,16:25:00,5120.885,5125.295,5112.235,5112.235,0.372
1772555400000,2026-03-03,16:30:00,5112.285,5116.848,5107.125,5111.768,0.3914
1772555700000,2026-03-03,16:35:00,5110.965,5134.358,5110.635,5123.285,0.4637
1772556000000,2026-03-03,16:40:00,5123.225,5125.835,5106.485,5110.845,0.3931
1772556300000,2026-03-03,16:45:00,5110.895,5115.395,5099.985,5109.585,0.3917
1772556600000,2026-03-03,16:50:00,5109.935,5113.365,5101.648,5110.565,0.3593
1772556900000,2026-03-03,16:55:00,5110.605,5111.095,5097.838,5106.365,0.3597
1772557200000,2026-03-03,17:00:00,5106.788,5106.788,5081.435,5086.428,0.4131
1772557500000,2026-03-03,17:05:00,5086.428,5093.515,5080.648,5092.015,0.3534
1772557800000,2026-03-03,17:10:00,5091.865,5098.798,5087.675,5097.805,0.3339
1772558100000,2026-03-03,17:15:00,5097.845,5109.548,5097.158,5105.805,0.3124
1772558400000,2026-03-03,17:20:00,5105.805,5107.175,5092.845,5095.585,0.2767
1772558700000,2026-03-03,17:25:00,5095.585,5097.705,5081.208,5082.875,0.2992
1772559000000,2026-03-03,17:30:00,5082.625,5085.525,5071.118,5074.505,0.3537
1772559300000,2026-03-03,17:35:00,5074.515,5077.815,5065.045,5075.025,0.3344
1772559600000,2026-03-03,17:40:00,5074.455,5085.495,5071.305,5078.555,0.3312
1772559900000,2026-03-03,17:45:00,5078.515,5084.315,5076.965,5081.885,0.2624
1772560200000,2026-03-03,17:50:00,5081.855,5081.855,5068.145,5072.995,0.2469
1772560500000,2026-03-03,17:55:00,5072.915,5082.005,5067.345,5078.975,0.2965
1772560800000,2026-03-03,18:00:00,5079.085,5094.188,5078.865,5091.835,0.3044
1772561100000,2026-03-03,18:05:00,5091.795,5101.535,5090.285,5098.155,0.2571
1772561400000,2026-03-03,18:10:00,5098.175,5103.665,5095.825,5103.155,0.2574
1772561700000,2026-03-03,18:15:00,5103.275,5104.895,5096.945,5099.825,0.2211
1772562000000,2026-03-03,18:20:00,5099.505,5100.745,5093.298,5097.725,0.2651
1772562300000,2026-03-03,18:25:00,5097.695,5116.765,5097.235,5111.878,0.323
1772562600000,2026-03-03,18:30:00,5111.675,5118.218,5106.715,5115.815,0.2781
1772562900000,2026-03-03,18:35:00,5115.995,5132.985,5112.375,5132.585,0.2854
1772563200000,2026-03-03,18:40:00,5132.588,5136.865,5129.675,5133.045,0.2686
1772563500000,2026-03-03,18:45:00,5133.265,5135.855,5126.595,5133.065,0.2204
1772563800000,2026-03-03,18:50:00,5133.165,5138.088,5131.945,5136.515,0.2023
1772564100000,2026-03-03,18:55:00,5136.355,5137.795,5130.635,5135.775,0.2381
1772564400000,2026-03-03,19:00:00,5135.795,5148.645,5133.955,5139.695,0.2573
1772564700000,2026-03-03,19:05:00,5140.065,5141.785,5127.125,5127.565,0.2765
1772565000000,2026-03-03,19:10:00,5127.545,5127.848,5109.655,5111.795,0.2858
1772565300000,2026-03-03,19:15:00,5111.995,5120.795,5101.635,5113.645,0.2626
1772565600000,2026-03-03,19:20:00,5113.725,5120.955,5112.025,5116.675,0.1714
1772565900000,2026-03-03,19:25:00,5116.645,5116.745,5102.245,5106.395,0.2135
1772566200000,2026-03-03,19:30:00,5106.595,5112.385,5100.025,5101.675,0.2012
1772566500000,2026-03-03,19:35:00,5101.625,5114.035,5099.088,5111.135,0.2977
1772566800000,2026-03-03,19:40:00,5111.255,5118.695,5107.995,5118.645,0.287
1772567100000,2026-03-03,19:45:00,5118.665,5128.165,5116.615,5123.015,0.268
1772567400000,2026-03-03,19:50:00,5123.035,5125.675,5112.925,5120.335,0.2911
1772567700000,2026-03-03,19:55:00,5120.365,5120.815,5106.895,5112.985,0.2934
1772568000000,2026-03-03,20:00:00,5113.485,5126.625,5113.275,5116.025,0.4092
1772568300000,2026-03-03,20:05:00,5116.145,5119.855,5111.775,5114.165,0.2909
1772568600000,2026-03-03,20:10:00,5114.765,5122.945,5114.705,5118.765,0.2626
1772568900000,2026-03-03,20:15:00,5118.765,5121.235,5113.785,5115.265,0.2805
1772569200000,2026-03-03,20:20:00,5115.385,5130.085,5115.385,5129.205,0.2776
1772569500000,2026-03-03,20:25:00,5129.385,5129.985,5122.098,5122.618,0.2312
1772569800000,2026-03-03,20:30:00,5122.335,5126.005,5110.385,5115.125,0.257
1772570100000,2026-03-03,20:35:00,5115.325,5121.735,5107.165,5109.355,0.2435
1772570400000,2026-03-03,20:40:00,5109.885,5112.865,5102.145,5111.305,0.2788
1772570700000,2026-03-03,20:45:00,5111.335,5113.035,5100.385,5104.415,0.2608
1772571000000,2026-03-03,20:50:00,5104.365,5105.935,5085.635,5095.385,0.3556
1772571300000,2026-03-03,20:55:00,5095.099,5101.985,5093.935,5096.985,0.3963
1772571600000,2026-03-03,21:00:00,5097.035,5106.645,5093.915,5104.965,0.1354
1772571900000,2026-03-03,21:05:00,5104.825,5110.125,5100.745,5101.115,0.0942
1772572200000,2026-03-03,21:10:00,5101.355,5104.525,5097.725,5098.505,0.099
1772572500000,2026-03-03,21:15:00,5098.475,5100.695,5089.335,5093.845,0.1126
1772572800000,2026-03-03,21:20:00,5093.875,5099.335,5093.875,5099.295,0.0731
1772573100000,2026-03-03,21:25:00,5099.275,5101.005,5089.185,5089.275,0.0928
1772573400000,2026-03-03,21:30:00,5089.275,5092.325,5083.625,5092.265,0.086
1772573700000,2026-03-03,21:35:00,5092.315,5094.095,5085.435,5089.175,0.0618
1772574000000,2026-03-03,21:40:00,5089.155,5096.095,5087.905,5091.585,0.0721
1772574300000,2026-03-03,21:45:00,5091.625,5093.445,5084.085,5086.965,0.1413
1772574600000,2026-03-03,21:50:00,5086.995,5090.845,5082.955,5087.735,0.1249
1772574900000,2026-03-03,21:55:00,5087.815,5093.225,5084.865,5084.865,0.1022
1772578800000,2026-03-03,23:00:00,5099.298,5112.548,5086.868,5110.498,0.1144
1772579100000,2026-03-03,23:05:00,5110.498,5115.348,5103.298,5104.648,0.1107
1772579400000,2026-03-03,23:10:00,5105.288,5117.705,5105.288,5116.805,0.0938
1772579700000,2026-03-03,23:15:00,5116.575,5127.815,5116.205,5121.195,0.1487
1772580000000,2026-03-03,23:20:00,5121.325,5127.035,5118.215,5123.775,0.1085
1772580300000,2026-03-03,23:25:00,5123.615,5126.225,5119.635,5125.755,0.0856
1772580600000,2026-03-03,23:30:00,5125.915,5127.215,5121.225,5126.525,0.1191
1772580900000,2026-03-03,23:35:00,5126.385,5128.035,5116.815,5117.505,0.07
1772581200000,2026-03-03,23:40:00,5117.395,5125.505,5116.445,5125.255,0.0778
1772581500000,2026-03-03,23:45:00,5125.285,5129.545,5124.248,5126.165,0.0886
1772581800000,2026-03-03,23:50:00,5126.115,5126.335,5119.765,5124.145,0.0808
1772582100000,2026-03-03,23:55:00,5124.105,5127.248,5122.275,5125.035,0.0749
1772582400000,2026-03-04,00:00:00,5125.015,5126.005,5105.348,5114.305,0.1869
1772582700000,2026-03-04,00:05:00,5114.315,5116.245,5106.765,5116.195,0.1797
1772583000000,2026-03-04,00:10:00,5116.155,5120.185,5112.125,5115.695,0.1333
1772583300000,2026-03-04,00:15:00,5115.695,5126.815,5112.608,5125.735,0.1441
1772583600000,2026-03-04,00:20:00,5125.725,5128.615,5114.838,5118.985,0.1493
1772583900000,2026-03-04,00:25:00,5119.005,5127.395,5116.305,5124.835,0.0998
1772584200000,2026-03-04,00:30:00,5124.875,5129.955,5122.945,5124.485,0.1007
1772584500000,2026-03-04,00:35:00,5123.495,5126.275,5122.175,5123.425,0.0842
1772584800000,2026-03-04,00:40:00,5123.465,5137.365,5123.455,5131.915,0.1024
1772585100000,2026-03-04,00:45:00,5131.885,5139.625,5131.445,5139.395,0.1585
1772585400000,2026-03-04,00:50:00,5139.355,5139.995,5127.395,5128.975,0.1327
1772585700000,2026-03-04,00:55:00,5128.935,5139.025,5127.798,5138.375,0.1076
1772586000000,2026-03-04,01:00:00,5138.395,5158.125,5138.325,5154.385,0.3179
1772586300000,2026-03-04,01:05:00,5154.385,5155.825,5147.285,5152.185,0.2247
1772586600000,2026-03-04,01:10:00,5152.148,5162.335,5152.148,5159.095,0.215
1772586900000,2026-03-04,01:15:00,5159.045,5164.025,5153.985,5162.485,0.2276
1772587200000,2026-03-04,01:20:00,5162.235,5163.675,5152.648,5158.485,0.2404
1772587500000,2026-03-04,01:25:00,5158.545,5161.015,5145.925,5146.585,0.2464
1772587800000,2026-03-04,01:30:00,5145.605,5153.825,5142.005,5144.645,0.3076
1772588100000,2026-03-04,01:35:00,5144.805,5158.325,5144.755,5152.525,0.3004
1772588400000,2026-03-04,01:40:00,5152.525,5163.205,5151.065,5162.695,0.2674
1772588700000,2026-03-04,01:45:00,5163.395,5174.095,5157.935,5173.685,0.2368
1772589000000,2026-03-04,01:50:00,5173.685,5178.095,5168.295,5171.645,0.2339
1772589300000,2026-03-04,01:55:00,5171.625,5176.555,5168.785,5174.795,0.2057
1772589600000,2026-03-04,02:00:00,5174.755,5177.555,5167.685,5170.315,0.2096
1772589900000,2026-03-04,02:05:00,5170.345,5184.755,5169.005,5184.175,0.2059
1772590200000,2026-03-04,02:10:00,5184.195,5190.675,5181.855,5189.645,0.2036
1772590500000,2026-03-04,02:15:00,5189.565,5189.565,5179.005,5183.555,0.1576
1772590800000,2026-03-04,02:20:00,5183.935,5184.755,5177.115,5178.595,0.1556
1772591100000,2026-03-04,02:25:00,5178.255,5181.605,5175.745,5177.405,0.1277
1772591400000,2026-03-04,02:30:00,5177.385,5179.655,5168.215,5169.645,0.2503
1772591700000,2026-03-04,02:35:00,5169.595,5171.845,5163.268,5171.365,0.2412
1772592000000,2026-03-04,02:40:00,5171.335,5180.035,5171.105,5180.035,0.1482
1772592300000,2026-03-04,02:45:00,5180.115,5180.775,5162.825,5164.905,0.222
1772592600000,2026-03-04,02:50:00,5165.038,5171.585,5161.698,5162.865,0.2439
1772592900000,2026-03-04,02:55:00,5162.885,5165.855,5153.495,5156.075,0.2258
1772593200000,2026-03-04,03:00:00,5156.075,5159.775,5141.295,5142.755,0.2207
1772593500000,2026-03-04,03:05:00,5142.805,5153.015,5141.015,5152.045,0.1985
1772593800000,2026-03-04,03:10:00,5152.015,5156.645,5151.235,5155.665,0.1605
1772594100000,2026-03-04,03:15:00,5155.595,5161.785,5151.105,5160.525,0.1931
1772594400000,2026-03-04,03:20:00,5160.525,5166.065,5159.955,5165.405,0.2119
1772594700000,2026-03-04,03:25:00,5165.405,5167.935,5158.125,5162.385,0.201
1772595000000,2026-03-04,03:30:00,5162.255,5167.535,5156.175,5156.515,0.1624
1772595300000,2026-03-04,03:35:00,5157.095,5161.255,5153.775,5160.085,0.1567
1772595600000,2026-03-04,03:40:00,5160.105,5164.275,5160.095,5162.665,0.1613
1772595900000,2026-03-04,03:45:00,5162.508,5167.535,5159.285,5166.415,0.1194
1772596200000,2026-03-04,03:50:00,5166.445,5171.875,5165.135,5168.968,0.1316
1772596500000,2026-03-04,03:55:00,5168.895,5177.185,5166.815,5173.978,0.1564
1772596800000,2026-03-04,04:00:00,5173.795,5177.195,5171.318,5174.355,0.2632
1772597100000,2026-03-04,04:05:00,5174.375,5178.495,5172.568,5173.865,0.2698
1772597400000,2026-03-04,04:10:00,5173.875,5180.505,5171.805,5173.535,0.1247
1772597700000,2026-03-04,04:15:00,5173.585,5173.765,5166.335,5168.655,0.2572
1772598000000,2026-03-04,04:20:00,5168.685,5170.255,5163.575,5164.705,0.1058
1772598300000,2026-03-04,04:25:00,5164.735,5171.38,5162.908,5167.665,0.0944
1772598600000,2026-03-04,04:30:00,5167.705,5170.375,5162.645,5170.245,0.1188
1772598900000,2026-03-04,04:35:00,5170.245,5170.315,5161.958,5164.345,0.1012
1772599200000,2026-03-04,04:40:00,5163.565,5163.605,5151.805,5161.375,0.1694
1772599500000,2026-03-04,04:45:00,5161.355,5164.795,5154.965,5154.965,0.1125
1772599800000,2026-03-04,04:50:00,5154.945,5160.155,5154.945,5157.785,0.105
1772600100000,2026-03-04,04:55:00,5157.755,5159.895,5154.445,5156.525,0.0951
1772600400000,2026-03-04,05:00:00,5156.495,5160.295,5152.535,5153.665,0.1654
1772600700000,2026-03-04,05:05:00,5153.695,5162.005,5151.795,5158.045,0.1416
1772601000000,2026-03-04,05:10:00,5158.145,5166.145,5157.945,5160.665,0.2092
1772601300000,2026-03-04,05:15:00,5160.675,5165.685,5157.695,5158.225,0.421
1772601600000,2026-03-04,05:20:00,5158.245,5159.425,5152.815,5153.505,0.2323
1772601900000,2026-03-04,05:25:00,5153.495,5156.795,5152.675,5156.335,0.3311
1772602200000,2026-03-04,05:30:00,5156.315,5165.595,5154.935,5164.945,0.3917
1772602500000,2026-03-04,05:35:00,5164.945,5165.965,5158.015,5161.185,0.2133
1772602800000,2026-03-04,05:40:00,5161.205,5167.335,5155.625,5160.015,0.1728
1772603100000,2026-03-04,05:45:00,5159.985,5167.205,5153.975,5165.995,0.1985
1772603400000,2026-03-04,05:50:00,5165.935,5168.065,5157.155,5157.525,0.1638
1772603700000,2026-03-04,05:55:00,5157.589,5161.925,5153.595,5159.438,0.1854
1772604000000,2026-03-04,06:00:00,5159.395,5159.395,5141.215,5141.395,0.2467
1772604300000,2026-03-04,06:05:00,5141.885,5143.655,5119.395,5141.825,0.2588
1772604600000,2026-03-04,06:10:00,5141.805,5148.435,5137.988,5141.185,0.3177
1772604900000,2026-03-04,06:15:00,5140.835,5150.005,5139.445,5144.048,0.34
1772605200000,2026-03-04,06:20:00,5143.809,5144.648,5128.318,5134.335,0.2419
1772605500000,2026-03-04,06:25:00,5135.005,5140.005,5133.595,5134.165,0.213
1772605800000,2026-03-04,06:30:00,5134.145,5152.625,5132.468,5150.985,0.2471
1772606100000,2026-03-04,06:35:00,5151.255,5155.655,5148.095,5148.095,0.299
1772606400000,2026-03-04,06:40:00,5148.088,5153.505,5145.548,5148.295,0.1709
1772606700000,2026-03-04,06:45:00,5148.265,5153.065,5146.345,5149.155,0.1415
1772607000000,2026-03-04,06:50:00,5148.898,5158.035,5147.475,5150.925,0.1743
1772607300000,2026-03-04,06:55:00,5150.955,5160.395,5150.505,5160.025,0.1241
1772607600000,2026-03-04,07:00:00,5160.095,5170.355,5158.175,5167.025,0.2033
1772607900000,2026-03-04,07:05:00,5167.115,5174.655,5165.695,5174.425,0.1522
1772608200000,2026-03-04,07:10:00,5174.418,5175.638,5164.988,5167.215,0.1942
1772608500000,2026-03-04,07:15:00,5167.185,5169.495,5163.125,5165.315,0.1391
1772608800000,2026-03-04,07:20:00,5165.295,5172.655,5164.835,5171.185,0.1117
1772609100000,2026-03-04,07:25:00,5171.215,5174.315,5167.135,5167.185,0.1575
1772609400000,2026-03-04,07:30:00,5167.255,5170.115,5163.335,5167.045,0.1217
1772609700000,2026-03-04,07:35:00,5166.985,5172.985,5165.215,5171.785,0.095
1772610000000,2026-03-04,07:40:00,5171.805,5172.295,5163.275,5169.195,0.1273
1772610300000,2026-03-04,07:45:00,5169.115,5175.625,5168.315,5175.115,0.1027
1772610600000,2026-03-04,07:50:00,5174.985,5175.158,5170.728,5171.225,0.0785
1772610900000,2026-03-04,07:55:00,5171.488,5171.785,5168.025,5168.025,0.0835
1772611200000,2026-03-04,08:00:00,5168.148,5172.005,5156.278,5156.278,0.187
1772611500000,2026-03-04,08:05:00,5156.238,5160.085,5147.238,5148.458,0.4176
1772611800000,2026-03-04,08:10:00,5148.458,5157.625,5148.268,5157.015,0.1881
1772612100000,2026-03-04,08:15:00,5157.045,5161.165,5152.035,5154.275,0.1348
1772612400000,2026-03-04,08:20:00,5154.365,5168.475,5152.415,5163.775,0.1271
1772612700000,2026-03-04,08:25:00,5163.775,5164.735,5156.815,5162.485,0.1359
1772613000000,2026-03-04,08:30:00,5162.525,5167.715,5161.668,5165.065,0.1426
1772613300000,2026-03-04,08:35:00,5165.135,5170.145,5163.988,5170.105,0.11
1772613600000,2026-03-04,08:40:00,5170.025,5175.885,5168.505,5175.435,0.1273
1772613900000,2026-03-04,08:45:00,5175.475,5181.275,5174.885,5180.408,0.1096
1772614200000,2026-03-04,08:50:00,5180.385,5181.815,5172.185,5174.265,0.1075
1772614500000,2026-03-04,08:55:00,5174.585,5174.585,5166.035,5167.285,0.1521
1772614800000,2026-03-04,09:00:00,5167.225,5169.285,5160.495,5164.595,0.2606
1772615100000,2026-03-04,09:05:00,5164.625,5168.255,5158.549,5165.375,0.23
1772615400000,2026-03-04,09:10:00,5165.255,5170.975,5162.645,5163.828,0.1673
1772615700000,2026-03-04,09:15:00,5163.785,5175.105,5161.915,5174.655,0.1526
1772616000000,2026-03-04,09:20:00,5174.575,5178.145,5173.195,5176.615,0.0853
1772616300000,2026-03-04,09:25:00,5176.865,5176.925,5169.445,5170.455,0.0753
1772616600000,2026-03-04,09:30:00,5170.405,5174.545,5168.645,5173.305,0.0795
1772616900000,2026-03-04,09:35:00,5173.275,5184.775,5173.245,5183.265,0.0937
1772617200000,2026-03-04,09:40:00,5183.235,5183.465,5178.675,5182.305,0.0938
1772617500000,2026-03-04,09:45:00,5182.465,5184.625,5179.385,5182.305,0.1134
1772617800000,2026-03-04,09:50:00,5182.135,5183.505,5178.755,5179.245,0.1068
1772618100000,2026-03-04,09:55:00,5179.525,5182.265,5175.575,5181.995,0.0864
1772618400000,2026-03-04,10:00:00,5182.035,5186.045,5182.035,5185.095,0.1082
1772618700000,2026-03-04,10:05:00,5185.098,5194.555,5185.015,5194.515,0.1931
1772619000000,2026-03-04,10:10:00,5194.465,5197.705,5188.898,5197.658,0.2593
1772619300000,2026-03-04,10:15:00,5197.745,5202.048,5191.038,5192.208,0.3898
1772619600000,2026-03-04,10:20:00,5192.208,5193.115,5186.565,5188.585,0.1467
1772619900000,2026-03-04,10:25:00,5188.565,5192.495,5186.645,5187.715,0.1404
1772620200000,2026-03-04,10:30:00,5187.745,5189.615,5182.168,5186.965,0.1482
1772620500000,2026-03-04,10:35:00,5186.985,5187.875,5179.325,5187.875,0.1241
1772620800000,2026-03-04,10:40:00,5187.845,5191.025,5184.055,5185.355,0.0776
1772621100000,2026-03-04,10:45:00,5185.325,5187.175,5181.345,5187.175,0.0815
1772621400000,2026-03-04,10:50:00,5187.205,5188.225,5183.365,5187.725,0.0822
1772621700000,2026-03-04,10:55:00,5187.775,5193.585,5185.945,5189.635,0.0776
1772622000000,2026-03-04,11:00:00,5189.695,5192.895,5188.935,5191.105,0.0694
1772622300000,2026-03-04,11:05:00,5191.085,5191.905,5187.488,5191.115,0.0731
1772622600000,2026-03-04,11:10:00,5191.195,5196.385,5190.765,5194.915,0.0712
1772622900000,2026-03-04,11:15:00,5195.065,5195.515,5189.995,5191.425,0.0717
1772623200000,2026-03-04,11:20:00,5191.295,5197.145,5190.145,5196.145,0.0853
1772623500000,2026-03-04,11:25:00,5196.125,5197.425,5193.665,5194.665,0.0747
1772623800000,2026-03-04,11:30:00,5194.705,5198.095,5193.765,5197.835,0.0856
1772624100000,2026-03-04,11:35:00,5197.865,5200.485,5195.795,5196.755,0.0889
1772624400000,2026-03-04,11:40:00,5196.725,5196.895,5190.685,5192.745,0.0832
1772624700000,2026-03-04,11:45:00,5192.905,5194.145,5190.135,5191.715,0.0665
1772625000000,2026-03-04,11:50:00,5191.745,5192.725,5187.485,5190.795,0.0783
1772625300000,2026-03-04,11:55:00,5190.835,5194.135,5189.595,5191.975,0.0746
1772625600000,2026-03-04,12:00:00,5192.055,5205.995,5191.935,5200.988,0.1281
1772625900000,2026-03-04,12:05:00,5200.988,5201.845,5198.375,5199.655,0.1187
1772626200000,2026-03-04,12:10:00,5199.645,5200.255,5196.905,5197.265,0.0922
1772626500000,2026-03-04,12:15:00,5197.435,5197.555,5177.215,5183.645,0.1619
1772626800000,2026-03-04,12:20:00,5183.005,5184.225,5179.025,5179.065,0.1467
1772627100000,2026-03-04,12:25:00,5179.025,5181.885,5174.055,5178.155,0.1357
1772627400000,2026-03-04,12:30:00,5178.235,5178.235,5168.445,5171.855,0.2222
1772627700000,2026-03-04,12:35:00,5171.805,5174.675,5165.215,5167.145,0.1453
1772628000000,2026-03-04,12:40:00,5167.155,5167.545,5156.095,5166.745,0.2089
1772628300000,2026-03-04,12:45:00,5166.205,5172.845,5163.205,5171.665,0.1277
1772628600000,2026-03-04,12:50:00,5171.635,5173.015,5167.615,5168.005,0.1032
1772628900000,2026-03-04,12:55:00,5167.885,5171.435,5159.415,5170.945,0.1633
1772629200000,2026-03-04,13:00:00,5171.195,5181.605,5170.735,5175.815,0.2735
1772629500000,2026-03-04,13:05:00,5175.685,5188.555,5175.005,5188.185,0.2233
1772629800000,2026-03-04,13:10:00,5188.245,5196.065,5186.818,5192.465,0.1842
1772630100000,2026-03-04,13:15:00,5192.455,5195.205,5186.495,5187.765,0.172
1772630400000,2026-03-04,13:20:00,5187.885,5189.455,5178.995,5185.965,0.2198
1772630700000,2026-03-04,13:25:00,5186.025,5194.945,5185.945,5191.995,0.1583
1772631000000,2026-03-04,13:30:00,5192.025,5192.675,5183.655,5188.045,0.2161
1772631300000,2026-03-04,13:35:00,5188.025,5190.705,5184.685,5185.815,0.1841
1772631600000,2026-03-04,13:40:00,5185.845,5190.335,5181.575,5188.145,0.1616
1772631900000,2026-03-04,13:45:00,5188.175,5192.065,5187.675,5189.385,0.1455
1772632200000,2026-03-04,13:50:00,5189.505,5189.705,5179.165,5181.935,0.2021
1772632500000,2026-03-04,13:55:00,5181.985,5182.285,5167.135,5167.605,0.2242
1772632800000,2026-03-04,14:00:00,5167.465,5180.525,5167.465,5173.345,0.2248
1772633100000,2026-03-04,14:05:00,5173.155,5179.385,5171.428,5173.895,0.2163
1772633400000,2026-03-04,14:10:00,5173.915,5174.005,5164.525,5165.035,0.248
1772633700000,2026-03-04,14:15:00,5165.185,5174.005,5162.815,5173.725,0.325
1772634000000,2026-03-04,14:20:00,5173.725,5175.035,5161.635,5162.875,0.3369
1772634300000,2026-03-04,14:25:00,5162.915,5169.175,5160.045,5165.865,0.2683
1772634600000,2026-03-04,14:30:00,5166.155,5184.875,5162.965,5179.345,0.4957
1772634900000,2026-03-04,14:35:00,5179.345,5184.338,5167.665,5173.665,0.5771
1772635200000,2026-03-04,14:40:00,5173.635,5180.798,5167.225,5171.315,0.379
1772635500000,2026-03-04,14:45:00,5171.355,5179.315,5142.375,5155.455,0.3546
1772635800000,2026-03-04,14:50:00,5155.475,5161.445,5144.725,5151.865,0.4071
1772636100000,2026-03-04,14:55:00,5151.815,5151.815,5138.475,5145.855,0.3778
1772636400000,2026-03-04,15:00:00,5142.758,5162.555,5142.758,5159.215,0.3317
1772636700000,2026-03-04,15:05:00,5159.245,5161.455,5139.935,5150.935,0.3681
1772637000000,2026-03-04,15:10:00,5150.905,5153.455,5130.965,5134.155,0.3978
1772637300000,2026-03-04,15:15:00,5134.125,5145.885,5132.385,5141.595,0.371
1772637600000,2026-03-04,15:20:00,5141.625,5151.705,5141.075,5148.585,0.3335
1772637900000,2026-03-04,15:25:00,5148.645,5159.488,5148.115,5155.849,0.5458
1772638200000,2026-03-04,15:30:00,5156.015,5161.669,5155.605,5160.935,0.6429
1772638500000,2026-03-04,15:35:00,5160.905,5166.709,5151.948,5152.598,0.6681
1772638800000,2026-03-04,15:40:00,5152.658,5154.648,5137.085,5143.519,0.835
1772639100000,2026-03-04,15:45:00,5143.519,5143.819,5133.118,5140.575,0.5119
1772639400000,2026-03-04,15:50:00,5140.615,5151.835,5137.998,5148.465,0.3928
1772639700000,2026-03-04,15:55:00,5148.435,5152.635,5146.105,5151.005,0.4343
1772640000000,2026-03-04,16:00:00,5150.995,5162.138,5150.975,5157.265,0.4241
1772640300000,2026-03-04,16:05:00,5157.295,5158.395,5148.505,5149.295,0.2828
1772640600000,2026-03-04,16:10:00,5149.295,5152.945,5143.015,5148.415,0.3279
1772640900000,2026-03-04,16:15:00,5148.435,5149.655,5142.725,5147.475,0.3067
1772641200000,2026-03-04,16:20:00,5147.515,5155.765,5137.948,5140.945,0.3277
1772641500000,2026-03-04,16:25:00,5140.945,5153.295,5140.745,5145.925,0.2821
1772641800000,2026-03-04,16:30:00,5146.585,5154.865,5143.965,5152.875,0.3702
1772642100000,2026-03-04,16:35:00,5153.215,5156.105,5148.608,5150.765,0.2831
1772642400000,2026-03-04,16:40:00,5150.815,5158.915,5146.265,5146.305,0.2381
1772642700000,2026-03-04,16:45:00,5146.325,5152.625,5142.485,5147.785,0.3658
1772643000000,2026-03-04,16:50:00,5147.765,5151.185,5143.989,5147.805,0.2779
1772643300000,2026-03-04,16:55:00,5147.905,5150.135,5145.158,5149.485,0.2552
1772643600000,2026-03-04,17:00:00,5149.485,5151.855,5144.685,5149.385,0.2694
1772643900000,2026-03-04,17:05:00,5149.325,5152.835,5146.525,5146.985,0.5773
1772644200000,2026-03-04,17:10:00,5147.355,5149.455,5142.565,5147.045,0.3009
1772644500000,2026-03-04,17:15:00,5147.095,5149.695,5145.455,5146.585,0.235
1772644800000,2026-03-04,17:20:00,5146.553,5147.095,5120.235,5128.065,0.3312
1772645100000,2026-03-04,17:25:00,5128.128,5139.705,5127.588,5133.195,0.2404
1772645400000,2026-03-04,17:30:00,5133.215,5138.145,5127.945,5136.015,0.2398
1772645700000,2026-03-04,17:35:00,5136.035,5138.245,5132.215,5134.175,0.221
1772646000000,2026-03-04,17:40:00,5134.145,5138.965,5132.115,5137.355,0.2096
1772646300000,2026-03-04,17:45:00,5137.375,5140.985,5135.445,5140.085,0.2333
1772646600000,2026-03-04,17:50:00,5140.055,5145.385,5138.715,5142.775,0.187
1772646900000,2026-03-04,17:55:00,5142.745,5147.355,5138.855,5140.935,0.2402
1772647200000,2026-03-04,18:00:00,5140.765,5143.465,5131.985,5133.605,0.261
1772647500000,2026-03-04,18:05:00,5133.665,5136.935,5129.105,5130.975,0.2412
1772647800000,2026-03-04,18:10:00,5130.945,5130.945,5117.185,5124.395,0.2688
1772648100000,2026-03-04,18:15:00,5124.435,5125.685,5116.985,5118.445,0.2555
1772648400000,2026-03-04,18:20:00,5118.665,5127.865,5110.989,5125.305,0.2641
1772648700000,2026-03-04,18:25:00,5125.125,5127.765,5120.515,5123.745,0.2526
1772649000000,2026-03-04,18:30:00,5123.715,5129.435,5120.235,5125.655,0.2147
1772649300000,2026-03-04,18:35:00,5125.685,5129.785,5116.905,5117.795,0.1803
1772649600000,2026-03-04,18:40:00,5117.775,5126.355,5108.678,5124.905,0.1907
1772649900000,2026-03-04,18:45:00,5124.945,5132.339,5123.285,5131.838,0.1919
1772650200000,2026-03-04,18:50:00,5132.038,5134.018,5129.525,5130.105,0.1514
1772650500000,2026-03-04,18:55:00,5130.235,5134.498,5128.898,5133.638,0.1271
1772650800000,2026-03-04,19:00:00,5133.618,5136.398,5128.355,5130.475,0.1499
1772651100000,2026-03-04,19:05:00,5130.475,5133.675,5129.835,5132.865,0.1177
1772651400000,2026-03-04,19:10:00,5132.895,5133.095,5125.785,5130.945,0.1216
1772651700000,2026-03-04,19:15:00,5131.525,5132.915,5126.445,5126.845,0.119
1772652000000,2026-03-04,19:20:00,5126.625,5128.995,5125.545,5126.585,0.1123
1772652300000,2026-03-04,19:25:00,5126.605,5128.105,5124.275,5124.375,0.124
1772652600000,2026-03-04,19:30:00,5124.065,5130.385,5122.998,5127.135,0.1513
1772652900000,2026-03-04,19:35:00,5127.009,5129.395,5125.055,5127.125,0.134
1772653200000,2026-03-04,19:40:00,5127.105,5131.875,5126.525,5130.685,0.1869
1772653500000,2026-03-04,19:45:00,5130.645,5135.155,5129.315,5133.035,0.1726
1772653800000,2026-03-04,19:50:00,5133.665,5136.295,5131.738,5135.285,0.1642
1772654100000,2026-03-04,19:55:00,5135.215,5139.385,5134.685,5137.725,0.1824
1772654400000,2026-03-04,20:00:00,5137.495,5138.575,5133.485,5133.975,0.3634
1772654700000,2026-03-04,20:05:00,5134.009,5134.845,5129.265,5130.285,0.3669
1772655000000,2026-03-04,20:10:00,5130.285,5131.595,5126.545,5129.695,0.1699
1772655300000,2026-03-04,20:15:00,5129.735,5129.735,5123.495,5127.735,0.1628
1772655600000,2026-03-04,20:20:00,5127.685,5132.485,5127.365,5131.415,0.2637
1772655900000,2026-03-04,20:25:00,5131.445,5138.205,5131.445,5136.995,0.1491
1772656200000,2026-03-04,20:30:00,5137.025,5140.155,5136.975,5137.615,0.2477
1772656500000,2026-03-04,20:35:00,5137.655,5142.568,5136.725,5140.605,0.3244
1772656800000,2026-03-04,20:40:00,5140.665,5146.665,5140.255,5143.805,0.1884
1772657100000,2026-03-04,20:45:00,5143.705,5144.355,5136.108,5139.605,0.239
1772657400000,2026-03-04,20:50:00,5139.625,5139.635,5133.208,5134.485,0.3025
1772657700000,2026-03-04,20:55:00,5134.485,5137.865,5132.625,5134.505,0.2203
1772658000000,2026-03-04,21:00:00,5134.485,5141.495,5133.585,5140.395,0.0944
1772658300000,2026-03-04,21:05:00,5140.315,5141.595,5137.455,5140.485,0.0672
1772658600000,2026-03-04,21:10:00,5140.475,5143.805,5137.915,5140.095,0.0494
1772658900000,2026-03-04,21:15:00,5140.045,5140.835,5139.405,5140.528,0.0398
1772659200000,2026-03-04,21:20:00,5140.528,5141.395,5135.975,5137.445,0.0411
1772659500000,2026-03-04,21:25:00,5137.455,5141.285,5136.085,5141.125,0.0738
1772659800000,2026-03-04,21:30:00,5141.165,5141.565,5129.135,5129.555,0.0572
1772660100000,2026-03-04,21:35:00,5129.535,5137.475,5129.505,5137.245,0.0695
1772660400000,2026-03-04,21:40:00,5137.135,5137.135,5134.555,5135.495,0.0409
1772660700000,2026-03-04,21:45:00,5135.475,5137.595,5134.785,5135.755,0.0493
1772661000000,2026-03-04,21:50:00,5135.785,5142.065,5134.875,5141.895,0.043
1772661300000,2026-03-04,21:55:00,5141.855,5141.925,5138.805,5140.325,0.0593
1772665200000,2026-03-04,23:00:00,5148.898,5154.048,5142.675,5151.998,0.0254
1772665500000,2026-03-04,23:05:00,5151.748,5153.848,5144.545,5151.848,0.0614
1772665800000,2026-03-04,23:10:00,5152.248,5154.535,5144.475,5146.425,0.0453
1772666100000,2026-03-04,23:15:00,5146.285,5155.375,5146.005,5153.705,0.0416
1772666400000,2026-03-04,23:20:00,5153.665,5155.465,5151.455,5154.915,0.0304
1772666700000,2026-03-04,23:25:00,5155.185,5156.515,5151.235,5154.435,0.0381
1772667000000,2026-03-04,23:30:00,5154.555,5156.075,5152.665,5153.105,0.0241
1772667300000,2026-03-04,23:35:00,5153.125,5153.815,5148.445,5151.775,0.0285
1772667600000,2026-03-04,23:40:00,5151.815,5156.085,5151.545,5155.485,0.0249
1772667900000,2026-03-04,23:45:00,5155.515,5162.715,5154.665,5158.825,0.0823
1772668200000,2026-03-04,23:50:00,5158.805,5161.715,5156.425,5159.835,0.0567
1772668500000,2026-03-04,23:55:00,5159.855,5165.965,5159.815,5165.025,0.0673
1772668800000,2026-03-05,00:00:00,5164.995,5166.115,5159.105,5165.135,0.0775
1772669100000,2026-03-05,00:05:00,5164.875,5168.075,5163.495,5167.005,0.0569
1772669400000,2026-03-05,00:10:00,5167.035,5172.475,5167.035,5170.845,0.0751
1772669700000,2026-03-05,00:15:00,5171.025,5177.695,5170.355,5177.485,0.0489
1772670000000,2026-03-05,00:20:00,5177.545,5179.93,5175.625,5176.805,0.0667
1772670300000,2026-03-05,00:25:00,5176.895,5177.455,5171.715,5173.035,0.0608
1772670600000,2026-03-05,00:30:00,5173.075,5173.148,5169.748,5171.615,0.0432
1772670900000,2026-03-05,00:35:00,5171.595,5171.665,5168.165,5169.965,0.0378
1772671200000,2026-03-05,00:40:00,5170.005,5176.635,5170.005,5171.265,0.0497
1772671500000,2026-03-05,00:45:00,5171.245,5176.975,5165.925,5176.445,0.0705
1772671800000,2026-03-05,00:50:00,5176.475,5177.085,5169.995,5170.055,0.0704
1772672100000,2026-03-05,00:55:00,5170.075,5172.615,5166.078,5172.315,0.0712
1772672400000,2026-03-05,01:00:00,5172.615,5178.015,5169.555,5173.825,0.1795
1772672700000,2026-03-05,01:05:00,5173.845,5181.205,5173.845,5180.555,0.1352
1772673000000,2026-03-05,01:10:00,5180.515,5186.025,5175.805,5176.125,0.1673
1772673300000,2026-03-05,01:15:00,5176.095,5182.205,5175.045,5179.455,0.1469
1772673600000,2026-03-05,01:20:00,5179.425,5179.425,5173.265,5173.685,0.1375
1772673900000,2026-03-05,01:25:00,5173.265,5178.755,5172.285,5177.285,0.1231
1772674200000,2026-03-05,01:30:00,5177.345,5178.845,5172.465,5175.755,0.1923
1772674500000,2026-03-05,01:35:00,5175.815,5175.815,5169.945,5174.575,0.1572
1772674800000,2026-03-05,01:40:00,5174.605,5176.975,5167.185,5172.495,0.2029
1772675100000,2026-03-05,01:45:00,5172.475,5176.475,5169.725,5175.405,0.1381
1772675400000,2026-03-05,01:50:00,5175.425,5179.925,5173.495,5174.045,0.1308
1772675700000,2026-03-05,01:55:00,5173.765,5174.695,5169.125,5172.315,0.1723
1772676000000,2026-03-05,02:00:00,5172.089,5177.945,5171.295,5176.665,0.1591
1772676300000,2026-03-05,02:05:00,5176.695,5181.345,5172.635,5174.625,0.1431
1772676600000,2026-03-05,02:10:00,5174.445,5179.085,5172.355,5178.575,0.1711
1772676900000,2026-03-05,02:15:00,5178.525,5182.785,5176.335,5181.595,0.0904
1772677200000,2026-03-05,02:20:00,5181.455,5188.045,5177.825,5181.285,0.0961
1772677500000,2026-03-05,02:25:00,5181.255,5185.355,5180.515,5183.855,0.1492
1772677800000,2026-03-05,02:30:00,5183.805,5186.895,5181.045,5184.125,0.1703
1772678100000,2026-03-05,02:35:00,5183.875,5184.105,5176.175,5179.355,0.1534
1772678400000,2026-03-05,02:40:00,5179.395,5182.525,5174.175,5175.075,0.1596
1772678700000,2026-03-05,02:45:00,5175.225,5181.315,5173.925,5180.425,0.159
1772679000000,2026-03-05,02:50:00,5180.475,5189.665,5179.668,5187.165,0.1365
1772679300000,2026-03-05,02:55:00,5187.185,5192.205,5186.005,5191.735,0.1272
1772679600000,2026-03-05,03:00:00,5191.705,5193.405,5189.395,5192.405,0.1535
1772679900000,2026-03-05,03:05:00,5192.465,5194.615,5187.795,5187.908,0.1744
1772680200000,2026-03-05,03:10:00,5187.908,5188.665,5183.718,5185.605,0.1118
1772680500000,2026-03-05,03:15:00,5185.625,5190.905,5184.955,5187.945,0.1062
1772680800000,2026-03-05,03:20:00,5188.005,5189.315,5185.388,5186.895,0.0966
1772681100000,2026-03-05,03:25:00,5186.875,5187.165,5184.308,5184.875,0.0863
1772681400000,2026-03-05,03:30:00,5184.905,5188.195,5181.245,5186.905,0.0834
1772681700000,2026-03-05,03:35:00,5186.885,5190.625,5184.525,5187.245,0.0866
1772682000000,2026-03-05,03:40:00,5187.285,5189.365,5187.265,5188.205,0.0515
1772682300000,2026-03-05,03:45:00,5188.235,5190.805,5183.828,5183.828,0.0892
1772682600000,2026-03-05,03:50:00,5183.828,5186.025,5182.745,5183.105,0.0567
1772682900000,2026-03-05,03:55:00,5183.085,5184.345,5177.975,5179.915,0.0851
1772683200000,2026-03-05,04:00:00,5179.935,5183.425,5176.565,5181.975,0.0815
1772683500000,2026-03-05,04:05:00,5181.995,5185.225,5181.865,5183.735,0.0696
1772683800000,2026-03-05,04:10:00,5183.775,5185.418,5181.795,5183.365,0.0508
1772684100000,2026-03-05,04:15:00,5183.585,5186.415,5180.345,5182.065,0.0735
1772684400000,2026-03-05,04:20:00,5181.975,5184.695,5181.705,5182.775,0.0527
1772684700000,2026-03-05,04:25:00,5182.785,5183.188,5174.445,5178.035,0.1505
1772685000000,2026-03-05,04:30:00,5178.145,5179.995,5176.975,5177.315,0.049
1772685300000,2026-03-05,04:35:00,5177.335,5178.925,5176.058,5176.695,0.0426
1772685600000,2026-03-05,04:40:00,5176.755,5177.265,5173.445,5174.185,0.0559
1772685900000,2026-03-05,04:45:00,5174.235,5175.315,5168.715,5169.655,0.0756
1772686200000,2026-03-05,04:50:00,5169.685,5170.365,5165.995,5168.155,0.0736
1772686500000,2026-03-05,04:55:00,5168.145,5172.515,5166.085,5171.365,0.0632
1772686800000,2026-03-05,05:00:00,5171.445,5174.715,5168.995,5173.615,0.0673
1772687100000,2026-03-05,05:05:00,5173.575,5175.985,5173.425,5175.345,0.055
1772687400000,2026-03-05,05:10:00,5175.375,5176.555,5173.385,5175.265,0.0537
1772687700000,2026-03-05,05:15:00,5175.285,5176.505,5170.315,5170.725,0.1007
1772688000000,2026-03-05,05:20:00,5170.705,5172.585,5169.705,5172.215,0.0392
1772688300000,2026-03-05,05:25:00,5172.245,5173.855,5171.875,5172.075,0.088
1772688600000,2026-03-05,05:30:00,5172.135,5174.335,5164.205,5167.385,0.1643
1772688900000,2026-03-05,05:35:00,5167.295,5170.605,5161.645,5164.325,0.1653
1772689200000,2026-03-05,05:40:00,5164.485,5167.915,5163.855,5166.145,0.1036
1772689500000,2026-03-05,05:45:00,5166.115,5169.215,5161.735,5165.865,0.1235
1772689800000,2026-03-05,05:50:00,5165.835,5165.835,5155.645,5157.775,0.1672
1772690100000,2026-03-05,05:55:00,5158.055,5159.895,5147.985,5148.325,0.166
1772690400000,2026-03-05,06:00:00,5148.685,5155.065,5144.995,5154.465,0.1825
1772690700000,2026-03-05,06:05:00,5154.415,5155.155,5132.955,5139.435,0.2169
1772691000000,2026-03-05,06:10:00,5139.455,5139.455,5119.995,5132.335,0.2835
1772691300000,2026-03-05,06:15:00,5132.315,5136.215,5124.225,5135.065,0.2105
1772691600000,2026-03-05,06:20:00,5135.095,5142.665,5133.045,5141.785,0.1446
1772691900000,2026-03-05,06:25:00,5141.805,5143.635,5139.535,5142.655,0.1364
1772692200000,2026-03-05,06:30:00,5142.625,5148.005,5139.655,5147.225,0.1522
1772692500000,2026-03-05,06:35:00,5147.105,5153.375,5142.045,5151.095,0.1303
1772692800000,2026-03-05,06:40:00,5151.125,5156.355,5146.545,5150.515,0.107
1772693100000,2026-03-05,06:45:00,5150.725,5158.675,5148.705,5158.615,0.1099
1772693400000,2026-03-05,06:50:00,5158.685,5160.205,5155.625,5156.055,0.15
1772693700000,2026-03-05,06:55:00,5156.075,5168.465,5156.075,5167.345,0.1456
1772694000000,2026-03-05,07:00:00,5167.375,5172.475,5164.515,5170.325,0.1459
1772694300000,2026-03-05,07:05:00,5170.015,5172.415,5162.595,5164.645,0.1289
1772694600000,2026-03-05,07:10:00,5164.485,5167.545,5161.185,5161.695,0.1178
1772694900000,2026-03-05,07:15:00,5161.715,5167.675,5159.665,5164.985,0.18
1772695200000,2026-03-05,07:20:00,5164.905,5166.575,5162.248,5164.948,0.2064
1772695500000,2026-03-05,07:25:00,5164.775,5166.548,5162.548,5165.748,0.2937
1772695800000,2026-03-05,07:30:00,5165.695,5166.658,5160.488,5160.918,0.5452
1772696100000,2026-03-05,07:35:00,5160.898,5163.478,5159.195,5160.578,0.2396
1772696400000,2026-03-05,07:40:00,5160.535,5165.178,5159.748,5159.885,0.0984
1772696700000,2026-03-05,07:45:00,5159.865,5166.075,5158.395,5163.115,0.0934
1772697000000,2026-03-05,07:50:00,5163.065,5164.285,5158.965,5159.385,0.0726
1772697300000,2026-03-05,07:55:00,5159.425,5163.145,5158.645,5161.845,0.0925
1772697600000,2026-03-05,08:00:00,5161.805,5162.195,5154.605,5156.055,0.162
1772697900000,2026-03-05,08:05:00,5155.965,5157.325,5147.085,5148.435,0.1697
1772698200000,2026-03-05,08:10:00,5148.405,5149.945,5141.435,5141.445,0.145
1772698500000,2026-03-05,08:15:00,5141.375,5143.945,5138.885,5139.438,0.1606
1772698800000,2026-03-05,08:20:00,5139.498,5148.355,5137.218,5145.295,0.1686
1772699100000,2026-03-05,08:25:00,5145.915,5146.925,5141.875,5144.385,0.141
1772699400000,2026-03-05,08:30:00,5144.365,5153.135,5143.485,5149.885,0.1465
1772699700000,2026-03-05,08:35:00,5149.905,5161.955,5149.855,5159.915,0.1391
1772700000000,2026-03-05,08:40:00,5159.935,5163.105,5158.105,5160.945,0.0959
1772700300000,2026-03-05,08:45:00,5161.665,5168.528,5161.548,5167.875,0.1088
1772700600000,2026-03-05,08:50:00,5168.015,5168.135,5163.315,5167.505,0.1307
1772700900000,2026-03-05,08:55:00,5167.685,5170.135,5162.648,5165.155,0.261
1772701200000,2026-03-05,09:00:00,5165.175,5167.308,5161.105,5164.025,0.3217
1772701500000,2026-03-05,09:05:00,5164.125,5180.165,5163.055,5176.185,0.3135
1772701800000,2026-03-05,09:10:00,5176.325,5179.878,5172.648,5178.998,0.2725
1772702100000,2026-03-05,09:15:00,5178.988,5180.098,5171.578,5174.088,0.235
1772702400000,2026-03-05,09:20:00,5173.915,5176.995,5170.895,5171.665,0.1794
1772702700000,2026-03-05,09:25:00,5171.755,5172.845,5166.675,5169.295,0.1343
1772703000000,2026-03-05,09:30:00,5169.275,5169.465,5162.195,5165.345,0.1516
1772703300000,2026-03-05,09:35:00,5165.385,5168.075,5152.615,5156.105,0.1429
1772703600000,2026-03-05,09:40:00,5156.105,5166.095,5153.545,5162.015,0.1252
1772703900000,2026-03-05,09:45:00,5162.175,5165.125,5156.885,5164.325,0.1248
1772704200000,2026-03-05,09:50:00,5164.435,5164.535,5160.785,5161.625,0.087
1772704500000,2026-03-05,09:55:00,5161.685,5163.325,5160.365,5160.765,0.0708
1772704800000,2026-03-05,10:00:00,5160.745,5160.745,5148.735,5149.545,0.1064
1772705100000,2026-03-05,10:05:00,5149.585,5152.325,5145.855,5150.735,0.1218
1772705400000,2026-03-05,10:10:00,5150.715,5155.155,5149.635,5154.095,0.1447
1772705700000,2026-03-05,10:15:00,5154.075,5155.835,5153.178,5153.668,0.1445
1772706000000,2026-03-05,10:20:00,5153.575,5154.795,5151.385,5153.955,0.1348
1772706300000,2026-03-05,10:25:00,5153.985,5158.345,5152.555,5155.905,0.1118
1772706600000,2026-03-05,10:30:00,5155.655,5158.525,5152.588,5153.465,0.1404
1772706900000,2026-03-05,10:35:00,5153.485,5157.905,5147.155,5156.025,0.1082
1772707200000,2026-03-05,10:40:00,5155.915,5157.655,5154.475,5156.735,0.0531
1772707500000,2026-03-05,10:45:00,5156.755,5161.965,5156.225,5160.085,0.0881
1772707800000,2026-03-05,10:50:00,5160.165,5166.345,5160.165,5166.135,0.1056
1772708100000,2026-03-05,10:55:00,5166.215,5167.545,5164.215,5164.325,0.0959
1772708400000,2026-03-05,11:00:00,5164.375,5167.855,5163.569,5164.935,0.0963
1772708700000,2026-03-05,11:05:00,5164.955,5166.885,5161.105,5163.085,0.1274
1772709000000,2026-03-05,11:10:00,5163.065,5164.548,5161.948,5164.255,0.0639
1772709300000,2026-03-05,11:15:00,5164.348,5166.615,5163.048,5164.175,0.0815
1772709600000,2026-03-05,11:20:00,5164.015,5165.695,5161.955,5164.325,0.06
1772709900000,2026-03-05,11:25:00,5164.345,5165.075,5160.715,5162.765,0.0535
1772710200000,2026-03-05,11:30:00,5162.735,5164.445,5160.175,5161.975,0.0514
1772710500000,2026-03-05,11:35:00,5161.955,5162.475,5156.805,5156.935,0.068
1772710800000,2026-03-05,11:40:00,5156.945,5161.465,5156.635,5160.725,0.0635
1772711100000,2026-03-05,11:45:00,5160.705,5163.115,5160.175,5162.875,0.0481
1772711400000,2026-03-05,11:50:00,5162.935,5164.865,5161.738,5162.485,0.0832
1772711700000,2026-03-05,11:55:00,5162.455,5163.965,5160.118,5163.655,0.0886
1772712000000,2026-03-05,12:00:00,5163.615,5166.585,5162.865,5166.435,0.101
1772712300000,2026-03-05,12:05:00,5166.375,5170.785,5165.545,5168.475,0.0898
1772712600000,2026-03-05,12:10:00,5168.525,5171.255,5167.245,5168.255,0.086
1772712900000,2026-03-05,12:15:00,5168.275,5170.065,5163.695,5169.975,0.0733
1772713200000,2026-03-05,12:20:00,5170.015,5170.145,5163.145,5164.075,0.0997
1772713500000,2026-03-05,12:25:00,5164.045,5166.885,5161.348,5161.545,0.0744
1772713800000,2026-03-05,12:30:00,5161.278,5166.035,5160.545,5166.035,0.0699
1772714100000,2026-03-05,12:35:00,5166.085,5167.505,5163.985,5165.245,0.0661
1772714400000,2026-03-05,12:40:00,5165.405,5166.255,5162.015,5162.085,0.0675
1772714700000,2026-03-05,12:45:00,5162.055,5164.355,5160.625,5161.715,0.0634
1772715000000,2026-03-05,12:50:00,5161.585,5165.955,5161.345,5164.735,0.0767
1772715300000,2026-03-05,12:55:00,5164.795,5165.325,5161.285,5162.385,0.0774
1772715600000,2026-03-05,13:00:00,5162.618,5163.895,5151.335,5154.135,0.2474
1772715900000,2026-03-05,13:05:00,5154.115,5159.755,5148.775,5148.775,0.1831
1772716200000,2026-03-05,13:10:00,5148.515,5156.005,5146.255,5155.605,0.1671
1772716500000,2026-03-05,13:15:00,5155.575,5159.745,5126.625,5131.493,0.2905
1772716800000,2026-03-05,13:20:00,5131.115,5132.695,5080.735,5104.275,0.3727
1772717100000,2026-03-05,13:25:00,5104.325,5127.415,5099.315,5120.935,0.2642
1772717400000,2026-03-05,13:30:00,5120.915,5130.435,5114.645,5128.875,0.1709
1772717700000,2026-03-05,13:35:00,5128.815,5134.865,5125.695,5127.905,0.2042
1772718000000,2026-03-05,13:40:00,5128.65,5137.735,5125.285,5130.745,0.224
1772718300000,2026-03-05,13:45:00,5130.775,5131.645,5114.495,5119.365,0.2227
1772718600000,2026-03-05,13:50:00,5119.385,5128.545,5118.935,5121.465,0.1925
1772718900000,2026-03-05,13:55:00,5121.665,5121.775,5109.635,5117.755,0.2265
1772719200000,2026-03-05,14:00:00,5117.805,5129.725,5109.985,5128.705,0.2362
1772719500000,2026-03-05,14:05:00,5128.685,5129.585,5118.535,5120.725,0.1978
1772719800000,2026-03-05,14:10:00,5120.695,5123.685,5111.405,5112.455,0.2024
1772720100000,2026-03-05,14:15:00,5112.425,5116.175,5102.595,5108.435,0.218
1772720400000,2026-03-05,14:20:00,5108.455,5114.495,5102.945,5112.035,0.2209
1772720700000,2026-03-05,14:25:00,5112.065,5120.655,5110.975,5119.975,0.2013
1772721000000,2026-03-05,14:30:00,5120.005,5122.985,5104.915,5122.415,0.3588
1772721300000,2026-03-05,14:35:00,5122.095,5123.365,5090.138,5097.565,0.3488
1772721600000,2026-03-05,14:40:00,5097.585,5108.655,5090.565,5097.205,0.3347
1772721900000,2026-03-05,14:45:00,5097.595,5107.045,5091.075,5096.985,0.3487
1772722200000,2026-03-05,14:50:00,5096.955,5105.755,5093.915,5101.995,0.3972
1772722500000,2026-03-05,14:55:00,5102.115,5110.928,5097.205,5101.705,0.3981
1772722800000,2026-03-05,15:00:00,5101.675,5119.595,5095.678,5096.285,0.3889
1772723100000,2026-03-05,15:05:00,5096.845,5105.625,5060.025,5070.195,0.398
1772723400000,2026-03-05,15:10:00,5070.215,5087.585,5063.885,5085.155,0.3279
1772723700000,2026-03-05,15:15:00,5085.115,5093.598,5081.385,5087.065,0.3886
1772724000000,2026-03-05,15:20:00,5087.095,5088.825,5078.115,5078.405,0.3501
1772724300000,2026-03-05,15:25:00,5078.685,5086.885,5072.015,5086.215,0.2883
1772724600000,2026-03-05,15:30:00,5086.245,5092.745,5081.445,5092.725,0.2963
1772724900000,2026-03-05,15:35:00,5092.765,5093.625,5079.455,5083.095,0.2804
1772725200000,2026-03-05,15:40:00,5083.555,5088.945,5077.305,5080.205,0.2985
1772725500000,2026-03-05,15:45:00,5080.165,5091.825,5079.175,5087.755,0.2429
1772725800000,2026-03-05,15:50:00,5087.865,5098.015,5086.605,5097.395,0.2406
1772726100000,2026-03-05,15:55:00,5097.165,5102.785,5091.525,5102.225,0.2835
1772726400000,2026-03-05,16:00:00,5102.255,5104.475,5093.465,5093.595,0.2528
1772726700000,2026-03-05,16:05:00,5093.565,5094.195,5075.835,5076.815,0.2378
1772727000000,2026-03-05,16:10:00,5076.685,5083.515,5073.945,5082.855,0.2581
1772727300000,2026-03-05,16:15:00,5082.805,5085.055,5072.175,5077.825,0.2605
1772727600000,2026-03-05,16:20:00,5077.865,5079.375,5063.085,5064.115,0.2503
1772727900000,2026-03-05,16:25:00,5064.085,5073.925,5059.875,5063.535,0.2869
1772728200000,2026-03-05,16:30:00,5063.885,5068.315,5054.035,5063.685,0.3251
1772728500000,2026-03-05,16:35:00,5063.415,5069.985,5057.475,5066.415,0.3342
1772728800000,2026-03-05,16:40:00,5066.395,5072.505,5061.575,5070.695,0.3004
1772729100000,2026-03-05,16:45:00,5070.418,5078.855,5070.418,5078.825,0.2444
1772729400000,2026-03-05,16:50:00,5078.795,5081.005,5069.975,5078.275,0.2542
1772729700000,2026-03-05,16:55:00,5078.045,5080.275,5073.175,5077.405,0.2828
1772730000000,2026-03-05,17:00:00,5077.435,5086.205,5073.795,5086.005,0.2497
1772730300000,2026-03-05,17:05:00,5085.965,5088.295,5081.485,5086.675,0.2347
1772730600000,2026-03-05,17:10:00,5086.285,5089.275,5082.415,5086.115,0.2427
1772730900000,2026-03-05,17:15:00,5085.745,5088.605,5081.728,5084.418,0.2872
1772731200000,2026-03-05,17:20:00,5084.285,5086.025,5079.245,5083.785,0.2309
1772731500000,2026-03-05,17:25:00,5083.595,5086.045,5074.528,5074.715,0.2343
1772731800000,2026-03-05,17:30:00,5074.675,5076.975,5066.525,5068.915,0.2897
1772732100000,2026-03-05,17:35:00,5068.945,5068.945,5054.665,5067.215,0.2967
1772732400000,2026-03-05,17:40:00,5067.155,5070.185,5058.125,5063.285,0.2718
1772732700000,2026-03-05,17:45:00,5063.295,5068.895,5060.028,5066.455,0.2431
1772733000000,2026-03-05,17:50:00,5066.405,5068.135,5058.145,5058.805,0.2847
1772733300000,2026-03-05,17:55:00,5058.835,5065.215,5055.405,5062.575,0.2676
1772733600000,2026-03-05,18:00:00,5062.595,5065.425,5050.638,5065.425,0.3074
1772733900000,2026-03-05,18:05:00,5065.365,5071.555,5062.998,5068.575,0.2645
1772734200000,2026-03-05,18:10:00,5068.445,5073.258,5068.035,5071.575,0.2692
1772734500000,2026-03-05,18:15:00,5071.505,5075.635,5069.935,5070.815,0.2798
1772734800000,2026-03-05,18:20:00,5070.865,5075.705,5063.995,5065.775,0.321
1772735100000,2026-03-05,18:25:00,5065.995,5071.905,5061.185,5071.035,0.3047
1772735400000,2026-03-05,18:30:00,5071.005,5079.018,5070.275,5074.145,0.3547
1772735700000,2026-03-05,18:35:00,5074.498,5081.248,5070.805,5080.415,0.421
1772736000000,2026-03-05,18:40:00,5080.578,5085.245,5079.735,5082.845,0.2404
1772736300000,2026-03-05,18:45:00,5082.885,5083.405,5076.865,5078.815,0.1993
1772736600000,2026-03-05,18:50:00,5078.795,5078.795,5066.875,5072.395,0.1901
1772736900000,2026-03-05,18:55:00,5072.425,5073.955,5067.445,5069.185,0.1661
1772737200000,2026-03-05,19:00:00,5069.075,5078.705,5067.305,5078.235,0.1853
1772737500000,2026-03-05,19:05:00,5078.235,5080.995,5074.895,5076.205,0.1697
1772737800000,2026-03-05,19:10:00,5076.185,5077.095,5072.695,5073.195,0.1719
1772738100000,2026-03-05,19:15:00,5073.175,5073.175,5061.855,5069.945,0.204
1772738400000,2026-03-05,19:20:00,5069.925,5072.015,5063.425,5069.735,0.2155
1772738700000,2026-03-05,19:25:00,5069.695,5070.545,5063.015,5066.585,0.1854
1772739000000,2026-03-05,19:30:00,5066.555,5066.715,5057.555,5060.395,0.2049
1772739300000,2026-03-05,19:35:00,5060.415,5063.345,5055.235,5060.188,0.3871
1772739600000,2026-03-05,19:40:00,5060.308,5066.865,5059.798,5065.255,0.4264
1772739900000,2026-03-05,19:45:00,5065.285,5069.575,5063.195,5067.005,0.2002
1772740200000,2026-03-05,19:50:00,5067.175,5070.155,5063.435,5065.545,0.1931
1772740500000,2026-03-05,19:55:00,5065.445,5067.725,5061.905,5065.895,0.2155
1772740800000,2026-03-05,20:00:00,5065.805,5069.305,5063.495,5067.795,0.2997
1772741100000,2026-03-05,20:05:00,5067.645,5070.425,5061.485,5066.925,0.258
1772741400000,2026-03-05,20:10:00,5066.955,5079.515,5066.505,5078.715,0.2787
1772741700000,2026-03-05,20:15:00,5078.745,5094.545,5078.705,5090.515,0.4076
1772742000000,2026-03-05,20:20:00,5090.485,5092.155,5077.845,5080.345,0.2362
1772742300000,2026-03-05,20:25:00,5080.415,5086.225,5075.815,5080.255,0.2675
1772742600000,2026-03-05,20:30:00,5080.275,5082.255,5075.415,5076.325,0.3814
1772742900000,2026-03-05,20:35:00,5076.355,5081.315,5073.955,5078.285,0.3685
1772743200000,2026-03-05,20:40:00,5078.305,5081.775,5075.505,5080.305,0.2355
1772743500000,2026-03-05,20:45:00,5080.355,5081.445,5072.645,5079.185,0.2739
1772743800000,2026-03-05,20:50:00,5079.248,5081.205,5073.648,5076.605,0.383
1772744100000,2026-03-05,20:55:00,5076.775,5081.035,5075.168,5076.405,0.3372
1772744400000,2026-03-05,21:00:00,5076.495,5080.505,5075.448,5079.198,0.0943
1772744700000,2026-03-05,21:05:00,5079.198,5083.818,5077.265,5077.965,0.0764
1772745000000,2026-03-05,21:10:00,5077.965,5078.255,5071.945,5076.205,0.0693
1772745300000,2026-03-05,21:15:00,5076.175,5079.845,5075.305,5077.535,0.0451
1772745600000,2026-03-05,21:20:00,5077.575,5079.695,5077.535,5079.635,0.0293
1772745900000,2026-03-05,21:25:00,5079.695,5081.385,5077.645,5080.595,0.0287
1772746200000,2026-03-05,21:30:00,5080.515,5082.375,5078.625,5082.055,0.0367
1772746500000,2026-03-05,21:35:00,5081.825,5081.825,5072.705,5076.315,0.0476
1772746800000,2026-03-05,21:40:00,5076.285,5076.285,5072.415,5075.315,0.0357
1772747100000,2026-03-05,21:45:00,5075.135,5077.865,5073.895,5077.245,0.0509
1772747400000,2026-03-05,21:50:00,5077.495,5084.765,5076.548,5084.535,0.0373
1772747700000,2026-03-05,21:55:00,5084.685,5084.755,5080.185,5083.175,0.0578
1772751600000,2026-03-05,23:00:00,5079.318,5089.798,5079.318,5089.098,0.0134
1772751900000,2026-03-05,23:05:00,5086.165,5090.298,5080.145,5084.698,0.0665
1772752200000,2026-03-05,23:10:00,5085.198,5088.495,5081.915,5085.935,0.0307
1772752500000,2026-03-05,23:15:00,5085.965,5096.415,5082.768,5095.475,0.1063
1772752800000,2026-03-05,23:20:00,5095.465,5096.105,5091.875,5092.195,0.0728
1772753100000,2026-03-05,23:25:00,5092.165,5095.595,5089.535,5091.055,0.0585
1772753400000,2026-03-05,23:30:00,5091.025,5092.295,5087.115,5087.805,0.0459
1772753700000,2026-03-05,23:35:00,5087.785,5095.795,5087.595,5095.685,0.0406
1772754000000,2026-03-05,23:40:00,5095.655,5101.705,5095.015,5100.755,0.0575
1772754300000,2026-03-05,23:45:00,5100.705,5100.705,5095.745,5098.845,0.0499
1772754600000,2026-03-05,23:50:00,5098.785,5099.325,5085.025,5089.275,0.0962
1772754900000,2026-03-05,23:55:00,5089.295,5091.625,5084.245,5085.885,0.065
1772755200000,2026-03-06,00:00:00,5085.835,5086.435,5073.875,5083.905,0.1193
1772755500000,2026-03-06,00:05:00,5083.925,5091.245,5082.805,5090.305,0.0664
1772755800000,2026-03-06,00:10:00,5090.285,5090.665,5083.285,5084.845,0.063
1772756100000,2026-03-06,00:15:00,5084.825,5090.225,5078.055,5090.225,0.0891
1772756400000,2026-03-06,00:20:00,5090.225,5091.685,5086.925,5087.435,0.0537
1772756700000,2026-03-06,00:25:00,5087.475,5092.055,5085.955,5090.455,0.0445
1772757000000,2026-03-06,00:30:00,5090.475,5091.985,5087.465,5087.825,0.049
1772757300000,2026-03-06,00:35:00,5087.855,5088.225,5083.225,5083.285,0.0457
1772757600000,2026-03-06,00:40:00,5083.255,5083.875,5074.795,5083.425,0.0897
1772757900000,2026-03-06,00:45:00,5083.405,5088.065,5079.395,5079.995,0.0777
1772758200000,2026-03-06,00:50:00,5079.975,5089.645,5076.575,5089.355,0.0875
1772758500000,2026-03-06,00:55:00,5089.355,5089.395,5081.805,5084.365,0.0665
1772758800000,2026-03-06,01:00:00,5083.678,5084.755,5066.215,5075.325,0.2377
1772759100000,2026-03-06,01:05:00,5075.185,5081.845,5074.455,5079.035,0.1257
1772759400000,2026-03-06,01:10:00,5079.055,5086.045,5072.695,5076.908,0.1622
1772759700000,2026-03-06,01:15:00,5076.908,5085.025,5075.105,5084.645,0.1729
1772760000000,2026-03-06,01:20:00,5084.685,5088.865,5079.135,5080.125,0.1579
1772760300000,2026-03-06,01:25:00,5080.105,5088.475,5079.478,5085.545,0.1509
1772760600000,2026-03-06,01:30:00,5085.665,5099.595,5085.389,5098.895,0.1519
1772760900000,2026-03-06,01:35:00,5098.875,5109.185,5097.355,5108.385,0.1829
1772761200000,2026-03-06,01:40:00,5108.515,5120.065,5108.175,5118.155,0.1803
1772761500000,2026-03-06,01:45:00,5118.115,5121.205,5117.365,5120.995,0.1618
1772761800000,2026-03-06,01:50:00,5121.025,5141.065,5121.025,5139.715,0.2152
1772762100000,2026-03-06,01:55:00,5139.685,5143.665,5133.985,5134.425,0.1981
1772762400000,2026-03-06,02:00:00,5134.315,5138.115,5128.795,5130.695,0.1956
1772762700000,2026-03-06,02:05:00,5130.545,5132.975,5126.045,5129.448,0.1605
1772763000000,2026-03-06,02:10:00,5129.538,5134.915,5125.135,5130.205,0.1432
1772763300000,2026-03-06,02:15:00,5130.255,5134.225,5127.595,5129.495,0.0983
1772763600000,2026-03-06,02:20:00,5129.465,5132.445,5127.658,5129.125,0.1067
1772763900000,2026-03-06,02:25:00,5129.145,5132.485,5127.775,5129.135,0.0743
1772764200000,2026-03-06,02:30:00,5129.135,5131.785,5125.725,5126.845,0.1068
1772764500000,2026-03-06,02:35:00,5126.775,5130.245,5124.975,5127.905,0.0955
1772764800000,2026-03-06,02:40:00,5127.965,5128.115,5121.895,5124.145,0.0919
1772765100000,2026-03-06,02:45:00,5124.105,5128.985,5122.915,5123.875,0.084
1772765400000,2026-03-06,02:50:00,5123.895,5128.545,5122.655,5124.505,0.0922
1772765700000,2026-03-06,02:55:00,5124.555,5127.235,5123.515,5125.985,0.0815
1772766000000,2026-03-06,03:00:00,5125.945,5130.395,5124.085,5129.475,0.0987
1772766300000,2026-03-06,03:05:00,5129.505,5132.815,5126.125,5130.775,0.0997
1772766600000,2026-03-06,03:10:00,5130.755,5134.705,5129.545,5132.785,0.0896
1772766900000,2026-03-06,03:15:00,5132.765,5138.825,5130.765,5138.445,0.1079
1772767200000,2026-03-06,03:20:00,5138.425,5140.995,5134.345,5140.275,0.0976
1772767500000,2026-03-06,03:25:00,5140.055,5141.048,5134.245,5136.305,0.1617
1772767800000,2026-03-06,03:30:00,5136.225,5137.835,5131.798,5132.415,0.0772
1772768100000,2026-03-06,03:35:00,5132.398,5135.875,5129.298,5129.405,0.075
1772768400000,2026-03-06,03:40:00,5129.415,5132.315,5128.798,5132.165,0.114
1772768700000,2026-03-06,03:45:00,5132.105,5134.265,5129.945,5133.475,0.09
1772769000000,2026-03-06,03:50:00,5133.485,5133.528,5130.765,5130.935,0.0693
1772769300000,2026-03-06,03:55:00,5130.905,5131.995,5129.515,5130.705,0.1166
1772769600000,2026-03-06,04:00:00,5130.745,5134.555,5130.195,5133.845,0.1782
1772769900000,2026-03-06,04:05:00,5133.888,5135.268,5131.065,5133.938,0.1975
1772770200000,2026-03-06,04:10:00,5134.028,5135.755,5132.558,5134.845,0.1363
1772770500000,2026-03-06,04:15:00,5134.978,5136.095,5132.545,5132.985,0.0343
1772770800000,2026-03-06,04:20:00,5132.965,5133.195,5130.348,5130.348,0.0323
1772771100000,2026-03-06,04:25:00,5130.348,5130.348,5127.285,5129.315,0.0596
1772771400000,2026-03-06,04:30:00,5129.345,5133.245,5129.278,5129.348,0.049
1772771700000,2026-03-06,04:35:00,5129.348,5130.695,5127.865,5130.045,0.0354
1772772000000,2026-03-06,04:40:00,5130.175,5132.855,5129.575,5132.315,0.0424
1772772300000,2026-03-06,04:45:00,5132.375,5133.615,5130.725,5133.335,0.0334
1772772600000,2026-03-06,04:50:00,5133.995,5135.645,5132.835,5132.835,0.0499
1772772900000,2026-03-06,04:55:00,5132.875,5133.025,5125.898,5127.295,0.0588
1772773200000,2026-03-06,05:00:00,5127.185,5129.735,5123.405,5128.435,0.1024
1772773500000,2026-03-06,05:05:00,5128.455,5129.615,5122.665,5122.665,0.0604
1772773800000,2026-03-06,05:10:00,5122.635,5127.715,5122.635,5126.475,0.0437
1772774100000,2026-03-06,05:15:00,5125.965,5128.965,5125.555,5128.335,0.0361
1772774400000,2026-03-06,05:20:00,5128.305,5128.565,5122.545,5127.655,0.067
1772774700000,2026-03-06,05:25:00,5127.655,5129.975,5125.735,5129.635,0.0746
1772775000000,2026-03-06,05:30:00,5129.655,5129.955,5121.385,5124.595,0.1316
1772775300000,2026-03-06,05:35:00,5124.425,5127.565,5118.855,5121.355,0.1147
1772775600000,2026-03-06,05:40:00,5121.355,5122.735,5118.795,5120.875,0.0951
1772775900000,2026-03-06,05:45:00,5120.905,5123.215,5114.855,5115.725,0.1261
1772776200000,2026-03-06,05:50:00,5115.745,5120.495,5113.975,5118.095,0.1347
1772776500000,2026-03-06,05:55:00,5118.055,5120.065,5114.545,5117.085,0.1077
1772776800000,2026-03-06,06:00:00,5117.195,5117.195,5108.798,5113.475,0.1361
1772777100000,2026-03-06,06:05:00,5113.445,5121.195,5112.985,5116.955,0.1049
1772777400000,2026-03-06,06:10:00,5116.845,5117.595,5111.925,5116.035,0.0845
1772777700000,2026-03-06,06:15:00,5115.945,5119.205,5114.145,5118.465,0.0802
1772778000000,2026-03-06,06:20:00,5118.505,5122.505,5118.085,5122.375,0.0883
1772778300000,2026-03-06,06:25:00,5122.345,5122.695,5118.245,5119.925,0.0696
1772778600000,2026-03-06,06:30:00,5119.885,5121.665,5117.725,5118.265,0.0721
1772778900000,2026-03-06,06:35:00,5118.385,5121.535,5116.145,5118.175,0.065
1772779200000,2026-03-06,06:40:00,5118.418,5122.675,5117.718,5120.905,0.0622
1772779500000,2026-03-06,06:45:00,5120.945,5120.975,5117.765,5118.815,0.0394
1772779800000,2026-03-06,06:50:00,5118.335,5122.235,5116.058,5119.995,0.1146
1772780100000,2026-03-06,06:55:00,5120.098,5120.395,5114.755,5115.395,0.0624
1772780400000,2026-03-06,07:00:00,5115.425,5117.395,5111.735,5111.895,0.0665
1772780700000,2026-03-06,07:05:00,5111.925,5111.945,5105.495,5108.165,0.0829
1772781000000,2026-03-06,07:10:00,5108.425,5112.995,5107.125,5111.155,0.0685
1772781300000,2026-03-06,07:15:00,5111.155,5114.605,5110.715,5114.175,0.0665
1772781600000,2026-03-06,07:20:00,5114.155,5117.215,5111.575,5114.715,0.0806
1772781900000,2026-03-06,07:25:00,5114.685,5119.555,5112.115,5114.345,0.1133
1772782200000,2026-03-06,07:30:00,5114.208,5114.505,5107.385,5113.555,0.0841
1772782500000,2026-03-06,07:35:00,5113.915,5113.955,5110.385,5112.175,0.0898
1772782800000,2026-03-06,07:40:00,5112.155,5116.215,5111.985,5114.045,0.0721
1772783100000,2026-03-06,07:45:00,5114.015,5116.695,5112.365,5116.195,0.0817
1772783400000,2026-03-06,07:50:00,5116.175,5118.565,5115.435,5117.295,0.0555
1772783700000,2026-03-06,07:55:00,5117.265,5120.605,5116.925,5119.435,0.0895
1772784000000,2026-03-06,08:00:00,5119.455,5121.585,5114.895,5118.085,0.1527
1772784300000,2026-03-06,08:05:00,5118.045,5122.765,5115.375,5116.295,0.1366
1772784600000,2026-03-06,08:10:00,5116.225,5116.835,5110.545,5115.165,0.1234
1772784900000,2026-03-06,08:15:00,5115.105,5117.325,5112.025,5114.778,0.1379
1772785200000,2026-03-06,08:20:00,5114.778,5114.858,5105.795,5109.915,0.127
1772785500000,2026-03-06,08:25:00,5109.885,5109.885,5098.925,5100.185,0.148
1772785800000,2026-03-06,08:30:00,5100.155,5105.835,5095.985,5105.595,0.1327
1772786100000,2026-03-06,08:35:00,5105.665,5108.135,5103.225,5107.915,0.0831
1772786400000,2026-03-06,08:40:00,5107.895,5108.335,5105.145,5107.285,0.0531
1772786700000,2026-03-06,08:45:00,5107.305,5113.235,5106.605,5108.575,0.0746
1772787000000,2026-03-06,08:50:00,5108.285,5111.625,5108.285,5111.345,0.0681
1772787300000,2026-03-06,08:55:00,5111.315,5111.625,5107.335,5108.525,0.0765
1772787600000,2026-03-06,09:00:00,5108.048,5109.068,5101.725,5102.425,0.1206
1772787900000,2026-03-06,09:05:00,5102.285,5106.125,5097.415,5099.635,0.1082
1772788200000,2026-03-06,09:10:00,5099.585,5101.785,5094.255,5095.525,0.1178
1772788500000,2026-03-06,09:15:00,5095.545,5101.655,5093.805,5101.145,0.1289
1772788800000,2026-03-06,09:20:00,5101.165,5102.275,5091.555,5095.425,0.1437
1772789100000,2026-03-06,09:25:00,5095.405,5099.525,5094.905,5098.655,0.1007
1772789400000,2026-03-06,09:30:00,5098.615,5103.535,5097.005,5100.565,0.1106
1772789700000,2026-03-06,09:35:00,5100.885,5101.515,5087.495,5090.975,0.1628
1772790000000,2026-03-06,09:40:00,5091.105,5097.165,5090.828,5095.875,0.1324
1772790300000,2026-03-06,09:45:00,5095.905,5097.045,5087.518,5090.895,0.1316
1772790600000,2026-03-06,09:50:00,5090.915,5092.775,5084.395,5089.478,0.1606
1772790900000,2026-03-06,09:55:00,5089.415,5093.215,5083.048,5085.335,0.1299
1772791200000,2026-03-06,10:00:00,5085.355,5087.255,5078.315,5080.825,0.148
1772791500000,2026-03-06,10:05:00,5080.875,5086.125,5075.455,5086.065,0.1566
1772791800000,2026-03-06,10:10:00,5085.695,5090.325,5081.825,5082.295,0.1285
1772792100000,2026-03-06,10:15:00,5082.265,5084.985,5080.595,5082.105,0.1033
1772792400000,2026-03-06,10:20:00,5082.135,5086.015,5079.585,5084.535,0.1354
1772792700000,2026-03-06,10:25:00,5084.435,5093.055,5082.915,5087.175,0.1815
1772793000000,2026-03-06,10:30:00,5087.098,5091.505,5085.225,5085.525,0.1125
1772793300000,2026-03-06,10:35:00,5085.555,5088.965,5084.775,5088.385,0.0928
1772793600000,2026-03-06,10:40:00,5088.115,5088.805,5080.565,5081.295,0.0842
1772793900000,2026-03-06,10:45:00,5081.305,5089.855,5081.305,5088.188,0.119
1772794200000,2026-03-06,10:50:00,5088.325,5090.285,5085.555,5090.155,0.1496
1772794500000,2026-03-06,10:55:00,5090.255,5092.455,5085.835,5090.725,0.1097
1772794800000,2026-03-06,11:00:00,5090.745,5091.325,5083.665,5084.615,0.1017
1772795100000,2026-03-06,11:05:00,5084.595,5087.975,5081.115,5087.525,0.1163
1772795400000,2026-03-06,11:10:00,5087.455,5087.775,5079.995,5085.775,0.1391
1772795700000,2026-03-06,11:15:00,5085.805,5090.245,5085.245,5088.965,0.0946
1772796000000,2026-03-06,11:20:00,5088.995,5098.035,5088.995,5095.505,0.0901
1772796300000,2026-03-06,11:25:00,5094.965,5096.255,5093.705,5094.325,0.0843
1772796600000,2026-03-06,11:30:00,5094.305,5099.415,5089.845,5092.965,0.0994
1772796900000,2026-03-06,11:35:00,5092.945,5092.945,5089.405,5092.075,0.0909
1772797200000,2026-03-06,11:40:00,5091.975,5092.145,5080.395,5080.798,0.1272
1772797500000,2026-03-06,11:45:00,5080.795,5086.695,5080.418,5084.325,0.1202
1772797800000,2026-03-06,11:50:00,5084.475,5085.745,5076.785,5078.035,0.1511
1772798100000,2026-03-06,11:55:00,5077.885,5080.285,5062.125,5076.655,0.2337
1772798400000,2026-03-06,12:00:00,5076.705,5085.005,5075.915,5081.955,0.2218
1772798700000,2026-03-06,12:05:00,5081.915,5086.845,5079.085,5086.155,0.1925
1772799000000,2026-03-06,12:10:00,5086.185,5090.725,5085.785,5089.625,0.1852
1772799300000,2026-03-06,12:15:00,5089.625,5096.105,5088.165,5095.495,0.1946
1772799600000,2026-03-06,12:20:00,5095.475,5096.195,5088.645,5089.145,0.1846
1772799900000,2026-03-06,12:25:00,5089.185,5090.425,5085.815,5088.225,0.1539
1772800200000,2026-03-06,12:30:00,5088.225,5091.885,5085.075,5090.745,0.22
1772800500000,2026-03-06,12:35:00,5090.855,5095.475,5087.625,5095.475,0.1716
1772800800000,2026-03-06,12:40:00,5095.475,5096.245,5090.065,5095.955,0.1382
1772801100000,2026-03-06,12:45:00,5095.915,5096.295,5088.135,5089.375,0.134
1772801400000,2026-03-06,12:50:00,5089.355,5091.465,5084.635,5085.395,0.1341
1772801700000,2026-03-06,12:55:00,5085.465,5091.138,5080.768,5082.735,0.471
1772802000000,2026-03-06,13:00:00,5082.715,5083.115,5070.885,5075.538,0.4058
1772802300000,2026-03-06,13:05:00,5075.538,5075.665,5065.058,5069.838,0.314
1772802600000,2026-03-06,13:10:00,5069.498,5075.275,5066.785,5072.735,0.317
1772802900000,2026-03-06,13:15:00,5072.785,5077.805,5072.105,5076.675,0.2448
1772803200000,2026-03-06,13:20:00,5076.715,5084.215,5074.635,5083.935,0.2679
1772803500000,2026-03-06,13:25:00,5084.065,5088.465,5080.115,5082.138,0.2116
1772803800000,2026-03-06,13:30:00,5082.138,5125.985,5082.138,5123.685,0.4119
1772804100000,2026-03-06,13:35:00,5123.605,5130.615,5118.895,5123.985,0.3612
1772804400000,2026-03-06,13:40:00,5123.965,5125.455,5112.725,5121.845,0.2969
1772804700000,2026-03-06,13:45:00,5121.265,5122.105,5111.418,5117.145,0.3408
1772805000000,2026-03-06,13:50:00,5117.175,5121.435,5100.575,5101.825,0.3192
1772805300000,2026-03-06,13:55:00,5101.805,5101.885,5073.515,5084.775,0.3388
1772805600000,2026-03-06,14:00:00,5084.785,5102.545,5080.615,5088.915,0.2867
1772805900000,2026-03-06,14:05:00,5089.145,5091.315,5084.525,5088.095,0.2137
1772806200000,2026-03-06,14:10:00,5088.035,5099.535,5084.605,5096.725,0.2042
1772806500000,2026-03-06,14:15:00,5096.785,5097.965,5087.735,5097.785,0.2122
1772806800000,2026-03-06,14:20:00,5097.705,5107.035,5092.295,5107.005,0.2023
1772807100000,2026-03-06,14:25:00,5106.965,5109.075,5102.205,5103.995,0.1972
1772807400000,2026-03-06,14:30:00,5104.325,5115.165,5099.975,5106.905,0.3688
1772807700000,2026-03-06,14:35:00,5106.755,5108.215,5086.448,5088.525,0.4157
1772808000000,2026-03-06,14:40:00,5088.365,5095.975,5083.885,5089.155,0.356
1772808300000,2026-03-06,14:45:00,5088.865,5099.658,5087.329,5090.345,0.3778
1772808600000,2026-03-06,14:50:00,5090.715,5105.455,5090.315,5103.735,0.5084
1772808900000,2026-03-06,14:55:00,5103.765,5131.705,5103.055,5129.835,0.3374
1772809200000,2026-03-06,15:00:00,5129.828,5158.495,5127.498,5147.475,0.4699
1772809500000,2026-03-06,15:05:00,5147.448,5158.955,5144.695,5150.518,0.4793
1772809800000,2026-03-06,15:10:00,5150.538,5156.835,5137.425,5148.845,0.3686
1772810100000,2026-03-06,15:15:00,5148.795,5152.368,5144.055,5149.585,0.3507
1772810400000,2026-03-06,15:20:00,5149.625,5168.165,5149.595,5165.775,0.3735
1772810700000,2026-03-06,15:25:00,5166.015,5171.238,5156.585,5161.295,0.369
1772811000000,2026-03-06,15:30:00,5161.735,5166.325,5153.285,5154.608,0.3342
1772811300000,2026-03-06,15:35:00,5154.298,5162.305,5153.098,5156.295,0.2877
1772811600000,2026-03-06,15:40:00,5156.195,5160.255,5149.368,5153.735,0.33
1772811900000,2026-03-06,15:45:00,5153.655,5157.185,5143.738,5146.055,0.2805
1772812200000,2026-03-06,15:50:00,5146.365,5146.865,5134.215,5141.858,0.2761
1772812500000,2026-03-06,15:55:00,5141.758,5147.865,5138.138,5141.615,0.2985
1772812800000,2026-03-06,16:00:00,5141.585,5150.455,5140.405,5149.355,0.2687
1772813100000,2026-03-06,16:05:00,5149.655,5149.655,5141.955,5144.785,0.24
1772813400000,2026-03-06,16:10:00,5144.715,5145.405,5135.885,5143.575,0.2296
1772813700000,2026-03-06,16:15:00,5143.465,5152.905,5143.215,5148.835,0.2364
1772814000000,2026-03-06,16:20:00,5149.285,5150.895,5138.695,5140.095,0.2155
1772814300000,2026-03-06,16:25:00,5140.145,5142.555,5136.045,5142.035,0.2333
1772814600000,2026-03-06,16:30:00,5142.055,5145.845,5133.075,5136.875,0.2393
1772814900000,2026-03-06,16:35:00,5136.835,5140.585,5129.805,5129.895,0.2282
1772815200000,2026-03-06,16:40:00,5129.945,5142.105,5125.735,5141.775,0.2134
1772815500000,2026-03-06,16:45:00,5141.725,5147.825,5140.795,5141.655,0.1963
1772815800000,2026-03-06,16:50:00,5141.635,5147.455,5139.925,5139.925,0.2053
1772816100000,2026-03-06,16:55:00,5140.145,5143.425,5129.415,5139.475,0.2391
1772816400000,2026-03-06,17:00:00,5139.805,5142.005,5132.945,5133.135,0.2322
1772816700000,2026-03-06,17:05:00,5132.985,5136.875,5128.715,5135.655,0.199
1772817000000,2026-03-06,17:10:00,5135.675,5139.545,5134.325,5136.355,0.1887
1772817300000,2026-03-06,17:15:00,5136.325,5143.135,5132.895,5143.005,0.2289
1772817600000,2026-03-06,17:20:00,5142.975,5145.025,5138.055,5143.505,0.2056
1772817900000,2026-03-06,17:25:00,5143.555,5144.325,5136.475,5141.845,0.2031
1772818200000,2026-03-06,17:30:00,5141.815,5150.915,5140.215,5150.325,0.1987
1772818500000,2026-03-06,17:35:00,5150.615,5152.235,5143.685,5144.925,0.1734
1772818800000,2026-03-06,17:40:00,5144.965,5145.515,5136.415,5137.185,0.1745
1772819100000,2026-03-06,17:45:00,5137.255,5140.018,5134.055,5137.778,0.241
1772819400000,2026-03-06,17:50:00,5137.745,5140.338,5132.885,5134.055,0.1585
1772819700000,2026-03-06,17:55:00,5134.085,5140.515,5132.575,5140.355,0.1477
1772820000000,2026-03-06,18:00:00,5140.375,5145.145,5138.248,5141.415,0.1955
1772820300000,2026-03-06,18:05:00,5141.435,5147.038,5140.038,5143.945,0.1848
1772820600000,2026-03-06,18:10:00,5143.918,5146.795,5141.345,5145.075,0.2064
1772820900000,2026-03-06,18:15:00,5144.885,5145.415,5142.745,5143.235,0.172
1772821200000,2026-03-06,18:20:00,5143.315,5149.135,5143.315,5147.145,0.2133
1772821500000,2026-03-06,18:25:00,5147.175,5150.575,5146.865,5150.025,0.2563
1772821800000,2026-03-06,18:30:00,5150.075,5152.345,5148.475,5151.895,0.1918
1772822100000,2026-03-06,18:35:00,5151.935,5157.455,5149.285,5156.045,0.1643
1772822400000,2026-03-06,18:40:00,5156.015,5165.295,5153.345,5165.165,0.169
1772822700000,2026-03-06,18:45:00,5165.195,5167.415,5160.485,5161.285,0.1501
1772823000000,2026-03-06,18:50:00,5161.375,5162.045,5156.325,5157.085,0.1328
1772823300000,2026-03-06,18:55:00,5157.125,5163.615,5156.965,5160.565,0.13
1772823600000,2026-03-06,19:00:00,5160.558,5165.835,5160.085,5164.098,0.3121
1772823900000,2026-03-06,19:05:00,5164.098,5168.325,5160.115,5167.165,0.1579
1772824200000,2026-03-06,19:10:00,5167.185,5171.005,5165.915,5170.838,0.1236
1772824500000,2026-03-06,19:15:00,5170.818,5174.355,5169.775,5173.698,0.133
1772824800000,2026-03-06,19:20:00,5173.745,5173.898,5164.915,5167.685,0.1784
1772825100000,2026-03-06,19:25:00,5167.705,5168.955,5163.978,5164.765,0.1415
1772825400000,2026-03-06,19:30:00,5164.785,5167.875,5163.425,5165.145,0.1216
1772825700000,2026-03-06,19:35:00,5165.198,5166.395,5157.485,5159.065,0.1477
1772826000000,2026-03-06,19:40:00,5159.115,5162.275,5157.715,5157.895,0.1272
1772826300000,2026-03-06,19:45:00,5157.835,5160.935,5156.385,5160.125,0.1359
1772826600000,2026-03-06,19:50:00,5160.105,5163.565,5159.645,5162.105,0.1064
1772826900000,2026-03-06,19:55:00,5162.275,5162.685,5158.905,5159.475,0.1029
1772827200000,2026-03-06,20:00:00,5159.535,5162.435,5155.675,5156.195,0.1466
1772827500000,2026-03-06,20:05:00,5156.215,5161.215,5155.908,5158.795,0.1299
1772827800000,2026-03-06,20:10:00,5158.765,5158.795,5153.455,5155.065,0.1607
1772828100000,2026-03-06,20:15:00,5155.085,5157.805,5153.985,5154.618,0.1384
1772828400000,2026-03-06,20:20:00,5154.618,5158.735,5152.315,5158.065,0.1265
1772828700000,2026-03-06,20:25:00,5158.105,5160.305,5152.665,5153.405,0.1166
1772829000000,2026-03-06,20:30:00,5153.465,5156.295,5150.625,5150.895,0.1569
1772829300000,2026-03-06,20:35:00,5150.845,5155.665,5149.155,5155.135,0.1473
1772829600000,2026-03-06,20:40:00,5155.175,5161.315,5152.715,5157.225,0.2058
1772829900000,2026-03-06,20:45:00,5157.175,5159.265,5155.815,5159.055,0.1571
1772830200000,2026-03-06,20:50:00,5159.115,5160.185,5153.145,5156.075,0.1469
1772830500000,2026-03-06,20:55:00,5156.095,5156.095,5150.415,5153.195,0.1933
1772830800000,2026-03-06,21:00:00,5152.995,5161.255,5150.565,5160.638,0.1046
1772831100000,2026-03-06,21:05:00,5160.648,5167.065,5160.628,5162.325,0.0926
1772831400000,2026-03-06,21:10:00,5162.265,5167.175,5161.858,5164.918,0.0421
1772831700000,2026-03-06,21:15:00,5165.065,5169.945,5164.535,5169.225,0.0761
1772832000000,2026-03-06,21:20:00,5169.205,5170.128,5168.085,5168.115,0.0293
1772832300000,2026-03-06,21:25:00,5168.065,5169.995,5165.105,5167.985,0.0464
1772832600000,2026-03-06,21:30:00,5167.688,5170.935,5166.115,5170.935,0.0346
1772832900000,2026-03-06,21:35:00,5170.905,5171.655,5169.175,5170.565,0.0272
1772833200000,2026-03-06,21:40:00,5170.475,5171.255,5168.255,5170.215,0.0292
1772833500000,2026-03-06,21:45:00,5170.185,5171.745,5168.975,5170.855,0.0546
1772833800000,2026-03-06,21:50:00,5170.835,5171.678,5169.205,5170.098,0.0646
1772834100000,2026-03-06,21:55:00,5170.098,5175.048,5166.156,5171.798,0.0613
1773007200000,2026-03-08,22:00:00,5178.935,5196.698,5159.658,5164.948,0.3421
1773007500000,2026-03-08,22:05:00,5164.948,5165.085,5117.158,5156.198,0.3306
1773007800000,2026-03-08,22:10:00,5155.798,5168.675,5149.345,5158.098,0.2732
1773008100000,2026-03-08,22:15:00,5158.385,5158.675,5126.315,5132.675,0.2938
1773008400000,2026-03-08,22:20:00,5132.845,5156.755,5130.008,5149.695,0.2172
1773008700000,2026-03-08,22:25:00,5146.485,5159.755,5141.188,5154.898,0.1855
1773009000000,2026-03-08,22:30:00,5154.995,5164.035,5145.695,5147.698,0.3014
1773009300000,2026-03-08,22:35:00,5147.698,5152.405,5131.848,5132.335,0.201
1773009600000,2026-03-08,22:40:00,5132.335,5135.425,5105.115,5124.935,0.2163
1773009900000,2026-03-08,22:45:00,5125.125,5133.655,5106.105,5106.105,0.1955
1773010200000,2026-03-08,22:50:00,5106.315,5123.875,5102.905,5122.415,0.2222
1773010500000,2026-03-08,22:55:00,5122.425,5130.748,5121.405,5129.448,0.1686
1773010800000,2026-03-08,23:00:00,5129.448,5134.518,5108.038,5116.928,0.4826
1773011100000,2026-03-08,23:05:00,5116.738,5120.518,5106.618,5112.958,0.4909
1773011400000,2026-03-08,23:10:00,5112.958,5114.515,5093.315,5101.495,0.2473
1773011700000,2026-03-08,23:15:00,5101.545,5106.605,5097.655,5098.325,0.1546
1773012000000,2026-03-08,23:20:00,5097.945,5105.455,5095.355,5099.595,0.146
1773012300000,2026-03-08,23:25:00,5099.635,5104.695,5095.285,5104.535,0.1588
1773012600000,2026-03-08,23:30:00,5104.275,5105.025,5094.435,5094.745,0.1118
1773012900000,2026-03-08,23:35:00,5094.795,5094.815,5065.275,5068.375,0.243
1773013200000,2026-03-08,23:40:00,5071.325,5072.455,5043.468,5072.215,0.3076
1773013500000,2026-03-08,23:45:00,5072.415,5076.745,5053.725,5065.225,0.2928
1773013800000,2026-03-08,23:50:00,5065.245,5073.535,5059.065,5064.895,0.2447
1773014100000,2026-03-08,23:55:00,5064.895,5079.385,5061.835,5075.675,0.2203
1773014400000,2026-03-09,00:00:00,5075.295,5079.518,5058.625,5065.715,0.2983
1773014700000,2026-03-09,00:05:00,5065.735,5065.965,5049.265,5052.505,0.2092
1773015000000,2026-03-09,00:10:00,5052.665,5054.675,5028.195,5035.825,0.2785
1773015300000,2026-03-09,00:15:00,5035.855,5043.435,5032.465,5036.395,0.278
1773015600000,2026-03-09,00:20:00,5036.425,5052.765,5033.265,5047.065,0.2493
1773015900000,2026-03-09,00:25:00,5047.225,5048.005,5040.455,5045.845,0.2
1773016200000,2026-03-09,00:30:00,5045.155,5058.265,5043.705,5050.605,0.21
1773016500000,2026-03-09,00:35:00,5050.805,5060.015,5050.425,5055.945,0.1781
1773016800000,2026-03-09,00:40:00,5055.975,5056.135,5047.755,5052.205,0.2048
1773017100000,2026-03-09,00:45:00,5052.245,5057.515,5033.375,5042.995,0.2896
1773017400000,2026-03-09,00:50:00,5042.835,5045.645,5037.385,5042.905,0.2495
1773017700000,2026-03-09,00:55:00,5043.71,5050.155,5038.975,5049.735,0.1937
1773018000000,2026-03-09,01:00:00,5049.455,5049.465,5014.655,5033.745,0.4195
1773018300000,2026-03-09,01:05:00,5033.775,5059.645,5030.965,5051.545,0.3754
1773018600000,2026-03-09,01:10:00,5051.545,5074.135,5047.065,5071.935,0.3489
1773018900000,2026-03-09,01:15:00,5071.915,5085.535,5069.595,5078.675,0.2926
1773019200000,2026-03-09,01:20:00,5079.415,5087.345,5074.935,5084.195,0.2626
1773019500000,2026-03-09,01:25:00,5084.215,5085.005,5069.658,5071.475,0.208
1773019800000,2026-03-09,01:30:00,5071.495,5085.815,5071.225,5080.585,0.2131
1773020100000,2026-03-09,01:35:00,5080.355,5081.965,5072.135,5073.075,0.1797
1773020400000,2026-03-09,01:40:00,5073.045,5081.505,5071.265,5079.218,0.2044
1773020700000,2026-03-09,01:45:00,5079.245,5082.155,5071.865,5081.075,0.1979
1773021000000,2026-03-09,01:50:00,5081.155,5082.205,5064.725,5073.905,0.2125
1773021300000,2026-03-09,01:55:00,5073.935,5076.635,5069.625,5069.885,0.2295
1773021600000,2026-03-09,02:00:00,5069.915,5070.455,5055.125,5063.905,0.2119
1773021900000,2026-03-09,02:05:00,5063.965,5081.855,5062.865,5080.225,0.2287
1773022200000,2026-03-09,02:10:00,5080.255,5095.325,5080.255,5094.105,0.2462
1773022500000,2026-03-09,02:15:00,5094.125,5094.295,5077.378,5078.465,0.1795
1773022800000,2026-03-09,02:20:00,5078.535,5080.755,5072.705,5079.035,0.1606
1773023100000,2026-03-09,02:25:00,5079.055,5079.465,5073.885,5077.395,0.1633
1773023400000,2026-03-09,02:30:00,5077.375,5088.565,5076.145,5081.345,0.2838
1773023700000,2026-03-09,02:35:00,5081.295,5091.235,5080.445,5090.715,0.2492
1773024000000,2026-03-09,02:40:00,5090.735,5093.975,5085.295,5092.525,0.1758
1773024300000,2026-03-09,02:45:00,5092.505,5094.695,5088.445,5092.125,0.1825
1773024600000,2026-03-09,02:50:00,5092.085,5093.575,5085.445,5092.305,0.1438
1773024900000,2026-03-09,02:55:00,5092.535,5098.915,5090.875,5094.355,0.171
1773025200000,2026-03-09,03:00:00,5094.375,5099.465,5090.545,5091.965,0.1587
1773025500000,2026-03-09,03:05:00,5091.935,5094.595,5088.445,5090.085,0.1268
1773025800000,2026-03-09,03:10:00,5090.055,5091.925,5083.985,5086.865,0.155
1773026100000,2026-03-09,03:15:00,5086.885,5096.005,5085.805,5093.505,0.1571
1773026400000,2026-03-09,03:20:00,5093.495,5097.825,5091.885,5092.605,0.118
1773026700000,2026-03-09,03:25:00,5092.615,5102.145,5083.615,5083.615,0.1598
1773027000000,2026-03-09,03:30:00,5083.675,5092.225,5083.675,5090.545,0.1266
1773027300000,2026-03-09,03:35:00,5090.545,5093.945,5083.875,5085.305,0.0944
1773027600000,2026-03-09,03:40:00,5085.355,5087.705,5081.385,5086.815,0.0827
1773027900000,2026-03-09,03:45:00,5086.775,5093.085,5086.635,5091.925,0.0655
1773028200000,2026-03-09,03:50:00,5091.905,5093.155,5090.155,5091.085,0.0554
1773028500000,2026-03-09,03:55:00,5091.055,5092.685,5089.555,5091.115,0.0442
1773028800000,2026-03-09,04:00:00,5091.145,5091.285,5086.985,5089.345,0.0628
1773029100000,2026-03-09,04:05:00,5089.375,5096.985,5086.695,5093.245,0.0696
1773029400000,2026-03-09,04:10:00,5093.225,5095.425,5090.425,5090.665,0.0809
1773029700000,2026-03-09,04:15:00,5090.685,5092.945,5089.115,5090.985,0.069
1773030000000,2026-03-09,04:20:00,5090.935,5093.085,5089.125,5089.715,0.0642
1773030300000,2026-03-09,04:25:00,5089.775,5094.425,5088.045,5089.115,0.0659
1773030600000,2026-03-09,04:30:00,5089.205,5092.625,5087.115,5092.315,0.0764
1773030900000,2026-03-09,04:35:00,5092.295,5092.725,5089.615,5090.495,0.0612
1773031200000,2026-03-09,04:40:00,5090.455,5091.275,5087.745,5090.185,0.0561
1773031500000,2026-03-09,04:45:00,5090.275,5090.275,5085.225,5089.385,0.0632
1773031800000,2026-03-09,04:50:00,5089.325,5090.215,5085.115,5085.235,0.0591
1773032100000,2026-03-09,04:55:00,5085.265,5091.125,5085.265,5090.005,0.0706
1773032400000,2026-03-09,05:00:00,5090.125,5095.685,5080.765,5094.445,0.126
1773032700000,2026-03-09,05:05:00,5094.425,5102.005,5092.615,5095.555,0.1285
1773033000000,2026-03-09,05:10:00,5095.575,5099.198,5093.685,5096.185,0.0972
1773033300000,2026-03-09,05:15:00,5096.165,5097.378,5087.045,5088.275,0.1885
1773033600000,2026-03-09,05:20:00,5088.235,5104.545,5087.485,5094.555,0.2291
1773033900000,2026-03-09,05:25:00,5094.555,5099.405,5092.375,5095.215,0.2335
1773034200000,2026-03-09,05:30:00,5095.065,5108.205,5091.545,5106.035,0.2585
1773034500000,2026-03-09,05:35:00,5106.015,5112.955,5104.425,5105.585,0.2013
1773034800000,2026-03-09,05:40:00,5105.585,5121.025,5105.285,5120.605,0.2082
1773035100000,2026-03-09,05:45:00,5120.555,5140.365,5118.995,5136.405,0.2522
1773035400000,2026-03-09,05:50:00,5136.405,5140.295,5125.715,5125.885,0.2411
1773035700000,2026-03-09,05:55:00,5125.865,5126.915,5119.125,5124.025,0.2133
1773036000000,2026-03-09,06:00:00,5123.995,5130.135,5118.895,5123.245,0.1994
1773036300000,2026-03-09,06:05:00,5123.355,5133.165,5122.275,5129.445,0.2092
1773036600000,2026-03-09,06:10:00,5129.415,5133.745,5126.245,5127.495,0.1917
1773036900000,2026-03-09,06:15:00,5127.705,5131.115,5126.375,5127.278,0.191
1773037200000,2026-03-09,06:20:00,5127.695,5129.645,5124.225,5126.025,0.15
1773037500000,2026-03-09,06:25:00,5126.005,5128.925,5122.805,5126.005,0.1552
1773037800000,2026-03-09,06:30:00,5126.575,5129.575,5123.605,5124.118,0.1677
1773038100000,2026-03-09,06:35:00,5124.005,5125.045,5114.135,5117.485,0.1749
1773038400000,2026-03-09,06:40:00,5117.905,5118.555,5104.525,5106.535,0.1914
1773038700000,2026-03-09,06:45:00,5106.475,5111.105,5101.118,5105.685,0.1637
1773039000000,2026-03-09,06:50:00,5105.725,5108.095,5096.785,5100.085,0.1547
1773039300000,2026-03-09,06:55:00,5100.055,5104.295,5096.985,5097.385,0.1223
1773039600000,2026-03-09,07:00:00,5097.415,5098.355,5088.095,5093.755,0.1993
1773039900000,2026-03-09,07:05:00,5093.775,5098.265,5088.965,5097.625,0.1531
1773040200000,2026-03-09,07:10:00,5097.758,5101.905,5095.815,5096.725,0.1154
1773040500000,2026-03-09,07:15:00,5096.755,5101.415,5095.055,5098.105,0.127
1773040800000,2026-03-09,07:20:00,5098.225,5105.735,5096.665,5104.805,0.1069
1773041100000,2026-03-09,07:25:00,5104.825,5106.805,5100.845,5106.465,0.1043
1773041400000,2026-03-09,07:30:00,5106.495,5107.685,5099.615,5102.275,0.1321
1773041700000,2026-03-09,07:35:00,5102.225,5105.455,5100.745,5103.505,0.1183
1773042000000,2026-03-09,07:40:00,5103.545,5107.315,5100.845,5100.865,0.1176
1773042300000,2026-03-09,07:45:00,5100.835,5101.245,5093.435,5096.915,0.1417
1773042600000,2026-03-09,07:50:00,5096.885,5100.188,5093.955,5096.455,0.1004
1773042900000,2026-03-09,07:55:00,5096.455,5100.795,5094.335,5098.705,0.0856
1773043200000,2026-03-09,08:00:00,5098.685,5110.715,5098.685,5109.235,0.1899
1773043500000,2026-03-09,08:05:00,5109.405,5109.635,5099.335,5102.435,0.1652
1773043800000,2026-03-09,08:10:00,5102.905,5104.545,5098.985,5099.715,0.1462
1773044100000,2026-03-09,08:15:00,5099.695,5106.325,5094.635,5100.635,0.1758
1773044400000,2026-03-09,08:20:00,5100.665,5100.865,5094.928,5097.985,0.133
1773044700000,2026-03-09,08:25:00,5098.005,5099.775,5090.585,5091.375,0.1191
1773045000000,2026-03-09,08:30:00,5091.305,5096.195,5086.845,5095.555,0.1595
1773045300000,2026-03-09,08:35:00,5095.525,5096.465,5091.115,5094.315,0.1292
1773045600000,2026-03-09,08:40:00,5094.355,5095.855,5088.825,5089.925,0.1369
1773045900000,2026-03-09,08:45:00,5089.865,5100.665,5086.975,5100.665,0.1276
1773046200000,2026-03-09,08:50:00,5100.645,5102.355,5095.285,5096.085,0.1182
1773046500000,2026-03-09,08:55:00,5096.065,5099.805,5092.215,5096.375,0.1238
1773046800000,2026-03-09,09:00:00,5095.985,5104.305,5094.935,5096.285,0.1326
1773047100000,2026-03-09,09:05:00,5096.295,5111.575,5094.725,5109.065,0.1414
1773047400000,2026-03-09,09:10:00,5109.105,5116.585,5109.055,5112.475,0.1233
1773047700000,2026-03-09,09:15:00,5112.455,5119.115,5111.855,5117.058,0.1562
1773048000000,2026-03-09,09:20:00,5117.018,5122.535,5114.325,5118.105,0.1686
1773048300000,2026-03-09,09:25:00,5118.505,5126.685,5115.938,5125.005,0.1854
1773048600000,2026-03-09,09:30:00,5125.025,5132.235,5124.255,5128.128,0.2442
1773048900000,2026-03-09,09:35:00,5128.415,5130.638,5117.565,5117.955,0.3133
1773049200000,2026-03-09,09:40:00,5118.015,5119.565,5102.345,5102.445,0.1975
1773049500000,2026-03-09,09:45:00,5102.059,5105.665,5096.055,5100.645,0.1864
1773049800000,2026-03-09,09:50:00,5100.585,5107.255,5100.485,5104.955,0.1565
1773050100000,2026-03-09,09:55:00,5104.935,5105.765,5101.415,5104.965,0.1163
1773050400000,2026-03-09,10:00:00,5104.935,5108.185,5102.505,5106.595,0.1554
1773050700000,2026-03-09,10:05:00,5106.565,5109.375,5105.105,5108.295,0.1242
1773051000000,2026-03-09,10:10:00,5108.298,5110.855,5107.398,5108.885,0.1095
1773051300000,2026-03-09,10:15:00,5108.935,5110.065,5103.585,5103.835,0.1089
1773051600000,2026-03-09,10:20:00,5103.855,5105.695,5101.478,5102.035,0.1212
1773051900000,2026-03-09,10:25:00,5102.015,5105.445,5097.965,5099.435,0.0967
1773052200000,2026-03-09,10:30:00,5099.395,5099.395,5090.235,5092.975,0.162
1773052500000,2026-03-09,10:35:00,5092.945,5094.795,5088.815,5093.725,0.136
1773052800000,2026-03-09,10:40:00,5093.705,5100.035,5093.275,5095.555,0.1314
1773053100000,2026-03-09,10:45:00,5095.535,5096.295,5089.325,5090.925,0.1228
1773053400000,2026-03-09,10:50:00,5090.555,5096.145,5083.405,5096.145,0.1575
1773053700000,2026-03-09,10:55:00,5095.935,5096.385,5086.845,5086.975,0.1076
1773054000000,2026-03-09,11:00:00,5086.955,5096.675,5086.489,5095.895,0.1386
1773054300000,2026-03-09,11:05:00,5095.945,5097.065,5090.815,5092.735,0.114
1773054600000,2026-03-09,11:10:00,5092.455,5094.425,5090.075,5090.075,0.1068
1773054900000,2026-03-09,11:15:00,5089.995,5092.135,5085.905,5087.845,0.1106
1773055200000,2026-03-09,11:20:00,5087.805,5089.015,5079.525,5084.205,0.1374
1773055500000,2026-03-09,11:25:00,5084.165,5087.045,5079.235,5085.615,0.1245
1773055800000,2026-03-09,11:30:00,5085.665,5089.895,5081.855,5085.705,0.1308
1773056100000,2026-03-09,11:35:00,5085.855,5092.638,5084.795,5090.735,0.1396
1773056400000,2026-03-09,11:40:00,5090.735,5091.135,5083.485,5085.555,0.1522
1773056700000,2026-03-09,11:45:00,5085.535,5090.025,5084.275,5085.595,0.1104
1773057000000,2026-03-09,11:50:00,5085.175,5092.815,5083.815,5092.135,0.1233
1773057300000,2026-03-09,11:55:00,5092.135,5094.405,5087.525,5087.795,0.1464
1773057600000,2026-03-09,12:00:00,5087.935,5098.435,5087.229,5097.025,0.1702
1773057900000,2026-03-09,12:05:00,5096.995,5098.965,5093.995,5097.665,0.1356
1773058200000,2026-03-09,12:10:00,5097.675,5099.498,5093.975,5096.165,0.1205
1773058500000,2026-03-09,12:15:00,5096.195,5099.705,5094.275,5098.595,0.1194
1773058800000,2026-03-09,12:20:00,5098.555,5106.015,5097.845,5104.095,0.2911
1773059100000,2026-03-09,12:25:00,5104.135,5109.775,5102.135,5109.015,0.1208
1773059400000,2026-03-09,12:30:00,5109.115,5111.865,5108.165,5108.885,0.1506
1773059700000,2026-03-09,12:35:00,5108.925,5110.155,5106.915,5109.235,0.1038
1773060000000,2026-03-09,12:40:00,5109.298,5110.645,5103.485,5106.575,0.1151
1773060300000,2026-03-09,12:45:00,5106.665,5106.665,5099.985,5100.188,0.1655
1773060600000,2026-03-09,12:50:00,5099.975,5100.525,5094.295,5094.998,0.1813
1773060900000,2026-03-09,12:55:00,5095.125,5097.778,5093.078,5094.598,0.1655
1773061200000,2026-03-09,13:00:00,5094.615,5098.985,5088.915,5097.335,0.2674
1773061500000,2026-03-09,13:05:00,5097.365,5098.205,5087.558,5091.358,0.1996
1773061800000,2026-03-09,13:10:00,5091.478,5095.105,5089.678,5092.295,0.2304
1773062100000,2026-03-09,13:15:00,5092.275,5098.005,5090.435,5092.905,0.1814
1773062400000,2026-03-09,13:20:00,5092.705,5092.855,5084.245,5086.815,0.1871
1773062700000,2026-03-09,13:25:00,5086.855,5095.615,5086.615,5094.275,0.1769
1773063000000,2026-03-09,13:30:00,5094.245,5108.945,5091.425,5108.815,0.3528
1773063300000,2026-03-09,13:35:00,5108.675,5110.978,5095.935,5098.015,0.376
1773063600000,2026-03-09,13:40:00,5097.975,5098.425,5074.045,5075.805,0.3743
1773063900000,2026-03-09,13:45:00,5075.205,5084.425,5068.615,5081.475,0.3822
1773064200000,2026-03-09,13:50:00,5081.435,5082.365,5070.275,5074.055,0.3731
1773064500000,2026-03-09,13:55:00,5074.105,5081.075,5067.125,5073.885,0.3665
1773064800000,2026-03-09,14:00:00,5073.935,5088.125,5073.349,5085.865,0.3527
1773065100000,2026-03-09,14:05:00,5085.985,5088.075,5067.995,5074.255,0.372
1773065400000,2026-03-09,14:10:00,5074.185,5076.155,5060.139,5071.135,0.3514
1773065700000,2026-03-09,14:15:00,5071.115,5078.655,5064.525,5075.685,0.3274
1773066000000,2026-03-09,14:20:00,5075.755,5080.145,5070.555,5079.825,0.3313
1773066300000,2026-03-09,14:25:00,5079.865,5084.145,5076.745,5081.425,0.3552
1773066600000,2026-03-09,14:30:00,5081.355,5090.975,5079.765,5088.305,0.3246
1773066900000,2026-03-09,14:35:00,5088.295,5096.515,5086.715,5094.125,0.2854
1773067200000,2026-03-09,14:40:00,5094.245,5114.565,5093.845,5112.205,0.3242
1773067500000,2026-03-09,14:45:00,5112.038,5115.795,5098.965,5099.155,0.3287
1773067800000,2026-03-09,14:50:00,5099.115,5103.675,5089.418,5092.078,0.3244
1773068100000,2026-03-09,14:55:00,5092.078,5095.955,5085.185,5093.665,0.3167
1773068400000,2026-03-09,15:00:00,5093.665,5094.311,5083.915,5086.655,0.2694
1773068700000,2026-03-09,15:05:00,5086.625,5088.295,5079.175,5081.235,0.2656
1773069000000,2026-03-09,15:10:00,5081.285,5091.705,5079.415,5091.385,0.2515
1773069300000,2026-03-09,15:15:00,5091.415,5093.995,5081.698,5083.835,0.2365
1773069600000,2026-03-09,15:20:00,5083.805,5097.595,5082.825,5097.395,0.2267
1773069900000,2026-03-09,15:25:00,5097.975,5099.905,5095.538,5099.225,0.2985
1773070200000,2026-03-09,15:30:00,5099.245,5102.295,5096.135,5098.765,0.3746
1773070500000,2026-03-09,15:35:00,5098.805,5100.245,5092.898,5093.985,0.2657
1773070800000,2026-03-09,15:40:00,5093.945,5098.815,5092.685,5094.825,0.2108
1773071100000,2026-03-09,15:45:00,5094.965,5097.955,5094.055,5095.608,0.2147
1773071400000,2026-03-09,15:50:00,5095.748,5102.605,5095.548,5099.895,0.1809
1773071700000,2026-03-09,15:55:00,5099.935,5103.135,5099.268,5099.268,0.1692
1773072000000,2026-03-09,16:00:00,5099.015,5106.665,5096.565,5106.215,0.2071
1773072300000,2026-03-09,16:05:00,5106.175,5107.425,5102.245,5105.835,0.2047
1773072600000,2026-03-09,16:10:00,5105.855,5109.125,5102.845,5103.105,0.1525
1773072900000,2026-03-09,16:15:00,5103.455,5104.005,5095.358,5095.715,0.1883
1773073200000,2026-03-09,16:20:00,5095.735,5098.325,5094.505,5098.108,0.203
1773073500000,2026-03-09,16:25:00,5098.108,5105.095,5098.015,5103.505,0.2111
1773073800000,2026-03-09,16:30:00,5103.545,5108.845,5103.545,5104.125,0.2103
1773074100000,2026-03-09,16:35:00,5104.008,5106.538,5102.365,5106.378,0.2219
1773074400000,2026-03-09,16:40:00,5106.378,5110.428,5105.738,5106.988,0.203
1773074700000,2026-03-09,16:45:00,5106.988,5108.408,5104.275,5105.035,0.1678
1773075000000,2026-03-09,16:50:00,5105.035,5107.795,5103.518,5104.715,0.1805
1773075300000,2026-03-09,16:55:00,5104.698,5106.485,5102.808,5104.368,0.1741
1773075600000,2026-03-09,17:00:00,5104.368,5106.535,5102.515,5104.405,0.1942
1773075900000,2026-03-09,17:05:00,5104.428,5104.488,5099.578,5102.325,0.173
1773076200000,2026-03-09,17:10:00,5102.285,5103.355,5097.865,5099.548,0.1841
1773076500000,2026-03-09,17:15:00,5099.548,5101.938,5097.115,5097.225,0.2186
1773076800000,2026-03-09,17:20:00,5097.185,5097.945,5090.735,5093.305,0.2631
1773077100000,2026-03-09,17:25:00,5093.285,5097.155,5091.598,5094.715,0.4112
1773077400000,2026-03-09,17:30:00,5094.855,5097.648,5088.978,5093.485,0.4248
1773077700000,2026-03-09,17:35:00,5093.515,5096.335,5092.565,5093.235,0.3093
1773078000000,2026-03-09,17:40:00,5093.098,5093.585,5088.685,5090.515,0.336
1773078300000,2026-03-09,17:45:00,5090.515,5096.218,5090.415,5093.135,0.2409
1773078600000,2026-03-09,17:50:00,5093.135,5099.025,5091.775,5098.605,0.2048
1773078900000,2026-03-09,17:55:00,5098.635,5099.435,5095.448,5095.748,0.2097
1773079200000,2026-03-09,18:00:00,5095.835,5097.815,5092.545,5092.645,0.225
1773079500000,2026-03-09,18:05:00,5092.665,5095.405,5092.248,5092.835,0.2574
1773079800000,2026-03-09,18:10:00,5092.815,5097.535,5092.135,5097.445,0.1698
1773080100000,2026-03-09,18:15:00,5097.535,5103.575,5096.475,5103.355,0.1516
1773080400000,2026-03-09,18:20:00,5103.565,5106.605,5101.698,5105.665,0.17
1773080700000,2026-03-09,18:25:00,5105.705,5106.835,5104.135,5104.915,0.1786
1773081000000,2026-03-09,18:30:00,5104.965,5109.698,5104.038,5109.528,0.2317
1773081300000,2026-03-09,18:35:00,5109.538,5116.888,5109.055,5114.308,0.3558
1773081600000,2026-03-09,18:40:00,5114.388,5119.758,5114.095,5117.698,0.2696
1773081900000,2026-03-09,18:45:00,5117.795,5118.275,5115.155,5115.925,0.1325
1773082200000,2026-03-09,18:50:00,5115.775,5125.095,5115.555,5124.298,0.2709
1773082500000,2026-03-09,18:55:00,5124.298,5126.098,5121.938,5122.915,0.1677
1773082800000,2026-03-09,19:00:00,5122.945,5130.325,5122.675,5126.075,0.1646
1773083100000,2026-03-09,19:05:00,5126.098,5126.505,5118.165,5121.205,0.1404
1773083400000,2026-03-09,19:10:00,5121.235,5124.515,5120.925,5122.565,0.1136
1773083700000,2026-03-09,19:15:00,5122.545,5133.985,5118.078,5133.985,0.1877
1773084000000,2026-03-09,19:20:00,5133.885,5143.385,5133.635,5139.175,0.3423
1773084300000,2026-03-09,19:25:00,5139.555,5141.085,5135.885,5139.555,0.2776
1773084600000,2026-03-09,19:30:00,5139.625,5139.625,5128.825,5130.835,0.2559
1773084900000,2026-03-09,19:35:00,5130.815,5133.155,5124.695,5129.675,0.2651
1773085200000,2026-03-09,19:40:00,5129.668,5137.325,5128.535,5135.025,0.3164
1773085500000,2026-03-09,19:45:00,5134.915,5136.315,5128.705,5133.608,0.2754
1773085800000,2026-03-09,19:50:00,5133.618,5136.965,5131.855,5136.355,0.2253
1773086100000,2026-03-09,19:55:00,5136.355,5143.898,5133.545,5140.785,0.2511
1773086400000,2026-03-09,20:00:00,5140.765,5145.575,5138.045,5139.525,0.1263
1773086700000,2026-03-09,20:05:00,5139.485,5147.905,5139.325,5141.915,0.0979
1773087000000,2026-03-09,20:10:00,5141.935,5143.185,5137.585,5139.545,0.0809
1773087300000,2026-03-09,20:15:00,5139.515,5140.125,5137.395,5139.275,0.057
1773087600000,2026-03-09,20:20:00,5139.435,5139.715,5136.405,5136.925,0.0625
1773087900000,2026-03-09,20:25:00,5136.855,5139.475,5134.095,5139.085,0.0543
1773088200000,2026-03-09,20:30:00,5139.065,5139.065,5135.875,5136.815,0.0546
1773088500000,2026-03-09,20:35:00,5136.935,5138.618,5135.768,5137.335,0.0615
1773088800000,2026-03-09,20:40:00,5137.365,5139.518,5134.845,5139.035,0.0611
1773089100000,2026-03-09,20:45:00,5139.005,5140.465,5136.885,5138.335,0.0912
1773089400000,2026-03-09,20:50:00,5138.295,5140.075,5134.475,5134.855,0.0787
1773089700000,2026-03-09,20:55:00,5135.075,5139.045,5133.955,5138.935,0.0684
1773093600000,2026-03-09,22:00:00,5138.475,5149.615,5118.925,5127.775,0.1334
1773093900000,2026-03-09,22:05:00,5127.775,5134.635,5123.515,5131.295,0.1238
1773094200000,2026-03-09,22:10:00,5131.265,5136.475,5127.705,5132.045,0.1149
1773094500000,2026-03-09,22:15:00,5132.058,5135.635,5125.985,5127.575,0.3082
1773094800000,2026-03-09,22:20:00,5127.505,5129.025,5117.065,5124.035,0.2024
1773095100000,2026-03-09,22:25:00,5124.065,5133.155,5122.095,5131.785,0.0932
1773095400000,2026-03-09,22:30:00,5131.805,5135.415,5127.845,5129.105,0.0954
1773095700000,2026-03-09,22:35:00,5129.135,5133.135,5128.085,5128.555,0.064
1773096000000,2026-03-09,22:40:00,5128.525,5139.465,5128.295,5135.985,0.0744
1773096300000,2026-03-09,22:45:00,5135.855,5143.065,5135.735,5141.735,0.0964
1773096600000,2026-03-09,22:50:00,5141.705,5146.145,5141.015,5145.155,0.085
1773096900000,2026-03-09,22:55:00,5145.175,5152.598,5142.855,5152.498,0.1254
1773097200000,2026-03-09,23:00:00,5152.498,5154.148,5138.798,5141.838,0.3606
1773097500000,2026-03-09,23:05:00,5141.828,5145.148,5137.498,5144.798,0.17
1773097800000,2026-03-09,23:10:00,5144.998,5149.855,5144.695,5145.915,0.0891
1773098100000,2026-03-09,23:15:00,5145.895,5155.825,5144.505,5154.295,0.0917
1773098400000,2026-03-09,23:20:00,5154.325,5155.515,5144.985,5145.915,0.0827
1773098700000,2026-03-09,23:25:00,5145.935,5149.825,5142.198,5144.625,0.069
1773099000000,2026-03-09,23:30:00,5144.545,5146.675,5141.255,5142.815,0.0551
1773099300000,2026-03-09,23:35:00,5142.845,5148.295,5141.255,5147.915,0.0607
1773099600000,2026-03-09,23:40:00,5147.885,5149.425,5135.125,5137.045,0.0799
1773099900000,2026-03-09,23:45:00,5137.055,5141.715,5136.735,5141.435,0.0726
1773100200000,2026-03-09,23:50:00,5141.395,5143.085,5137.475,5141.375,0.056
1773100500000,2026-03-09,23:55:00,5141.345,5142.855,5138.095,5139.475,0.0455
1773100800000,2026-03-10,00:00:00,5139.305,5141.015,5130.475,5133.935,0.1326
1773101100000,2026-03-10,00:05:00,5133.915,5139.995,5132.995,5138.945,0.0715
1773101400000,2026-03-10,00:10:00,5138.725,5140.955,5136.305,5136.495,0.0689
1773101700000,2026-03-10,00:15:00,5136.465,5137.365,5132.015,5132.935,0.0896
1773102000000,2026-03-10,00:20:00,5132.875,5137.565,5128.855,5130.725,0.0888
1773102300000,2026-03-10,00:25:00,5130.675,5133.585,5128.705,5130.245,0.0836
1773102600000,2026-03-10,00:30:00,5130.225,5132.625,5124.535,5128.615,0.1108
1773102900000,2026-03-10,00:35:00,5129.855,5137.003,5127.975,5132.765,0.1114
1773103200000,2026-03-10,00:40:00,5132.795,5137.615,5132.525,5137.255,0.0739
1773103500000,2026-03-10,00:45:00,5137.285,5138.975,5130.745,5130.745,0.1013
1773103800000,2026-03-10,00:50:00,5130.765,5133.055,5130.085,5130.425,0.0878
1773104100000,2026-03-10,00:55:00,5130.355,5134.175,5127.745,5130.805,0.121
1773104400000,2026-03-10,01:00:00,5130.825,5145.915,5124.465,5144.945,0.2518
1773104700000,2026-03-10,01:05:00,5144.975,5153.195,5139.315,5143.565,0.2053
1773105000000,2026-03-10,01:10:00,5143.545,5148.715,5139.085,5143.275,0.1698
1773105300000,2026-03-10,01:15:00,5143.245,5150.845,5141.885,5150.275,0.1786
1773105600000,2026-03-10,01:20:00,5150.315,5161.545,5149.665,5158.675,0.2516
1773105900000,2026-03-10,01:25:00,5158.645,5167.645,5156.575,5157.755,0.2174
1773106200000,2026-03-10,01:30:00,5157.725,5163.505,5152.555,5163.225,0.1979
1773106500000,2026-03-10,01:35:00,5162.945,5166.825,5159.785,5161.065,0.1667
1773106800000,2026-03-10,01:40:00,5160.925,5168.655,5160.415,5165.805,0.1517
1773107100000,2026-03-10,01:45:00,5165.855,5171.055,5164.065,5170.555,0.1588
1773107400000,2026-03-10,01:50:00,5170.525,5174.965,5165.265,5173.905,0.1595
1773107700000,2026-03-10,01:55:00,5173.885,5186.075,5173.185,5183.965,0.1672
1773108000000,2026-03-10,02:00:00,5183.905,5186.578,5176.175,5176.345,0.1951
1773108300000,2026-03-10,02:05:00,5176.508,5177.415,5170.165,5173.905,0.1583
1773108600000,2026-03-10,02:10:00,5174.005,5175.205,5170.605,5175.165,0.1403
1773108900000,2026-03-10,02:15:00,5175.195,5179.785,5172.145,5177.695,0.0959
1773109200000,2026-03-10,02:20:00,5177.665,5179.185,5175.855,5176.645,0.0749
1773109500000,2026-03-10,02:25:00,5176.595,5180.678,5174.665,5179.445,0.1433
1773109800000,2026-03-10,02:30:00,5179.415,5183.285,5177.648,5178.278,0.4035
1773110100000,2026-03-10,02:35:00,5178.305,5180.125,5175.418,5178.845,0.1672
1773110400000,2026-03-10,02:40:00,5179.078,5184.355,5177.735,5181.935,0.1925
1773110700000,2026-03-10,02:45:00,5181.915,5185.505,5178.165,5178.808,0.1512
1773111000000,2026-03-10,02:50:00,5178.808,5179.268,5171.815,5174.335,0.1721
1773111300000,2026-03-10,02:55:00,5174.415,5174.575,5163.505,5165.665,0.216
1773111600000,2026-03-10,03:00:00,5165.545,5172.805,5164.935,5169.385,0.1347
1773111900000,2026-03-10,03:05:00,5169.385,5173.225,5167.725,5169.935,0.1534
1773112200000,2026-03-10,03:10:00,5169.915,5172.445,5164.925,5166.315,0.1339
1773112500000,2026-03-10,03:15:00,5166.315,5170.395,5164.235,5165.415,0.1725
1773112800000,2026-03-10,03:20:00,5165.465,5170.015,5164.985,5166.875,0.1272
1773113100000,2026-03-10,03:25:00,5166.875,5168.775,5161.245,5166.505,0.1494
1773113400000,2026-03-10,03:30:00,5166.415,5167.725,5162.155,5163.505,0.1154
1773113700000,2026-03-10,03:35:00,5163.475,5164.975,5159.815,5162.685,0.0978
1773114000000,2026-03-10,03:40:00,5162.635,5162.965,5160.625,5162.375,0.0971
1773114300000,2026-03-10,03:45:00,5162.415,5162.715,5156.295,5158.585,0.1148
1773114600000,2026-03-10,03:50:00,5158.615,5159.495,5155.348,5158.845,0.0969
1773114900000,2026-03-10,03:55:00,5158.885,5160.415,5156.625,5157.375,0.0767
1773115200000,2026-03-10,04:00:00,5157.238,5159.225,5154.248,5155.295,0.1328
1773115500000,2026-03-10,04:05:00,5155.275,5158.975,5154.125,5157.435,0.0601
1773115800000,2026-03-10,04:10:00,5157.315,5164.955,5156.025,5164.025,0.0948
1773116100000,2026-03-10,04:15:00,5164.005,5165.765,5160.835,5162.975,0.1179
1773116400000,2026-03-10,04:20:00,5162.945,5166.385,5161.848,5162.065,0.0478
1773116700000,2026-03-10,04:25:00,5162.105,5163.615,5160.948,5162.245,0.0509
1773117000000,2026-03-10,04:30:00,5162.215,5163.695,5161.075,5163.575,0.0492
1773117300000,2026-03-10,04:35:00,5163.685,5165.355,5162.745,5163.875,0.0471
1773117600000,2026-03-10,04:40:00,5163.845,5164.185,5161.225,5161.785,0.0396
1773117900000,2026-03-10,04:45:00,5161.825,5164.175,5161.275,5164.175,0.0698
1773118200000,2026-03-10,04:50:00,5164.275,5165.215,5162.715,5163.665,0.0685
1773118500000,2026-03-10,04:55:00,5163.615,5163.915,5163.098,5163.735,0.055
1773118800000,2026-03-10,05:00:00,5163.755,5170.085,5163.525,5168.305,0.1064
1773119100000,2026-03-10,05:05:00,5168.285,5170.715,5167.218,5167.345,0.0949
1773119400000,2026-03-10,05:10:00,5167.218,5173.205,5166.195,5172.815,0.0962
1773119700000,2026-03-10,05:15:00,5172.795,5174.315,5169.525,5170.095,0.1127
1773120000000,2026-03-10,05:20:00,5169.995,5170.975,5168.825,5168.955,0.0423
1773120300000,2026-03-10,05:25:00,5168.885,5171.565,5168.765,5171.525,0.0625
1773120600000,2026-03-10,05:30:00,5171.505,5174.125,5166.945,5168.145,0.1577
1773120900000,2026-03-10,05:35:00,5168.635,5169.835,5167.175,5168.995,0.0919
1773121200000,2026-03-10,05:40:00,5168.995,5171.655,5168.255,5168.465,0.1006
1773121500000,2026-03-10,05:45:00,5168.405,5173.735,5166.585,5173.025,0.0742
1773121800000,2026-03-10,05:50:00,5172.765,5176.275,5172.765,5175.455,0.092
1773122100000,2026-03-10,05:55:00,5175.455,5179.125,5174.585,5177.735,0.121
1773122400000,2026-03-10,06:00:00,5177.755,5180.615,5176.075,5177.515,0.0961
1773122700000,2026-03-10,06:05:00,5177.565,5178.335,5173.875,5175.475,0.0957
1773123000000,2026-03-10,06:10:00,5175.455,5180.795,5174.455,5179.225,0.1023
1773123300000,2026-03-10,06:15:00,5179.125,5179.125,5176.035,5176.995,0.0635
1773123600000,2026-03-10,06:20:00,5176.945,5177.398,5174.485,5177.065,0.0913
1773123900000,2026-03-10,06:25:00,5177.045,5177.375,5171.495,5175.965,0.1239
1773124200000,2026-03-10,06:30:00,5175.965,5178.885,5173.998,5175.465,0.0885
1773124500000,2026-03-10,06:35:00,5175.445,5178.215,5173.215,5178.215,0.0969
1773124800000,2026-03-10,06:40:00,5178.135,5178.545,5173.885,5175.495,0.0898
1773125100000,2026-03-10,06:45:00,5175.465,5177.115,5173.875,5175.695,0.0931
1773125400000,2026-03-10,06:50:00,5175.745,5176.825,5174.915,5176.055,0.0749
1773125700000,2026-03-10,06:55:00,5176.095,5176.455,5173.035,5175.025,0.1171
1773126000000,2026-03-10,07:00:00,5175.035,5177.985,5170.555,5177.205,0.135
1773126300000,2026-03-10,07:05:00,5177.225,5178.815,5171.185,5172.545,0.1024
1773126600000,2026-03-10,07:10:00,5172.575,5176.635,5171.635,5174.565,0.0889
1773126900000,2026-03-10,07:15:00,5174.555,5177.375,5168.075,5168.538,0.1709
1773127200000,2026-03-10,07:20:00,5168.538,5168.778,5158.248,5159.368,0.4814
1773127500000,2026-03-10,07:25:00,5159.388,5169.485,5159.388,5169.255,0.2985
1773127800000,2026-03-10,07:30:00,5169.295,5169.975,5165.345,5167.495,0.1369
1773128100000,2026-03-10,07:35:00,5167.925,5173.835,5167.785,5172.705,0.0948
1773128400000,2026-03-10,07:40:00,5172.735,5178.125,5172.565,5175.915,0.101
1773128700000,2026-03-10,07:45:00,5175.965,5178.935,5174.845,5178.335,0.0996
1773129000000,2026-03-10,07:50:00,5178.355,5179.505,5175.655,5177.695,0.11
1773129300000,2026-03-10,07:55:00,5177.695,5181.306,5177.445,5180.855,0.1395
1773129600000,2026-03-10,08:00:00,5180.815,5185.165,5177.335,5177.335,0.1647
1773129900000,2026-03-10,08:05:00,5177.275,5182.255,5174.718,5182.175,0.1236
1773130200000,2026-03-10,08:10:00,5182.195,5184.025,5179.415,5179.475,0.1242
1773130500000,2026-03-10,08:15:00,5179.455,5180.625,5177.485,5179.615,0.094
1773130800000,2026-03-10,08:20:00,5179.565,5180.775,5175.135,5178.495,0.1066
1773131100000,2026-03-10,08:25:00,5178.475,5184.045,5178.035,5183.995,0.1023
1773131400000,2026-03-10,08:30:00,5183.935,5188.925,5183.055,5184.705,0.1201
1773131700000,2026-03-10,08:35:00,5184.755,5190.345,5182.695,5190.345,0.1175
1773132000000,2026-03-10,08:40:00,5190.285,5193.885,5188.578,5189.575,0.1371
1773132300000,2026-03-10,08:45:00,5189.755,5194.945,5189.175,5194.235,0.1222
1773132600000,2026-03-10,08:50:00,5194.325,5194.785,5187.288,5188.495,0.1603
1773132900000,2026-03-10,08:55:00,5188.545,5189.275,5182.465,5183.075,0.1414
1773133200000,2026-03-10,09:00:00,5183.075,5186.255,5180.265,5185.595,0.1701
1773133500000,2026-03-10,09:05:00,5185.655,5187.425,5183.775,5183.775,0.073
1773133800000,2026-03-10,09:10:00,5183.835,5189.225,5183.785,5187.725,0.0705
1773134100000,2026-03-10,09:15:00,5187.845,5189.105,5181.405,5181.585,0.0895
1773134400000,2026-03-10,09:20:00,5181.555,5184.625,5180.565,5183.785,0.0846
1773134700000,2026-03-10,09:25:00,5183.845,5187.415,5182.445,5186.595,0.0812
1773135000000,2026-03-10,09:30:00,5186.675,5188.015,5183.545,5185.975,0.1002
1773135300000,2026-03-10,09:35:00,5186.025,5186.135,5181.658,5183.465,0.0819
1773135600000,2026-03-10,09:40:00,5183.405,5187.405,5182.425,5187.305,0.0757
1773135900000,2026-03-10,09:45:00,5187.395,5188.915,5184.535,5184.935,0.0776
1773136200000,2026-03-10,09:50:00,5185.085,5186.215,5182.945,5184.275,0.0722
1773136500000,2026-03-10,09:55:00,5184.355,5186.395,5182.265,5182.335,0.07
1773136800000,2026-03-10,10:00:00,5182.275,5182.725,5177.215,5177.978,0.0941
1773137100000,2026-03-10,10:05:00,5177.978,5182.365,5175.655,5182.045,0.1146
1773137400000,2026-03-10,10:10:00,5182.025,5183.835,5177.545,5181.145,0.1027
1773137700000,2026-03-10,10:15:00,5181.125,5181.785,5174.405,5178.005,0.1235
1773138000000,2026-03-10,10:20:00,5177.985,5181.885,5177.955,5179.435,0.0895
1773138300000,2026-03-10,10:25:00,5179.395,5179.765,5172.775,5173.545,0.111
1773138600000,2026-03-10,10:30:00,5173.495,5176.375,5165.585,5169.685,0.1495
1773138900000,2026-03-10,10:35:00,5169.705,5170.065,5156.175,5157.445,0.1707
1773139200000,2026-03-10,10:40:00,5157.425,5169.155,5156.415,5168.865,0.1623
1773139500000,2026-03-10,10:45:00,5168.835,5172.455,5168.815,5172.265,0.1141
1773139800000,2026-03-10,10:50:00,5172.215,5177.145,5171.245,5172.865,0.1029
1773140100000,2026-03-10,10:55:00,5172.895,5178.095,5172.095,5177.045,0.105
1773140400000,2026-03-10,11:00:00,5177.065,5184.058,5176.355,5181.355,0.1285
1773140700000,2026-03-10,11:05:00,5181.315,5190.395,5181.105,5190.375,0.1744
1773141000000,2026-03-10,11:10:00,5190.345,5191.725,5186.565,5186.908,0.1325
1773141300000,2026-03-10,11:15:00,5186.908,5187.205,5180.515,5184.405,0.1331
1773141600000,2026-03-10,11:20:00,5184.375,5189.475,5182.395,5184.145,0.1637
1773141900000,2026-03-10,11:25:00,5184.185,5186.145,5179.418,5182.725,0.1261
1773142200000,2026-03-10,11:30:00,5182.858,5183.805,5176.445,5180.255,0.1061
1773142500000,2026-03-10,11:35:00,5180.235,5184.955,5179.245,5181.225,0.1031
1773142800000,2026-03-10,11:40:00,5180.725,5180.905,5173.518,5174.075,0.1217
1773143100000,2026-03-10,11:45:00,5174.035,5174.415,5171.458,5172.225,0.1184
1773143400000,2026-03-10,11:50:00,5172.255,5179.295,5172.255,5177.405,0.0888
1773143700000,2026-03-10,11:55:00,5177.745,5178.475,5172.295,5174.975,0.097
1773144000000,2026-03-10,12:00:00,5175.005,5176.475,5167.195,5167.685,0.1436
1773144300000,2026-03-10,12:05:00,5167.665,5169.305,5162.225,5165.505,0.1884
1773144600000,2026-03-10,12:10:00,5165.535,5171.725,5165.085,5170.938,0.1424
1773144900000,2026-03-10,12:15:00,5170.695,5173.105,5165.495,5172.865,0.1174
1773145200000,2026-03-10,12:20:00,5172.845,5177.585,5171.695,5176.345,0.1641
1773145500000,2026-03-10,12:25:00,5176.325,5180.535,5175.968,5179.525,0.1236
1773145800000,2026-03-10,12:30:00,5179.895,5181.445,5177.729,5180.225,0.1367
1773146100000,2026-03-10,12:35:00,5180.245,5182.765,5178.855,5180.455,0.1114
1773146400000,2026-03-10,12:40:00,5180.395,5185.335,5179.835,5185.135,0.1035
1773146700000,2026-03-10,12:45:00,5185.375,5189.305,5185.085,5186.095,0.129
1773147000000,2026-03-10,12:50:00,5186.045,5187.365,5180.205,5182.265,0.1078
1773147300000,2026-03-10,12:55:00,5182.105,5186.955,5181.935,5186.835,0.0906
1773147600000,2026-03-10,13:00:00,5186.795,5200.405,5185.755,5195.375,0.2696
1773147900000,2026-03-10,13:05:00,5195.455,5201.305,5192.505,5200.255,0.1881
1773148200000,2026-03-10,13:10:00,5200.305,5202.555,5198.315,5200.495,0.1859
1773148500000,2026-03-10,13:15:00,5200.515,5215.475,5198.915,5214.115,0.2184
1773148800000,2026-03-10,13:20:00,5214.085,5222.895,5212.205,5221.485,0.2178
1773149100000,2026-03-10,13:25:00,5221.615,5228.445,5219.945,5221.295,0.2158
1773149400000,2026-03-10,13:30:00,5221.305,5221.956,5209.325,5212.925,0.3129
1773149700000,2026-03-10,13:35:00,5212.905,5214.315,5207.035,5212.855,0.269
1773150000000,2026-03-10,13:40:00,5212.585,5216.715,5209.035,5209.035,0.2609
1773150300000,2026-03-10,13:45:00,5209.055,5209.645,5196.025,5204.915,0.4192
1773150600000,2026-03-10,13:50:00,5204.995,5210.285,5202.775,5208.775,0.2585
1773150900000,2026-03-10,13:55:00,5208.825,5215.415,5202.725,5204.885,0.2662
1773151200000,2026-03-10,14:00:00,5204.795,5208.305,5200.365,5201.385,0.2311
1773151500000,2026-03-10,14:05:00,5201.415,5205.245,5188.055,5192.945,0.4031
1773151800000,2026-03-10,14:10:00,5192.965,5196.495,5185.035,5195.035,0.2534
1773152100000,2026-03-10,14:15:00,5195.065,5211.985,5194.095,5211.945,0.2679
1773152400000,2026-03-10,14:20:00,5211.885,5214.155,5209.095,5210.935,0.2483
1773152700000,2026-03-10,14:25:00,5210.935,5210.985,5206.995,5208.765,0.2284
1773153000000,2026-03-10,14:30:00,5208.498,5213.455,5206.065,5207.135,0.2351
1773153300000,2026-03-10,14:35:00,5207.075,5212.915,5202.498,5210.385,0.2109
1773153600000,2026-03-10,14:40:00,5210.795,5210.795,5203.035,5205.758,0.2158
1773153900000,2026-03-10,14:45:00,5205.778,5210.158,5204.278,5206.545,0.2701
1773154200000,2026-03-10,14:50:00,5206.575,5211.945,5204.998,5210.955,0.1868
1773154500000,2026-03-10,14:55:00,5210.905,5211.855,5206.005,5206.465,0.183
1773154800000,2026-03-10,15:00:00,5206.445,5215.635,5202.945,5213.255,0.205
1773155100000,2026-03-10,15:05:00,5213.435,5216.975,5210.145,5216.565,0.17
1773155400000,2026-03-10,15:10:00,5216.585,5226.155,5216.205,5223.275,0.197
1773155700000,2026-03-10,15:15:00,5223.175,5226.175,5221.365,5225.995,0.1904
1773156000000,2026-03-10,15:20:00,5226.065,5228.405,5224.515,5225.205,0.1784
1773156300000,2026-03-10,15:25:00,5225.155,5227.235,5223.155,5225.475,0.1647
1773156600000,2026-03-10,15:30:00,5225.455,5236.325,5225.015,5233.345,0.2124
1773156900000,2026-03-10,15:35:00,5233.375,5235.865,5228.195,5233.995,0.1868
1773157200000,2026-03-10,15:40:00,5233.945,5235.585,5228.365,5235.525,0.1607
1773157500000,2026-03-10,15:45:00,5235.565,5238.365,5230.265,5232.215,0.1733
1773157800000,2026-03-10,15:50:00,5232.275,5234.865,5226.755,5227.695,0.2049
1773158100000,2026-03-10,15:55:00,5227.595,5230.985,5226.875,5228.395,0.1733
1773158400000,2026-03-10,16:00:00,5228.365,5230.148,5223.425,5226.245,0.2
1773158700000,2026-03-10,16:05:00,5226.195,5228.305,5224.215,5226.245,0.1282
1773159000000,2026-03-10,16:10:00,5226.305,5228.055,5222.445,5223.305,0.1417
1773159300000,2026-03-10,16:15:00,5223.235,5229.965,5222.485,5227.955,0.1338
1773159600000,2026-03-10,16:20:00,5227.935,5232.735,5226.998,5232.665,0.1503
1773159900000,2026-03-10,16:25:00,5232.735,5235.475,5230.965,5231.955,0.171
1773160200000,2026-03-10,16:30:00,5232.038,5233.725,5229.775,5233.155,0.1695
1773160500000,2026-03-10,16:35:00,5233.115,5234.475,5230.098,5231.765,0.1582
1773160800000,2026-03-10,16:40:00,5231.775,5232.305,5226.925,5228.298,0.156
1773161100000,2026-03-10,16:45:00,5228.195,5231.975,5227.405,5227.405,0.1964
1773161400000,2026-03-10,16:50:00,5227.565,5229.465,5225.865,5227.535,0.127
1773161700000,2026-03-10,16:55:00,5227.485,5229.175,5225.878,5227.385,0.1164
1773162000000,2026-03-10,17:00:00,5227.355,5229.385,5226.755,5228.885,0.1288
1773162300000,2026-03-10,17:05:00,5228.965,5233.388,5228.365,5232.295,0.1667
1773162600000,2026-03-10,17:10:00,5232.265,5235.125,5230.198,5233.905,0.1629
1773162900000,2026-03-10,17:15:00,5234.065,5234.185,5223.215,5225.605,0.2197
1773163200000,2026-03-10,17:20:00,5225.445,5228.918,5224.098,5228.215,0.2228
1773163500000,2026-03-10,17:25:00,5228.285,5233.835,5226.348,5232.848,0.2168
1773163800000,2026-03-10,17:30:00,5232.855,5234.385,5228.748,5230.605,0.1836
1773164100000,2026-03-10,17:35:00,5230.565,5232.095,5227.318,5229.705,0.1936
1773164400000,2026-03-10,17:40:00,5229.565,5231.225,5227.078,5227.765,0.2073
1773164700000,2026-03-10,17:45:00,5227.735,5230.585,5226.095,5229.145,0.1176
1773165000000,2026-03-10,17:50:00,5229.085,5232.565,5228.045,5230.065,0.1214
1773165300000,2026-03-10,17:55:00,5230.095,5230.125,5226.778,5227.305,0.1657
1773165600000,2026-03-10,18:00:00,5227.365,5227.735,5217.325,5221.138,0.2048
1773165900000,2026-03-10,18:05:00,5221.095,5224.685,5217.998,5221.195,0.1557
1773166200000,2026-03-10,18:10:00,5221.178,5226.938,5214.998,5215.715,0.2105
1773166500000,2026-03-10,18:15:00,5215.515,5218.225,5160.445,5172.585,0.4033
1773166800000,2026-03-10,18:20:00,5172.585,5195.075,5170.175,5192.395,0.3908
1773167100000,2026-03-10,18:25:00,5192.445,5205.785,5190.795,5202.525,0.3014
1773167400000,2026-03-10,18:30:00,5202.505,5207.585,5196.178,5201.275,0.2542
1773167700000,2026-03-10,18:35:00,5201.245,5202.815,5189.455,5190.158,0.2701
1773168000000,2026-03-10,18:40:00,5190.265,5197.925,5190.045,5195.175,0.2036
1773168300000,2026-03-10,18:45:00,5195.155,5204.715,5193.145,5200.815,0.2152
1773168600000,2026-03-10,18:50:00,5200.795,5204.498,5198.805,5200.985,0.1899
1773168900000,2026-03-10,18:55:00,5201.035,5202.445,5190.625,5191.425,0.2005
1773169200000,2026-03-10,19:00:00,5191.475,5196.805,5183.955,5195.105,0.2179
1773169500000,2026-03-10,19:05:00,5195.125,5199.545,5193.005,5196.805,0.1732
1773169800000,2026-03-10,19:10:00,5196.735,5198.995,5192.785,5197.855,0.1579
1773170100000,2026-03-10,19:15:00,5197.915,5204.445,5197.845,5204.145,0.1534
1773170400000,2026-03-10,19:20:00,5204.095,5207.365,5202.045,5205.525,0.1699
1773170700000,2026-03-10,19:25:00,5205.565,5205.635,5200.285,5200.665,0.1581
1773171000000,2026-03-10,19:30:00,5200.595,5200.665,5181.298,5186.045,0.2687
1773171300000,2026-03-10,19:35:00,5186.015,5194.345,5179.485,5192.515,0.1926
1773171600000,2026-03-10,19:40:00,5192.585,5194.505,5184.715,5187.535,0.2466
1773171900000,2026-03-10,19:45:00,5187.565,5192.405,5187.435,5189.255,0.1879
1773172200000,2026-03-10,19:50:00,5189.205,5196.335,5188.255,5196.298,0.2076
1773172500000,2026-03-10,19:55:00,5196.698,5199.698,5195.115,5198.648,0.3155
1773172800000,2026-03-10,20:00:00,5198.648,5198.898,5193.198,5196.598,0.1129
1773173100000,2026-03-10,20:05:00,5196.415,5198.798,5195.698,5196.415,0.0634
1773173400000,2026-03-10,20:10:00,5196.415,5198.248,5195.045,5197.575,0.0676
1773173700000,2026-03-10,20:15:00,5197.515,5198.355,5193.185,5193.335,0.0587
1773174000000,2026-03-10,20:20:00,5193.305,5197.655,5191.615,5197.325,0.0629
1773174300000,2026-03-10,20:25:00,5197.375,5198.365,5194.338,5194.685,0.0596
1773174600000,2026-03-10,20:30:00,5194.595,5194.895,5193.405,5194.015,0.0405
1773174900000,2026-03-10,20:35:00,5193.978,5195.865,5192.895,5195.345,0.0368
1773175200000,2026-03-10,20:40:00,5195.325,5197.728,5194.245,5197.705,0.0384
1773175500000,2026-03-10,20:45:00,5197.658,5198.698,5193.938,5195.438,0.0638
1773175800000,2026-03-10,20:50:00,5195.495,5196.335,5192.795,5194.415,0.0526
1773176100000,2026-03-10,20:55:00,5194.365,5194.895,5190.485,5190.855,0.0641
1773180000000,2026-03-10,22:00:00,5188.365,5193.993,5182.578,5191.148,0.024
1773180300000,2026-03-10,22:05:00,5191.948,5193.498,5184.488,5186.475,0.0347
1773180600000,2026-03-10,22:10:00,5186.485,5190.598,5182.395,5189.598,0.0493
1773180900000,2026-03-10,22:15:00,5189.598,5197.545,5187.798,5196.545,0.0624
1773181200000,2026-03-10,22:20:00,5196.395,5196.665,5189.425,5196.525,0.0561
1773181500000,2026-03-10,22:25:00,5196.355,5196.935,5190.535,5190.535,0.0482
1773181800000,2026-03-10,22:30:00,5190.565,5194.215,5187.485,5189.615,0.049
1773182100000,2026-03-10,22:35:00,5189.645,5192.325,5189.068,5191.275,0.035
1773182400000,2026-03-10,22:40:00,5191.295,5195.305,5188.945,5193.305,0.052
1773182700000,2026-03-10,22:45:00,5193.335,5194.875,5189.038,5189.935,0.0524
1773183000000,2026-03-10,22:50:00,5189.905,5193.465,5185.385,5193.185,0.0523
1773183300000,2026-03-10,22:55:00,5193.215,5193.365,5187.205,5188.578,0.0499
1773183600000,2026-03-10,23:00:00,5188.598,5192.278,5187.918,5189.918,0.0587
1773183900000,2026-03-10,23:05:00,5189.998,5196.098,5189.998,5195.298,0.1475
1773184200000,2026-03-10,23:10:00,5195.318,5196.365,5190.895,5191.445,0.0427
1773184500000,2026-03-10,23:15:00,5191.355,5192.585,5187.375,5192.205,0.0335
1773184800000,2026-03-10,23:20:00,5192.255,5197.095,5192.225,5193.415,0.0418
1773185100000,2026-03-10,23:25:00,5193.425,5193.865,5191.345,5193.255,0.0385
1773185400000,2026-03-10,23:30:00,5193.265,5195.145,5192.505,5195.085,0.0261
1773185700000,2026-03-10,23:35:00,5195.105,5195.705,5192.675,5192.675,0.0321
1773186000000,2026-03-10,23:40:00,5192.695,5193.205,5190.125,5190.855,0.0212
1773186300000,2026-03-10,23:45:00,5190.875,5191.415,5187.755,5190.335,0.0505
1773186600000,2026-03-10,23:50:00,5190.315,5193.635,5189.035,5193.595,0.0411
1773186900000,2026-03-10,23:55:00,5193.645,5197.175,5192.705,5197.175,0.0467
1773187200000,2026-03-11,00:00:00,5197.175,5198.075,5188.885,5190.005,0.0616
1773187500000,2026-03-11,00:05:00,5189.965,5191.815,5186.495,5187.735,0.0751
1773187800000,2026-03-11,00:10:00,5187.755,5192.635,5186.595,5192.305,0.0895
1773188100000,2026-03-11,00:15:00,5192.335,5203.405,5191.255,5202.595,0.0923
1773188400000,2026-03-11,00:20:00,5202.555,5211.045,5201.945,5209.818,0.1156
1773188700000,2026-03-11,00:25:00,5209.818,5215.395,5208.285,5212.125,0.0994
1773189000000,2026-03-11,00:30:00,5212.065,5212.285,5205.685,5209.325,0.0759
1773189300000,2026-03-11,00:35:00,5209.235,5211.875,5209.145,5209.705,0.0523
1773189600000,2026-03-11,00:40:00,5209.675,5211.655,5207.105,5211.155,0.0389
1773189900000,2026-03-11,00:45:00,5211.245,5216.925,5211.145,5215.495,0.0873
1773190200000,2026-03-11,00:50:00,5215.685,5218.865,5212.625,5217.925,0.0812
1773190500000,2026-03-11,00:55:00,5217.965,5219.175,5215.005,5215.005,0.0689
1773190800000,2026-03-11,01:00:00,5214.985,5223.015,5213.365,5217.865,0.1849
1773191100000,2026-03-11,01:05:00,5217.885,5219.495,5212.245,5213.225,0.1318
1773191400000,2026-03-11,01:10:00,5213.195,5219.345,5211.795,5215.215,0.1137
1773191700000,2026-03-11,01:15:00,5215.145,5220.185,5213.705,5219.675,0.1009
1773192000000,2026-03-11,01:20:00,5219.705,5222.845,5212.315,5214.605,0.1301
1773192300000,2026-03-11,01:25:00,5214.575,5217.325,5210.485,5214.585,0.1256
1773192600000,2026-03-11,01:30:00,5214.525,5219.655,5214.355,5219.485,0.0974
1773192900000,2026-03-11,01:35:00,5219.525,5219.775,5214.255,5215.715,0.1145
1773193200000,2026-03-11,01:40:00,5215.745,5215.775,5212.495,5214.205,0.0992
1773193500000,2026-03-11,01:45:00,5214.195,5217.585,5214.085,5214.335,0.0969
1773193800000,2026-03-11,01:50:00,5214.415,5215.665,5209.618,5212.355,0.0962
1773194100000,2026-03-11,01:55:00,5212.315,5214.355,5208.185,5208.195,0.0869
1773194400000,2026-03-11,02:00:00,5208.245,5209.445,5198.498,5202.065,0.1654
1773194700000,2026-03-11,02:05:00,5202.125,5202.845,5196.585,5197.225,0.13
1773195000000,2026-03-11,02:10:00,5197.145,5201.765,5193.965,5201.225,0.118
1773195300000,2026-03-11,02:15:00,5201.165,5204.615,5200.165,5204.415,0.0709
1773195600000,2026-03-11,02:20:00,5204.375,5205.695,5201.755,5204.105,0.0563
1773195900000,2026-03-11,02:25:00,5204.145,5206.445,5202.065,5204.015,0.0697
1773196200000,2026-03-11,02:30:00,5203.995,5206.435,5201.725,5205.725,0.1013
1773196500000,2026-03-11,02:35:00,5205.645,5206.795,5204.825,5204.915,0.0657
1773196800000,2026-03-11,02:40:00,5204.945,5209.625,5204.575,5207.295,0.0814
1773197100000,2026-03-11,02:45:00,5207.345,5213.335,5207.325,5213.135,0.0742
1773197400000,2026-03-11,02:50:00,5213.155,5220.245,5213.035,5219.625,0.1111
1773197700000,2026-03-11,02:55:00,5219.565,5219.625,5214.615,5217.145,0.0829
1773198000000,2026-03-11,03:00:00,5217.035,5220.115,5216.775,5218.475,0.0747
1773198300000,2026-03-11,03:05:00,5218.455,5218.725,5213.065,5213.065,0.0767
1773198600000,2026-03-11,03:10:00,5213.025,5215.105,5211.575,5213.645,0.0636
1773198900000,2026-03-11,03:15:00,5213.595,5214.515,5212.445,5213.185,0.067
1773199200000,2026-03-11,03:20:00,5213.145,5213.635,5207.755,5208.555,0.1004
1773199500000,2026-03-11,03:25:00,5208.575,5209.415,5204.175,5204.305,0.0832
1773199800000,2026-03-11,03:30:00,5204.255,5208.505,5203.285,5208.285,0.0548
1773200100000,2026-03-11,03:35:00,5208.315,5209.295,5206.995,5207.575,0.052
1773200400000,2026-03-11,03:40:00,5207.495,5208.955,5205.885,5207.885,0.0418
1773200700000,2026-03-11,03:45:00,5207.785,5208.445,5202.345,5202.665,0.0482
1773201000000,2026-03-11,03:50:00,5202.635,5203.315,5199.065,5200.135,0.0656
1773201300000,2026-03-11,03:55:00,5200.155,5203.775,5199.115,5203.145,0.065
1773201600000,2026-03-11,04:00:00,5203.225,5204.425,5199.118,5202.765,0.0455
1773201900000,2026-03-11,04:05:00,5202.805,5204.955,5202.545,5204.835,0.0342
1773202200000,2026-03-11,04:10:00,5204.915,5206.115,5202.775,5205.575,0.0402
1773202500000,2026-03-11,04:15:00,5205.545,5208.375,5204.355,5205.265,0.0452
1773202800000,2026-03-11,04:20:00,5205.295,5207.295,5204.648,5207.295,0.0372
1773203100000,2026-03-11,04:25:00,5207.265,5207.925,5206.695,5207.055,0.0392
1773203400000,2026-03-11,04:30:00,5206.985,5207.525,5203.655,5205.495,0.0258
1773203700000,2026-03-11,04:35:00,5205.525,5208.095,5205.525,5207.405,0.0239
1773204000000,2026-03-11,04:40:00,5207.425,5208.245,5206.055,5206.445,0.0248
1773204300000,2026-03-11,04:45:00,5206.435,5206.435,5202.365,5204.335,0.0377
1773204600000,2026-03-11,04:50:00,5204.245,5205.305,5201.635,5203.585,0.0374
1773204900000,2026-03-11,04:55:00,5203.605,5205.195,5201.745,5204.215,0.0367
1773205200000,2026-03-11,05:00:00,5204.195,5205.825,5203.245,5204.935,0.042
1773205500000,2026-03-11,05:05:00,5204.885,5208.095,5204.055,5206.405,0.0466
1773205800000,2026-03-11,05:10:00,5206.385,5207.405,5203.365,5204.135,0.0425
1773206100000,2026-03-11,05:15:00,5204.175,5206.115,5203.138,5205.125,0.0413
1773206400000,2026-03-11,05:20:00,5205.145,5205.205,5200.285,5202.485,0.0461
1773206700000,2026-03-11,05:25:00,5202.395,5203.515,5200.085,5200.245,0.0365
1773207000000,2026-03-11,05:30:00,5200.345,5200.345,5190.275,5197.865,0.1573
1773207300000,2026-03-11,05:35:00,5197.845,5202.615,5197.495,5200.335,0.0989
1773207600000,2026-03-11,05:40:00,5200.425,5204.485,5197.235,5200.538,0.0886
1773207900000,2026-03-11,05:45:00,5200.825,5200.825,5195.225,5197.575,0.0974
1773208200000,2026-03-11,05:50:00,5197.535,5201.565,5197.515,5199.005,0.0843
1773208500000,2026-03-11,05:55:00,5199.035,5200.105,5197.545,5199.505,0.0737
1773208800000,2026-03-11,06:00:00,5199.475,5200.425,5196.085,5199.325,0.0958
1773209100000,2026-03-11,06:05:00,5199.355,5204.015,5198.765,5203.215,0.0837
1773209400000,2026-03-11,06:10:00,5203.195,5210.115,5202.405,5209.135,0.1077
1773209700000,2026-03-11,06:15:00,5209.065,5210.485,5203.875,5204.465,0.1135
1773210000000,2026-03-11,06:20:00,5204.558,5206.775,5202.895,5203.455,0.0739
1773210300000,2026-03-11,06:25:00,5203.475,5207.045,5202.778,5206.355,0.0736
1773210600000,2026-03-11,06:30:00,5206.405,5206.455,5201.805,5201.805,0.0595
1773210900000,2026-03-11,06:35:00,5201.835,5204.055,5200.415,5202.385,0.0725
1773211200000,2026-03-11,06:40:00,5202.435,5202.455,5191.315,5194.605,0.1238
1773211500000,2026-03-11,06:45:00,5194.535,5195.365,5191.965,5194.905,0.1127
1773211800000,2026-03-11,06:50:00,5194.885,5198.335,5194.235,5197.445,0.113
1773212100000,2026-03-11,06:55:00,5197.475,5199.035,5195.595,5197.265,0.0773
1773212400000,2026-03-11,07:00:00,5197.325,5201.455,5195.198,5200.275,0.1024
1773212700000,2026-03-11,07:05:00,5200.235,5201.975,5195.975,5197.665,0.0953
1773213000000,2026-03-11,07:10:00,5197.695,5198.885,5196.765,5198.695,0.0627
1773213300000,2026-03-11,07:15:00,5198.735,5199.815,5195.295,5196.535,0.1097
1773213600000,2026-03-11,07:20:00,5196.505,5198.055,5195.395,5197.995,0.062
1773213900000,2026-03-11,07:25:00,5198.025,5198.365,5195.295,5197.675,0.0893
1773214200000,2026-03-11,07:30:00,5197.695,5198.125,5189.895,5191.735,0.0977
1773214500000,2026-03-11,07:35:00,5191.765,5194.005,5184.935,5186.615,0.1205
1773214800000,2026-03-11,07:40:00,5186.545,5191.865,5184.425,5191.285,0.1403
1773215100000,2026-03-11,07:45:00,5191.175,5194.655,5189.805,5194.395,0.0891
1773215400000,2026-03-11,07:50:00,5194.425,5197.615,5193.425,5195.475,0.1142
1773215700000,2026-03-11,07:55:00,5195.455,5196.055,5193.255,5195.465,0.0653
1773216000000,2026-03-11,08:00:00,5195.445,5196.405,5187.735,5194.875,0.1169
1773216300000,2026-03-11,08:05:00,5194.945,5197.095,5193.185,5194.935,0.0882
1773216600000,2026-03-11,08:10:00,5194.915,5198.465,5192.935,5198.315,0.0832
1773216900000,2026-03-11,08:15:00,5197.968,5197.968,5189.745,5192.255,0.0784
1773217200000,2026-03-11,08:20:00,5192.325,5192.325,5185.975,5186.445,0.0939
1773217500000,2026-03-11,08:25:00,5186.485,5188.335,5180.885,5184.705,0.1159
1773217800000,2026-03-11,08:30:00,5184.645,5187.355,5182.085,5184.755,0.0946
1773218100000,2026-03-11,08:35:00,5185.095,5186.415,5175.155,5183.405,0.1133
1773218400000,2026-03-11,08:40:00,5183.375,5186.475,5180.395,5181.425,0.0894
1773218700000,2026-03-11,08:45:00,5181.365,5185.625,5179.215,5184.835,0.0871
1773219000000,2026-03-11,08:50:00,5184.855,5188.015,5183.235,5185.475,0.0744
1773219300000,2026-03-11,08:55:00,5185.505,5188.615,5184.438,5187.465,0.1039
1773219600000,2026-03-11,09:00:00,5187.415,5188.085,5183.105,5183.178,0.1053
1773219900000,2026-03-11,09:05:00,5183.475,5184.365,5179.365,5184.315,0.1147
1773220200000,2026-03-11,09:10:00,5184.375,5187.915,5183.665,5183.825,0.0746
1773220500000,2026-03-11,09:15:00,5183.805,5187.895,5183.305,5186.055,0.0678
1773220800000,2026-03-11,09:20:00,5186.135,5190.295,5184.798,5187.315,0.0765
1773221100000,2026-03-11,09:25:00,5187.295,5188.815,5186.505,5187.295,0.0626
1773221400000,2026-03-11,09:30:00,5187.355,5195.325,5186.895,5193.765,0.1024
1773221700000,2026-03-11,09:35:00,5193.785,5196.545,5193.078,5195.865,0.079
1773222000000,2026-03-11,09:40:00,5195.785,5197.055,5191.485,5191.485,0.0629
1773222300000,2026-03-11,09:45:00,5191.445,5194.305,5191.035,5191.885,0.064
1773222600000,2026-03-11,09:50:00,5191.868,5191.868,5187.655,5191.275,0.0764
1773222900000,2026-03-11,09:55:00,5191.245,5192.015,5186.355,5187.495,0.0946
1773223200000,2026-03-11,10:00:00,5187.515,5189.425,5186.145,5188.945,0.0799
1773223500000,2026-03-11,10:05:00,5188.875,5193.575,5187.725,5193.095,0.0625
1773223800000,2026-03-11,10:10:00,5193.055,5195.185,5192.095,5193.225,0.0628
1773224100000,2026-03-11,10:15:00,5193.275,5194.985,5192.175,5193.825,0.0599
1773224400000,2026-03-11,10:20:00,5193.835,5194.855,5190.365,5190.615,0.0624
1773224700000,2026-03-11,10:25:00,5190.585,5192.695,5189.195,5191.405,0.064
1773225000000,2026-03-11,10:30:00,5191.715,5191.715,5183.155,5184.115,0.0955
1773225300000,2026-03-11,10:35:00,5184.195,5185.005,5181.205,5184.238,0.1067
1773225600000,2026-03-11,10:40:00,5183.638,5184.605,5176.835,5178.965,0.1422
1773225900000,2026-03-11,10:45:00,5179.175,5187.535,5177.175,5187.125,0.1437
1773226200000,2026-03-11,10:50:00,5187.095,5190.865,5186.945,5188.635,0.1177
1773226500000,2026-03-11,10:55:00,5188.525,5189.545,5184.505,5185.625,0.1131
1773226800000,2026-03-11,11:00:00,5185.645,5193.165,5185.645,5192.898,0.0924
1773227100000,2026-03-11,11:05:00,5192.645,5193.425,5186.915,5186.915,0.0776
1773227400000,2026-03-11,11:10:00,5186.865,5187.765,5184.025,5187.218,0.0659
1773227700000,2026-03-11,11:15:00,5187.218,5189.655,5181.198,5181.198,0.1178
1773228000000,2026-03-11,11:20:00,5181.238,5183.995,5179.818,5181.175,0.0963
1773228300000,2026-03-11,11:25:00,5181.245,5183.655,5179.325,5180.725,0.0776
1773228600000,2026-03-11,11:30:00,5180.795,5185.925,5179.615,5185.185,0.0855
1773228900000,2026-03-11,11:35:00,5185.155,5189.275,5183.558,5185.415,0.0995
1773229200000,2026-03-11,11:40:00,5185.355,5190.525,5184.595,5184.725,0.1347
1773229500000,2026-03-11,11:45:00,5184.755,5188.005,5182.385,5185.235,0.1235
1773229800000,2026-03-11,11:50:00,5184.525,5188.475,5181.985,5183.105,0.1533
1773230100000,2026-03-11,11:55:00,5182.995,5183.045,5175.425,5180.985,0.1302
1773230400000,2026-03-11,12:00:00,5181.005,5185.895,5177.405,5185.255,0.1501
1773230700000,2026-03-11,12:05:00,5185.275,5188.825,5184.245,5187.365,0.1094
1773231000000,2026-03-11,12:10:00,5187.405,5193.065,5187.385,5191.095,0.1104
1773231300000,2026-03-11,12:15:00,5191.145,5194.985,5190.185,5193.815,0.1226
1773231600000,2026-03-11,12:20:00,5193.865,5194.835,5189.705,5190.485,0.1494
1773231900000,2026-03-11,12:25:00,5190.525,5192.375,5187.615,5190.025,0.1094
1773232200000,2026-03-11,12:30:00,5190.045,5195.958,5178.855,5181.478,0.2631
1773232500000,2026-03-11,12:35:00,5181.478,5181.515,5172.778,5177.105,0.2885
1773232800000,2026-03-11,12:40:00,5177.145,5182.015,5174.805,5180.075,0.239
1773233100000,2026-03-11,12:45:00,5180.075,5180.555,5167.735,5176.645,0.2843
1773233400000,2026-03-11,12:50:00,5176.605,5179.995,5172.565,5175.345,0.1965
1773233700000,2026-03-11,12:55:00,5175.325,5176.958,5166.505,5167.225,0.2748
1773234000000,2026-03-11,13:00:00,5167.265,5177.075,5161.985,5176.115,0.3578
1773234300000,2026-03-11,13:05:00,5176.115,5181.535,5174.115,5174.915,0.2722
1773234600000,2026-03-11,13:10:00,5174.868,5181.758,5174.595,5177.575,0.2155
1773234900000,2026-03-11,13:15:00,5177.505,5179.505,5175.825,5177.335,0.1793
1773235200000,2026-03-11,13:20:00,5177.315,5182.765,5176.695,5179.755,0.2177
1773235500000,2026-03-11,13:25:00,5179.755,5181.245,5176.295,5181.245,0.259
1773235800000,2026-03-11,13:30:00,5181.315,5181.315,5168.765,5175.805,0.2835
1773236100000,2026-03-11,13:35:00,5175.785,5177.465,5167.815,5171.955,0.3028
1773236400000,2026-03-11,13:40:00,5172.155,5175.885,5165.015,5165.185,0.3319
1773236700000,2026-03-11,13:45:00,5165.155,5167.595,5157.925,5159.735,0.3456
1773237000000,2026-03-11,13:50:00,5159.715,5168.955,5149.065,5168.205,0.3914
1773237300000,2026-03-11,13:55:00,5168.225,5176.995,5166.865,5176.695,0.3578
1773237600000,2026-03-11,14:00:00,5176.665,5186.415,5174.708,5184.925,0.3716
1773237900000,2026-03-11,14:05:00,5184.905,5188.945,5178.465,5185.695,0.3084
1773238200000,2026-03-11,14:10:00,5185.625,5189.965,5180.025,5189.645,0.2754
1773238500000,2026-03-11,14:15:00,5189.675,5191.165,5186.408,5188.005,0.3636
1773238800000,2026-03-11,14:20:00,5188.025,5189.085,5185.665,5188.655,0.4688
1773239100000,2026-03-11,14:25:00,5188.655,5195.195,5181.975,5193.905,0.3656
1773239400000,2026-03-11,14:30:00,5193.898,5195.898,5184.225,5185.605,0.2798
1773239700000,2026-03-11,14:35:00,5185.525,5190.035,5182.325,5185.455,0.2582
1773240000000,2026-03-11,14:40:00,5185.405,5185.425,5174.165,5182.935,0.3793
1773240300000,2026-03-11,14:45:00,5183.105,5189.318,5180.118,5188.295,0.3899
1773240600000,2026-03-11,14:50:00,5188.345,5193.185,5185.778,5190.395,0.3981
1773240900000,2026-03-11,14:55:00,5190.325,5190.915,5181.575,5182.975,0.2769
1773241200000,2026-03-11,15:00:00,5182.945,5185.495,5178.375,5179.935,0.2928
1773241500000,2026-03-11,15:05:00,5179.965,5181.435,5173.585,5180.945,0.2331
1773241800000,2026-03-11,15:10:00,5180.875,5180.955,5170.315,5170.545,0.2744
1773242100000,2026-03-11,15:15:00,5170.458,5175.265,5168.095,5174.475,0.2632
1773242400000,2026-03-11,15:20:00,5174.525,5178.695,5173.945,5178.025,0.337
1773242700000,2026-03-11,15:25:00,5177.955,5179.098,5171.365,5172.255,0.464
1773243000000,2026-03-11,15:30:00,5172.405,5172.405,5167.255,5168.635,0.2467
1773243300000,2026-03-11,15:35:00,5168.685,5173.925,5167.195,5169.615,0.2545
1773243600000,2026-03-11,15:40:00,5169.635,5173.635,5166.125,5169.175,0.1989
1773243900000,2026-03-11,15:45:00,5169.125,5170.998,5163.675,5170.145,0.4395
1773244200000,2026-03-11,15:50:00,5170.185,5174.975,5168.235,5171.875,0.3164
1773244500000,2026-03-11,15:55:00,5171.805,5172.485,5165.625,5166.105,0.2189
1773244800000,2026-03-11,16:00:00,5166.075,5171.265,5164.365,5166.125,0.2348
1773245100000,2026-03-11,16:05:00,5166.145,5168.385,5163.345,5165.638,0.3086
1773245400000,2026-03-11,16:10:00,5165.638,5172.355,5165.015,5172.155,0.2424
1773245700000,2026-03-11,16:15:00,5172.055,5172.315,5165.025,5167.295,0.2918
1773246000000,2026-03-11,16:20:00,5167.265,5170.125,5165.025,5168.995,0.2408
1773246300000,2026-03-11,16:25:00,5168.978,5170.315,5163.945,5166.698,0.3424
1773246600000,2026-03-11,16:30:00,5166.575,5172.198,5165.648,5171.298,0.8034
1773246900000,2026-03-11,16:35:00,5171.298,5175.055,5169.798,5174.755,0.3809
1773247200000,2026-03-11,16:40:00,5174.755,5176.425,5173.095,5174.025,0.235
1773247500000,2026-03-11,16:45:00,5174.055,5177.615,5170.895,5171.205,0.2408
1773247800000,2026-03-11,16:50:00,5171.175,5173.845,5170.045,5173.285,0.2512
1773248100000,2026-03-11,16:55:00,5173.325,5176.965,5171.085,5175.455,0.1763
1773248400000,2026-03-11,17:00:00,5175.475,5179.115,5174.605,5178.055,0.1752
1773248700000,2026-03-11,17:05:00,5178.055,5180.815,5177.615,5180.215,0.1808
1773249000000,2026-03-11,17:10:00,5180.185,5180.215,5174.318,5175.555,0.264
1773249300000,2026-03-11,17:15:00,5175.555,5177.825,5169.778,5171.178,0.4702
1773249600000,2026-03-11,17:20:00,5171.035,5173.858,5169.678,5171.958,0.2749
1773249900000,2026-03-11,17:25:00,5171.958,5173.838,5169.358,5171.738,0.284
1773250200000,2026-03-11,17:30:00,5171.738,5172.218,5165.568,5167.678,0.3201
1773250500000,2026-03-11,17:35:00,5167.875,5168.315,5158.118,5158.755,0.3088
1773250800000,2026-03-11,17:40:00,5158.685,5162.945,5154.165,5162.945,0.2547
1773251100000,2026-03-11,17:45:00,5162.995,5166.115,5161.035,5165.995,0.1908
1773251400000,2026-03-11,17:50:00,5165.998,5168.315,5165.595,5167.335,0.2019
1773251700000,2026-03-11,17:55:00,5167.365,5169.875,5164.275,5169.605,0.1784
1773252000000,2026-03-11,18:00:00,5169.555,5171.345,5168.965,5170.905,0.1378
1773252300000,2026-03-11,18:05:00,5170.905,5174.965,5169.458,5172.395,0.1708
1773252600000,2026-03-11,18:10:00,5172.335,5173.585,5170.505,5171.875,0.1355
1773252900000,2026-03-11,18:15:00,5171.825,5177.085,5171.685,5176.525,0.2004
1773253200000,2026-03-11,18:20:00,5176.535,5177.448,5174.625,5176.945,0.195
1773253500000,2026-03-11,18:25:00,5176.945,5178.325,5176.035,5177.315,0.272
1773253800000,2026-03-11,18:30:00,5177.358,5178.225,5176.455,5176.965,0.2364
1773254100000,2026-03-11,18:35:00,5177.005,5177.905,5176.505,5177.245,0.1345
1773254400000,2026-03-11,18:40:00,5177.215,5178.125,5175.838,5176.865,0.301
1773254700000,2026-03-11,18:45:00,5177.108,5177.758,5175.555,5176.075,0.1977
1773255000000,2026-03-11,18:50:00,5176.095,5177.338,5173.898,5174.145,0.1907
1773255300000,2026-03-11,18:55:00,5174.138,5174.745,5169.938,5172.205,0.2458
1773255600000,2026-03-11,19:00:00,5172.265,5172.805,5168.998,5171.335,0.104
1773255900000,2026-03-11,19:05:00,5171.365,5173.495,5170.665,5172.875,0.1105
1773256200000,2026-03-11,19:10:00,5172.895,5174.205,5171.608,5172.255,0.1211
1773256500000,2026-03-11,19:15:00,5172.115,5175.708,5171.535,5175.515,0.1056
1773256800000,2026-03-11,19:20:00,5175.555,5176.945,5172.765,5174.535,0.1211
1773257100000,2026-03-11,19:25:00,5174.605,5177.495,5174.408,5176.855,0.1481
1773257400000,2026-03-11,19:30:00,5176.885,5178.135,5175.888,5177.898,0.1767
1773257700000,2026-03-11,19:35:00,5177.968,5178.245,5176.305,5177.625,0.1512
1773258000000,2026-03-11,19:40:00,5177.685,5179.688,5177.035,5179.375,0.1571
1773258300000,2026-03-11,19:45:00,5179.445,5179.635,5176.605,5177.785,0.1452
1773258600000,2026-03-11,19:50:00,5177.825,5182.115,5177.188,5180.905,0.1931
1773258900000,2026-03-11,19:55:00,5180.925,5183.295,5178.725,5182.965,0.2986
1773259200000,2026-03-11,20:00:00,5182.975,5183.345,5177.798,5179.625,0.1197
1773259500000,2026-03-11,20:05:00,5179.725,5180.035,5177.655,5178.325,0.0735
1773259800000,2026-03-11,20:10:00,5178.335,5178.798,5176.425,5177.595,0.0349
1773260100000,2026-03-11,20:15:00,5177.548,5177.548,5175.458,5175.695,0.0316
1773260400000,2026-03-11,20:20:00,5175.725,5178.875,5174.825,5178.285,0.0381
1773260700000,2026-03-11,20:25:00,5178.335,5178.818,5177.218,5177.475,0.0289
1773261000000,2026-03-11,20:30:00,5177.415,5177.815,5176.268,5176.385,0.0262
1773261300000,2026-03-11,20:35:00,5176.435,5177.715,5175.725,5176.725,0.0276
1773261600000,2026-03-11,20:40:00,5176.785,5177.475,5175.805,5176.155,0.0281
1773261900000,2026-03-11,20:45:00,5176.115,5177.755,5175.445,5176.175,0.0313
1773262200000,2026-03-11,20:50:00,5176.155,5178.155,5176.055,5177.438,0.0299
1773262500000,2026-03-11,20:55:00,5177.438,5177.498,5175.205,5176.115,0.0518
1773266400000,2026-03-11,22:00:00,5178.078,5183.335,5175.125,5177.805,0.0629
1773266700000,2026-03-11,22:05:00,5177.785,5178.045,5167.691,5172.925,0.0603
1773267000000,2026-03-11,22:10:00,5172.945,5175.815,5171.635,5174.845,0.0316
1773267300000,2026-03-11,22:15:00,5175.105,5175.575,5173.785,5174.695,0.0208
1773267600000,2026-03-11,22:20:00,5174.625,5176.825,5171.985,5172.165,0.0344
1773267900000,2026-03-11,22:25:00,5172.205,5174.245,5165.185,5169.665,0.0839
1773268200000,2026-03-11,22:30:00,5169.685,5169.735,5164.985,5165.025,0.0736
1773268500000,2026-03-11,22:35:00,5164.995,5166.045,5157.978,5160.098,0.1112
1773268800000,2026-03-11,22:40:00,5160.145,5162.105,5152.988,5158.315,0.177
1773269100000,2026-03-11,22:45:00,5158.345,5168.105,5158.345,5167.835,0.0951
1773269400000,2026-03-11,22:50:00,5167.915,5168.885,5154.945,5155.905,0.092
1773269700000,2026-03-11,22:55:00,5155.935,5158.065,5129.175,5138.498,0.2567
1773270000000,2026-03-11,23:00:00,5138.075,5148.638,5133.645,5146.848,0.29
1773270300000,2026-03-11,23:05:00,5146.848,5150.798,5145.448,5147.458,0.3226
1773270600000,2026-03-11,23:10:00,5147.518,5153.745,5146.915,5151.785,0.1235
1773270900000,2026-03-11,23:15:00,5151.805,5155.175,5149.965,5153.245,0.0676
1773271200000,2026-03-11,23:20:00,5153.275,5154.995,5150.695,5152.658,0.0625
1773271500000,2026-03-11,23:25:00,5152.678,5156.705,5152.415,5155.665,0.0559
1773271800000,2026-03-11,23:30:00,5155.705,5157.605,5149.905,5149.995,0.1
1773272100000,2026-03-11,23:35:00,5150.015,5152.825,5145.695,5149.775,0.1299
1773272400000,2026-03-11,23:40:00,5149.795,5152.865,5146.315,5146.735,0.0549
1773272700000,2026-03-11,23:45:00,5146.675,5147.095,5137.838,5142.955,0.1143
1773273000000,2026-03-11,23:50:00,5142.975,5143.485,5138.885,5141.525,0.0644
1773273300000,2026-03-11,23:55:00,5141.495,5144.785,5132.765,5134.205,0.0848
1773273600000,2026-03-12,00:00:00,5134.225,5135.645,5125.285,5130.885,0.1665
1773273900000,2026-03-12,00:05:00,5130.905,5138.335,5125.185,5137.325,0.1556
1773274200000,2026-03-12,00:10:00,5137.265,5141.895,5135.835,5138.585,0.1151
1773274500000,2026-03-12,00:15:00,5138.605,5143.845,5138.605,5141.515,0.1065
1773274800000,2026-03-12,00:20:00,5141.555,5148.825,5140.635,5148.735,0.0955
1773275100000,2026-03-12,00:25:00,5148.735,5157.965,5148.735,5152.355,0.1199
1773275400000,2026-03-12,00:30:00,5152.345,5155.205,5151.045,5152.735,0.093
1773275700000,2026-03-12,00:35:00,5152.818,5161.235,5151.795,5157.445,0.1138
1773276000000,2026-03-12,00:40:00,5157.425,5158.498,5153.855,5153.985,0.0852
1773276300000,2026-03-12,00:45:00,5153.935,5154.845,5149.905,5152.995,0.0845
1773276600000,2026-03-12,00:50:00,5153.035,5155.815,5152.465,5154.725,0.0724
1773276900000,2026-03-12,00:55:00,5154.625,5154.775,5151.565,5152.705,0.0767
1773277200000,2026-03-12,01:00:00,5152.745,5166.635,5151.598,5158.365,0.2346
1773277500000,2026-03-12,01:05:00,5158.485,5159.005,5152.035,5156.225,0.1672
1773277800000,2026-03-12,01:10:00,5156.245,5159.075,5153.585,5156.955,0.1414
1773278100000,2026-03-12,01:15:00,5157.045,5159.415,5151.155,5158.945,0.1516
1773278400000,2026-03-12,01:20:00,5159.055,5160.945,5155.085,5159.595,0.1123
1773278700000,2026-03-12,01:25:00,5159.575,5160.625,5154.485,5157.365,0.1163
1773279000000,2026-03-12,01:30:00,5157.365,5159.095,5154.505,5158.195,0.1238
1773279300000,2026-03-12,01:35:00,5157.995,5164.395,5156.108,5162.575,0.1218
1773279600000,2026-03-12,01:40:00,5162.625,5170.225,5161.095,5169.635,0.1231
1773279900000,2026-03-12,01:45:00,5169.675,5172.825,5167.395,5171.635,0.1309
1773280200000,2026-03-12,01:50:00,5171.595,5171.725,5166.555,5167.145,0.1143
1773280500000,2026-03-12,01:55:00,5167.115,5168.515,5164.135,5168.295,0.1181
1773280800000,2026-03-12,02:00:00,5168.265,5172.815,5167.115,5171.495,0.0892
1773281100000,2026-03-12,02:05:00,5171.525,5173.795,5168.618,5173.505,0.0809
1773281400000,2026-03-12,02:10:00,5173.555,5174.375,5171.145,5173.975,0.0794
1773281700000,2026-03-12,02:15:00,5173.945,5174.245,5170.295,5173.865,0.0865
1773282000000,2026-03-12,02:20:00,5173.845,5174.945,5168.245,5169.295,0.077
1773282300000,2026-03-12,02:25:00,5169.355,5171.835,5166.858,5167.935,0.0687
1773282600000,2026-03-12,02:30:00,5167.955,5171.285,5163.925,5165.178,0.1218
1773282900000,2026-03-12,02:35:00,5165.178,5165.745,5159.325,5160.265,0.1775
1773283200000,2026-03-12,02:40:00,5160.305,5161.425,5155.395,5157.315,0.1556
1773283500000,2026-03-12,02:45:00,5157.345,5158.025,5148.425,5150.375,0.1766
1773283800000,2026-03-12,02:50:00,5150.435,5154.075,5145.525,5151.325,0.1642
1773284100000,2026-03-12,02:55:00,5151.215,5154.385,5150.105,5150.555,0.1283
1773284400000,2026-03-12,03:00:00,5150.555,5155.515,5148.325,5152.255,0.1267
1773284700000,2026-03-12,03:05:00,5152.215,5154.375,5150.275,5152.855,0.1066
1773285000000,2026-03-12,03:10:00,5152.885,5155.315,5151.835,5153.805,0.101
1773285300000,2026-03-12,03:15:00,5153.785,5154.065,5147.005,5152.255,0.1155
1773285600000,2026-03-12,03:20:00,5152.325,5154.838,5150.925,5151.235,0.1227
1773285900000,2026-03-12,03:25:00,5151.175,5152.935,5148.865,5151.445,0.1101
1773286200000,2026-03-12,03:30:00,5151.585,5153.415,5147.895,5149.278,0.1027
1773286500000,2026-03-12,03:35:00,5149.265,5152.155,5147.635,5148.495,0.081
1773286800000,2026-03-12,03:40:00,5148.505,5153.525,5148.305,5152.305,0.0485
1773287100000,2026-03-12,03:45:00,5152.285,5153.595,5150.995,5153.205,0.0392
1773287400000,2026-03-12,03:50:00,5153.225,5153.935,5152.025,5152.505,0.0382
1773287700000,2026-03-12,03:55:00,5152.485,5154.245,5151.715,5152.648,0.0367
1773288000000,2026-03-12,04:00:00,5152.848,5152.848,5149.598,5152.545,0.0401
1773288300000,2026-03-12,04:05:00,5152.475,5152.895,5151.625,5152.525,0.0242
1773288600000,2026-03-12,04:10:00,5152.505,5152.995,5151.325,5151.815,0.024
1773288900000,2026-03-12,04:15:00,5151.865,5153.675,5151.395,5153.515,0.0292
1773289200000,2026-03-12,04:20:00,5153.515,5153.535,5150.295,5150.655,0.0466
1773289500000,2026-03-12,04:25:00,5150.685,5153.025,5149.955,5152.315,0.0479
1773289800000,2026-03-12,04:30:00,5152.285,5152.345,5147.898,5148.105,0.0424
1773290100000,2026-03-12,04:35:00,5148.035,5149.615,5144.215,5145.125,0.1056
1773290400000,2026-03-12,04:40:00,5145.045,5146.595,5143.498,5143.685,0.0617
1773290700000,2026-03-12,04:45:00,5143.715,5146.425,5142.658,5145.285,0.074
1773291000000,2026-03-12,04:50:00,5145.055,5145.875,5141.975,5142.615,0.039
1773291300000,2026-03-12,04:55:00,5142.635,5142.935,5140.205,5142.275,0.05
1773291600000,2026-03-12,05:00:00,5142.365,5145.855,5142.145,5144.905,0.1139
1773291900000,2026-03-12,05:05:00,5144.925,5146.895,5141.025,5146.545,0.084
1773292200000,2026-03-12,05:10:00,5146.525,5148.975,5145.105,5146.045,0.0565
1773292500000,2026-03-12,05:15:00,5146.085,5148.685,5144.885,5147.035,0.0822
1773292800000,2026-03-12,05:20:00,5147.035,5147.035,5141.195,5141.195,0.0687
1773293100000,2026-03-12,05:25:00,5140.845,5143.015,5136.855,5142.675,0.0764
1773293400000,2026-03-12,05:30:00,5142.715,5149.485,5140.905,5147.015,0.1256
1773293700000,2026-03-12,05:35:00,5147.155,5152.295,5146.645,5149.155,0.0936
1773294000000,2026-03-12,05:40:00,5149.185,5154.205,5148.265,5153.185,0.0869
1773294300000,2026-03-12,05:45:00,5153.205,5156.675,5152.795,5156.495,0.0846
1773294600000,2026-03-12,05:50:00,5156.495,5156.515,5151.275,5152.978,0.0766
1773294900000,2026-03-12,05:55:00,5152.978,5157.655,5151.605,5154.365,0.0913
1773295200000,2026-03-12,06:00:00,5154.345,5157.455,5154.345,5154.995,0.092
1773295500000,2026-03-12,06:05:00,5155.065,5155.135,5152.015,5154.165,0.0878
1773295800000,2026-03-12,06:10:00,5154.145,5155.755,5151.445,5154.245,0.0797
1773296100000,2026-03-12,06:15:00,5154.275,5154.365,5150.155,5150.445,0.0786
1773296400000,2026-03-12,06:20:00,5150.385,5156.035,5147.025,5155.475,0.0945
1773296700000,2026-03-12,06:25:00,5155.495,5157.455,5155.435,5156.218,0.1064
1773297000000,2026-03-12,06:30:00,5156.238,5161.915,5155.615,5160.955,0.1026
1773297300000,2026-03-12,06:35:00,5161.035,5164.428,5159.535,5164.355,0.0863
1773297600000,2026-03-12,06:40:00,5164.375,5169.615,5163.325,5168.405,0.1914
1773297900000,2026-03-12,06:45:00,5168.375,5170.015,5167.035,5168.005,0.137
1773298200000,2026-03-12,06:50:00,5167.975,5170.125,5166.145,5168.125,0.1598
1773298500000,2026-03-12,06:55:00,5168.095,5168.275,5165.005,5165.885,0.0916
1773298800000,2026-03-12,07:00:00,5165.905,5167.465,5164.205,5166.325,0.0747
1773299100000,2026-03-12,07:05:00,5166.355,5168.205,5165.385,5166.175,0.0687
1773299400000,2026-03-12,07:10:00,5166.145,5170.265,5165.938,5169.955,0.0523
1773299700000,2026-03-12,07:15:00,5169.925,5170.415,5166.325,5167.275,0.0669
1773300000000,2026-03-12,07:20:00,5167.295,5168.565,5165.825,5168.475,0.0642
1773300300000,2026-03-12,07:25:00,5168.495,5169.378,5166.105,5168.885,0.0643
1773300600000,2026-03-12,07:30:00,5168.865,5173.175,5168.095,5170.045,0.0818
1773300900000,2026-03-12,07:35:00,5170.075,5170.725,5167.958,5168.095,0.0736
1773301200000,2026-03-12,07:40:00,5167.908,5179.805,5167.778,5178.675,0.1665
1773301500000,2026-03-12,07:45:00,5178.695,5185.085,5178.458,5178.995,0.1084
1773301800000,2026-03-12,07:50:00,5179.025,5180.135,5175.655,5178.575,0.0925
1773302100000,2026-03-12,07:55:00,5178.545,5182.425,5176.875,5181.858,0.0684
1773302400000,2026-03-12,08:00:00,5182.225,5189.405,5181.325,5184.515,0.1471
1773302700000,2026-03-12,08:05:00,5184.355,5185.635,5181.695,5183.555,0.0905
1773303000000,2026-03-12,08:10:00,5183.505,5188.545,5180.408,5181.265,0.1541
1773303300000,2026-03-12,08:15:00,5181.258,5184.158,5180.648,5181.368,0.1636
1773303600000,2026-03-12,08:20:00,5181.458,5181.658,5178.055,5178.055,0.1554
1773303900000,2026-03-12,08:25:00,5178.025,5180.165,5176.845,5177.245,0.0853
1773304200000,2026-03-12,08:30:00,5177.205,5181.145,5177.205,5180.555,0.0719
1773304500000,2026-03-12,08:35:00,5180.535,5181.625,5179.585,5180.145,0.0568
1773304800000,2026-03-12,08:40:00,5180.195,5181.595,5177.958,5181.055,0.077
1773305100000,2026-03-12,08:45:00,5181.435,5182.685,5175.865,5179.555,0.0756
1773305400000,2026-03-12,08:50:00,5179.575,5180.355,5175.515,5178.715,0.0678
1773305700000,2026-03-12,08:55:00,5178.765,5180.235,5177.585,5177.955,0.057
1773306000000,2026-03-12,09:00:00,5177.965,5180.285,5176.905,5177.235,0.0855
1773306300000,2026-03-12,09:05:00,5177.325,5181.015,5175.395,5179.615,0.0665
1773306600000,2026-03-12,09:10:00,5179.595,5179.685,5175.508,5176.335,0.0581
1773306900000,2026-03-12,09:15:00,5176.275,5178.805,5175.405,5176.755,0.0573
1773307200000,2026-03-12,09:20:00,5176.835,5177.225,5174.225,5175.758,0.0718
1773307500000,2026-03-12,09:25:00,5175.818,5181.215,5175.458,5179.875,0.0968
1773307800000,2026-03-12,09:30:00,5179.945,5185.585,5179.945,5184.085,0.1012
1773308100000,2026-03-12,09:35:00,5184.055,5186.425,5182.275,5184.795,0.0828
1773308400000,2026-03-12,09:40:00,5184.815,5187.315,5183.155,5184.455,0.0852
1773308700000,2026-03-12,09:45:00,5184.435,5186.235,5183.215,5183.695,0.0688
1773309000000,2026-03-12,09:50:00,5183.655,5186.635,5183.135,5183.635,0.0893
1773309300000,2026-03-12,09:55:00,5183.625,5190.055,5182.465,5187.955,0.0874
1773309600000,2026-03-12,10:00:00,5187.925,5191.315,5186.625,5188.105,0.1053
1773309900000,2026-03-12,10:05:00,5188.085,5191.388,5187.698,5187.698,0.0912
1773310200000,2026-03-12,10:10:00,5187.698,5190.438,5186.818,5186.818,0.0992
1773310500000,2026-03-12,10:15:00,5186.635,5186.928,5182.875,5184.925,0.0871
1773310800000,2026-03-12,10:20:00,5184.945,5185.815,5183.025,5184.685,0.0518
1773311100000,2026-03-12,10:25:00,5184.635,5184.795,5179.845,5180.125,0.0668
1773311400000,2026-03-12,10:30:00,5180.495,5182.605,5178.445,5181.185,0.1021
1773311700000,2026-03-12,10:35:00,5181.238,5181.505,5175.895,5179.395,0.0673
1773312000000,2026-03-12,10:40:00,5179.435,5182.955,5178.705,5181.755,0.0687
1773312300000,2026-03-12,10:45:00,5181.735,5183.885,5180.965,5182.165,0.0657
1773312600000,2026-03-12,10:50:00,5182.158,5182.718,5178.325,5179.825,0.1249
1773312900000,2026-03-12,10:55:00,5179.895,5182.425,5179.655,5182.085,0.0539
1773313200000,2026-03-12,11:00:00,5182.145,5183.695,5179.805,5180.725,0.0673
1773313500000,2026-03-12,11:05:00,5180.795,5181.965,5180.185,5181.585,0.0413
1773313800000,2026-03-12,11:10:00,5181.555,5181.755,5178.475,5178.595,0.0456
1773314100000,2026-03-12,11:15:00,5178.565,5179.025,5174.065,5174.125,0.0725
1773314400000,2026-03-12,11:20:00,5174.055,5178.995,5172.475,5178.755,0.0702
1773314700000,2026-03-12,11:25:00,5178.775,5179.345,5176.085,5176.125,0.0602
1773315000000,2026-03-12,11:30:00,5176.285,5179.595,5176.155,5177.005,0.0799
1773315300000,2026-03-12,11:35:00,5177.055,5179.955,5175.185,5179.485,0.0622
1773315600000,2026-03-12,11:40:00,5179.465,5180.655,5177.245,5180.575,0.0607
1773315900000,2026-03-12,11:45:00,5180.605,5181.155,5177.425,5178.145,0.0673
1773316200000,2026-03-12,11:50:00,5178.165,5179.115,5176.265,5176.735,0.0698
1773316500000,2026-03-12,11:55:00,5176.695,5181.155,5176.395,5178.835,0.0748
1773316800000,2026-03-12,12:00:00,5178.855,5180.345,5174.235,5174.235,0.1402
1773317100000,2026-03-12,12:05:00,5174.195,5174.698,5167.025,5169.238,0.1671
1773317400000,2026-03-12,12:10:00,5169.218,5171.895,5167.155,5168.495,0.1307
1773317700000,2026-03-12,12:15:00,5168.385,5170.635,5165.385,5168.005,0.1197
1773318000000,2026-03-12,12:20:00,5168.575,5170.915,5163.525,5170.655,0.1507
1773318300000,2026-03-12,12:25:00,5170.735,5172.615,5168.675,5171.825,0.1002
1773318600000,2026-03-12,12:30:00,5171.795,5176.205,5169.845,5172.505,0.1405
1773318900000,2026-03-12,12:35:00,5172.775,5174.955,5169.395,5169.725,0.1116
1773319200000,2026-03-12,12:40:00,5170.075,5174.275,5168.335,5173.815,0.1268
1773319500000,2026-03-12,12:45:00,5173.785,5181.525,5173.785,5181.305,0.1228
1773319800000,2026-03-12,12:50:00,5181.325,5185.285,5181.125,5183.625,0.1295
1773320100000,2026-03-12,12:55:00,5183.705,5185.625,5178.055,5181.215,0.124
1773320400000,2026-03-12,13:00:00,5181.015,5185.965,5179.525,5179.635,0.2315
1773320700000,2026-03-12,13:05:00,5179.605,5185.665,5178.545,5182.725,0.162
1773321000000,2026-03-12,13:10:00,5182.745,5184.565,5181.328,5184.195,0.1542
1773321300000,2026-03-12,13:15:00,5184.335,5184.335,5172.208,5173.525,0.2797
1773321600000,2026-03-12,13:20:00,5173.565,5174.295,5158.805,5171.745,0.2523
1773321900000,2026-03-12,13:25:00,5171.775,5173.055,5167.905,5170.975,0.2007
1773322200000,2026-03-12,13:30:00,5170.955,5170.955,5160.435,5166.298,0.3185
1773322500000,2026-03-12,13:35:00,5166.315,5168.095,5158.195,5161.255,0.3079
1773322800000,2026-03-12,13:40:00,5161.425,5162.285,5155.405,5159.065,0.2807
1773323100000,2026-03-12,13:45:00,5159.005,5159.005,5151.455,5151.455,0.2837
1773323400000,2026-03-12,13:50:00,5151.545,5159.745,5147.445,5150.805,0.2894
1773323700000,2026-03-12,13:55:00,5150.835,5154.375,5145.815,5151.025,0.2947
1773324000000,2026-03-12,14:00:00,5150.945,5163.515,5149.835,5162.065,0.2721
1773324300000,2026-03-12,14:05:00,5162.035,5162.825,5155.595,5156.785,0.2198
1773324600000,2026-03-12,14:10:00,5156.805,5161.275,5154.735,5160.825,0.1988
1773324900000,2026-03-12,14:15:00,5161.085,5163.015,5152.115,5154.445,0.2375
1773325200000,2026-03-12,14:20:00,5154.365,5157.015,5149.585,5152.925,0.2195
1773325500000,2026-03-12,14:25:00,5152.895,5155.095,5150.205,5151.875,0.2151
1773325800000,2026-03-12,14:30:00,5151.845,5153.455,5143.475,5146.385,0.2171
1773326100000,2026-03-12,14:35:00,5146.455,5151.315,5139.575,5144.735,0.2472
1773326400000,2026-03-12,14:40:00,5144.765,5148.645,5139.555,5148.645,0.247
1773326700000,2026-03-12,14:45:00,5148.615,5153.405,5138.158,5142.175,0.2599
1773327000000,2026-03-12,14:50:00,5141.975,5143.675,5139.135,5141.655,0.2292
1773327300000,2026-03-12,14:55:00,5141.935,5144.575,5139.218,5142.675,0.2577
1773327600000,2026-03-12,15:00:00,5142.565,5144.665,5130.535,5131.815,0.2895
1773327900000,2026-03-12,15:05:00,5131.765,5136.315,5127.145,5130.185,0.2398
1773328200000,2026-03-12,15:10:00,5130.165,5130.655,5109.365,5124.665,0.3055
1773328500000,2026-03-12,15:15:00,5124.605,5127.745,5117.825,5125.445,0.2361
1773328800000,2026-03-12,15:20:00,5125.605,5130.345,5125.275,5129.075,0.207
1773329100000,2026-03-12,15:25:00,5129.095,5132.475,5127.745,5129.005,0.2241
1773329400000,2026-03-12,15:30:00,5128.808,5129.155,5123.015,5124.785,0.1752
1773329700000,2026-03-12,15:35:00,5124.715,5132.325,5118.035,5131.865,0.2192
1773330000000,2026-03-12,15:40:00,5131.885,5134.305,5125.345,5130.765,0.3127
1773330300000,2026-03-12,15:45:00,5130.925,5131.795,5125.215,5130.225,0.2451
1773330600000,2026-03-12,15:50:00,5130.145,5135.085,5127.335,5133.185,0.2324
1773330900000,2026-03-12,15:55:00,5133.115,5133.995,5128.405,5132.115,0.2256
1773331200000,2026-03-12,16:00:00,5131.938,5134.548,5130.625,5133.545,0.3152
1773331500000,2026-03-12,16:05:00,5133.545,5134.618,5122.015,5124.295,0.5261
1773331800000,2026-03-12,16:10:00,5124.275,5128.925,5120.838,5128.375,0.2108
1773332100000,2026-03-12,16:15:00,5128.335,5131.495,5127.685,5131.415,0.1653
1773332400000,2026-03-12,16:20:00,5131.505,5137.825,5130.745,5133.815,0.197
1773332700000,2026-03-12,16:25:00,5133.855,5135.325,5130.858,5131.448,0.2068
1773333000000,2026-03-12,16:30:00,5131.448,5131.448,5124.695,5128.495,0.3421
1773333300000,2026-03-12,16:35:00,5128.475,5133.385,5127.705,5131.015,0.1897
1773333600000,2026-03-12,16:40:00,5131.175,5137.505,5130.615,5134.805,0.2018
1773333900000,2026-03-12,16:45:00,5134.785,5135.445,5128.465,5133.475,0.2258
1773334200000,2026-03-12,16:50:00,5133.455,5133.565,5124.305,5124.675,0.2747
1773334500000,2026-03-12,16:55:00,5124.995,5126.095,5121.255,5123.225,0.2472
1773334800000,2026-03-12,17:00:00,5122.905,5126.765,5122.515,5126.425,0.1714
1773335100000,2026-03-12,17:05:00,5126.305,5129.435,5123.485,5124.895,0.2174
1773335400000,2026-03-12,17:10:00,5124.815,5125.785,5120.575,5121.355,0.2257
1773335700000,2026-03-12,17:15:00,5121.325,5121.635,5113.408,5118.005,0.2548
1773336000000,2026-03-12,17:20:00,5118.005,5122.705,5117.005,5120.175,0.255
1773336300000,2026-03-12,17:25:00,5120.275,5121.965,5117.105,5118.625,0.2454
1773336600000,2026-03-12,17:30:00,5118.795,5119.845,5110.985,5111.785,0.2084
1773336900000,2026-03-12,17:35:00,5111.855,5115.615,5109.065,5112.755,0.2534
1773337200000,2026-03-12,17:40:00,5112.785,5113.525,5104.775,5110.275,0.2153
1773337500000,2026-03-12,17:45:00,5110.295,5112.135,5106.285,5107.278,0.1927
1773337800000,2026-03-12,17:50:00,5107.345,5109.445,5105.625,5107.145,0.1645
1773338100000,2026-03-12,17:55:00,5107.145,5108.245,5102.395,5105.185,0.1871
1773338400000,2026-03-12,18:00:00,5105.085,5112.595,5104.755,5108.345,0.213
1773338700000,2026-03-12,18:05:00,5108.295,5112.475,5105.195,5107.025,0.1966
1773339000000,2026-03-12,18:10:00,5106.925,5109.465,5105.175,5107.015,0.1621
1773339300000,2026-03-12,18:15:00,5106.925,5110.345,5106.035,5106.525,0.1502
1773339600000,2026-03-12,18:20:00,5106.545,5106.965,5100.915,5102.765,0.2284
1773339900000,2026-03-12,18:25:00,5102.815,5105.655,5102.415,5104.138,0.1527
1773340200000,2026-03-12,18:30:00,5104.118,5104.118,5099.898,5100.175,0.1881
1773340500000,2026-03-12,18:35:00,5100.195,5103.275,5098.775,5100.085,0.219
1773340800000,2026-03-12,18:40:00,5100.055,5100.655,5098.518,5098.518,0.2142
1773341100000,2026-03-12,18:45:00,5098.428,5099.065,5091.935,5092.195,0.1973
1773341400000,2026-03-12,18:50:00,5092.225,5099.335,5090.615,5098.405,0.2005
1773341700000,2026-03-12,18:55:00,5098.495,5099.185,5093.578,5094.335,0.1772
1773342000000,2026-03-12,19:00:00,5094.215,5094.74,5079.125,5087.095,0.2481
1773342300000,2026-03-12,19:05:00,5087.035,5093.645,5087.035,5092.435,0.191
1773342600000,2026-03-12,19:10:00,5092.515,5092.665,5083.015,5084.675,0.2003
1773342900000,2026-03-12,19:15:00,5084.715,5088.345,5080.805,5086.415,0.1861
1773343200000,2026-03-12,19:20:00,5086.395,5093.535,5084.275,5092.685,0.1536
1773343500000,2026-03-12,19:25:00,5092.685,5095.405,5088.885,5093.405,0.1502
1773343800000,2026-03-12,19:30:00,5093.295,5096.665,5092.965,5094.535,0.1446
1773344100000,2026-03-12,19:35:00,5094.375,5096.095,5091.745,5094.765,0.1443
1773344400000,2026-03-12,19:40:00,5094.725,5095.385,5090.265,5091.585,0.1459
1773344700000,2026-03-12,19:45:00,5091.785,5095.535,5089.465,5094.685,0.1861
1773345000000,2026-03-12,19:50:00,5094.575,5096.105,5091.955,5094.025,0.1903
1773345300000,2026-03-12,19:55:00,5093.985,5093.985,5081.085,5084.595,0.3688
1773345600000,2026-03-12,20:00:00,5084.725,5090.055,5083.355,5088.765,0.1121
1773345900000,2026-03-12,20:05:00,5088.725,5090.415,5087.215,5088.875,0.0448
1773346200000,2026-03-12,20:10:00,5088.845,5089.855,5084.895,5085.005,0.0554
1773346500000,2026-03-12,20:15:00,5085.045,5088.725,5083.605,5085.005,0.106
1773346800000,2026-03-12,20:20:00,5085.005,5085.005,5076.875,5081.545,0.1277
1773347100000,2026-03-12,20:25:00,5081.605,5081.925,5071.185,5071.745,0.111
1773347400000,2026-03-12,20:30:00,5071.745,5071.955,5054.795,5071.125,0.2599
1773347700000,2026-03-12,20:35:00,5071.155,5072.785,5066.005,5070.255,0.129
1773348000000,2026-03-12,20:40:00,5070.245,5072.805,5067.555,5072.195,0.0871
1773348300000,2026-03-12,20:45:00,5072.175,5081.195,5071.795,5080.625,0.0866
1773348600000,2026-03-12,20:50:00,5080.595,5080.865,5075.945,5078.285,0.0844
1773348900000,2026-03-12,20:55:00,5078.075,5080.385,5076.735,5079.055,0.0629
1773352800000,2026-03-12,22:00:00,5078.818,5083.615,5070.645,5083.565,0.0927
1773353100000,2026-03-12,22:05:00,5083.645,5086.045,5077.348,5081.155,0.0908
1773353400000,2026-03-12,22:10:00,5081.175,5085.765,5079.015,5081.465,0.0602
1773353700000,2026-03-12,22:15:00,5081.495,5091.035,5080.685,5089.455,0.0944
1773354000000,2026-03-12,22:20:00,5089.505,5094.745,5088.345,5093.585,0.0676
1773354300000,2026-03-12,22:25:00,5093.665,5095.065,5089.885,5092.395,0.0505
1773354600000,2026-03-12,22:30:00,5092.375,5092.375,5089.825,5090.005,0.0322
1773354900000,2026-03-12,22:35:00,5089.965,5089.965,5085.185,5086.235,0.0469
1773355200000,2026-03-12,22:40:00,5086.185,5090.245,5085.375,5089.215,0.0409
1773355500000,2026-03-12,22:45:00,5089.265,5092.365,5084.611,5087.915,0.042
1773355800000,2026-03-12,22:50:00,5087.945,5092.465,5087.945,5092.215,0.0342
1773356100000,2026-03-12,22:55:00,5092.255,5095.498,5092.255,5095.298,0.0441
1773356400000,2026-03-12,23:00:00,5094.585,5095.498,5088.365,5092.158,0.1882
1773356700000,2026-03-12,23:05:00,5092.298,5095.398,5092.155,5093.148,0.1722
1773357000000,2026-03-12,23:10:00,5093.148,5094.925,5089.365,5090.285,0.0475
1773357300000,2026-03-12,23:15:00,5090.305,5095.085,5090.175,5093.885,0.0452
1773357600000,2026-03-12,23:20:00,5093.725,5098.725,5092.775,5096.335,0.0433
1773357900000,2026-03-12,23:25:00,5096.295,5099.095,5092.965,5093.875,0.0646
1773358200000,2026-03-12,23:30:00,5093.805,5097.635,5091.615,5095.085,0.0938
1773358500000,2026-03-12,23:35:00,5094.935,5097.255,5092.805,5097.155,0.0732
1773358800000,2026-03-12,23:40:00,5097.365,5098.065,5093.775,5094.375,0.0641
1773359100000,2026-03-12,23:45:00,5094.395,5099.265,5094.245,5098.475,0.0637
1773359400000,2026-03-12,23:50:00,5098.495,5100.625,5096.995,5099.215,0.0478
1773359700000,2026-03-12,23:55:00,5099.235,5101.015,5097.765,5097.775,0.0483
1773360000000,2026-03-13,00:00:00,5097.725,5103.535,5097.245,5098.755,0.0989
1773360300000,2026-03-13,00:05:00,5098.735,5104.035,5098.685,5103.185,0.0632
1773360600000,2026-03-13,00:10:00,5103.225,5107.908,5102.165,5105.695,0.0829
1773360900000,2026-03-13,00:15:00,5105.665,5107.785,5104.725,5104.725,0.0817
1773361200000,2026-03-13,00:20:00,5104.805,5108.135,5104.535,5105.655,0.054
1773361500000,2026-03-13,00:25:00,5105.675,5106.465,5103.935,5106.155,0.0363
1773361800000,2026-03-13,00:30:00,5106.135,5110.295,5105.815,5108.878,0.056
1773362100000,2026-03-13,00:35:00,5108.838,5109.555,5107.515,5108.198,0.0682
1773362400000,2026-03-13,00:40:00,5108.208,5109.645,5106.775,5107.655,0.0786
1773362700000,2026-03-13,00:45:00,5107.615,5109.395,5106.995,5107.625,0.0593
1773363000000,2026-03-13,00:50:00,5107.598,5112.815,5107.278,5111.265,0.092
1773363300000,2026-03-13,00:55:00,5111.225,5115.125,5110.595,5113.515,0.0732
1773363600000,2026-03-13,01:00:00,5113.485,5120.365,5113.165,5118.505,0.1594
1773363900000,2026-03-13,01:05:00,5118.635,5120.575,5116.905,5118.635,0.1089
1773364200000,2026-03-13,01:10:00,5118.695,5120.805,5115.345,5119.385,0.1234
1773364500000,2026-03-13,01:15:00,5119.575,5120.365,5113.915,5115.698,0.1214
1773364800000,2026-03-13,01:20:00,5115.715,5119.145,5114.195,5116.365,0.1282
1773365100000,2026-03-13,01:25:00,5116.325,5120.615,5115.915,5118.815,0.0889
1773365400000,2026-03-13,01:30:00,5118.815,5121.625,5118.215,5120.725,0.1141
1773365700000,2026-03-13,01:35:00,5120.765,5121.525,5114.675,5118.305,0.1527
1773366000000,2026-03-13,01:40:00,5118.225,5118.845,5111.465,5111.975,0.1159
1773366300000,2026-03-13,01:45:00,5111.995,5114.795,5108.575,5112.265,0.1547
1773366600000,2026-03-13,01:50:00,5112.318,5115.695,5109.748,5113.595,0.2285
1773366900000,2026-03-13,01:55:00,5113.595,5124.485,5113.595,5124.085,0.1325
1773367200000,2026-03-13,02:00:00,5124.155,5128.225,5123.335,5126.615,0.1374
1773367500000,2026-03-13,02:05:00,5126.675,5126.985,5122.515,5124.655,0.0884
1773367800000,2026-03-13,02:10:00,5124.675,5126.395,5122.685,5122.995,0.0867
1773368100000,2026-03-13,02:15:00,5122.925,5122.925,5119.315,5120.285,0.1135
1773368400000,2026-03-13,02:20:00,5120.235,5122.775,5114.695,5118.145,0.085
1773368700000,2026-03-13,02:25:00,5118.095,5122.135,5117.935,5121.285,0.0402
1773369000000,2026-03-13,02:30:00,5121.225,5121.545,5118.425,5119.765,0.0542
1773369300000,2026-03-13,02:35:00,5119.715,5121.115,5117.085,5117.445,0.0527
1773369600000,2026-03-13,02:40:00,5117.485,5120.725,5115.385,5117.695,0.0714
1773369900000,2026-03-13,02:45:00,5117.845,5118.345,5112.455,5113.475,0.0801
1773370200000,2026-03-13,02:50:00,5113.495,5115.115,5111.615,5115.005,0.0739
1773370500000,2026-03-13,02:55:00,5115.025,5115.495,5110.225,5111.865,0.0836
1773370800000,2026-03-13,03:00:00,5111.795,5114.135,5108.935,5112.165,0.132
1773371100000,2026-03-13,03:05:00,5112.195,5115.725,5111.735,5113.365,0.0899
1773371400000,2026-03-13,03:10:00,5113.335,5115.555,5109.745,5110.485,0.0826
1773371700000,2026-03-13,03:15:00,5110.545,5112.755,5109.535,5110.595,0.0913
1773372000000,2026-03-13,03:20:00,5110.525,5113.885,5109.758,5112.185,0.0947
1773372300000,2026-03-13,03:25:00,5112.235,5113.485,5108.075,5110.205,0.0665
1773372600000,2026-03-13,03:30:00,5110.185,5112.235,5108.555,5110.245,0.0479
1773372900000,2026-03-13,03:35:00,5110.295,5111.255,5106.015,5108.915,0.0508
1773373200000,2026-03-13,03:40:00,5108.935,5111.495,5108.325,5110.635,0.0452
1773373500000,2026-03-13,03:45:00,5110.675,5116.515,5110.235,5115.065,0.0596
1773373800000,2026-03-13,03:50:00,5115.055,5115.595,5113.625,5114.205,0.0334
1773374100000,2026-03-13,03:55:00,5114.175,5116.195,5114.165,5115.435,0.0452
1773374400000,2026-03-13,04:00:00,5115.435,5117.755,5115.065,5115.535,0.0476
1773374700000,2026-03-13,04:05:00,5115.495,5117.295,5112.915,5115.175,0.0377
1773375000000,2026-03-13,04:10:00,5115.065,5115.925,5112.275,5114.025,0.0328
1773375300000,2026-03-13,04:15:00,5114.065,5114.145,5110.575,5111.095,0.0328
1773375600000,2026-03-13,04:20:00,5111.025,5111.725,5103.455,5104.638,0.0741
1773375900000,2026-03-13,04:25:00,5104.598,5107.585,5104.558,5105.255,0.0517
1773376200000,2026-03-13,04:30:00,5105.335,5106.905,5104.435,5105.325,0.0449
1773376500000,2026-03-13,04:35:00,5105.425,5106.075,5102.365,5104.165,0.0516
1773376800000,2026-03-13,04:40:00,5104.205,5105.545,5103.155,5104.075,0.0346
1773377100000,2026-03-13,04:45:00,5104.095,5106.075,5102.795,5105.585,0.0485
1773377400000,2026-03-13,04:50:00,5105.585,5106.585,5104.335,5105.205,0.0446
1773377700000,2026-03-13,04:55:00,5105.075,5105.405,5102.855,5104.025,0.027
1773378000000,2026-03-13,05:00:00,5104.045,5106.315,5103.545,5104.015,0.0382
1773378300000,2026-03-13,05:05:00,5103.995,5106.345,5102.298,5105.475,0.049
1773378600000,2026-03-13,05:10:00,5105.505,5109.295,5104.995,5108.925,0.0465
1773378900000,2026-03-13,05:15:00,5108.895,5110.025,5107.825,5108.665,0.0481
1773379200000,2026-03-13,05:20:00,5108.785,5109.605,5106.925,5108.275,0.0374
1773379500000,2026-03-13,05:25:00,5108.205,5109.715,5104.615,5105.795,0.0447
1773379800000,2026-03-13,05:30:00,5105.725,5111.115,5103.725,5108.375,0.1355
1773380100000,2026-03-13,05:35:00,5108.345,5108.945,5105.205,5107.355,0.1029
1773380400000,2026-03-13,05:40:00,5107.375,5109.035,5099.565,5100.385,0.1284
1773380700000,2026-03-13,05:45:00,5100.435,5103.875,5097.908,5103.125,0.1511
1773381000000,2026-03-13,05:50:00,5103.105,5105.165,5098.285,5099.035,0.1272
1773381300000,2026-03-13,05:55:00,5099.095,5105.385,5097.775,5102.605,0.3192
1773381600000,2026-03-13,06:00:00,5102.808,5107.015,5101.198,5105.885,0.2921
1773381900000,2026-03-13,06:05:00,5106.085,5107.655,5104.165,5105.245,0.0991
1773382200000,2026-03-13,06:10:00,5104.925,5107.015,5102.625,5103.775,0.1114
1773382500000,2026-03-13,06:15:00,5103.605,5103.975,5098.205,5099.655,0.1499
1773382800000,2026-03-13,06:20:00,5099.615,5100.255,5094.378,5096.195,0.1734
1773383100000,2026-03-13,06:25:00,5096.145,5097.155,5088.515,5095.535,0.1951
1773383400000,2026-03-13,06:30:00,5095.565,5098.145,5091.435,5092.645,0.141
1773383700000,2026-03-13,06:35:00,5092.725,5097.065,5087.585,5093.715,0.1434
1773384000000,2026-03-13,06:40:00,5093.665,5094.425,5089.255,5091.415,0.1426
1773384300000,2026-03-13,06:45:00,5091.465,5094.525,5088.515,5091.635,0.1657
1773384600000,2026-03-13,06:50:00,5091.635,5092.145,5085.455,5087.915,0.1611
1773384900000,2026-03-13,06:55:00,5087.835,5090.495,5086.475,5088.035,0.1784
1773385200000,2026-03-13,07:00:00,5088.015,5090.145,5083.545,5089.545,0.1544
1773385500000,2026-03-13,07:05:00,5089.545,5093.105,5088.315,5090.375,0.1453
1773385800000,2026-03-13,07:10:00,5090.415,5094.025,5089.405,5089.955,0.0912
1773386100000,2026-03-13,07:15:00,5090.015,5090.155,5074.918,5077.935,0.1568
1773386400000,2026-03-13,07:20:00,5078.015,5078.415,5071.455,5076.815,0.1442
1773386700000,2026-03-13,07:25:00,5076.865,5085.075,5075.975,5084.645,0.1097
1773387000000,2026-03-13,07:30:00,5084.595,5090.755,5083.465,5090.685,0.0911
1773387300000,2026-03-13,07:35:00,5090.665,5092.835,5087.815,5087.865,0.0948
1773387600000,2026-03-13,07:40:00,5087.845,5092.495,5087.155,5089.225,0.0893
1773387900000,2026-03-13,07:45:00,5088.885,5092.455,5083.975,5085.025,0.1324
1773388200000,2026-03-13,07:50:00,5084.955,5086.615,5083.765,5084.205,0.0676
1773388500000,2026-03-13,07:55:00,5084.235,5085.265,5082.065,5085.025,0.0918
1773388800000,2026-03-13,08:00:00,5084.705,5084.725,5068.015,5068.095,0.2056
1773389100000,2026-03-13,08:05:00,5068.055,5075.145,5066.375,5072.405,0.152
1773389400000,2026-03-13,08:10:00,5072.465,5078.365,5070.975,5077.875,0.133
1773389700000,2026-03-13,08:15:00,5077.785,5078.925,5072.005,5073.445,0.1444
1773390000000,2026-03-13,08:20:00,5073.335,5073.855,5061.285,5066.795,0.1699
1773390300000,2026-03-13,08:25:00,5066.765,5071.225,5065.435,5070.535,0.1063
1773390600000,2026-03-13,08:30:00,5070.575,5078.465,5070.235,5077.485,0.116
1773390900000,2026-03-13,08:35:00,5077.445,5082.755,5076.465,5081.345,0.1182
1773391200000,2026-03-13,08:40:00,5081.375,5084.205,5075.845,5075.845,0.1362
1773391500000,2026-03-13,08:45:00,5075.785,5083.745,5075.615,5083.695,0.0912
1773391800000,2026-03-13,08:50:00,5083.575,5087.005,5081.665,5081.875,0.1319
1773392100000,2026-03-13,08:55:00,5081.895,5087.765,5081.575,5087.155,0.0942
1773392400000,2026-03-13,09:00:00,5087.125,5093.745,5085.635,5093.625,0.1416
1773392700000,2026-03-13,09:05:00,5093.655,5096.945,5091.715,5091.785,0.1333
1773393000000,2026-03-13,09:10:00,5091.935,5096.255,5090.145,5092.215,0.1119
1773393300000,2026-03-13,09:15:00,5092.185,5092.965,5086.145,5089.255,0.1369
1773393600000,2026-03-13,09:20:00,5088.975,5089.685,5083.948,5084.995,0.098
1773393900000,2026-03-13,09:25:00,5085.325,5092.015,5084.955,5091.545,0.1112
1773394200000,2026-03-13,09:30:00,5091.595,5092.505,5088.565,5089.585,0.0738
1773394500000,2026-03-13,09:35:00,5089.665,5090.895,5086.748,5088.895,0.0731
1773394800000,2026-03-13,09:40:00,5088.355,5088.955,5082.945,5085.385,0.0839
1773395100000,2026-03-13,09:45:00,5085.405,5089.285,5084.795,5088.805,0.0785
1773395400000,2026-03-13,09:50:00,5088.745,5094.035,5088.625,5089.855,0.0812
1773395700000,2026-03-13,09:55:00,5089.875,5093.265,5089.195,5089.275,0.0643
1773396000000,2026-03-13,10:00:00,5089.345,5089.555,5085.508,5088.165,0.1031
1773396300000,2026-03-13,10:05:00,5088.315,5091.215,5086.935,5088.885,0.0751
1773396600000,2026-03-13,10:10:00,5088.885,5093.395,5086.905,5093.195,0.0804
1773396900000,2026-03-13,10:15:00,5093.215,5096.465,5091.575,5092.245,0.0738
1773397200000,2026-03-13,10:20:00,5092.285,5093.745,5090.445,5091.995,0.0738
1773397500000,2026-03-13,10:25:00,5092.515,5093.105,5088.475,5089.065,0.0687
1773397800000,2026-03-13,10:30:00,5089.035,5089.235,5079.658,5082.295,0.1212
1773398100000,2026-03-13,10:35:00,5082.325,5087.625,5081.795,5087.625,0.0713
1773398400000,2026-03-13,10:40:00,5087.695,5088.935,5086.425,5087.485,0.0573
1773398700000,2026-03-13,10:45:00,5087.505,5094.425,5084.205,5094.415,0.1117
1773399000000,2026-03-13,10:50:00,5094.395,5098.105,5094.275,5096.585,0.1098
1773399300000,2026-03-13,10:55:00,5096.555,5097.285,5093.175,5094.625,0.0804
1773399600000,2026-03-13,11:00:00,5094.595,5097.435,5091.205,5094.805,0.1162
1773399900000,2026-03-13,11:05:00,5094.735,5095.445,5087.615,5089.225,0.1105
1773400200000,2026-03-13,11:10:00,5089.305,5091.125,5085.958,5090.325,0.0983
1773400500000,2026-03-13,11:15:00,5090.285,5095.955,5088.875,5094.585,0.0813
1773400800000,2026-03-13,11:20:00,5094.645,5094.905,5092.375,5094.575,0.076
1773401100000,2026-03-13,11:25:00,5094.505,5097.145,5093.615,5095.235,0.0859
1773401400000,2026-03-13,11:30:00,5095.265,5095.365,5091.805,5093.535,0.0751
1773401700000,2026-03-13,11:35:00,5093.485,5095.615,5091.975,5094.585,0.0887
1773402000000,2026-03-13,11:40:00,5094.455,5096.465,5093.005,5094.695,0.0745
1773402300000,2026-03-13,11:45:00,5094.835,5097.605,5091.915,5093.995,0.1073
1773402600000,2026-03-13,11:50:00,5093.935,5096.285,5093.505,5095.015,0.0712
1773402900000,2026-03-13,11:55:00,5095.045,5107.645,5094.955,5107.605,0.1219
1773403200000,2026-03-13,12:00:00,5107.345,5118.725,5107.125,5113.825,0.1971
1773403500000,2026-03-13,12:05:00,5114.025,5116.855,5109.445,5109.935,0.1507
1773403800000,2026-03-13,12:10:00,5109.905,5111.435,5107.185,5108.255,0.1299
1773404100000,2026-03-13,12:15:00,5108.285,5108.905,5104.135,5106.525,0.119
1773404400000,2026-03-13,12:20:00,5106.555,5113.955,5104.975,5113.335,0.1342
1773404700000,2026-03-13,12:25:00,5113.545,5115.225,5110.745,5113.565,0.1069
1773405000000,2026-03-13,12:30:00,5113.495,5116.195,5111.835,5113.898,0.2359
1773405300000,2026-03-13,12:35:00,5114.125,5115.805,5110.775,5113.435,0.1479
1773405600000,2026-03-13,12:40:00,5113.375,5115.765,5107.845,5111.925,0.1411
1773405900000,2026-03-13,12:45:00,5111.965,5121.645,5110.685,5121.215,0.222
1773406200000,2026-03-13,12:50:00,5121.145,5121.265,5115.035,5117.435,0.1376
1773406500000,2026-03-13,12:55:00,5117.465,5120.555,5115.875,5118.095,0.1064
1773406800000,2026-03-13,13:00:00,5118.115,5120.828,5113.785,5120.425,0.2253
1773407100000,2026-03-13,13:05:00,5120.465,5121.185,5113.145,5114.295,0.1748
1773407400000,2026-03-13,13:10:00,5114.325,5114.575,5109.965,5112.605,0.1621
1773407700000,2026-03-13,13:15:00,5112.625,5114.915,5109.458,5112.075,0.1471
1773408000000,2026-03-13,13:20:00,5111.975,5115.445,5111.525,5113.335,0.1231
1773408300000,2026-03-13,13:25:00,5113.305,5113.725,5107.155,5108.565,0.1288
1773408600000,2026-03-13,13:30:00,5108.455,5109.325,5100.155,5101.795,0.2646
1773408900000,2026-03-13,13:35:00,5101.765,5108.675,5096.355,5106.565,0.2503
1773409200000,2026-03-13,13:40:00,5106.535,5112.305,5102.855,5111.975,0.2198
1773409500000,2026-03-13,13:45:00,5112.005,5116.695,5109.655,5110.685,0.2221
1773409800000,2026-03-13,13:50:00,5110.598,5111.395,5106.045,5108.435,0.1964
1773410100000,2026-03-13,13:55:00,5108.455,5108.455,5099.145,5101.485,0.1784
1773410400000,2026-03-13,14:00:00,5100.608,5105.965,5094.795,5105.255,0.199
1773410700000,2026-03-13,14:05:00,5105.285,5107.845,5099.255,5100.275,0.2636
1773411000000,2026-03-13,14:10:00,5100.235,5101.095,5090.635,5090.635,0.2349
1773411300000,2026-03-13,14:15:00,5090.095,5094.315,5082.595,5089.455,0.2607
1773411600000,2026-03-13,14:20:00,5089.395,5092.075,5087.135,5090.815,0.2334
1773411900000,2026-03-13,14:25:00,5090.785,5092.705,5085.175,5089.045,0.2382
1773412200000,2026-03-13,14:30:00,5089.015,5091.695,5084.035,5089.935,0.2708
1773412500000,2026-03-13,14:35:00,5089.895,5090.035,5082.215,5082.955,0.2386
1773412800000,2026-03-13,14:40:00,5082.965,5082.965,5074.876,5079.235,0.254
1773413100000,2026-03-13,14:45:00,5079.205,5079.205,5071.925,5077.785,0.2746
1773413400000,2026-03-13,14:50:00,5077.625,5078.385,5057.855,5064.135,0.2801
1773413700000,2026-03-13,14:55:00,5064.015,5064.015,5035.515,5041.315,0.3852
1773414000000,2026-03-13,15:00:00,5041.335,5050.995,5038.075,5049.675,0.3383
1773414300000,2026-03-13,15:05:00,5049.675,5064.805,5048.959,5064.495,0.256
1773414600000,2026-03-13,15:10:00,5064.525,5071.075,5059.635,5068.855,0.2478
1773414900000,2026-03-13,15:15:00,5068.775,5071.225,5062.065,5062.465,0.2464
1773415200000,2026-03-13,15:20:00,5062.425,5068.975,5058.155,5059.245,0.2363
1773415500000,2026-03-13,15:25:00,5059.215,5067.015,5056.755,5062.995,0.2242
1773415800000,2026-03-13,15:30:00,5062.915,5068.125,5059.645,5064.485,0.2191
1773416100000,2026-03-13,15:35:00,5064.445,5065.975,5056.545,5056.575,0.2551
1773416400000,2026-03-13,15:40:00,5056.685,5058.685,5041.575,5046.475,0.2891
1773416700000,2026-03-13,15:45:00,5046.435,5057.185,5042.295,5048.915,0.2939
1773417000000,2026-03-13,15:50:00,5049.315,5053.995,5036.165,5036.955,0.2874
1773417300000,2026-03-13,15:55:00,5036.825,5044.645,5031.355,5034.535,0.2717
1773417600000,2026-03-13,16:00:00,5033.945,5037.755,5024.615,5027.655,0.3136
1773417900000,2026-03-13,16:05:00,5027.585,5037.045,5018.865,5037.045,0.2846
1773418200000,2026-03-13,16:10:00,5037.025,5040.495,5024.105,5031.695,0.2837
1773418500000,2026-03-13,16:15:00,5031.498,5037.625,5030.128,5031.095,0.2489
1773418800000,2026-03-13,16:20:00,5031.095,5039.455,5030.465,5039.135,0.2383
1773419100000,2026-03-13,16:25:00,5039.205,5041.358,5033.658,5040.618,0.3125
1773419400000,2026-03-13,16:30:00,5040.555,5049.415,5039.798,5044.205,0.2554
1773419700000,2026-03-13,16:35:00,5044.225,5052.725,5044.135,5045.175,0.2553
1773420000000,2026-03-13,16:40:00,5045.135,5049.435,5042.635,5044.085,0.2269
1773420300000,2026-03-13,16:45:00,5044.208,5045.305,5041.335,5043.305,0.2237
1773420600000,2026-03-13,16:50:00,5043.178,5051.515,5042.255,5049.025,0.2112
1773420900000,2026-03-13,16:55:00,5048.995,5050.865,5044.285,5045.755,0.2157
1773421200000,2026-03-13,17:00:00,5045.725,5050.305,5043.245,5044.635,0.2198
1773421500000,2026-03-13,17:05:00,5045.015,5050.445,5043.805,5048.955,0.1797
1773421800000,2026-03-13,17:10:00,5048.915,5056.795,5046.885,5056.795,0.2013
1773422100000,2026-03-13,17:15:00,5056.855,5062.005,5055.878,5061.075,0.2401
1773422400000,2026-03-13,17:20:00,5061.005,5061.295,5054.585,5054.705,0.2502
1773422700000,2026-03-13,17:25:00,5054.775,5059.205,5052.005,5056.285,0.2364
1773423000000,2026-03-13,17:30:00,5056.235,5059.215,5053.125,5058.775,0.1877
1773423300000,2026-03-13,17:35:00,5058.805,5063.665,5057.805,5059.395,0.1895
1773423600000,2026-03-13,17:40:00,5059.375,5059.555,5050.985,5053.415,0.1917
1773423900000,2026-03-13,17:45:00,5053.335,5055.205,5045.775,5046.095,0.1969
1773424200000,2026-03-13,17:50:00,5046.125,5048.245,5044.265,5045.455,0.175
1773424500000,2026-03-13,17:55:00,5045.425,5047.305,5043.255,5046.165,0.1858
1773424800000,2026-03-13,18:00:00,5046.205,5049.295,5044.475,5048.835,0.1649
1773425100000,2026-03-13,18:05:00,5048.805,5051.635,5046.595,5047.485,0.149
1773425400000,2026-03-13,18:10:00,5047.515,5048.425,5040.435,5042.235,0.1843
1773425700000,2026-03-13,18:15:00,5042.265,5046.075,5040.405,5043.225,0.1536
1773426000000,2026-03-13,18:20:00,5043.115,5044.795,5036.875,5040.285,0.1728
1773426300000,2026-03-13,18:25:00,5040.305,5042.315,5035.925,5041.675,0.1609
1773426600000,2026-03-13,18:30:00,5041.258,5049.195,5040.305,5045.125,0.1351
1773426900000,2026-03-13,18:35:00,5045.165,5047.255,5041.925,5041.965,0.1303
1773427200000,2026-03-13,18:40:00,5041.985,5046.625,5041.385,5043.885,0.1004
1773427500000,2026-03-13,18:45:00,5043.825,5044.91,5040.965,5041.815,0.0922
1773427800000,2026-03-13,18:50:00,5041.795,5044.855,5041.115,5044.165,0.1033
1773428100000,2026-03-13,18:55:00,5044.245,5046.345,5043.135,5046.285,0.1266
1773428400000,2026-03-13,19:00:00,5046.335,5049.665,5045.995,5047.265,0.141
1773428700000,2026-03-13,19:05:00,5047.215,5047.875,5040.115,5043.315,0.1311
1773429000000,2026-03-13,19:10:00,5043.405,5044.185,5033.735,5039.735,0.1372
1773429300000,2026-03-13,19:15:00,5039.785,5040.295,5032.575,5035.875,0.1168
1773429600000,2026-03-13,19:20:00,5035.895,5040.265,5034.978,5040.265,0.1241
1773429900000,2026-03-13,19:25:00,5040.085,5040.155,5032.145,5034.885,0.153
1773430200000,2026-03-13,19:30:00,5034.935,5036.755,5031.8,5032.305,0.1572
1773430500000,2026-03-13,19:35:00,5032.035,5033.945,5028.835,5029.295,0.1414
1773430800000,2026-03-13,19:40:00,5029.275,5029.695,5022.915,5025.075,0.1573
1773431100000,2026-03-13,19:45:00,5025.095,5025.625,5012.815,5015.425,0.2263
1773431400000,2026-03-13,19:50:00,5015.455,5017.035,5009.495,5015.905,0.2247
1773431700000,2026-03-13,19:55:00,5015.955,5023.295,5013.725,5016.078,0.3317
1773432000000,2026-03-13,20:00:00,5016.425,5020.945,5016.035,5020.065,0.1154
1773432300000,2026-03-13,20:05:00,5020.095,5020.325,5012.165,5016.385,0.083
1773432600000,2026-03-13,20:10:00,5016.375,5018.345,5014.115,5016.465,0.0741
1773432900000,2026-03-13,20:15:00,5016.405,5021.325,5014.625,5015.435,0.0818
1773433200000,2026-03-13,20:20:00,5015.455,5016.105,5012.155,5013.925,0.0747
1773433500000,2026-03-13,20:25:00,5013.915,5015.365,5013.125,5013.825,0.053
1773433800000,2026-03-13,20:30:00,5013.785,5018.715,5012.875,5015.325,0.0603
1773434100000,2026-03-13,20:35:00,5015.295,5019.925,5014.655,5018.665,0.0484
1773434400000,2026-03-13,20:40:00,5018.645,5025.048,5015.998,5024.418,0.1192
1773434700000,2026-03-13,20:45:00,5024.418,5024.418,5017.938,5018.288,0.231
1773435000000,2026-03-13,20:50:00,5018.245,5021.498,5016.518,5021.198,0.1843
1773435300000,2026-03-13,20:55:00,5021.198,5021.198,5013.335,5018.098,0.1459
1773612000000,2026-03-15,22:00:00,5003.001,5020.925,4997.215,5015.185,0.1203
1773612300000,2026-03-15,22:05:00,5015.175,5029.945,5015.015,5024.345,0.1163
1773612600000,2026-03-15,22:10:00,5024.485,5025.575,5019.595,5022.905,0.1089
1773612900000,2026-03-15,22:15:00,5022.935,5023.215,5006.645,5008.425,0.1721
1773613200000,2026-03-15,22:20:00,5008.405,5014.485,5000.535,5009.255,0.1726
1773613500000,2026-03-15,22:25:00,5009.305,5013.925,5006.955,5012.945,0.1094
1773613800000,2026-03-15,22:30:00,5012.865,5017.885,5010.175,5015.595,0.1527
1773614100000,2026-03-15,22:35:00,5015.565,5017.075,5010.738,5012.715,0.0982
1773614400000,2026-03-15,22:40:00,5012.685,5014.095,5008.005,5010.145,0.1041
1773614700000,2026-03-15,22:45:00,5010.175,5021.015,5009.915,5020.655,0.1103
1773615000000,2026-03-15,22:50:00,5020.725,5023.515,5017.715,5021.605,0.0868
1773615300000,2026-03-15,22:55:00,5021.585,5025.378,5021.585,5024.338,0.1659
1773615600000,2026-03-15,23:00:00,5024.205,5025.748,5005.448,5005.448,0.5236
1773615900000,2026-03-15,23:05:00,5005.388,5011.248,5001.165,5006.515,0.5042
1773616200000,2026-03-15,23:10:00,5005.698,5009.465,5003.975,5007.005,0.1559
1773616500000,2026-03-15,23:15:00,5007.005,5007.745,5001.835,5001.885,0.1259
1773616800000,2026-03-15,23:20:00,5001.825,5002.575,4967.125,4984.835,0.283
1773617100000,2026-03-15,23:25:00,4984.885,4990.115,4982.275,4989.105,0.2477
1773617400000,2026-03-15,23:30:00,4989.105,4992.075,4978.028,4981.455,0.2272
1773617700000,2026-03-15,23:35:00,4981.485,4989.325,4981.485,4986.205,0.18
1773618000000,2026-03-15,23:40:00,4985.895,4987.035,4979.485,4983.355,0.1529
1773618300000,2026-03-15,23:45:00,4983.738,4984.055,4971.965,4974.475,0.1662
1773618600000,2026-03-15,23:50:00,4974.555,4986.915,4974.555,4985.575,0.1429
1773618900000,2026-03-15,23:55:00,4985.595,4998.595,4985.595,4997.255,0.1724
1773619200000,2026-03-16,00:00:00,4997.275,5023.175,4996.425,5022.015,0.3162
1773619500000,2026-03-16,00:05:00,5022.045,5028.445,5019.255,5019.675,0.223
1773619800000,2026-03-16,00:10:00,5019.685,5026.225,5017.595,5022.265,0.1542
1773620100000,2026-03-16,00:15:00,5022.285,5023.405,5014.885,5018.565,0.153
1773620400000,2026-03-16,00:20:00,5018.545,5021.165,5016.575,5021.085,0.1042
1773620700000,2026-03-16,00:25:00,5021.035,5021.805,5014.665,5016.435,0.0922
1773621000000,2026-03-16,00:30:00,5016.535,5030.555,5014.385,5030.155,0.1465
1773621300000,2026-03-16,00:35:00,5030.115,5030.345,5021.795,5026.275,0.1335
1773621600000,2026-03-16,00:40:00,5026.235,5028.115,5022.695,5027.475,0.1154
1773621900000,2026-03-16,00:45:00,5027.505,5029.698,5024.938,5026.735,0.397
1773622200000,2026-03-16,00:50:00,5026.808,5026.868,5016.725,5021.975,0.1661
1773622500000,2026-03-16,00:55:00,5021.625,5028.245,5019.928,5025.415,0.1074
1773622800000,2026-03-16,01:00:00,5025.435,5026.255,5011.295,5016.985,0.2788
1773623100000,2026-03-16,01:05:00,5016.965,5022.915,5012.005,5013.655,0.2441
1773623400000,2026-03-16,01:10:00,5013.685,5018.265,4986.135,4986.205,0.3408
1773623700000,2026-03-16,01:15:00,4986.235,5005.145,4982.998,5001.665,0.3123
1773624000000,2026-03-16,01:20:00,5001.635,5005.355,4990.325,4994.895,0.2797
1773624300000,2026-03-16,01:25:00,4994.855,4997.155,4985.665,4987.725,0.2853
1773624600000,2026-03-16,01:30:00,4987.705,4991.465,4982.165,4989.495,0.2718
1773624900000,2026-03-16,01:35:00,4989.465,4997.355,4985.005,4996.565,0.254
1773625200000,2026-03-16,01:40:00,4996.635,5004.105,4995.795,5003.755,0.2031
1773625500000,2026-03-16,01:45:00,5003.855,5009.185,5002.665,5003.645,0.1731
1773625800000,2026-03-16,01:50:00,5003.605,5009.665,5002.285,5009.205,0.1886
1773626100000,2026-03-16,01:55:00,5009.145,5016.065,5009.135,5015.705,0.1827
1773626400000,2026-03-16,02:00:00,5015.675,5018.515,5011.785,5014.055,0.2375
1773626700000,2026-03-16,02:05:00,5014.015,5016.395,5010.305,5013.435,0.1563
1773627000000,2026-03-16,02:10:00,5013.465,5015.395,5010.505,5015.105,0.1521
1773627300000,2026-03-16,02:15:00,5015.145,5017.635,5012.195,5017.105,0.1135
1773627600000,2026-03-16,02:20:00,5017.025,5018.375,5011.958,5012.505,0.0865
1773627900000,2026-03-16,02:25:00,5012.435,5013.725,5010.265,5012.555,0.0925
1773628200000,2026-03-16,02:30:00,5012.575,5014.185,5005.495,5008.675,0.2156
1773628500000,2026-03-16,02:35:00,5008.645,5009.615,5002.145,5003.235,0.1731
1773628800000,2026-03-16,02:40:00,5003.185,5008.145,5002.555,5005.725,0.1526
1773629100000,2026-03-16,02:45:00,5005.825,5008.465,4997.445,5000.695,0.1865
1773629400000,2026-03-16,02:50:00,5000.675,5002.995,4999.145,5002.465,0.1511
1773629700000,2026-03-16,02:55:00,5002.415,5005.985,5001.565,5003.295,0.1265
1773630000000,2026-03-16,03:00:00,5003.345,5005.115,5000.565,5002.985,0.1132
1773630300000,2026-03-16,03:05:00,5002.955,5005.135,5001.055,5002.745,0.118
1773630600000,2026-03-16,03:10:00,5002.705,5006.815,4997.805,4999.185,0.1301
1773630900000,2026-03-16,03:15:00,4999.165,5001.175,4998.185,5000.285,0.1228
1773631200000,2026-03-16,03:20:00,5000.255,5004.055,4999.665,5003.475,0.1232
1773631500000,2026-03-16,03:25:00,5003.505,5011.365,5003.445,5010.905,0.1192
1773631800000,2026-03-16,03:30:00,5010.925,5013.915,5009.755,5013.215,0.0896
1773632100000,2026-03-16,03:35:00,5013.175,5015.385,5011.445,5013.405,0.0794
1773632400000,2026-03-16,03:40:00,5013.385,5018.765,5011.245,5018.545,0.0756
1773632700000,2026-03-16,03:45:00,5018.625,5019.915,5015.755,5018.945,0.065
1773633000000,2026-03-16,03:50:00,5018.975,5020.235,5016.695,5019.895,0.0488
1773633300000,2026-03-16,03:55:00,5019.915,5020.365,5018.025,5018.925,0.0527
1773633600000,2026-03-16,04:00:00,5018.945,5025.835,5018.835,5023.485,0.0748
1773633900000,2026-03-16,04:05:00,5023.465,5023.695,5019.725,5023.115,0.0548
1773634200000,2026-03-16,04:10:00,5023.145,5025.115,5021.915,5023.848,0.1019
1773634500000,2026-03-16,04:15:00,5023.918,5026.045,5022.928,5023.605,0.0675
1773634800000,2026-03-16,04:20:00,5023.635,5026.025,5021.055,5021.165,0.0556
1773635100000,2026-03-16,04:25:00,5021.135,5023.195,5020.418,5021.325,0.053
1773635400000,2026-03-16,04:30:00,5021.255,5024.575,5018.605,5021.865,0.0669
1773635700000,2026-03-16,04:35:00,5021.905,5022.028,5017.798,5018.345,0.0471
1773636000000,2026-03-16,04:40:00,5018.365,5018.445,5014.265,5016.765,0.0587
1773636300000,2026-03-16,04:45:00,5016.735,5016.825,5014.305,5014.355,0.039
1773636600000,2026-03-16,04:50:00,5014.335,5015.755,5013.645,5014.595,0.0379
1773636900000,2026-03-16,04:55:00,5014.625,5014.955,5012.105,5012.425,0.0375
1773637200000,2026-03-16,05:00:00,5012.045,5015.425,5011.965,5013.385,0.07
1773637500000,2026-03-16,05:05:00,5013.365,5015.005,5010.905,5012.485,0.0578
1773637800000,2026-03-16,05:10:00,5012.545,5014.655,5011.705,5012.325,0.0615
1773638100000,2026-03-16,05:15:00,5012.245,5012.865,5007.605,5009.915,0.0616
1773638400000,2026-03-16,05:20:00,5009.905,5012.555,5008.455,5011.785,0.0638
1773638700000,2026-03-16,05:25:00,5011.765,5012.945,5008.585,5010.645,0.0657
1773639000000,2026-03-16,05:30:00,5010.249,5010.249,5003.755,5003.775,0.1434
1773639300000,2026-03-16,05:35:00,5003.795,5011.855,5002.915,5011.855,0.1336
1773639600000,2026-03-16,05:40:00,5011.875,5017.145,5010.615,5016.035,0.1086
1773639900000,2026-03-16,05:45:00,5016.135,5017.685,5015.625,5016.005,0.0732
1773640200000,2026-03-16,05:50:00,5015.935,5019.815,5015.075,5019.575,0.1053
1773640500000,2026-03-16,05:55:00,5019.605,5019.845,5015.635,5017.355,0.1136
1773640800000,2026-03-16,06:00:00,5017.395,5018.655,5012.815,5016.465,0.1306
1773641100000,2026-03-16,06:05:00,5016.725,5021.995,5015.865,5021.625,0.1124
1773641400000,2026-03-16,06:10:00,5021.625,5027.455,5020.415,5027.045,0.1437
1773641700000,2026-03-16,06:15:00,5027.075,5035.885,5025.735,5033.495,0.1845
1773642000000,2026-03-16,06:20:00,5033.445,5034.505,5027.418,5027.515,0.1678
1773642300000,2026-03-16,06:25:00,5027.535,5030.115,5025.305,5027.475,0.1251
1773642600000,2026-03-16,06:30:00,5027.495,5029.225,5024.695,5024.695,0.1293
1773642900000,2026-03-16,06:35:00,5024.665,5026.405,5023.075,5025.185,0.0966
1773643200000,2026-03-16,06:40:00,5025.145,5025.245,5020.615,5022.355,0.1298
1773643500000,2026-03-16,06:45:00,5022.305,5022.865,5009.205,5012.425,0.1941
1773643800000,2026-03-16,06:50:00,5012.445,5013.635,5005.045,5009.145,0.2434
1773644100000,2026-03-16,06:55:00,5009.158,5014.675,5008.625,5011.925,0.1204
1773644400000,2026-03-16,07:00:00,5011.965,5015.555,5009.855,5015.225,0.0945
1773644700000,2026-03-16,07:05:00,5015.195,5016.285,5009.475,5015.015,0.0987
1773645000000,2026-03-16,07:10:00,5015.105,5015.125,5009.535,5009.735,0.0896
1773645300000,2026-03-16,07:15:00,5009.765,5009.765,5000.675,5006.975,0.1656
1773645600000,2026-03-16,07:20:00,5006.955,5007.685,5001.595,5003.255,0.1389
1773645900000,2026-03-16,07:25:00,5003.305,5005.545,4998.075,5002.225,0.1129
1773646200000,2026-03-16,07:30:00,5002.175,5007.105,5002.175,5004.385,0.1339
1773646500000,2026-03-16,07:35:00,5004.155,5005.025,4991.565,4998.225,0.2036
1773646800000,2026-03-16,07:40:00,4998.205,4998.205,4991.518,4992.535,0.1061
1773647100000,2026-03-16,07:45:00,4992.575,4999.925,4992.565,4996.155,0.0978
1773647400000,2026-03-16,07:50:00,4996.165,4999.345,4993.405,4993.605,0.0863
1773647700000,2026-03-16,07:55:00,4993.575,4997.895,4993.215,4995.395,0.1076
1773648000000,2026-03-16,08:00:00,4995.395,4999.325,4992.085,4996.675,0.1522
1773648300000,2026-03-16,08:05:00,4996.685,4998.865,4993.178,4996.275,0.273
1773648600000,2026-03-16,08:10:00,4995.868,5000.108,4988.335,4988.555,0.2612
1773648900000,2026-03-16,08:15:00,4988.575,4993.485,4987.675,4990.208,0.185
1773649200000,2026-03-16,08:20:00,4990.218,5003.025,4989.055,5001.475,0.1534
1773649500000,2026-03-16,08:25:00,5001.665,5003.275,4994.655,4996.825,0.1717
1773649800000,2026-03-16,08:30:00,4996.795,4998.325,4991.895,4992.765,0.1421
1773650100000,2026-03-16,08:35:00,4992.765,4995.215,4985.555,4989.455,0.1232
1773650400000,2026-03-16,08:40:00,4989.395,4990.215,4984.665,4987.065,0.1339
1773650700000,2026-03-16,08:45:00,4987.045,4993.475,4985.525,4992.685,0.1218
1773651000000,2026-03-16,08:50:00,4992.715,4997.605,4991.085,4995.088,0.1017
1773651300000,2026-03-16,08:55:00,4995.088,4995.578,4989.438,4990.875,0.1419
1773651600000,2026-03-16,09:00:00,4990.845,4991.255,4983.285,4985.665,0.128
1773651900000,2026-03-16,09:05:00,4985.635,4986.235,4979.675,4984.395,0.1438
1773652200000,2026-03-16,09:10:00,4984.425,4987.085,4983.375,4985.145,0.1382
1773652500000,2026-03-16,09:15:00,4985.145,4988.485,4984.445,4987.255,0.1202
1773652800000,2026-03-16,09:20:00,4987.295,4988.395,4985.865,4986.085,0.0835
1773653100000,2026-03-16,09:25:00,4986.265,4990.565,4983.518,4988.755,0.0908
1773653400000,2026-03-16,09:30:00,4988.705,4991.465,4984.225,4988.295,0.1032
1773653700000,2026-03-16,09:35:00,4988.335,4989.475,4982.455,4983.625,0.089
1773654000000,2026-03-16,09:40:00,4983.595,4986.325,4980.955,4981.295,0.1345
1773654300000,2026-03-16,09:45:00,4981.235,4983.175,4972.175,4979.955,0.1484
1773654600000,2026-03-16,09:50:00,4979.935,4985.195,4976.505,4976.845,0.1174
1773654900000,2026-03-16,09:55:00,4976.675,4979.635,4972.555,4975.195,0.1141
1773655200000,2026-03-16,10:00:00,4975.175,4976.125,4970.115,4974.285,0.1428
1773655500000,2026-03-16,10:05:00,4974.305,4980.045,4973.095,4979.475,0.1197
1773655800000,2026-03-16,10:10:00,4979.495,4979.885,4975.045,4976.525,0.112
1773656100000,2026-03-16,10:15:00,4976.485,4981.245,4976.265,4979.275,0.1159
1773656400000,2026-03-16,10:20:00,4979.295,4985.495,4978.835,4984.215,0.1285
1773656700000,2026-03-16,10:25:00,4984.155,4991.035,4983.725,4986.465,0.1299
1773657000000,2026-03-16,10:30:00,4986.505,4987.965,4984.765,4986.375,0.1125
1773657300000,2026-03-16,10:35:00,4986.345,4987.415,4980.775,4981.495,0.0929
1773657600000,2026-03-16,10:40:00,4981.465,4985.435,4980.185,4985.435,0.1086
1773657900000,2026-03-16,10:45:00,4985.405,4994.585,4983.815,4994.565,0.1138
1773658200000,2026-03-16,10:50:00,4994.535,4999.025,4991.905,4995.655,0.1425
1773658500000,2026-03-16,10:55:00,4995.605,4999.225,4995.475,4998.495,0.0878
1773658800000,2026-03-16,11:00:00,4998.425,5000.655,4995.568,4996.035,0.1134
1773659100000,2026-03-16,11:05:00,4996.005,4999.435,4995.345,4998.555,0.0914
1773659400000,2026-03-16,11:10:00,4998.575,5006.175,4998.205,5002.145,0.1211
1773659700000,2026-03-16,11:15:00,5002.625,5013.595,5002.255,5012.715,0.1502
1773660000000,2026-03-16,11:20:00,5012.668,5020.325,5011.555,5019.925,0.1463
1773660300000,2026-03-16,11:25:00,5019.925,5022.485,5017.258,5019.035,0.1272
1773660600000,2026-03-16,11:30:00,5018.975,5019.835,5016.195,5017.825,0.0964
1773660900000,2026-03-16,11:35:00,5017.885,5019.345,5015.078,5018.295,0.0797
1773661200000,2026-03-16,11:40:00,5018.335,5019.455,5013.665,5015.495,0.0933
1773661500000,2026-03-16,11:45:00,5015.475,5018.045,5010.285,5011.285,0.125
1773661800000,2026-03-16,11:50:00,5011.285,5011.535,4995.945,4998.715,0.181
1773662100000,2026-03-16,11:55:00,4998.685,4999.855,4992.455,4996.845,0.159
1773662400000,2026-03-16,12:00:00,4996.965,5001.365,4994.175,5000.215,0.1521
1773662700000,2026-03-16,12:05:00,5000.245,5004.355,4998.495,4998.495,0.1186
1773663000000,2026-03-16,12:10:00,4998.945,5006.455,4998.765,5005.325,0.1196
1773663300000,2026-03-16,12:15:00,5005.305,5013.755,5002.565,5013.165,0.1817
1773663600000,2026-03-16,12:20:00,5013.305,5019.165,5012.085,5013.428,0.2048
1773663900000,2026-03-16,12:25:00,5013.448,5024.645,5013.448,5022.128,0.2219
1773664200000,2026-03-16,12:30:00,5022.128,5024.795,5018.765,5022.185,0.1694
1773664500000,2026-03-16,12:35:00,5022.215,5024.105,5018.755,5023.195,0.1461
1773664800000,2026-03-16,12:40:00,5023.305,5024.365,5019.018,5021.705,0.1252
1773665100000,2026-03-16,12:45:00,5021.735,5022.105,5016.525,5017.415,0.1225
1773665400000,2026-03-16,12:50:00,5017.435,5018.925,5011.818,5018.485,0.1361
1773665700000,2026-03-16,12:55:00,5018.365,5021.435,5015.285,5019.675,0.1091
1773666000000,2026-03-16,13:00:00,5019.735,5021.265,5013.525,5015.455,0.1956
1773666300000,2026-03-16,13:05:00,5015.425,5020.885,5015.425,5020.495,0.1315
1773666600000,2026-03-16,13:10:00,5020.405,5023.455,5019.305,5021.958,0.1278
1773666900000,2026-03-16,13:15:00,5022.228,5030.065,5021.965,5026.435,0.2019
1773667200000,2026-03-16,13:20:00,5026.415,5026.895,5023.008,5026.235,0.1472
1773667500000,2026-03-16,13:25:00,5026.205,5027.795,5018.255,5021.315,0.1511
1773667800000,2026-03-16,13:30:00,5021.295,5029.565,5018.005,5028.325,0.2671
1773668100000,2026-03-16,13:35:00,5028.385,5034.345,5026.355,5027.278,0.2873
1773668400000,2026-03-16,13:40:00,5027.278,5033.325,5022.155,5031.205,0.3065
1773668700000,2026-03-16,13:45:00,5031.058,5033.325,5023.655,5028.415,0.2599
1773669000000,2026-03-16,13:50:00,5028.475,5029.555,5023.875,5028.475,0.3739
1773669300000,2026-03-16,13:55:00,5028.525,5030.615,5022.825,5029.625,0.4317
1773669600000,2026-03-16,14:00:00,5029.575,5034.315,5026.758,5030.475,0.2905
1773669900000,2026-03-16,14:05:00,5030.735,5037.715,5029.795,5032.505,0.2964
1773670200000,2026-03-16,14:10:00,5032.485,5037.335,5027.215,5027.955,0.2262
1773670500000,2026-03-16,14:15:00,5027.985,5029.765,5023.935,5024.315,0.2436
1773670800000,2026-03-16,14:20:00,5024.285,5027.815,5019.295,5021.225,0.4883
1773671100000,2026-03-16,14:25:00,5021.215,5021.485,5014.495,5014.635,0.2307
1773671400000,2026-03-16,14:30:00,5014.595,5015.025,5006.878,5010.568,0.2623
1773671700000,2026-03-16,14:35:00,5010.568,5013.335,5005.945,5006.125,0.254
1773672000000,2026-03-16,14:40:00,5006.105,5009.505,5000.128,5000.755,0.2326
1773672300000,2026-03-16,14:45:00,5000.825,5002.185,4987.715,4999.015,0.2792
1773672600000,2026-03-16,14:50:00,4998.975,4999.585,4991.055,4995.385,0.2411
1773672900000,2026-03-16,14:55:00,4995.295,5000.685,4991.465,4995.745,0.2309
1773673200000,2026-03-16,15:00:00,4995.785,5002.135,4992.155,4998.725,0.2449
1773673500000,2026-03-16,15:05:00,4998.665,4999.265,4992.835,4996.865,0.2247
1773673800000,2026-03-16,15:10:00,4996.845,4998.455,4990.015,4998.295,0.2159
1773674100000,2026-03-16,15:15:00,4998.315,5004.465,4997.595,5004.465,0.1937
1773674400000,2026-03-16,15:20:00,5004.435,5005.585,5000.555,5000.975,0.293
1773674700000,2026-03-16,15:25:00,5000.985,5001.285,4983.845,4991.705,0.2082
1773675000000,2026-03-16,15:30:00,4991.815,4995.695,4990.315,4995.095,0.1493
1773675300000,2026-03-16,15:35:00,4995.075,5001.845,4995.075,4999.945,0.1429
1773675600000,2026-03-16,15:40:00,4999.765,5003.225,4996.385,4996.465,0.1461
1773675900000,2026-03-16,15:45:00,4996.545,4999.015,4993.115,4994.855,0.1439
1773676200000,2026-03-16,15:50:00,4994.795,4994.795,4985.885,4988.655,0.2191
1773676500000,2026-03-16,15:55:00,4988.675,4990.375,4983.625,4986.875,0.182
1773676800000,2026-03-16,16:00:00,4986.875,4992.325,4985.245,4988.355,0.2459
1773677100000,2026-03-16,16:05:00,4988.345,4996.205,4987.835,4992.535,0.1999
1773677400000,2026-03-16,16:10:00,4992.615,4998.665,4992.615,4996.255,0.1862
1773677700000,2026-03-16,16:15:00,4996.075,4997.945,4992.485,4992.895,0.1637
1773678000000,2026-03-16,16:20:00,4992.855,4993.865,4986.985,4987.245,0.235
1773678300000,2026-03-16,16:25:00,4987.215,4987.795,4977.905,4979.605,0.225
1773678600000,2026-03-16,16:30:00,4979.625,4982.395,4975.365,4976.095,0.2233
1773678900000,2026-03-16,16:35:00,4976.135,4984.115,4973.785,4983.635,0.2413
1773679200000,2026-03-16,16:40:00,4983.595,4989.425,4983.198,4986.875,0.1771
1773679500000,2026-03-16,16:45:00,4986.895,4990.315,4982.738,4989.575,0.1908
1773679800000,2026-03-16,16:50:00,4989.365,4992.735,4989.365,4991.945,0.1817
1773680100000,2026-03-16,16:55:00,4991.915,4992.625,4988.835,4990.475,0.1702
1773680400000,2026-03-16,17:00:00,4990.485,4996.915,4990.125,4993.345,0.2021
1773680700000,2026-03-16,17:05:00,4993.395,4996.965,4993.395,4996.225,0.128
1773681000000,2026-03-16,17:10:00,4996.265,5003.705,4995.925,5001.805,0.1705
1773681300000,2026-03-16,17:15:00,5001.825,5002.805,4999.795,5001.015,0.1619
1773681600000,2026-03-16,17:20:00,5000.985,5001.515,4996.335,4997.435,0.1865
1773681900000,2026-03-16,17:25:00,4997.445,5001.665,4994.525,4995.835,0.1909
1773682200000,2026-03-16,17:30:00,4995.815,4996.355,4988.595,4989.745,0.1922
1773682500000,2026-03-16,17:35:00,4989.725,4990.085,4986.125,4986.185,0.1536
1773682800000,2026-03-16,17:40:00,4986.718,4988.925,4985.545,4987.515,0.1493
1773683100000,2026-03-16,17:45:00,4987.485,4992.695,4984.878,4985.945,0.1552
1773683400000,2026-03-16,17:50:00,4985.885,4989.195,4983.775,4988.055,0.1284
1773683700000,2026-03-16,17:55:00,4988.035,4991.395,4987.275,4991.105,0.1129
1773684000000,2026-03-16,18:00:00,4991.135,4995.745,4991.135,4992.735,0.1455
1773684300000,2026-03-16,18:05:00,4992.775,4999.725,4989.795,4999.595,0.2218
1773684600000,2026-03-16,18:10:00,4999.575,5000.705,4997.485,4998.705,0.1346
1773684900000,2026-03-16,18:15:00,4998.765,5000.305,4997.165,4997.165,0.1197
1773685200000,2026-03-16,18:20:00,4997.135,5000.435,4996.985,4999.115,0.1174
1773685500000,2026-03-16,18:25:00,4999.065,5007.905,4998.725,5006.125,0.2391
1773685800000,2026-03-16,18:30:00,5006.085,5011.268,5005.055,5010.475,0.2416
1773686100000,2026-03-16,18:35:00,5010.495,5014.215,5008.395,5013.815,0.2259
1773686400000,2026-03-16,18:40:00,5013.815,5015.575,5011.625,5014.465,0.185
1773686700000,2026-03-16,18:45:00,5014.495,5017.425,5013.665,5015.365,0.152
1773687000000,2026-03-16,18:50:00,5015.335,5017.725,5013.305,5014.025,0.1302
1773687300000,2026-03-16,18:55:00,5013.935,5013.935,5011.615,5012.555,0.1176
1773687600000,2026-03-16,19:00:00,5012.575,5016.965,5010.848,5012.045,0.1499
1773687900000,2026-03-16,19:05:00,5012.015,5017.075,5008.635,5017.045,0.1155
1773688200000,2026-03-16,19:10:00,5017.085,5020.095,5010.485,5011.475,0.2227
1773688500000,2026-03-16,19:15:00,5011.478,5015.375,5010.945,5012.228,0.1586
1773688800000,2026-03-16,19:20:00,5012.228,5014.558,5010.905,5012.425,0.1858
1773689100000,2026-03-16,19:25:00,5012.355,5012.378,5009.385,5010.288,0.1703
1773689400000,2026-03-16,19:30:00,5010.135,5011.265,5007.915,5009.175,0.1338
1773689700000,2026-03-16,19:35:00,5009.155,5014.135,5008.645,5012.968,0.1533
1773690000000,2026-03-16,19:40:00,5012.985,5014.485,5009.495,5009.978,0.1361
1773690300000,2026-03-16,19:45:00,5010.075,5011.685,5008.278,5010.738,0.1672
1773690600000,2026-03-16,19:50:00,5010.738,5015.828,5009.698,5013.565,0.1712
1773690900000,2026-03-16,19:55:00,5013.545,5015.508,5011.528,5012.605,0.23
1773691200000,2026-03-16,20:00:00,5012.608,5013.908,5007.835,5010.965,0.0917
1773691500000,2026-03-16,20:05:00,5010.875,5020.485,5010.875,5018.435,0.0615
1773691800000,2026-03-16,20:10:00,5018.395,5021.575,5016.585,5016.655,0.0614
1773692100000,2026-03-16,20:15:00,5016.685,5017.525,5014.665,5014.885,0.0375
1773692400000,2026-03-16,20:20:00,5014.945,5016.308,5014.498,5015.798,0.0363
1773692700000,2026-03-16,20:25:00,5016.365,5016.965,5013.935,5014.025,0.0359
1773693000000,2026-03-16,20:30:00,5014.025,5014.025,5008.818,5010.395,0.0519
1773693300000,2026-03-16,20:35:00,5010.398,5010.798,5007.515,5009.058,0.05
1773693600000,2026-03-16,20:40:00,5009.058,5010.335,5007.735,5008.675,0.035
1773693900000,2026-03-16,20:45:00,5008.695,5010.145,5007.005,5009.255,0.0632
1773694200000,2026-03-16,20:50:00,5009.285,5009.705,5004.525,5006.095,0.0532
1773694500000,2026-03-16,20:55:00,5005.968,5008.545,5004.265,5004.535,0.0611
1773698400000,2026-03-16,22:00:00,5005.098,5015.565,5003.175,5010.735,0.0822
1773698700000,2026-03-16,22:05:00,5010.745,5015.875,5005.975,5006.225,0.0404
1773699000000,2026-03-16,22:10:00,5006.245,5008.725,5000.445,5003.765,0.0698
1773699300000,2026-03-16,22:15:00,5003.785,5008.005,5003.785,5006.265,0.0484
1773699600000,2026-03-16,22:20:00,5006.345,5006.345,4998.485,4999.625,0.0669
1773699900000,2026-03-16,22:25:00,4999.655,5001.985,4999.125,5001.645,0.0522
1773700200000,2026-03-16,22:30:00,5001.685,5004.315,4998.375,5003.625,0.0713
1773700500000,2026-03-16,22:35:00,5003.715,5004.735,5001.385,5001.385,0.0647
1773700800000,2026-03-16,22:40:00,5001.485,5002.805,5000.115,5001.555,0.0709
1773701100000,2026-03-16,22:45:00,5001.545,5005.965,5000.685,5005.375,0.0673
1773701400000,2026-03-16,22:50:00,5005.315,5006.175,5003.455,5004.025,0.0382
1773701700000,2026-03-16,22:55:00,5004.025,5004.065,4999.988,5001.818,0.0725
1773702000000,2026-03-16,23:00:00,5001.465,5005.618,5001.335,5004.578,0.0811
1773702300000,2026-03-16,23:05:00,5004.598,5005.718,5002.118,5005.198,0.0761
1773702600000,2026-03-16,23:10:00,5005.178,5006.205,5004.535,5005.875,0.0285
1773702900000,2026-03-16,23:15:00,5005.925,5006.355,5005.455,5005.735,0.0211
1773703200000,2026-03-16,23:20:00,5005.785,5008.925,5005.205,5007.545,0.0256
1773703500000,2026-03-16,23:25:00,5007.465,5009.805,5007.465,5009.255,0.0357
1773703800000,2026-03-16,23:30:00,5009.305,5012.755,5008.985,5012.495,0.0589
1773704100000,2026-03-16,23:35:00,5012.455,5013.665,5009.925,5011.645,0.0454
1773704400000,2026-03-16,23:40:00,5011.665,5014.095,5008.295,5008.295,0.0463
1773704700000,2026-03-16,23:45:00,5008.275,5010.395,5006.655,5010.135,0.0588
1773705000000,2026-03-16,23:50:00,5010.105,5013.995,5010.095,5013.795,0.056
1773705300000,2026-03-16,23:55:00,5013.825,5015.335,5011.215,5012.645,0.0497
1773705600000,2026-03-17,00:00:00,5012.575,5013.855,5005.135,5006.135,0.0889
1773705900000,2026-03-17,00:05:00,5006.525,5011.615,5002.205,5004.325,0.0977
1773706200000,2026-03-17,00:10:00,5004.735,5007.505,5003.705,5006.465,0.07
1773706500000,2026-03-17,00:15:00,5006.425,5010.435,5005.475,5007.345,0.0547
1773706800000,2026-03-17,00:20:00,5007.325,5007.705,5004.105,5004.255,0.0571
1773707100000,2026-03-17,00:25:00,5004.215,5005.555,4999.915,5003.255,0.094
1773707400000,2026-03-17,00:30:00,5003.295,5005.685,5001.435,5002.025,0.0425
1773707700000,2026-03-17,00:35:00,5002.045,5007.025,5002.045,5002.955,0.0731
1773708000000,2026-03-17,00:40:00,5002.915,5003.825,4998.175,5001.585,0.073
1773708300000,2026-03-17,00:45:00,5001.615,5003.865,4999.625,5000.155,0.1052
1773708600000,2026-03-17,00:50:00,5000.125,5004.235,4998.035,5004.135,0.1465
1773708900000,2026-03-17,00:55:00,5004.185,5006.025,5002.075,5002.685,0.1086
1773709200000,2026-03-17,01:00:00,5002.385,5006.625,4994.605,5002.755,0.2457
1773709500000,2026-03-17,01:05:00,5002.785,5009.025,5001.505,5008.965,0.1535
1773709800000,2026-03-17,01:10:00,5008.945,5012.265,5006.055,5009.925,0.1262
1773710100000,2026-03-17,01:15:00,5009.905,5013.885,5008.468,5008.495,0.1275
1773710400000,2026-03-17,01:20:00,5008.895,5009.465,5007.515,5008.705,0.101
1773710700000,2026-03-17,01:25:00,5008.685,5014.535,5007.215,5013.285,0.1318
1773711000000,2026-03-17,01:30:00,5013.335,5016.155,5010.975,5012.525,0.1158
1773711300000,2026-03-17,01:35:00,5012.555,5019.505,5012.285,5016.305,0.1358
1773711600000,2026-03-17,01:40:00,5016.325,5019.365,5016.135,5017.575,0.0992
1773711900000,2026-03-17,01:45:00,5017.535,5021.085,5016.575,5020.395,0.1093
1773712200000,2026-03-17,01:50:00,5020.335,5026.115,5020.125,5025.115,0.149
1773712500000,2026-03-17,01:55:00,5025.185,5027.885,5024.635,5027.765,0.1489
1773712800000,2026-03-17,02:00:00,5027.695,5029.335,5023.005,5023.195,0.1246
1773713100000,2026-03-17,02:05:00,5023.215,5026.265,5021.118,5021.965,0.0933
1773713400000,2026-03-17,02:10:00,5021.905,5024.205,5020.645,5021.265,0.0951
1773713700000,2026-03-17,02:15:00,5021.275,5022.995,5020.328,5020.795,0.0673
1773714000000,2026-03-17,02:20:00,5020.725,5023.345,5019.595,5021.705,0.0589
1773714300000,2026-03-17,02:25:00,5021.725,5025.305,5021.705,5025.165,0.0685
1773714600000,2026-03-17,02:30:00,5025.205,5027.315,5023.415,5023.735,0.0823
1773714900000,2026-03-17,02:35:00,5023.685,5025.385,5021.818,5025.075,0.0919
1773715200000,2026-03-17,02:40:00,5025.055,5029.155,5024.665,5028.865,0.0968
1773715500000,2026-03-17,02:45:00,5028.895,5029.235,5024.025,5024.395,0.0853
1773715800000,2026-03-17,02:50:00,5024.415,5026.425,5021.385,5026.165,0.0973
1773716100000,2026-03-17,02:55:00,5026.195,5026.675,5021.835,5022.265,0.099
1773716400000,2026-03-17,03:00:00,5022.155,5025.155,5020.375,5024.345,0.0825
1773716700000,2026-03-17,03:05:00,5024.315,5025.485,5021.725,5022.015,0.0621
1773717000000,2026-03-17,03:10:00,5022.035,5023.095,5021.655,5022.515,0.0603
1773717300000,2026-03-17,03:15:00,5022.495,5027.115,5022.195,5026.975,0.065
1773717600000,2026-03-17,03:20:00,5026.985,5030.515,5026.788,5030.285,0.0881
1773717900000,2026-03-17,03:25:00,5030.285,5032.595,5029.485,5032.335,0.0817
1773718200000,2026-03-17,03:30:00,5032.435,5033.445,5029.365,5029.635,0.1007
1773718500000,2026-03-17,03:35:00,5029.615,5031.065,5027.285,5027.585,0.0625
1773718800000,2026-03-17,03:40:00,5027.555,5028.825,5027.285,5028.505,0.0509
1773719100000,2026-03-17,03:45:00,5028.485,5028.485,5025.698,5026.395,0.0699
1773719400000,2026-03-17,03:50:00,5026.365,5029.835,5026.345,5028.615,0.0482
1773719700000,2026-03-17,03:55:00,5028.645,5028.765,5025.948,5027.265,0.0375
1773720000000,2026-03-17,04:00:00,5027.215,5029.055,5025.995,5027.835,0.051
1773720300000,2026-03-17,04:05:00,5027.855,5029.625,5027.235,5029.395,0.0442
1773720600000,2026-03-17,04:10:00,5029.425,5030.295,5027.705,5028.935,0.0435
1773720900000,2026-03-17,04:15:00,5028.915,5029.295,5026.485,5027.305,0.0424
1773721200000,2026-03-17,04:20:00,5027.245,5030.025,5026.235,5029.375,0.0522
1773721500000,2026-03-17,04:25:00,5029.355,5032.715,5026.228,5032.325,0.0652
1773721800000,2026-03-17,04:30:00,5032.345,5034.035,5032.015,5032.995,0.1086
1773722100000,2026-03-17,04:35:00,5032.935,5034.415,5032.815,5033.485,0.133
1773722400000,2026-03-17,04:40:00,5033.505,5041.725,5033.498,5039.505,0.1462
1773722700000,2026-03-17,04:45:00,5039.545,5041.625,5037.398,5038.718,0.1837
1773723000000,2026-03-17,04:50:00,5038.698,5041.585,5037.065,5037.525,0.0798
1773723300000,2026-03-17,04:55:00,5037.505,5039.405,5036.648,5037.705,0.0778
1773723600000,2026-03-17,05:00:00,5037.675,5038.165,5034.315,5035.415,0.0789
1773723900000,2026-03-17,05:05:00,5035.325,5037.275,5033.658,5034.145,0.0605
1773724200000,2026-03-17,05:10:00,5034.175,5040.705,5032.175,5040.355,0.0911
1773724500000,2026-03-17,05:15:00,5040.425,5044.355,5037.105,5037.275,0.1342
1773724800000,2026-03-17,05:20:00,5037.305,5037.865,5035.868,5035.965,0.0607
1773725100000,2026-03-17,05:25:00,5036.148,5036.605,5033.125,5035.085,0.0774
1773725400000,2026-03-17,05:30:00,5035.055,5039.305,5034.265,5035.725,0.1378
1773725700000,2026-03-17,05:35:00,5035.645,5036.435,5033.495,5034.405,0.0994
1773726000000,2026-03-17,05:40:00,5034.385,5035.335,5031.225,5031.865,0.086
1773726300000,2026-03-17,05:45:00,5031.935,5033.115,5027.035,5030.125,0.1222
1773726600000,2026-03-17,05:50:00,5030.095,5030.375,5022.675,5026.525,0.1251
1773726900000,2026-03-17,05:55:00,5026.465,5027.885,5019.915,5020.525,0.1699
1773727200000,2026-03-17,06:00:00,5020.575,5022.595,5009.158,5018.305,0.222
1773727500000,2026-03-17,06:05:00,5018.285,5018.955,5007.125,5008.145,0.1546
1773727800000,2026-03-17,06:10:00,5007.725,5013.375,5006.505,5012.585,0.1562
1773728100000,2026-03-17,06:15:00,5012.565,5013.375,5006.918,5012.005,0.1513
1773728400000,2026-03-17,06:20:00,5012.155,5013.925,5004.685,5007.465,0.1733
1773728700000,2026-03-17,06:25:00,5007.535,5012.905,5006.755,5011.735,0.1033
1773729000000,2026-03-17,06:30:00,5011.605,5015.085,5009.945,5013.685,0.0996
1773729300000,2026-03-17,06:35:00,5013.745,5015.515,5011.775,5013.915,0.1019
1773729600000,2026-03-17,06:40:00,5014.125,5016.945,5012.765,5014.775,0.0746
1773729900000,2026-03-17,06:45:00,5014.795,5015.475,5009.875,5010.725,0.0951
1773730200000,2026-03-17,06:50:00,5010.685,5011.635,5009.155,5009.935,0.0637
1773730500000,2026-03-17,06:55:00,5009.975,5011.785,5008.185,5009.735,0.1012
1773730800000,2026-03-17,07:00:00,5009.825,5014.598,5009.195,5012.945,0.1067
1773731100000,2026-03-17,07:05:00,5012.985,5016.775,5012.045,5012.045,0.0932
1773731400000,2026-03-17,07:10:00,5012.125,5015.075,5010.985,5014.125,0.0636
1773731700000,2026-03-17,07:15:00,5014.105,5014.725,5010.285,5011.495,0.0589
1773732000000,2026-03-17,07:20:00,5011.645,5014.005,5008.735,5013.805,0.0688
1773732300000,2026-03-17,07:25:00,5013.835,5018.535,5012.925,5015.735,0.0731
1773732600000,2026-03-17,07:30:00,5015.755,5024.185,5015.665,5024.125,0.0958
1773732900000,2026-03-17,07:35:00,5024.195,5027.235,5023.065,5026.515,0.088
1773733200000,2026-03-17,07:40:00,5026.565,5027.785,5021.695,5022.935,0.0738
1773733500000,2026-03-17,07:45:00,5022.935,5025.165,5021.595,5022.915,0.0607
1773733800000,2026-03-17,07:50:00,5022.885,5023.085,5016.915,5019.805,0.0798
1773734100000,2026-03-17,07:55:00,5019.765,5023.045,5019.495,5020.955,0.0643
1773734400000,2026-03-17,08:00:00,5021.425,5025.035,5019.955,5023.905,0.1061
1773734700000,2026-03-17,08:05:00,5023.825,5025.915,5018.705,5021.445,0.1091
1773735000000,2026-03-17,08:10:00,5021.295,5024.145,5019.498,5021.785,0.1063
1773735300000,2026-03-17,08:15:00,5021.755,5026.155,5021.015,5025.935,0.0927
1773735600000,2026-03-17,08:20:00,5025.985,5029.375,5020.155,5020.688,0.1383
1773735900000,2026-03-17,08:25:00,5020.685,5024.815,5018.695,5020.885,0.1283
1773736200000,2026-03-17,08:30:00,5020.925,5023.085,5018.955,5021.985,0.066
1773736500000,2026-03-17,08:35:00,5021.825,5022.705,5018.795,5021.998,0.0929
1773736800000,2026-03-17,08:40:00,5022.078,5025.065,5019.425,5021.865,0.0929
1773737100000,2026-03-17,08:45:00,5021.845,5024.015,5018.225,5023.125,0.0743
1773737400000,2026-03-17,08:50:00,5023.075,5024.385,5020.585,5023.435,0.0879
1773737700000,2026-03-17,08:55:00,5023.395,5025.355,5021.175,5024.665,0.0935
1773738000000,2026-03-17,09:00:00,5024.685,5025.865,5018.685,5019.675,0.0952
1773738300000,2026-03-17,09:05:00,5019.655,5020.925,5015.795,5018.265,0.0915
1773738600000,2026-03-17,09:10:00,5018.305,5018.845,5013.165,5013.645,0.1137
1773738900000,2026-03-17,09:15:00,5013.615,5017.435,5012.598,5014.265,0.1088
1773739200000,2026-03-17,09:20:00,5014.195,5018.185,5013.415,5015.538,0.0926
1773739500000,2026-03-17,09:25:00,5015.385,5019.505,5015.205,5017.335,0.079
1773739800000,2026-03-17,09:30:00,5017.395,5018.025,5012.995,5014.685,0.074
1773740100000,2026-03-17,09:35:00,5014.705,5016.425,5012.425,5014.615,0.0811
1773740400000,2026-03-17,09:40:00,5014.705,5014.945,5010.905,5014.135,0.0831
1773740700000,2026-03-17,09:45:00,5014.095,5015.625,5012.865,5013.425,0.0616
1773741000000,2026-03-17,09:50:00,5013.465,5013.955,5012.475,5013.165,0.0525
1773741300000,2026-03-17,09:55:00,5013.255,5013.835,5009.775,5010.295,0.0827
1773741600000,2026-03-17,10:00:00,5010.098,5016.315,5006.915,5008.915,0.134
1773741900000,2026-03-17,10:05:00,5008.875,5010.555,5000.825,5001.445,0.1322
1773742200000,2026-03-17,10:10:00,5001.455,5005.665,5001.455,5003.815,0.0847
1773742500000,2026-03-17,10:15:00,5004.065,5006.695,5003.255,5005.575,0.0998
1773742800000,2026-03-17,10:20:00,5005.555,5007.825,5004.435,5007.735,0.0775
1773743100000,2026-03-17,10:25:00,5007.695,5008.935,5001.438,5003.515,0.0884
1773743400000,2026-03-17,10:30:00,5003.625,5009.295,5001.715,5003.945,0.1267
1773743700000,2026-03-17,10:35:00,5003.875,5005.295,4998.775,4998.775,0.0951
1773744000000,2026-03-17,10:40:00,4998.815,5000.245,4991.735,4999.105,0.1451
1773744300000,2026-03-17,10:45:00,4999.035,5001.115,4995.908,4997.875,0.104
1773744600000,2026-03-17,10:50:00,4997.915,5004.465,4997.875,5003.125,0.0778
1773744900000,2026-03-17,10:55:00,5003.205,5003.995,4998.685,5000.105,0.0954
1773745200000,2026-03-17,11:00:00,5000.025,5001.745,4996.595,5001.315,0.0967
1773745500000,2026-03-17,11:05:00,5001.345,5004.275,4999.395,5003.295,0.0853
1773745800000,2026-03-17,11:10:00,5003.275,5005.775,5002.455,5004.725,0.0941
1773746100000,2026-03-17,11:15:00,5004.675,5009.745,5004.675,5007.505,0.1125
1773746400000,2026-03-17,11:20:00,5007.515,5009.205,5006.135,5009.205,0.0888
1773746700000,2026-03-17,11:25:00,5009.225,5009.275,5006.475,5006.865,0.0666
1773747000000,2026-03-17,11:30:00,5006.975,5008.045,5003.915,5004.255,0.0676
1773747300000,2026-03-17,11:35:00,5004.345,5008.525,5004.085,5008.135,0.0909
1773747600000,2026-03-17,11:40:00,5008.085,5009.665,5006.965,5009.125,0.0665
1773747900000,2026-03-17,11:45:00,5009.255,5011.245,5008.835,5009.425,0.0781
1773748200000,2026-03-17,11:50:00,5009.485,5009.555,5005.955,5006.365,0.0822
1773748500000,2026-03-17,11:55:00,5006.335,5007.175,5001.675,5003.015,0.092
1773748800000,2026-03-17,12:00:00,5002.995,5004.625,4999.095,5004.325,0.1213
1773749100000,2026-03-17,12:05:00,5003.858,5007.885,5001.125,5007.225,0.1294
1773749400000,2026-03-17,12:10:00,5007.185,5010.105,5007.105,5007.985,0.1229
1773749700000,2026-03-17,12:15:00,5007.988,5013.115,5007.988,5012.725,0.1317
1773750000000,2026-03-17,12:20:00,5012.705,5017.705,5012.255,5015.755,0.1474
1773750300000,2026-03-17,12:25:00,5015.755,5020.555,5015.205,5019.855,0.1283
1773750600000,2026-03-17,12:30:00,5019.855,5022.575,5018.945,5021.225,0.1633
1773750900000,2026-03-17,12:35:00,5021.355,5023.725,5015.915,5017.195,0.1495
1773751200000,2026-03-17,12:40:00,5017.165,5018.325,5016.375,5017.505,0.1388
1773751500000,2026-03-17,12:45:00,5017.555,5017.555,5009.598,5011.605,0.1441
1773751800000,2026-03-17,12:50:00,5011.785,5013.845,5009.395,5012.355,0.1085
1773752100000,2026-03-17,12:55:00,5012.315,5013.265,5010.848,5011.415,0.0899
1773752400000,2026-03-17,13:00:00,5011.395,5017.025,5009.915,5016.895,0.2124
1773752700000,2026-03-17,13:05:00,5016.845,5017.525,5013.095,5013.995,0.1349
1773753000000,2026-03-17,13:10:00,5014.025,5018.015,5012.135,5016.505,0.1306
1773753300000,2026-03-17,13:15:00,5016.475,5019.335,5013.738,5017.695,0.1246
1773753600000,2026-03-17,13:20:00,5017.885,5018.035,5012.095,5013.505,0.1271
1773753900000,2026-03-17,13:25:00,5013.665,5014.525,5010.285,5012.655,0.1344
1773754200000,2026-03-17,13:30:00,5012.625,5026.835,5010.925,5024.105,0.2591
1773754500000,2026-03-17,13:35:00,5024.055,5025.395,5017.705,5025.295,0.2386
1773754800000,2026-03-17,13:40:00,5025.335,5031.215,5022.835,5026.805,0.2609
1773755100000,2026-03-17,13:45:00,5026.875,5027.475,5022.485,5024.215,0.2356
1773755400000,2026-03-17,13:50:00,5024.185,5024.355,5005.345,5012.375,0.2616
1773755700000,2026-03-17,13:55:00,5012.425,5017.505,5011.975,5016.378,0.2005
1773756000000,2026-03-17,14:00:00,5016.605,5017.715,5009.295,5010.515,0.273
1773756300000,2026-03-17,14:05:00,5010.855,5020.395,5009.805,5016.855,0.2758
1773756600000,2026-03-17,14:10:00,5016.905,5020.045,5014.905,5017.935,0.2009
1773756900000,2026-03-17,14:15:00,5018.005,5018.125,5011.225,5012.318,0.2927
1773757200000,2026-03-17,14:20:00,5012.318,5014.338,5008.765,5009.355,0.3778
1773757500000,2026-03-17,14:25:00,5009.245,5011.605,5006.555,5008.005,0.1951
1773757800000,2026-03-17,14:30:00,5008.085,5009.605,5002.735,5008.875,0.214
1773758100000,2026-03-17,14:35:00,5008.795,5013.025,5006.878,5009.485,0.2018
1773758400000,2026-03-17,14:40:00,5009.525,5014.265,5007.858,5013.265,0.1963
1773758700000,2026-03-17,14:45:00,5013.285,5019.005,5012.385,5018.185,0.1559
1773759000000,2026-03-17,14:50:00,5018.025,5019.225,5008.355,5010.395,0.1683
1773759300000,2026-03-17,14:55:00,5010.415,5011.315,5006.895,5007.495,0.1806
1773759600000,2026-03-17,15:00:00,5007.265,5017.115,5005.965,5015.155,0.1969
1773759900000,2026-03-17,15:05:00,5015.135,5017.255,5007.858,5009.735,0.2051
1773760200000,2026-03-17,15:10:00,5009.825,5011.685,5007.315,5008.155,0.1766
1773760500000,2026-03-17,15:15:00,5008.175,5014.655,5008.055,5011.465,0.1657
1773760800000,2026-03-17,15:20:00,5011.385,5014.175,5005.255,5007.365,0.1867
1773761100000,2026-03-17,15:25:00,5007.335,5009.335,4993.525,4994.605,0.2237
1773761400000,2026-03-17,15:30:00,4994.485,5000.475,4991.965,4993.525,0.2373
1773761700000,2026-03-17,15:35:00,4993.555,4995.475,4981.555,4981.785,0.2894
1773762000000,2026-03-17,15:40:00,4981.815,4985.155,4973.495,4984.225,0.2772
1773762300000,2026-03-17,15:45:00,4984.315,4994.125,4983.565,4990.975,0.2219
1773762600000,2026-03-17,15:50:00,4990.945,4997.125,4990.725,4995.155,0.1992
1773762900000,2026-03-17,15:55:00,4994.945,4998.935,4994.045,4997.705,0.1862
1773763200000,2026-03-17,16:00:00,4997.738,4999.225,4992.285,4993.865,0.2205
1773763500000,2026-03-17,16:05:00,4993.765,4997.775,4991.355,4993.495,0.2221
1773763800000,2026-03-17,16:10:00,4993.535,4998.605,4993.215,4994.205,0.1993
1773764100000,2026-03-17,16:15:00,4994.315,5002.805,4992.788,5000.555,0.2052
1773764400000,2026-03-17,16:20:00,5000.615,5002.265,4998.195,5001.815,0.197
1773764700000,2026-03-17,16:25:00,5001.965,5005.265,5001.605,5003.795,0.182
1773765000000,2026-03-17,16:30:00,5003.825,5005.735,5001.525,5002.905,0.1831
1773765300000,2026-03-17,16:35:00,5002.775,5003.785,5000.105,5000.845,0.1778
1773765600000,2026-03-17,16:40:00,5000.825,5002.235,4999.495,5002.005,0.1619
1773765900000,2026-03-17,16:45:00,5002.085,5002.995,4998.358,4998.865,0.165
1773766200000,2026-03-17,16:50:00,4998.925,5001.535,4997.258,5000.175,0.2939
1773766500000,2026-03-17,16:55:00,5000.205,5003.398,4999.525,5001.675,0.2187
1773766800000,2026-03-17,17:00:00,5001.695,5006.295,5001.045,5004.605,0.2223
1773767100000,2026-03-17,17:05:00,5004.925,5006.105,5002.665,5005.225,0.1326
1773767400000,2026-03-17,17:10:00,5005.275,5005.805,5002.625,5003.125,0.1468
1773767700000,2026-03-17,17:15:00,5003.155,5004.225,5001.855,5003.998,0.1372
1773768000000,2026-03-17,17:20:00,5003.998,5008.595,5003.395,5005.955,0.1739
1773768300000,2026-03-17,17:25:00,5005.985,5008.105,5001.035,5002.495,0.1876
1773768600000,2026-03-17,17:30:00,5002.465,5004.695,5001.305,5003.895,0.1332
1773768900000,2026-03-17,17:35:00,5003.925,5006.285,5002.855,5002.855,0.1104
1773769200000,2026-03-17,17:40:00,5002.935,5003.905,4997.405,4997.535,0.1245
1773769500000,2026-03-17,17:45:00,4997.575,4999.855,4996.295,4999.555,0.1117
1773769800000,2026-03-17,17:50:00,4999.595,5002.395,4999.175,5001.495,0.0926
1773770100000,2026-03-17,17:55:00,5001.695,5003.335,5000.975,5002.235,0.0938
1773770400000,2026-03-17,18:00:00,5002.195,5005.905,5000.525,5005.835,0.137
1773770700000,2026-03-17,18:05:00,5006.355,5007.205,5004.885,5005.385,0.1113
1773771000000,2026-03-17,18:10:00,5005.475,5007.645,5004.638,5006.145,0.0917
1773771300000,2026-03-17,18:15:00,5006.165,5008.165,5005.715,5007.545,0.082
1773771600000,2026-03-17,18:20:00,5007.495,5008.845,5005.925,5006.465,0.1159
1773771900000,2026-03-17,18:25:00,5006.435,5007.135,5003.695,5003.785,0.1396
1773772200000,2026-03-17,18:30:00,5003.825,5003.965,4999.595,5003.045,0.156
1773772500000,2026-03-17,18:35:00,5002.965,5004.405,5001.965,5001.985,0.0965
1773772800000,2026-03-17,18:40:00,5002.015,5003.675,5001.245,5003.225,0.0768
1773773100000,2026-03-17,18:45:00,5003.275,5007.695,5002.585,5006.745,0.104
1773773400000,2026-03-17,18:50:00,5006.805,5008.145,5005.745,5006.905,0.1053
1773773700000,2026-03-17,18:55:00,5006.875,5006.915,5003.175,5003.575,0.1222
1773774000000,2026-03-17,19:00:00,5003.555,5005.485,5000.745,5005.315,0.1015
1773774300000,2026-03-17,19:05:00,5005.245,5005.425,5001.875,5003.565,0.1082
1773774600000,2026-03-17,19:10:00,5003.615,5003.765,5000.165,5001.495,0.0901
1773774900000,2026-03-17,19:15:00,5001.525,5002.415,5000.135,5000.605,0.1076
1773775200000,2026-03-17,19:20:00,5000.575,5000.935,4998.775,5000.285,0.0948
1773775500000,2026-03-17,19:25:00,5000.345,5000.785,4997.965,4999.488,0.1471
1773775800000,2026-03-17,19:30:00,4999.655,5000.655,4996.175,4999.025,0.1562
1773776100000,2026-03-17,19:35:00,4998.995,5001.825,4998.995,5000.445,0.1481
1773776400000,2026-03-17,19:40:00,5000.458,5003.565,4999.865,5001.815,0.1467
1773776700000,2026-03-17,19:45:00,5001.815,5003.145,4998.815,5001.405,0.2067
1773777000000,2026-03-17,19:50:00,5001.375,5002.015,4999.128,5001.455,0.2353
1773777300000,2026-03-17,19:55:00,5001.465,5001.465,4997.908,5000.055,0.2421
1773777600000,2026-03-17,20:00:00,5000.105,5003.685,4999.605,5003.585,0.0547
1773777900000,2026-03-17,20:05:00,5003.495,5006.285,5002.985,5005.475,0.0655
1773778200000,2026-03-17,20:10:00,5005.475,5005.545,5003.125,5003.478,0.0403
1773778500000,2026-03-17,20:15:00,5003.455,5004.688,5002.748,5004.458,0.0356
1773778800000,2026-03-17,20:20:00,5004.458,5004.458,5001.958,5002.158,0.0421
1773779100000,2026-03-17,20:25:00,5002.158,5003.825,5001.965,5003.735,0.0258
1773779400000,2026-03-17,20:30:00,5003.735,5005.045,5003.665,5004.378,0.0352
1773779700000,2026-03-17,20:35:00,5004.388,5004.388,5002.695,5003.658,0.0759
1773780000000,2026-03-17,20:40:00,5003.658,5003.908,5002.895,5003.738,0.0364
1773780300000,2026-03-17,20:45:00,5003.738,5005.378,5002.485,5003.045,0.0464
1773780600000,2026-03-17,20:50:00,5003.065,5003.865,5001.325,5001.735,0.0359
1773780900000,2026-03-17,20:55:00,5001.695,5006.685,5001.275,5006.505,0.0556
1773784800000,2026-03-17,22:00:00,5004.865,5005.505,4999.925,5000.795,0.0319
1773785100000,2026-03-17,22:05:00,5000.835,5002.155,4997.295,5001.095,0.0313
1773785400000,2026-03-17,22:10:00,5001.125,5003.745,5000.375,5002.465,0.0241
1773785700000,2026-03-17,22:15:00,5002.495,5004.815,5000.015,5000.715,0.0245
1773786000000,2026-03-17,22:20:00,5000.795,5002.475,4999.978,5001.435,0.025
1773786300000,2026-03-17,22:25:00,5001.455,5002.395,5001.265,5001.705,0.0076
1773786600000,2026-03-17,22:30:00,5001.795,5001.795,4996.875,4997.495,0.0291
1773786900000,2026-03-17,22:35:00,4997.475,4999.815,4996.948,4999.075,0.0208
1773787200000,2026-03-17,22:40:00,4999.055,4999.675,4995.205,4996.205,0.0351
1773787500000,2026-03-17,22:45:00,4996.175,5000.825,4993.015,4999.825,0.0577
1773787800000,2026-03-17,22:50:00,4999.805,5003.245,4998.205,4998.705,0.0432
1773788100000,2026-03-17,22:55:00,4998.725,5000.225,4998.005,4999.095,0.069
1773788400000,2026-03-17,23:00:00,4999.035,5001.698,4998.498,5000.998,0.0946
1773788700000,2026-03-17,23:05:00,5000.998,5002.098,4998.578,4999.738,0.1172
1773789000000,2026-03-17,23:10:00,4999.558,5000.805,4998.585,4998.955,0.0189
1773789300000,2026-03-17,23:15:00,4998.925,5001.315,4998.925,5000.385,0.0231
1773789600000,2026-03-17,23:20:00,5000.405,5001.255,5000.085,5000.115,0.013
1773789900000,2026-03-17,23:25:00,5000.155,5000.945,4998.815,4999.915,0.027
1773790200000,2026-03-17,23:30:00,4999.965,5003.485,4999.725,5002.445,0.0273
1773790500000,2026-03-17,23:35:00,5002.415,5002.545,5001.165,5001.165,0.0278
1773790800000,2026-03-17,23:40:00,5001.235,5002.865,5001.185,5001.935,0.0146
1773791100000,2026-03-17,23:45:00,5001.895,5002.295,5001.065,5001.525,0.0241
1773791400000,2026-03-17,23:50:00,5001.595,5002.765,5001.425,5002.745,0.0312
1773791700000,2026-03-17,23:55:00,5002.715,5002.855,5001.975,5002.695,0.0237
1773792000000,2026-03-18,00:00:00,5002.705,5007.265,5000.998,5006.465,0.073
1773792300000,2026-03-18,00:05:00,5006.485,5012.205,5006.455,5012.135,0.1014
1773792600000,2026-03-18,00:10:00,5012.115,5012.215,5008.955,5009.605,0.0779
1773792900000,2026-03-18,00:15:00,5009.705,5011.755,5005.665,5005.795,0.0582
1773793200000,2026-03-18,00:20:00,5005.685,5006.895,5004.155,5005.535,0.0534
1773793500000,2026-03-18,00:25:00,5005.495,5005.495,5002.495,5002.605,0.0451
1773793800000,2026-03-18,00:30:00,5002.635,5003.185,5000.415,5000.855,0.0718
1773794100000,2026-03-18,00:35:00,5000.915,5001.745,5000.055,5000.805,0.0645
1773794400000,2026-03-18,00:40:00,5000.755,5004.495,4999.898,5004.235,0.0619
1773794700000,2026-03-18,00:45:00,5004.215,5006.145,5000.988,5005.115,0.0694
1773795000000,2026-03-18,00:50:00,5005.085,5007.955,5004.445,5005.365,0.0647
1773795300000,2026-03-18,00:55:00,5005.305,5005.305,5002.865,5004.085,0.0587
1773795600000,2026-03-18,01:00:00,5004.045,5008.485,4997.685,5008.175,0.1613
1773795900000,2026-03-18,01:05:00,5008.155,5012.495,5007.575,5011.975,0.1932
1773796200000,2026-03-18,01:10:00,5011.975,5015.505,5010.875,5011.365,0.1212
1773796500000,2026-03-18,01:15:00,5011.365,5014.485,5010.875,5012.365,0.0766
1773796800000,2026-03-18,01:20:00,5012.395,5015.675,5011.225,5011.695,0.084
1773797100000,2026-03-18,01:25:00,5011.678,5011.898,5007.575,5007.738,0.098
1773797400000,2026-03-18,01:30:00,5007.718,5009.285,5005.665,5005.765,0.109
1773797700000,2026-03-18,01:35:00,5005.735,5006.175,5001.225,5005.375,0.1484
1773798000000,2026-03-18,01:40:00,5005.345,5005.395,5001.625,5001.635,0.1986
1773798300000,2026-03-18,01:45:00,5001.605,5001.685,4996.185,4998.825,0.152
1773798600000,2026-03-18,01:50:00,4998.825,4999.085,4991.035,4998.455,0.1789
1773798900000,2026-03-18,01:55:00,4998.555,5000.115,4995.035,4998.485,0.1494
1773799200000,2026-03-18,02:00:00,4998.515,5002.095,4997.805,4998.245,0.1094
1773799500000,2026-03-18,02:05:00,4997.615,5000.645,4996.205,5000.125,0.0912
1773799800000,2026-03-18,02:10:00,5000.085,5001.165,4998.645,4999.505,0.0694
1773800100000,2026-03-18,02:15:00,4999.545,5004.235,4998.805,5002.875,0.0541
1773800400000,2026-03-18,02:20:00,5003.238,5006.745,5001.638,5001.638,0.1016
1773800700000,2026-03-18,02:25:00,5001.635,5003.875,5001.385,5001.895,0.0711
1773801000000,2026-03-18,02:30:00,5001.865,5003.285,4999.715,5002.795,0.0998
1773801300000,2026-03-18,02:35:00,5002.835,5003.525,5000.215,5001.325,0.091
1773801600000,2026-03-18,02:40:00,5001.275,5001.855,5000.295,5001.015,0.0584
1773801900000,2026-03-18,02:45:00,5000.995,5003.835,5000.955,5001.575,0.0639
1773802200000,2026-03-18,02:50:00,5001.555,5002.925,4994.578,4995.785,0.1246
1773802500000,2026-03-18,02:55:00,4995.705,4995.705,4989.995,4991.575,0.2244
1773802800000,2026-03-18,03:00:00,4991.565,4992.195,4985.845,4989.365,0.2455
1773803100000,2026-03-18,03:05:00,4989.415,4993.295,4986.558,4991.515,0.1324
1773803400000,2026-03-18,03:10:00,4991.585,4996.005,4991.025,4993.825,0.1106
1773803700000,2026-03-18,03:15:00,4994.005,4995.685,4993.425,4995.315,0.0748
1773804000000,2026-03-18,03:20:00,4995.415,4996.625,4994.545,4995.935,0.0788
1773804300000,2026-03-18,03:25:00,4996.015,4996.475,4994.235,4995.935,0.0899
1773804600000,2026-03-18,03:30:00,4995.975,4996.785,4994.855,4995.365,0.0645
1773804900000,2026-03-18,03:35:00,4995.405,4997.345,4994.895,4995.315,0.0568
1773805200000,2026-03-18,03:40:00,4995.345,4997.215,4993.578,4994.448,0.0918
1773805500000,2026-03-18,03:45:00,4994.438,4995.005,4992.925,4993.825,0.1414
1773805800000,2026-03-18,03:50:00,4993.775,4994.105,4992.025,4992.055,0.0516
1773806100000,2026-03-18,03:55:00,4992.075,4992.515,4989.465,4990.965,0.069
1773806400000,2026-03-18,04:00:00,4991.005,4992.675,4989.315,4990.875,0.0666
1773806700000,2026-03-18,04:05:00,4990.858,4992.305,4990.238,4991.125,0.0395
1773807000000,2026-03-18,04:10:00,4991.105,4991.775,4989.285,4990.315,0.0379
1773807300000,2026-03-18,04:15:00,4990.295,4992.385,4990.255,4991.845,0.0325
1773807600000,2026-03-18,04:20:00,4991.765,4993.325,4990.585,4992.015,0.0366
1773807900000,2026-03-18,04:25:00,4991.915,4992.385,4990.305,4990.405,0.0342
1773808200000,2026-03-18,04:30:00,4990.375,4990.875,4985.715,4987.845,0.0731
1773808500000,2026-03-18,04:35:00,4987.858,4988.405,4982.275,4982.818,0.1117
1773808800000,2026-03-18,04:40:00,4982.818,4985.335,4981.425,4984.195,0.0817
1773809100000,2026-03-18,04:45:00,4984.165,4986.405,4984.025,4984.865,0.0469
1773809400000,2026-03-18,04:50:00,4984.845,4986.195,4982.885,4982.885,0.0583
1773809700000,2026-03-18,04:55:00,4983.105,4986.905,4982.085,4986.725,0.0698
1773810000000,2026-03-18,05:00:00,4986.675,4987.515,4984.435,4984.645,0.0587
1773810300000,2026-03-18,05:05:00,4984.515,4990.885,4984.465,4990.325,0.0767
1773810600000,2026-03-18,05:10:00,4990.345,4991.795,4989.235,4989.875,0.0451
1773810900000,2026-03-18,05:15:00,4989.675,4990.285,4985.185,4985.975,0.0522
1773811200000,2026-03-18,05:20:00,4986.025,4992.285,4985.855,4991.665,0.0935
1773811500000,2026-03-18,05:25:00,4991.635,4991.678,4988.165,4990.805,0.0592
1773811800000,2026-03-18,05:30:00,4990.835,4993.435,4987.435,4993.435,0.1379
1773812100000,2026-03-18,05:35:00,4993.355,5001.185,4992.475,4996.985,0.1417
1773812400000,2026-03-18,05:40:00,4996.965,5000.955,4995.395,4998.898,0.1177
1773812700000,2026-03-18,05:45:00,4998.778,5002.265,4997.598,4997.598,0.148
1773813000000,2026-03-18,05:50:00,4997.505,5001.105,4997.198,5000.645,0.091
1773813300000,2026-03-18,05:55:00,5000.595,5000.825,4994.295,4997.445,0.1066
1773813600000,2026-03-18,06:00:00,4997.465,5000.915,4997.175,4999.105,0.0996
1773813900000,2026-03-18,06:05:00,4999.155,5002.735,4995.978,5002.595,0.1337
1773814200000,2026-03-18,06:10:00,5002.685,5009.045,5001.645,5009.015,0.1312
1773814500000,2026-03-18,06:15:00,5008.985,5010.595,5006.825,5008.925,0.1741
1773814800000,2026-03-18,06:20:00,5008.865,5009.735,5006.525,5009.465,0.13
1773815100000,2026-03-18,06:25:00,5009.535,5009.755,5007.765,5008.445,0.0899
1773815400000,2026-03-18,06:30:00,5008.495,5013.025,5008.075,5012.935,0.1588
1773815700000,2026-03-18,06:35:00,5012.865,5016.065,5011.208,5011.935,0.116
1773816000000,2026-03-18,06:40:00,5011.965,5013.225,5010.465,5010.945,0.0755
1773816300000,2026-03-18,06:45:00,5010.905,5014.455,5010.465,5012.925,0.088
1773816600000,2026-03-18,06:50:00,5012.865,5013.705,5008.318,5010.255,0.0986
1773816900000,2026-03-18,06:55:00,5010.295,5011.135,5008.355,5009.105,0.0668
1773817200000,2026-03-18,07:00:00,5009.075,5012.535,5009.075,5012.175,0.062
1773817500000,2026-03-18,07:05:00,5012.495,5014.625,5011.215,5011.235,0.0694
1773817800000,2026-03-18,07:10:00,5011.055,5011.705,5009.465,5009.485,0.0468
1773818100000,2026-03-18,07:15:00,5009.465,5009.725,5006.305,5006.385,0.0634
1773818400000,2026-03-18,07:20:00,5006.415,5008.315,5006.115,5008.295,0.0432
1773818700000,2026-03-18,07:25:00,5008.315,5009.025,5005.955,5008.955,0.053
1773819000000,2026-03-18,07:30:00,5009.225,5009.535,5007.065,5007.415,0.0322
1773819300000,2026-03-18,07:35:00,5007.375,5007.375,5004.595,5006.325,0.0608
1773819600000,2026-03-18,07:40:00,5006.355,5007.165,5001.038,5001.665,0.0531
1773819900000,2026-03-18,07:45:00,5001.615,5001.995,4995.005,4995.455,0.1172
1773820200000,2026-03-18,07:50:00,4995.575,4996.195,4990.205,4991.095,0.1246
1773820500000,2026-03-18,07:55:00,4991.045,4995.169,4989.119,4994.209,0.4463
1773820800000,2026-03-18,08:00:00,4994.259,4996.139,4989.949,4993.939,0.9664
1773821100000,2026-03-18,08:05:00,4993.969,4994.079,4985.059,4991.119,1.0404
1773821400000,2026-03-18,08:10:00,4991.109,4993.869,4989.609,4992.119,1.2431
1773821700000,2026-03-18,08:15:00,4991.939,4994.769,4988.919,4989.729,1.4243
1773822000000,2026-03-18,08:20:00,4989.659,4990.689,4981.049,4984.709,1.6644
1773822300000,2026-03-18,08:25:00,4984.629,4988.449,4981.459,4988.439,1.2997
1773822600000,2026-03-18,08:30:00,4988.349,4990.929,4986.589,4990.839,0.8294
1773822900000,2026-03-18,08:35:00,4990.919,4991.229,4982.049,4986.859,0.9693
1773823200000,2026-03-18,08:40:00,4986.879,4988.619,4981.849,4984.179,1.1423
1773823500000,2026-03-18,08:45:00,4983.919,4989.599,4975.429,4987.719,1.4338
1773823800000,2026-03-18,08:50:00,4987.709,4988.239,4984.159,4985.739,0.8277
1773824100000,2026-03-18,08:55:00,4985.699,4987.929,4984.139,4986.609,1.3565
1773824400000,2026-03-18,09:00:00,4986.649,4989.939,4984.959,4989.499,1.3797
1773824700000,2026-03-18,09:05:00,4989.579,4990.109,4987.109,4989.179,0.899
1773825000000,2026-03-18,09:10:00,4989.129,4989.289,4985.339,4985.469,0.9295
1773825300000,2026-03-18,09:15:00,4985.559,4988.389,4983.779,4987.289,0.721
1773825600000,2026-03-18,09:20:00,4987.419,4993.649,4987.419,4990.939,1.3431
1773825900000,2026-03-18,09:25:00,4990.869,4993.519,4988.619,4991.689,1.0668
1773826200000,2026-03-18,09:30:00,4991.619,4993.819,4989.939,4991.639,0.6366
1773826500000,2026-03-18,09:35:00,4991.649,4995.545,4991.649,4993.285,0.1734
1773826800000,2026-03-18,09:40:00,4993.395,4993.705,4991.925,4992.945,0.0542
1773827100000,2026-03-18,09:45:00,4993.135,4993.445,4991.178,4991.395,0.0625
1773827400000,2026-03-18,09:50:00,4991.435,4994.875,4991.435,4992.575,0.0627
1773827700000,2026-03-18,09:55:00,4992.485,4993.275,4990.595,4991.955,0.0443
1773828000000,2026-03-18,10:00:00,4991.985,4992.035,4988.668,4988.798,0.0659
1773828300000,2026-03-18,10:05:00,4988.798,4991.365,4986.905,4990.005,0.0774
1773828600000,2026-03-18,10:10:00,4990.035,4991.465,4988.005,4988.725,0.0811
1773828900000,2026-03-18,10:15:00,4988.755,4990.025,4986.395,4989.375,0.0695
1773829200000,2026-03-18,10:20:00,4989.395,4990.905,4987.648,4988.785,0.101
1773829500000,2026-03-18,10:25:00,4988.785,4988.785,4980.645,4982.315,0.1034
1773829800000,2026-03-18,10:30:00,4982.295,4987.465,4979.085,4980.365,0.1196
1773830100000,2026-03-18,10:35:00,4980.495,4980.525,4959.935,4976.825,0.1971
1773830400000,2026-03-18,10:40:00,4976.865,4979.555,4972.928,4977.795,0.15
1773830700000,2026-03-18,10:45:00,4977.278,4980.055,4975.415,4976.368,0.0856
1773831000000,2026-03-18,10:50:00,4976.318,4976.438,4971.835,4972.425,0.1693
1773831300000,2026-03-18,10:55:00,4972.445,4972.885,4958.575,4967.625,0.1647
1773831600000,2026-03-18,11:00:00,4967.605,4969.615,4956.915,4958.275,0.1355
1773831900000,2026-03-18,11:05:00,4958.298,4958.678,4950.165,4957.135,0.1925
1773832200000,2026-03-18,11:10:00,4957.235,4970.305,4955.395,4969.975,0.151
1773832500000,2026-03-18,11:15:00,4970.055,4972.295,4968.225,4971.645,0.1272
1773832800000,2026-03-18,11:20:00,4971.395,4973.725,4964.815,4965.685,0.1082
1773833100000,2026-03-18,11:25:00,4965.735,4965.965,4946.205,4948.215,0.2358
1773833400000,2026-03-18,11:30:00,4948.125,4961.755,4945.955,4956.345,0.1941
1773833700000,2026-03-18,11:35:00,4956.305,4956.795,4946.205,4947.065,0.2152
1773834000000,2026-03-18,11:40:00,4947.098,4947.098,4934.405,4938.975,0.29
1773834300000,2026-03-18,11:45:00,4938.835,4945.065,4929.635,4938.685,0.2333
1773834600000,2026-03-18,11:50:00,4938.565,4939.935,4931.215,4932.045,0.2125
1773834900000,2026-03-18,11:55:00,4932.025,4934.478,4924.575,4930.055,0.2156
1773835200000,2026-03-18,12:00:00,4930.085,4930.928,4921.195,4929.695,0.2319
1773835500000,2026-03-18,12:05:00,4929.665,4932.345,4912.178,4913.158,0.2553
1773835800000,2026-03-18,12:10:00,4913.178,4919.065,4905.045,4908.005,0.2888
1773836100000,2026-03-18,12:15:00,4907.938,4912.235,4898.285,4905.035,0.3259
1773836400000,2026-03-18,12:20:00,4905.035,4908.135,4897.265,4899.035,0.3199
1773836700000,2026-03-18,12:25:00,4899.005,4904.575,4895.465,4901.235,0.2471
1773837000000,2026-03-18,12:30:00,4901.365,4901.495,4884.605,4887.575,0.3113
1773837300000,2026-03-18,12:35:00,4887.555,4889.175,4878.078,4883.355,0.3572
1773837600000,2026-03-18,12:40:00,4883.335,4889.675,4873.825,4878.075,0.3328
1773837900000,2026-03-18,12:45:00,4878.105,4879.515,4872.815,4873.995,0.2853
1773838200000,2026-03-18,12:50:00,4873.975,4891.455,4870.365,4886.858,0.3555
1773838500000,2026-03-18,12:55:00,4886.818,4887.918,4877.405,4881.315,0.2668
1773838800000,2026-03-18,13:00:00,4881.245,4881.245,4852.975,4860.515,0.3677
1773839100000,2026-03-18,13:05:00,4860.505,4867.405,4855.565,4861.395,0.3164
1773839400000,2026-03-18,13:10:00,4861.425,4865.225,4849.335,4858.445,0.3217
1773839700000,2026-03-18,13:15:00,4858.475,4858.475,4833.865,4850.915,0.3639
1773840000000,2026-03-18,13:20:00,4850.885,4862.915,4849.525,4857.965,0.292
1773840300000,2026-03-18,13:25:00,4857.965,4865.585,4857.175,4861.285,0.3174
1773840600000,2026-03-18,13:30:00,4861.335,4862.865,4850.225,4857.415,0.4489
1773840900000,2026-03-18,13:35:00,4857.395,4869.665,4853.485,4867.698,0.4425
1773841200000,2026-03-18,13:40:00,4867.775,4885.305,4865.458,4872.945,0.3623
1773841500000,2026-03-18,13:45:00,4873.135,4879.075,4866.985,4870.995,0.3498
1773841800000,2026-03-18,13:50:00,4871.025,4871.835,4860.418,4871.445,0.3892
1773842100000,2026-03-18,13:55:00,4871.485,4880.245,4866.925,4877.875,0.3383
1773842400000,2026-03-18,14:00:00,4877.875,4886.325,4871.798,4883.825,0.4611
1773842700000,2026-03-18,14:05:00,4883.825,4894.355,4883.805,4892.175,0.3289
1773843000000,2026-03-18,14:10:00,4892.875,4893.265,4879.835,4880.625,0.5382
1773843300000,2026-03-18,14:15:00,4880.625,4883.095,4872.435,4872.635,0.6049
1773843600000,2026-03-18,14:20:00,4872.615,4873.255,4863.455,4866.785,0.4996
1773843900000,2026-03-18,14:25:00,4866.745,4866.785,4858.815,4860.705,0.3556
1773844200000,2026-03-18,14:30:00,4860.655,4865.015,4856.405,4861.605,0.2887
1773844500000,2026-03-18,14:35:00,4861.545,4864.785,4856.298,4859.635,0.2908
1773844800000,2026-03-18,14:40:00,4859.565,4863.655,4857.305,4860.905,0.2915
1773845100000,2026-03-18,14:45:00,4860.905,4870.855,4860.638,4865.765,0.2999
1773845400000,2026-03-18,14:50:00,4865.765,4869.585,4860.535,4863.485,0.3204
1773845700000,2026-03-18,14:55:00,4863.505,4872.305,4863.435,4869.265,0.2463
1773846000000,2026-03-18,15:00:00,4869.495,4875.225,4865.475,4869.175,0.3622
1773846300000,2026-03-18,15:05:00,4869.175,4878.035,4868.885,4877.575,0.3869
1773846600000,2026-03-18,15:10:00,4877.615,4877.625,4869.635,4875.095,0.2845
1773846900000,2026-03-18,15:15:00,4875.145,4879.775,4873.505,4875.545,0.5089
1773847200000,2026-03-18,15:20:00,4875.505,4876.795,4866.695,4873.795,0.3278
1773847500000,2026-03-18,15:25:00,4873.855,4874.125,4868.215,4871.698,0.2252
1773847800000,2026-03-18,15:30:00,4871.738,4874.435,4870.485,4873.045,0.2034
1773848100000,2026-03-18,15:35:00,4873.075,4875.185,4871.748,4872.855,0.1867
1773848400000,2026-03-18,15:40:00,4872.725,4874.028,4863.935,4864.205,0.2593
1773848700000,2026-03-18,15:45:00,4864.165,4866.365,4860.825,4862.815,0.2506
1773849000000,2026-03-18,15:50:00,4862.765,4865.915,4861.495,4864.655,0.1896
1773849300000,2026-03-18,15:55:00,4864.635,4866.135,4861.585,4862.185,0.2115
1773849600000,2026-03-18,16:00:00,4862.165,4869.485,4860.668,4865.385,0.2467
1773849900000,2026-03-18,16:05:00,4865.388,4870.425,4865.195,4868.738,0.2223
1773850200000,2026-03-18,16:10:00,4868.765,4879.165,4868.765,4877.885,0.208
1773850500000,2026-03-18,16:15:00,4877.865,4878.255,4873.735,4876.685,0.1664
1773850800000,2026-03-18,16:20:00,4876.655,4879.195,4874.875,4877.675,0.139
1773851100000,2026-03-18,16:25:00,4877.695,4883.035,4876.255,4882.185,0.1812
1773851400000,2026-03-18,16:30:00,4882.215,4882.665,4875.415,4878.065,0.1976
1773851700000,2026-03-18,16:35:00,4878.045,4879.665,4873.105,4879.665,0.1872
1773852000000,2026-03-18,16:40:00,4879.695,4882.505,4876.715,4882.505,0.1636
1773852300000,2026-03-18,16:45:00,4882.465,4884.855,4880.465,4881.878,0.1953
1773852600000,2026-03-18,16:50:00,4881.908,4888.805,4879.755,4887.295,0.1826
1773852900000,2026-03-18,16:55:00,4887.345,4890.265,4885.775,4886.615,0.1563
1773853200000,2026-03-18,17:00:00,4886.695,4889.785,4884.318,4889.045,0.1575
1773853500000,2026-03-18,17:05:00,4889.015,4889.875,4885.825,4887.375,0.1244
1773853800000,2026-03-18,17:10:00,4887.405,4887.925,4883.745,4886.895,0.1276
1773854100000,2026-03-18,17:15:00,4887.165,4889.895,4885.305,4889.475,0.1285
1773854400000,2026-03-18,17:20:00,4889.455,4896.925,4887.455,4896.555,0.1733
1773854700000,2026-03-18,17:25:00,4896.615,4897.895,4890.598,4890.865,0.1845
1773855000000,2026-03-18,17:30:00,4890.805,4894.465,4887.055,4894.465,0.1595
1773855300000,2026-03-18,17:35:00,4894.485,4898.795,4894.265,4898.175,0.1231
1773855600000,2026-03-18,17:40:00,4898.155,4898.205,4889.865,4894.375,0.1201
1773855900000,2026-03-18,17:45:00,4893.975,4895.675,4889.915,4891.255,0.1339
1773856200000,2026-03-18,17:50:00,4891.115,4893.525,4888.655,4890.515,0.1517
1773856500000,2026-03-18,17:55:00,4890.615,4892.455,4889.205,4889.545,0.0967
1773856800000,2026-03-18,18:00:00,4889.485,4899.085,4883.125,4889.235,0.2423
1773857100000,2026-03-18,18:05:00,4888.825,4889.475,4880.715,4883.205,0.2059
1773857400000,2026-03-18,18:10:00,4883.225,4889.625,4881.125,4887.355,0.2018
1773857700000,2026-03-18,18:15:00,4887.295,4889.415,4878.755,4884.495,0.2479
1773858000000,2026-03-18,18:20:00,4884.145,4886.895,4879.775,4880.585,0.1985
1773858300000,2026-03-18,18:25:00,4880.635,4886.495,4876.555,4885.455,0.1416
1773858600000,2026-03-18,18:30:00,4885.695,4887.855,4872.305,4876.855,0.2233
1773858900000,2026-03-18,18:35:00,4876.855,4887.235,4874.625,4875.805,0.2761
1773859200000,2026-03-18,18:40:00,4875.775,4882.963,4875.345,4878.295,0.2404
1773859500000,2026-03-18,18:45:00,4878.205,4878.585,4867.275,4868.395,0.2462
1773859800000,2026-03-18,18:50:00,4868.108,4870.055,4862.295,4864.275,0.258
1773860100000,2026-03-18,18:55:00,4864.205,4865.935,4852.185,4852.815,0.2497
1773860400000,2026-03-18,19:00:00,4852.775,4857.235,4843.355,4856.625,0.2722
1773860700000,2026-03-18,19:05:00,4856.975,4858.695,4852.145,4857.275,0.2707
1773861000000,2026-03-18,19:10:00,4857.245,4861.095,4850.045,4856.895,0.2274
1773861300000,2026-03-18,19:15:00,4856.915,4865.095,4856.375,4861.605,0.2084
1773861600000,2026-03-18,19:20:00,4861.575,4862.565,4844.415,4847.025,0.2316
1773861900000,2026-03-18,19:25:00,4846.975,4850.265,4843.605,4848.985,0.2376
1773862200000,2026-03-18,19:30:00,4848.585,4856.905,4848.285,4856.595,0.2329
1773862500000,2026-03-18,19:35:00,4856.575,4859.985,4854.745,4856.495,0.1963
1773862800000,2026-03-18,19:40:00,4856.475,4858.125,4846.025,4850.455,0.1844
1773863100000,2026-03-18,19:45:00,4850.425,4851.125,4842.725,4844.215,0.2366
1773863400000,2026-03-18,19:50:00,4844.255,4846.225,4838.295,4843.455,0.2559
1773863700000,2026-03-18,19:55:00,4843.325,4845.865,4839.668,4842.935,0.2701
1773864000000,2026-03-18,20:00:00,4842.575,4848.535,4841.535,4846.265,0.1114
1773864300000,2026-03-18,20:05:00,4846.325,4847.015,4836.535,4837.135,0.0999
1773864600000,2026-03-18,20:10:00,4837.155,4842.375,4823.685,4825.615,0.1648
1773864900000,2026-03-18,20:15:00,4825.605,4825.705,4819.515,4822.095,0.1867
1773865200000,2026-03-18,20:20:00,4821.828,4828.265,4819.755,4821.685,0.1312
1773865500000,2026-03-18,20:25:00,4821.685,4825.465,4808.695,4811.095,0.1865
1773865800000,2026-03-18,20:30:00,4811.035,4814.675,4806.675,4811.795,0.136
1773866100000,2026-03-18,20:35:00,4811.775,4820.155,4811.685,4815.735,0.1416
1773866400000,2026-03-18,20:40:00,4815.745,4821.188,4815.705,4820.795,0.1556
1773866700000,2026-03-18,20:45:00,4820.945,4826.655,4817.875,4825.405,0.1173
1773867000000,2026-03-18,20:50:00,4825.505,4826.405,4816.445,4817.385,0.0906
1773867300000,2026-03-18,20:55:00,4817.415,4820.045,4816.755,4818.255,0.0878
1773871200000,2026-03-18,22:00:00,4823.598,4836.675,4816.498,4824.775,0.1765
1773871500000,2026-03-18,22:05:00,4824.365,4831.525,4819.625,4826.525,0.1336
1773871800000,2026-03-18,22:10:00,4826.555,4827.035,4814.968,4818.095,0.1479
1773872100000,2026-03-18,22:15:00,4818.195,4821.085,4809.395,4821.085,0.1839
1773872400000,2026-03-18,22:20:00,4821.065,4821.525,4803.845,4821.505,0.1973
1773872700000,2026-03-18,22:25:00,4821.525,4825.465,4815.485,4815.485,0.1175
1773873000000,2026-03-18,22:30:00,4815.235,4818.155,4808.545,4817.625,0.1296
1773873300000,2026-03-18,22:35:00,4817.595,4829.305,4817.275,4823.405,0.1465
1773873600000,2026-03-18,22:40:00,4823.355,4828.635,4823.355,4827.895,0.0956
1773873900000,2026-03-18,22:45:00,4827.815,4838.725,4825.895,4833.405,0.1197
1773874200000,2026-03-18,22:50:00,4833.385,4838.825,4829.865,4832.435,0.1357
1773874500000,2026-03-18,22:55:00,4832.475,4833.998,4828.548,4833.998,0.1565
1773874800000,2026-03-18,23:00:00,4833.845,4836.548,4827.685,4833.088,0.4131
1773875100000,2026-03-18,23:05:00,4833.098,4835.688,4830.888,4833.598,0.3603
1773875400000,2026-03-18,23:10:00,4833.558,4836.575,4832.095,4834.175,0.0799
1773875700000,2026-03-18,23:15:00,4834.205,4835.555,4828.085,4829.985,0.0652
1773876000000,2026-03-18,23:20:00,4829.955,4835.175,4829.955,4835.175,0.0639
1773876300000,2026-03-18,23:25:00,4835.145,4840.665,4834.615,4836.655,0.0992
1773876600000,2026-03-18,23:30:00,4836.625,4840.195,4833.975,4835.675,0.0813
1773876900000,2026-03-18,23:35:00,4835.745,4838.235,4834.075,4838.115,0.0718
1773877200000,2026-03-18,23:40:00,4838.145,4842.245,4833.785,4833.905,0.0869
1773877500000,2026-03-18,23:45:00,4833.835,4837.445,4829.645,4836.205,0.134
1773877800000,2026-03-18,23:50:00,4836.225,4836.225,4829.955,4835.335,0.0826
1773878100000,2026-03-18,23:55:00,4835.355,4838.075,4833.145,4836.505,0.0779
1773878400000,2026-03-19,00:00:00,4836.495,4846.235,4835.155,4845.445,0.1231
1773878700000,2026-03-19,00:05:00,4845.405,4847.855,4842.025,4842.215,0.088
1773879000000,2026-03-19,00:10:00,4842.215,4845.595,4836.175,4843.185,0.1151
1773879300000,2026-03-19,00:15:00,4843.225,4844.215,4838.595,4840.175,0.0795
1773879600000,2026-03-19,00:20:00,4840.175,4843.245,4838.695,4842.335,0.1678
1773879900000,2026-03-19,00:25:00,4842.355,4842.875,4836.495,4842.165,0.0816
1773880200000,2026-03-19,00:30:00,4842.145,4846.775,4839.335,4844.745,0.1129
1773880500000,2026-03-19,00:35:00,4844.775,4848.465,4842.585,4843.555,0.1097
1773880800000,2026-03-19,00:40:00,4843.525,4845.445,4838.065,4840.645,0.1105
1773881100000,2026-03-19,00:45:00,4840.665,4845.935,4837.585,4843.755,0.1242
1773881400000,2026-03-19,00:50:00,4843.785,4844.405,4838.435,4840.585,0.0823
1773881700000,2026-03-19,00:55:00,4840.315,4843.045,4839.185,4841.095,0.0687
1773882000000,2026-03-19,01:00:00,4841.115,4853.325,4840.185,4842.325,0.2303
1773882300000,2026-03-19,01:05:00,4842.055,4842.055,4832.745,4841.085,0.2107
1773882600000,2026-03-19,01:10:00,4841.025,4842.135,4834.865,4837.815,0.15
1773882900000,2026-03-19,01:15:00,4837.865,4840.885,4835.825,4837.385,0.1224
1773883200000,2026-03-19,01:20:00,4837.415,4839.275,4833.605,4837.005,0.127
1773883500000,2026-03-19,01:25:00,4837.135,4845.635,4834.715,4845.355,0.141
1773883800000,2026-03-19,01:30:00,4845.375,4849.875,4842.745,4847.805,0.1586
1773884100000,2026-03-19,01:35:00,4847.775,4861.905,4847.675,4861.875,0.1996
1773884400000,2026-03-19,01:40:00,4861.915,4866.995,4860.975,4865.515,0.1525
1773884700000,2026-03-19,01:45:00,4865.555,4865.555,4853.425,4857.305,0.1332
1773885000000,2026-03-19,01:50:00,4857.335,4857.985,4851.395,4857.095,0.1142
1773885300000,2026-03-19,01:55:00,4857.115,4858.825,4848.885,4849.585,0.1061
1773885600000,2026-03-19,02:00:00,4849.545,4851.515,4845.445,4845.805,0.1313
1773885900000,2026-03-19,02:05:00,4845.835,4848.595,4841.158,4847.025,0.1674
1773886200000,2026-03-19,02:10:00,4846.925,4850.055,4846.055,4849.165,0.1344
1773886500000,2026-03-19,02:15:00,4849.265,4853.475,4847.945,4850.525,0.0937
1773886800000,2026-03-19,02:20:00,4850.565,4857.165,4850.025,4857.015,0.0767
1773887100000,2026-03-19,02:25:00,4857.195,4858.115,4855.765,4857.035,0.0381
1773887400000,2026-03-19,02:30:00,4857.015,4858.135,4853.675,4856.558,0.1293
1773887700000,2026-03-19,02:35:00,4856.578,4859.985,4855.145,4856.235,0.1395
1773888000000,2026-03-19,02:40:00,4856.255,4861.295,4855.555,4861.025,0.0986
1773888300000,2026-03-19,02:45:00,4861.045,4861.355,4855.795,4857.385,0.1226
1773888600000,2026-03-19,02:50:00,4857.355,4861.515,4853.225,4860.925,0.1037
1773888900000,2026-03-19,02:55:00,4860.905,4861.825,4853.855,4858.505,0.1305
1773889200000,2026-03-19,03:00:00,4858.435,4861.525,4854.575,4859.805,0.1185
1773889500000,2026-03-19,03:05:00,4859.795,4863.725,4854.865,4863.335,0.084
1773889800000,2026-03-19,03:10:00,4863.365,4864.715,4860.875,4864.045,0.108
1773890100000,2026-03-19,03:15:00,4863.985,4865.618,4863.185,4864.515,0.0754
1773890400000,2026-03-19,03:20:00,4864.475,4864.645,4857.135,4857.435,0.0902
1773890700000,2026-03-19,03:25:00,4857.405,4860.285,4856.475,4859.755,0.0759
1773891000000,2026-03-19,03:30:00,4859.885,4860.055,4854.145,4855.675,0.0682
1773891300000,2026-03-19,03:35:00,4855.645,4855.735,4852.035,4855.025,0.0548
1773891600000,2026-03-19,03:40:00,4855.005,4857.325,4854.115,4856.005,0.0524
1773891900000,2026-03-19,03:45:00,4856.025,4857.035,4854.225,4855.505,0.0445
1773892200000,2026-03-19,03:50:00,4855.565,4855.565,4851.218,4852.378,0.0778
1773892500000,2026-03-19,03:55:00,4852.418,4852.505,4850.388,4850.605,0.0946
1773892800000,2026-03-19,04:00:00,4850.515,4851.405,4848.525,4849.385,0.062
1773893100000,2026-03-19,04:05:00,4849.575,4849.968,4847.235,4849.425,0.0679
1773893400000,2026-03-19,04:10:00,4849.365,4851.575,4847.995,4850.945,0.0311
1773893700000,2026-03-19,04:15:00,4850.915,4851.425,4850.245,4850.855,0.0336
1773894000000,2026-03-19,04:20:00,4850.945,4852.735,4849.655,4852.335,0.0451
1773894300000,2026-03-19,04:25:00,4852.495,4853.565,4849.795,4850.235,0.0458
1773894600000,2026-03-19,04:30:00,4850.215,4851.865,4848.045,4850.865,0.0515
1773894900000,2026-03-19,04:35:00,4850.895,4852.646,4849.375,4849.785,0.0463
1773895200000,2026-03-19,04:40:00,4849.795,4851.275,4849.225,4849.225,0.0565
1773895500000,2026-03-19,04:45:00,4849.205,4849.425,4845.465,4846.105,0.0584
1773895800000,2026-03-19,04:50:00,4846.165,4849.705,4846.025,4849.355,0.062
1773896100000,2026-03-19,04:55:00,4849.415,4850.075,4848.175,4849.495,0.0888
1773896400000,2026-03-19,05:00:00,4849.595,4852.745,4846.745,4852.695,0.1261
1773896700000,2026-03-19,05:05:00,4852.675,4853.555,4848.508,4848.535,0.1249
1773897000000,2026-03-19,05:10:00,4848.565,4850.995,4846.315,4850.295,0.0726
1773897300000,2026-03-19,05:15:00,4850.315,4853.315,4850.235,4852.795,0.0593
1773897600000,2026-03-19,05:20:00,4852.775,4853.635,4848.835,4850.565,0.0656
1773897900000,2026-03-19,05:25:00,4850.595,4850.905,4846.225,4846.415,0.0609
1773898200000,2026-03-19,05:30:00,4846.475,4846.485,4839.105,4840.665,0.2192
1773898500000,2026-03-19,05:35:00,4840.785,4841.785,4832.128,4832.615,0.24
1773898800000,2026-03-19,05:40:00,4832.705,4836.005,4832.145,4833.485,0.2126
1773899100000,2026-03-19,05:45:00,4833.505,4838.785,4829.165,4837.395,0.1576
1773899400000,2026-03-19,05:50:00,4837.405,4840.005,4834.585,4834.765,0.1356
1773899700000,2026-03-19,05:55:00,4834.805,4835.165,4826.675,4827.345,0.1726
1773900000000,2026-03-19,06:00:00,4827.275,4842.265,4827.195,4837.025,0.2663
1773900300000,2026-03-19,06:05:00,4836.995,4839.785,4830.795,4833.395,0.1621
1773900600000,2026-03-19,06:10:00,4833.295,4835.805,4831.495,4832.965,0.1132
1773900900000,2026-03-19,06:15:00,4832.895,4833.555,4821.465,4821.805,0.1806
1773901200000,2026-03-19,06:20:00,4821.825,4826.335,4816.075,4819.395,0.2224
1773901500000,2026-03-19,06:25:00,4819.325,4823.535,4812.935,4813.555,0.2247
1773901800000,2026-03-19,06:30:00,4813.535,4819.795,4807.158,4807.715,0.2211
1773902100000,2026-03-19,06:35:00,4807.975,4808.275,4791.075,4795.875,0.3931
1773902400000,2026-03-19,06:40:00,4795.925,4796.145,4779.915,4785.758,0.3275
1773902700000,2026-03-19,06:45:00,4785.778,4788.178,4759.125,4766.965,0.3407
1773903000000,2026-03-19,06:50:00,4766.945,4767.355,4747.505,4754.035,0.3369
1773903300000,2026-03-19,06:55:00,4754.365,4770.095,4748.155,4763.385,0.3082
1773903600000,2026-03-19,07:00:00,4763.475,4772.945,4762.585,4768.475,0.2687
1773903900000,2026-03-19,07:05:00,4768.455,4782.905,4764.115,4780.265,0.2191
1773904200000,2026-03-19,07:10:00,4780.225,4784.275,4776.285,4777.915,0.2144
1773904500000,2026-03-19,07:15:00,4777.975,4781.865,4773.125,4774.115,0.1739
1773904800000,2026-03-19,07:20:00,4774.235,4775.935,4762.415,4766.245,0.1953
1773905100000,2026-03-19,07:25:00,4765.925,4770.715,4756.865,4770.635,0.2053
1773905400000,2026-03-19,07:30:00,4770.555,4770.985,4757.055,4764.635,0.1552
1773905700000,2026-03-19,07:35:00,4765.09,4771.3,4762.895,4766.765,0.1232
1773906000000,2026-03-19,07:40:00,4766.678,4768.995,4735.535,4739.375,0.234
1773906300000,2026-03-19,07:45:00,4739.355,4752.615,4738.605,4750.715,0.1867
1773906600000,2026-03-19,07:50:00,4750.605,4754.855,4745.875,4753.615,0.1382
1773906900000,2026-03-19,07:55:00,4753.855,4754.105,4726.755,4727.635,0.2203
1773907200000,2026-03-19,08:00:00,4727.525,4740.145,4726.695,4736.605,0.2659
1773907500000,2026-03-19,08:05:00,4736.635,4737.395,4713.535,4715.005,0.2583
1773907800000,2026-03-19,08:10:00,4714.975,4721.065,4701.125,4714.475,0.3092
1773908100000,2026-03-19,08:15:00,4714.545,4732.835,4712.945,4729.185,0.2784
1773908400000,2026-03-19,08:20:00,4729.155,4736.325,4727.015,4730.505,0.2507
1773908700000,2026-03-19,08:25:00,4730.605,4731.675,4713.198,4718.725,0.2344
1773909000000,2026-03-19,08:30:00,4718.695,4722.075,4696.705,4703.235,0.2895
1773909300000,2026-03-19,08:35:00,4703.195,4720.335,4702.455,4710.398,0.3406
1773909600000,2026-03-19,08:40:00,4710.398,4710.398,4686.645,4688.135,0.3882
1773909900000,2026-03-19,08:45:00,4688.235,4719.585,4686.635,4710.588,0.3564
1773910200000,2026-03-19,08:50:00,4710.608,4718.138,4705.808,4706.778,0.3838
1773910500000,2026-03-19,08:55:00,4706.778,4710.525,4702.675,4708.985,0.3097
1773910800000,2026-03-19,09:00:00,4708.835,4720.635,4708.415,4712.648,0.3485
1773911100000,2026-03-19,09:05:00,4712.648,4717.465,4694.785,4701.995,0.369
1773911400000,2026-03-19,09:10:00,4702.015,4705.225,4687.545,4694.665,0.3227
1773911700000,2026-03-19,09:15:00,4694.635,4715.705,4693.105,4712.895,0.3078
1773912000000,2026-03-19,09:20:00,4712.835,4722.098,4709.425,4710.035,0.2806
1773912300000,2026-03-19,09:25:00,4710.225,4715.655,4702.275,4708.835,0.351
1773912600000,2026-03-19,09:30:00,4708.855,4725.635,4708.085,4720.005,0.3303
1773912900000,2026-03-19,09:35:00,4719.815,4721.605,4709.438,4712.185,0.3135
1773913200000,2026-03-19,09:40:00,4711.915,4717.355,4702.395,4704.795,0.3199
1773913500000,2026-03-19,09:45:00,4704.765,4716.595,4704.125,4714.195,0.2862
1773913800000,2026-03-19,09:50:00,4714.135,4716.715,4697.615,4705.835,0.2897
1773914100000,2026-03-19,09:55:00,4705.805,4709.665,4695.558,4698.855,0.2807
1773914400000,2026-03-19,10:00:00,4698.825,4711.065,4697.685,4710.985,0.2017
1773914700000,2026-03-19,10:05:00,4710.965,4719.388,4707.665,4712.298,0.2516
1773915000000,2026-03-19,10:10:00,4712.298,4712.298,4698.848,4704.215,0.2253
1773915300000,2026-03-19,10:15:00,4704.235,4705.335,4688.245,4693.605,0.2728
1773915600000,2026-03-19,10:20:00,4693.355,4694.015,4670.665,4678.575,0.2607
1773915900000,2026-03-19,10:25:00,4678.605,4689.945,4678.375,4683.118,0.2018
1773916200000,2026-03-19,10:30:00,4683.108,4700.455,4673.655,4698.105,0.3336
1773916500000,2026-03-19,10:35:00,4698.095,4698.188,4686.555,4690.065,0.2321
1773916800000,2026-03-19,10:40:00,4690.055,4692.345,4681.555,4683.135,0.1912
1773917100000,2026-03-19,10:45:00,4682.948,4684.375,4676.055,4682.455,0.208
1773917400000,2026-03-19,10:50:00,4682.105,4689.105,4668.085,4677.865,0.2818
1773917700000,2026-03-19,10:55:00,4677.785,4680.595,4666.385,4678.925,0.2453
1773918000000,2026-03-19,11:00:00,4678.955,4699.158,4678.715,4687.798,0.3019
1773918300000,2026-03-19,11:05:00,4687.898,4691.075,4683.435,4686.905,0.2098
1773918600000,2026-03-19,11:10:00,4686.935,4695.415,4685.215,4685.865,0.2229
1773918900000,2026-03-19,11:15:00,4685.865,4688.125,4676.235,4686.525,0.2589
1773919200000,2026-03-19,11:20:00,4686.545,4692.128,4685.485,4687.845,0.1763
1773919500000,2026-03-19,11:25:00,4687.875,4689.265,4678.595,4685.995,0.1941
1773919800000,2026-03-19,11:30:00,4685.965,4695.505,4680.885,4683.135,0.2121
1773920100000,2026-03-19,11:35:00,4683.115,4683.405,4671.795,4679.835,0.2443
1773920400000,2026-03-19,11:40:00,4679.875,4680.905,4658.055,4664.045,0.267
1773920700000,2026-03-19,11:45:00,4664.085,4667.875,4656.205,4660.858,0.2729
1773921000000,2026-03-19,11:50:00,4660.885,4661.715,4650.675,4652.415,0.2709
1773921300000,2026-03-19,11:55:00,4652.445,4659.815,4651.385,4651.385,0.2118
1773921600000,2026-03-19,12:00:00,4651.455,4653.785,4625.815,4630.315,0.3271
1773921900000,2026-03-19,12:05:00,4630.285,4639.655,4623.135,4628.895,0.2909
1773922200000,2026-03-19,12:10:00,4628.865,4629.885,4609.875,4619.305,0.3343
1773922500000,2026-03-19,12:15:00,4619.275,4630.375,4612.295,4616.198,0.2799
1773922800000,2026-03-19,12:20:00,4616.205,4620.148,4603.785,4604.885,0.3723
1773923100000,2026-03-19,12:25:00,4604.865,4608.735,4602.615,4606.275,0.332
1773923400000,2026-03-19,12:30:00,4606.225,4616.905,4599.155,4603.535,0.3751
1773923700000,2026-03-19,12:35:00,4603.445,4617.615,4602.778,4605.585,0.3684
1773924000000,2026-03-19,12:40:00,4605.115,4605.225,4559.595,4562.855,0.4093
1773924300000,2026-03-19,12:45:00,4562.798,4564.525,4530.945,4557.235,0.4763
1773924600000,2026-03-19,12:50:00,4557.265,4575.585,4552.165,4573.375,0.3841
1773924900000,2026-03-19,12:55:00,4573.445,4585.645,4569.928,4573.985,0.3609
1773925200000,2026-03-19,13:00:00,4573.915,4573.915,4502.108,4549.875,0.6011
1773925500000,2026-03-19,13:05:00,4549.885,4565.555,4526.728,4535.528,0.4684
1773925800000,2026-03-19,13:10:00,4535.548,4545.865,4522.035,4538.165,0.5287
1773926100000,2026-03-19,13:15:00,4538.148,4568.908,4522.415,4562.275,0.4578
1773926400000,2026-03-19,13:20:00,4562.305,4577.045,4560.035,4561.975,0.4553
1773926700000,2026-03-19,13:25:00,4562.005,4580.825,4552.845,4575.855,0.4075
1773927000000,2026-03-19,13:30:00,4576.475,4582.855,4557.545,4580.525,0.517
1773927300000,2026-03-19,13:35:00,4580.585,4581.295,4552.685,4563.595,0.5184
1773927600000,2026-03-19,13:40:00,4563.705,4571.275,4545.928,4558.535,0.7699
1773927900000,2026-03-19,13:45:00,4558.395,4568.945,4538.158,4560.945,0.4737
1773928200000,2026-03-19,13:50:00,4560.518,4598.248,4559.675,4597.065,0.4679
1773928500000,2026-03-19,13:55:00,4597.265,4620.975,4596.315,4620.695,0.4559
1773928800000,2026-03-19,14:00:00,4620.505,4643.128,4620.145,4625.605,0.4885
1773929100000,2026-03-19,14:05:00,4625.475,4639.565,4618.505,4625.345,0.4344
1773929400000,2026-03-19,14:10:00,4625.305,4648.825,4621.805,4630.595,0.527
1773929700000,2026-03-19,14:15:00,4630.555,4635.355,4604.365,4614.155,0.4914
1773930000000,2026-03-19,14:20:00,4614.135,4615.845,4600.395,4612.105,0.3963
1773930300000,2026-03-19,14:25:00,4612.035,4616.215,4584.015,4584.939,0.4285
1773930600000,2026-03-19,14:30:00,4584.845,4605.975,4581.055,4605.635,0.394
1773930900000,2026-03-19,14:35:00,4605.369,4620.985,4605.078,4617.885,0.4061
1773931200000,2026-03-19,14:40:00,4617.875,4622.035,4608.805,4612.725,0.4964
1773931500000,2026-03-19,14:45:00,4612.715,4617.385,4602.615,4614.415,0.4327
1773931800000,2026-03-19,14:50:00,4614.505,4627.705,4610.735,4622.865,0.3873
1773932100000,2026-03-19,14:55:00,4623.175,4623.175,4597.875,4601.605,0.3702
1773932400000,2026-03-19,15:00:00,4601.295,4615.775,4593.135,4615.415,0.3687
1773932700000,2026-03-19,15:05:00,4615.385,4638.445,4614.365,4616.995,0.4163
1773933000000,2026-03-19,15:10:00,4616.935,4629.075,4610.015,4627.225,0.3298
1773933300000,2026-03-19,15:15:00,4627.205,4629.175,4603.255,4609.545,0.356
1773933600000,2026-03-19,15:20:00,4609.505,4614.735,4603.605,4607.365,0.3587
1773933900000,2026-03-19,15:25:00,4607.485,4611.445,4596.345,4602.935,0.3167
1773934200000,2026-03-19,15:30:00,4603.015,4603.015,4573.645,4579.465,0.3614
1773934500000,2026-03-19,15:35:00,4579.435,4583.865,4570.335,4577.005,0.3346
1773934800000,2026-03-19,15:40:00,4576.775,4581.945,4570.045,4571.545,0.3721
1773935100000,2026-03-19,15:45:00,4571.355,4585.665,4566.025,4583.415,0.3747
1773935400000,2026-03-19,15:50:00,4583.385,4594.965,4581.395,4591.405,0.3761
1773935700000,2026-03-19,15:55:00,4591.445,4611.265,4586.889,4596.155,0.6521
1773936000000,2026-03-19,16:00:00,4596.035,4618.805,4592.685,4613.045,0.364
1773936300000,2026-03-19,16:05:00,4613.115,4626.295,4610.545,4616.585,0.4327
1773936600000,2026-03-19,16:10:00,4616.275,4618.025,4602.625,4604.735,0.3982
1773936900000,2026-03-19,16:15:00,4604.765,4608.558,4593.005,4607.855,0.382
1773937200000,2026-03-19,16:20:00,4607.825,4616.885,4605.595,4608.628,0.4588
1773937500000,2026-03-19,16:25:00,4608.755,4612.225,4598.845,4599.015,0.6618
1773937800000,2026-03-19,16:30:00,4599.055,4602.285,4587.965,4593.465,0.3264
1773938100000,2026-03-19,16:35:00,4593.445,4595.675,4583.945,4594.065,0.3231
1773938400000,2026-03-19,16:40:00,4594.055,4608.055,4592.675,4592.765,0.2955
1773938700000,2026-03-19,16:45:00,4592.815,4598.465,4590.898,4592.375,0.2806
1773939000000,2026-03-19,16:50:00,4592.385,4596.515,4576.585,4586.795,0.3387
1773939300000,2026-03-19,16:55:00,4586.715,4591.905,4582.455,4584.635,0.2724
1773939600000,2026-03-19,17:00:00,4584.615,4594.055,4581.265,4591.095,0.3065
1773939900000,2026-03-19,17:05:00,4591.165,4595.965,4575.775,4577.655,0.3733
1773940200000,2026-03-19,17:10:00,4577.705,4584.885,4573.595,4579.115,0.3182
1773940500000,2026-03-19,17:15:00,4579.045,4598.825,4573.775,4597.275,0.3251
1773940800000,2026-03-19,17:20:00,4597.125,4611.065,4596.665,4610.555,0.3387
1773941100000,2026-03-19,17:25:00,4610.515,4613.495,4599.145,4603.095,0.3689
1773941400000,2026-03-19,17:30:00,4603.255,4618.545,4602.765,4606.105,0.318
1773941700000,2026-03-19,17:35:00,4606.125,4607.775,4599.338,4605.698,0.2841
1773942000000,2026-03-19,17:40:00,4605.598,4610.015,4602.445,4604.725,0.2863
1773942300000,2026-03-19,17:45:00,4605.015,4613.115,4604.825,4610.085,0.2478
1773942600000,2026-03-19,17:50:00,4610.505,4629.555,4609.335,4624.545,0.3075
1773942900000,2026-03-19,17:55:00,4624.515,4625.255,4614.305,4615.749,0.244
1773943200000,2026-03-19,18:00:00,4615.765,4618.885,4604.535,4610.565,0.2877
1773943500000,2026-03-19,18:05:00,4610.555,4612.505,4600.675,4610.395,0.3223
1773943800000,2026-03-19,18:10:00,4610.425,4616.815,4609.435,4614.585,0.2682
1773944100000,2026-03-19,18:15:00,4614.565,4617.345,4606.945,4608.735,0.2307
1773944400000,2026-03-19,18:20:00,4608.775,4611.585,4604.355,4607.455,0.2503
1773944700000,2026-03-19,18:25:00,4607.505,4614.615,4607.405,4609.425,0.2717
1773945000000,2026-03-19,18:30:00,4609.395,4611.075,4601.355,4603.285,0.2344
1773945300000,2026-03-19,18:35:00,4603.295,4606.265,4595.835,4606.005,0.2824
1773945600000,2026-03-19,18:40:00,4606.025,4610.325,4604.745,4608.825,0.1699
1773945900000,2026-03-19,18:45:00,4608.805,4614.005,4606.975,4607.405,0.1846
1773946200000,2026-03-19,18:50:00,4607.435,4608.575,4604.155,4606.785,0.1826
1773946500000,2026-03-19,18:55:00,4606.825,4622.935,4604.555,4622.655,0.2217
1773946800000,2026-03-19,19:00:00,4622.665,4648.115,4622.665,4634.975,0.3708
1773947100000,2026-03-19,19:05:00,4634.945,4658.015,4632.855,4649.615,0.4167
1773947400000,2026-03-19,19:10:00,4649.615,4663.215,4641.525,4656.905,0.4149
1773947700000,2026-03-19,19:15:00,4656.955,4661.645,4646.685,4657.645,0.3522
1773948000000,2026-03-19,19:20:00,4657.695,4658.205,4642.985,4643.535,0.3498
1773948300000,2026-03-19,19:25:00,4643.555,4646.065,4632.755,4643.785,0.3482
1773948600000,2026-03-19,19:30:00,4643.815,4648.985,4636.678,4646.105,0.3102
1773948900000,2026-03-19,19:35:00,4646.345,4647.015,4632.395,4640.325,0.3076
1773949200000,2026-03-19,19:40:00,4640.355,4643.415,4636.775,4638.485,0.2372
1773949500000,2026-03-19,19:45:00,4638.505,4639.905,4634.055,4635.345,0.2385
1773949800000,2026-03-19,19:50:00,4635.375,4642.085,4631.675,4640.185,0.2822
1773950100000,2026-03-19,19:55:00,4640.155,4649.725,4639.135,4643.765,0.2902
1773950400000,2026-03-19,20:00:00,4643.525,4654.365,4642.725,4649.865,0.1638
1773950700000,2026-03-19,20:05:00,4649.835,4657.175,4649.018,4655.565,0.114
1773951000000,2026-03-19,20:10:00,4655.605,4658.115,4652.125,4653.845,0.0963
1773951300000,2026-03-19,20:15:00,4653.805,4658.685,4649.725,4655.445,0.1008
1773951600000,2026-03-19,20:20:00,4655.355,4660.465,4654.685,4658.435,0.0884
1773951900000,2026-03-19,20:25:00,4658.415,4660.115,4655.535,4657.085,0.0803
1773952200000,2026-03-19,20:30:00,4657.115,4659.365,4654.555,4656.605,0.08
1773952500000,2026-03-19,20:35:00,4656.635,4659.295,4654.265,4657.055,0.0651
1773952800000,2026-03-19,20:40:00,4657.075,4658.685,4653.535,4654.415,0.0564
1773953100000,2026-03-19,20:45:00,4654.058,4657.705,4651.495,4657.575,0.0662
1773953400000,2026-03-19,20:50:00,4657.305,4661.695,4653.475,4657.195,0.1131
1773953700000,2026-03-19,20:55:00,4657.165,4658.525,4648.025,4649.375,0.0955
1773957600000,2026-03-19,22:00:00,4650.498,4662.538,4649.898,4659.085,0.1034
1773957900000,2026-03-19,22:05:00,4658.915,4666.855,4657.235,4665.575,0.0599
1773958200000,2026-03-19,22:10:00,4665.545,4671.555,4663.195,4670.695,0.0731
1773958500000,2026-03-19,22:15:00,4670.605,4676.865,4667.445,4671.055,0.1486
1773958800000,2026-03-19,22:20:00,4671.035,4671.095,4660.215,4661.555,0.1149
1773959100000,2026-03-19,22:25:00,4661.585,4670.395,4660.805,4666.098,0.1021
1773959400000,2026-03-19,22:30:00,4666.098,4666.098,4648.898,4650.395,0.1176
1773959700000,2026-03-19,22:35:00,4650.565,4658.205,4650.078,4656.265,0.1024
1773960000000,2026-03-19,22:40:00,4656.555,4656.665,4645.935,4646.445,0.0934
1773960300000,2026-03-19,22:45:00,4646.425,4649.935,4644.075,4646.505,0.0949
1773960600000,2026-03-19,22:50:00,4645.745,4648.185,4640.425,4648.035,0.1033
1773960900000,2026-03-19,22:55:00,4648.015,4649.285,4635.558,4635.858,0.2039
1773961200000,2026-03-19,23:00:00,4635.565,4647.208,4635.555,4643.175,0.3995
1773961500000,2026-03-19,23:05:00,4643.588,4644.278,4640.448,4643.398,0.2064
1773961800000,2026-03-19,23:10:00,4643.398,4643.985,4638.425,4638.585,0.0733
1773962100000,2026-03-19,23:15:00,4638.565,4645.695,4638.065,4645.165,0.0812
1773962400000,2026-03-19,23:20:00,4645.145,4646.795,4639.975,4640.575,0.0661
1773962700000,2026-03-19,23:25:00,4640.615,4645.215,4639.985,4643.805,0.0544
1773963000000,2026-03-19,23:30:00,4643.775,4647.745,4638.215,4638.265,0.0725
1773963300000,2026-03-19,23:35:00,4638.305,4640.375,4636.815,4639.685,0.072
1773963600000,2026-03-19,23:40:00,4639.685,4639.685,4633.905,4635.375,0.0941
1773963900000,2026-03-19,23:45:00,4635.345,4644.795,4635.105,4644.275,0.096
1773964200000,2026-03-19,23:50:00,4644.245,4646.415,4642.955,4646.105,0.0866
1773964500000,2026-03-19,23:55:00,4646.085,4646.565,4641.475,4643.325,0.0602
1773964800000,2026-03-20,00:00:00,4643.205,4652.695,4642.555,4651.455,0.12
1773965100000,2026-03-20,00:05:00,4651.435,4658.075,4649.585,4656.815,0.0939
1773965400000,2026-03-20,00:10:00,4656.855,4662.725,4654.255,4662.035,0.0938
1773965700000,2026-03-20,00:15:00,4662.015,4664.815,4660.225,4660.665,0.0911
1773966000000,2026-03-20,00:20:00,4660.695,4660.795,4641.935,4647.295,0.1313
1773966300000,2026-03-20,00:25:00,4646.455,4649.885,4644.395,4649.105,0.1278
1773966600000,2026-03-20,00:30:00,4649.135,4651.405,4644.415,4648.535,0.1084
1773966900000,2026-03-20,00:35:00,4648.495,4653.095,4646.075,4653.095,0.0748
1773967200000,2026-03-20,00:40:00,4653.115,4656.535,4653.065,4655.775,0.0589
1773967500000,2026-03-20,00:45:00,4655.875,4659.015,4654.525,4657.565,0.0543
1773967800000,2026-03-20,00:50:00,4657.515,4660.435,4654.175,4656.905,0.0759
1773968100000,2026-03-20,00:55:00,4656.845,4656.845,4646.905,4648.385,0.1118
1773968400000,2026-03-20,01:00:00,4648.355,4669.445,4639.215,4669.155,0.3348
1773968700000,2026-03-20,01:05:00,4669.145,4680.175,4665.575,4666.295,0.2472
1773969000000,2026-03-20,01:10:00,4666.315,4669.115,4651.185,4651.635,0.2638
1773969300000,2026-03-20,01:15:00,4651.525,4659.485,4648.435,4652.355,0.2461
1773969600000,2026-03-20,01:20:00,4652.325,4655.945,4648.355,4653.325,0.163
1773969900000,2026-03-20,01:25:00,4653.295,4661.895,4650.405,4661.895,0.184
1773970200000,2026-03-20,01:30:00,4661.915,4676.605,4660.935,4676.545,0.2101
1773970500000,2026-03-20,01:35:00,4676.515,4678.165,4671.565,4675.275,0.1824
1773970800000,2026-03-20,01:40:00,4675.255,4688.585,4673.935,4686.095,0.221
1773971100000,2026-03-20,01:45:00,4685.985,4699.185,4681.955,4684.845,0.241
1773971400000,2026-03-20,01:50:00,4684.875,4685.895,4677.925,4679.765,0.1746
1773971700000,2026-03-20,01:55:00,4679.805,4679.855,4672.245,4677.045,0.1704
1773972000000,2026-03-20,02:00:00,4676.975,4682.905,4672.385,4672.415,0.1738
1773972300000,2026-03-20,02:05:00,4672.435,4684.825,4670.225,4684.625,0.143
1773972600000,2026-03-20,02:10:00,4684.605,4689.115,4684.515,4685.345,0.1203
1773972900000,2026-03-20,02:15:00,4685.435,4689.945,4684.075,4688.275,0.1077
1773973200000,2026-03-20,02:20:00,4688.325,4689.745,4682.635,4684.735,0.0972
1773973500000,2026-03-20,02:25:00,4684.765,4686.015,4680.555,4683.665,0.0672
1773973800000,2026-03-20,02:30:00,4683.655,4689.865,4679.345,4689.695,0.1523
1773974100000,2026-03-20,02:35:00,4689.735,4691.155,4679.055,4684.215,0.158
1773974400000,2026-03-20,02:40:00,4684.145,4686.535,4681.505,4684.995,0.1306
1773974700000,2026-03-20,02:45:00,4685.015,4700.105,4682.675,4699.495,0.1231
1773975000000,2026-03-20,02:50:00,4699.535,4703.415,4693.675,4697.865,0.2218
1773975300000,2026-03-20,02:55:00,4697.845,4701.195,4694.845,4697.995,0.1412
1773975600000,2026-03-20,03:00:00,4698.265,4707.285,4692.985,4707.075,0.149
1773975900000,2026-03-20,03:05:00,4707.055,4718.525,4705.475,4715.885,0.2027
1773976200000,2026-03-20,03:10:00,4715.925,4723.245,4714.345,4717.205,0.1815
1773976500000,2026-03-20,03:15:00,4717.165,4735.095,4716.265,4732.555,0.2167
1773976800000,2026-03-20,03:20:00,4732.675,4734.835,4727.915,4731.525,0.2141
1773977100000,2026-03-20,03:25:00,4731.545,4735.835,4729.748,4733.235,0.1489
1773977400000,2026-03-20,03:30:00,4733.785,4735.555,4727.885,4733.895,0.1172
1773977700000,2026-03-20,03:35:00,4733.925,4733.925,4727.795,4731.675,0.0778
1773978000000,2026-03-20,03:40:00,4731.545,4734.545,4729.065,4730.175,0.0765
1773978300000,2026-03-20,03:45:00,4729.825,4729.945,4723.955,4724.305,0.1157
1773978600000,2026-03-20,03:50:00,4724.285,4727.645,4721.625,4724.885,0.0882
1773978900000,2026-03-20,03:55:00,4724.715,4728.045,4723.965,4725.595,0.0578
1773979200000,2026-03-20,04:00:00,4725.615,4727.265,4722.975,4723.475,0.0544
1773979500000,2026-03-20,04:05:00,4723.495,4724.345,4717.315,4717.855,0.0654
1773979800000,2026-03-20,04:10:00,4717.885,4720.385,4716.595,4718.835,0.0621
1773980100000,2026-03-20,04:15:00,4719.365,4722.165,4718.645,4719.085,0.0986
1773980400000,2026-03-20,04:20:00,4718.975,4722.235,4718.335,4720.635,0.061
1773980700000,2026-03-20,04:25:00,4720.665,4724.195,4720.505,4723.325,0.0793
1773981000000,2026-03-20,04:30:00,4723.385,4725.915,4722.725,4724.805,0.0671
1773981300000,2026-03-20,04:35:00,4724.825,4726.635,4723.875,4726.125,0.0343
1773981600000,2026-03-20,04:40:00,4725.865,4726.855,4718.065,4719.735,0.0738
1773981900000,2026-03-20,04:45:00,4719.705,4719.755,4715.155,4717.985,0.064
1773982200000,2026-03-20,04:50:00,4717.965,4722.715,4717.485,4722.365,0.0498
1773982500000,2026-03-20,04:55:00,4722.235,4722.515,4719.335,4721.505,0.0489
1773982800000,2026-03-20,05:00:00,4721.535,4721.805,4710.275,4711.975,0.1239
1773983100000,2026-03-20,05:05:00,4712.015,4714.015,4710.225,4712.815,0.1054
1773983400000,2026-03-20,05:10:00,4712.775,4718.255,4711.655,4718.195,0.0704
1773983700000,2026-03-20,05:15:00,4718.245,4722.145,4717.095,4720.375,0.0949
1773984000000,2026-03-20,05:20:00,4720.435,4723.315,4719.145,4721.495,0.0615
1773984300000,2026-03-20,05:25:00,4721.445,4722.045,4718.665,4719.445,0.0573
1773984600000,2026-03-20,05:30:00,4719.385,4719.895,4701.785,4702.435,0.26
1773984900000,2026-03-20,05:35:00,4702.515,4714.065,4701.755,4712.725,0.1653
1773985200000,2026-03-20,05:40:00,4712.765,4717.085,4705.048,4709.075,0.1999
1773985500000,2026-03-20,05:45:00,4709.045,4710.195,4697.665,4700.745,0.1752
1773985800000,2026-03-20,05:50:00,4700.838,4706.775,4693.925,4694.045,0.2026
1773986100000,2026-03-20,05:55:00,4694.145,4698.795,4685.485,4688.225,0.2358
1773986400000,2026-03-20,06:00:00,4688.245,4700.785,4687.065,4694.695,0.2201
1773986700000,2026-03-20,06:05:00,4694.655,4696.985,4689.015,4689.205,0.1576
1773987000000,2026-03-20,06:10:00,4689.225,4694.355,4684.675,4691.045,0.1746
1773987300000,2026-03-20,06:15:00,4691.085,4695.625,4686.425,4687.885,0.1738
1773987600000,2026-03-20,06:20:00,4687.935,4692.905,4683.955,4689.845,0.1687
1773987900000,2026-03-20,06:25:00,4689.375,4690.565,4679.835,4687.855,0.1743
1773988200000,2026-03-20,06:30:00,4687.815,4689.465,4677.485,4685.235,0.1699
1773988500000,2026-03-20,06:35:00,4685.275,4685.475,4667.435,4667.775,0.1864
1773988800000,2026-03-20,06:40:00,4667.865,4669.845,4661.065,4665.645,0.2555
1773989100000,2026-03-20,06:45:00,4665.738,4675.525,4662.335,4667.615,0.2496
1773989400000,2026-03-20,06:50:00,4667.915,4672.455,4666.935,4667.905,0.289
1773989700000,2026-03-20,06:55:00,4667.685,4669.795,4665.195,4668.885,0.1539
1773990000000,2026-03-20,07:00:00,4668.835,4677.845,4667.655,4674.665,0.1846
1773990300000,2026-03-20,07:05:00,4673.955,4683.915,4670.665,4681.795,0.1442
1773990600000,2026-03-20,07:10:00,4681.685,4681.885,4675.455,4679.495,0.1323
1773990900000,2026-03-20,07:15:00,4679.485,4682.115,4676.235,4679.855,0.0952
1773991200000,2026-03-20,07:20:00,4679.825,4686.715,4679.565,4684.685,0.1276
1773991500000,2026-03-20,07:25:00,4684.685,4688.375,4684.225,4688.045,0.1025
1773991800000,2026-03-20,07:30:00,4688.015,4688.955,4685.125,4686.665,0.0911
1773992100000,2026-03-20,07:35:00,4686.635,4694.575,4686.055,4693.165,0.0968
1773992400000,2026-03-20,07:40:00,4693.185,4698.015,4692.835,4694.095,0.1161
1773992700000,2026-03-20,07:45:00,4694.095,4699.675,4694.095,4697.685,0.1067
1773993000000,2026-03-20,07:50:00,4697.665,4700.525,4695.885,4697.105,0.0927
1773993300000,2026-03-20,07:55:00,4697.085,4707.665,4697.035,4706.005,0.1104
1773993600000,2026-03-20,08:00:00,4706.025,4706.325,4701.735,4704.365,0.1539
1773993900000,2026-03-20,08:05:00,4704.065,4710.375,4703.785,4708.225,0.1154
1773994200000,2026-03-20,08:10:00,4708.255,4717.495,4707.995,4716.005,0.13
1773994500000,2026-03-20,08:15:00,4715.985,4725.605,4715.435,4724.665,0.134
1773994800000,2026-03-20,08:20:00,4724.595,4731.845,4722.905,4730.205,0.1705
1773995100000,2026-03-20,08:25:00,4730.185,4734.645,4721.815,4722.485,0.1726
1773995400000,2026-03-20,08:30:00,4722.505,4722.585,4700.785,4708.175,0.221
1773995700000,2026-03-20,08:35:00,4708.145,4709.085,4699.205,4703.845,0.1584
1773996000000,2026-03-20,08:40:00,4703.915,4709.305,4702.525,4706.975,0.1556
1773996300000,2026-03-20,08:45:00,4707.155,4708.005,4691.805,4695.455,0.2033
1773996600000,2026-03-20,08:50:00,4695.475,4699.185,4687.565,4691.935,0.1778
1773996900000,2026-03-20,08:55:00,4691.905,4695.215,4684.625,4693.595,0.1338
1773997200000,2026-03-20,09:00:00,4693.615,4696.385,4685.225,4687.095,0.1484
1773997500000,2026-03-20,09:05:00,4687.095,4695.215,4684.145,4693.365,0.1274
1773997800000,2026-03-20,09:10:00,4693.415,4700.255,4693.415,4693.785,0.122
1773998100000,2026-03-20,09:15:00,4693.565,4697.295,4687.315,4687.315,0.1154
1773998400000,2026-03-20,09:20:00,4687.335,4689.535,4684.105,4686.935,0.1262
1773998700000,2026-03-20,09:25:00,4686.975,4693.005,4686.945,4691.795,0.1019
1773999000000,2026-03-20,09:30:00,4691.795,4692.335,4677.475,4677.935,0.1558
1773999300000,2026-03-20,09:35:00,4678.055,4683.595,4676.825,4680.965,0.1429
1773999600000,2026-03-20,09:40:00,4680.965,4681.195,4670.835,4673.405,0.1542
1773999900000,2026-03-20,09:45:00,4673.365,4674.665,4665.565,4672.615,0.1925
1774000200000,2026-03-20,09:50:00,4672.635,4677.235,4662.705,4662.705,0.1604
1774000500000,2026-03-20,09:55:00,4662.735,4669.235,4659.655,4667.415,0.181
1774000800000,2026-03-20,10:00:00,4667.205,4669.815,4651.725,4652.975,0.2128
1774001100000,2026-03-20,10:05:00,4653.025,4667.555,4653.025,4654.785,0.2061
1774001400000,2026-03-20,10:10:00,4654.755,4663.905,4650.015,4662.645,0.1854
1774001700000,2026-03-20,10:15:00,4662.805,4666.425,4655.265,4655.635,0.17
1774002000000,2026-03-20,10:20:00,4655.605,4655.605,4645.785,4653.675,0.1841
1774002300000,2026-03-20,10:25:00,4653.705,4660.475,4653.675,4657.895,0.1385
1774002600000,2026-03-20,10:30:00,4657.865,4661.355,4649.305,4650.515,0.1627
1774002900000,2026-03-20,10:35:00,4650.865,4669.315,4650.015,4668.745,0.1511
1774003200000,2026-03-20,10:40:00,4668.795,4669.925,4656.055,4659.735,0.1685
1774003500000,2026-03-20,10:45:00,4659.685,4660.215,4652.735,4654.475,0.137
1774003800000,2026-03-20,10:50:00,4654.345,4655.865,4644.875,4649.115,0.196
1774004100000,2026-03-20,10:55:00,4649.095,4650.115,4637.905,4645.135,0.2062
1774004400000,2026-03-20,11:00:00,4645.155,4659.565,4636.845,4654.015,0.2487
1774004700000,2026-03-20,11:05:00,4653.995,4664.495,4653.265,4663.555,0.2006
1774005000000,2026-03-20,11:10:00,4663.565,4666.325,4654.885,4662.395,0.1666
1774005300000,2026-03-20,11:15:00,4662.375,4665.975,4658.475,4664.955,0.1472
1774005600000,2026-03-20,11:20:00,4664.935,4668.365,4659.785,4662.645,0.1549
1774005900000,2026-03-20,11:25:00,4662.665,4665.525,4658.865,4665.165,0.1345
1774006200000,2026-03-20,11:30:00,4665.135,4670.685,4663.475,4666.555,0.1549
1774006500000,2026-03-20,11:35:00,4666.575,4667.535,4661.235,4666.615,0.1434
1774006800000,2026-03-20,11:40:00,4666.715,4673.935,4666.375,4669.105,0.1711
1774007100000,2026-03-20,11:45:00,4669.135,4672.035,4664.815,4665.445,0.1177
1774007400000,2026-03-20,11:50:00,4665.405,4665.845,4657.535,4662.685,0.1498
1774007700000,2026-03-20,11:55:00,4662.685,4672.215,4661.925,4671.415,0.1417
1774008000000,2026-03-20,12:00:00,4671.535,4682.775,4671.535,4679.435,0.237
1774008300000,2026-03-20,12:05:00,4679.215,4688.025,4679.155,4687.495,0.2168
1774008600000,2026-03-20,12:10:00,4687.625,4695.295,4682.985,4685.335,0.2363
1774008900000,2026-03-20,12:15:00,4685.285,4691.685,4678.135,4691.115,0.2074
1774009200000,2026-03-20,12:20:00,4691.115,4691.935,4679.325,4680.975,0.1773
1774009500000,2026-03-20,12:25:00,4680.935,4682.675,4677.805,4678.265,0.1807
1774009800000,2026-03-20,12:30:00,4678.285,4682.045,4669.965,4673.185,0.2549
1774010100000,2026-03-20,12:35:00,4673.225,4677.695,4663.008,4665.185,0.2752
1774010400000,2026-03-20,12:40:00,4665.195,4670.391,4661.498,4670.165,0.2629
1774010700000,2026-03-20,12:45:00,4670.315,4675.135,4665.835,4670.915,0.1941
1774011000000,2026-03-20,12:50:00,4670.885,4681.515,4670.745,4677.275,0.1987
1774011300000,2026-03-20,12:55:00,4677.295,4680.405,4677.105,4677.905,0.1643
1774011600000,2026-03-20,13:00:00,4677.935,4678.922,4667.205,4670.285,0.2616
1774011900000,2026-03-20,13:05:00,4670.355,4672.705,4658.555,4664.745,0.2953
1774012200000,2026-03-20,13:10:00,4664.685,4666.265,4653.555,4661.805,0.2748
1774012500000,2026-03-20,13:15:00,4661.945,4665.385,4655.565,4664.825,0.2428
1774012800000,2026-03-20,13:20:00,4664.685,4670.205,4661.285,4662.185,0.2338
1774013100000,2026-03-20,13:25:00,4662.245,4665.015,4658.935,4659.735,0.3739
1774013400000,2026-03-20,13:30:00,4659.985,4665.458,4641.578,4645.535,0.6212
1774013700000,2026-03-20,13:35:00,4645.215,4660.215,4636.315,4654.165,0.4142
1774014000000,2026-03-20,13:40:00,4654.055,4665.285,4646.575,4662.355,0.4083
1774014300000,2026-03-20,13:45:00,4662.405,4665.145,4650.765,4651.595,0.4083
1774014600000,2026-03-20,13:50:00,4651.765,4653.055,4619.975,4621.745,0.4512
1774014900000,2026-03-20,13:55:00,4621.845,4627.025,4612.618,4616.085,0.4445
1774015200000,2026-03-20,14:00:00,4616.115,4621.825,4607.825,4615.025,0.4338
1774015500000,2026-03-20,14:05:00,4615.075,4622.415,4600.405,4608.705,0.4355
1774015800000,2026-03-20,14:10:00,4608.918,4618.135,4585.855,4587.055,0.4426
1774016100000,2026-03-20,14:15:00,4586.975,4588.395,4562.358,4575.115,0.454
1774016400000,2026-03-20,14:20:00,4574.985,4579.315,4560.225,4568.845,0.4367
1774016700000,2026-03-20,14:25:00,4568.815,4569.155,4550.965,4558.245,0.4136
1774017000000,2026-03-20,14:30:00,4558.315,4580.405,4557.395,4580.405,0.4944
1774017300000,2026-03-20,14:35:00,4579.825,4585.205,4572.225,4574.175,0.4264
1774017600000,2026-03-20,14:40:00,4574.125,4578.453,4570.005,4575.655,0.4137
1774017900000,2026-03-20,14:45:00,4575.695,4582.185,4562.525,4564.735,0.4151
1774018200000,2026-03-20,14:50:00,4565.305,4570.995,4552.175,4554.265,0.3821
1774018500000,2026-03-20,14:55:00,4554.158,4570.105,4547.645,4563.735,0.3813
1774018800000,2026-03-20,15:00:00,4563.705,4580.095,4563.215,4571.305,0.4094
1774019100000,2026-03-20,15:05:00,4571.335,4575.725,4559.865,4564.085,0.3613
1774019400000,2026-03-20,15:10:00,4564.005,4578.305,4562.795,4575.665,0.3704
1774019700000,2026-03-20,15:15:00,4576.265,4576.455,4557.965,4562.295,0.3763
1774020000000,2026-03-20,15:20:00,4562.265,4575.045,4557.418,4561.105,0.3867
1774020300000,2026-03-20,15:25:00,4561.025,4564.235,4540.455,4562.655,0.3993
1774020600000,2026-03-20,15:30:00,4562.785,4575.625,4557.491,4567.845,0.3603
1774020900000,2026-03-20,15:35:00,4567.825,4568.125,4560.035,4560.765,0.3296
1774021200000,2026-03-20,15:40:00,4560.845,4566.185,4556.665,4562.465,0.3365
1774021500000,2026-03-20,15:45:00,4562.415,4562.605,4544.085,4549.205,0.3393
1774021800000,2026-03-20,15:50:00,4548.858,4560.065,4544.655,4558.165,0.3478
1774022100000,2026-03-20,15:55:00,4558.135,4558.135,4551.355,4553.055,0.3405
1774022400000,2026-03-20,16:00:00,4553.085,4576.468,4551.845,4573.898,0.4395
1774022700000,2026-03-20,16:05:00,4573.868,4580.588,4569.598,4571.515,0.4759
1774023000000,2026-03-20,16:10:00,4571.555,4588.275,4568.695,4587.865,0.3673
1774023300000,2026-03-20,16:15:00,4587.865,4601.725,4583.405,4601.725,0.3876
1774023600000,2026-03-20,16:20:00,4602.045,4613.575,4594.995,4596.145,0.3868
1774023900000,2026-03-20,16:25:00,4596.118,4596.118,4583.205,4584.515,0.7411
1774024200000,2026-03-20,16:30:00,4584.515,4585.225,4570.258,4580.885,0.6011
1774024500000,2026-03-20,16:35:00,4580.895,4592.238,4580.895,4589.538,0.5976
1774024800000,2026-03-20,16:40:00,4589.518,4592.025,4578.848,4581.025,0.9187
1774025100000,2026-03-20,16:45:00,4581.025,4581.625,4567.748,4576.595,0.4345
1774025400000,2026-03-20,16:50:00,4576.575,4581.345,4571.625,4581.025,0.3463
1774025700000,2026-03-20,16:55:00,4581.045,4588.175,4580.515,4582.898,0.326
1774026000000,2026-03-20,17:00:00,4582.898,4591.645,4580.158,4589.335,0.3568
1774026300000,2026-03-20,17:05:00,4589.215,4600.315,4572.675,4590.645,0.4387
1774026600000,2026-03-20,17:10:00,4590.665,4593.155,4581.025,4581.785,0.3717
1774026900000,2026-03-20,17:15:00,4581.755,4582.765,4572.765,4574.485,0.3503
1774027200000,2026-03-20,17:20:00,4574.535,4579.425,4568.515,4569.855,0.3311
1774027500000,2026-03-20,17:25:00,4569.865,4576.335,4568.905,4571.845,0.3752
1774027800000,2026-03-20,17:30:00,4571.915,4574.295,4558.795,4561.605,0.3924
1774028100000,2026-03-20,17:35:00,4561.575,4565.395,4554.055,4561.975,0.3568
1774028400000,2026-03-20,17:40:00,4561.995,4566.195,4558.845,4565.765,0.3192
1774028700000,2026-03-20,17:45:00,4565.765,4568.598,4562.355,4563.835,0.2833
1774029000000,2026-03-20,17:50:00,4563.855,4576.375,4562.685,4576.215,0.2489
1774029300000,2026-03-20,17:55:00,4576.215,4576.895,4571.195,4573.125,0.2707
1774029600000,2026-03-20,18:00:00,4573.175,4578.205,4569.625,4569.965,0.297
1774029900000,2026-03-20,18:05:00,4570.175,4575.695,4566.855,4567.465,0.2557
1774030200000,2026-03-20,18:10:00,4567.168,4574.915,4560.795,4562.655,0.2836
1774030500000,2026-03-20,18:15:00,4562.765,4565.815,4559.465,4565.625,0.2938
1774030800000,2026-03-20,18:20:00,4565.585,4568.085,4536.315,4546.735,0.4303
1774031100000,2026-03-20,18:25:00,4546.615,4558.315,4546.445,4554.365,0.3759
1774031400000,2026-03-20,18:30:00,4554.365,4556.945,4543.845,4545.845,0.3706
1774031700000,2026-03-20,18:35:00,4545.995,4548.035,4538.065,4544.125,0.3064
1774032000000,2026-03-20,18:40:00,4544.095,4546.075,4524.225,4525.638,0.3769
1774032300000,2026-03-20,18:45:00,4525.698,4528.988,4510.095,4510.765,0.3804
1774032600000,2026-03-20,18:50:00,4510.718,4517.835,4500.545,4502.365,0.3633
1774032900000,2026-03-20,18:55:00,4502.365,4502.835,4477.125,4499.575,0.3903
1774033200000,2026-03-20,19:00:00,4499.625,4516.055,4498.935,4499.905,0.3437
1774033500000,2026-03-20,19:05:00,4499.815,4503.305,4485.455,4502.155,0.3768
1774033800000,2026-03-20,19:10:00,4502.005,4505.385,4487.065,4500.115,0.5614
1774034100000,2026-03-20,19:15:00,4500.175,4507.815,4492.725,4501.155,0.4149
1774034400000,2026-03-20,19:20:00,4501.205,4501.205,4485.485,4487.515,0.4199
1774034700000,2026-03-20,19:25:00,4487.475,4498.755,4485.055,4498.215,0.3748
1774035000000,2026-03-20,19:30:00,4498.085,4509.385,4496.375,4497.695,0.376
1774035300000,2026-03-20,19:35:00,4497.655,4509.425,4492.155,4508.945,0.3174
1774035600000,2026-03-20,19:40:00,4508.965,4516.475,4503.485,4514.135,0.3554
1774035900000,2026-03-20,19:45:00,4514.135,4514.135,4506.655,4507.485,0.3164
1774036200000,2026-03-20,19:50:00,4507.525,4515.765,4505.675,4515.035,0.3695
1774036500000,2026-03-20,19:55:00,4514.965,4515.145,4496.735,4501.135,0.3733
1774036800000,2026-03-20,20:00:00,4501.185,4507.025,4496.565,4502.715,0.1819
1774037100000,2026-03-20,20:05:00,4502.675,4502.925,4493.105,4501.485,0.1817
1774037400000,2026-03-20,20:10:00,4501.465,4506.755,4500.438,4504.475,0.1668
1774037700000,2026-03-20,20:15:00,4504.425,4512.995,4500.335,4509.558,0.1964
1774038000000,2026-03-20,20:20:00,4509.395,4514.118,4507.515,4509.635,0.2093
1774038300000,2026-03-20,20:25:00,4509.585,4510.695,4500.245,4501.245,0.1912
1774038600000,2026-03-20,20:30:00,4501.235,4504.195,4499.535,4500.015,0.1946
1774038900000,2026-03-20,20:35:00,4499.875,4503.838,4496.915,4502.218,0.1753
1774039200000,2026-03-20,20:40:00,4501.715,4503.878,4496.225,4502.438,0.2
1774039500000,2026-03-20,20:45:00,4502.538,4503.038,4493.778,4496.998,0.2115
1774039800000,2026-03-20,20:50:00,4496.958,4503.818,4495.585,4496.855,0.219
1774040100000,2026-03-20,20:55:00,4496.745,4499.158,4487.425,4490.055,0.1281
1774216800000,2026-03-22,22:00:00,4470.705,4488.625,4448.835,4475.375,0.1894
1774217100000,2026-03-22,22:05:00,4475.375,4515.285,4471.835,4510.165,0.2373
1774217400000,2026-03-22,22:10:00,4510.195,4514.625,4489.558,4506.625,0.2364
1774217700000,2026-03-22,22:15:00,4507.095,4520.495,4503.195,4513.548,0.1606
1774218000000,2026-03-22,22:20:00,4513.935,4531.985,4512.605,4527.435,0.1953
1774218300000,2026-03-22,22:25:00,4526.849,4535.815,4520.745,4524.025,0.2093
1774218600000,2026-03-22,22:30:00,4523.985,4526.305,4506.925,4512.565,0.2097
1774218900000,2026-03-22,22:35:00,4512.685,4516.845,4504.175,4515.135,0.163
1774219200000,2026-03-22,22:40:00,4515.485,4515.685,4504.675,4506.425,0.1391
1774219500000,2026-03-22,22:45:00,4506.335,4515.235,4504.285,4506.075,0.1135
1774219800000,2026-03-22,22:50:00,4506.115,4510.905,4505.175,4505.175,0.0903
1774220100000,2026-03-22,22:55:00,4504.948,4504.948,4489.158,4497.358,0.2007
1774220400000,2026-03-22,23:00:00,4497.375,4509.858,4493.258,4498.598,0.3592
1774220700000,2026-03-22,23:05:00,4498.778,4505.118,4487.398,4494.708,0.413
1774221000000,2026-03-22,23:10:00,4494.698,4499.165,4485.035,4490.165,0.1809
1774221300000,2026-03-22,23:15:00,4490.225,4499.555,4489.635,4490.325,0.1416
1774221600000,2026-03-22,23:20:00,4490.285,4492.568,4484.705,4489.445,0.1601
1774221900000,2026-03-22,23:25:00,4489.495,4491.875,4482.165,4484.935,0.1549
1774222200000,2026-03-22,23:30:00,4484.855,4488.315,4479.735,4481.955,0.1505
1774222500000,2026-03-22,23:35:00,4481.965,4485.245,4472.235,4478.545,0.1623
1774222800000,2026-03-22,23:40:00,4478.505,4490.715,4477.405,4488.395,0.1472
1774223100000,2026-03-22,23:45:00,4488.805,4493.315,4459.225,4462.605,0.2591
1774223400000,2026-03-22,23:50:00,4462.785,4470.255,4451.808,4457.878,0.2899
1774223700000,2026-03-22,23:55:00,4458.135,4469.655,4457.925,4464.415,0.2326
1774224000000,2026-03-23,00:00:00,4464.435,4472.975,4434.755,4440.065,0.3454
1774224300000,2026-03-23,00:05:00,4439.845,4452.905,4425.005,4439.615,0.2939
1774224600000,2026-03-23,00:10:00,4439.335,4448.725,4434.805,4436.235,0.2567
1774224900000,2026-03-23,00:15:00,4436.365,4436.755,4403.755,4424.765,0.4284
1774225200000,2026-03-23,00:20:00,4424.685,4440.745,4419.905,4439.735,0.2955
1774225500000,2026-03-23,00:25:00,4439.635,4444.855,4423.828,4426.825,0.2352
1774225800000,2026-03-23,00:30:00,4426.875,4436.475,4398.935,4400.555,0.2742
1774226100000,2026-03-23,00:35:00,4400.765,4401.005,4328.555,4348.845,0.5202
1774226400000,2026-03-23,00:40:00,4348.905,4364.665,4343.165,4361.915,0.4299
1774226700000,2026-03-23,00:45:00,4362.775,4367.285,4343.935,4345.035,0.3582
1774227000000,2026-03-23,00:50:00,4345.025,4360.265,4318.825,4334.775,0.4396
1774227300000,2026-03-23,00:55:00,4334.685,4370.565,4328.725,4353.515,0.3545
1774227600000,2026-03-23,01:00:00,4353.425,4380.145,4328.168,4375.908,0.5927
1774227900000,2026-03-23,01:05:00,4375.845,4415.895,4375.498,4400.695,0.4561
1774228200000,2026-03-23,01:10:00,4400.695,4422.455,4394.425,4407.095,0.4255
1774228500000,2026-03-23,01:15:00,4407.348,4436.265,4406.178,4428.238,0.3763
1774228800000,2026-03-23,01:20:00,4428.175,4443.258,4420.905,4431.765,0.3973
1774229100000,2026-03-23,01:25:00,4431.795,4433.825,4420.205,4421.495,0.3497
1774229400000,2026-03-23,01:30:00,4421.575,4453.865,4415.848,4441.105,0.3757
1774229700000,2026-03-23,01:35:00,4441.125,4449.285,4431.995,4444.385,0.3518
1774230000000,2026-03-23,01:40:00,4444.335,4444.775,4427.435,4435.305,0.3105
1774230300000,2026-03-23,01:45:00,4435.335,4436.485,4410.605,4412.545,0.3389
1774230600000,2026-03-23,01:50:00,4412.515,4414.755,4403.785,4407.015,0.3336
1774230900000,2026-03-23,01:55:00,4407.185,4410.645,4380.285,4386.965,0.3741
1774231200000,2026-03-23,02:00:00,4388.025,4419.895,4382.865,4416.765,0.3945
1774231500000,2026-03-23,02:05:00,4416.785,4421.715,4405.698,4405.745,0.3497
1774231800000,2026-03-23,02:10:00,4405.798,4412.675,4389.275,4395.205,0.4137
1774232100000,2026-03-23,02:15:00,4395.255,4416.695,4393.715,4403.145,0.2909
1774232400000,2026-03-23,02:20:00,4403.165,4413.645,4402.385,4403.875,0.2416
1774232700000,2026-03-23,02:25:00,4403.905,4413.675,4396.415,4398.815,0.2412
1774233000000,2026-03-23,02:30:00,4398.795,4400.665,4381.205,4388.055,0.3045
1774233300000,2026-03-23,02:35:00,4388.005,4391.665,4370.135,4373.745,0.3195
1774233600000,2026-03-23,02:40:00,4373.855,4385.395,4369.345,4384.615,0.2898
1774233900000,2026-03-23,02:45:00,4384.475,4384.475,4369.355,4373.385,0.2636
1774234200000,2026-03-23,02:50:00,4373.385,4379.845,4354.535,4359.945,0.3161
1774234500000,2026-03-23,02:55:00,4359.965,4369.915,4357.025,4360.185,0.2455
1774234800000,2026-03-23,03:00:00,4360.245,4377.655,4359.895,4366.735,0.2672
1774235100000,2026-03-23,03:05:00,4366.745,4373.645,4353.935,4355.578,0.2933
1774235400000,2026-03-23,03:10:00,4355.655,4356.865,4347.538,4349.285,0.2987
1774235700000,2026-03-23,03:15:00,4349.255,4361.435,4349.255,4353.335,0.2509
1774236000000,2026-03-23,03:20:00,4353.355,4365.175,4351.375,4354.915,0.2291
1774236300000,2026-03-23,03:25:00,4354.895,4357.085,4346.965,4350.735,0.2603
1774236600000,2026-03-23,03:30:00,4350.755,4364.495,4350.515,4358.895,0.2326
1774236900000,2026-03-23,03:35:00,4359.055,4359.965,4344.905,4345.585,0.2262
1774237200000,2026-03-23,03:40:00,4345.465,4347.655,4334.515,4341.905,0.1997
1774237500000,2026-03-23,03:45:00,4341.875,4351.405,4337.015,4351.355,0.1736
1774237800000,2026-03-23,03:50:00,4351.375,4360.175,4347.795,4350.375,0.1582
1774238100000,2026-03-23,03:55:00,4350.445,4354.305,4348.155,4352.665,0.1246
1774238400000,2026-03-23,04:00:00,4352.645,4370.115,4352.645,4362.345,0.21
1774238700000,2026-03-23,04:05:00,4361.889,4370.635,4361.655,4368.775,0.1766
1774239000000,2026-03-23,04:10:00,4368.745,4369.575,4361.445,4363.455,0.1487
1774239300000,2026-03-23,04:15:00,4363.485,4370.215,4361.075,4368.595,0.1456
1774239600000,2026-03-23,04:20:00,4368.595,4370.005,4365.825,4369.905,0.0989
1774239900000,2026-03-23,04:25:00,4370.055,4370.525,4365.895,4368.375,0.1424
1774240200000,2026-03-23,04:30:00,4368.055,4368.425,4359.975,4366.095,0.1644
1774240500000,2026-03-23,04:35:00,4366.065,4381.625,4365.615,4373.705,0.1743
1774240800000,2026-03-23,04:40:00,4373.725,4377.955,4369.875,4375.175,0.096
1774241100000,2026-03-23,04:45:00,4375.295,4376.495,4367.498,4368.525,0.1402
1774241400000,2026-03-23,04:50:00,4368.495,4368.658,4349.598,4353.605,0.5737
1774241700000,2026-03-23,04:55:00,4353.635,4367.575,4351.938,4367.395,0.2115
1774242000000,2026-03-23,05:00:00,4367.375,4379.795,4365.885,4372.475,0.1797
1774242300000,2026-03-23,05:05:00,4372.455,4379.295,4371.398,4374.155,0.1399
1774242600000,2026-03-23,05:10:00,4374.815,4376.565,4369.315,4372.495,0.1245
1774242900000,2026-03-23,05:15:00,4372.515,4373.885,4363.115,4368.285,0.1421
1774243200000,2026-03-23,05:20:00,4368.255,4368.255,4354.065,4354.225,0.1807
1774243500000,2026-03-23,05:25:00,4354.205,4359.065,4351.525,4356.125,0.1522
1774243800000,2026-03-23,05:30:00,4356.105,4356.105,4321.148,4332.615,0.3888
1774244100000,2026-03-23,05:35:00,4332.575,4339.945,4321.965,4326.295,0.3577
1774244400000,2026-03-23,05:40:00,4326.075,4329.145,4319.995,4321.795,0.2788
1774244700000,2026-03-23,05:45:00,4321.755,4326.375,4318.885,4320.295,0.325
1774245000000,2026-03-23,05:50:00,4320.255,4324.035,4303.015,4303.398,0.5582
1774245300000,2026-03-23,05:55:00,4303.398,4321.575,4301.698,4309.865,0.3639
1774245600000,2026-03-23,06:00:00,4309.658,4309.955,4285.655,4286.375,0.4143
1774245900000,2026-03-23,06:05:00,4285.848,4286.038,4269.965,4274.875,0.386
1774246200000,2026-03-23,06:10:00,4275.015,4295.795,4271.045,4294.385,0.349
1774246500000,2026-03-23,06:15:00,4294.455,4309.785,4277.205,4285.285,0.3911
1774246800000,2026-03-23,06:20:00,4285.265,4285.345,4271.285,4274.815,0.404
1774247100000,2026-03-23,06:25:00,4274.795,4282.815,4238.705,4243.195,0.4348
1774247400000,2026-03-23,06:30:00,4243.185,4249.175,4221.618,4236.875,0.4912
1774247700000,2026-03-23,06:35:00,4236.985,4243.135,4215.058,4234.015,0.4399
1774248000000,2026-03-23,06:40:00,4233.985,4243.565,4181.975,4182.165,0.4641
1774248300000,2026-03-23,06:45:00,4182.115,4205.948,4162.445,4205.948,0.4728
1774248600000,2026-03-23,06:50:00,4205.225,4229.648,4203.125,4212.135,0.4481
1774248900000,2026-03-23,06:55:00,4212.285,4228.085,4206.315,4220.105,0.4337
1774249200000,2026-03-23,07:00:00,4220.075,4221.575,4179.525,4180.035,0.4206
1774249500000,2026-03-23,07:05:00,4180.085,4180.415,4131.245,4158.585,0.4428
1774249800000,2026-03-23,07:10:00,4158.145,4170.525,4125.698,4129.598,0.4323
1774250100000,2026-03-23,07:15:00,4129.525,4159.625,4112.755,4116.148,0.5041
1774250400000,2026-03-23,07:20:00,4116.115,4145.165,4098.275,4129.945,0.487
1774250700000,2026-03-23,07:25:00,4129.945,4138.585,4111.885,4134.798,0.4562
1774251000000,2026-03-23,07:30:00,4135.228,4164.335,4128.738,4154.918,0.5887
1774251300000,2026-03-23,07:35:00,4155.175,4199.098,4151.355,4179.828,0.4481
1774251600000,2026-03-23,07:40:00,4179.848,4215.445,4171.565,4214.785,0.3883
1774251900000,2026-03-23,07:45:00,4214.395,4232.235,4205.305,4213.695,0.4189
1774252200000,2026-03-23,07:50:00,4213.785,4221.345,4187.865,4198.145,0.4399
1774252500000,2026-03-23,07:55:00,4198.145,4204.795,4185.685,4203.965,0.3798
1774252800000,2026-03-23,08:00:00,4203.695,4229.105,4202.059,4219.865,0.4983
1774253100000,2026-03-23,08:05:00,4219.765,4241.538,4213.075,4233.035,0.4165
1774253400000,2026-03-23,08:10:00,4233.245,4255.315,4223.625,4252.795,0.4117
1774253700000,2026-03-23,08:15:00,4252.755,4255.915,4211.958,4219.615,0.4107
1774254000000,2026-03-23,08:20:00,4219.645,4228.855,4211.105,4220.705,0.3827
1774254300000,2026-03-23,08:25:00,4220.695,4233.885,4212.205,4226.455,0.3382
1774254600000,2026-03-23,08:30:00,4226.425,4263.435,4222.075,4263.145,0.3325
1774254900000,2026-03-23,08:35:00,4263.085,4270.385,4233.875,4237.855,0.3442
1774255200000,2026-03-23,08:40:00,4237.745,4258.725,4237.035,4257.205,0.2969
1774255500000,2026-03-23,08:45:00,4257.185,4269.525,4240.175,4241.115,0.3413
1774255800000,2026-03-23,08:50:00,4241.115,4241.425,4225.485,4228.765,0.311
1774256100000,2026-03-23,08:55:00,4228.785,4253.118,4219.435,4251.078,0.3695
1774256400000,2026-03-23,09:00:00,4251.078,4259.965,4245.665,4253.305,0.356
1774256700000,2026-03-23,09:05:00,4253.288,4257.075,4249.925,4254.245,0.2618
1774257000000,2026-03-23,09:10:00,4254.245,4268.995,4252.665,4268.695,0.2978
1774257300000,2026-03-23,09:15:00,4268.685,4291.245,4267.145,4288.635,0.2985
1774257600000,2026-03-23,09:20:00,4288.735,4301.255,4283.545,4288.375,0.3076
1774257900000,2026-03-23,09:25:00,4288.345,4303.725,4287.615,4303.625,0.2656
1774258200000,2026-03-23,09:30:00,4303.645,4308.225,4279.938,4281.645,0.3922
1774258500000,2026-03-23,09:35:00,4281.405,4284.725,4239.015,4240.305,0.3338
1774258800000,2026-03-23,09:40:00,4240.415,4249.155,4224.495,4225.345,0.4073
1774259100000,2026-03-23,09:45:00,4225.375,4245.395,4223.205,4237.115,0.3299
1774259400000,2026-03-23,09:50:00,4237.105,4248.225,4234.928,4238.065,0.3054
1774259700000,2026-03-23,09:55:00,4238.075,4257.045,4236.545,4253.245,0.2667
1774260000000,2026-03-23,10:00:00,4253.465,4261.105,4243.435,4256.825,0.2784
1774260300000,2026-03-23,10:05:00,4256.805,4264.405,4253.645,4261.385,0.2967
1774260600000,2026-03-23,10:10:00,4261.158,4272.035,4254.555,4263.445,0.3095
1774260900000,2026-03-23,10:15:00,4263.565,4274.335,4261.895,4269.205,0.2469
1774261200000,2026-03-23,10:20:00,4269.235,4274.445,4256.005,4273.095,0.2417
1774261500000,2026-03-23,10:25:00,4272.495,4273.855,4265.085,4268.525,0.1724
1774261800000,2026-03-23,10:30:00,4268.665,4269.045,4261.178,4261.985,0.2128
1774262100000,2026-03-23,10:35:00,4261.955,4268.435,4240.835,4246.355,0.2753
1774262400000,2026-03-23,10:40:00,4246.325,4261.895,4242.965,4256.895,0.2619
1774262700000,2026-03-23,10:45:00,4256.535,4260.995,4249.555,4260.885,0.2189
1774263000000,2026-03-23,10:50:00,4260.905,4281.615,4259.765,4262.375,0.3862
1774263300000,2026-03-23,10:55:00,4262.375,4270.475,4250.518,4268.715,0.3097
1774263600000,2026-03-23,11:00:00,4268.735,4295.275,4268.395,4282.205,0.3588
1774263900000,2026-03-23,11:05:00,4282.325,4420.608,4281.365,4406.475,0.5069
1774264200000,2026-03-23,11:10:00,4406.275,4463.015,4395.145,4455.935,0.4961
1774264500000,2026-03-23,11:15:00,4455.905,4459.915,4378.745,4394.515,0.4696
1774264800000,2026-03-23,11:20:00,4394.735,4405.098,4353.748,4375.548,0.5842
1774265100000,2026-03-23,11:25:00,4375.548,4402.848,4370.725,4398.168,0.6548
1774265400000,2026-03-23,11:30:00,4398.428,4425.558,4394.288,4420.898,0.4494
1774265700000,2026-03-23,11:35:00,4420.448,4431.425,4391.855,4404.325,0.4957
1774266000000,2026-03-23,11:40:00,4404.345,4414.495,4382.845,4411.795,0.4094
1774266300000,2026-03-23,11:45:00,4411.825,4417.045,4374.515,4393.245,0.4216
1774266600000,2026-03-23,11:50:00,4393.285,4414.385,4377.885,4403.325,0.4402
1774266900000,2026-03-23,11:55:00,4403.198,4403.198,4361.115,4378.795,0.4585
1774267200000,2026-03-23,12:00:00,4378.825,4380.168,4350.385,4356.345,0.5082
1774267500000,2026-03-23,12:05:00,4356.325,4368.375,4336.305,4368.305,0.4756
1774267800000,2026-03-23,12:10:00,4368.518,4374.725,4348.508,4352.345,0.4652
1774268100000,2026-03-23,12:15:00,4352.355,4398.835,4352.115,4398.715,0.4932
1774268400000,2026-03-23,12:20:00,4398.735,4404.725,4388.265,4389.415,0.4468
1774268700000,2026-03-23,12:25:00,4389.115,4400.175,4386.845,4389.855,0.395
1774269000000,2026-03-23,12:30:00,4389.295,4410.465,4373.035,4406.695,0.4053
1774269300000,2026-03-23,12:35:00,4406.735,4416.045,4400.205,4409.655,0.4124
1774269600000,2026-03-23,12:40:00,4409.675,4441.535,4403.635,4441.015,0.4942
1774269900000,2026-03-23,12:45:00,4441.075,4463.198,4433.015,4460.805,0.4506
1774270200000,2026-03-23,12:50:00,4460.735,4481.795,4458.535,4467.015,0.4285
1774270500000,2026-03-23,12:55:00,4467.005,4492.185,4463.485,4478.095,0.4011
1774270800000,2026-03-23,13:00:00,4478.108,4484.905,4437.735,4453.305,0.4873
1774271100000,2026-03-23,13:05:00,4453.375,4455.355,4430.805,4446.425,0.4365
1774271400000,2026-03-23,13:10:00,4446.385,4459.125,4439.525,4445.995,0.4349
1774271700000,2026-03-23,13:15:00,4446.145,4452.145,4422.405,4422.515,0.3787
1774272000000,2026-03-23,13:20:00,4422.555,4435.245,4415.125,4418.485,0.3874
1774272300000,2026-03-23,13:25:00,4418.585,4425.785,4405.008,4409.045,0.3768
1774272600000,2026-03-23,13:30:00,4409.365,4421.525,4400.995,4416.778,0.4795
1774272900000,2026-03-23,13:35:00,4416.778,4440.365,4415.505,4431.585,0.4858
1774273200000,2026-03-23,13:40:00,4431.435,4450.305,4421.738,4421.978,0.4886
1774273500000,2026-03-23,13:45:00,4421.848,4448.935,4419.058,4442.175,0.5072
1774273800000,2026-03-23,13:50:00,4442.155,4466.315,4440.015,4450.755,0.5165
1774274100000,2026-03-23,13:55:00,4450.835,4455.055,4434.388,4453.975,0.4298
1774274400000,2026-03-23,14:00:00,4454.145,4479.135,4454.055,4463.915,0.447
1774274700000,2026-03-23,14:05:00,4463.935,4470.535,4453.815,4461.235,0.4292
1774275000000,2026-03-23,14:10:00,4461.325,4471.385,4453.385,4464.035,0.4267
1774275300000,2026-03-23,14:15:00,4464.115,4495.395,4460.945,4489.925,0.4466
1774275600000,2026-03-23,14:20:00,4489.895,4504.435,4485.215,4503.645,0.4232
1774275900000,2026-03-23,14:25:00,4504.045,4512.665,4480.955,4486.225,0.4095
1774276200000,2026-03-23,14:30:00,4486.295,4504.145,4473.925,4492.965,0.373
1774276500000,2026-03-23,14:35:00,4492.995,4501.365,4476.835,4480.755,0.4095
1774276800000,2026-03-23,14:40:00,4480.725,4486.475,4470.035,4479.335,0.3737
1774277100000,2026-03-23,14:45:00,4479.078,4485.905,4468.165,4478.895,0.4362
1774277400000,2026-03-23,14:50:00,4478.945,4479.115,4456.565,4463.555,0.4273
1774277700000,2026-03-23,14:55:00,4463.755,4476.325,4461.285,4461.695,0.3667
1774278000000,2026-03-23,15:00:00,4461.238,4477.415,4454.725,4469.595,0.4218
1774278300000,2026-03-23,15:05:00,4469.335,4486.765,4469.235,4485.605,0.3988
1774278600000,2026-03-23,15:10:00,4485.575,4485.575,4461.675,4464.755,0.4095
1774278900000,2026-03-23,15:15:00,4464.785,4468.195,4426.988,4440.825,0.4054
1774279200000,2026-03-23,15:20:00,4440.885,4459.315,4430.765,4455.998,0.4319
1774279500000,2026-03-23,15:25:00,4456.265,4457.495,4440.145,4447.355,0.3839
1774279800000,2026-03-23,15:30:00,4446.925,4455.775,4431.215,4433.015,0.3904
1774280100000,2026-03-23,15:35:00,4432.575,4432.585,4415.975,4419.935,0.4131
1774280400000,2026-03-23,15:40:00,4419.955,4422.945,4405.665,4407.605,0.3962
1774280700000,2026-03-23,15:45:00,4407.418,4413.865,4394.898,4402.215,0.4429
1774281000000,2026-03-23,15:50:00,4401.545,4406.515,4384.355,4396.125,0.4621
1774281300000,2026-03-23,15:55:00,4396.105,4397.778,4350.798,4363.515,0.4789
1774281600000,2026-03-23,16:00:00,4363.158,4379.805,4358.785,4362.345,0.4896
1774281900000,2026-03-23,16:05:00,4362.185,4379.178,4352.355,4372.405,0.5312
1774282200000,2026-03-23,16:10:00,4372.115,4389.885,4366.198,4383.495,0.4598
1774282500000,2026-03-23,16:15:00,4383.375,4389.235,4365.465,4370.215,0.4054
1774282800000,2026-03-23,16:20:00,4370.155,4381.205,4360.425,4371.758,0.4311
1774283100000,2026-03-23,16:25:00,4371.455,4371.868,4352.058,4354.458,0.5027
1774283400000,2026-03-23,16:30:00,4354.538,4376.805,4353.258,4375.685,0.3983
1774283700000,2026-03-23,16:35:00,4375.535,4387.575,4374.535,4375.845,0.3593
1774284000000,2026-03-23,16:40:00,4375.815,4387.245,4372.215,4385.855,0.3669
1774284300000,2026-03-23,16:45:00,4385.825,4391.115,4373.245,4383.895,0.382
1774284600000,2026-03-23,16:50:00,4383.905,4391.505,4378.335,4387.815,0.4037
1774284900000,2026-03-23,16:55:00,4388.005,4389.525,4371.305,4375.325,0.3867
1774285200000,2026-03-23,17:00:00,4375.285,4386.695,4374.035,4375.515,0.3887
1774285500000,2026-03-23,17:05:00,4375.735,4402.425,4370.575,4396.265,0.3714
1774285800000,2026-03-23,17:10:00,4396.165,4405.355,4393.475,4396.935,0.3591
1774286100000,2026-03-23,17:15:00,4396.928,4400.515,4388.645,4397.725,0.3722
1774286400000,2026-03-23,17:20:00,4397.685,4402.315,4388.255,4399.065,0.3823
1774286700000,2026-03-23,17:25:00,4399.045,4413.615,4398.075,4405.275,0.3418
1774287000000,2026-03-23,17:30:00,4404.985,4430.795,4403.875,4428.435,0.3484
1774287300000,2026-03-23,17:35:00,4428.405,4438.835,4427.795,4431.015,0.3444
1774287600000,2026-03-23,17:40:00,4430.735,4431.005,4418.825,4420.205,0.287
1774287900000,2026-03-23,17:45:00,4420.035,4422.135,4404.455,4408.305,0.2639
1774288200000,2026-03-23,17:50:00,4408.505,4424.605,4406.595,4424.195,0.2939
1774288500000,2026-03-23,17:55:00,4424.255,4429.635,4419.385,4425.965,0.3166
1774288800000,2026-03-23,18:00:00,4425.995,4426.875,4417.725,4423.395,0.3382
1774289100000,2026-03-23,18:05:00,4423.445,4428.895,4402.005,4416.885,0.3556
1774289400000,2026-03-23,18:10:00,4417.215,4428.885,4416.775,4421.105,0.3614
1774289700000,2026-03-23,18:15:00,4421.085,4421.665,4409.298,4414.905,0.2933
1774290000000,2026-03-23,18:20:00,4414.905,4416.885,4410.065,4414.305,0.2744
1774290300000,2026-03-23,18:25:00,4414.235,4430.515,4414.105,4425.895,0.3083
1774290600000,2026-03-23,18:30:00,4425.775,4444.335,4425.365,4443.535,0.3032
1774290900000,2026-03-23,18:35:00,4443.575,4454.585,4442.005,4447.275,0.3261
1774291200000,2026-03-23,18:40:00,4447.355,4461.925,4445.885,4461.635,0.3041
1774291500000,2026-03-23,18:45:00,4461.615,4466.895,4456.745,4466.355,0.2705
1774291800000,2026-03-23,18:50:00,4466.335,4466.335,4446.065,4454.245,0.2991
1774292100000,2026-03-23,18:55:00,4454.245,4456.875,4448.175,4448.785,0.2257
1774292400000,2026-03-23,19:00:00,4448.625,4450.325,4435.725,4436.078,0.2873
1774292700000,2026-03-23,19:05:00,4436.345,4440.105,4429.198,4437.445,0.2923
1774293000000,2026-03-23,19:10:00,4437.415,4437.695,4402.815,4406.805,0.2887
1774293300000,2026-03-23,19:15:00,4406.855,4411.325,4395.975,4404.845,0.332
1774293600000,2026-03-23,19:20:00,4404.369,4404.945,4392.885,4402.305,0.3065
1774293900000,2026-03-23,19:25:00,4402.215,4414.795,4399.835,4410.445,0.2741
1774294200000,2026-03-23,19:30:00,4410.225,4415.485,4402.945,4409.665,0.2659
1774294500000,2026-03-23,19:35:00,4409.695,4413.735,4405.185,4409.875,0.2608
1774294800000,2026-03-23,19:40:00,4409.865,4416.325,4401.925,4416.255,0.2903
1774295100000,2026-03-23,19:45:00,4416.315,4427.425,4415.025,4418.315,0.306
1774295400000,2026-03-23,19:50:00,4418.715,4418.965,4403.365,4409.045,0.3111
1774295700000,2026-03-23,19:55:00,4408.815,4409.268,4396.825,4398.025,0.3526
1774296000000,2026-03-23,20:00:00,4397.625,4400.295,4382.575,4392.438,0.3133
1774296300000,2026-03-23,20:05:00,4392.055,4399.365,4390.495,4399.215,0.1829
1774296600000,2026-03-23,20:10:00,4399.195,4408.325,4396.905,4403.605,0.1226
1774296900000,2026-03-23,20:15:00,4403.655,4412.975,4403.595,4404.995,0.1222
1774297200000,2026-03-23,20:20:00,4405.025,4409.105,4405.025,4407.905,0.0828
1774297500000,2026-03-23,20:25:00,4407.935,4409.485,4403.505,4406.965,0.0751
1774297800000,2026-03-23,20:30:00,4406.935,4407.375,4400.758,4402.945,0.1019
1774298100000,2026-03-23,20:35:00,4402.945,4406.045,4395.655,4404.488,0.1069
1774298400000,2026-03-23,20:40:00,4404.488,4411.165,4400.595,4410.545,0.1184
1774298700000,2026-03-23,20:45:00,4410.595,4412.635,4409.945,4411.965,0.1155
1774299000000,2026-03-23,20:50:00,4412.015,4412.458,4405.498,4407.515,0.1313
1774299300000,2026-03-23,20:55:00,4407.525,4407.998,4404.418,4405.895,0.1297
1774303200000,2026-03-23,22:00:00,4411.898,4419.598,4379.001,4379.001,0.1802
1774303500000,2026-03-23,22:05:00,4379.213,4385.595,4359.348,4383.485,0.2283
1774303800000,2026-03-23,22:10:00,4383.565,4401.805,4377.355,4397.885,0.0877
1774304100000,2026-03-23,22:15:00,4395.515,4404.125,4388.895,4402.755,0.1347
1774304400000,2026-03-23,22:20:00,4402.785,4408.305,4395.965,4398.885,0.1533
1774304700000,2026-03-23,22:25:00,4398.845,4414.875,4398.015,4413.835,0.1419
1774305000000,2026-03-23,22:30:00,4413.975,4415.295,4397.975,4403.225,0.141
1774305300000,2026-03-23,22:35:00,4403.095,4416.585,4402.905,4411.865,0.1648
1774305600000,2026-03-23,22:40:00,4411.635,4411.715,4405.265,4408.825,0.0835
1774305900000,2026-03-23,22:45:00,4408.795,4413.725,4406.328,4413.425,0.0718
1774306200000,2026-03-23,22:50:00,4412.505,4431.065,4412.055,4429.205,0.1664
1774306500000,2026-03-23,22:55:00,4429.175,4429.715,4420.855,4426.338,0.1345
1774306800000,2026-03-23,23:00:00,4424.509,4428.998,4422.798,4425.798,0.4633
1774307100000,2026-03-23,23:05:00,4425.908,4436.798,4424.838,4432.378,0.2948
1774307400000,2026-03-23,23:10:00,4432.149,4437.205,4429.615,4435.375,0.1481
1774307700000,2026-03-23,23:15:00,4435.325,4444.128,4434.995,4436.545,0.1441
1774308000000,2026-03-23,23:20:00,4436.535,4444.095,4433.395,4443.795,0.0999
1774308300000,2026-03-23,23:25:00,4443.815,4448.005,4429.765,4441.525,0.1268
1774308600000,2026-03-23,23:30:00,4441.505,4444.145,4437.435,4443.785,0.0705
1774308900000,2026-03-23,23:35:00,4443.745,4444.415,4426.635,4428.145,0.1224
1774309200000,2026-03-23,23:40:00,4428.165,4432.085,4421.705,4430.705,0.141
1774309500000,2026-03-23,23:45:00,4430.575,4440.095,4421.825,4439.555,0.1515
1774309800000,2026-03-23,23:50:00,4439.325,4446.075,4438.115,4443.815,0.0901
1774310100000,2026-03-23,23:55:00,4443.885,4444.215,4434.775,4440.915,0.1151
1774310400000,2026-03-24,00:00:00,4440.895,4446.435,4427.125,4430.265,0.1812
1774310700000,2026-03-24,00:05:00,4430.225,4436.135,4427.965,4433.265,0.1876
1774311000000,2026-03-24,00:10:00,4433.305,4436.155,4419.778,4421.865,0.1757
1774311300000,2026-03-24,00:15:00,4422.125,4423.215,4401.435,4411.485,0.2722
1774311600000,2026-03-24,00:20:00,4411.445,4411.765,4402.945,4405.695,0.2436
1774311900000,2026-03-24,00:25:00,4405.645,4408.795,4367.828,4377.705,0.2883
1774312200000,2026-03-24,00:30:00,4378.075,4387.045,4355.155,4371.275,0.3154
1774312500000,2026-03-24,00:35:00,4371.425,4376.825,4332.275,4352.835,0.3009
1774312800000,2026-03-24,00:40:00,4352.565,4352.565,4330.695,4343.995,0.3555
1774313100000,2026-03-24,00:45:00,4344.045,4370.065,4342.665,4366.275,0.3
1774313400000,2026-03-24,00:50:00,4366.195,4386.455,4364.995,4381.395,0.2332
1774313700000,2026-03-24,00:55:00,4381.435,4385.825,4362.955,4364.035,0.2476
1774314000000,2026-03-24,01:00:00,4364.165,4373.895,4353.475,4355.575,0.4223
1774314300000,2026-03-24,01:05:00,4355.278,4364.475,4342.055,4342.895,0.3671
1774314600000,2026-03-24,01:10:00,4342.665,4362.325,4327.825,4330.775,0.3618
1774314900000,2026-03-24,01:15:00,4330.805,4348.535,4330.725,4346.035,0.3723
1774315200000,2026-03-24,01:20:00,4346.015,4361.965,4345.945,4360.265,0.3035
1774315500000,2026-03-24,01:25:00,4360.355,4368.785,4352.985,4354.365,0.3002
1774315800000,2026-03-24,01:30:00,4354.305,4361.485,4349.625,4360.445,0.2829
1774316100000,2026-03-24,01:35:00,4360.485,4368.225,4350.035,4350.855,0.2813
1774316400000,2026-03-24,01:40:00,4351.501,4352.865,4321.195,4321.545,0.3266
1774316700000,2026-03-24,01:45:00,4321.545,4328.085,4307.555,4314.375,0.3123
1774317000000,2026-03-24,01:50:00,4314.405,4331.635,4313.685,4325.925,0.3282
1774317300000,2026-03-24,01:55:00,4325.955,4330.815,4319.235,4321.765,0.3825
1774317600000,2026-03-24,02:00:00,4321.745,4336.705,4313.885,4332.595,0.3498
1774317900000,2026-03-24,02:05:00,4332.545,4332.545,4318.495,4321.735,0.3259
1774318200000,2026-03-24,02:10:00,4321.535,4323.425,4305.565,4312.025,0.2943
1774318500000,2026-03-24,02:15:00,4311.965,4320.975,4308.718,4313.735,0.2238
1774318800000,2026-03-24,02:20:00,4313.835,4349.005,4312.345,4335.545,0.3406
1774319100000,2026-03-24,02:25:00,4335.535,4353.395,4334.065,4351.575,0.2666
1774319400000,2026-03-24,02:30:00,4351.595,4371.165,4344.165,4369.985,0.3559
1774319700000,2026-03-24,02:35:00,4369.925,4373.095,4359.225,4360.945,0.289
1774320000000,2026-03-24,02:40:00,4360.965,4369.135,4352.495,4366.495,0.2854
1774320300000,2026-03-24,02:45:00,4366.425,4378.965,4362.775,4363.325,0.2808
1774320600000,2026-03-24,02:50:00,4363.365,4363.495,4351.625,4359.085,0.2673
1774320900000,2026-03-24,02:55:00,4359.195,4366.465,4355.835,4365.725,0.2419
1774321200000,2026-03-24,03:00:00,4365.655,4367.665,4349.845,4351.605,0.2874
1774321500000,2026-03-24,03:05:00,4351.585,4361.505,4349.835,4352.065,0.2144
1774321800000,2026-03-24,03:10:00,4352.065,4361.055,4351.775,4357.865,0.2056
1774322100000,2026-03-24,03:15:00,4357.835,4365.518,4357.295,4358.135,0.2587
1774322400000,2026-03-24,03:20:00,4358.155,4367.905,4357.665,4361.625,0.2814
1774322700000,2026-03-24,03:25:00,4361.815,4366.945,4355.145,4364.365,0.2323
1774323000000,2026-03-24,03:30:00,4364.085,4364.465,4346.425,4346.605,0.2372
1774323300000,2026-03-24,03:35:00,4346.585,4351.805,4338.345,4341.895,0.2285
1774323600000,2026-03-24,03:40:00,4341.865,4346.475,4338.435,4341.455,0.127
1774323900000,2026-03-24,03:45:00,4341.475,4343.175,4334.835,4339.885,0.1804
1774324200000,2026-03-24,03:50:00,4339.875,4343.985,4336.568,4341.475,0.1269
1774324500000,2026-03-24,03:55:00,4341.545,4349.495,4337.215,4347.045,0.1609
1774324800000,2026-03-24,04:00:00,4347.025,4353.305,4346.165,4352.065,0.1561
1774325100000,2026-03-24,04:05:00,4352.585,4357.005,4347.255,4351.645,0.1495
1774325400000,2026-03-24,04:10:00,4351.615,4352.715,4347.395,4349.755,0.1237
1774325700000,2026-03-24,04:15:00,4350.335,4350.335,4329.765,4329.865,0.2106
1774326000000,2026-03-24,04:20:00,4329.885,4335.095,4326.245,4331.705,0.1961
1774326300000,2026-03-24,04:25:00,4331.275,4341.765,4330.845,4339.485,0.1556
1774326600000,2026-03-24,04:30:00,4339.455,4343.735,4335.705,4342.705,0.1785
1774326900000,2026-03-24,04:35:00,4342.825,4345.575,4338.515,4343.195,0.1053
1774327200000,2026-03-24,04:40:00,4343.215,4347.845,4340.385,4340.645,0.1066
1774327500000,2026-03-24,04:45:00,4340.615,4349.015,4339.735,4346.025,0.1138
1774327800000,2026-03-24,04:50:00,4345.965,4348.165,4343.355,4347.835,0.1239
1774328100000,2026-03-24,04:55:00,4347.855,4347.855,4331.775,4333.115,0.1783
1774328400000,2026-03-24,05:00:00,4333.115,4337.765,4327.365,4327.715,0.185
1774328700000,2026-03-24,05:05:00,4327.685,4327.685,4319.515,4325.755,0.193
1774329000000,2026-03-24,05:10:00,4325.765,4345.485,4324.235,4334.995,0.2101
1774329300000,2026-03-24,05:15:00,4335.035,4346.285,4334.545,4341.705,0.254
1774329600000,2026-03-24,05:20:00,4341.578,4345.865,4338.695,4339.235,0.483
1774329900000,2026-03-24,05:25:00,4339.405,4342.325,4333.575,4334.915,0.2016
1774330200000,2026-03-24,05:30:00,4334.595,4336.258,4320.645,4332.305,0.3474
1774330500000,2026-03-24,05:35:00,4332.415,4344.515,4330.795,4337.825,0.3039
1774330800000,2026-03-24,05:40:00,4337.865,4373.595,4337.675,4357.915,0.3694
1774331100000,2026-03-24,05:45:00,4357.625,4368.485,4353.365,4362.855,0.2772
1774331400000,2026-03-24,05:50:00,4362.835,4368.585,4351.895,4351.895,0.2833
1774331700000,2026-03-24,05:55:00,4351.505,4355.615,4343.168,4346.945,0.2764
1774332000000,2026-03-24,06:00:00,4347.135,4361.415,4342.635,4357.395,0.3725
1774332300000,2026-03-24,06:05:00,4357.358,4370.595,4353.685,4369.085,0.303
1774332600000,2026-03-24,06:10:00,4368.985,4375.245,4362.318,4366.155,0.3085
1774332900000,2026-03-24,06:15:00,4366.125,4375.225,4358.575,4373.465,0.2281
1774333200000,2026-03-24,06:20:00,4373.435,4391.185,4365.945,4385.008,0.3079
1774333500000,2026-03-24,06:25:00,4385.018,4396.455,4382.438,4386.595,0.3648
1774333800000,2026-03-24,06:30:00,4386.218,4393.105,4381.045,4384.675,0.3034
1774334100000,2026-03-24,06:35:00,4384.685,4391.805,4377.928,4391.805,0.2901
1774334400000,2026-03-24,06:40:00,4391.775,4396.925,4374.225,4377.255,0.2942
1774334700000,2026-03-24,06:45:00,4377.145,4381.255,4372.525,4377.505,0.297
1774335000000,2026-03-24,06:50:00,4377.485,4390.825,4376.555,4389.345,0.2469
1774335300000,2026-03-24,06:55:00,4389.375,4404.765,4387.738,4401.855,0.284
1774335600000,2026-03-24,07:00:00,4401.885,4414.763,4399.365,4408.315,0.3447
1774335900000,2026-03-24,07:05:00,4408.385,4415.705,4406.238,4415.065,0.313
1774336200000,2026-03-24,07:10:00,4414.785,4425.218,4414.785,4424.465,0.3046
1774336500000,2026-03-24,07:15:00,4424.465,4424.855,4419.095,4422.615,0.2794
1774336800000,2026-03-24,07:20:00,4422.175,4424.185,4408.275,4411.695,0.2809
1774337100000,2026-03-24,07:25:00,4411.655,4415.935,4405.725,4412.115,0.2309
1774337400000,2026-03-24,07:30:00,4412.085,4412.085,4401.375,4409.655,0.2928
1774337700000,2026-03-24,07:35:00,4409.625,4411.355,4400.695,4408.615,0.2483
1774338000000,2026-03-24,07:40:00,4408.675,4410.885,4399.555,4408.215,0.2555
1774338300000,2026-03-24,07:45:00,4407.985,4425.115,4401.505,4421.875,0.3031
1774338600000,2026-03-24,07:50:00,4421.805,4432.785,4419.055,4420.648,0.4325
1774338900000,2026-03-24,07:55:00,4420.648,4425.105,4414.615,4416.855,0.2963
1774339200000,2026-03-24,08:00:00,4416.815,4416.938,4401.895,4406.965,0.3839
1774339500000,2026-03-24,08:05:00,4406.965,4418.075,4405.995,4412.145,0.3785
1774339800000,2026-03-24,08:10:00,4412.175,4420.735,4409.455,4414.205,0.3329
1774340100000,2026-03-24,08:15:00,4414.205,4417.248,4401.855,4404.755,0.4073
1774340400000,2026-03-24,08:20:00,4404.795,4406.595,4393.895,4394.295,0.3538
1774340700000,2026-03-24,08:25:00,4394.395,4397.905,4390.895,4396.295,0.2924
1774341000000,2026-03-24,08:30:00,4396.008,4404.615,4391.305,4398.225,0.27
1774341300000,2026-03-24,08:35:00,4398.205,4404.498,4396.208,4397.038,0.2933
1774341600000,2026-03-24,08:40:00,4396.815,4405.545,4395.915,4400.215,0.2775
1774341900000,2026-03-24,08:45:00,4400.235,4410.745,4398.345,4409.145,0.2632
1774342200000,2026-03-24,08:50:00,4409.095,4413.895,4400.038,4411.725,0.3944
1774342500000,2026-03-24,08:55:00,4411.745,4414.285,4403.315,4411.535,0.3238
1774342800000,2026-03-24,09:00:00,4412.015,4419.035,4407.495,4412.535,0.3464
1774343100000,2026-03-24,09:05:00,4412.505,4414.085,4401.978,4404.355,0.2678
1774343400000,2026-03-24,09:10:00,4404.358,4408.385,4397.038,4398.715,0.251
1774343700000,2026-03-24,09:15:00,4398.905,4415.045,4395.625,4413.655,0.2424
1774344000000,2026-03-24,09:20:00,4413.625,4414.985,4407.898,4409.275,0.22
1774344300000,2026-03-24,09:25:00,4409.215,4410.705,4406.275,4407.085,0.1329
1774344600000,2026-03-24,09:30:00,4407.055,4412.705,4404.915,4411.165,0.1931
1774344900000,2026-03-24,09:35:00,4411.195,4417.845,4410.115,4417.675,0.1647
1774345200000,2026-03-24,09:40:00,4417.835,4420.995,4414.865,4415.645,0.1985
1774345500000,2026-03-24,09:45:00,4415.845,4419.968,4414.455,4416.875,0.2633
1774345800000,2026-03-24,09:50:00,4416.895,4418.225,4411.885,4417.375,0.2402
1774346100000,2026-03-24,09:55:00,4417.375,4430.625,4416.705,4425.945,0.2341
1774346400000,2026-03-24,10:00:00,4426.255,4428.306,4414.705,4421.565,0.3097
1774346700000,2026-03-24,10:05:00,4421.535,4428.975,4417.865,4427.735,0.259
1774347000000,2026-03-24,10:10:00,4427.715,4430.795,4423.095,4426.025,0.2401
1774347300000,2026-03-24,10:15:00,4426.025,4432.865,4425.465,4429.555,0.261
1774347600000,2026-03-24,10:20:00,4429.595,4431.705,4424.105,4425.995,0.2111
1774347900000,2026-03-24,10:25:00,4426.125,4426.865,4421.098,4421.905,0.2523
1774348200000,2026-03-24,10:30:00,4421.875,4422.065,4414.605,4416.115,0.262
1774348500000,2026-03-24,10:35:00,4416.145,4425.415,4414.355,4423.995,0.1966
1774348800000,2026-03-24,10:40:00,4424.115,4427.638,4421.258,4427.098,0.2186
1774349100000,2026-03-24,10:45:00,4427.098,4428.978,4418.398,4419.338,0.2754
1774349400000,2026-03-24,10:50:00,4419.358,4432.095,4418.958,4428.565,0.2462
1774349700000,2026-03-24,10:55:00,4428.835,4441.308,4425.525,4438.445,0.3942
1774350000000,2026-03-24,11:00:00,4438.445,4441.865,4373.048,4408.885,0.5344
1774350300000,2026-03-24,11:05:00,4408.885,4417.978,4399.048,4412.618,0.6639
1774350600000,2026-03-24,11:10:00,4412.618,4421.298,4405.818,4419.035,0.5535
1774350900000,2026-03-24,11:15:00,4419.015,4420.145,4402.965,4414.845,0.3611
1774351200000,2026-03-24,11:20:00,4414.885,4420.465,4411.745,4415.695,0.2779
1774351500000,2026-03-24,11:25:00,4415.695,4415.695,4407.405,4412.775,0.3192
1774351800000,2026-03-24,11:30:00,4412.605,4427.398,4410.998,4427.338,0.3573
1774352100000,2026-03-24,11:35:00,4427.358,4431.475,4422.415,4424.985,0.334
1774352400000,2026-03-24,11:40:00,4424.985,4426.685,4420.745,4421.598,0.2695
1774352700000,2026-03-24,11:45:00,4421.558,4427.158,4418.405,4423.935,0.3258
1774353000000,2026-03-24,11:50:00,4423.858,4424.178,4390.175,4400.385,0.4074
1774353300000,2026-03-24,11:55:00,4400.355,4408.515,4396.695,4407.345,0.5729
1774353600000,2026-03-24,12:00:00,4407.375,4416.995,4404.035,4406.015,0.4655
1774353900000,2026-03-24,12:05:00,4405.948,4412.795,4404.518,4412.165,0.598
1774354200000,2026-03-24,12:10:00,4412.195,4422.095,4408.225,4419.938,0.415
1774354500000,2026-03-24,12:15:00,4419.505,4427.205,4417.138,4424.925,0.3982
1774354800000,2026-03-24,12:20:00,4424.925,4424.925,4397.998,4400.585,0.5642
1774355100000,2026-03-24,12:25:00,4400.285,4408.738,4395.088,4401.995,0.4667
1774355400000,2026-03-24,12:30:00,4402.015,4406.455,4373.665,4382.718,0.525
1774355700000,2026-03-24,12:35:00,4382.598,4389.278,4362.435,4364.575,0.4872
1774356000000,2026-03-24,12:40:00,4364.395,4375.395,4361.545,4369.385,0.6142
1774356300000,2026-03-24,12:45:00,4369.365,4386.865,4368.575,4383.155,0.5404
1774356600000,2026-03-24,12:50:00,4382.895,4390.325,4376.455,4383.055,0.4045
1774356900000,2026-03-24,12:55:00,4382.955,4388.815,4377.495,4378.905,0.3094
1774357200000,2026-03-24,13:00:00,4378.885,4389.575,4370.205,4381.955,0.3822
1774357500000,2026-03-24,13:05:00,4381.935,4384.738,4363.995,4368.275,0.3992
1774357800000,2026-03-24,13:10:00,4368.315,4381.838,4363.785,4377.765,0.4597
1774358100000,2026-03-24,13:15:00,4377.785,4384.065,4370.085,4372.725,0.3562
1774358400000,2026-03-24,13:20:00,4372.745,4378.888,4370.425,4372.115,0.3076
1774358700000,2026-03-24,13:25:00,4371.848,4378.865,4356.288,4356.808,0.4007
1774359000000,2026-03-24,13:30:00,4356.108,4370.235,4352.925,4359.815,0.4659
1774359300000,2026-03-24,13:35:00,4359.495,4364.045,4351.915,4355.605,0.452
1774359600000,2026-03-24,13:40:00,4355.565,4362.225,4350.995,4356.385,0.3505
1774359900000,2026-03-24,13:45:00,4356.365,4365.745,4350.838,4354.345,0.3926
1774360200000,2026-03-24,13:50:00,4354.405,4377.948,4353.295,4366.238,0.5614
1774360500000,2026-03-24,13:55:00,4366.298,4383.058,4366.298,4381.165,0.9314
1774360800000,2026-03-24,14:00:00,4381.175,4396.158,4380.019,4396.158,0.6933
1774361100000,2026-03-24,14:05:00,4396.448,4397.175,4385.435,4397.175,0.6281
1774361400000,2026-03-24,14:10:00,4397.235,4404.148,4383.818,4394.685,1.3794
1774361700000,2026-03-24,14:15:00,4395.185,4400.088,4388.315,4397.865,1.8021
1774362000000,2026-03-24,14:20:00,4397.945,4408.188,4396.838,4406.245,1.4397
1774362300000,2026-03-24,14:25:00,4406.245,4414.475,4401.365,4408.735,1.0107
1774362600000,2026-03-24,14:30:00,4408.555,4416.808,4399.748,4415.065,1.1953
1774362900000,2026-03-24,14:35:00,4415.065,4416.958,4403.848,4407.245,1.2961
1774363200000,2026-03-24,14:40:00,4407.015,4420.295,4405.828,4411.778,1.5906
1774363500000,2026-03-24,14:45:00,4411.868,4420.248,4403.485,4403.855,1.1145
1774363800000,2026-03-24,14:50:00,4403.855,4433.085,4400.768,4425.105,0.7385
1774364100000,2026-03-24,14:55:00,4425.155,4428.545,4405.158,4415.558,0.4773
1774364400000,2026-03-24,15:00:00,4415.005,4420.055,4403.308,4411.185,1.0559
1774364700000,2026-03-24,15:05:00,4411.135,4413.845,4401.278,4402.465,0.5386
1774365000000,2026-03-24,15:10:00,4402.405,4412.178,4395.758,4411.008,0.581
1774365300000,2026-03-24,15:15:00,4410.918,4414.758,4405.058,4408.428,1.5459
1774365600000,2026-03-24,15:20:00,4408.428,4414.378,4402.628,4413.638,1.5229
1774365900000,2026-03-24,15:25:00,4413.638,4419.968,4410.998,4412.298,0.8047
1774366200000,2026-03-24,15:30:00,4412.215,4418.498,4409.715,4416.105,0.6138
1774366500000,2026-03-24,15:35:00,4416.165,4427.125,4414.425,4422.955,0.5133
1774366800000,2026-03-24,15:40:00,4422.955,4428.825,4421.875,4424.145,0.4349
1774367100000,2026-03-24,15:45:00,4424.145,4430.398,4419.755,4428.845,0.4671
1774367400000,2026-03-24,15:50:00,4428.745,4430.095,4418.118,4418.518,0.6076
1774367700000,2026-03-24,15:55:00,4418.518,4419.098,4408.835,4411.118,0.5671
1774368000000,2026-03-24,16:00:00,4411.158,4413.398,4403.998,4406.318,0.5337
1774368300000,2026-03-24,16:05:00,4406.318,4412.898,4402.198,4412.218,0.4456
1774368600000,2026-03-24,16:10:00,4412.188,4414.018,4407.195,4413.898,0.395
1774368900000,2026-03-24,16:15:00,4413.795,4424.998,4411.198,4424.118,0.4956
1774369200000,2026-03-24,16:20:00,4424.118,4424.398,4418.898,4423.188,0.3931
1774369500000,2026-03-24,16:25:00,4423.288,4425.268,4418.838,4420.698,0.4306
1774369800000,2026-03-24,16:30:00,4420.698,4423.648,4415.848,4418.448,0.9594
1774370100000,2026-03-24,16:35:00,4418.498,4418.965,4408.298,4409.328,0.9951
1774370400000,2026-03-24,16:40:00,4409.198,4424.148,4408.288,4424.148,0.6722
1774370700000,2026-03-24,16:45:00,4424.098,4427.148,4418.128,4422.488,0.5658
1774371000000,2026-03-24,16:50:00,4422.488,4426.048,4419.928,4420.068,0.5959
1774371300000,2026-03-24,16:55:00,4420.208,4423.878,4417.848,4420.958,0.5381
1774371600000,2026-03-24,17:00:00,4420.958,4426.058,4407.838,4408.258,0.4661
1774371900000,2026-03-24,17:05:00,4408.138,4408.138,4389.815,4391.645,0.523
1774372200000,2026-03-24,17:10:00,4391.695,4398.455,4387.975,4397.248,0.3229
1774372500000,2026-03-24,17:15:00,4397.248,4402.115,4393.885,4399.595,0.3143
1774372800000,2026-03-24,17:20:00,4399.775,4405.185,4397.468,4400.955,0.2907
1774373100000,2026-03-24,17:25:00,4400.925,4405.605,4398.425,4399.838,0.3046
1774373400000,2026-03-24,17:30:00,4399.838,4399.838,4381.478,4383.035,0.341
1774373700000,2026-03-24,17:35:00,4383.035,4385.735,4374.978,4382.485,0.2797
1774374000000,2026-03-24,17:40:00,4382.635,4387.225,4374.955,4377.885,0.2962
1774374300000,2026-03-24,17:45:00,4377.905,4387.425,4372.155,4384.555,0.2711
1774374600000,2026-03-24,17:50:00,4384.478,4388.895,4381.045,4385.005,0.2695
1774374900000,2026-03-24,17:55:00,4384.925,4394.265,4382.545,4388.395,0.3523
1774375200000,2026-03-24,18:00:00,4388.365,4392.635,4383.545,4389.215,0.2925
1774375500000,2026-03-24,18:05:00,4389.485,4392.105,4385.625,4386.035,0.2734
1774375800000,2026-03-24,18:10:00,4385.965,4393.605,4383.648,4389.365,0.2578
1774376100000,2026-03-24,18:15:00,4389.385,4399.275,4386.898,4398.045,0.291
1774376400000,2026-03-24,18:20:00,4398.225,4405.965,4396.865,4405.705,0.2413
1774376700000,2026-03-24,18:25:00,4405.725,4409.585,4404.498,4406.975,0.245
1774377000000,2026-03-24,18:30:00,4406.795,4423.105,4406.795,4414.105,0.2794
1774377300000,2026-03-24,18:35:00,4414.035,4422.855,4413.415,4419.678,0.3137
1774377600000,2026-03-24,18:40:00,4419.718,4420.515,4394.338,4399.755,0.3594
1774377900000,2026-03-24,18:45:00,4399.755,4401.028,4390.975,4396.255,0.2797
1774378200000,2026-03-24,18:50:00,4396.168,4401.685,4394.745,4399.458,0.2452
1774378500000,2026-03-24,18:55:00,4399.285,4399.285,4383.695,4389.285,0.235
1774378800000,2026-03-24,19:00:00,4389.275,4399.925,4388.475,4399.015,0.225
1774379100000,2026-03-24,19:05:00,4398.985,4404.968,4396.155,4404.298,0.1758
1774379400000,2026-03-24,19:10:00,4404.308,4405.655,4402.585,4404.265,0.1877
1774379700000,2026-03-24,19:15:00,4404.305,4408.245,4399.705,4407.568,0.2135
1774380000000,2026-03-24,19:20:00,4407.655,4408.855,4404.905,4407.988,0.1736
1774380300000,2026-03-24,19:25:00,4407.988,4411.108,4406.445,4407.128,0.1878
1774380600000,2026-03-24,19:30:00,4407.145,4407.188,4401.085,4402.515,0.2098
1774380900000,2026-03-24,19:35:00,4402.465,4403.395,4396.015,4397.415,0.1873
1774381200000,2026-03-24,19:40:00,4397.395,4403.635,4394.755,4400.995,0.2003
1774381500000,2026-03-24,19:45:00,4401.145,4401.485,4397.615,4399.525,0.1777
1774381800000,2026-03-24,19:50:00,4399.885,4404.175,4396.245,4401.865,0.1864
1774382100000,2026-03-24,19:55:00,4402.195,4403.298,4397.585,4400.085,0.2413
1774382400000,2026-03-24,20:00:00,4399.998,4404.105,4398.525,4399.125,0.0967
1774382700000,2026-03-24,20:05:00,4399.045,4400.805,4397.025,4398.785,0.0682
1774383000000,2026-03-24,20:10:00,4398.825,4401.745,4397.168,4400.505,0.0728
1774383300000,2026-03-24,20:15:00,4400.525,4410.015,4398.608,4409.398,0.082
1774383600000,2026-03-24,20:20:00,4409.485,4466.235,4408.728,4463.525,0.3165
1774383900000,2026-03-24,20:25:00,4463.555,4483.945,4449.025,4455.425,0.3741
1774384200000,2026-03-24,20:30:00,4455.395,4466.085,4447.165,4458.295,0.3467
1774384500000,2026-03-24,20:35:00,4458.335,4472.598,4454.288,4472.105,0.3314
1774384800000,2026-03-24,20:40:00,4472.235,4472.418,4444.325,4459.225,0.3385
1774385100000,2026-03-24,20:45:00,4459.628,4466.935,4456.105,4465.565,0.2683
1774385400000,2026-03-24,20:50:00,4465.565,4481.195,4464.035,4480.665,0.2327
1774385700000,2026-03-24,20:55:00,4480.775,4480.915,4470.198,4471.835,0.2331
1774389600000,2026-03-24,22:00:00,4471.098,4480.285,4467.725,4478.535,0.0683
1774389900000,2026-03-24,22:05:00,4478.485,4485.185,4474.395,4484.265,0.1235
1774390200000,2026-03-24,22:10:00,4484.245,4484.848,4477.775,4483.065,0.0974
1774390500000,2026-03-24,22:15:00,4482.975,4484.298,4475.675,4483.135,0.1285
1774390800000,2026-03-24,22:20:00,4483.185,4484.698,4476.968,4477.675,0.0985
1774391100000,2026-03-24,22:25:00,4477.398,4478.048,4467.715,4469.678,0.2536
1774391400000,2026-03-24,22:30:00,4469.658,4469.938,4455.258,4462.518,0.3023
1774391700000,2026-03-24,22:35:00,4462.678,4469.635,4461.655,4464.148,0.1211
1774392000000,2026-03-24,22:40:00,4464.148,4470.685,4463.888,4468.198,0.1093
1774392300000,2026-03-24,22:45:00,4468.198,4479.325,4466.355,4475.635,0.204
1774392600000,2026-03-24,22:50:00,4475.575,4475.755,4468.615,4471.175,0.1188
1774392900000,2026-03-24,22:55:00,4471.215,4484.198,4470.058,4484.118,0.1963
1774393200000,2026-03-24,23:00:00,4483.778,4484.498,4471.958,4474.118,0.2707
1774393500000,2026-03-24,23:05:00,4474.118,4484.098,4474.118,4479.958,0.2268
1774393800000,2026-03-24,23:10:00,4479.548,4484.448,4479.125,4484.348,0.1859
1774394100000,2026-03-24,23:15:00,4484.348,4498.835,4482.798,4497.608,0.4048
1774394400000,2026-03-24,23:20:00,4497.598,4502.595,4495.315,4501.678,0.2814
1774394700000,2026-03-24,23:25:00,4501.678,4509.678,4499.265,4509.548,0.2639
1774395000000,2026-03-24,23:30:00,4509.548,4511.658,4504.895,4505.755,0.2891
1774395300000,2026-03-24,23:35:00,4505.795,4545.995,4504.035,4545.875,0.3604
1774395600000,2026-03-24,23:40:00,4545.875,4546.115,4531.485,4539.205,0.3192
1774395900000,2026-03-24,23:45:00,4539.205,4549.598,4531.695,4549.598,0.3445
1774396200000,2026-03-24,23:50:00,4549.598,4551.118,4535.855,4543.325,0.3113
1774396500000,2026-03-24,23:55:00,4543.275,4550.415,4542.115,4546.375,0.3047
1774396800000,2026-03-25,00:00:00,4546.335,4553.398,4537.065,4552.765,0.3547
1774397100000,2026-03-25,00:05:00,4552.795,4554.278,4540.905,4548.218,0.3224
1774397400000,2026-03-25,00:10:00,4548.185,4554.298,4547.495,4549.855,0.3062
1774397700000,2026-03-25,00:15:00,4549.855,4551.255,4538.198,4545.625,0.5478
1774398000000,2026-03-25,00:20:00,4545.525,4547.645,4540.105,4542.155,0.2547
1774398300000,2026-03-25,00:25:00,4542.045,4556.618,4541.235,4553.105,0.3008
1774398600000,2026-03-25,00:30:00,4553.105,4560.648,4546.138,4559.398,0.3593
1774398900000,2026-03-25,00:35:00,4559.398,4567.135,4559.155,4566.115,0.3946
1774399200000,2026-03-25,00:40:00,4566.445,4569.915,4564.798,4567.395,0.2705
1774399500000,2026-03-25,00:45:00,4567.425,4571.738,4562.848,4565.098,0.2607
1774399800000,2026-03-25,00:50:00,4565.598,4569.398,4561.245,4568.635,0.2214
1774400100000,2026-03-25,00:55:00,4568.605,4568.925,4561.498,4562.698,0.2677
1774400400000,2026-03-25,01:00:00,4562.698,4569.808,4552.085,4563.448,0.4947
1774400700000,2026-03-25,01:05:00,4563.258,4576.038,4562.915,4575.748,0.4812
1774401000000,2026-03-25,01:10:00,4575.808,4578.428,4569.085,4569.888,0.5482
1774401300000,2026-03-25,01:15:00,4569.918,4575.168,4567.418,4575.088,0.8096
1774401600000,2026-03-25,01:20:00,4575.018,4578.375,4571.348,4573.865,0.4094
1774401900000,2026-03-25,01:25:00,4574.325,4577.948,4572.065,4575.055,0.3703
1774402200000,2026-03-25,01:30:00,4575.005,4585.185,4573.685,4584.405,0.251
1774402500000,2026-03-25,01:35:00,4584.365,4589.855,4583.725,4588.185,0.2443
1774402800000,2026-03-25,01:40:00,4588.345,4590.975,4583.855,4584.605,0.2553
1774403100000,2026-03-25,01:45:00,4584.545,4597.025,4583.225,4596.435,0.2096
1774403400000,2026-03-25,01:50:00,4596.025,4600.955,4593.565,4598.225,0.2231
1774403700000,2026-03-25,01:55:00,4598.205,4600.425,4594.195,4594.655,0.201
1774404000000,2026-03-25,02:00:00,4594.635,4596.125,4585.385,4588.955,0.2296
1774404300000,2026-03-25,02:05:00,4588.835,4592.725,4581.095,4581.095,0.1643
1774404600000,2026-03-25,02:10:00,4581.215,4587.555,4579.585,4585.135,0.2094
1774404900000,2026-03-25,02:15:00,4585.065,4588.275,4584.095,4587.235,0.0992
1774405200000,2026-03-25,02:20:00,4587.235,4591.635,4584.798,4586.585,0.1029
1774405500000,2026-03-25,02:25:00,4586.605,4592.415,4585.275,4586.635,0.0982
1774405800000,2026-03-25,02:30:00,4586.885,4587.698,4580.695,4586.645,0.2211
1774406100000,2026-03-25,02:35:00,4586.725,4596.925,4585.348,4592.045,0.1631
1774406400000,2026-03-25,02:40:00,4592.045,4596.845,4590.675,4593.035,0.1442
1774406700000,2026-03-25,02:45:00,4593.295,4602.125,4589.345,4590.225,0.1737
1774407000000,2026-03-25,02:50:00,4590.135,4592.585,4583.745,4586.165,0.1637
1774407300000,2026-03-25,02:55:00,4586.148,4586.765,4581.478,4583.325,0.1632
1774407600000,2026-03-25,03:00:00,4583.285,4585.905,4573.245,4575.335,0.1704
1774407900000,2026-03-25,03:05:00,4575.385,4582.345,4573.935,4575.185,0.149
1774408200000,2026-03-25,03:10:00,4575.235,4580.265,4572.948,4576.375,0.1448
1774408500000,2026-03-25,03:15:00,4576.475,4578.265,4571.548,4576.005,0.1544
1774408800000,2026-03-25,03:20:00,4576.085,4577.435,4572.735,4577.135,0.1402
1774409100000,2026-03-25,03:25:00,4577.115,4579.425,4574.638,4575.135,0.1556
1774409400000,2026-03-25,03:30:00,4575.165,4576.798,4570.655,4572.898,0.2333
1774409700000,2026-03-25,03:35:00,4572.988,4577.408,4571.358,4573.525,0.2837
1774410000000,2026-03-25,03:40:00,4573.465,4573.548,4569.238,4569.438,0.172
1774410300000,2026-03-25,03:45:00,4569.438,4573.338,4567.768,4568.928,0.2984
1774410600000,2026-03-25,03:50:00,4569.085,4573.828,4567.258,4572.708,0.2713
1774410900000,2026-03-25,03:55:00,4572.798,4573.228,4567.418,4569.738,0.305
1774411200000,2026-03-25,04:00:00,4569.595,4573.695,4565.295,4572.848,0.3118
1774411500000,2026-03-25,04:05:00,4572.828,4573.838,4568.075,4571.058,0.0916
1774411800000,2026-03-25,04:10:00,4571.028,4574.005,4569.115,4573.635,0.095
1774412100000,2026-03-25,04:15:00,4574.085,4574.175,4572.708,4573.715,0.0692
1774412400000,2026-03-25,04:20:00,4573.685,4574.265,4570.498,4572.048,0.134
1774412700000,2026-03-25,04:25:00,4572.048,4574.075,4571.625,4573.985,0.1073
1774413000000,2026-03-25,04:30:00,4573.905,4574.385,4570.708,4570.925,0.1052
1774413300000,2026-03-25,04:35:00,4570.998,4574.215,4565.865,4571.885,0.1044
1774413600000,2026-03-25,04:40:00,4571.855,4573.285,4568.878,4569.305,0.0634
1774413900000,2026-03-25,04:45:00,4569.245,4570.835,4567.735,4569.815,0.0984
1774414200000,2026-03-25,04:50:00,4570.145,4571.685,4569.368,4569.808,0.1073
1774414500000,2026-03-25,04:55:00,4570.045,4573.535,4569.908,4572.248,0.1084
1774414800000,2026-03-25,05:00:00,4572.495,4572.545,4567.235,4568.895,0.1036
1774415100000,2026-03-25,05:05:00,4569.035,4573.295,4566.515,4571.575,0.139
1774415400000,2026-03-25,05:10:00,4571.575,4571.875,4568.035,4571.405,0.1305
1774415700000,2026-03-25,05:15:00,4571.485,4571.485,4563.568,4564.185,0.1773
1774416000000,2026-03-25,05:20:00,4564.155,4565.055,4560.295,4562.555,0.1474
1774416300000,2026-03-25,05:25:00,4562.615,4562.615,4553.355,4554.345,0.1468
1774416600000,2026-03-25,05:30:00,4554.315,4558.705,4548.898,4552.715,0.4007
1774416900000,2026-03-25,05:35:00,4552.735,4559.458,4551.285,4558.705,0.2234
1774417200000,2026-03-25,05:40:00,4558.725,4566.555,4556.765,4566.475,0.1692
1774417500000,2026-03-25,05:45:00,4566.435,4566.505,4559.015,4559.015,0.1283
1774417800000,2026-03-25,05:50:00,4558.965,4564.205,4555.275,4558.638,0.229
1774418100000,2026-03-25,05:55:00,4558.628,4558.915,4553.158,4555.215,0.5019
1774418400000,2026-03-25,06:00:00,4555.235,4556.655,4546.115,4549.905,0.2001
1774418700000,2026-03-25,06:05:00,4550.025,4551.435,4538.788,4540.325,0.251
1774419000000,2026-03-25,06:10:00,4540.298,4546.625,4532.668,4534.125,0.3478
1774419300000,2026-03-25,06:15:00,4534.095,4549.815,4533.965,4548.948,0.3138
1774419600000,2026-03-25,06:20:00,4548.948,4552.288,4547.098,4550.885,0.443
1774419900000,2026-03-25,06:25:00,4550.905,4552.248,4547.905,4550.295,0.2916
1774420200000,2026-03-25,06:30:00,4550.305,4556.505,4550.105,4553.165,0.1974
1774420500000,2026-03-25,06:35:00,4553.168,4553.308,4545.885,4546.105,0.2256
1774420800000,2026-03-25,06:40:00,4546.188,4548.505,4543.835,4546.405,0.2748
1774421100000,2026-03-25,06:45:00,4546.315,4550.465,4543.465,4547.368,0.1545
1774421400000,2026-03-25,06:50:00,4547.485,4549.755,4546.098,4547.565,0.1793
1774421700000,2026-03-25,06:55:00,4547.775,4549.555,4543.065,4545.405,0.1582
1774422000000,2026-03-25,07:00:00,4545.365,4550.065,4544.555,4548.405,0.179
1774422300000,2026-03-25,07:05:00,4548.758,4552.025,4547.775,4550.675,0.1137
1774422600000,2026-03-25,07:10:00,4550.635,4558.735,4549.275,4556.358,0.152
1774422900000,2026-03-25,07:15:00,4556.358,4562.125,4555.878,4561.825,0.1717
1774423200000,2026-03-25,07:20:00,4561.825,4562.915,4555.725,4556.715,0.1721
1774423500000,2026-03-25,07:25:00,4556.715,4562.515,4556.105,4560.795,0.2022
1774423800000,2026-03-25,07:30:00,4560.855,4560.855,4553.258,4554.648,0.2282
1774424100000,2026-03-25,07:35:00,4554.655,4554.755,4542.248,4546.555,0.1992
1774424400000,2026-03-25,07:40:00,4546.458,4552.215,4545.355,4546.348,0.2033
1774424700000,2026-03-25,07:45:00,4546.345,4549.655,4539.205,4544.475,0.2381
1774425000000,2026-03-25,07:50:00,4544.359,4545.915,4542.105,4544.435,0.1581
1774425300000,2026-03-25,07:55:00,4544.365,4544.865,4536.548,4539.065,0.2685
1774425600000,2026-03-25,08:00:00,4539.135,4549.425,4535.428,4545.225,0.2635
1774425900000,2026-03-25,08:05:00,4545.365,4554.785,4543.715,4551.565,0.1618
1774426200000,2026-03-25,08:10:00,4551.585,4559.065,4549.855,4558.315,0.1729
1774426500000,2026-03-25,08:15:00,4558.555,4564.315,4556.708,4563.205,0.1511
1774426800000,2026-03-25,08:20:00,4563.105,4567.475,4561.465,4562.315,0.1571
1774427100000,2026-03-25,08:25:00,4562.295,4567.055,4560.965,4565.445,0.146
1774427400000,2026-03-25,08:30:00,4564.575,4567.165,4562.718,4566.115,0.1246
1774427700000,2026-03-25,08:35:00,4565.965,4565.985,4553.255,4563.155,0.22
1774428000000,2026-03-25,08:40:00,4563.055,4567.205,4562.325,4565.055,0.1576
1774428300000,2026-03-25,08:45:00,4565.085,4566.675,4561.898,4564.665,0.1638
1774428600000,2026-03-25,08:50:00,4564.575,4566.945,4558.815,4558.955,0.1392
1774428900000,2026-03-25,08:55:00,4559.155,4561.235,4554.895,4556.035,0.1306
1774429200000,2026-03-25,09:00:00,4556.015,4565.075,4554.195,4562.915,0.1269
1774429500000,2026-03-25,09:05:00,4562.945,4567.455,4560.475,4562.305,0.1244
1774429800000,2026-03-25,09:10:00,4562.275,4565.985,4558.825,4562.075,0.1075
1774430100000,2026-03-25,09:15:00,4562.025,4565.375,4561.455,4563.535,0.1033
1774430400000,2026-03-25,09:20:00,4563.495,4565.995,4554.805,4555.785,0.1365
1774430700000,2026-03-25,09:25:00,4555.845,4560.655,4554.418,4558.395,0.1617
1774431000000,2026-03-25,09:30:00,4558.375,4560.105,4555.095,4556.325,0.1114
1774431300000,2026-03-25,09:35:00,4555.855,4559.295,4550.735,4555.135,0.1589
1774431600000,2026-03-25,09:40:00,4555.185,4557.755,4549.038,4550.305,0.1423
1774431900000,2026-03-25,09:45:00,4550.525,4551.105,4527.665,4537.555,0.2281
1774432200000,2026-03-25,09:50:00,4537.585,4548.275,4537.275,4548.075,0.1551
1774432500000,2026-03-25,09:55:00,4548.105,4555.018,4544.818,4551.755,0.2109
1774432800000,2026-03-25,10:00:00,4551.715,4560.745,4551.115,4558.955,0.1801
1774433100000,2026-03-25,10:05:00,4558.955,4559.795,4556.415,4557.025,0.1583
1774433400000,2026-03-25,10:10:00,4557.025,4558.455,4553.765,4554.995,0.0982
1774433700000,2026-03-25,10:15:00,4554.405,4557.875,4551.295,4556.475,0.1026
1774434000000,2026-03-25,10:20:00,4556.235,4558.195,4553.045,4553.655,0.0969
1774434300000,2026-03-25,10:25:00,4553.675,4557.825,4552.618,4555.215,0.094
1774434600000,2026-03-25,10:30:00,4554.845,4557.135,4552.865,4553.425,0.1041
1774434900000,2026-03-25,10:35:00,4553.345,4558.815,4550.975,4556.005,0.1021
1774435200000,2026-03-25,10:40:00,4555.965,4557.975,4551.338,4552.135,0.1107
1774435500000,2026-03-25,10:45:00,4552.105,4557.635,4551.598,4557.195,0.1248
1774435800000,2026-03-25,10:50:00,4557.235,4562.265,4556.315,4561.235,0.1297
1774436100000,2026-03-25,10:55:00,4561.205,4561.405,4557.725,4558.595,0.0943
1774436400000,2026-03-25,11:00:00,4558.525,4565.855,4555.835,4565.855,0.1113
1774436700000,2026-03-25,11:05:00,4565.825,4568.775,4565.648,4567.705,0.1244
1774437000000,2026-03-25,11:10:00,4567.685,4568.705,4561.915,4567.535,0.1286
1774437300000,2026-03-25,11:15:00,4567.735,4568.505,4564.028,4567.465,0.0958
1774437600000,2026-03-25,11:20:00,4567.495,4582.675,4566.225,4581.865,0.149
1774437900000,2026-03-25,11:25:00,4582.195,4582.615,4576.775,4579.615,0.1385
1774438200000,2026-03-25,11:30:00,4579.705,4584.458,4579.665,4582.268,0.1403
1774438500000,2026-03-25,11:35:00,4582.268,4585.475,4581.385,4583.155,0.134
1774438800000,2026-03-25,11:40:00,4583.125,4584.645,4581.025,4583.575,0.1049
1774439100000,2026-03-25,11:45:00,4582.998,4583.635,4572.795,4576.928,0.2328
1774439400000,2026-03-25,11:50:00,4577.078,4578.275,4572.06,4577.355,0.2078
1774439700000,2026-03-25,11:55:00,4577.325,4579.335,4575.158,4578.665,0.1287
1774440000000,2026-03-25,12:00:00,4578.605,4583.345,4578.105,4578.345,0.1555
1774440300000,2026-03-25,12:05:00,4578.295,4583.385,4572.658,4580.855,0.1716
1774440600000,2026-03-25,12:10:00,4580.615,4583.325,4577.078,4577.635,0.1544
1774440900000,2026-03-25,12:15:00,4577.645,4578.915,4561.958,4562.438,0.309
1774441200000,2026-03-25,12:20:00,4562.758,4567.925,4552.428,4556.015,0.3696
1774441500000,2026-03-25,12:25:00,4555.995,4560.245,4539.875,4544.875,0.2899
1774441800000,2026-03-25,12:30:00,4544.205,4547.605,4521.695,4537.665,0.3206
1774442100000,2026-03-25,12:35:00,4537.685,4554.405,4537.685,4553.555,0.2521
1774442400000,2026-03-25,12:40:00,4553.585,4554.175,4547.035,4547.195,0.1832
1774442700000,2026-03-25,12:45:00,4547.195,4547.195,4535.508,4543.605,0.255
1774443000000,2026-03-25,12:50:00,4543.575,4547.835,4539.305,4546.555,0.1804
1774443300000,2026-03-25,12:55:00,4546.545,4552.365,4543.675,4543.715,0.1862
1774443600000,2026-03-25,13:00:00,4543.735,4571.065,4540.975,4567.305,0.3415
1774443900000,2026-03-25,13:05:00,4567.478,4568.225,4559.355,4561.055,0.2314
1774444200000,2026-03-25,13:10:00,4561.015,4565.455,4557.035,4559.115,0.2151
1774444500000,2026-03-25,13:15:00,4559.205,4563.365,4554.878,4559.865,0.178
1774444800000,2026-03-25,13:20:00,4559.915,4561.475,4551.305,4558.425,0.1816
1774445100000,2026-03-25,13:25:00,4558.455,4570.365,4556.965,4568.595,0.1935
1774445400000,2026-03-25,13:30:00,4568.955,4576.285,4562.065,4568.338,0.3811
1774445700000,2026-03-25,13:35:00,4568.375,4570.405,4557.615,4558.105,0.3234
1774446000000,2026-03-25,13:40:00,4558.495,4569.715,4556.218,4561.065,0.3271
1774446300000,2026-03-25,13:45:00,4561.125,4563.625,4551.178,4551.855,0.3209
1774446600000,2026-03-25,13:50:00,4551.905,4551.905,4540.838,4546.215,0.3204
1774446900000,2026-03-25,13:55:00,4546.715,4553.595,4540.665,4544.565,0.3204
1774447200000,2026-03-25,14:00:00,4544.595,4549.845,4532.975,4545.235,0.3374
1774447500000,2026-03-25,14:05:00,4545.255,4551.775,4539.775,4550.635,0.3218
1774447800000,2026-03-25,14:10:00,4550.805,4554.965,4548.115,4553.355,0.323
1774448100000,2026-03-25,14:15:00,4553.405,4562.095,4553.225,4556.745,0.2632
1774448400000,2026-03-25,14:20:00,4556.935,4559.535,4545.975,4547.665,0.2841
1774448700000,2026-03-25,14:25:00,4547.815,4562.595,4546.755,4562.595,0.3315
1774449000000,2026-03-25,14:30:00,4562.595,4566.195,4557.018,4565.505,0.2639
1774449300000,2026-03-25,14:35:00,4565.535,4566.415,4561.338,4564.745,0.2535
1774449600000,2026-03-25,14:40:00,4564.795,4568.945,4561.555,4565.305,0.2464
1774449900000,2026-03-25,14:45:00,4565.81,4574.085,4565.81,4572.575,0.2274
1774450200000,2026-03-25,14:50:00,4572.535,4579.075,4566.955,4567.935,0.2175
1774450500000,2026-03-25,14:55:00,4567.965,4569.955,4563.625,4566.925,0.2181
1774450800000,2026-03-25,15:00:00,4566.935,4568.781,4561.225,4564.195,0.2604
1774451100000,2026-03-25,15:05:00,4564.245,4565.155,4549.515,4549.635,0.2582
1774451400000,2026-03-25,15:10:00,4549.655,4555.795,4549.525,4549.615,0.2471
1774451700000,2026-03-25,15:15:00,4549.585,4551.465,4524.915,4546.025,0.3561
1774452000000,2026-03-25,15:20:00,4546.055,4561.505,4545.455,4556.018,0.3849
1774452300000,2026-03-25,15:25:00,4556.495,4560.525,4552.625,4560.455,0.2644
1774452600000,2026-03-25,15:30:00,4560.525,4564.865,4560.389,4562.455,0.2386
1774452900000,2026-03-25,15:35:00,4562.435,4564.555,4558.085,4558.135,0.2232
1774453200000,2026-03-25,15:40:00,4558.145,4560.745,4555.145,4556.915,0.2233
1774453500000,2026-03-25,15:45:00,4556.955,4558.285,4553.525,4557.035,0.225
1774453800000,2026-03-25,15:50:00,4557.005,4562.925,4556.905,4561.765,0.205
1774454100000,2026-03-25,15:55:00,4561.785,4565.675,4558.605,4558.725,0.2318
1774454400000,2026-03-25,16:00:00,4558.775,4564.78,4556.875,4558.625,0.2616
1774454700000,2026-03-25,16:05:00,4558.695,4562.025,4552.035,4560.115,0.2378
1774455000000,2026-03-25,16:10:00,4560.305,4560.955,4552.298,4553.655,0.2283
1774455300000,2026-03-25,16:15:00,4553.625,4555.035,4545.975,4549.315,0.2176
1774455600000,2026-03-25,16:20:00,4549.335,4556.508,4544.758,4555.728,0.2227
1774455900000,2026-03-25,16:25:00,4556.208,4560.595,4551.938,4555.485,0.3086
1774456200000,2026-03-25,16:30:00,4555.315,4556.685,4550.798,4552.755,0.2019
1774456500000,2026-03-25,16:35:00,4552.835,4560.235,4550.998,4558.928,0.1892
1774456800000,2026-03-25,16:40:00,4559.235,4560.685,4554.098,4555.695,0.2015
1774457100000,2026-03-25,16:45:00,4555.725,4556.015,4550.778,4551.815,0.1636
1774457400000,2026-03-25,16:50:00,4551.305,4558.885,4549.605,4557.825,0.1695
1774457700000,2026-03-25,16:55:00,4557.755,4558.135,4554.548,4555.055,0.1494
1774458000000,2026-03-25,17:00:00,4554.838,4557.555,4550.298,4553.255,0.1966
1774458300000,2026-03-25,17:05:00,4552.898,4553.695,4545.258,4545.935,0.2101
1774458600000,2026-03-25,17:10:00,4545.655,4553.895,4542.968,4550.915,0.1644
1774458900000,2026-03-25,17:15:00,4550.945,4552.035,4542.525,4545.855,0.1604
1774459200000,2026-03-25,17:20:00,4546.015,4555.795,4545.258,4551.545,0.1929
1774459500000,2026-03-25,17:25:00,4551.595,4558.085,4551.195,4553.225,0.1837
1774459800000,2026-03-25,17:30:00,4553.295,4563.035,4550.025,4562.435,0.1803
1774460100000,2026-03-25,17:35:00,4562.475,4563.645,4560.095,4561.465,0.1576
1774460400000,2026-03-25,17:40:00,4561.315,4561.515,4557.098,4560.275,0.1694
1774460700000,2026-03-25,17:45:00,4560.335,4561.735,4557.685,4558.795,0.1409
1774461000000,2026-03-25,17:50:00,4558.765,4558.785,4546.715,4547.795,0.1804
1774461300000,2026-03-25,17:55:00,4547.485,4555.065,4545.595,4550.365,0.1853
1774461600000,2026-03-25,18:00:00,4550.365,4568.695,4545.255,4552.085,0.2881
1774461900000,2026-03-25,18:05:00,4552.105,4560.125,4550.805,4551.555,0.2316
1774462200000,2026-03-25,18:10:00,4551.295,4553.115,4547.625,4551.195,0.1842
1774462500000,2026-03-25,18:15:00,4551.175,4551.865,4546.015,4548.785,0.2254
1774462800000,2026-03-25,18:20:00,4548.835,4555.095,4548.745,4555.055,0.2067
1774463100000,2026-03-25,18:25:00,4555.045,4556.355,4550.918,4551.578,0.2039
1774463400000,2026-03-25,18:30:00,4551.538,4557.525,4551.355,4556.335,0.1625
1774463700000,2026-03-25,18:35:00,4556.335,4556.898,4549.575,4549.765,0.1646
1774464000000,2026-03-25,18:40:00,4549.805,4550.455,4546.775,4548.858,0.1699
1774464300000,2026-03-25,18:45:00,4548.858,4549.455,4542.735,4543.845,0.1581
1774464600000,2026-03-25,18:50:00,4544.315,4545.415,4538.635,4541.525,0.1462
1774464900000,2026-03-25,18:55:00,4541.655,4541.655,4530.665,4537.965,0.2359
1774465200000,2026-03-25,19:00:00,4537.925,4539.445,4529.505,4533.235,0.2271
1774465500000,2026-03-25,19:05:00,4533.215,4535.445,4502.555,4503.495,0.2303
1774465800000,2026-03-25,19:10:00,4503.555,4509.775,4486.508,4508.845,0.3209
1774466100000,2026-03-25,19:15:00,4508.825,4516.055,4502.315,4509.965,0.2226
1774466400000,2026-03-25,19:20:00,4510.055,4514.355,4505.075,4513.795,0.2295
1774466700000,2026-03-25,19:25:00,4513.875,4518.535,4510.275,4513.105,0.2057
1774467000000,2026-03-25,19:30:00,4512.925,4518.145,4511.795,4516.015,0.1574
1774467300000,2026-03-25,19:35:00,4516.075,4517.515,4506.155,4511.695,0.1766
1774467600000,2026-03-25,19:40:00,4511.785,4526.845,4511.055,4522.105,0.1771
1774467900000,2026-03-25,19:45:00,4522.085,4523.415,4513.298,4514.495,0.1823
1774468200000,2026-03-25,19:50:00,4514.685,4520.055,4513.755,4518.045,0.1969
1774468500000,2026-03-25,19:55:00,4518.175,4533.675,4517.445,4530.835,0.2137
1774468800000,2026-03-25,20:00:00,4530.745,4541.755,4529.775,4535.165,0.1679
1774469100000,2026-03-25,20:05:00,4535.195,4536.635,4526.535,4526.945,0.0979
1774469400000,2026-03-25,20:10:00,4527.625,4529.715,4522.875,4529.285,0.1133
1774469700000,2026-03-25,20:15:00,4529.265,4534.065,4529.205,4530.725,0.0602
1774470000000,2026-03-25,20:20:00,4530.775,4530.835,4522.155,4523.935,0.0703
1774470300000,2026-03-25,20:25:00,4523.995,4526.255,4522.435,4523.585,0.0542
1774470600000,2026-03-25,20:30:00,4523.715,4524.765,4519.195,4520.725,0.0718
1774470900000,2026-03-25,20:35:00,4520.755,4520.915,4502.825,4503.695,0.1432
1774471200000,2026-03-25,20:40:00,4503.665,4506.275,4494.585,4504.355,0.1523
1774471500000,2026-03-25,20:45:00,4504.265,4506.735,4501.675,4505.845,0.0848
1774471800000,2026-03-25,20:50:00,4505.785,4507.185,4501.135,4503.555,0.07
1774472100000,2026-03-25,20:55:00,4503.585,4507.015,4502.335,4505.325,0.1068
1774476000000,2026-03-25,22:00:00,4508.498,4524.445,4508.498,4520.845,0.1221
1774476300000,2026-03-25,22:05:00,4521.025,4531.535,4508.445,4509.045,0.2031
1774476600000,2026-03-25,22:10:00,4509.045,4517.055,4508.505,4511.535,0.081
1774476900000,2026-03-25,22:15:00,4513.105,4513.105,4505.098,4507.975,0.0639
1774477200000,2026-03-25,22:20:00,4507.975,4517.175,4506.945,4516.995,0.0885
1774477500000,2026-03-25,22:25:00,4517.095,4519.555,4508.955,4511.465,0.0765
1774477800000,2026-03-25,22:30:00,4511.465,4520.545,4507.725,4519.945,0.0405
1774478100000,2026-03-25,22:35:00,4519.925,4526.575,4516.655,4525.215,0.0254
1774478400000,2026-03-25,22:40:00,4525.655,4534.525,4522.345,4531.815,0.0866
1774478700000,2026-03-25,22:45:00,4531.735,4532.985,4517.165,4518.135,0.1023
1774479000000,2026-03-25,22:50:00,4518.095,4524.385,4514.958,4516.385,0.1165
1774479300000,2026-03-25,22:55:00,4516.335,4519.885,4511.915,4517.058,0.2578
1774479600000,2026-03-25,23:00:00,4517.138,4517.518,4503.075,4503.878,0.3298
1774479900000,2026-03-25,23:05:00,4503.558,4512.778,4496.838,4506.658,0.2937
1774480200000,2026-03-25,23:10:00,4506.658,4514.175,4505.775,4508.615,0.0781
1774480500000,2026-03-25,23:15:00,4508.595,4512.765,4505.955,4506.208,0.0969
1774480800000,2026-03-25,23:20:00,4506.208,4506.308,4498.255,4502.995,0.1391
1774481100000,2026-03-25,23:25:00,4503.025,4505.895,4496.655,4505.165,0.0924
1774481400000,2026-03-25,23:30:00,4505.185,4510.785,4503.845,4505.585,0.0861
1774481700000,2026-03-25,23:35:00,4505.625,4505.895,4489.365,4493.635,0.2188
1774482000000,2026-03-25,23:40:00,4493.595,4497.595,4488.575,4494.455,0.1312
1774482300000,2026-03-25,23:45:00,4494.435,4498.058,4491.005,4492.215,0.2068
1774482600000,2026-03-25,23:50:00,4491.868,4497.958,4490.995,4495.285,0.2454
1774482900000,2026-03-25,23:55:00,4495.335,4499.465,4493.978,4497.875,0.1164
1774483200000,2026-03-26,00:00:00,4497.845,4512.935,4497.798,4509.735,0.164
1774483500000,2026-03-26,00:05:00,4509.775,4520.295,4507.955,4513.528,0.2575
1774483800000,2026-03-26,00:10:00,4513.528,4527.345,4508.405,4527.345,0.2123
1774484100000,2026-03-26,00:15:00,4527.345,4535.235,4524.025,4527.025,0.2091
1774484400000,2026-03-26,00:20:00,4527.005,4531.835,4524.505,4526.645,0.1792
1774484700000,2026-03-26,00:25:00,4526.665,4529.955,4523.735,4524.945,0.1065
1774485000000,2026-03-26,00:30:00,4524.895,4531.555,4524.425,4524.705,0.1113
1774485300000,2026-03-26,00:35:00,4524.745,4529.595,4524.335,4526.345,0.0985
1774485600000,2026-03-26,00:40:00,4526.555,4532.485,4526.288,4527.695,0.1291
1774485900000,2026-03-26,00:45:00,4527.925,4536.295,4527.175,4534.665,0.1187
1774486200000,2026-03-26,00:50:00,4534.695,4538.875,4527.575,4527.975,0.171
1774486500000,2026-03-26,00:55:00,4527.895,4535.695,4527.535,4534.938,0.1402
1774486800000,2026-03-26,01:00:00,4534.515,4544.275,4531.045,4538.045,0.2914
1774487100000,2026-03-26,01:05:00,4538.045,4540.555,4533.835,4538.395,0.2457
1774487400000,2026-03-26,01:10:00,4538.605,4539.915,4533.345,4537.865,0.1711
1774487700000,2026-03-26,01:15:00,4537.995,4538.215,4526.478,4530.095,0.1958
1774488000000,2026-03-26,01:20:00,4530.165,4537.235,4529.015,4531.505,0.1416
1774488300000,2026-03-26,01:25:00,4531.575,4536.375,4528.748,4534.235,0.1867
1774488600000,2026-03-26,01:30:00,4534.265,4537.418,4528.778,4530.305,0.1375
1774488900000,2026-03-26,01:35:00,4530.871,4533.095,4525.925,4530.465,0.1463
1774489200000,2026-03-26,01:40:00,4530.495,4536.215,4527.725,4529.945,0.1334
1774489500000,2026-03-26,01:45:00,4529.855,4531.555,4523.655,4524.545,0.1637
1774489800000,2026-03-26,01:50:00,4524.405,4534.425,4522.215,4529.925,0.1262
1774490100000,2026-03-26,01:55:00,4529.955,4535.538,4528.308,4534.995,0.4094
1774490400000,2026-03-26,02:00:00,4535.015,4535.468,4527.115,4533.115,0.2253
1774490700000,2026-03-26,02:05:00,4533.165,4533.675,4527.875,4528.835,0.3138
1774491000000,2026-03-26,02:10:00,4528.835,4533.775,4528.255,4530.688,0.1316
1774491300000,2026-03-26,02:15:00,4530.688,4532.815,4524.648,4528.055,0.0976
1774491600000,2026-03-26,02:20:00,4528.085,4531.175,4524.458,4524.935,0.1149
1774491900000,2026-03-26,02:25:00,4524.965,4529.495,4524.955,4527.955,0.0991
1774492200000,2026-03-26,02:30:00,4527.349,4530.225,4520.025,4523.225,0.1363
1774492500000,2026-03-26,02:35:00,4523.285,4523.955,4511.655,4514.315,0.1817
1774492800000,2026-03-26,02:40:00,4514.335,4520.838,4514.015,4519.245,0.1422
1774493100000,2026-03-26,02:45:00,4518.789,4520.895,4515.045,4516.515,0.1554
1774493400000,2026-03-26,02:50:00,4516.545,4517.775,4512.175,4515.345,0.115
1774493700000,2026-03-26,02:55:00,4515.365,4515.685,4505.535,4508.465,0.1472
1774494000000,2026-03-26,03:00:00,4508.395,4509.505,4501.358,4504.645,0.1657
1774494300000,2026-03-26,03:05:00,4504.565,4509.565,4503.815,4503.815,0.1123
1774494600000,2026-03-26,03:10:00,4503.835,4511.675,4502.645,4511.125,0.1348
1774494900000,2026-03-26,03:15:00,4511.075,4513.455,4505.475,4507.295,0.1281
1774495200000,2026-03-26,03:20:00,4507.265,4507.615,4499.635,4504.025,0.146
1774495500000,2026-03-26,03:25:00,4503.738,4509.045,4503.418,4506.295,0.1648
1774495800000,2026-03-26,03:30:00,4506.405,4516.455,4506.145,4515.975,0.1111
1774496100000,2026-03-26,03:35:00,4515.885,4518.045,4514.725,4517.225,0.0965
1774496400000,2026-03-26,03:40:00,4517.175,4518.555,4514.788,4515.355,0.0983
1774496700000,2026-03-26,03:45:00,4515.305,4515.855,4513.748,4515.135,0.0719
1774497000000,2026-03-26,03:50:00,4515.055,4515.055,4510.205,4510.395,0.1275
1774497300000,2026-03-26,03:55:00,4510.435,4516.755,4510.258,4516.425,0.0615
1774497600000,2026-03-26,04:00:00,4516.585,4517.695,4512.398,4512.915,0.0717
1774497900000,2026-03-26,04:05:00,4512.895,4516.925,4511.315,4516.845,0.0665
1774498200000,2026-03-26,04:10:00,4516.875,4518.875,4516.165,4518.145,0.0791
1774498500000,2026-03-26,04:15:00,4518.185,4519.465,4516.568,4516.885,0.062
1774498800000,2026-03-26,04:20:00,4516.915,4520.048,4515.825,4518.248,0.0996
1774499100000,2026-03-26,04:25:00,4518.348,4521.755,4518.348,4520.525,0.0834
1774499400000,2026-03-26,04:30:00,4520.645,4522.145,4518.905,4519.528,0.0589
1774499700000,2026-03-26,04:35:00,4519.528,4519.615,4517.378,4517.378,0.0658
1774500000000,2026-03-26,04:40:00,4517.378,4519.365,4516.275,4517.685,0.0578
1774500300000,2026-03-26,04:45:00,4517.665,4523.985,4517.585,4521.725,0.0779
1774500600000,2026-03-26,04:50:00,4521.235,4522.018,4518.948,4520.135,0.0814
1774500900000,2026-03-26,04:55:00,4520.115,4521.265,4519.278,4520.225,0.0637
1774501200000,2026-03-26,05:00:00,4520.245,4522.095,4517.898,4518.115,0.0916
1774501500000,2026-03-26,05:05:00,4518.295,4518.555,4511.398,4511.398,0.1162
1774501800000,2026-03-26,05:10:00,4511.425,4512.198,4507.425,4508.505,0.1301
1774502100000,2026-03-26,05:15:00,4508.475,4510.125,4505.695,4509.985,0.0934
1774502400000,2026-03-26,05:20:00,4510.245,4510.905,4501.298,4504.725,0.0983
1774502700000,2026-03-26,05:25:00,4504.845,4504.955,4488.945,4493.345,0.1404
1774503000000,2026-03-26,05:30:00,4493.315,4493.965,4479.768,4493.645,0.2379
1774503300000,2026-03-26,05:35:00,4493.615,4495.455,4485.618,4489.765,0.1654
1774503600000,2026-03-26,05:40:00,4489.725,4494.945,4482.945,4482.945,0.1551
1774503900000,2026-03-26,05:45:00,4482.875,4484.035,4467.815,4472.925,0.2164
1774504200000,2026-03-26,05:50:00,4472.765,4475.915,4459.845,4462.155,0.2284
1774504500000,2026-03-26,05:55:00,4462.175,4463.115,4438.585,4438.715,0.2814
1774504800000,2026-03-26,06:00:00,4439.055,4450.335,4427.605,4441.745,0.3064
1774505100000,2026-03-26,06:05:00,4441.985,4443.305,4422.945,4437.878,0.2784
1774505400000,2026-03-26,06:10:00,4437.835,4441.835,4418.285,4420.828,0.3026
1774505700000,2026-03-26,06:15:00,4421.015,4435.305,4415.505,4429.925,0.2917
1774506000000,2026-03-26,06:20:00,4429.065,4435.915,4428.125,4431.895,0.2086
1774506300000,2026-03-26,06:25:00,4431.875,4441.295,4427.555,4440.065,0.2212
1774506600000,2026-03-26,06:30:00,4440.005,4440.255,4435.375,4436.665,0.1811
1774506900000,2026-03-26,06:35:00,4436.695,4443.945,4430.365,4442.815,0.1699
1774507200000,2026-03-26,06:40:00,4442.865,4447.295,4439.305,4446.995,0.1726
1774507500000,2026-03-26,06:45:00,4447.505,4457.065,4445.805,4448.955,0.2007
1774507800000,2026-03-26,06:50:00,4448.985,4455.595,4443.815,4453.865,0.1532
1774508100000,2026-03-26,06:55:00,4453.915,4459.225,4452.045,4456.175,0.1612
1774508400000,2026-03-26,07:00:00,4456.265,4460.335,4451.315,4455.105,0.1737
1774508700000,2026-03-26,07:05:00,4454.995,4455.125,4444.785,4450.585,0.2021
1774509000000,2026-03-26,07:10:00,4450.515,4450.905,4442.705,4447.635,0.162
1774509300000,2026-03-26,07:15:00,4448.026,4449.565,4444.078,4448.135,0.1058
1774509600000,2026-03-26,07:20:00,4448.025,4451.795,4438.755,4446.755,0.1975
1774509900000,2026-03-26,07:25:00,4446.705,4449.075,4442.775,4448.515,0.1409
1774510200000,2026-03-26,07:30:00,4448.485,4459.675,4447.515,4457.215,0.1667
1774510500000,2026-03-26,07:35:00,4457.235,4458.985,4448.665,4458.145,0.1367
1774510800000,2026-03-26,07:40:00,4458.075,4463.665,4451.995,4460.285,0.1492
1774511100000,2026-03-26,07:45:00,4460.525,4462.915,4453.475,4458.425,0.1443
1774511400000,2026-03-26,07:50:00,4458.415,4459.825,4452.005,4453.405,0.133
1774511700000,2026-03-26,07:55:00,4453.845,4458.085,4450.195,4452.565,0.1598
1774512000000,2026-03-26,08:00:00,4452.355,4459.075,4449.365,4454.375,0.2299
1774512300000,2026-03-26,08:05:00,4454.375,4457.095,4449.298,4452.545,0.2022
1774512600000,2026-03-26,08:10:00,4452.505,4456.865,4439.698,4444.705,0.2709
1774512900000,2026-03-26,08:15:00,4444.725,4447.175,4433.815,4445.095,0.2788
1774513200000,2026-03-26,08:20:00,4445.195,4446.285,4429.665,4431.435,0.2758
1774513500000,2026-03-26,08:25:00,4431.605,4441.265,4424.845,4427.995,0.308
1774513800000,2026-03-26,08:30:00,4428.015,4437.855,4424.585,4437.705,0.267
1774514100000,2026-03-26,08:35:00,4437.685,4437.685,4426.608,4433.365,0.2792
1774514400000,2026-03-26,08:40:00,4433.395,4437.015,4412.595,4419.505,0.3419
1774514700000,2026-03-26,08:45:00,4419.515,4432.435,4418.115,4424.005,0.3029
1774515000000,2026-03-26,08:50:00,4424.005,4437.035,4423.755,4436.415,0.2354
1774515300000,2026-03-26,08:55:00,4436.365,4439.678,4426.945,4427.455,0.2376
1774515600000,2026-03-26,09:00:00,4427.355,4434.415,4422.065,4423.035,0.2572
1774515900000,2026-03-26,09:05:00,4423.015,4432.905,4418.085,4427.565,0.2609
1774516200000,2026-03-26,09:10:00,4427.645,4431.715,4423.745,4430.605,0.2351
1774516500000,2026-03-26,09:15:00,4430.595,4431.505,4424.818,4427.495,0.2
1774516800000,2026-03-26,09:20:00,4427.475,4436.695,4426.485,4430.725,0.2264
1774517100000,2026-03-26,09:25:00,4430.705,4432.425,4427.445,4432.125,0.2151
1774517400000,2026-03-26,09:30:00,4431.905,4431.905,4414.085,4422.205,0.3832
1774517700000,2026-03-26,09:35:00,4422.235,4427.715,4417.395,4427.675,0.2405
1774518000000,2026-03-26,09:40:00,4427.645,4431.285,4423.685,4423.735,0.2702
1774518300000,2026-03-26,09:45:00,4423.705,4426.195,4418.205,4418.785,0.1693
1774518600000,2026-03-26,09:50:00,4418.745,4426.995,4416.448,4424.965,0.1961
1774518900000,2026-03-26,09:55:00,4424.935,4427.365,4419.498,4423.465,0.1851
1774519200000,2026-03-26,10:00:00,4423.495,4425.035,4416.525,4420.548,0.1887
1774519500000,2026-03-26,10:05:00,4420.548,4428.465,4417.775,4421.945,0.19
1774519800000,2026-03-26,10:10:00,4421.975,4425.825,4420.865,4424.565,0.1953
1774520100000,2026-03-26,10:15:00,4424.595,4435.748,4424.235,4434.325,0.4119
1774520400000,2026-03-26,10:20:00,4434.148,4443.565,4431.285,4440.975,0.251
1774520700000,2026-03-26,10:25:00,4440.995,4447.845,4439.058,4441.515,0.1753
1774521000000,2026-03-26,10:30:00,4441.485,4443.325,4437.215,4439.205,0.1681
1774521300000,2026-03-26,10:35:00,4439.205,4444.275,4429.298,4430.485,0.258
1774521600000,2026-03-26,10:40:00,4430.498,4437.335,4423.205,4428.215,0.3089
1774521900000,2026-03-26,10:45:00,4428.165,4440.875,4424.825,4440.855,0.3344
1774522200000,2026-03-26,10:50:00,4440.795,4447.315,4437.425,4439.645,0.3503
1774522500000,2026-03-26,10:55:00,4439.675,4446.645,4438.285,4442.898,0.2016
1774522800000,2026-03-26,11:00:00,4443.185,4448.395,4439.738,4445.308,0.2541
1774523100000,2026-03-26,11:05:00,4445.338,4446.625,4441.015,4442.025,0.2106
1774523400000,2026-03-26,11:10:00,4442.085,4444.435,4440.045,4441.595,0.2401
1774523700000,2026-03-26,11:15:00,4441.635,4448.505,4439.205,4447.085,0.1693
1774524000000,2026-03-26,11:20:00,4447.015,4456.505,4445.565,4447.315,0.2062
1774524300000,2026-03-26,11:25:00,4447.195,4448.345,4440.358,4442.918,0.4609
1774524600000,2026-03-26,11:30:00,4442.865,4450.815,4441.838,4447.925,0.2526
1774524900000,2026-03-26,11:35:00,4448.155,4449.158,4444.605,4448.835,0.1743
1774525200000,2026-03-26,11:40:00,4448.865,4451.715,4437.725,4440.475,0.3192
1774525500000,2026-03-26,11:45:00,4440.698,4442.205,4425.195,4426.035,0.2391
1774525800000,2026-03-26,11:50:00,4426.075,4428.235,4420.475,4427.015,0.2442
1774526100000,2026-03-26,11:55:00,4427.115,4432.125,4418.595,4422.795,0.3651
1774526400000,2026-03-26,12:00:00,4422.775,4428.055,4416.335,4425.245,0.267
1774526700000,2026-03-26,12:05:00,4425.275,4439.845,4422.345,4439.435,0.2723
1774527000000,2026-03-26,12:10:00,4439.325,4445.425,4437.798,4441.738,0.2931
1774527300000,2026-03-26,12:15:00,4441.918,4444.995,4433.755,4436.405,0.3192
1774527600000,2026-03-26,12:20:00,4435.925,4441.545,4433.345,4438.315,0.2348
1774527900000,2026-03-26,12:25:00,4437.635,4443.025,4435.035,4436.355,0.1799
1774528200000,2026-03-26,12:30:00,4436.265,4444.155,4431.665,4435.185,0.2357
1774528500000,2026-03-26,12:35:00,4435.058,4444.495,4432.765,4444.485,0.2957
1774528800000,2026-03-26,12:40:00,4444.465,4444.625,4434.995,4435.565,0.2138
1774529100000,2026-03-26,12:45:00,4436.055,4442.935,4432.125,4435.185,0.2573
1774529400000,2026-03-26,12:50:00,4434.718,4437.815,4431.835,4432.405,0.2368
1774529700000,2026-03-26,12:55:00,4432.405,4434.125,4428.235,4429.355,0.3462
1774530000000,2026-03-26,13:00:00,4429.205,4439.365,4419.955,4437.695,0.3437
1774530300000,2026-03-26,13:05:00,4437.725,4441.635,4435.068,4439.595,0.2945
1774530600000,2026-03-26,13:10:00,4439.335,4445.075,4437.378,4438.005,0.2694
1774530900000,2026-03-26,13:15:00,4437.955,4442.225,4434.135,4440.265,0.202
1774531200000,2026-03-26,13:20:00,4440.058,4453.645,4439.405,4450.155,0.2899
1774531500000,2026-03-26,13:25:00,4450.185,4451.765,4443.445,4447.865,0.2412
1774531800000,2026-03-26,13:30:00,4447.765,4450.895,4434.525,4442.435,0.414
1774532100000,2026-03-26,13:35:00,4442.395,4446.568,4433.835,4434.205,0.3936
1774532400000,2026-03-26,13:40:00,4434.185,4453.295,4428.818,4453.295,0.4328
1774532700000,2026-03-26,13:45:00,4453.265,4460.205,4449.745,4452.025,0.4605
1774533000000,2026-03-26,13:50:00,4452.095,4459.615,4448.435,4456.085,0.4046
1774533300000,2026-03-26,13:55:00,4456.098,4456.445,4435.998,4452.238,0.3919
1774533600000,2026-03-26,14:00:00,4452.205,4455.958,4445.335,4449.685,0.4108
1774533900000,2026-03-26,14:05:00,4449.515,4450.055,4442.545,4446.895,0.4264
1774534200000,2026-03-26,14:10:00,4446.915,4448.855,4436.905,4446.015,0.3042
1774534500000,2026-03-26,14:15:00,4446.215,4460.155,4443.805,4454.845,0.4304
1774534800000,2026-03-26,14:20:00,4454.785,4469.355,4451.745,4458.258,0.3272
1774535100000,2026-03-26,14:25:00,4458.258,4465.545,4450.595,4458.638,0.344
1774535400000,2026-03-26,14:30:00,4458.658,4475.465,4457.045,4474.815,0.3559
1774535700000,2026-03-26,14:35:00,4474.785,4478.615,4463.305,4468.455,0.3766
1774536000000,2026-03-26,14:40:00,4468.455,4479.515,4458.195,4459.965,0.3918
1774536300000,2026-03-26,14:45:00,4459.755,4469.105,4456.485,4461.435,0.3889
1774536600000,2026-03-26,14:50:00,4461.495,4468.225,4448.675,4449.065,0.4341
1774536900000,2026-03-26,14:55:00,4449.175,4467.285,4445.645,4464.695,0.3594
1774537200000,2026-03-26,15:00:00,4464.735,4468.618,4458.055,4459.345,0.548
1774537500000,2026-03-26,15:05:00,4459.245,4463.385,4450.805,4454.165,0.3483
1774537800000,2026-03-26,15:10:00,4454.335,4460.845,4453.875,4455.255,0.3609
1774538100000,2026-03-26,15:15:00,4455.325,4458.035,4448.685,4455.155,0.3673
1774538400000,2026-03-26,15:20:00,4455.095,4457.445,4449.205,4453.405,0.4653
1774538700000,2026-03-26,15:25:00,4453.355,4458.295,4450.258,4454.115,0.2803
1774539000000,2026-03-26,15:30:00,4454.005,4454.005,4437.935,4442.375,0.3814
1774539300000,2026-03-26,15:35:00,4442.375,4445.795,4436.485,4439.875,0.2765
1774539600000,2026-03-26,15:40:00,4439.975,4443.935,4437.775,4439.895,0.2835
1774539900000,2026-03-26,15:45:00,4439.925,4446.205,4438.875,4443.285,0.3769
1774540200000,2026-03-26,15:50:00,4443.145,4446.515,4442.095,4445.415,0.3753
1774540500000,2026-03-26,15:55:00,4445.575,4445.575,4433.498,4437.945,0.3844
1774540800000,2026-03-26,16:00:00,4437.945,4438.355,4425.505,4436.398,0.3183
1774541100000,2026-03-26,16:05:00,4436.305,4441.815,4434.005,4439.265,0.2246
1774541400000,2026-03-26,16:10:00,4439.095,4442.398,4434.245,4439.548,0.328
1774541700000,2026-03-26,16:15:00,4439.398,4439.518,4420.448,4426.395,0.4969
1774542000000,2026-03-26,16:20:00,4426.465,4428.335,4389.855,4400.445,0.4624
1774542300000,2026-03-26,16:25:00,4400.475,4400.805,4386.205,4396.185,0.4036
1774542600000,2026-03-26,16:30:00,4396.118,4396.118,4375.828,4392.755,0.5392
1774542900000,2026-03-26,16:35:00,4392.675,4393.135,4366.455,4375.605,0.3645
1774543200000,2026-03-26,16:40:00,4375.605,4387.235,4373.505,4381.038,0.3508
1774543500000,2026-03-26,16:45:00,4380.665,4389.975,4378.145,4385.375,0.3418
1774543800000,2026-03-26,16:50:00,4385.395,4390.215,4380.115,4388.835,0.2873
1774544100000,2026-03-26,16:55:00,4388.375,4392.305,4386.715,4388.965,0.2349
1774544400000,2026-03-26,17:00:00,4388.775,4397.025,4384.715,4390.835,0.2725
1774544700000,2026-03-26,17:05:00,4390.865,4402.215,4390.445,4398.045,0.2608
1774545000000,2026-03-26,17:10:00,4398.085,4398.915,4388.798,4394.435,0.3398
1774545300000,2026-03-26,17:15:00,4394.275,4396.618,4385.815,4395.835,0.2834
1774545600000,2026-03-26,17:20:00,4395.895,4397.195,4383.955,4386.205,0.2533
1774545900000,2026-03-26,17:25:00,4386.185,4386.185,4376.995,4383.075,0.2906
1774546200000,2026-03-26,17:30:00,4382.798,4388.085,4377.105,4385.835,0.2897
1774546500000,2026-03-26,17:35:00,4385.815,4392.665,4383.195,4387.895,0.2256
1774546800000,2026-03-26,17:40:00,4387.795,4387.795,4380.515,4385.385,0.213
1774547100000,2026-03-26,17:45:00,4385.315,4390.698,4382.945,4385.525,0.2948
1774547400000,2026-03-26,17:50:00,4385.545,4388.055,4380.948,4383.815,0.2675
1774547700000,2026-03-26,17:55:00,4384.108,4385.778,4379.048,4381.205,0.6248
1774548000000,2026-03-26,18:00:00,4381.095,4386.298,4379.705,4380.885,0.2618
1774548300000,2026-03-26,18:05:00,4381.015,4390.355,4380.225,4386.945,0.2196
1774548600000,2026-03-26,18:10:00,4386.925,4389.425,4381.125,4388.075,0.2355
1774548900000,2026-03-26,18:15:00,4388.035,4388.185,4378.758,4381.615,0.2218
1774549200000,2026-03-26,18:20:00,4381.595,4381.615,4367.228,4376.215,0.2679
1774549500000,2026-03-26,18:25:00,4375.978,4378.218,4369.195,4374.025,0.2074
1774549800000,2026-03-26,18:30:00,4374.055,4382.645,4373.155,4381.585,0.1875
1774550100000,2026-03-26,18:35:00,4381.345,4389.515,4380.158,4389.205,0.2035
1774550400000,2026-03-26,18:40:00,4389.075,4395.495,4389.075,4392.828,0.197
1774550700000,2026-03-26,18:45:00,4392.945,4397.495,4390.148,4395.035,0.1625
1774551000000,2026-03-26,18:50:00,4394.975,4397.345,4392.925,4393.795,0.1658
1774551300000,2026-03-26,18:55:00,4393.645,4396.215,4391.408,4394.255,0.1585
1774551600000,2026-03-26,19:00:00,4394.285,4399.145,4389.745,4389.845,0.1698
1774551900000,2026-03-26,19:05:00,4389.815,4393.665,4384.605,4385.455,0.1712
1774552200000,2026-03-26,19:10:00,4385.795,4388.545,4381.865,4387.715,0.1525
1774552500000,2026-03-26,19:15:00,4387.625,4391.625,4386.415,4390.095,0.167
1774552800000,2026-03-26,19:20:00,4390.165,4392.055,4387.725,4388.765,0.1705
1774553100000,2026-03-26,19:25:00,4388.745,4389.855,4377.998,4380.455,0.1934
1774553400000,2026-03-26,19:30:00,4380.745,4384.765,4374.858,4381.295,0.1847
1774553700000,2026-03-26,19:35:00,4381.245,4388.255,4379.735,4383.085,0.1734
1774554000000,2026-03-26,19:40:00,4383.085,4384.535,4377.905,4378.525,0.2002
1774554300000,2026-03-26,19:45:00,4378.565,4379.725,4373.085,4375.485,0.2266
1774554600000,2026-03-26,19:50:00,4375.448,4375.525,4363.485,4364.215,0.3365
1774554900000,2026-03-26,19:55:00,4364.215,4367.165,4358.915,4363.765,0.3687
1774555200000,2026-03-26,20:00:00,4363.685,4364.755,4353.085,4353.525,0.1881
1774555500000,2026-03-26,20:05:00,4353.545,4357.445,4350.995,4355.795,0.1507
1774555800000,2026-03-26,20:10:00,4355.725,4413.385,4354.338,4396.058,0.321
1774556100000,2026-03-26,20:15:00,4396.068,4404.185,4379.135,4396.555,0.3641
1774556400000,2026-03-26,20:20:00,4396.555,4415.665,4391.125,4399.275,0.4249
1774556700000,2026-03-26,20:25:00,4399.235,4405.418,4393.805,4404.005,0.3166
1774557000000,2026-03-26,20:30:00,4404.205,4408.505,4399.085,4400.818,0.2202
1774557300000,2026-03-26,20:35:00,4400.705,4420.305,4396.798,4419.685,0.1993
1774557600000,2026-03-26,20:40:00,4419.705,4419.705,4404.955,4405.425,0.2287
1774557900000,2026-03-26,20:45:00,4406.195,4409.575,4397.238,4401.085,0.1988
1774558200000,2026-03-26,20:50:00,4401.098,4403.155,4372.735,4375.555,0.3082
1774558500000,2026-03-26,20:55:00,4375.335,4381.375,4373.415,4379.375,0.1766
1774562400000,2026-03-26,22:00:00,4389.735,4391.185,4375.775,4387.025,0.164
1774562700000,2026-03-26,22:05:00,4387.085,4400.345,4385.733,4394.225,0.1692
1774563000000,2026-03-26,22:10:00,4394.295,4403.845,4390.825,4400.295,0.1635
1774563300000,2026-03-26,22:15:00,4400.315,4407.785,4392.408,4406.085,0.1381
1774563600000,2026-03-26,22:20:00,4406.115,4406.255,4393.035,4399.995,0.0913
1774563900000,2026-03-26,22:25:00,4400.095,4400.265,4394.015,4397.965,0.0616
1774564200000,2026-03-26,22:30:00,4397.548,4410.655,4394.775,4406.165,0.0622
1774564500000,2026-03-26,22:35:00,4406.145,4409.545,4397.615,4408.595,0.0606
1774564800000,2026-03-26,22:40:00,4408.625,4415.145,4407.138,4407.348,0.0726
1774565100000,2026-03-26,22:45:00,4407.348,4408.095,4393.248,4407.845,0.0882
1774565400000,2026-03-26,22:50:00,4407.815,4412.315,4400.273,4406.495,0.0488
1774565700000,2026-03-26,22:55:00,4406.445,4412.348,4403.935,4410.398,0.0479
1774566000000,2026-03-26,23:00:00,4410.498,4413.598,4401.198,4401.598,0.095
1774566300000,2026-03-26,23:05:00,4401.498,4402.298,4390.438,4390.948,0.1319
1774566600000,2026-03-26,23:10:00,4390.898,4396.765,4389.405,4392.895,0.081
1774566900000,2026-03-26,23:15:00,4392.405,4401.065,4391.265,4400.715,0.0458
1774567200000,2026-03-26,23:20:00,4400.695,4400.695,4393.575,4396.995,0.0551
1774567500000,2026-03-26,23:25:00,4396.975,4399.235,4393.695,4399.165,0.0471
1774567800000,2026-03-26,23:30:00,4399.225,4402.435,4395.885,4399.498,0.0794
1774568100000,2026-03-26,23:35:00,4399.528,4407.755,4399.498,4405.115,0.1113
1774568400000,2026-03-26,23:40:00,4405.135,4405.798,4395.565,4399.625,0.0834
1774568700000,2026-03-26,23:45:00,4399.505,4402.748,4395.955,4396.975,0.0531
1774569000000,2026-03-26,23:50:00,4396.898,4405.375,4396.898,4404.915,0.0418
1774569300000,2026-03-26,23:55:00,4404.965,4405.348,4402.015,4404.665,0.0368
1774569600000,2026-03-27,00:00:00,4404.775,4410.835,4404.535,4408.665,0.0746
1774569900000,2026-03-27,00:05:00,4408.645,4409.275,4403.765,4408.095,0.069
1774570200000,2026-03-27,00:10:00,4408.145,4408.615,4403.035,4403.765,0.0601
1774570500000,2026-03-27,00:15:00,4403.785,4404.445,4395.565,4396.905,0.0607
1774570800000,2026-03-27,00:20:00,4396.715,4397.485,4382.415,4389.425,0.1731
1774571100000,2026-03-27,00:25:00,4389.395,4391.615,4385.785,4391.005,0.1026
1774571400000,2026-03-27,00:30:00,4390.985,4396.315,4390.985,4395.225,0.0993
1774571700000,2026-03-27,00:35:00,4395.165,4395.165,4386.958,4390.065,0.1042
1774572000000,2026-03-27,00:40:00,4389.993,4391.795,4387.555,4390.835,0.0771
1774572300000,2026-03-27,00:45:00,4390.865,4390.945,4383.945,4384.285,0.1114
1774572600000,2026-03-27,00:50:00,4384.345,4385.125,4378.385,4381.985,0.1177
1774572900000,2026-03-27,00:55:00,4381.635,4383.305,4375.235,4378.425,0.0822
1774573200000,2026-03-27,01:00:00,4378.395,4388.958,4377.005,4388.235,0.21
1774573500000,2026-03-27,01:05:00,4388.205,4392.855,4387.055,4392.325,0.1318
1774573800000,2026-03-27,01:10:00,4392.295,4399.175,4391.465,4393.865,0.1341
1774574100000,2026-03-27,01:15:00,4394.005,4398.775,4390.698,4390.708,0.122
1774574400000,2026-03-27,01:20:00,4390.698,4402.535,4390.698,4401.945,0.107
1774574700000,2026-03-27,01:25:00,4401.915,4406.405,4398.535,4406.215,0.092
1774575000000,2026-03-27,01:30:00,4406.255,4417.305,4403.285,4411.255,0.1481
1774575300000,2026-03-27,01:35:00,4411.215,4417.065,4409.785,4417.065,0.104
1774575600000,2026-03-27,01:40:00,4417.185,4420.035,4415.938,4419.215,0.1024
1774575900000,2026-03-27,01:45:00,4419.255,4419.365,4411.665,4412.585,0.0939
1774576200000,2026-03-27,01:50:00,4412.555,4415.535,4411.845,4414.295,0.0976
1774576500000,2026-03-27,01:55:00,4414.125,4420.275,4413.385,4417.045,0.1171
1774576800000,2026-03-27,02:00:00,4417.205,4433.755,4416.755,4430.455,0.1954
1774577100000,2026-03-27,02:05:00,4430.425,4437.305,4425.205,4435.585,0.1181
1774577400000,2026-03-27,02:10:00,4435.615,4439.445,4430.675,4434.895,0.1149
1774577700000,2026-03-27,02:15:00,4434.745,4436.025,4428.525,4429.315,0.0767
1774578000000,2026-03-27,02:20:00,4429.335,4431.575,4425.885,4428.555,0.0836
1774578300000,2026-03-27,02:25:00,4428.585,4434.295,4426.485,4430.485,0.1144
1774578600000,2026-03-27,02:30:00,4430.515,4434.175,4424.605,4431.645,0.1229
1774578900000,2026-03-27,02:35:00,4431.865,4433.265,4426.155,4429.705,0.1021
1774579200000,2026-03-27,02:40:00,4430.095,4431.795,4426.205,4429.465,0.0933
1774579500000,2026-03-27,02:45:00,4429.495,4440.225,4427.785,4429.855,0.1149
1774579800000,2026-03-27,02:50:00,4429.835,4434.865,4428.955,4430.585,0.0924
1774580100000,2026-03-27,02:55:00,4430.675,4432.215,4429.295,4431.298,0.0897
1774580400000,2026-03-27,03:00:00,4431.925,4435.615,4425.515,4425.815,0.0893
1774580700000,2026-03-27,03:05:00,4425.845,4429.875,4420.975,4424.545,0.1182
1774581000000,2026-03-27,03:10:00,4424.845,4430.945,4422.325,4429.445,0.0816
1774581300000,2026-03-27,03:15:00,4429.475,4431.165,4427.915,4429.565,0.0763
1774581600000,2026-03-27,03:20:00,4429.785,4434.065,4429.125,4430.075,0.0742
1774581900000,2026-03-27,03:25:00,4430.135,4436.545,4428.065,4435.035,0.1321
1774582200000,2026-03-27,03:30:00,4434.965,4438.018,4430.375,4433.715,0.1021
1774582500000,2026-03-27,03:35:00,4433.695,4444.065,4432.975,4443.975,0.0993
1774582800000,2026-03-27,03:40:00,4444.065,4445.935,4435.485,4435.485,0.1261
1774583100000,2026-03-27,03:45:00,4435.555,4435.725,4432.545,4434.445,0.0731
1774583400000,2026-03-27,03:50:00,4434.475,4438.305,4432.098,4437.485,0.0653
1774583700000,2026-03-27,03:55:00,4437.515,4437.565,4436.065,4437.265,0.0326
1774584000000,2026-03-27,04:00:00,4437.315,4439.465,4435.235,4437.125,0.0627
1774584300000,2026-03-27,04:05:00,4436.865,4437.245,4432.245,4433.965,0.0556
1774584600000,2026-03-27,04:10:00,4434.065,4436.075,4433.445,4433.445,0.0429
1774584900000,2026-03-27,04:15:00,4433.405,4433.985,4431.215,4432.925,0.0477
1774585200000,2026-03-27,04:20:00,4432.935,4436.915,4432.848,4435.445,0.0436
1774585500000,2026-03-27,04:25:00,4435.275,4436.045,4432.725,4433.885,0.0386
1774585800000,2026-03-27,04:30:00,4433.905,4440.145,4433.765,4439.535,0.0489
1774586100000,2026-03-27,04:35:00,4439.515,4441.995,4436.855,4439.695,0.053
1774586400000,2026-03-27,04:40:00,4439.655,4441.465,4438.475,4441.285,0.0298
1774586700000,2026-03-27,04:45:00,4441.255,4443.325,4440.315,4442.655,0.0423
1774587000000,2026-03-27,04:50:00,4442.675,4445.545,4441.948,4445.455,0.0548
1774587300000,2026-03-27,04:55:00,4445.325,4449.315,4444.695,4446.045,0.0704
1774587600000,2026-03-27,05:00:00,4445.645,4446.035,4442.045,4442.715,0.0701
1774587900000,2026-03-27,05:05:00,4442.775,4447.345,4441.925,4444.015,0.0791
1774588200000,2026-03-27,05:10:00,4443.885,4446.285,4441.705,4443.625,0.0646
1774588500000,2026-03-27,05:15:00,4443.595,4446.895,4443.405,4445.005,0.0605
1774588800000,2026-03-27,05:20:00,4444.975,4445.355,4442.375,4443.695,0.0497
1774589100000,2026-03-27,05:25:00,4443.685,4444.625,4440.138,4443.065,0.0579
1774589400000,2026-03-27,05:30:00,4443.025,4459.715,4442.485,4459.245,0.1692
1774589700000,2026-03-27,05:35:00,4459.215,4474.205,4458.205,4473.595,0.225
1774590000000,2026-03-27,05:40:00,4473.775,4474.915,4465.465,4465.475,0.1702
1774590300000,2026-03-27,05:45:00,4465.465,4468.315,4462.105,4462.105,0.1394
1774590600000,2026-03-27,05:50:00,4462.065,4463.585,4458.245,4461.295,0.1241
1774590900000,2026-03-27,05:55:00,4461.325,4461.465,4453.285,4454.315,0.1413
1774591200000,2026-03-27,06:00:00,4454.275,4461.075,4453.555,4455.205,0.1261
1774591500000,2026-03-27,06:05:00,4455.125,4463.065,4451.595,4461.625,0.1484
1774591800000,2026-03-27,06:10:00,4461.355,4472.555,4459.845,4471.075,0.1588
1774592100000,2026-03-27,06:15:00,4470.455,4471.085,4463.225,4464.935,0.1397
1774592400000,2026-03-27,06:20:00,4464.965,4465.085,4456.595,4462.195,0.1347
1774592700000,2026-03-27,06:25:00,4462.155,4465.455,4460.605,4463.465,0.0978
1774593000000,2026-03-27,06:30:00,4463.465,4467.865,4460.235,4462.995,0.099
1774593300000,2026-03-27,06:35:00,4462.595,4468.165,4462.435,4466.115,0.0916
1774593600000,2026-03-27,06:40:00,4466.095,4468.255,4464.535,4464.535,0.0725
1774593900000,2026-03-27,06:45:00,4464.195,4465.105,4459.475,4460.275,0.0847
1774594200000,2026-03-27,06:50:00,4460.345,4464.015,4454.185,4462.665,0.1158
1774594500000,2026-03-27,06:55:00,4462.635,4464.715,4456.738,4459.385,0.0965
1774594800000,2026-03-27,07:00:00,4459.395,4462.915,4450.145,4451.165,0.1145
1774595100000,2026-03-27,07:05:00,4451.195,4456.425,4447.555,4455.625,0.1078
1774595400000,2026-03-27,07:10:00,4455.595,4457.935,4452.395,4454.735,0.1113
1774595700000,2026-03-27,07:15:00,4454.695,4454.965,4451.075,4452.635,0.058
1774596000000,2026-03-27,07:20:00,4452.665,4456.715,4452.445,4454.755,0.0774
1774596300000,2026-03-27,07:25:00,4454.855,4457.115,4450.045,4452.055,0.0824
1774596600000,2026-03-27,07:30:00,4451.955,4451.955,4448.315,4451.275,0.1011
1774596900000,2026-03-27,07:35:00,4451.165,4455.765,4450.658,4453.095,0.0851
1774597200000,2026-03-27,07:40:00,4453.065,4453.065,4446.205,4448.085,0.1064
1774597500000,2026-03-27,07:45:00,4448.055,4452.955,4447.205,4450.955,0.091
1774597800000,2026-03-27,07:50:00,4451.115,4451.325,4442.455,4443.485,0.0878
1774598100000,2026-03-27,07:55:00,4443.515,4447.915,4443.515,4447.435,0.1081
1774598400000,2026-03-27,08:00:00,4447.465,4450.388,4442.585,4443.765,0.1693
1774598700000,2026-03-27,08:05:00,4443.755,4449.355,4442.725,4445.905,0.1445
1774599000000,2026-03-27,08:10:00,4445.848,4447.505,4443.265,4446.755,0.1135
1774599300000,2026-03-27,08:15:00,4446.725,4447.085,4438.535,4440.265,0.1376
1774599600000,2026-03-27,08:20:00,4440.215,4443.345,4435.965,4436.745,0.1233
1774599900000,2026-03-27,08:25:00,4436.725,4437.195,4430.365,4433.565,0.1535
1774600200000,2026-03-27,08:30:00,4433.595,4437.085,4429.885,4430.785,0.1616
1774600500000,2026-03-27,08:35:00,4430.815,4435.465,4428.755,4433.325,0.1336
1774600800000,2026-03-27,08:40:00,4433.395,4439.735,4432.965,4434.695,0.1033
1774601100000,2026-03-27,08:45:00,4434.585,4438.355,4432.175,4434.145,0.0933
1774601400000,2026-03-27,08:50:00,4434.115,4438.105,4426.895,4431.735,0.1098
1774601700000,2026-03-27,08:55:00,4431.965,4432.285,4423.235,4423.795,0.1922
1774602000000,2026-03-27,09:00:00,4423.798,4430.585,4423.615,4426.435,0.1575
1774602300000,2026-03-27,09:05:00,4426.435,4429.485,4422.215,4422.945,0.1419
1774602600000,2026-03-27,09:10:00,4422.895,4430.735,4420.445,4429.335,0.1375
1774602900000,2026-03-27,09:15:00,4429.095,4435.565,4428.438,4433.035,0.1445
1774603200000,2026-03-27,09:20:00,4433.015,4434.485,4429.535,4431.545,0.1367
1774603500000,2026-03-27,09:25:00,4431.525,4435.975,4430.755,4434.095,0.1116
1774603800000,2026-03-27,09:30:00,4434.545,4438.095,4432.755,4433.565,0.1448
1774604100000,2026-03-27,09:35:00,4433.765,4436.305,4430.705,4433.285,0.1146
1774604400000,2026-03-27,09:40:00,4433.325,4433.575,4429.618,4432.398,0.1328
1774604700000,2026-03-27,09:45:00,4432.368,4432.368,4428.275,4430.455,0.3487
1774605000000,2026-03-27,09:50:00,4430.475,4432.565,4428.325,4429.015,0.1289
1774605300000,2026-03-27,09:55:00,4429.185,4430.235,4426.775,4428.615,0.1473
1774605600000,2026-03-27,10:00:00,4428.615,4432.585,4425.995,4426.788,0.1608
1774605900000,2026-03-27,10:05:00,4426.818,4431.588,4426.438,4429.315,0.2691
1774606200000,2026-03-27,10:10:00,4429.365,4429.395,4423.955,4425.825,0.1459
1774606500000,2026-03-27,10:15:00,4426.351,4428.525,4423.465,4426.705,0.102
1774606800000,2026-03-27,10:20:00,4426.635,4429.135,4423.775,4428.225,0.0796
1774607100000,2026-03-27,10:25:00,4428.255,4431.335,4426.745,4428.765,0.1139
1774607400000,2026-03-27,10:30:00,4428.795,4430.215,4424.575,4426.765,0.1615
1774607700000,2026-03-27,10:35:00,4426.765,4427.535,4420.855,4421.915,0.1785
1774608000000,2026-03-27,10:40:00,4422.075,4422.865,4412.055,4415.575,0.1663
1774608300000,2026-03-27,10:45:00,4415.715,4417.185,4410.858,4415.565,0.1432
1774608600000,2026-03-27,10:50:00,4415.625,4418.965,4410.598,4417.365,0.1175
1774608900000,2026-03-27,10:55:00,4416.895,4417.605,4410.845,4414.498,0.1836
1774609200000,2026-03-27,11:00:00,4414.498,4416.935,4408.985,4409.345,0.1905
1774609500000,2026-03-27,11:05:00,4409.325,4411.635,4404.025,4409.825,0.1512
1774609800000,2026-03-27,11:10:00,4409.915,4414.235,4408.425,4412.675,0.1719
1774610100000,2026-03-27,11:15:00,4412.745,4416.895,4407.425,4410.275,0.1412
1774610400000,2026-03-27,11:20:00,4410.225,4413.465,4408.245,4411.425,0.165
1774610700000,2026-03-27,11:25:00,4411.405,4416.215,4410.355,4415.145,0.1244
1774611000000,2026-03-27,11:30:00,4415.405,4415.915,4413.348,4415.685,0.1897
1774611300000,2026-03-27,11:35:00,4415.685,4419.205,4413.345,4416.255,0.2115
1774611600000,2026-03-27,11:40:00,4416.058,4421.685,4413.525,4421.685,0.1068
1774611900000,2026-03-27,11:45:00,4421.685,4424.845,4418.665,4423.065,0.1396
1774612200000,2026-03-27,11:50:00,4423.095,4425.435,4418.185,4424.675,0.1044
1774612500000,2026-03-27,11:55:00,4424.705,4426.045,4415.495,4419.745,0.141
1774612800000,2026-03-27,12:00:00,4419.495,4423.955,4418.905,4422.345,0.1906
1774613100000,2026-03-27,12:05:00,4422.325,4422.525,4412.295,4418.085,0.132
1774613400000,2026-03-27,12:10:00,4418.065,4426.665,4417.155,4424.475,0.1202
1774613700000,2026-03-27,12:15:00,4424.535,4434.055,4424.535,4424.838,0.1849
1774614000000,2026-03-27,12:20:00,4424.838,4424.838,4416.885,4422.185,0.2401
1774614300000,2026-03-27,12:25:00,4422.165,4429.585,4421.985,4429.315,0.1435
1774614600000,2026-03-27,12:30:00,4429.245,4430.275,4424.385,4426.055,0.2285
1774614900000,2026-03-27,12:35:00,4425.995,4436.175,4424.285,4433.445,0.3219
1774615200000,2026-03-27,12:40:00,4433.515,4436.995,4432.235,4433.158,0.2159
1774615500000,2026-03-27,12:45:00,4433.648,4439.248,4433.648,4439.198,0.4366
1774615800000,2026-03-27,12:50:00,4439.265,4445.045,4438.948,4439.025,0.2488
1774616100000,2026-03-27,12:55:00,4438.975,4441.698,4436.948,4437.555,0.1787
1774616400000,2026-03-27,13:00:00,4437.605,4443.448,4430.838,4433.195,0.3666
1774616700000,2026-03-27,13:05:00,4433.265,4435.535,4428.395,4428.675,0.263
1774617000000,2026-03-27,13:10:00,4428.735,4431.005,4423.298,4428.255,0.3051
1774617300000,2026-03-27,13:15:00,4428.315,4440.515,4427.918,4438.625,0.2259
1774617600000,2026-03-27,13:20:00,4438.595,4441.405,4426.595,4427.038,0.3767
1774617900000,2026-03-27,13:25:00,4427.118,4432.175,4417.915,4421.985,0.2611
1774618200000,2026-03-27,13:30:00,4421.865,4426.245,4413.338,4418.085,0.4313
1774618500000,2026-03-27,13:35:00,4418.105,4427.625,4414.448,4427.055,0.4163
1774618800000,2026-03-27,13:40:00,4427.105,4430.915,4423.865,4428.435,0.5794
1774619100000,2026-03-27,13:45:00,4428.425,4441.395,4428.415,4433.325,0.4275
1774619400000,2026-03-27,13:50:00,4433.345,4434.295,4425.225,4426.265,0.3511
1774619700000,2026-03-27,13:55:00,4426.265,4433.675,4420.775,4430.675,0.2962
1774620000000,2026-03-27,14:00:00,4430.465,4458.155,4430.095,4457.365,0.3659
1774620300000,2026-03-27,14:05:00,4457.478,4462.948,4448.345,4449.075,0.4106
1774620600000,2026-03-27,14:10:00,4449.045,4462.275,4444.445,4459.305,0.371
1774620900000,2026-03-27,14:15:00,4459.518,4469.665,4456.998,4465.655,0.425
1774621200000,2026-03-27,14:20:00,4465.705,4469.395,4456.648,4463.845,0.4144
1774621500000,2026-03-27,14:25:00,4463.278,4465.735,4451.638,4454.808,0.4867
1774621800000,2026-03-27,14:30:00,4454.728,4463.545,4451.338,4462.875,0.501
1774622100000,2026-03-27,14:35:00,4462.995,4463.585,4454.998,4459.448,0.5071
1774622400000,2026-03-27,14:40:00,4459.465,4463.845,4456.198,4463.735,0.3717
1774622700000,2026-03-27,14:45:00,4463.815,4476.005,4463.425,4472.988,0.4725
1774623000000,2026-03-27,14:50:00,4473.148,4499.585,4472.168,4488.635,0.5295
1774623300000,2026-03-27,14:55:00,4488.825,4514.455,4488.688,4509.495,0.5748
1774623600000,2026-03-27,15:00:00,4509.465,4515.975,4501.335,4514.755,0.4621
1774623900000,2026-03-27,15:05:00,4514.785,4515.585,4505.065,4513.898,0.3255
1774624200000,2026-03-27,15:10:00,4513.878,4533.575,4508.998,4524.808,0.3758
1774624500000,2026-03-27,15:15:00,4524.848,4537.645,4520.368,4532.215,0.4955
1774624800000,2026-03-27,15:20:00,4531.825,4554.965,4531.825,4544.475,0.4022
1774625100000,2026-03-27,15:25:00,4544.445,4549.855,4541.708,4542.798,0.6417
1774625400000,2026-03-27,15:30:00,4542.998,4552.655,4537.618,4543.215,0.3892
1774625700000,2026-03-27,15:35:00,4543.435,4544.165,4533.105,4534.568,0.3284
1774626000000,2026-03-27,15:40:00,4534.558,4535.128,4525.968,4531.655,0.327
1774626300000,2026-03-27,15:45:00,4531.925,4536.025,4524.958,4533.605,0.2931
1774626600000,2026-03-27,15:50:00,4533.635,4534.408,4525.388,4526.208,0.3347
1774626900000,2026-03-27,15:55:00,4526.198,4528.818,4520.285,4523.685,0.2935
1774627200000,2026-03-27,16:00:00,4523.905,4530.445,4517.745,4529.805,0.25
1774627500000,2026-03-27,16:05:00,4530.245,4531.535,4525.635,4530.305,0.1851
1774627800000,2026-03-27,16:10:00,4530.285,4532.765,4522.185,4528.015,0.1752
1774628100000,2026-03-27,16:15:00,4528.155,4532.485,4524.375,4527.805,0.1807
1774628400000,2026-03-27,16:20:00,4527.785,4533.285,4527.105,4530.565,0.2364
1774628700000,2026-03-27,16:25:00,4530.535,4530.698,4525.178,4528.155,0.2033
1774629000000,2026-03-27,16:30:00,4528.165,4528.595,4511.745,4517.865,0.2207
1774629300000,2026-03-27,16:35:00,4517.955,4517.955,4510.655,4510.965,0.1758
1774629600000,2026-03-27,16:40:00,4510.875,4512.165,4505.148,4510.955,0.2067
1774629900000,2026-03-27,16:45:00,4510.995,4520.585,4506.918,4519.775,0.207
1774630200000,2026-03-27,16:50:00,4519.895,4521.115,4510.445,4511.935,0.1793
1774630500000,2026-03-27,16:55:00,4511.885,4516.655,4510.515,4515.805,0.1834
1774630800000,2026-03-27,17:00:00,4515.835,4515.835,4505.865,4511.055,0.2083
1774631100000,2026-03-27,17:05:00,4511.175,4521.368,4508.248,4513.415,0.2612
1774631400000,2026-03-27,17:10:00,4513.395,4514.685,4509.845,4510.815,0.1809
1774631700000,2026-03-27,17:15:00,4510.935,4511.455,4497.535,4500.575,0.2342
1774632000000,2026-03-27,17:20:00,4500.615,4501.545,4494.465,4497.625,0.3242
1774632300000,2026-03-27,17:25:00,4497.425,4498.235,4486.615,4493.875,0.2595
1774632600000,2026-03-27,17:30:00,4493.885,4497.675,4488.888,4497.355,0.2005
1774632900000,2026-03-27,17:35:00,4497.265,4499.775,4489.035,4491.165,0.169
1774633200000,2026-03-27,17:40:00,4490.795,4493.125,4485.855,4490.195,0.2048
1774633500000,2026-03-27,17:45:00,4490.235,4497.025,4487.938,4494.715,0.1668
1774633800000,2026-03-27,17:50:00,4494.265,4499.305,4492.195,4494.505,0.1744
1774634100000,2026-03-27,17:55:00,4494.505,4494.765,4486.085,4486.395,0.2331
1774634400000,2026-03-27,18:00:00,4486.378,4497.915,4486.145,4493.575,0.2495
1774634700000,2026-03-27,18:05:00,4493.425,4496.375,4488.605,4495.085,0.1953
1774635000000,2026-03-27,18:10:00,4494.895,4498.615,4490.685,4498.225,0.1794
1774635300000,2026-03-27,18:15:00,4498.205,4510.325,4498.205,4509.255,0.2331
1774635600000,2026-03-27,18:20:00,4509.385,4511.175,4502.475,4503.818,0.516
1774635900000,2026-03-27,18:25:00,4503.785,4510.195,4503.225,4509.125,0.3505
1774636200000,2026-03-27,18:30:00,4508.935,4514.805,4508.405,4513.765,0.153
1774636500000,2026-03-27,18:35:00,4513.795,4528.365,4512.525,4518.125,0.179
1774636800000,2026-03-27,18:40:00,4518.155,4527.005,4515.085,4525.415,0.1733
1774637100000,2026-03-27,18:45:00,4525.395,4525.605,4516.935,4518.775,0.1537
1774637400000,2026-03-27,18:50:00,4518.825,4521.048,4516.805,4517.148,0.1433
1774637700000,2026-03-27,18:55:00,4516.948,4517.298,4513.108,4516.448,0.1579
1774638000000,2026-03-27,19:00:00,4516.298,4518.848,4508.735,4508.795,0.1575
1774638300000,2026-03-27,19:05:00,4508.655,4511.835,4506.925,4509.025,0.1435
1774638600000,2026-03-27,19:10:00,4508.758,4514.205,4507.355,4510.698,0.2254
1774638900000,2026-03-27,19:15:00,4510.698,4521.645,4509.678,4520.885,0.1373
1774639200000,2026-03-27,19:20:00,4520.835,4523.775,4519.555,4521.145,0.1253
1774639500000,2026-03-27,19:25:00,4521.065,4522.618,4517.715,4522.615,0.1403
1774639800000,2026-03-27,19:30:00,4522.565,4525.825,4519.665,4521.098,0.152
1774640100000,2026-03-27,19:35:00,4521.115,4521.575,4510.925,4511.475,0.1477
1774640400000,2026-03-27,19:40:00,4511.445,4511.795,4500.335,4509.805,0.2092
1774640700000,2026-03-27,19:45:00,4509.785,4510.095,4503.055,4509.185,0.2114
1774641000000,2026-03-27,19:50:00,4509.185,4515.865,4506.498,4515.385,0.2309
1774641300000,2026-03-27,19:55:00,4515.125,4522.305,4511.675,4514.115,0.2314
1774641600000,2026-03-27,20:00:00,4514.105,4520.295,4512.105,4513.195,0.1366
1774641900000,2026-03-27,20:05:00,4512.675,4512.695,4506.265,4510.555,0.0804
1774642200000,2026-03-27,20:10:00,4510.595,4512.095,4508.038,4509.815,0.0744
1774642500000,2026-03-27,20:15:00,4509.945,4510.555,4504.735,4507.965,0.0674
1774642800000,2026-03-27,20:20:00,4507.995,4509.015,4504.735,4506.605,0.0661
1774643100000,2026-03-27,20:25:00,4506.655,4508.085,4504.305,4506.685,0.0621
1774643400000,2026-03-27,20:30:00,4506.465,4508.325,4502.225,4506.065,0.0661
1774643700000,2026-03-27,20:35:00,4506.035,4510.125,4502.645,4509.925,0.061
1774644000000,2026-03-27,20:40:00,4509.965,4512.615,4498.355,4505.415,0.0867
1774644300000,2026-03-27,20:45:00,4505.445,4505.525,4497.105,4498.615,0.0924
1774644600000,2026-03-27,20:50:00,4498.635,4499.285,4490.885,4495.455,0.0741
1774644900000,2026-03-27,20:55:00,4495.435,4497.495,4491.405,4492.375,0.1063
1774821600000,2026-03-29,22:00:00,4491.518,4514.675,4464.048,4511.485,0.1865
1774821900000,2026-03-29,22:05:00,4511.515,4512.625,4477.362,4485.965,0.282
1774822200000,2026-03-29,22:10:00,4484.585,4500.798,4480.005,4496.628,0.2124
1774822500000,2026-03-29,22:15:00,4496.315,4505.648,4489.285,4505.648,0.2276
1774822800000,2026-03-29,22:20:00,4505.538,4511.745,4495.583,4505.848,0.2333
1774823100000,2026-03-29,22:25:00,4505.948,4511.485,4499.111,4508.575,0.177
1774823400000,2026-03-29,22:30:00,4508.665,4512.705,4497.46,4507.325,0.1496
1774823700000,2026-03-29,22:35:00,4507.775,4512.165,4496.946,4502.225,0.1075
1774824000000,2026-03-29,22:40:00,4502.255,4505.255,4490.335,4493.075,0.119
1774824300000,2026-03-29,22:45:00,4493.055,4496.685,4487.145,4489.315,0.0978
1774824600000,2026-03-29,22:50:00,4489.305,4495.155,4486.448,4489.525,0.1316
1774824900000,2026-03-29,22:55:00,4489.515,4490.365,4479.538,4483.998,0.1457
1774825200000,2026-03-29,23:00:00,4483.998,4491.898,4480.305,4487.848,0.1775
1774825500000,2026-03-29,23:05:00,4487.848,4488.448,4459.135,4477.028,0.29
1774825800000,2026-03-29,23:10:00,4477.828,4479.225,4471.885,4478.155,0.1061
1774826100000,2026-03-29,23:15:00,4478.185,4484.415,4474.895,4475.125,0.1042
1774826400000,2026-03-29,23:20:00,4475.105,4479.115,4471.725,4473.785,0.1119
1774826700000,2026-03-29,23:25:00,4473.865,4481.095,4471.965,4472.085,0.09
1774827000000,2026-03-29,23:30:00,4472.105,4472.105,4450.668,4458.538,0.3997
1774827300000,2026-03-29,23:35:00,4458.538,4459.718,4445.298,4451.875,0.2791
1774827600000,2026-03-29,23:40:00,4451.845,4455.215,4450.535,4451.855,0.1199
1774827900000,2026-03-29,23:45:00,4452.205,4455.655,4443.695,4444.295,0.188
1774828200000,2026-03-29,23:50:00,4444.315,4451.775,4443.485,4449.185,0.2287
1774828500000,2026-03-29,23:55:00,4449.315,4452.225,4444.085,4448.495,0.1603
1774828800000,2026-03-30,00:00:00,4448.675,4451.155,4432.225,4434.815,0.282
1774829100000,2026-03-30,00:05:00,4434.835,4440.685,4424.565,4428.745,0.2642
1774829400000,2026-03-30,00:10:00,4428.715,4431.955,4417.665,4425.505,0.2273
1774829700000,2026-03-30,00:15:00,4425.375,4445.195,4422.345,4445.195,0.2302
1774830000000,2026-03-30,00:20:00,4445.455,4463.825,4442.415,4461.685,0.2838
1774830300000,2026-03-30,00:25:00,4461.695,4466.515,4445.235,4448.945,0.2924
1774830600000,2026-03-30,00:30:00,4449.005,4458.795,4445.435,4451.875,0.2503
1774830900000,2026-03-30,00:35:00,4451.875,4452.425,4445.205,4447.375,0.2168
1774831200000,2026-03-30,00:40:00,4447.375,4448.955,4435.085,4438.055,0.1949
1774831500000,2026-03-30,00:45:00,4437.995,4441.105,4432.825,4440.535,0.1667
1774831800000,2026-03-30,00:50:00,4440.565,4442.415,4431.448,4433.935,0.1821
1774832100000,2026-03-30,00:55:00,4433.885,4436.755,4430.025,4431.775,0.1437
1774832400000,2026-03-30,01:00:00,4431.725,4451.665,4431.385,4441.655,0.343
1774832700000,2026-03-30,01:05:00,4441.695,4457.335,4440.585,4456.385,0.2195
1774833000000,2026-03-30,01:10:00,4456.535,4461.635,4454.335,4459.695,0.2625
1774833300000,2026-03-30,01:15:00,4459.675,4459.725,4449.735,4455.475,0.2622
1774833600000,2026-03-30,01:20:00,4455.365,4466.405,4453.745,4453.945,0.2596
1774833900000,2026-03-30,01:25:00,4453.945,4459.325,4445.165,4448.295,0.2054
1774834200000,2026-03-30,01:30:00,4448.495,4469.045,4444.738,4467.495,0.2515
1774834500000,2026-03-30,01:35:00,4467.375,4475.415,4465.635,4467.125,0.2814
1774834800000,2026-03-30,01:40:00,4467.145,4474.125,4462.285,4471.155,0.2589
1774835100000,2026-03-30,01:45:00,4471.375,4475.055,4470.555,4473.785,0.2229
1774835400000,2026-03-30,01:50:00,4473.825,4473.835,4461.265,4463.865,0.1849
1774835700000,2026-03-30,01:55:00,4463.865,4471.685,4463.815,4469.165,0.1869
1774836000000,2026-03-30,02:00:00,4469.195,4474.065,4466.855,4468.855,0.2118
1774836300000,2026-03-30,02:05:00,4468.855,4474.025,4465.298,4468.555,0.1583
1774836600000,2026-03-30,02:10:00,4468.495,4473.155,4465.015,4472.335,0.1541
1774836900000,2026-03-30,02:15:00,4472.555,4473.925,4466.225,4468.095,0.1575
1774837200000,2026-03-30,02:20:00,4468.055,4473.715,4466.575,4470.835,0.1553
1774837500000,2026-03-30,02:25:00,4470.835,4473.355,4469.115,4472.555,0.1618
1774837800000,2026-03-30,02:30:00,4472.585,4475.285,4458.755,4463.985,0.2724
1774838100000,2026-03-30,02:35:00,4464.145,4471.055,4460.875,4470.405,0.2194
1774838400000,2026-03-30,02:40:00,4470.555,4498.965,4470.105,4494.275,0.2458
1774838700000,2026-03-30,02:45:00,4494.035,4496.055,4489.105,4491.495,0.2229
1774839000000,2026-03-30,02:50:00,4491.465,4492.525,4483.645,4483.665,0.1836
1774839300000,2026-03-30,02:55:00,4483.665,4485.725,4478.715,4481.065,0.2131
1774839600000,2026-03-30,03:00:00,4481.095,4494.748,4478.498,4494.038,0.2005
1774839900000,2026-03-30,03:05:00,4494.098,4507.315,4493.085,4505.598,0.2591
1774840200000,2026-03-30,03:10:00,4505.608,4508.265,4501.575,4504.125,0.1689
1774840500000,2026-03-30,03:15:00,4504.145,4509.095,4503.515,4505.925,0.1798
1774840800000,2026-03-30,03:20:00,4505.895,4517.445,4505.515,4511.415,0.19
1774841100000,2026-03-30,03:25:00,4511.415,4512.405,4506.078,4506.815,0.1729
1774841400000,2026-03-30,03:30:00,4506.835,4507.465,4503.848,4505.075,0.1088
1774841700000,2026-03-30,03:35:00,4505.115,4505.635,4502.225,4502.985,0.1059
1774842000000,2026-03-30,03:40:00,4503.115,4504.885,4499.575,4503.195,0.108
1774842300000,2026-03-30,03:45:00,4502.915,4507.245,4499.778,4505.365,0.109
1774842600000,2026-03-30,03:50:00,4505.385,4506.335,4502.445,4503.765,0.1066
1774842900000,2026-03-30,03:55:00,4503.765,4503.945,4494.125,4495.665,0.161
1774843200000,2026-03-30,04:00:00,4495.695,4498.365,4494.105,4494.265,0.1077
1774843500000,2026-03-30,04:05:00,4494.235,4494.575,4489.015,4490.225,0.1162
1774843800000,2026-03-30,04:10:00,4490.125,4491.075,4486.648,4487.425,0.0965
1774844100000,2026-03-30,04:15:00,4487.405,4490.925,4487.205,4487.965,0.0557
1774844400000,2026-03-30,04:20:00,4488.215,4495.255,4487.095,4494.165,0.1096
1774844700000,2026-03-30,04:25:00,4494.165,4494.165,4490.018,4490.415,0.1297
1774845000000,2026-03-30,04:30:00,4490.445,4491.065,4486.775,4487.475,0.1154
1774845300000,2026-03-30,04:35:00,4487.455,4489.905,4486.285,4487.735,0.077
1774845600000,2026-03-30,04:40:00,4487.775,4489.425,4485.885,4487.945,0.0787
1774845900000,2026-03-30,04:45:00,4487.995,4491.115,4486.605,4488.185,0.0749
1774846200000,2026-03-30,04:50:00,4488.545,4491.675,4487.775,4491.645,0.0636
1774846500000,2026-03-30,04:55:00,4491.935,4498.535,4491.678,4496.325,0.1059
1774846800000,2026-03-30,05:00:00,4496.318,4500.845,4496.285,4498.965,0.1149
1774847100000,2026-03-30,05:05:00,4499.025,4504.805,4498.235,4504.195,0.1441
1774847400000,2026-03-30,05:10:00,4504.215,4507.725,4503.465,4504.565,0.1546
1774847700000,2026-03-30,05:15:00,4504.545,4513.395,4504.505,4511.185,0.1513
1774848000000,2026-03-30,05:20:00,4511.125,4515.555,4510.375,4514.365,0.1051
1774848300000,2026-03-30,05:25:00,4513.285,4513.515,4503.848,4505.215,0.1313
1774848600000,2026-03-30,05:30:00,4505.195,4512.355,4503.518,4511.535,0.1819
1774848900000,2026-03-30,05:35:00,4511.575,4515.075,4506.178,4506.178,0.1537
1774849200000,2026-03-30,05:40:00,4506.178,4510.425,4504.115,4510.225,0.108
1774849500000,2026-03-30,05:45:00,4510.275,4521.065,4509.925,4520.295,0.1431
1774849800000,2026-03-30,05:50:00,4520.355,4528.215,4517.925,4525.895,0.1373
1774850100000,2026-03-30,05:55:00,4525.875,4526.935,4521.531,4522.275,0.1355
1774850400000,2026-03-30,06:00:00,4522.375,4526.645,4516.315,4526.315,0.2081
1774850700000,2026-03-30,06:05:00,4526.355,4533.215,4523.055,4528.625,0.1452
1774851000000,2026-03-30,06:10:00,4528.655,4533.965,4526.745,4530.205,0.1486
1774851300000,2026-03-30,06:15:00,4530.185,4535.115,4526.515,4532.285,0.1546
1774851600000,2026-03-30,06:20:00,4532.205,4533.101,4526.825,4532.535,0.138
1774851900000,2026-03-30,06:25:00,4532.546,4533.355,4527.605,4528.365,0.1607
1774852200000,2026-03-30,06:30:00,4528.395,4536.355,4526.055,4534.735,0.1334
1774852500000,2026-03-30,06:35:00,4534.785,4541.355,4531.835,4536.305,0.1559
1774852800000,2026-03-30,06:40:00,4536.445,4541.635,4535.488,4539.765,0.1108
1774853100000,2026-03-30,06:45:00,4539.735,4550.485,4539.175,4546.035,0.1816
1774853400000,2026-03-30,06:50:00,4546.035,4546.365,4535.675,4535.925,0.1664
1774853700000,2026-03-30,06:55:00,4535.905,4537.545,4531.005,4532.395,0.1445
1774854000000,2026-03-30,07:00:00,4532.305,4533.425,4523.385,4524.035,0.1655
1774854300000,2026-03-30,07:05:00,4524.235,4532.945,4523.315,4532.245,0.1422
1774854600000,2026-03-30,07:10:00,4532.275,4534.355,4529.025,4533.845,0.1386
1774854900000,2026-03-30,07:15:00,4533.975,4534.635,4526.685,4529.835,0.1116
1774855200000,2026-03-30,07:20:00,4529.815,4532.495,4525.785,4528.075,0.1094
1774855500000,2026-03-30,07:25:00,4528.055,4528.425,4520.275,4522.565,0.1437
1774855800000,2026-03-30,07:30:00,4522.545,4525.755,4515.585,4516.885,0.1454
1774856100000,2026-03-30,07:35:00,4516.905,4523.695,4515.655,4522.985,0.1336
1774856400000,2026-03-30,07:40:00,4522.405,4524.075,4517.305,4520.915,0.2078
1774856700000,2026-03-30,07:45:00,4520.945,4521.785,4518.855,4520.315,0.1154
1774857000000,2026-03-30,07:50:00,4520.395,4526.045,4518.985,4524.565,0.1456
1774857300000,2026-03-30,07:55:00,4524.595,4527.815,4524.045,4526.965,0.1009
1774857600000,2026-03-30,08:00:00,4526.935,4530.615,4524.605,4527.435,0.1341
1774857900000,2026-03-30,08:05:00,4527.415,4535.765,4526.425,4534.765,0.1473
1774858200000,2026-03-30,08:10:00,4534.785,4536.745,4531.308,4533.545,0.2007
1774858500000,2026-03-30,08:15:00,4533.575,4533.645,4531.425,4532.375,0.0877
1774858800000,2026-03-30,08:20:00,4532.425,4535.615,4525.515,4529.845,0.2384
1774859100000,2026-03-30,08:25:00,4529.805,4532.185,4526.035,4528.438,0.15
1774859400000,2026-03-30,08:30:00,4528.398,4537.888,4528.205,4532.615,0.1798
1774859700000,2026-03-30,08:35:00,4532.595,4536.998,4530.098,4536.505,0.1731
1774860000000,2026-03-30,08:40:00,4536.498,4536.585,4531.285,4532.648,0.1747
1774860300000,2026-03-30,08:45:00,4532.648,4536.998,4532.238,4535.348,0.1298
1774860600000,2026-03-30,08:50:00,4535.448,4540.245,4533.538,4538.445,0.1854
1774860900000,2026-03-30,08:55:00,4538.515,4540.215,4534.245,4537.935,0.1224
1774861200000,2026-03-30,09:00:00,4537.975,4540.365,4535.698,4539.165,0.1055
1774861500000,2026-03-30,09:05:00,4539.245,4540.305,4530.545,4533.165,0.1178
1774861800000,2026-03-30,09:10:00,4533.185,4534.095,4527.895,4529.285,0.122
1774862100000,2026-03-30,09:15:00,4529.265,4529.865,4523.248,4528.205,0.1456
1774862400000,2026-03-30,09:20:00,4528.165,4536.358,4527.325,4530.845,0.122
1774862700000,2026-03-30,09:25:00,4530.885,4531.915,4527.025,4527.355,0.1092
1774863000000,2026-03-30,09:30:00,4526.855,4529.355,4523.475,4526.065,0.1142
1774863300000,2026-03-30,09:35:00,4526.035,4534.665,4525.835,4533.415,0.0993
1774863600000,2026-03-30,09:40:00,4533.095,4537.875,4532.505,4536.785,0.1019
1774863900000,2026-03-30,09:45:00,4536.945,4538.155,4532.725,4533.035,0.1066
1774864200000,2026-03-30,09:50:00,4533.075,4534.735,4528.365,4532.555,0.1084
1774864500000,2026-03-30,09:55:00,4532.575,4533.075,4529.285,4532.005,0.0956
1774864800000,2026-03-30,10:00:00,4532.785,4534.165,4529.105,4533.745,0.0788
1774865100000,2026-03-30,10:05:00,4533.615,4535.205,4531.955,4532.895,0.0857
1774865400000,2026-03-30,10:10:00,4532.985,4536.185,4531.485,4532.785,0.0979
1774865700000,2026-03-30,10:15:00,4532.815,4538.665,4530.395,4536.925,0.0777
1774866000000,2026-03-30,10:20:00,4536.865,4539.775,4531.055,4531.425,0.1029
1774866300000,2026-03-30,10:25:00,4531.355,4532.308,4527.395,4531.015,0.0886
1774866600000,2026-03-30,10:30:00,4531.035,4532.985,4527.865,4529.935,0.0942
1774866900000,2026-03-30,10:35:00,4530.045,4533.305,4529.728,4530.648,0.0851
1774867200000,2026-03-30,10:40:00,4530.975,4533.885,4529.565,4533.095,0.0817
1774867500000,2026-03-30,10:45:00,4533.175,4534.505,4528.325,4531.845,0.0909
1774867800000,2026-03-30,10:50:00,4531.865,4535.375,4529.655,4533.505,0.0878
1774868100000,2026-03-30,10:55:00,4533.545,4533.545,4528.515,4532.125,0.0788
1774868400000,2026-03-30,11:00:00,4532.115,4533.845,4525.255,4527.025,0.1364
1774868700000,2026-03-30,11:05:00,4527.005,4535.905,4526.965,4534.595,0.0984
1774869000000,2026-03-30,11:10:00,4534.555,4540.365,4533.575,4538.075,0.115
1774869300000,2026-03-30,11:15:00,4537.995,4545.355,4537.548,4544.305,0.1369
1774869600000,2026-03-30,11:20:00,4544.365,4544.475,4534.745,4542.445,0.1035
1774869900000,2026-03-30,11:25:00,4542.345,4548.075,4535.548,4543.035,0.2539
1774870200000,2026-03-30,11:30:00,4543.295,4545.855,4539.945,4542.665,0.2429
1774870500000,2026-03-30,11:35:00,4542.725,4545.565,4538.305,4541.245,0.1704
1774870800000,2026-03-30,11:40:00,4541.215,4565.965,4540.315,4565.935,0.2051
1774871100000,2026-03-30,11:45:00,4566.005,4573.135,4564.335,4570.425,0.2571
1774871400000,2026-03-30,11:50:00,4570.465,4580.465,4568.815,4568.985,0.1921
1774871700000,2026-03-30,11:55:00,4569.038,4569.385,4555.785,4559.375,0.1617
1774872000000,2026-03-30,12:00:00,4559.355,4559.865,4545.015,4554.965,0.2169
1774872300000,2026-03-30,12:05:00,4554.765,4560.345,4554.735,4557.245,0.1603
1774872600000,2026-03-30,12:10:00,4557.135,4561.095,4555.695,4556.198,0.1179
1774872900000,2026-03-30,12:15:00,4556.198,4567.235,4555.995,4566.955,0.1482
1774873200000,2026-03-30,12:20:00,4566.475,4567.695,4562.665,4563.715,0.1588
1774873500000,2026-03-30,12:25:00,4563.895,4567.945,4560.755,4565.635,0.1532
1774873800000,2026-03-30,12:30:00,4565.595,4573.005,4563.858,4570.695,0.1909
1774874100000,2026-03-30,12:35:00,4570.698,4574.805,4568.588,4571.715,0.1717
1774874400000,2026-03-30,12:40:00,4571.735,4577.695,4571.465,4573.705,0.1323
1774874700000,2026-03-30,12:45:00,4573.725,4573.965,4564.258,4570.615,0.1447
1774875000000,2026-03-30,12:50:00,4570.505,4570.505,4563.535,4567.665,0.1371
1774875300000,2026-03-30,12:55:00,4567.715,4573.555,4566.525,4569.185,0.1326
1774875600000,2026-03-30,13:00:00,4569.345,4578.455,4569.005,4570.465,0.23
1774875900000,2026-03-30,13:05:00,4570.505,4572.425,4561.065,4567.875,0.196
1774876200000,2026-03-30,13:10:00,4567.855,4569.985,4563.955,4565.725,0.1653
1774876500000,2026-03-30,13:15:00,4565.705,4568.335,4564.145,4567.675,0.1673
1774876800000,2026-03-30,13:20:00,4567.655,4568.875,4558.755,4563.725,0.1838
1774877100000,2026-03-30,13:25:00,4564.135,4571.225,4561.618,4567.305,0.1805
1774877400000,2026-03-30,13:30:00,4567.325,4573.675,4556.395,4557.655,0.2954
1774877700000,2026-03-30,13:35:00,4557.698,4560.875,4549.765,4559.765,0.3069
1774878000000,2026-03-30,13:40:00,4559.685,4560.055,4543.025,4543.975,0.3158
1774878300000,2026-03-30,13:45:00,4543.975,4547.905,4531.635,4534.345,0.3101
1774878600000,2026-03-30,13:50:00,4534.445,4537.595,4529.265,4532.795,0.3102
1774878900000,2026-03-30,13:55:00,4532.815,4534.005,4516.515,4523.165,0.3066
1774879200000,2026-03-30,14:00:00,4522.975,4535.695,4522.225,4529.205,0.2889
1774879500000,2026-03-30,14:05:00,4529.165,4530.475,4517.735,4525.955,0.2928
1774879800000,2026-03-30,14:10:00,4526.175,4535.045,4521.525,4533.535,0.295
1774880100000,2026-03-30,14:15:00,4533.515,4534.445,4519.545,4523.295,0.2803
1774880400000,2026-03-30,14:20:00,4523.275,4525.665,4511.748,4522.385,0.2979
1774880700000,2026-03-30,14:25:00,4522.415,4523.285,4516.745,4518.705,0.2657
1774881000000,2026-03-30,14:30:00,4518.625,4525.815,4517.185,4525.105,0.2771
1774881300000,2026-03-30,14:35:00,4525.195,4532.495,4521.498,4528.005,0.2619
1774881600000,2026-03-30,14:40:00,4527.985,4533.558,4520.785,4522.605,0.2534
1774881900000,2026-03-30,14:45:00,4522.765,4540.395,4521.145,4531.495,0.3114
1774882200000,2026-03-30,14:50:00,4531.375,4540.845,4529.915,4538.015,0.3007
1774882500000,2026-03-30,14:55:00,4537.835,4541.365,4533.255,4538.385,0.2549
1774882800000,2026-03-30,15:00:00,4538.565,4543.275,4535.695,4539.175,0.2275
1774883100000,2026-03-30,15:05:00,4539.145,4540.835,4531.938,4534.115,0.2227
1774883400000,2026-03-30,15:10:00,4534.215,4538.505,4532.625,4532.625,0.2044
1774883700000,2026-03-30,15:15:00,4532.655,4534.025,4525.595,4530.155,0.2559
1774884000000,2026-03-30,15:20:00,4530.225,4533.525,4524.445,4529.915,0.2334
1774884300000,2026-03-30,15:25:00,4529.945,4533.605,4529.055,4531.325,0.1955
1774884600000,2026-03-30,15:30:00,4531.305,4541.655,4527.375,4541.205,0.2095
1774884900000,2026-03-30,15:35:00,4541.225,4549.325,4540.848,4548.675,0.2321
1774885200000,2026-03-30,15:40:00,4548.705,4553.795,4547.875,4551.625,0.1908
1774885500000,2026-03-30,15:45:00,4551.795,4556.125,4550.385,4552.185,0.1906
1774885800000,2026-03-30,15:50:00,4552.315,4555.245,4545.095,4554.165,0.2
1774886100000,2026-03-30,15:55:00,4554.185,4556.565,4547.065,4548.135,0.2334
1774886400000,2026-03-30,16:00:00,4547.915,4549.405,4538.505,4539.805,0.2105
1774886700000,2026-03-30,16:05:00,4539.465,4544.205,4537.695,4540.975,0.2129
1774887000000,2026-03-30,16:10:00,4540.925,4546.685,4540.405,4544.215,0.1738
1774887300000,2026-03-30,16:15:00,4544.185,4548.655,4541.715,4544.995,0.1907
1774887600000,2026-03-30,16:20:00,4545.015,4547.515,4542.295,4543.135,0.177
1774887900000,2026-03-30,16:25:00,4543.108,4543.145,4536.525,4536.685,0.182
1774888200000,2026-03-30,16:30:00,4536.595,4541.795,4531.865,4538.725,0.1865
1774888500000,2026-03-30,16:35:00,4539.105,4543.025,4538.608,4541.655,0.1638
1774888800000,2026-03-30,16:40:00,4541.695,4548.105,4541.208,4548.015,0.1481
1774889100000,2026-03-30,16:45:00,4548.035,4548.555,4540.495,4541.545,0.1607
1774889400000,2026-03-30,16:50:00,4541.425,4543.825,4539.895,4542.225,0.1669
1774889700000,2026-03-30,16:55:00,4542.285,4542.855,4536.268,4539.795,0.1795
1774890000000,2026-03-30,17:00:00,4539.695,4542.125,4532.425,4532.465,0.1868
1774890300000,2026-03-30,17:05:00,4532.535,4535.145,4531.675,4534.725,0.1835
1774890600000,2026-03-30,17:10:00,4534.745,4535.435,4519.275,4522.525,0.1877
1774890900000,2026-03-30,17:15:00,4522.365,4525.795,4520.205,4523.545,0.2008
1774891200000,2026-03-30,17:20:00,4523.505,4529.025,4522.125,4529.025,0.1918
1774891500000,2026-03-30,17:25:00,4529.075,4530.315,4526.695,4527.435,0.1779
1774891800000,2026-03-30,17:30:00,4527.288,4527.288,4515.025,4516.485,0.2217
1774892100000,2026-03-30,17:35:00,4516.455,4519.565,4514.538,4516.975,0.2458
1774892400000,2026-03-30,17:40:00,4516.935,4525.275,4515.895,4524.135,0.2112
1774892700000,2026-03-30,17:45:00,4524.165,4528.345,4516.715,4517.125,0.2007
1774893000000,2026-03-30,17:50:00,4516.815,4520.345,4514.135,4516.735,0.1861
1774893300000,2026-03-30,17:55:00,4516.755,4517.715,4511.015,4514.815,0.2205
1774893600000,2026-03-30,18:00:00,4514.795,4522.865,4514.295,4517.645,0.1723
1774893900000,2026-03-30,18:05:00,4517.775,4519.675,4512.915,4517.785,0.1898
1774894200000,2026-03-30,18:10:00,4517.705,4521.365,4515.785,4518.585,0.1769
1774894500000,2026-03-30,18:15:00,4518.645,4519.615,4515.365,4519.375,0.152
1774894800000,2026-03-30,18:20:00,4519.315,4521.268,4514.405,4515.375,0.1479
1774895100000,2026-03-30,18:25:00,4515.345,4515.915,4511.038,4513.615,0.1739
1774895400000,2026-03-30,18:30:00,4513.755,4517.675,4512.275,4513.285,0.1266
1774895700000,2026-03-30,18:35:00,4513.265,4519.235,4513.205,4513.225,0.1605
1774896000000,2026-03-30,18:40:00,4513.145,4516.915,4512.905,4515.315,0.1089
1774896300000,2026-03-30,18:45:00,4515.275,4518.515,4515.205,4517.595,0.1106
1774896600000,2026-03-30,18:50:00,4517.585,4518.235,4506.785,4506.785,0.1538
1774896900000,2026-03-30,18:55:00,4506.745,4507.945,4498.215,4498.845,0.2028
1774897200000,2026-03-30,19:00:00,4498.865,4502.705,4495.195,4499.945,0.2038
1774897500000,2026-03-30,19:05:00,4499.975,4504.885,4497.595,4499.625,0.1984
1774897800000,2026-03-30,19:10:00,4499.595,4499.875,4493.305,4497.625,0.228
1774898100000,2026-03-30,19:15:00,4497.645,4501.805,4495.345,4495.655,0.1858
1774898400000,2026-03-30,19:20:00,4495.695,4501.025,4492.885,4498.105,0.1683
1774898700000,2026-03-30,19:25:00,4498.085,4504.015,4496.845,4501.385,0.1696
1774899000000,2026-03-30,19:30:00,4501.415,4510.245,4497.935,4508.715,0.1827
1774899300000,2026-03-30,19:35:00,4508.745,4512.885,4503.945,4505.135,0.214
1774899600000,2026-03-30,19:40:00,4505.245,4506.155,4501.335,4504.695,0.235
1774899900000,2026-03-30,19:45:00,4504.375,4510.165,4503.685,4507.115,0.1801
1774900200000,2026-03-30,19:50:00,4507.065,4509.145,4504.335,4505.485,0.2182
1774900500000,2026-03-30,19:55:00,4506.015,4518.205,4505.755,4513.095,0.2095
1774900800000,2026-03-30,20:00:00,4513.085,4516.245,4508.935,4509.205,0.0951
1774901100000,2026-03-30,20:05:00,4509.265,4511.565,4508.865,4509.035,0.0809
1774901400000,2026-03-30,20:10:00,4508.995,4509.165,4505.008,4508.005,0.0878
1774901700000,2026-03-30,20:15:00,4508.105,4509.935,4507.415,4507.985,0.057
1774902000000,2026-03-30,20:20:00,4508.005,4508.285,4502.128,4502.775,0.0494
1774902300000,2026-03-30,20:25:00,4502.855,4506.335,4502.015,4505.825,0.0488
1774902600000,2026-03-30,20:30:00,4505.775,4506.815,4502.598,4504.005,0.0477
1774902900000,2026-03-30,20:35:00,4504.065,4504.305,4500.885,4502.255,0.0469
1774903200000,2026-03-30,20:40:00,4502.205,4505.105,4502.055,4503.495,0.0442
1774903500000,2026-03-30,20:45:00,4503.455,4506.315,4502.385,4504.545,0.0443
1774903800000,2026-03-30,20:50:00,4504.525,4508.205,4504.115,4507.945,0.0462
1774904100000,2026-03-30,20:55:00,4508.045,4511.125,4507.995,4510.885,0.0463
1774908000000,2026-03-30,22:00:00,4510.638,4523.445,4510.045,4517.295,0.1226
1774908300000,2026-03-30,22:05:00,4517.245,4517.765,4509.795,4511.665,0.0463
1774908600000,2026-03-30,22:10:00,4511.715,4515.655,4507.245,4507.835,0.0702
1774908900000,2026-03-30,22:15:00,4507.835,4511.365,4504.635,4505.855,0.0867
1774909200000,2026-03-30,22:20:00,4505.835,4506.775,4505.275,4506.355,0.0337
1774909500000,2026-03-30,22:25:00,4506.375,4514.745,4501.905,4514.515,0.0643
1774909800000,2026-03-30,22:30:00,4514.765,4518.695,4511.755,4512.515,0.0636
1774910100000,2026-03-30,22:35:00,4512.555,4513.815,4510.715,4511.225,0.0263
1774910400000,2026-03-30,22:40:00,4511.255,4511.825,4508.005,4508.425,0.022
1774910700000,2026-03-30,22:45:00,4508.385,4512.545,4508.125,4511.945,0.0357
1774911000000,2026-03-30,22:50:00,4511.955,4513.735,4511.595,4512.915,0.0312
1774911300000,2026-03-30,22:55:00,4512.785,4514.498,4510.148,4510.148,0.1712
1774911600000,2026-03-30,23:00:00,4510.148,4510.148,4497.978,4501.668,0.594
1774911900000,2026-03-30,23:05:00,4501.608,4505.978,4493.858,4494.215,0.6112
1774912200000,2026-03-30,23:10:00,4494.295,4499.895,4492.445,4498.695,0.0944
1774912500000,2026-03-30,23:15:00,4498.675,4507.235,4497.755,4506.525,0.0938
1774912800000,2026-03-30,23:20:00,4506.545,4510.075,4505.405,4506.965,0.0577
1774913100000,2026-03-30,23:25:00,4506.885,4506.885,4503.798,4505.235,0.0572
1774913400000,2026-03-30,23:30:00,4505.275,4508.805,4503.615,4506.945,0.0497
1774913700000,2026-03-30,23:35:00,4506.925,4515.195,4504.078,4510.925,0.0661
1774914000000,2026-03-30,23:40:00,4510.955,4519.365,4509.358,4518.315,0.0706
1774914300000,2026-03-30,23:45:00,4518.295,4519.325,4514.875,4518.365,0.0626
1774914600000,2026-03-30,23:50:00,4518.365,4521.485,4513.315,4513.525,0.0808
1774914900000,2026-03-30,23:55:00,4513.565,4513.615,4507.015,4513.325,0.097
1774915200000,2026-03-31,00:00:00,4513.375,4528.285,4510.295,4528.195,0.1877
1774915500000,2026-03-31,00:05:00,4528.195,4528.215,4519.155,4519.155,0.1586
1774915800000,2026-03-31,00:10:00,4519.125,4523.095,4513.965,4515.665,0.1336
1774916100000,2026-03-31,00:15:00,4515.695,4517.805,4495.195,4496.085,0.2587
1774916400000,2026-03-31,00:20:00,4496.065,4497.905,4482.115,4493.515,0.2094
1774916700000,2026-03-31,00:25:00,4493.805,4513.335,4490.125,4511.925,0.2149
1774917000000,2026-03-31,00:30:00,4511.875,4515.275,4505.908,4510.905,0.1517
1774917300000,2026-03-31,00:35:00,4510.995,4531.175,4510.945,4529.745,0.2282
1774917600000,2026-03-31,00:40:00,4529.695,4536.675,4524.385,4535.625,0.343
1774917900000,2026-03-31,00:45:00,4535.925,4546.388,4535.065,4537.845,0.4621
1774918200000,2026-03-31,00:50:00,4537.808,4542.425,4534.975,4542.155,0.2023
1774918500000,2026-03-31,00:55:00,4542.165,4547.875,4539.455,4547.525,0.1912
1774918800000,2026-03-31,01:00:00,4547.025,4550.345,4539.955,4540.965,0.2588
1774919100000,2026-03-31,01:05:00,4540.945,4541.315,4531.885,4539.055,0.1823
1774919400000,2026-03-31,01:10:00,4539.025,4545.235,4533.195,4543.685,0.1987
1774919700000,2026-03-31,01:15:00,4544.165,4570.225,4543.295,4568.775,0.2022
1774920000000,2026-03-31,01:20:00,4568.735,4585.495,4564.935,4584.915,0.2878
1774920300000,2026-03-31,01:25:00,4584.815,4585.585,4575.435,4581.085,0.2664
1774920600000,2026-03-31,01:30:00,4581.365,4591.575,4579.898,4581.415,0.3574
1774920900000,2026-03-31,01:35:00,4581.425,4588.815,4577.148,4588.605,0.2798
1774921200000,2026-03-31,01:40:00,4588.555,4618.765,4588.045,4617.285,0.3434
1774921500000,2026-03-31,01:45:00,4617.335,4619.195,4598.975,4602.735,0.3159
1774921800000,2026-03-31,01:50:00,4603.405,4614.515,4595.515,4609.958,0.3013
1774922100000,2026-03-31,01:55:00,4609.955,4614.365,4599.915,4604.805,0.2699
1774922400000,2026-03-31,02:00:00,4604.825,4607.055,4588.195,4593.665,0.2171
1774922700000,2026-03-31,02:05:00,4593.675,4600.115,4590.015,4596.955,0.1571
1774923000000,2026-03-31,02:10:00,4596.755,4599.525,4588.285,4589.645,0.1455
1774923300000,2026-03-31,02:15:00,4589.605,4592.355,4583.418,4587.455,0.1619
1774923600000,2026-03-31,02:20:00,4587.495,4588.675,4581.975,4584.525,0.1224
1774923900000,2026-03-31,02:25:00,4584.565,4585.185,4578.148,4582.275,0.1329
1774924200000,2026-03-31,02:30:00,4582.245,4586.645,4579.245,4580.755,0.1661
1774924500000,2026-03-31,02:35:00,4580.795,4588.325,4578.725,4586.035,0.1749
1774924800000,2026-03-31,02:40:00,4586.005,4587.275,4578.665,4587.025,0.1763
1774925100000,2026-03-31,02:45:00,4587.025,4588.075,4568.505,4570.415,0.1885
1774925400000,2026-03-31,02:50:00,4570.625,4579.215,4568.505,4570.115,0.1886
1774925700000,2026-03-31,02:55:00,4570.145,4574.035,4565.185,4567.825,0.1484
1774926000000,2026-03-31,03:00:00,4567.495,4572.805,4565.665,4569.915,0.1469
1774926300000,2026-03-31,03:05:00,4568.845,4576.675,4566.735,4569.645,0.1466
1774926600000,2026-03-31,03:10:00,4569.595,4573.905,4567.665,4569.805,0.1165
1774926900000,2026-03-31,03:15:00,4569.945,4571.115,4563.485,4563.605,0.1819
1774927200000,2026-03-31,03:20:00,4563.515,4566.965,4555.535,4557.195,0.124
1774927500000,2026-03-31,03:25:00,4557.245,4563.465,4556.515,4561.385,0.1266
1774927800000,2026-03-31,03:30:00,4561.405,4565.505,4560.485,4564.965,0.0849
1774928100000,2026-03-31,03:35:00,4564.945,4565.505,4556.535,4557.295,0.1457
1774928400000,2026-03-31,03:40:00,4557.185,4559.005,4550.345,4551.765,0.1161
1774928700000,2026-03-31,03:45:00,4551.425,4553.315,4549.838,4552.555,0.1496
1774929000000,2026-03-31,03:50:00,4552.575,4557.275,4551.445,4554.935,0.1044
1774929300000,2026-03-31,03:55:00,4554.905,4557.025,4553.355,4556.935,0.0673
1774929600000,2026-03-31,04:00:00,4556.915,4560.595,4556.915,4559.805,0.1039
1774929900000,2026-03-31,04:05:00,4559.825,4565.805,4556.985,4559.515,0.1348
1774930200000,2026-03-31,04:10:00,4559.295,4562.975,4556.785,4557.175,0.0673
1774930500000,2026-03-31,04:15:00,4557.205,4565.215,4556.705,4563.115,0.0692
1774930800000,2026-03-31,04:20:00,4563.095,4569.235,4558.615,4558.945,0.1004
1774931100000,2026-03-31,04:25:00,4558.948,4561.905,4558.345,4561.065,0.0748
1774931400000,2026-03-31,04:30:00,4561.085,4564.685,4560.678,4563.498,0.1088
1774931700000,2026-03-31,04:35:00,4563.445,4563.445,4559.528,4561.555,0.1141
1774932000000,2026-03-31,04:40:00,4561.175,4563.985,4559.775,4563.615,0.0604
1774932300000,2026-03-31,04:45:00,4563.635,4564.945,4560.785,4561.175,0.1221
1774932600000,2026-03-31,04:50:00,4561.155,4566.295,4560.715,4565.515,0.151
1774932900000,2026-03-31,04:55:00,4565.415,4568.785,4564.475,4564.615,0.0887
1774933200000,2026-03-31,05:00:00,4564.595,4569.015,4563.755,4568.815,0.1064
1774933500000,2026-03-31,05:05:00,4568.855,4570.385,4561.295,4561.415,0.0895
1774933800000,2026-03-31,05:10:00,4561.825,4561.855,4547.435,4549.995,0.1468
1774934100000,2026-03-31,05:15:00,4550.015,4558.665,4549.685,4557.605,0.1035
1774934400000,2026-03-31,05:20:00,4557.795,4563.235,4555.895,4562.935,0.1064
1774934700000,2026-03-31,05:25:00,4562.915,4567.655,4559.985,4560.985,0.084
1774935000000,2026-03-31,05:30:00,4560.955,4575.885,4558.335,4575.205,0.2586
1774935300000,2026-03-31,05:35:00,4575.335,4579.735,4573.755,4577.255,0.1723
1774935600000,2026-03-31,05:40:00,4577.235,4578.915,4572.495,4576.705,0.1245
1774935900000,2026-03-31,05:45:00,4576.435,4581.515,4576.215,4579.455,0.1235
1774936200000,2026-03-31,05:50:00,4579.575,4580.485,4572.775,4573.715,0.1528
1774936500000,2026-03-31,05:55:00,4573.735,4574.325,4566.715,4568.465,0.1921
1774936800000,2026-03-31,06:00:00,4568.485,4568.645,4558.235,4563.895,0.183
1774937100000,2026-03-31,06:05:00,4563.855,4564.875,4558.485,4558.485,0.18
1774937400000,2026-03-31,06:10:00,4558.515,4561.535,4555.965,4559.395,0.1588
1774937700000,2026-03-31,06:15:00,4559.405,4560.775,4553.735,4554.775,0.1747
1774938000000,2026-03-31,06:20:00,4554.755,4562.365,4552.865,4560.025,0.1775
1774938300000,2026-03-31,06:25:00,4560.085,4564.365,4558.615,4560.198,0.2577
1774938600000,2026-03-31,06:30:00,4560.198,4565.348,4558.898,4564.025,0.2058
1774938900000,2026-03-31,06:35:00,4563.998,4564.498,4559.398,4560.775,0.1362
1774939200000,2026-03-31,06:40:00,4560.795,4561.225,4555.795,4558.655,0.1207
1774939500000,2026-03-31,06:45:00,4558.685,4561.045,4553.895,4555.825,0.1224
1774939800000,2026-03-31,06:50:00,4555.755,4559.335,4555.675,4558.025,0.2081
1774940100000,2026-03-31,06:55:00,4557.995,4561.355,4556.525,4556.855,0.1541
1774940400000,2026-03-31,07:00:00,4557.005,4563.795,4554.615,4559.255,0.2017
1774940700000,2026-03-31,07:05:00,4559.275,4561.605,4555.985,4556.325,0.1855
1774941000000,2026-03-31,07:10:00,4556.355,4557.235,4549.895,4552.215,0.1316
1774941300000,2026-03-31,07:15:00,4552.155,4554.085,4543.065,4546.555,0.1475
1774941600000,2026-03-31,07:20:00,4546.515,4553.885,4546.385,4550.595,0.1539
1774941900000,2026-03-31,07:25:00,4550.348,4556.515,4549.195,4551.698,0.185
1774942200000,2026-03-31,07:30:00,4551.675,4556.938,4551.525,4556.498,0.149
1774942500000,2026-03-31,07:35:00,4556.518,4560.865,4554.075,4554.085,0.1656
1774942800000,2026-03-31,07:40:00,4554.115,4560.298,4553.865,4559.465,0.1488
1774943100000,2026-03-31,07:45:00,4559.495,4562.495,4557.475,4558.145,0.1624
1774943400000,2026-03-31,07:50:00,4558.025,4562.155,4556.365,4559.095,0.0946
1774943700000,2026-03-31,07:55:00,4559.035,4565.605,4557.745,4564.205,0.1047
1774944000000,2026-03-31,08:00:00,4564.028,4568.155,4560.105,4568.155,0.1691
1774944300000,2026-03-31,08:05:00,4568.115,4572.965,4566.145,4566.978,0.2026
1774944600000,2026-03-31,08:10:00,4566.988,4568.498,4563.665,4565.578,0.1471
1774944900000,2026-03-31,08:15:00,4565.588,4568.945,4564.418,4568.395,0.1128
1774945200000,2026-03-31,08:20:00,4568.495,4570.635,4565.028,4568.385,0.1578
1774945500000,2026-03-31,08:25:00,4568.445,4572.145,4566.675,4571.985,0.128
1774945800000,2026-03-31,08:30:00,4572.005,4572.655,4567.258,4568.688,0.12
1774946100000,2026-03-31,08:35:00,4568.895,4574.868,4568.685,4570.105,0.1217
1774946400000,2026-03-31,08:40:00,4570.125,4573.395,4568.785,4571.205,0.1177
1774946700000,2026-03-31,08:45:00,4571.165,4573.795,4569.165,4571.695,0.1188
1774947000000,2026-03-31,08:50:00,4571.665,4572.855,4567.415,4571.005,0.1261
1774947300000,2026-03-31,08:55:00,4570.585,4571.285,4566.805,4568.188,0.1096
1774947600000,2026-03-31,09:00:00,4568.188,4572.115,4562.845,4571.085,0.1169
1774947900000,2026-03-31,09:05:00,4571.065,4571.915,4566.165,4568.865,0.1052
1774948200000,2026-03-31,09:10:00,4568.895,4570.545,4566.785,4567.455,0.0855
1774948500000,2026-03-31,09:15:00,4567.425,4570.625,4564.005,4567.138,0.1269
1774948800000,2026-03-31,09:20:00,4567.138,4568.965,4564.975,4567.025,0.1118
1774949100000,2026-03-31,09:25:00,4567.055,4567.485,4561.018,4561.935,0.1174
1774949400000,2026-03-31,09:30:00,4561.965,4562.115,4553.305,4556.905,0.2043
1774949700000,2026-03-31,09:35:00,4556.875,4558.585,4550.865,4550.885,0.1914
1774950000000,2026-03-31,09:40:00,4550.865,4555.475,4549.995,4555.475,0.1309
1774950300000,2026-03-31,09:45:00,4555.415,4559.205,4555.255,4558.425,0.1388
1774950600000,2026-03-31,09:50:00,4558.425,4562.245,4556.365,4556.405,0.1677
1774950900000,2026-03-31,09:55:00,4556.405,4556.455,4551.318,4555.275,0.1507
1774951200000,2026-03-31,10:00:00,4555.255,4560.205,4554.895,4560.125,0.1207
1774951500000,2026-03-31,10:05:00,4560.095,4561.105,4558.535,4560.305,0.0916
1774951800000,2026-03-31,10:10:00,4560.325,4561.635,4556.518,4556.635,0.0848
1774952100000,2026-03-31,10:15:00,4556.655,4559.175,4555.355,4558.215,0.075
1774952400000,2026-03-31,10:20:00,4558.255,4559.985,4555.815,4558.355,0.0615
1774952700000,2026-03-31,10:25:00,4558.325,4560.915,4557.305,4560.315,0.0684
1774953000000,2026-03-31,10:30:00,4560.285,4560.508,4554.135,4554.595,0.0942
1774953300000,2026-03-31,10:35:00,4554.505,4555.985,4532.495,4533.835,0.1549
1774953600000,2026-03-31,10:40:00,4533.815,4544.755,4529.115,4540.925,0.1732
1774953900000,2026-03-31,10:45:00,4540.995,4543.258,4539.768,4541.545,0.1284
1774954200000,2026-03-31,10:50:00,4541.585,4548.445,4541.365,4548.325,0.1282
1774954500000,2026-03-31,10:55:00,4548.305,4552.538,4544.015,4546.735,0.1363
1774954800000,2026-03-31,11:00:00,4546.885,4549.965,4543.815,4547.155,0.1468
1774955100000,2026-03-31,11:05:00,4547.255,4548.485,4542.855,4544.955,0.1029
1774955400000,2026-03-31,11:10:00,4544.885,4563.565,4540.865,4551.185,0.2859
1774955700000,2026-03-31,11:15:00,4551.135,4568.565,4549.475,4566.245,0.256
1774956000000,2026-03-31,11:20:00,4566.275,4576.595,4564.278,4575.625,0.2536
1774956300000,2026-03-31,11:25:00,4575.545,4583.055,4574.715,4574.935,0.2688
1774956600000,2026-03-31,11:30:00,4574.885,4578.775,4568.588,4577.545,0.2584
1774956900000,2026-03-31,11:35:00,4577.625,4592.955,4573.775,4589.235,0.1932
1774957200000,2026-03-31,11:40:00,4589.195,4592.525,4582.985,4591.715,0.1903
1774957500000,2026-03-31,11:45:00,4592.075,4592.785,4582.278,4584.485,0.1901
1774957800000,2026-03-31,11:50:00,4584.515,4586.365,4578.485,4580.795,0.2017
1774958100000,2026-03-31,11:55:00,4580.885,4582.455,4576.448,4582.115,0.1969
1774958400000,2026-03-31,12:00:00,4582.155,4587.935,4580.908,4585.118,0.2268
1774958700000,2026-03-31,12:05:00,4585.128,4597.295,4584.495,4591.558,0.25
1774959000000,2026-03-31,12:10:00,4591.568,4591.838,4573.925,4575.465,0.3499
1774959300000,2026-03-31,12:15:00,4575.435,4581.045,4571.195,4580.715,0.2533
1774959600000,2026-03-31,12:20:00,4580.685,4582.205,4574.665,4577.535,0.2178
1774959900000,2026-03-31,12:25:00,4577.555,4582.975,4572.215,4579.145,0.2008
1774960200000,2026-03-31,12:30:00,4579.195,4582.825,4577.405,4582.745,0.1969
1774960500000,2026-03-31,12:35:00,4582.675,4589.545,4582.048,4584.305,0.1755
1774960800000,2026-03-31,12:40:00,4584.275,4585.905,4577.315,4578.715,0.1285
1774961100000,2026-03-31,12:45:00,4578.688,4581.045,4568.818,4573.115,0.1655
1774961400000,2026-03-31,12:50:00,4573.085,4575.095,4569.105,4573.895,0.1245
1774961700000,2026-03-31,12:55:00,4573.805,4577.615,4571.045,4574.475,0.1353
1774962000000,2026-03-31,13:00:00,4574.475,4579.165,4567.665,4569.805,0.2313
1774962300000,2026-03-31,13:05:00,4569.875,4581.105,4567.555,4581.065,0.1813
1774962600000,2026-03-31,13:10:00,4580.945,4583.495,4576.735,4581.285,0.1925
1774962900000,2026-03-31,13:15:00,4581.325,4586.455,4580.548,4583.215,0.1643
1774963200000,2026-03-31,13:20:00,4583.125,4587.685,4582.155,4583.305,0.1555
1774963500000,2026-03-31,13:25:00,4583.325,4583.325,4572.815,4572.998,0.2565
1774963800000,2026-03-31,13:30:00,4572.998,4579.805,4567.925,4577.918,0.3987
1774964100000,2026-03-31,13:35:00,4577.918,4585.495,4572.295,4583.625,0.3428
1774964400000,2026-03-31,13:40:00,4583.615,4589.115,4583.065,4587.685,0.1825
1774964700000,2026-03-31,13:45:00,4587.825,4589.705,4584.895,4589.505,0.2816
1774965000000,2026-03-31,13:50:00,4589.525,4609.415,4585.085,4606.255,0.2831
1774965300000,2026-03-31,13:55:00,4606.208,4608.858,4592.518,4606.705,0.3496
1774965600000,2026-03-31,14:00:00,4606.295,4624.995,4600.865,4613.665,0.3248
1774965900000,2026-03-31,14:05:00,4613.775,4615.655,4604.468,4605.105,0.3011
1774966200000,2026-03-31,14:10:00,4605.085,4615.325,4603.265,4614.538,0.463
1774966500000,2026-03-31,14:15:00,4614.538,4614.695,4607.015,4611.245,0.3136
1774966800000,2026-03-31,14:20:00,4611.275,4615.275,4602.515,4612.545,0.2949
1774967100000,2026-03-31,14:25:00,4612.565,4618.975,4605.765,4618.675,0.3092
1774967400000,2026-03-31,14:30:00,4619.005,4630.098,4614.785,4620.465,0.2884
1774967700000,2026-03-31,14:35:00,4620.435,4622.255,4607.965,4608.655,0.3293
1774968000000,2026-03-31,14:40:00,4608.615,4611.695,4603.835,4607.725,0.2968
1774968300000,2026-03-31,14:45:00,4607.895,4610.845,4600.415,4601.565,0.2959
1774968600000,2026-03-31,14:50:00,4601.525,4607.045,4600.768,4605.395,0.328
1774968900000,2026-03-31,14:55:00,4605.305,4605.305,4594.665,4598.835,0.3299
1774969200000,2026-03-31,15:00:00,4598.855,4614.545,4598.405,4613.015,0.2741
1774969500000,2026-03-31,15:05:00,4612.758,4618.565,4611.598,4614.045,0.2592
1774969800000,2026-03-31,15:10:00,4614.015,4623.655,4613.375,4622.825,0.2635
1774970100000,2026-03-31,15:15:00,4622.845,4625.325,4615.265,4619.175,0.2829
1774970400000,2026-03-31,15:20:00,4619.205,4619.235,4613.045,4619.045,0.235
1774970700000,2026-03-31,15:25:00,4619.015,4619.165,4607.555,4609.815,0.2214
1774971000000,2026-03-31,15:30:00,4609.925,4613.958,4606.805,4613.958,0.2428
1774971300000,2026-03-31,15:35:00,4613.778,4619.525,4613.585,4619.225,0.1991
1774971600000,2026-03-31,15:40:00,4619.395,4621.135,4615.935,4620.555,0.1936
1774971900000,2026-03-31,15:45:00,4620.585,4621.925,4615.255,4615.255,0.2666
1774972200000,2026-03-31,15:50:00,4615.275,4623.338,4614.605,4617.668,0.3326
1774972500000,2026-03-31,15:55:00,4617.718,4618.678,4607.738,4609.165,0.2887
1774972800000,2026-03-31,16:00:00,4609.065,4618.305,4607.635,4613.735,0.2485
1774973100000,2026-03-31,16:05:00,4613.865,4619.385,4612.885,4619.205,0.1945
1774973400000,2026-03-31,16:10:00,4619.255,4619.735,4606.795,4611.815,0.1865
1774973700000,2026-03-31,16:15:00,4611.745,4618.515,4611.745,4614.685,0.1564
1774974000000,2026-03-31,16:20:00,4614.645,4617.925,4608.975,4617.605,0.1408
1774974300000,2026-03-31,16:25:00,4617.925,4618.345,4614.685,4617.475,0.1408
1774974600000,2026-03-31,16:30:00,4617.495,4618.935,4615.555,4616.585,0.1591
1774974900000,2026-03-31,16:35:00,4616.605,4633.175,4614.765,4632.685,0.3091
1774975200000,2026-03-31,16:40:00,4632.245,4651.115,4631.825,4641.125,0.4784
1774975500000,2026-03-31,16:45:00,4641.145,4646.085,4630.865,4641.025,0.3305
1774975800000,2026-03-31,16:50:00,4641.055,4649.795,4634.825,4637.075,0.3644
1774976100000,2026-03-31,16:55:00,4637.045,4643.415,4635.385,4638.045,0.332
1774976400000,2026-03-31,17:00:00,4638.005,4655.705,4638.005,4648.055,0.2873
1774976700000,2026-03-31,17:05:00,4648.075,4649.195,4636.655,4638.905,0.2791
1774977000000,2026-03-31,17:10:00,4639.205,4645.495,4635.965,4642.555,0.2663
1774977300000,2026-03-31,17:15:00,4642.595,4648.655,4640.345,4647.825,0.2474
1774977600000,2026-03-31,17:20:00,4647.775,4657.665,4643.885,4650.095,0.2916
1774977900000,2026-03-31,17:25:00,4650.055,4651.485,4642.285,4648.395,0.3117
1774978200000,2026-03-31,17:30:00,4648.285,4658.625,4647.898,4658.615,0.2619
1774978500000,2026-03-31,17:35:00,4658.565,4660.588,4645.265,4650.935,0.3309
1774978800000,2026-03-31,17:40:00,4650.975,4663.495,4650.605,4660.065,0.2795
1774979100000,2026-03-31,17:45:00,4660.045,4665.885,4658.055,4662.415,0.2437
1774979400000,2026-03-31,17:50:00,4662.365,4667.145,4659.565,4661.605,0.235
1774979700000,2026-03-31,17:55:00,4661.645,4661.705,4653.008,4654.205,0.2833
1774980000000,2026-03-31,18:00:00,4654.125,4660.615,4653.215,4654.375,0.2655
1774980300000,2026-03-31,18:05:00,4654.405,4667.955,4653.335,4664.815,0.2202
1774980600000,2026-03-31,18:10:00,4664.795,4668.558,4660.125,4665.535,0.2404
1774980900000,2026-03-31,18:15:00,4665.615,4668.495,4663.618,4665.948,0.235
1774981200000,2026-03-31,18:20:00,4666.375,4668.365,4662.895,4663.805,0.2183
1774981500000,2026-03-31,18:25:00,4663.935,4666.575,4659.605,4664.145,0.2422
1774981800000,2026-03-31,18:30:00,4664.265,4666.445,4661.215,4661.335,0.2041
1774982100000,2026-03-31,18:35:00,4661.315,4670.715,4659.775,4670.025,0.1927
1774982400000,2026-03-31,18:40:00,4669.975,4670.205,4663.925,4667.265,0.1688
1774982700000,2026-03-31,18:45:00,4667.315,4670.195,4663.385,4665.205,0.1665
1774983000000,2026-03-31,18:50:00,4665.175,4669.475,4664.968,4668.465,0.1417
1774983300000,2026-03-31,18:55:00,4668.285,4670.305,4666.435,4667.185,0.1425
1774983600000,2026-03-31,19:00:00,4667.075,4675.935,4667.035,4670.265,0.1946
1774983900000,2026-03-31,19:05:00,4670.285,4672.515,4661.575,4662.305,0.2178
1774984200000,2026-03-31,19:10:00,4661.635,4671.705,4661.635,4670.945,0.1665
1774984500000,2026-03-31,19:15:00,4671.415,4675.035,4668.365,4672.495,0.156
1774984800000,2026-03-31,19:20:00,4672.515,4680.855,4672.515,4675.005,0.1858
1774985100000,2026-03-31,19:25:00,4675.115,4676.745,4670.905,4672.498,0.2063
1774985400000,2026-03-31,19:30:00,4672.555,4678.975,4672.085,4676.725,0.2062
1774985700000,2026-03-31,19:35:00,4676.705,4682.525,4676.575,4682.395,0.1744
1774986000000,2026-03-31,19:40:00,4682.325,4683.235,4676.235,4680.775,0.2135
1774986300000,2026-03-31,19:45:00,4680.735,4684.085,4679.795,4682.998,0.1982
1774986600000,2026-03-31,19:50:00,4682.998,4685.298,4679.285,4684.185,0.3217
1774986900000,2026-03-31,19:55:00,4684.125,4685.325,4680.388,4682.465,0.3115
1774987200000,2026-03-31,20:00:00,4682.685,4686.935,4679.085,4681.045,0.1699
1774987500000,2026-03-31,20:05:00,4681.075,4683.275,4676.685,4677.165,0.098
1774987800000,2026-03-31,20:10:00,4677.165,4680.235,4676.255,4678.955,0.1075
1774988100000,2026-03-31,20:15:00,4678.935,4681.745,4676.365,4676.965,0.0503
1774988400000,2026-03-31,20:20:00,4676.885,4677.915,4672.155,4672.465,0.0679
1774988700000,2026-03-31,20:25:00,4672.445,4673.585,4668.835,4669.365,0.0751
1774989000000,2026-03-31,20:30:00,4669.215,4675.285,4668.915,4675.145,0.0587
1774989300000,2026-03-31,20:35:00,4675.025,4675.135,4666.795,4670.485,0.0667
1774989600000,2026-03-31,20:40:00,4669.675,4673.015,4667.425,4667.805,0.0525
1774989900000,2026-03-31,20:45:00,4667.625,4669.975,4666.225,4667.905,0.0524
1774990200000,2026-03-31,20:50:00,4667.825,4668.665,4665.075,4665.215,0.0682
1774990500000,2026-03-31,20:55:00,4665.265,4668.945,4664.445,4668.115,0.0805
1774994400000,2026-03-31,22:00:00,4669.735,4681.875,4669.735,4674.185,0.1046
1774994700000,2026-03-31,22:05:00,4674.115,4677.455,4664.215,4669.355,0.0875
1774995000000,2026-03-31,22:10:00,4669.205,4673.548,4662.575,4669.055,0.1151
1774995300000,2026-03-31,22:15:00,4669.035,4673.315,4665.785,4666.635,0.0845
1774995600000,2026-03-31,22:20:00,4666.615,4681.278,4662.805,4680.935,0.1013
1774995900000,2026-03-31,22:25:00,4680.855,4686.178,4670.585,4674.285,0.1205
1774996200000,2026-03-31,22:30:00,4674.255,4676.035,4670.845,4672.655,0.0515
1774996500000,2026-03-31,22:35:00,4672.675,4695.005,4671.645,4694.405,0.1443
1774996800000,2026-03-31,22:40:00,4693.235,4696.185,4683.275,4684.285,0.1539
1774997100000,2026-03-31,22:45:00,4684.165,4686.725,4661.625,4670.945,0.1499
1774997400000,2026-03-31,22:50:00,4670.885,4678.765,4667.915,4671.305,0.0953
1774997700000,2026-03-31,22:55:00,4671.305,4683.348,4664.555,4680.148,0.2802
1774998000000,2026-03-31,23:00:00,4680.578,4681.748,4675.098,4676.188,0.3316
1774998300000,2026-03-31,23:05:00,4676.248,4677.148,4673.388,4674.008,0.2309
1774998600000,2026-03-31,23:10:00,4674.348,4680.375,4672.335,4675.925,0.0756
1774998900000,2026-03-31,23:15:00,4675.895,4679.745,4673.345,4673.345,0.0666
1774999200000,2026-03-31,23:20:00,4673.395,4677.275,4671.615,4676.975,0.0755
1774999500000,2026-03-31,23:25:00,4676.935,4684.235,4676.815,4682.075,0.0739
1774999800000,2026-03-31,23:30:00,4682.035,4688.235,4681.585,4686.975,0.0884
1775000100000,2026-03-31,23:35:00,4687.025,4692.135,4686.445,4691.865,0.075
1775000400000,2026-03-31,23:40:00,4691.845,4694.835,4688.895,4690.615,0.0891
1775000700000,2026-03-31,23:45:00,4690.585,4692.885,4687.905,4688.805,0.0909
1775001000000,2026-03-31,23:50:00,4688.835,4692.585,4688.825,4691.235,0.1009
1775001300000,2026-03-31,23:55:00,4691.275,4699.825,4691.235,4696.065,0.1748
