timestamp,date,time,open,high,low,close,volume
1777593600000,2026-05-01,00:00:00,4626.305,4628.565,4623.035,4627.595,0.1294
1777593900000,2026-05-01,00:05:00,4627.545,4630.915,4625.235,4626.705,0.1041
1777594200000,2026-05-01,00:10:00,4626.725,4627.495,4620.615,4622.215,0.1129
1777594500000,2026-05-01,00:15:00,4622.185,4627.315,4620.795,4625.905,0.1059
1777594800000,2026-05-01,00:20:00,4625.885,4628.305,4623.205,4623.205,0.0863
1777595100000,2026-05-01,00:25:00,4623.165,4625.295,4622.908,4623.385,0.0938
1777595400000,2026-05-01,00:30:00,4623.418,4624.685,4621.055,4621.425,0.0899
1777595700000,2026-05-01,00:35:00,4621.395,4622.055,4618.335,4620.955,0.0868
1777596000000,2026-05-01,00:40:00,4620.915,4621.835,4618.715,4620.585,0.0563
1777596300000,2026-05-01,00:45:00,4620.605,4623.255,4620.435,4622.045,0.0747
1777596600000,2026-05-01,00:50:00,4622.015,4624.105,4620.725,4624.105,0.0689
1777596900000,2026-05-01,00:55:00,4624.195,4624.975,4619.425,4619.545,0.1505
1777597200000,2026-05-01,01:00:00,4619.575,4620.785,4616.715,4617.355,0.1285
1777597500000,2026-05-01,01:05:00,4617.285,4619.485,4615.935,4617.795,0.0711
1777597800000,2026-05-01,01:10:00,4617.825,4619.255,4615.385,4618.305,0.0814
1777598100000,2026-05-01,01:15:00,4618.235,4618.865,4614.255,4614.355,0.0789
1777598400000,2026-05-01,01:20:00,4614.325,4616.465,4613.735,4614.835,0.0851
1777598700000,2026-05-01,01:25:00,4614.905,4616.515,4614.345,4616.165,0.0646
1777599000000,2026-05-01,01:30:00,4616.145,4620.705,4615.935,4619.285,0.092
1777599300000,2026-05-01,01:35:00,4619.255,4621.245,4618.895,4620.915,0.0638
1777599600000,2026-05-01,01:40:00,4620.895,4621.685,4618.815,4619.875,0.0616
1777599900000,2026-05-01,01:45:00,4619.905,4620.555,4618.785,4619.765,0.0566
1777600200000,2026-05-01,01:50:00,4619.685,4621.435,4618.585,4619.155,0.0603
1777600500000,2026-05-01,01:55:00,4619.085,4622.045,4618.625,4620.765,0.0606
1777600800000,2026-05-01,02:00:00,4620.725,4625.165,4619.585,4624.475,0.0631
1777601100000,2026-05-01,02:05:00,4624.505,4626.015,4623.215,4625.985,0.0958
1777601400000,2026-05-01,02:10:00,4625.955,4634.305,4625.955,4630.575,0.1137
1777601700000,2026-05-01,02:15:00,4630.635,4635.695,4630.048,4633.325,0.0938
1777602000000,2026-05-01,02:20:00,4633.375,4633.785,4628.575,4629.705,0.0845
1777602300000,2026-05-01,02:25:00,4629.745,4630.945,4628.118,4629.125,0.0539
1777602600000,2026-05-01,02:30:00,4629.105,4630.825,4628.335,4628.515,0.0645
1777602900000,2026-05-01,02:35:00,4628.545,4630.318,4627.685,4628.085,0.0594
1777603200000,2026-05-01,02:40:00,4628.045,4628.525,4623.585,4624.055,0.072
1777603500000,2026-05-01,02:45:00,4624.035,4624.285,4619.085,4620.595,0.0825
1777603800000,2026-05-01,02:50:00,4620.535,4620.635,4617.918,4619.685,0.0935
1777604100000,2026-05-01,02:55:00,4619.735,4619.735,4616.235,4618.875,0.0662
1777604400000,2026-05-01,03:00:00,4618.845,4620.325,4617.535,4618.365,0.0708
1777604700000,2026-05-01,03:05:00,4618.335,4619.485,4617.445,4618.815,0.0403
1777605000000,2026-05-01,03:10:00,4618.785,4621.085,4618.705,4620.465,0.057
1777605300000,2026-05-01,03:15:00,4620.305,4622.375,4620.258,4620.258,0.0729
1777605600000,2026-05-01,03:20:00,4620.258,4624.205,4620.248,4623.295,0.06
1777605900000,2026-05-01,03:25:00,4623.345,4626.535,4622.875,4625.975,0.0476
1777606200000,2026-05-01,03:30:00,4626.065,4630.205,4626.065,4630.055,0.0974
1777606500000,2026-05-01,03:35:00,4630.035,4631.705,4629.415,4630.085,0.0729
1777606800000,2026-05-01,03:40:00,4630.005,4630.175,4625.135,4625.935,0.1003
1777607100000,2026-05-01,03:45:00,4625.915,4627.598,4625.558,4626.365,0.0605
1777607400000,2026-05-01,03:50:00,4626.275,4627.745,4625.435,4625.495,0.0416
1777607700000,2026-05-01,03:55:00,4625.415,4627.815,4625.415,4626.415,0.0547
1777608000000,2026-05-01,04:00:00,4626.435,4628.438,4623.865,4624.455,0.0833
1777608300000,2026-05-01,04:05:00,4624.555,4626.265,4619.615,4620.715,0.0869
1777608600000,2026-05-01,04:10:00,4620.665,4623.105,4619.895,4621.485,0.0627
1777608900000,2026-05-01,04:15:00,4621.455,4623.005,4620.925,4622.895,0.0419
1777609200000,2026-05-01,04:20:00,4622.775,4623.195,4620.645,4621.245,0.04
1777609500000,2026-05-01,04:25:00,4621.335,4621.775,4616.865,4617.235,0.0886
1777609800000,2026-05-01,04:30:00,4617.215,4617.775,4612.005,4613.905,0.1015
1777610100000,2026-05-01,04:35:00,4613.875,4617.145,4613.535,4615.645,0.0787
1777610400000,2026-05-01,04:40:00,4615.685,4615.815,4611.905,4613.245,0.0618
1777610700000,2026-05-01,04:45:00,4613.185,4614.285,4610.295,4610.555,0.0622
1777611000000,2026-05-01,04:50:00,4610.585,4610.635,4609.065,4609.965,0.0559
1777611300000,2026-05-01,04:55:00,4610.035,4611.335,4608.865,4608.865,0.0517
1777611600000,2026-05-01,05:00:00,4608.885,4609.395,4607.235,4608.775,0.0747
1777611900000,2026-05-01,05:05:00,4608.795,4613.845,4608.685,4612.415,0.0758
1777612200000,2026-05-01,05:10:00,4612.485,4614.525,4612.485,4614.025,0.0513
1777612500000,2026-05-01,05:15:00,4614.045,4614.415,4611.405,4613.695,0.0489
1777612800000,2026-05-01,05:20:00,4613.725,4615.035,4613.595,4614.295,0.0462
1777613100000,2026-05-01,05:25:00,4614.315,4615.875,4612.235,4614.355,0.0457
1777613400000,2026-05-01,05:30:00,4614.375,4615.055,4612.405,4614.585,0.0573
1777613700000,2026-05-01,05:35:00,4614.535,4614.605,4609.105,4610.525,0.0729
1777614000000,2026-05-01,05:40:00,4610.565,4611.575,4609.285,4609.635,0.0637
1777614300000,2026-05-01,05:45:00,4609.615,4613.285,4607.025,4611.695,0.0689
1777614600000,2026-05-01,05:50:00,4611.665,4611.848,4608.085,4608.185,0.0517
1777614900000,2026-05-01,05:55:00,4607.975,4607.995,4602.675,4604.635,0.1131
1777615200000,2026-05-01,06:00:00,4604.655,4607.615,4603.655,4604.985,0.1162
1777615500000,2026-05-01,06:05:00,4605.025,4606.965,4601.335,4602.815,0.1038
1777615800000,2026-05-01,06:10:00,4602.835,4603.365,4600.835,4601.275,0.0661
1777616100000,2026-05-01,06:15:00,4601.295,4601.835,4595.755,4596.575,0.0809
1777616400000,2026-05-01,06:20:00,4596.625,4599.165,4595.248,4598.418,0.1059
1777616700000,2026-05-01,06:25:00,4598.378,4598.645,4592.848,4593.245,0.1029
1777617000000,2026-05-01,06:30:00,4593.505,4595.395,4591.845,4594.755,0.0785
1777617300000,2026-05-01,06:35:00,4594.805,4597.445,4590.965,4592.205,0.0936
1777617600000,2026-05-01,06:40:00,4592.235,4593.535,4590.518,4593.158,0.0887
1777617900000,2026-05-01,06:45:00,4593.158,4595.745,4591.758,4592.005,0.2244
1777618200000,2026-05-01,06:50:00,4592.025,4594.158,4590.898,4592.045,0.1436
1777618500000,2026-05-01,06:55:00,4592.295,4594.965,4591.645,4594.555,0.1261
1777618800000,2026-05-01,07:00:00,4594.455,4596.085,4592.375,4592.505,0.1468
1777619100000,2026-05-01,07:05:00,4592.525,4596.085,4589.755,4592.875,0.197
1777619400000,2026-05-01,07:10:00,4592.905,4596.185,4592.395,4595.655,0.127
1777619700000,2026-05-01,07:15:00,4595.665,4597.805,4594.335,4595.645,0.1214
1777620000000,2026-05-01,07:20:00,4595.725,4596.355,4584.915,4590.935,0.1634
1777620300000,2026-05-01,07:25:00,4590.905,4592.915,4587.435,4592.095,0.1058
1777620600000,2026-05-01,07:30:00,4592.125,4592.365,4583.455,4585.505,0.1193
1777620900000,2026-05-01,07:35:00,4585.545,4589.805,4583.965,4584.605,0.1209
1777621200000,2026-05-01,07:40:00,4584.615,4586.925,4584.045,4585.115,0.0826
1777621500000,2026-05-01,07:45:00,4585.095,4585.685,4582.078,4583.255,0.1052
1777621800000,2026-05-01,07:50:00,4583.455,4584.565,4579.435,4579.485,0.1174
1777622100000,2026-05-01,07:55:00,4579.445,4580.955,4575.555,4577.885,0.1681
1777622400000,2026-05-01,08:00:00,4577.838,4582.115,4576.975,4581.415,0.1613
1777622700000,2026-05-01,08:05:00,4581.438,4582.225,4579.365,4579.455,0.138
1777623000000,2026-05-01,08:10:00,4579.475,4579.645,4573.135,4573.775,0.1367
1777623300000,2026-05-01,08:15:00,4573.795,4576.705,4570.815,4571.315,0.1212
1777623600000,2026-05-01,08:20:00,4571.535,4572.665,4567.975,4568.445,0.1292
1777623900000,2026-05-01,08:25:00,4568.295,4568.965,4566.225,4567.075,0.135
1777624200000,2026-05-01,08:30:00,4566.935,4571.745,4565.905,4571.685,0.1089
1777624500000,2026-05-01,08:35:00,4571.625,4571.925,4565.885,4570.235,0.1214
1777624800000,2026-05-01,08:40:00,4570.315,4571.285,4568.695,4570.975,0.0916
1777625100000,2026-05-01,08:45:00,4570.775,4572.495,4568.375,4571.085,0.1343
1777625400000,2026-05-01,08:50:00,4571.045,4571.045,4564.905,4568.025,0.1112
1777625700000,2026-05-01,08:55:00,4568.065,4569.475,4566.905,4568.725,0.0756
1777626000000,2026-05-01,09:00:00,4568.745,4568.985,4564.125,4565.515,0.1026
1777626300000,2026-05-01,09:05:00,4565.575,4567.385,4564.075,4566.155,0.0719
1777626600000,2026-05-01,09:10:00,4566.195,4567.465,4563.985,4565.455,0.0756
1777626900000,2026-05-01,09:15:00,4565.425,4567.965,4564.305,4567.945,0.0766
1777627200000,2026-05-01,09:20:00,4568.175,4570.975,4567.875,4569.745,0.0878
1777627500000,2026-05-01,09:25:00,4569.715,4570.945,4567.385,4569.115,0.0738
1777627800000,2026-05-01,09:30:00,4569.085,4571.815,4567.495,4571.365,0.1097
1777628100000,2026-05-01,09:35:00,4571.175,4572.745,4569.525,4571.615,0.0884
1777628400000,2026-05-01,09:40:00,4571.545,4572.315,4569.955,4570.175,0.0854
1777628700000,2026-05-01,09:45:00,4570.145,4570.575,4567.675,4568.945,0.0926
1777629000000,2026-05-01,09:50:00,4568.805,4570.015,4560.588,4560.755,0.1276
1777629300000,2026-05-01,09:55:00,4560.735,4563.805,4560.045,4562.555,0.1504
1777629600000,2026-05-01,10:00:00,4562.595,4564.195,4561.185,4563.275,0.0999
1777629900000,2026-05-01,10:05:00,4563.095,4567.795,4563.095,4566.465,0.0849
1777630200000,2026-05-01,10:10:00,4566.485,4567.605,4564.965,4566.495,0.0807
1777630500000,2026-05-01,10:15:00,4566.515,4568.825,4566.385,4568.825,0.0787
1777630800000,2026-05-01,10:20:00,4568.755,4571.835,4568.335,4571.385,0.087
1777631100000,2026-05-01,10:25:00,4571.275,4572.525,4570.645,4571.965,0.0859
1777631400000,2026-05-01,10:30:00,4571.955,4575.895,4570.585,4570.795,0.1207
1777631700000,2026-05-01,10:35:00,4570.955,4571.285,4567.225,4568.105,0.0872
1777632000000,2026-05-01,10:40:00,4568.115,4570.495,4567.465,4570.165,0.0881
1777632300000,2026-05-01,10:45:00,4570.145,4571.935,4568.725,4568.865,0.0766
1777632600000,2026-05-01,10:50:00,4568.795,4569.085,4566.295,4566.985,0.0818
1777632900000,2026-05-01,10:55:00,4566.945,4568.645,4565.885,4566.695,0.0938
1777633200000,2026-05-01,11:00:00,4566.715,4567.775,4563.665,4567.075,0.1361
1777633500000,2026-05-01,11:05:00,4567.055,4568.745,4564.905,4566.965,0.0941
1777633800000,2026-05-01,11:10:00,4566.895,4566.925,4562.325,4565.615,0.109
1777634100000,2026-05-01,11:15:00,4565.355,4571.575,4564.445,4571.575,0.1208
1777634400000,2026-05-01,11:20:00,4571.575,4574.025,4571.575,4573.065,0.1413
1777634700000,2026-05-01,11:25:00,4573.045,4576.305,4571.435,4571.655,0.1309
1777635000000,2026-05-01,11:30:00,4571.635,4575.205,4570.105,4574.825,0.1468
1777635300000,2026-05-01,11:35:00,4574.835,4576.925,4573.945,4575.745,0.1279
1777635600000,2026-05-01,11:40:00,4575.845,4577.598,4574.965,4575.475,0.1012
1777635900000,2026-05-01,11:45:00,4575.505,4575.795,4572.935,4574.155,0.1038
1777636200000,2026-05-01,11:50:00,4574.095,4578.115,4572.605,4577.785,0.1173
1777636500000,2026-05-01,11:55:00,4577.795,4579.455,4576.665,4578.525,0.123
1777636800000,2026-05-01,12:00:00,4578.465,4578.605,4574.835,4577.835,0.1673
1777637100000,2026-05-01,12:05:00,4577.835,4579.615,4575.855,4576.425,0.1505
1777637400000,2026-05-01,12:10:00,4576.395,4590.265,4574.765,4584.435,0.2232
1777637700000,2026-05-01,12:15:00,4584.385,4589.845,4582.605,4588.295,0.2872
1777638000000,2026-05-01,12:20:00,4588.395,4597.855,4587.385,4597.265,0.2854
1777638300000,2026-05-01,12:25:00,4597.235,4607.655,4597.235,4602.755,0.3106
1777638600000,2026-05-01,12:30:00,4602.855,4603.165,4596.085,4597.565,0.2312
1777638900000,2026-05-01,12:35:00,4597.545,4601.365,4595.525,4597.735,0.178
1777639200000,2026-05-01,12:40:00,4597.765,4599.955,4588.815,4591.685,0.24
1777639500000,2026-05-01,12:45:00,4591.715,4595.385,4590.695,4592.455,0.2245
1777639800000,2026-05-01,12:50:00,4592.505,4595.085,4592.095,4592.905,0.1474
1777640100000,2026-05-01,12:55:00,4592.935,4593.425,4589.495,4591.065,0.173
1777640400000,2026-05-01,13:00:00,4591.045,4595.885,4589.605,4592.395,0.216
1777640700000,2026-05-01,13:05:00,4592.395,4596.375,4591.635,4595.925,0.1674
1777641000000,2026-05-01,13:10:00,4595.875,4597.065,4589.775,4591.115,0.1634
1777641300000,2026-05-01,13:15:00,4591.055,4592.405,4587.335,4591.095,0.2162
1777641600000,2026-05-01,13:20:00,4591.115,4592.725,4590.065,4592.515,0.1994
1777641900000,2026-05-01,13:25:00,4592.485,4593.075,4586.315,4589.085,0.2911
1777642200000,2026-05-01,13:30:00,4589.025,4601.415,4586.405,4598.475,0.4157
1777642500000,2026-05-01,13:35:00,4598.475,4605.275,4598.455,4602.545,0.3354
1777642800000,2026-05-01,13:40:00,4602.545,4608.735,4602.465,4607.605,0.2986
1777643100000,2026-05-01,13:45:00,4607.605,4609.065,4598.525,4601.175,0.3191
1777643400000,2026-05-01,13:50:00,4601.165,4620.555,4599.255,4616.595,0.4593
1777643700000,2026-05-01,13:55:00,4616.585,4628.465,4616.235,4623.9,0.3489
1777644000000,2026-05-01,14:00:00,4624.875,4641.665,4624.095,4634.455,0.3361
1777644300000,2026-05-01,14:05:00,4634.505,4640.215,4632.475,4634.435,0.3673
1777644600000,2026-05-01,14:10:00,4634.415,4659.925,4634.325,4656.015,0.4049
1777644900000,2026-05-01,14:15:00,4655.925,4660.065,4648.958,4654.385,0.3894
1777645200000,2026-05-01,14:20:00,4654.395,4657.925,4648.965,4649.275,0.3667
1777645500000,2026-05-01,14:25:00,4649.215,4651.355,4643.635,4644.335,0.3632
1777645800000,2026-05-01,14:30:00,4644.355,4646.145,4639.365,4643.045,0.3748
1777646100000,2026-05-01,14:35:00,4643.005,4643.175,4635.655,4638.405,0.3907
1777646400000,2026-05-01,14:40:00,4638.675,4639.545,4630.305,4632.965,0.4611
1777646700000,2026-05-01,14:45:00,4632.985,4634.935,4628.885,4630.725,0.337
1777647000000,2026-05-01,14:50:00,4630.805,4633.865,4627.095,4630.695,0.3024
1777647300000,2026-05-01,14:55:00,4630.665,4635.225,4629.855,4631.925,0.2693
1777647600000,2026-05-01,15:00:00,4631.965,4633.245,4624.565,4626.395,0.3009
1777647900000,2026-05-01,15:05:00,4626.545,4627.965,4618.785,4626.355,0.3663
1777648200000,2026-05-01,15:10:00,4626.535,4636.535,4623.635,4636.535,0.3205
1777648500000,2026-05-01,15:15:00,4636.445,4640.195,4635.155,4639.215,0.3083
1777648800000,2026-05-01,15:20:00,4639.185,4640.505,4634.735,4635.765,0.2451
1777649100000,2026-05-01,15:25:00,4635.735,4636.905,4633.935,4636.065,0.2329
1777649400000,2026-05-01,15:30:00,4636.115,4641.095,4636.115,4637.815,0.2934
1777649700000,2026-05-01,15:35:00,4637.895,4642.615,4635.305,4640.935,0.2454
1777650000000,2026-05-01,15:40:00,4640.955,4644.535,4640.505,4643.445,0.2057
1777650300000,2026-05-01,15:45:00,4643.485,4647.905,4643.075,4644.215,0.2052
1777650600000,2026-05-01,15:50:00,4644.235,4646.655,4632.768,4645.545,0.3335
1777650900000,2026-05-01,15:55:00,4645.605,4646.085,4642.225,4643.055,0.2633
1777651200000,2026-05-01,16:00:00,4642.985,4645.315,4641.325,4643.705,0.2295
1777651500000,2026-05-01,16:05:00,4643.665,4645.205,4639.085,4639.085,0.2478
1777651800000,2026-05-01,16:10:00,4639.055,4643.565,4637.945,4642.615,0.2148
1777652100000,2026-05-01,16:15:00,4642.565,4649.795,4642.565,4646.895,0.215
1777652400000,2026-05-01,16:20:00,4646.895,4649.645,4638.948,4643.415,0.2529
1777652700000,2026-05-01,16:25:00,4643.395,4643.425,4637.625,4637.705,0.376
1777653000000,2026-05-01,16:30:00,4637.755,4640.295,4634.705,4636.925,0.3418
1777653300000,2026-05-01,16:35:00,4636.885,4640.515,4633.825,4640.315,0.2714
1777653600000,2026-05-01,16:40:00,4640.185,4641.098,4637.335,4638.745,0.2388
1777653900000,2026-05-01,16:45:00,4638.548,4640.085,4636.885,4640.065,0.2171
1777654200000,2026-05-01,16:50:00,4639.758,4642.665,4636.415,4640.895,0.2092
1777654500000,2026-05-01,16:55:00,4640.895,4642.575,4638.285,4638.605,0.1422
1777654800000,2026-05-01,17:00:00,4638.575,4642.415,4638.295,4638.465,0.2048
1777655100000,2026-05-01,17:05:00,4638.465,4640.085,4637.345,4638.755,0.1543
1777655400000,2026-05-01,17:10:00,4638.755,4639.795,4637.935,4639.705,0.1065
1777655700000,2026-05-01,17:15:00,4639.685,4639.998,4636.635,4638.335,0.1426
1777656000000,2026-05-01,17:20:00,4638.315,4638.755,4634.155,4634.935,0.1682
1777656300000,2026-05-01,17:25:00,4634.945,4636.435,4630.755,4631.535,0.1722
1777656600000,2026-05-01,17:30:00,4631.495,4631.995,4628.405,4629.985,0.1576
1777656900000,2026-05-01,17:35:00,4630.225,4630.635,4627.865,4630.615,0.1546
1777657200000,2026-05-01,17:40:00,4630.585,4631.765,4626.655,4627.915,0.1594
1777657500000,2026-05-01,17:45:00,4627.965,4629.435,4627.085,4627.135,0.1468
1777657800000,2026-05-01,17:50:00,4627.165,4634.765,4627.055,4629.845,0.209
1777658100000,2026-05-01,17:55:00,4629.845,4631.175,4628.455,4629.195,0.159
1777658400000,2026-05-01,18:00:00,4629.245,4630.465,4623.155,4624.355,0.2265
1777658700000,2026-05-01,18:05:00,4624.315,4625.485,4622.255,4624.185,0.2394
1777659000000,2026-05-01,18:10:00,4624.215,4624.345,4615.445,4615.615,0.2012
1777659300000,2026-05-01,18:15:00,4615.625,4618.875,4613.535,4618.455,0.2394
1777659600000,2026-05-01,18:20:00,4618.435,4622.345,4618.435,4622.145,0.2067
1777659900000,2026-05-01,18:25:00,4622.155,4623.485,4618.755,4623.035,0.1999
1777660200000,2026-05-01,18:30:00,4622.875,4624.185,4617.365,4617.365,0.2689
1777660500000,2026-05-01,18:35:00,4617.375,4618.645,4616.035,4617.425,0.2049
1777660800000,2026-05-01,18:40:00,4617.445,4622.295,4617.085,4622.155,0.1742
1777661100000,2026-05-01,18:45:00,4622.155,4624.115,4619.825,4623.915,0.1636
1777661400000,2026-05-01,18:50:00,4624.135,4625.765,4623.375,4623.975,0.1646
1777661700000,2026-05-01,18:55:00,4624.015,4624.625,4622.915,4624.095,0.1775
1777662000000,2026-05-01,19:00:00,4624.275,4624.815,4620.395,4620.845,0.1792
1777662300000,2026-05-01,19:05:00,4620.795,4622.995,4620.665,4622.625,0.1325
1777662600000,2026-05-01,19:10:00,4622.625,4626.485,4621.725,4626.085,0.1233
1777662900000,2026-05-01,19:15:00,4626.105,4627.265,4625.795,4627.035,0.1306
1777663200000,2026-05-01,19:20:00,4627.035,4627.375,4625.405,4626.425,0.1148
1777663500000,2026-05-01,19:25:00,4626.315,4627.525,4624.195,4624.225,0.0994
1777663800000,2026-05-01,19:30:00,4624.415,4624.535,4616.685,4618.025,0.145
1777664100000,2026-05-01,19:35:00,4618.055,4618.765,4614.795,4616.905,0.1888
1777664400000,2026-05-01,19:40:00,4616.915,4617.045,4611.095,4611.605,0.2163
1777664700000,2026-05-01,19:45:00,4611.575,4614.255,4610.775,4614.205,0.1761
1777665000000,2026-05-01,19:50:00,4614.465,4615.038,4608.625,4610.635,0.1481
1777665300000,2026-05-01,19:55:00,4610.605,4612.165,4608.745,4610.615,0.1871
1777665600000,2026-05-01,20:00:00,4610.735,4612.475,4607.365,4609.145,0.1008
1777665900000,2026-05-01,20:05:00,4608.985,4610.105,4606.805,4610.055,0.1392
1777666200000,2026-05-01,20:10:00,4610.065,4611.555,4608.765,4611.025,0.067
1777666500000,2026-05-01,20:15:00,4611.055,4611.465,4609.825,4609.975,0.0789
1777666800000,2026-05-01,20:20:00,4609.995,4611.905,4609.565,4611.138,0.0561
1777667100000,2026-05-01,20:25:00,4611.135,4615.825,4610.975,4612.938,0.0949
1777667400000,2026-05-01,20:30:00,4613.105,4614.675,4611.978,4613.985,0.0686
1777667700000,2026-05-01,20:35:00,4614.215,4614.215,4609.775,4611.538,0.0873
1777668000000,2026-05-01,20:40:00,4611.638,4614.238,4610.578,4613.358,0.0987
1777668300000,2026-05-01,20:45:00,4613.358,4614.078,4612.098,4612.698,0.0839
1777668600000,2026-05-01,20:50:00,4612.698,4616.635,4612.638,4615.835,0.1049
1777668900000,2026-05-01,20:55:00,4615.558,4615.835,4611.995,4613.558,0.0981
1777845600000,2026-05-03,22:00:00,4632.938,4637.355,4615.848,4625.365,0.172
1777845900000,2026-05-03,22:05:00,4625.315,4626.765,4620.805,4621.605,0.0965
1777846200000,2026-05-03,22:10:00,4621.625,4623.465,4618.845,4622.825,0.1032
1777846500000,2026-05-03,22:15:00,4622.755,4623.025,4617.045,4621.675,0.0796
1777846800000,2026-05-03,22:20:00,4621.615,4621.615,4612.195,4617.005,0.0907
1777847100000,2026-05-03,22:25:00,4616.935,4622.495,4616.735,4620.625,0.0569
1777847400000,2026-05-03,22:30:00,4620.585,4623.745,4619.525,4623.295,0.053
1777847700000,2026-05-03,22:35:00,4623.215,4626.735,4622.605,4625.185,0.0609
1777848000000,2026-05-03,22:40:00,4625.295,4629.285,4625.295,4627.895,0.0591
1777848300000,2026-05-03,22:45:00,4627.935,4628.875,4625.455,4626.145,0.0542
1777848600000,2026-05-03,22:50:00,4626.095,4627.335,4619.375,4619.455,0.0767
1777848900000,2026-05-03,22:55:00,4619.515,4621.415,4617.748,4618.228,0.1648
1777849200000,2026-05-03,23:00:00,4618.188,4620.458,4614.688,4618.858,0.1745
1777849500000,2026-05-03,23:05:00,4618.858,4619.558,4612.948,4614.958,0.1121
1777849800000,2026-05-03,23:10:00,4614.958,4615.685,4611.105,4614.915,0.0716
1777850100000,2026-05-03,23:15:00,4614.925,4616.715,4612.875,4615.995,0.0573
1777850400000,2026-05-03,23:20:00,4615.955,4616.035,4613.675,4615.515,0.0465
1777850700000,2026-05-03,23:25:00,4615.485,4617.465,4614.465,4616.805,0.0395
1777851000000,2026-05-03,23:30:00,4616.755,4618.145,4615.075,4617.275,0.0433
1777851300000,2026-05-03,23:35:00,4617.295,4618.155,4614.415,4614.535,0.06
1777851600000,2026-05-03,23:40:00,4614.565,4614.775,4612.625,4613.395,0.0631
1777851900000,2026-05-03,23:45:00,4613.305,4615.955,4611.295,4614.055,0.0784
1777852200000,2026-05-03,23:50:00,4613.985,4616.475,4612.855,4615.935,0.0537
1777852500000,2026-05-03,23:55:00,4615.745,4616.815,4611.915,4613.605,0.0751
1777852800000,2026-05-04,00:00:00,4613.578,4613.578,4604.155,4608.205,0.1609
1777853100000,2026-05-04,00:05:00,4608.255,4616.205,4606.575,4615.025,0.1317
1777853400000,2026-05-04,00:10:00,4615.205,4615.615,4609.705,4611.875,0.1213
1777853700000,2026-05-04,00:15:00,4611.945,4614.495,4604.665,4607.515,0.1224
1777854000000,2026-05-04,00:20:00,4607.925,4609.245,4601.755,4604.255,0.1336
1777854300000,2026-05-04,00:25:00,4604.305,4606.225,4601.665,4605.785,0.1105
1777854600000,2026-05-04,00:30:00,4605.965,4609.875,4604.805,4608.175,0.1025
1777854900000,2026-05-04,00:35:00,4608.195,4609.675,4605.205,4606.365,0.0901
1777855200000,2026-05-04,00:40:00,4606.275,4608.805,4605.585,4605.585,0.0744
1777855500000,2026-05-04,00:45:00,4605.725,4610.195,4604.515,4609.205,0.1012
1777855800000,2026-05-04,00:50:00,4609.255,4609.675,4606.695,4609.215,0.0913
1777856100000,2026-05-04,00:55:00,4609.245,4613.295,4609.075,4612.735,0.1084
1777856400000,2026-05-04,01:00:00,4612.715,4613.735,4600.275,4601.045,0.1395
1777856700000,2026-05-04,01:05:00,4601.045,4603.275,4597.375,4598.915,0.1434
1777857000000,2026-05-04,01:10:00,4598.895,4601.615,4595.765,4600.325,0.117
1777857300000,2026-05-04,01:15:00,4600.295,4604.185,4598.405,4598.885,0.1459
1777857600000,2026-05-04,01:20:00,4598.945,4600.065,4597.075,4597.885,0.0887
1777857900000,2026-05-04,01:25:00,4598.125,4598.185,4594.045,4594.465,0.1064
1777858200000,2026-05-04,01:30:00,4594.375,4599.385,4592.425,4598.985,0.1262
1777858500000,2026-05-04,01:35:00,4598.965,4600.205,4597.925,4600.005,0.0882
1777858800000,2026-05-04,01:40:00,4600.025,4601.485,4598.975,4601.385,0.1017
1777859100000,2026-05-04,01:45:00,4601.405,4603.315,4600.805,4600.955,0.0975
1777859400000,2026-05-04,01:50:00,4600.995,4606.515,4600.855,4605.995,0.0816
1777859700000,2026-05-04,01:55:00,4606.015,4613.595,4605.625,4612.795,0.1002
1777860000000,2026-05-04,02:00:00,4612.825,4618.365,4611.795,4612.935,0.1295
1777860300000,2026-05-04,02:05:00,4612.885,4613.175,4607.445,4608.565,0.107
1777860600000,2026-05-04,02:10:00,4608.595,4609.985,4603.285,4608.065,0.1272
1777860900000,2026-05-04,02:15:00,4607.965,4607.965,4602.225,4604.895,0.1348
1777861200000,2026-05-04,02:20:00,4604.955,4605.055,4597.155,4598.095,0.1287
1777861500000,2026-05-04,02:25:00,4598.155,4598.835,4591.295,4592.835,0.1197
1777861800000,2026-05-04,02:30:00,4592.875,4595.845,4590.795,4595.295,0.1258
1777862100000,2026-05-04,02:35:00,4595.295,4601.365,4595.045,4600.395,0.0991
1777862400000,2026-05-04,02:40:00,4600.425,4603.765,4599.095,4603.655,0.0845
1777862700000,2026-05-04,02:45:00,4603.825,4604.965,4601.125,4604.405,0.1085
1777863000000,2026-05-04,02:50:00,4604.375,4610.155,4602.465,4609.275,0.1001
1777863300000,2026-05-04,02:55:00,4609.185,4610.875,4605.505,4605.575,0.1104
1777863600000,2026-05-04,03:00:00,4605.515,4607.115,4604.165,4605.005,0.0955
1777863900000,2026-05-04,03:05:00,4605.105,4608.905,4604.875,4608.095,0.1092
1777864200000,2026-05-04,03:10:00,4608.175,4611.545,4605.855,4609.785,0.0974
1777864500000,2026-05-04,03:15:00,4609.835,4610.515,4607.925,4608.665,0.0819
1777864800000,2026-05-04,03:20:00,4608.695,4610.115,4608.135,4609.775,0.0664
1777865100000,2026-05-04,03:25:00,4609.755,4610.655,4607.985,4609.615,0.0672
1777865400000,2026-05-04,03:30:00,4609.445,4610.955,4607.315,4607.855,0.0985
1777865700000,2026-05-04,03:35:00,4607.785,4607.865,4601.125,4601.155,0.0942
1777866000000,2026-05-04,03:40:00,4601.585,4604.925,4598.265,4604.805,0.1068
1777866300000,2026-05-04,03:45:00,4605.245,4612.565,4605.165,4609.955,0.2137
1777866600000,2026-05-04,03:50:00,4610.005,4613.945,4609.085,4613.045,0.1643
1777866900000,2026-05-04,03:55:00,4613.045,4616.925,4612.045,4614.835,0.1198
1777867200000,2026-05-04,04:00:00,4614.795,4615.275,4607.445,4610.075,0.1122
1777867500000,2026-05-04,04:05:00,4610.055,4612.015,4609.095,4610.585,0.1139
1777867800000,2026-05-04,04:10:00,4610.535,4611.995,4609.885,4611.025,0.0699
1777868100000,2026-05-04,04:15:00,4611.025,4613.005,4609.925,4611.065,0.0685
1777868400000,2026-05-04,04:20:00,4610.805,4611.595,4607.845,4609.245,0.0932
1777868700000,2026-05-04,04:25:00,4609.215,4610.505,4606.865,4607.815,0.0782
1777869000000,2026-05-04,04:30:00,4607.835,4612.165,4607.195,4610.765,0.1001
1777869300000,2026-05-04,04:35:00,4610.805,4612.735,4609.858,4610.045,0.0796
1777869600000,2026-05-04,04:40:00,4610.085,4610.955,4606.865,4608.955,0.0641
1777869900000,2026-05-04,04:45:00,4609.025,4609.425,4607.108,4607.528,0.047
1777870200000,2026-05-04,04:50:00,4607.528,4610.325,4607.055,4607.345,0.0522
1777870500000,2026-05-04,04:55:00,4607.325,4607.335,4604.915,4605.605,0.0935
1777870800000,2026-05-04,05:00:00,4605.665,4606.225,4603.175,4604.015,0.0882
1777871100000,2026-05-04,05:05:00,4603.985,4606.515,4603.265,4605.915,0.0693
1777871400000,2026-05-04,05:10:00,4606.005,4606.605,4601.635,4603.545,0.1067
1777871700000,2026-05-04,05:15:00,4603.555,4612.895,4600.625,4610.775,0.1493
1777872000000,2026-05-04,05:20:00,4610.825,4612.435,4604.015,4604.365,0.1492
1777872300000,2026-05-04,05:25:00,4604.148,4604.995,4595.415,4596.415,0.1593
1777872600000,2026-05-04,05:30:00,4596.465,4598.735,4592.075,4595.355,0.1398
1777872900000,2026-05-04,05:35:00,4595.335,4596.615,4592.798,4595.885,0.134
1777873200000,2026-05-04,05:40:00,4595.855,4598.775,4592.845,4598.655,0.2218
1777873500000,2026-05-04,05:45:00,4598.685,4601.565,4596.785,4597.305,0.0849
1777873800000,2026-05-04,05:50:00,4596.875,4598.585,4594.135,4598.105,0.0945
1777874100000,2026-05-04,05:55:00,4597.905,4601.355,4596.785,4598.835,0.1291
1777874400000,2026-05-04,06:00:00,4598.865,4600.565,4591.265,4593.915,0.1663
1777874700000,2026-05-04,06:05:00,4593.895,4598.365,4587.515,4596.815,0.1554
1777875000000,2026-05-04,06:10:00,4596.835,4598.495,4593.205,4597.285,0.1226
1777875300000,2026-05-04,06:15:00,4597.335,4597.675,4591.135,4596.445,0.112
1777875600000,2026-05-04,06:20:00,4596.375,4596.375,4589.765,4592.245,0.1057
1777875900000,2026-05-04,06:25:00,4592.395,4594.115,4588.935,4593.825,0.0958
1777876200000,2026-05-04,06:30:00,4593.855,4595.425,4587.165,4589.795,0.1438
1777876500000,2026-05-04,06:35:00,4589.545,4591.535,4584.805,4586.545,0.1351
1777876800000,2026-05-04,06:40:00,4586.375,4588.005,4584.195,4585.235,0.1229
1777877100000,2026-05-04,06:45:00,4585.325,4589.815,4583.595,4589.815,0.1271
1777877400000,2026-05-04,06:50:00,4589.875,4592.265,4588.305,4588.715,0.1372
1777877700000,2026-05-04,06:55:00,4588.685,4590.755,4586.915,4588.485,0.1224
1777878000000,2026-05-04,07:00:00,4588.218,4591.245,4585.355,4587.775,0.1782
1777878300000,2026-05-04,07:05:00,4587.835,4591.545,4587.285,4590.815,0.1464
1777878600000,2026-05-04,07:10:00,4590.805,4593.215,4587.905,4591.925,0.1155
1777878900000,2026-05-04,07:15:00,4591.745,4592.525,4586.715,4588.145,0.1472
1777879200000,2026-05-04,07:20:00,4588.135,4590.885,4587.165,4587.755,0.1253
1777879500000,2026-05-04,07:25:00,4587.678,4588.985,4583.165,4585.805,0.128
1777879800000,2026-05-04,07:30:00,4585.845,4586.925,4582.755,4585.805,0.155
1777880100000,2026-05-04,07:35:00,4585.785,4587.865,4582.545,4584.915,0.152
1777880400000,2026-05-04,07:40:00,4584.915,4587.865,4582.595,4587.865,0.1483
1777880700000,2026-05-04,07:45:00,4587.905,4590.725,4586.595,4587.375,0.1477
1777881000000,2026-05-04,07:50:00,4587.395,4587.445,4581.145,4581.975,0.1351
1777881300000,2026-05-04,07:55:00,4581.975,4582.895,4577.755,4578.835,0.1447
1777881600000,2026-05-04,08:00:00,4578.775,4581.015,4575.105,4575.285,0.1891
1777881900000,2026-05-04,08:05:00,4575.295,4578.535,4574.035,4578.535,0.184
1777882200000,2026-05-04,08:10:00,4578.505,4580.135,4576.795,4579.995,0.1642
1777882500000,2026-05-04,08:15:00,4580.025,4580.975,4574.285,4575.865,0.178
1777882800000,2026-05-04,08:20:00,4575.885,4578.515,4575.645,4576.905,0.1412
1777883100000,2026-05-04,08:25:00,4576.975,4579.035,4573.998,4574.805,0.1573
1777883400000,2026-05-04,08:30:00,4574.778,4578.155,4573.455,4577.325,0.1699
1777883700000,2026-05-04,08:35:00,4577.375,4579.095,4575.515,4578.885,0.1221
1777884000000,2026-05-04,08:40:00,4578.915,4581.155,4577.825,4577.875,0.121
1777884300000,2026-05-04,08:45:00,4577.935,4578.695,4576.435,4577.225,0.1178
1777884600000,2026-05-04,08:50:00,4577.185,4579.335,4576.305,4577.455,0.0975
1777884900000,2026-05-04,08:55:00,4577.475,4579.495,4575.635,4576.845,0.1128
1777885200000,2026-05-04,09:00:00,4576.805,4580.595,4576.005,4580.595,0.1446
1777885500000,2026-05-04,09:05:00,4580.595,4581.355,4579.325,4579.935,0.1153
1777885800000,2026-05-04,09:10:00,4579.925,4584.135,4578.995,4583.865,0.1103
1777886100000,2026-05-04,09:15:00,4583.865,4584.375,4580.975,4582.405,0.132
1777886400000,2026-05-04,09:20:00,4582.465,4583.245,4580.535,4580.565,0.1002
1777886700000,2026-05-04,09:25:00,4580.555,4582.055,4580.205,4581.175,0.072
1777887000000,2026-05-04,09:30:00,4581.205,4582.465,4580.275,4582.165,0.0994
1777887300000,2026-05-04,09:35:00,4582.165,4584.345,4582.165,4583.595,0.0725
1777887600000,2026-05-04,09:40:00,4583.615,4583.925,4580.795,4581.145,0.0804
1777887900000,2026-05-04,09:45:00,4581.145,4581.975,4579.125,4581.735,0.1079
1777888200000,2026-05-04,09:50:00,4581.655,4581.748,4577.525,4578.905,0.097
1777888500000,2026-05-04,09:55:00,4578.895,4579.265,4572.168,4575.255,0.1431
1777888800000,2026-05-04,10:00:00,4575.365,4575.695,4550.805,4560.225,0.3292
1777889100000,2026-05-04,10:05:00,4560.135,4560.135,4542.545,4547.085,0.4174
1777889400000,2026-05-04,10:10:00,4547.105,4548.795,4537.325,4541.795,0.398
1777889700000,2026-05-04,10:15:00,4541.745,4543.265,4534.158,4537.955,0.3646
1777890000000,2026-05-04,10:20:00,4537.965,4539.375,4525.855,4536.165,0.3472
1777890300000,2026-05-04,10:25:00,4536.305,4545.105,4536.295,4544.865,0.3007
1777890600000,2026-05-04,10:30:00,4544.905,4558.055,4542.935,4557.555,0.3288
1777890900000,2026-05-04,10:35:00,4557.505,4562.555,4555.565,4561.215,0.2901
1777891200000,2026-05-04,10:40:00,4561.215,4563.845,4557.805,4558.295,0.2396
1777891500000,2026-05-04,10:45:00,4558.158,4566.555,4557.945,4566.305,0.1787
1777891800000,2026-05-04,10:50:00,4566.305,4566.415,4561.305,4561.465,0.2134
1777892100000,2026-05-04,10:55:00,4561.465,4564.485,4560.215,4562.365,0.1843
1777892400000,2026-05-04,11:00:00,4562.475,4570.595,4562.088,4562.445,0.2592
1777892700000,2026-05-04,11:05:00,4562.345,4567.505,4561.055,4566.515,0.1792
1777893000000,2026-05-04,11:10:00,4566.655,4567.615,4563.395,4565.085,0.1637
1777893300000,2026-05-04,11:15:00,4565.085,4569.945,4565.085,4568.515,0.1689
1777893600000,2026-05-04,11:20:00,4568.445,4568.785,4563.585,4564.005,0.1377
1777893900000,2026-05-04,11:25:00,4564.145,4565.085,4561.365,4562.025,0.1633
1777894200000,2026-05-04,11:30:00,4561.875,4562.495,4556.495,4556.495,0.1802
1777894500000,2026-05-04,11:35:00,4556.525,4560.235,4551.295,4553.805,0.2327
1777894800000,2026-05-04,11:40:00,4553.775,4557.345,4553.065,4553.295,0.1951
1777895100000,2026-05-04,11:45:00,4553.295,4558.255,4552.915,4555.555,0.1681
1777895400000,2026-05-04,11:50:00,4555.615,4559.658,4555.165,4558.585,0.1986
1777895700000,2026-05-04,11:55:00,4558.615,4562.855,4557.825,4560.215,0.1918
1777896000000,2026-05-04,12:00:00,4560.165,4563.675,4559.085,4562.865,0.1922
1777896300000,2026-05-04,12:05:00,4562.895,4563.045,4559.405,4560.445,0.1939
1777896600000,2026-05-04,12:10:00,4560.425,4565.605,4559.985,4563.435,0.1762
1777896900000,2026-05-04,12:15:00,4563.465,4574.565,4563.035,4573.185,0.2745
1777897200000,2026-05-04,12:20:00,4573.255,4579.155,4571.895,4572.155,0.2589
1777897500000,2026-05-04,12:25:00,4572.005,4572.605,4565.405,4568.425,0.2256
1777897800000,2026-05-04,12:30:00,4568.445,4570.065,4564.695,4565.895,0.2003
1777898100000,2026-05-04,12:35:00,4565.905,4569.725,4560.965,4568.285,0.2125
1777898400000,2026-05-04,12:40:00,4568.305,4571.515,4567.565,4569.855,0.2265
1777898700000,2026-05-04,12:45:00,4569.905,4572.765,4566.275,4570.445,0.1907
1777899000000,2026-05-04,12:50:00,4570.475,4575.895,4570.015,4571.935,0.1991
1777899300000,2026-05-04,12:55:00,4571.795,4573.555,4567.778,4568.195,0.2164
1777899600000,2026-05-04,13:00:00,4568.165,4568.565,4557.155,4565.055,0.3836
1777899900000,2026-05-04,13:05:00,4565.345,4573.255,4563.845,4572.055,0.2864
1777900200000,2026-05-04,13:10:00,4572.905,4576.29,4563.115,4565.865,0.262
1777900500000,2026-05-04,13:15:00,4565.955,4567.475,4563.555,4564.625,0.2162
1777900800000,2026-05-04,13:20:00,4564.655,4567.045,4561.498,4562.505,0.2009
1777901100000,2026-05-04,13:25:00,4562.505,4565.285,4560.875,4560.885,0.184
1777901400000,2026-05-04,13:30:00,4561.135,4570.725,4555.475,4569.775,0.387
1777901700000,2026-05-04,13:35:00,4569.745,4570.915,4563.825,4566.535,0.349
1777902000000,2026-05-04,13:40:00,4566.545,4570.518,4562.495,4565.265,0.2905
1777902300000,2026-05-04,13:45:00,4565.215,4566.505,4561.155,4561.365,0.2996
1777902600000,2026-05-04,13:50:00,4561.335,4565.315,4557.285,4562.995,0.3456
1777902900000,2026-05-04,13:55:00,4562.885,4566.085,4559.865,4563.875,0.3031
1777903200000,2026-05-04,14:00:00,4563.785,4565.205,4559.085,4560.065,0.3045
1777903500000,2026-05-04,14:05:00,4560.015,4561.105,4553.435,4554.965,0.3696
1777903800000,2026-05-04,14:10:00,4554.765,4562.885,4553.585,4560.015,0.3284
1777904100000,2026-05-04,14:15:00,4560.595,4573.765,4559.428,4572.605,0.3481
1777904400000,2026-05-04,14:20:00,4572.595,4581.935,4572.015,4576.685,0.3533
1777904700000,2026-05-04,14:25:00,4576.635,4577.375,4570.405,4571.085,0.311
1777905000000,2026-05-04,14:30:00,4571.125,4579.105,4570.115,4575.665,0.3328
1777905300000,2026-05-04,14:35:00,4575.445,4581.308,4574.935,4579.395,0.2833
1777905600000,2026-05-04,14:40:00,4579.415,4583.005,4574.155,4574.345,0.2512
1777905900000,2026-05-04,14:45:00,4574.365,4576.825,4569.075,4570.765,0.2708
1777906200000,2026-05-04,14:50:00,4570.805,4571.245,4566.925,4570.115,0.258
1777906500000,2026-05-04,14:55:00,4570.145,4572.205,4559.385,4561.295,0.3319
1777906800000,2026-05-04,15:00:00,4561.315,4565.885,4554.535,4561.025,0.3885
1777907100000,2026-05-04,15:05:00,4560.985,4561.885,4555.295,4557.855,0.3452
1777907400000,2026-05-04,15:10:00,4557.815,4559.745,4547.918,4548.295,0.3353
1777907700000,2026-05-04,15:15:00,4548.198,4554.985,4537.565,4540.345,0.4872
1777908000000,2026-05-04,15:20:00,4539.515,4540.875,4514.095,4521.415,0.5385
1777908300000,2026-05-04,15:25:00,4521.435,4539.645,4515.198,4537.705,0.4225
1777908600000,2026-05-04,15:30:00,4538.295,4538.715,4527.185,4534.705,0.4577
1777908900000,2026-05-04,15:35:00,4534.575,4542.655,4529.765,4534.695,0.4358
1777909200000,2026-05-04,15:40:00,4534.555,4537.085,4531.625,4534.775,0.3662
1777909500000,2026-05-04,15:45:00,4534.755,4534.825,4522.775,4522.855,0.3319
1777909800000,2026-05-04,15:50:00,4522.855,4529.785,4512.055,4527.705,0.4235
1777910100000,2026-05-04,15:55:00,4527.765,4530.065,4521.005,4521.455,0.4164
1777910400000,2026-05-04,16:00:00,4521.375,4525.355,4516.595,4522.065,0.3827
1777910700000,2026-05-04,16:05:00,4522.045,4523.455,4504.343,4510.145,0.4085
1777911000000,2026-05-04,16:10:00,4510.075,4516.015,4500.665,4509.405,0.373
1777911300000,2026-05-04,16:15:00,4509.175,4526.365,4508.048,4522.385,0.4589
1777911600000,2026-05-04,16:20:00,4522.685,4526.795,4520.395,4521.305,0.3796
1777911900000,2026-05-04,16:25:00,4521.275,4523.675,4512.755,4514.565,0.3549
1777912200000,2026-05-04,16:30:00,4514.475,4518.598,4512.998,4517.565,0.3278
1777912500000,2026-05-04,16:35:00,4517.548,4518.295,4511.338,4513.295,0.2936
1777912800000,2026-05-04,16:40:00,4513.285,4516.495,4511.275,4512.315,0.2758
1777913100000,2026-05-04,16:45:00,4512.285,4515.795,4508.005,4509.705,0.3198
1777913400000,2026-05-04,16:50:00,4509.675,4512.245,4507.255,4508.935,0.3663
1777913700000,2026-05-04,16:55:00,4508.945,4511.465,4507.295,4510.565,0.3108
1777914000000,2026-05-04,17:00:00,4510.645,4520.985,4510.645,4520.545,0.3542
1777914300000,2026-05-04,17:05:00,4520.715,4526.035,4520.255,4523.715,0.3004
1777914600000,2026-05-04,17:10:00,4523.745,4525.855,4521.615,4522.205,0.25
1777914900000,2026-05-04,17:15:00,4522.295,4531.315,4521.475,4528.865,0.3358
1777915200000,2026-05-04,17:20:00,4529.025,4530.455,4525.305,4525.515,0.2896
1777915500000,2026-05-04,17:25:00,4525.505,4526.905,4521.465,4524.215,0.3102
1777915800000,2026-05-04,17:30:00,4524.155,4527.505,4523.585,4525.625,0.2234
1777916100000,2026-05-04,17:35:00,4525.625,4526.455,4521.475,4524.965,0.2364
1777916400000,2026-05-04,17:40:00,4524.875,4526.045,4522.955,4525.975,0.1978
1777916700000,2026-05-04,17:45:00,4525.875,4526.485,4522.195,4522.225,0.1796
1777917000000,2026-05-04,17:50:00,4522.285,4525.645,4521.905,4522.685,0.1945
1777917300000,2026-05-04,17:55:00,4522.735,4523.705,4521.365,4522.215,0.1934
1777917600000,2026-05-04,18:00:00,4522.235,4525.245,4520.975,4523.245,0.2101
1777917900000,2026-05-04,18:05:00,4523.195,4524.255,4518.455,4519.165,0.2151
1777918200000,2026-05-04,18:10:00,4519.135,4521.495,4518.755,4519.865,0.1836
1777918500000,2026-05-04,18:15:00,4519.885,4520.125,4516.695,4517.765,0.1973
1777918800000,2026-05-04,18:20:00,4517.805,4517.805,4513.895,4513.995,0.1944
1777919100000,2026-05-04,18:25:00,4513.975,4514.995,4509.655,4511.775,0.2539
1777919400000,2026-05-04,18:30:00,4511.735,4514.565,4510.365,4514.365,0.2095
1777919700000,2026-05-04,18:35:00,4514.415,4514.875,4511.315,4514.695,0.2072
1777920000000,2026-05-04,18:40:00,4514.695,4514.765,4510.395,4511.745,0.1738
1777920300000,2026-05-04,18:45:00,4511.785,4515.145,4510.585,4514.715,0.1719
1777920600000,2026-05-04,18:50:00,4514.745,4515.665,4511.235,4513.465,0.1951
1777920900000,2026-05-04,18:55:00,4513.545,4516.375,4512.365,4516.165,0.1865
1777921200000,2026-05-04,19:00:00,4516.195,4516.835,4511.125,4511.355,0.1781
1777921500000,2026-05-04,19:05:00,4511.345,4523.235,4511.315,4517.815,0.3054
1777921800000,2026-05-04,19:10:00,4517.785,4519.915,4516.525,4518.715,0.2173
1777922100000,2026-05-04,19:15:00,4518.715,4521.595,4517.285,4520.455,0.2078
1777922400000,2026-05-04,19:20:00,4520.485,4524.495,4519.495,4524.495,0.2087
1777922700000,2026-05-04,19:25:00,4524.495,4525.805,4519.795,4522.235,0.2636
1777923000000,2026-05-04,19:30:00,4522.285,4523.645,4520.765,4522.555,0.2017
1777923300000,2026-05-04,19:35:00,4522.555,4526.955,4522.555,4524.035,0.1376
1777923600000,2026-05-04,19:40:00,4523.975,4525.715,4520.215,4520.945,0.1085
1777923900000,2026-05-04,19:45:00,4520.885,4523.165,4519.215,4521.005,0.1069
1777924200000,2026-05-04,19:50:00,4520.748,4520.748,4518.325,4519.085,0.1338
1777924500000,2026-05-04,19:55:00,4519.085,4520.065,4515.045,4517.585,0.1953
1777924800000,2026-05-04,20:00:00,4517.595,4517.795,4513.675,4515.025,0.0709
1777925100000,2026-05-04,20:05:00,4515.225,4515.705,4513.355,4513.865,0.0446
1777925400000,2026-05-04,20:10:00,4513.835,4514.685,4511.605,4514.535,0.0644
1777925700000,2026-05-04,20:15:00,4514.485,4514.585,4512.095,4512.685,0.0333
1777926000000,2026-05-04,20:20:00,4512.625,4513.555,4511.635,4512.695,0.0345
1777926300000,2026-05-04,20:25:00,4512.625,4515.395,4512.595,4514.955,0.035
1777926600000,2026-05-04,20:30:00,4514.925,4517.275,4514.925,4517.065,0.0328
1777926900000,2026-05-04,20:35:00,4516.945,4517.525,4515.905,4516.785,0.0312
1777927200000,2026-05-04,20:40:00,4516.815,4518.825,4514.425,4518.575,0.0421
1777927500000,2026-05-04,20:45:00,4518.605,4522.285,4518.565,4521.255,0.044
1777927800000,2026-05-04,20:50:00,4521.205,4521.345,4519.665,4521.125,0.0275
1777928100000,2026-05-04,20:55:00,4521.175,4523.825,4521.145,4522.315,0.0496
1777932000000,2026-05-04,22:00:00,4521.985,4524.535,4519.925,4519.925,0.0621
1777932300000,2026-05-04,22:05:00,4519.955,4522.385,4517.275,4522.145,0.0569
1777932600000,2026-05-04,22:10:00,4522.155,4522.695,4520.245,4520.805,0.0394
1777932900000,2026-05-04,22:15:00,4520.835,4522.445,4519.635,4519.985,0.0305
1777933200000,2026-05-04,22:20:00,4520.065,4522.105,4519.345,4519.345,0.0307
1777933500000,2026-05-04,22:25:00,4519.458,4520.585,4518.985,4519.315,0.0487
1777933800000,2026-05-04,22:30:00,4519.398,4521.795,4519.298,4520.775,0.051
1777934100000,2026-05-04,22:35:00,4520.755,4520.855,4519.055,4519.335,0.0371
1777934400000,2026-05-04,22:40:00,4519.325,4520.325,4518.438,4518.695,0.0711
1777934700000,2026-05-04,22:45:00,4518.818,4519.075,4516.535,4517.835,0.0546
1777935000000,2026-05-04,22:50:00,4517.768,4517.845,4515.205,4516.095,0.0423
1777935300000,2026-05-04,22:55:00,4516.045,4517.488,4515.305,4516.988,0.0713
1777935600000,2026-05-04,23:00:00,4516.968,4518.158,4515.738,4517.688,0.1484
1777935900000,2026-05-04,23:05:00,4517.555,4520.038,4517.488,4519.118,0.1239
1777936200000,2026-05-04,23:10:00,4519.008,4520.805,4517.895,4520.195,0.0393
1777936500000,2026-05-04,23:15:00,4520.105,4520.765,4518.855,4519.615,0.0286
1777936800000,2026-05-04,23:20:00,4519.635,4521.415,4519.605,4521.305,0.0275
1777937100000,2026-05-04,23:25:00,4521.345,4521.435,4520.225,4520.855,0.0271
1777937400000,2026-05-04,23:30:00,4520.655,4520.975,4519.415,4520.895,0.0272
1777937700000,2026-05-04,23:35:00,4520.915,4520.915,4519.435,4520.385,0.0234
1777938000000,2026-05-04,23:40:00,4520.365,4521.185,4518.065,4518.255,0.0328
1777938300000,2026-05-04,23:45:00,4518.325,4520.515,4517.665,4519.935,0.0434
1777938600000,2026-05-04,23:50:00,4519.985,4519.985,4516.875,4518.765,0.057
1777938900000,2026-05-04,23:55:00,4518.745,4520.115,4518.275,4518.815,0.054
1777939200000,2026-05-05,00:00:00,4518.825,4523.915,4517.385,4522.615,0.1537
1777939500000,2026-05-05,00:05:00,4522.578,4526.415,4522.105,4526.035,0.1127
1777939800000,2026-05-05,00:10:00,4526.005,4528.375,4525.065,4527.525,0.0894
1777940100000,2026-05-05,00:15:00,4527.545,4527.575,4522.265,4523.175,0.1347
1777940400000,2026-05-05,00:20:00,4523.155,4523.415,4516.465,4519.085,0.1332
1777940700000,2026-05-05,00:25:00,4519.135,4519.495,4513.265,4516.695,0.1037
1777941000000,2026-05-05,00:30:00,4516.675,4518.345,4515.735,4517.675,0.0846
1777941300000,2026-05-05,00:35:00,4517.495,4521.135,4517.265,4520.475,0.11
1777941600000,2026-05-05,00:40:00,4520.505,4524.105,4519.565,4523.565,0.096
1777941900000,2026-05-05,00:45:00,4523.535,4527.695,4523.535,4526.475,0.1037
1777942200000,2026-05-05,00:50:00,4526.535,4529.455,4525.535,4528.445,0.1022
1777942500000,2026-05-05,00:55:00,4528.385,4530.275,4526.795,4529.885,0.0934
1777942800000,2026-05-05,01:00:00,4529.555,4534.258,4525.045,4534.258,0.1643
1777943100000,2026-05-05,01:05:00,4534.285,4535.535,4533.005,4534.355,0.0986
1777943400000,2026-05-05,01:10:00,4534.405,4539.415,4533.675,4538.575,0.1019
1777943700000,2026-05-05,01:15:00,4538.605,4539.835,4535.715,4536.665,0.0986
1777944000000,2026-05-05,01:20:00,4536.625,4539.755,4536.495,4537.715,0.1094
1777944300000,2026-05-05,01:25:00,4537.705,4538.175,4534.995,4537.705,0.0903
1777944600000,2026-05-05,01:30:00,4537.875,4538.155,4533.775,4534.475,0.1232
1777944900000,2026-05-05,01:35:00,4534.585,4541.945,4534.025,4536.835,0.142
1777945200000,2026-05-05,01:40:00,4536.805,4539.175,4535.645,4536.665,0.1168
1777945500000,2026-05-05,01:45:00,4536.615,4540.595,4536.035,4539.365,0.0885
1777945800000,2026-05-05,01:50:00,4539.315,4540.375,4537.575,4537.875,0.0805
1777946100000,2026-05-05,01:55:00,4537.935,4541.015,4536.945,4540.665,0.0745
1777946400000,2026-05-05,02:00:00,4540.635,4542.305,4538.935,4538.965,0.0963
1777946700000,2026-05-05,02:05:00,4539.005,4539.565,4537.245,4538.215,0.0835
1777947000000,2026-05-05,02:10:00,4538.145,4539.735,4536.995,4538.275,0.0732
1777947300000,2026-05-05,02:15:00,4538.235,4539.205,4535.305,4535.345,0.0694
1777947600000,2026-05-05,02:20:00,4535.305,4537.995,4534.515,4537.995,0.0798
1777947900000,2026-05-05,02:25:00,4537.975,4541.505,4537.225,4541.305,0.0854
1777948200000,2026-05-05,02:30:00,4541.325,4543.485,4539.915,4541.345,0.083
1777948500000,2026-05-05,02:35:00,4541.295,4542.545,4540.305,4542.155,0.0613
1777948800000,2026-05-05,02:40:00,4542.155,4545.605,4541.725,4544.295,0.0602
1777949100000,2026-05-05,02:45:00,4544.275,4546.565,4542.695,4544.015,0.1005
1777949400000,2026-05-05,02:50:00,4543.855,4544.245,4541.335,4541.625,0.0732
1777949700000,2026-05-05,02:55:00,4541.595,4541.785,4538.605,4538.855,0.0699
1777950000000,2026-05-05,03:00:00,4538.825,4540.935,4537.225,4540.935,0.0875
1777950300000,2026-05-05,03:05:00,4540.915,4542.035,4539.815,4540.745,0.0469
1777950600000,2026-05-05,03:10:00,4540.625,4541.975,4539.515,4541.845,0.0511
1777950900000,2026-05-05,03:15:00,4541.825,4542.645,4539.475,4540.365,0.0454
1777951200000,2026-05-05,03:20:00,4540.335,4541.725,4537.245,4538.025,0.0579
1777951500000,2026-05-05,03:25:00,4538.055,4539.385,4536.945,4537.785,0.0598
1777951800000,2026-05-05,03:30:00,4537.755,4538.135,4536.455,4538.055,0.0558
1777952100000,2026-05-05,03:35:00,4537.985,4538.805,4537.135,4538.185,0.0653
1777952400000,2026-05-05,03:40:00,4538.205,4538.255,4535.275,4535.735,0.0541
1777952700000,2026-05-05,03:45:00,4535.815,4536.725,4535.375,4536.095,0.0421
1777953000000,2026-05-05,03:50:00,4536.115,4536.365,4534.775,4534.995,0.0569
1777953300000,2026-05-05,03:55:00,4535.045,4535.715,4532.215,4534.385,0.0874
1777953600000,2026-05-05,04:00:00,4534.395,4535.475,4532.925,4534.845,0.0507
1777953900000,2026-05-05,04:05:00,4534.815,4535.355,4532.905,4533.375,0.0456
1777954200000,2026-05-05,04:10:00,4533.415,4533.925,4532.405,4532.715,0.0365
1777954500000,2026-05-05,04:15:00,4532.915,4533.565,4530.365,4530.605,0.0522
1777954800000,2026-05-05,04:20:00,4530.845,4532.705,4529.475,4530.375,0.0779
1777955100000,2026-05-05,04:25:00,4530.515,4530.985,4529.235,4529.355,0.0559
1777955400000,2026-05-05,04:30:00,4529.315,4533.525,4527.725,4532.805,0.1027
1777955700000,2026-05-05,04:35:00,4532.805,4533.285,4531.115,4531.755,0.055
1777956000000,2026-05-05,04:40:00,4531.735,4531.945,4531.005,4531.415,0.0408
1777956300000,2026-05-05,04:45:00,4531.405,4534.435,4530.945,4534.325,0.0508
1777956600000,2026-05-05,04:50:00,4534.345,4536.475,4533.415,4534.615,0.066
1777956900000,2026-05-05,04:55:00,4534.575,4534.615,4531.225,4533.405,0.0886
1777957200000,2026-05-05,05:00:00,4533.435,4536.615,4531.065,4536.505,0.1075
1777957500000,2026-05-05,05:05:00,4536.475,4545.335,4535.865,4542.875,0.1274
1777957800000,2026-05-05,05:10:00,4543.185,4543.935,4539.375,4540.015,0.1012
1777958100000,2026-05-05,05:15:00,4539.945,4540.235,4535.515,4536.485,0.0808
1777958400000,2026-05-05,05:20:00,4536.535,4539.225,4536.285,4539.098,0.0697
1777958700000,2026-05-05,05:25:00,4539.095,4540.005,4537.475,4539.825,0.0749
1777959000000,2026-05-05,05:30:00,4539.835,4547.145,4539.498,4546.778,0.1246
1777959300000,2026-05-05,05:35:00,4546.838,4550.815,4546.355,4548.005,0.1908
1777959600000,2026-05-05,05:40:00,4547.975,4551.355,4545.685,4545.755,0.1537
1777959900000,2026-05-05,05:45:00,4545.695,4547.765,4544.925,4547.145,0.1116
1777960200000,2026-05-05,05:50:00,4547.165,4548.705,4544.415,4545.355,0.0739
1777960500000,2026-05-05,05:55:00,4545.415,4546.995,4543.335,4545.475,0.0994
1777960800000,2026-05-05,06:00:00,4545.465,4551.825,4543.665,4543.665,0.1538
1777961100000,2026-05-05,06:05:00,4543.945,4545.515,4541.435,4543.815,0.1104
1777961400000,2026-05-05,06:10:00,4543.785,4545.625,4542.318,4543.475,0.1115
1777961700000,2026-05-05,06:15:00,4543.475,4544.595,4538.655,4538.655,0.0938
1777962000000,2026-05-05,06:20:00,4538.675,4539.635,4533.495,4534.905,0.1609
1777962300000,2026-05-05,06:25:00,4534.925,4537.675,4534.005,4536.665,0.1647
1777962600000,2026-05-05,06:30:00,4536.555,4543.945,4536.025,4542.705,0.1125
1777962900000,2026-05-05,06:35:00,4542.665,4549.345,4542.295,4547.895,0.1176
1777963200000,2026-05-05,06:40:00,4547.825,4548.325,4544.525,4545.945,0.1111
1777963500000,2026-05-05,06:45:00,4545.965,4548.255,4545.245,4548.255,0.0953
1777963800000,2026-05-05,06:50:00,4548.595,4550.695,4547.545,4549.995,0.0828
1777964100000,2026-05-05,06:55:00,4550.015,4550.795,4546.875,4547.955,0.1471
1777964400000,2026-05-05,07:00:00,4547.975,4554.105,4547.345,4552.725,0.1956
1777964700000,2026-05-05,07:05:00,4552.775,4554.595,4551.095,4552.145,0.1786
1777965000000,2026-05-05,07:10:00,4552.155,4554.915,4550.585,4553.885,0.1531
1777965300000,2026-05-05,07:15:00,4553.865,4555.455,4552.255,4554.785,0.1685
1777965600000,2026-05-05,07:20:00,4554.755,4555.375,4551.025,4551.085,0.1424
1777965900000,2026-05-05,07:25:00,4551.055,4551.415,4548.265,4548.725,0.1477
1777966200000,2026-05-05,07:30:00,4548.745,4552.345,4548.745,4552.275,0.1688
1777966500000,2026-05-05,07:35:00,4552.405,4558.055,4551.745,4554.265,0.2921
1777966800000,2026-05-05,07:40:00,4554.235,4555.925,4551.055,4551.065,0.2017
1777967100000,2026-05-05,07:45:00,4551.065,4551.725,4545.468,4545.468,0.173
1777967400000,2026-05-05,07:50:00,4545.468,4547.825,4544.185,4545.565,0.1485
1777967700000,2026-05-05,07:55:00,4545.445,4545.745,4543.105,4545.285,0.1709
1777968000000,2026-05-05,08:00:00,4545.375,4549.915,4545.225,4549.825,0.1842
1777968300000,2026-05-05,08:05:00,4549.955,4551.405,4546.765,4547.675,0.1687
1777968600000,2026-05-05,08:10:00,4547.675,4553.315,4546.395,4550.945,0.1437
1777968900000,2026-05-05,08:15:00,4550.915,4552.815,4548.925,4550.685,0.1555
1777969200000,2026-05-05,08:20:00,4550.705,4553.655,4549.365,4551.765,0.1763
1777969500000,2026-05-05,08:25:00,4551.765,4554.555,4551.095,4551.155,0.1894
1777969800000,2026-05-05,08:30:00,4550.935,4552.975,4550.448,4551.205,0.1708
1777970100000,2026-05-05,08:35:00,4551.145,4552.985,4547.785,4549.925,0.1396
1777970400000,2026-05-05,08:40:00,4549.925,4551.375,4548.145,4549.725,0.1624
1777970700000,2026-05-05,08:45:00,4549.695,4551.845,4548.218,4551.665,0.1677
1777971000000,2026-05-05,08:50:00,4551.685,4557.585,4551.685,4557.025,0.165
1777971300000,2026-05-05,08:55:00,4556.925,4559.405,4555.235,4558.255,0.1752
1777971600000,2026-05-05,09:00:00,4558.255,4558.795,4553.445,4554.995,0.2059
1777971900000,2026-05-05,09:05:00,4554.995,4560.345,4554.995,4558.975,0.1917
1777972200000,2026-05-05,09:10:00,4559.025,4560.125,4556.545,4557.545,0.1317
1777972500000,2026-05-05,09:15:00,4557.605,4557.715,4553.675,4554.005,0.1515
1777972800000,2026-05-05,09:20:00,4554.095,4556.695,4553.105,4554.775,0.134
1777973100000,2026-05-05,09:25:00,4554.725,4555.775,4552.045,4552.125,0.1072
1777973400000,2026-05-05,09:30:00,4552.095,4558.095,4550.825,4553.325,0.2119
1777973700000,2026-05-05,09:35:00,4553.305,4556.645,4552.875,4554.875,0.1405
1777974000000,2026-05-05,09:40:00,4554.698,4556.175,4553.568,4555.285,0.1379
1777974300000,2026-05-05,09:45:00,4555.265,4557.265,4552.895,4553.695,0.1202
1777974600000,2026-05-05,09:50:00,4553.815,4554.505,4552.595,4553.955,0.1272
1777974900000,2026-05-05,09:55:00,4553.975,4556.325,4553.135,4556.055,0.1328
1777975200000,2026-05-05,10:00:00,4556.055,4556.715,4554.375,4555.595,0.1358
1777975500000,2026-05-05,10:05:00,4555.585,4556.275,4551.838,4551.955,0.1003
1777975800000,2026-05-05,10:10:00,4551.985,4554.505,4550.445,4552.795,0.1302
1777976100000,2026-05-05,10:15:00,4552.795,4554.775,4551.155,4552.455,0.1253
1777976400000,2026-05-05,10:20:00,4552.455,4553.725,4552.085,4552.585,0.0886
1777976700000,2026-05-05,10:25:00,4552.545,4552.545,4546.695,4547.675,0.1632
1777977000000,2026-05-05,10:30:00,4547.645,4553.905,4546.335,4553.275,0.1444
1777977300000,2026-05-05,10:35:00,4553.295,4553.825,4550.675,4550.705,0.1655
1777977600000,2026-05-05,10:40:00,4550.665,4550.665,4544.035,4544.925,0.1786
1777977900000,2026-05-05,10:45:00,4545.025,4545.695,4544.055,4544.355,0.1098
1777978200000,2026-05-05,10:50:00,4544.345,4544.785,4539.925,4540.925,0.0955
1777978500000,2026-05-05,10:55:00,4541.005,4544.855,4540.835,4543.635,0.1113
1777978800000,2026-05-05,11:00:00,4543.645,4544.605,4539.815,4543.315,0.1806
1777979100000,2026-05-05,11:05:00,4543.285,4550.015,4542.755,4550.015,0.1177
1777979400000,2026-05-05,11:10:00,4549.995,4553.075,4549.425,4552.675,0.142
1777979700000,2026-05-05,11:15:00,4552.675,4555.925,4549.745,4549.975,0.1905
1777980000000,2026-05-05,11:20:00,4549.995,4556.285,4549.815,4554.085,0.1453
1777980300000,2026-05-05,11:25:00,4554.245,4557.455,4553.395,4555.985,0.1483
1777980600000,2026-05-05,11:30:00,4556.095,4558.735,4554.975,4556.875,0.147
1777980900000,2026-05-05,11:35:00,4556.905,4560.755,4556.305,4556.495,0.1231
1777981200000,2026-05-05,11:40:00,4556.535,4564.645,4555.965,4563.245,0.1757
1777981500000,2026-05-05,11:45:00,4563.275,4564.845,4560.335,4562.075,0.1432
1777981800000,2026-05-05,11:50:00,4562.095,4562.105,4559.465,4560.815,0.1347
1777982100000,2026-05-05,11:55:00,4560.845,4562.755,4559.095,4562.755,0.1226
1777982400000,2026-05-05,12:00:00,4562.485,4563.101,4554.115,4556.595,0.1931
1777982700000,2026-05-05,12:05:00,4556.835,4563.655,4555.635,4558.165,0.252
1777983000000,2026-05-05,12:10:00,4558.135,4566.765,4557.955,4564.865,0.2739
1777983300000,2026-05-05,12:15:00,4565.075,4566.485,4561.045,4561.795,0.1997
1777983600000,2026-05-05,12:20:00,4561.905,4572.015,4561.815,4571.895,0.2869
1777983900000,2026-05-05,12:25:00,4571.875,4574.075,4571.065,4573.468,0.1823
1777984200000,2026-05-05,12:30:00,4573.555,4574.435,4566.615,4569.005,0.2086
1777984500000,2026-05-05,12:35:00,4569.005,4570.875,4566.485,4569.905,0.1664
1777984800000,2026-05-05,12:40:00,4569.855,4570.095,4566.725,4566.865,0.1732
1777985100000,2026-05-05,12:45:00,4566.865,4568.345,4562.825,4563.325,0.1871
1777985400000,2026-05-05,12:50:00,4563.375,4564.615,4561.535,4562.905,0.1726
1777985700000,2026-05-05,12:55:00,4562.895,4565.745,4562.385,4564.425,0.1568
1777986000000,2026-05-05,13:00:00,4564.135,4575.155,4564.045,4573.955,0.1956
1777986300000,2026-05-05,13:05:00,4574.005,4580.435,4573.905,4575.885,0.2573
1777986600000,2026-05-05,13:10:00,4575.945,4580.945,4574.465,4578.635,0.2255
1777986900000,2026-05-05,13:15:00,4578.815,4584.835,4578.125,4580.825,0.2227
1777987200000,2026-05-05,13:20:00,4580.815,4581.595,4575.918,4576.375,0.2219
1777987500000,2026-05-05,13:25:00,4576.345,4581.228,4576.165,4576.655,0.2533
1777987800000,2026-05-05,13:30:00,4576.685,4581.665,4576.235,4580.225,0.3416
1777988100000,2026-05-05,13:35:00,4580.275,4581.215,4572.505,4574.245,0.2924
1777988400000,2026-05-05,13:40:00,4574.275,4576.965,4571.515,4573.568,0.2792
1777988700000,2026-05-05,13:45:00,4573.568,4577.115,4572.605,4575.615,0.2321
1777989000000,2026-05-05,13:50:00,4575.705,4582.825,4575.175,4580.545,0.2335
1777989300000,2026-05-05,13:55:00,4580.505,4581.005,4577.295,4578.765,0.222
1777989600000,2026-05-05,14:00:00,4578.608,4583.835,4575.295,4578.275,0.2856
1777989900000,2026-05-05,14:05:00,4578.375,4584.065,4577.175,4583.425,0.3421
1777990200000,2026-05-05,14:10:00,4583.475,4583.685,4570.405,4573.175,0.3295
1777990500000,2026-05-05,14:15:00,4573.285,4573.325,4565.575,4570.165,0.5117
1777990800000,2026-05-05,14:20:00,4569.985,4579.355,4567.805,4578.945,0.3628
1777991100000,2026-05-05,14:25:00,4578.835,4586.415,4578.835,4583.995,0.3059
1777991400000,2026-05-05,14:30:00,4584.025,4585.625,4579.995,4581.695,0.2926
1777991700000,2026-05-05,14:35:00,4581.685,4582.515,4577.325,4581.015,0.2568
1777992000000,2026-05-05,14:40:00,4581.045,4585.335,4580.475,4582.755,0.2329
1777992300000,2026-05-05,14:45:00,4582.755,4582.805,4575.575,4577.505,0.2727
1777992600000,2026-05-05,14:50:00,4577.455,4579.135,4575.355,4578.275,0.2714
1777992900000,2026-05-05,14:55:00,4578.255,4582.355,4577.985,4582.145,0.2365
1777993200000,2026-05-05,15:00:00,4582.175,4583.675,4577.508,4583.455,0.2816
1777993500000,2026-05-05,15:05:00,4583.375,4583.395,4579.955,4580.125,0.2368
1777993800000,2026-05-05,15:10:00,4580.105,4581.695,4579.355,4580.655,0.217
1777994100000,2026-05-05,15:15:00,4580.675,4581.295,4577.885,4578.235,0.235
1777994400000,2026-05-05,15:20:00,4578.235,4579.845,4575.435,4576.385,0.2316
1777994700000,2026-05-05,15:25:00,4576.455,4579.235,4575.085,4579.095,0.214
1777995000000,2026-05-05,15:30:00,4578.995,4580.925,4576.295,4577.505,0.2297
1777995300000,2026-05-05,15:35:00,4577.505,4579.185,4574.965,4575.615,0.2389
1777995600000,2026-05-05,15:40:00,4575.625,4575.995,4572.415,4572.695,0.1815
1777995900000,2026-05-05,15:45:00,4572.745,4575.145,4572.025,4573.855,0.2089
1777996200000,2026-05-05,15:50:00,4573.835,4575.685,4569.818,4570.735,0.1657
1777996500000,2026-05-05,15:55:00,4570.655,4570.975,4568.195,4568.325,0.1747
1777996800000,2026-05-05,16:00:00,4568.305,4568.875,4564.295,4566.825,0.2016
1777997100000,2026-05-05,16:05:00,4566.815,4567.785,4562.505,4564.135,0.1503
1777997400000,2026-05-05,16:10:00,4564.165,4566.345,4562.125,4566.065,0.1175
1777997700000,2026-05-05,16:15:00,4566.005,4566.065,4563.298,4564.305,0.1147
1777998000000,2026-05-05,16:20:00,4564.175,4565.445,4561.435,4561.475,0.1342
1777998300000,2026-05-05,16:25:00,4561.535,4561.755,4555.915,4559.575,0.2353
1777998600000,2026-05-05,16:30:00,4559.655,4559.985,4553.515,4557.825,0.2159
1777998900000,2026-05-05,16:35:00,4557.825,4559.185,4555.575,4555.755,0.1855
1777999200000,2026-05-05,16:40:00,4555.755,4558.695,4555.635,4556.535,0.1629
1777999500000,2026-05-05,16:45:00,4556.535,4557.865,4555.535,4557.195,0.1471
1777999800000,2026-05-05,16:50:00,4557.225,4560.255,4557.145,4559.935,0.1371
1778000100000,2026-05-05,16:55:00,4559.885,4562.675,4559.855,4561.055,0.1282
1778000400000,2026-05-05,17:00:00,4561.055,4562.495,4558.565,4559.275,0.1706
1778000700000,2026-05-05,17:05:00,4559.225,4559.645,4553.255,4554.585,0.1721
1778001000000,2026-05-05,17:10:00,4554.635,4556.095,4553.155,4555.985,0.1839
1778001300000,2026-05-05,17:15:00,4556.015,4560.675,4555.885,4560.515,0.152
1778001600000,2026-05-05,17:20:00,4560.625,4561.245,4558.855,4559.025,0.1553
1778001900000,2026-05-05,17:25:00,4559.005,4559.965,4557.185,4558.425,0.1464
1778002200000,2026-05-05,17:30:00,4558.405,4561.625,4555.925,4561.155,0.1543
1778002500000,2026-05-05,17:35:00,4561.175,4562.595,4559.635,4560.725,0.1498
1778002800000,2026-05-05,17:40:00,4560.755,4562.295,4560.275,4560.295,0.1047
1778003100000,2026-05-05,17:45:00,4560.295,4562.125,4559.525,4561.985,0.1066
1778003400000,2026-05-05,17:50:00,4562.025,4562.025,4558.075,4558.615,0.1241
1778003700000,2026-05-05,17:55:00,4558.535,4560.075,4558.255,4559.705,0.0945
1778004000000,2026-05-05,18:00:00,4559.775,4561.175,4558.675,4559.525,0.1008
1778004300000,2026-05-05,18:05:00,4559.555,4561.925,4559.525,4560.835,0.1016
1778004600000,2026-05-05,18:10:00,4560.835,4564.785,4559.825,4564.195,0.1192
1778004900000,2026-05-05,18:15:00,4564.195,4565.375,4562.295,4562.355,0.108
1778005200000,2026-05-05,18:20:00,4562.335,4563.395,4561.025,4561.765,0.1157
1778005500000,2026-05-05,18:25:00,4561.745,4563.025,4561.165,4561.985,0.1297
1778005800000,2026-05-05,18:30:00,4561.945,4562.385,4558.775,4558.775,0.2291
1778006100000,2026-05-05,18:35:00,4558.775,4559.835,4558.365,4559.415,0.2369
1778006400000,2026-05-05,18:40:00,4559.365,4562.355,4557.445,4561.355,0.1144
1778006700000,2026-05-05,18:45:00,4561.355,4565.665,4561.335,4562.655,0.1264
1778007000000,2026-05-05,18:50:00,4562.635,4563.285,4560.405,4560.525,0.1246
1778007300000,2026-05-05,18:55:00,4560.515,4561.335,4559.485,4560.875,0.1034
1778007600000,2026-05-05,19:00:00,4560.975,4561.365,4558.165,4558.685,0.1277
1778007900000,2026-05-05,19:05:00,4558.675,4560.045,4557.485,4557.595,0.1104
1778008200000,2026-05-05,19:10:00,4557.595,4558.645,4556.725,4557.035,0.1141
1778008500000,2026-05-05,19:15:00,4557.025,4558.335,4554.765,4558.045,0.1221
1778008800000,2026-05-05,19:20:00,4558.065,4558.655,4556.635,4557.035,0.0966
1778009100000,2026-05-05,19:25:00,4556.945,4557.145,4555.325,4555.985,0.0903
1778009400000,2026-05-05,19:30:00,4556.015,4557.335,4555.935,4556.275,0.0854
1778009700000,2026-05-05,19:35:00,4556.275,4557.995,4555.475,4556.675,0.0867
1778010000000,2026-05-05,19:40:00,4556.635,4556.865,4555.365,4555.385,0.091
1778010300000,2026-05-05,19:45:00,4555.405,4558.625,4554.775,4558.598,0.1046
1778010600000,2026-05-05,19:50:00,4558.598,4558.598,4554.105,4554.675,0.1558
1778010900000,2026-05-05,19:55:00,4554.655,4555.365,4551.385,4554.485,0.2212
1778011200000,2026-05-05,20:00:00,4555.005,4555.565,4553.785,4554.195,0.0739
1778011500000,2026-05-05,20:05:00,4554.265,4556.215,4554.125,4555.675,0.0427
1778011800000,2026-05-05,20:10:00,4555.655,4556.935,4555.325,4556.775,0.0307
1778012100000,2026-05-05,20:15:00,4556.735,4557.735,4555.795,4556.285,0.0668
1778012400000,2026-05-05,20:20:00,4556.235,4556.635,4555.295,4556.035,0.0509
1778012700000,2026-05-05,20:25:00,4556.055,4559.605,4556.055,4559.055,0.0735
1778013000000,2026-05-05,20:30:00,4559.075,4559.865,4557.365,4557.625,0.0662
1778013300000,2026-05-05,20:35:00,4557.605,4557.605,4555.575,4555.745,0.0392
1778013600000,2026-05-05,20:40:00,4555.725,4556.445,4554.665,4555.365,0.0471
1778013900000,2026-05-05,20:45:00,4555.315,4556.255,4554.635,4555.835,0.0385
1778014200000,2026-05-05,20:50:00,4555.775,4556.435,4554.325,4554.885,0.0224
1778014500000,2026-05-05,20:55:00,4554.845,4557.435,4554.635,4554.875,0.0502
1778018400000,2026-05-05,22:00:00,4555.965,4559.155,4550.075,4552.425,0.0901
1778018700000,2026-05-05,22:05:00,4552.225,4552.345,4548.905,4551.525,0.0614
1778019000000,2026-05-05,22:10:00,4551.495,4552.105,4549.535,4550.335,0.0514
1778019300000,2026-05-05,22:15:00,4550.515,4550.965,4548.465,4548.815,0.0618
1778019600000,2026-05-05,22:20:00,4548.795,4550.025,4547.435,4549.495,0.0497
1778019900000,2026-05-05,22:25:00,4549.445,4549.635,4546.155,4546.395,0.0486
1778020200000,2026-05-05,22:30:00,4546.498,4549.205,4545.975,4548.945,0.0451
1778020500000,2026-05-05,22:35:00,4548.975,4550.755,4548.685,4549.925,0.044
1778020800000,2026-05-05,22:40:00,4549.945,4550.755,4548.495,4548.495,0.046
1778021100000,2026-05-05,22:45:00,4548.345,4548.505,4546.818,4547.385,0.045
1778021400000,2026-05-05,22:50:00,4547.595,4558.655,4547.085,4558.655,0.1289
1778021700000,2026-05-05,22:55:00,4559.035,4576.845,4558.965,4572.758,0.3668
1778022000000,2026-05-05,23:00:00,4572.745,4575.108,4568.908,4574.388,0.4494
1778022300000,2026-05-05,23:05:00,4574.488,4580.018,4572.458,4579.028,0.3574
1778022600000,2026-05-05,23:10:00,4579.028,4590.265,4577.325,4588.465,0.1896
1778022900000,2026-05-05,23:15:00,4588.995,4589.255,4583.275,4585.505,0.1323
1778023200000,2026-05-05,23:20:00,4585.525,4588.965,4582.975,4584.275,0.1225
1778023500000,2026-05-05,23:25:00,4584.115,4584.985,4581.775,4581.965,0.1027
1778023800000,2026-05-05,23:30:00,4581.795,4585.465,4579.165,4584.035,0.1032
1778024100000,2026-05-05,23:35:00,4584.075,4587.345,4583.345,4586.365,0.076
1778024400000,2026-05-05,23:40:00,4586.385,4588.275,4584.565,4584.735,0.0721
1778024700000,2026-05-05,23:45:00,4584.965,4593.795,4584.405,4593.535,0.089
1778025000000,2026-05-05,23:50:00,4593.495,4594.755,4591.665,4591.835,0.0818
1778025300000,2026-05-05,23:55:00,4592.285,4595.425,4590.915,4593.775,0.0767
1778025600000,2026-05-06,00:00:00,4593.735,4597.705,4591.525,4595.395,0.1713
1778025900000,2026-05-06,00:05:00,4595.425,4595.875,4591.005,4592.305,0.1492
1778026200000,2026-05-06,00:10:00,4592.355,4592.875,4589.095,4591.455,0.1187
1778026500000,2026-05-06,00:15:00,4591.505,4597.265,4588.015,4596.085,0.1523
1778026800000,2026-05-06,00:20:00,4596.155,4602.635,4595.845,4602.155,0.1766
1778027100000,2026-05-06,00:25:00,4602.085,4604.005,4599.705,4602.005,0.1345
1778027400000,2026-05-06,00:30:00,4601.985,4608.695,4601.815,4608.498,0.1357
1778027700000,2026-05-06,00:35:00,4608.595,4610.185,4607.655,4608.155,0.1311
1778028000000,2026-05-06,00:40:00,4607.955,4610.798,4607.575,4610.015,0.1383
1778028300000,2026-05-06,00:45:00,4610.035,4610.915,4609.248,4609.605,0.1537
1778028600000,2026-05-06,00:50:00,4609.755,4611.465,4609.755,4610.648,0.1816
1778028900000,2026-05-06,00:55:00,4610.648,4619.795,4610.558,4618.475,0.1984
1778029200000,2026-05-06,01:00:00,4618.438,4622.355,4612.745,4615.235,0.2572
1778029500000,2026-05-06,01:05:00,4615.205,4615.435,4610.775,4612.205,0.1517
1778029800000,2026-05-06,01:10:00,4612.275,4612.685,4609.225,4611.205,0.1271
1778030100000,2026-05-06,01:15:00,4611.058,4618.575,4609.435,4617.545,0.1393
1778030400000,2026-05-06,01:20:00,4617.595,4623.605,4616.025,4623.345,0.1394
1778030700000,2026-05-06,01:25:00,4623.305,4625.675,4621.265,4624.755,0.166
1778031000000,2026-05-06,01:30:00,4624.695,4626.105,4620.315,4622.395,0.1936
1778031300000,2026-05-06,01:35:00,4622.435,4624.515,4620.075,4623.795,0.1663
1778031600000,2026-05-06,01:40:00,4623.765,4624.835,4621.635,4623.695,0.16
1778031900000,2026-05-06,01:45:00,4623.625,4628.755,4623.235,4628.415,0.1784
1778032200000,2026-05-06,01:50:00,4628.415,4628.625,4623.745,4624.625,0.1594
1778032500000,2026-05-06,01:55:00,4624.665,4626.705,4623.625,4625.885,0.141
1778032800000,2026-05-06,02:00:00,4625.865,4629.095,4625.095,4627.805,0.1545
1778033100000,2026-05-06,02:05:00,4627.875,4633.385,4627.385,4632.805,0.1678
1778033400000,2026-05-06,02:10:00,4632.855,4634.065,4629.945,4633.285,0.1408
1778033700000,2026-05-06,02:15:00,4633.225,4636.225,4632.245,4633.885,0.129
1778034000000,2026-05-06,02:20:00,4633.905,4635.625,4631.685,4633.425,0.1022
1778034300000,2026-05-06,02:25:00,4633.305,4634.285,4629.545,4629.785,0.0853
1778034600000,2026-05-06,02:30:00,4630.075,4632.105,4626.545,4631.105,0.1444
1778034900000,2026-05-06,02:35:00,4631.315,4634.055,4630.265,4630.655,0.1277
1778035200000,2026-05-06,02:40:00,4630.695,4634.905,4630.015,4634.365,0.12
1778035500000,2026-05-06,02:45:00,4634.415,4638.455,4633.545,4635.495,0.1533
1778035800000,2026-05-06,02:50:00,4635.445,4638.635,4634.385,4638.485,0.1119
1778036100000,2026-05-06,02:55:00,4638.395,4641.585,4638.225,4640.465,0.1304
1778036400000,2026-05-06,03:00:00,4640.375,4642.425,4638.315,4640.995,0.1615
1778036700000,2026-05-06,03:05:00,4640.965,4645.425,4640.285,4644.425,0.1399
1778037000000,2026-05-06,03:10:00,4644.485,4650.175,4642.855,4647.625,0.1447
1778037300000,2026-05-06,03:15:00,4647.505,4650.105,4646.095,4649.355,0.1447
1778037600000,2026-05-06,03:20:00,4649.355,4651.035,4644.605,4645.615,0.1441
1778037900000,2026-05-06,03:25:00,4645.485,4646.645,4644.245,4645.485,0.1123
1778038200000,2026-05-06,03:30:00,4645.405,4645.405,4642.345,4643.715,0.1077
1778038500000,2026-05-06,03:35:00,4643.405,4651.755,4643.385,4651.155,0.1457
1778038800000,2026-05-06,03:40:00,4651.035,4651.285,4645.005,4647.525,0.1286
1778039100000,2026-05-06,03:45:00,4647.505,4648.235,4643.995,4644.245,0.104
1778039400000,2026-05-06,03:50:00,4644.245,4646.375,4643.605,4643.925,0.0812
1778039700000,2026-05-06,03:55:00,4643.965,4644.895,4642.745,4643.455,0.0663
1778040000000,2026-05-06,04:00:00,4643.475,4645.555,4643.248,4644.395,0.0768
1778040300000,2026-05-06,04:05:00,4644.335,4647.625,4643.225,4645.675,0.091
1778040600000,2026-05-06,04:10:00,4645.755,4647.485,4645.245,4647.485,0.0654
1778040900000,2026-05-06,04:15:00,4647.935,4648.745,4645.555,4645.685,0.0676
1778041200000,2026-05-06,04:20:00,4645.675,4646.255,4645.445,4646.205,0.0566
1778041500000,2026-05-06,04:25:00,4646.255,4653.285,4645.348,4652.298,0.1753
1778041800000,2026-05-06,04:30:00,4652.398,4652.468,4648.945,4649.445,0.157
1778042100000,2026-05-06,04:35:00,4649.615,4651.225,4648.065,4648.955,0.1339
1778042400000,2026-05-06,04:40:00,4648.925,4650.115,4645.735,4647.415,0.1571
1778042700000,2026-05-06,04:45:00,4647.495,4652.365,4646.915,4650.025,0.1214
1778043000000,2026-05-06,04:50:00,4650.045,4651.635,4648.105,4648.795,0.1181
1778043300000,2026-05-06,04:55:00,4648.765,4650.825,4648.515,4648.655,0.1022
1778043600000,2026-05-06,05:00:00,4648.675,4653.525,4648.545,4651.815,0.0928
1778043900000,2026-05-06,05:05:00,4651.845,4656.305,4650.195,4655.345,0.1259
1778044200000,2026-05-06,05:10:00,4655.315,4655.995,4652.865,4654.615,0.0932
1778044500000,2026-05-06,05:15:00,4654.635,4654.635,4649.268,4651.635,0.1047
1778044800000,2026-05-06,05:20:00,4651.635,4653.715,4649.875,4653.645,0.0797
1778045100000,2026-05-06,05:25:00,4653.585,4655.085,4650.115,4650.185,0.0708
1778045400000,2026-05-06,05:30:00,4650.125,4651.785,4644.615,4646.535,0.1704
1778045700000,2026-05-06,05:35:00,4646.575,4647.335,4644.375,4646.745,0.1114
1778046000000,2026-05-06,05:40:00,4646.715,4650.955,4644.898,4649.805,0.1124
1778046300000,2026-05-06,05:45:00,4649.755,4651.425,4649.015,4649.415,0.1296
1778046600000,2026-05-06,05:50:00,4649.335,4653.135,4649.305,4652.675,0.1319
1778046900000,2026-05-06,05:55:00,4652.935,4663.605,4651.855,4662.875,0.1897
1778047200000,2026-05-06,06:00:00,4662.795,4665.258,4658.195,4658.285,0.1784
1778047500000,2026-05-06,06:05:00,4658.345,4665.745,4656.815,4663.295,0.1405
1778047800000,2026-05-06,06:10:00,4663.295,4664.165,4660.215,4660.215,0.1315
1778048100000,2026-05-06,06:15:00,4660.395,4661.375,4658.025,4658.105,0.105
1778048400000,2026-05-06,06:20:00,4658.085,4664.525,4657.795,4662.635,0.1273
1778048700000,2026-05-06,06:25:00,4662.685,4666.575,4661.765,4665.925,0.1072
1778049000000,2026-05-06,06:30:00,4665.945,4668.155,4663.135,4663.865,0.1369
1778049300000,2026-05-06,06:35:00,4663.818,4668.525,4662.015,4665.925,0.1489
1778049600000,2026-05-06,06:40:00,4665.948,4667.605,4659.895,4664.065,0.1587
1778049900000,2026-05-06,06:45:00,4664.145,4666.665,4663.415,4664.645,0.1145
1778050200000,2026-05-06,06:50:00,4664.665,4665.325,4662.695,4664.615,0.0977
1778050500000,2026-05-06,06:55:00,4664.585,4669.655,4664.255,4669.175,0.1483
1778050800000,2026-05-06,07:00:00,4669.215,4670.125,4665.305,4667.555,0.152
1778051100000,2026-05-06,07:05:00,4667.575,4668.075,4665.818,4666.625,0.1217
1778051400000,2026-05-06,07:10:00,4666.695,4667.625,4658.608,4658.608,0.1572
1778051700000,2026-05-06,07:15:00,4658.608,4660.535,4657.255,4660.495,0.1309
1778052000000,2026-05-06,07:20:00,4660.385,4665.235,4659.325,4664.475,0.1405
1778052300000,2026-05-06,07:25:00,4664.475,4669.955,4663.075,4667.355,0.1852
1778052600000,2026-05-06,07:30:00,4667.345,4668.095,4663.115,4665.735,0.1538
1778052900000,2026-05-06,07:35:00,4665.765,4666.645,4663.058,4664.765,0.1144
1778053200000,2026-05-06,07:40:00,4664.755,4670.345,4664.405,4670.345,0.1069
1778053500000,2026-05-06,07:45:00,4670.335,4677.235,4670.105,4675.025,0.2793
1778053800000,2026-05-06,07:50:00,4675.025,4678.055,4673.808,4674.075,0.1429
1778054100000,2026-05-06,07:55:00,4674.075,4681.715,4673.965,4681.495,0.1441
1778054400000,2026-05-06,08:00:00,4681.165,4682.285,4675.595,4677.615,0.1891
1778054700000,2026-05-06,08:05:00,4677.565,4679.895,4674.985,4677.205,0.1475
1778055000000,2026-05-06,08:10:00,4677.235,4681.975,4676.555,4679.245,0.1721
1778055300000,2026-05-06,08:15:00,4679.228,4680.645,4677.298,4678.415,0.1321
1778055600000,2026-05-06,08:20:00,4678.415,4679.298,4676.505,4678.035,0.1353
1778055900000,2026-05-06,08:25:00,4678.035,4679.745,4676.645,4676.805,0.0931
1778056200000,2026-05-06,08:30:00,4676.825,4677.945,4675.015,4675.805,0.1235
1778056500000,2026-05-06,08:35:00,4675.825,4675.875,4671.435,4675.635,0.1762
1778056800000,2026-05-06,08:40:00,4675.635,4678.775,4673.255,4677.385,0.1186
1778057100000,2026-05-06,08:45:00,4677.465,4681.955,4677.325,4679.765,0.0829
1778057400000,2026-05-06,08:50:00,4679.705,4702.298,4679.575,4697.185,0.43
1778057700000,2026-05-06,08:55:00,4697.355,4701.035,4692.785,4700.005,0.3673
1778058000000,2026-05-06,09:00:00,4700.345,4708.435,4692.225,4692.335,0.3492
1778058300000,2026-05-06,09:05:00,4692.085,4696.555,4688.825,4695.035,0.3087
1778058600000,2026-05-06,09:10:00,4695.265,4698.815,4693.685,4695.775,0.2245
1778058900000,2026-05-06,09:15:00,4695.715,4702.835,4694.805,4699.745,0.2713
1778059200000,2026-05-06,09:20:00,4699.905,4700.105,4691.295,4695.735,0.2684
1778059500000,2026-05-06,09:25:00,4695.925,4704.955,4694.325,4700.165,0.2395
1778059800000,2026-05-06,09:30:00,4699.855,4704.275,4696.235,4703.555,0.2652
1778060100000,2026-05-06,09:35:00,4703.525,4705.755,4701.518,4703.105,0.2345
1778060400000,2026-05-06,09:40:00,4703.185,4704.655,4695.595,4695.825,0.1937
1778060700000,2026-05-06,09:45:00,4695.755,4702.075,4693.998,4701.135,0.1992
1778061000000,2026-05-06,09:50:00,4701.055,4701.055,4697.228,4699.965,0.159
1778061300000,2026-05-06,09:55:00,4699.995,4702.815,4699.945,4701.565,0.1577
1778061600000,2026-05-06,10:00:00,4701.605,4705.525,4698.715,4700.595,0.2145
1778061900000,2026-05-06,10:05:00,4700.555,4701.645,4695.708,4696.285,0.1427
1778062200000,2026-05-06,10:10:00,4696.515,4699.995,4695.825,4697.985,0.1446
1778062500000,2026-05-06,10:15:00,4697.945,4700.885,4695.275,4698.485,0.1286
1778062800000,2026-05-06,10:20:00,4698.495,4701.895,4697.305,4701.125,0.1572
1778063100000,2026-05-06,10:25:00,4701.155,4704.605,4701.025,4704.425,0.1594
1778063400000,2026-05-06,10:30:00,4704.425,4712.055,4704.405,4709.325,0.2601
1778063700000,2026-05-06,10:35:00,4709.725,4710.845,4707.935,4709.955,0.1908
1778064000000,2026-05-06,10:40:00,4710.055,4716.025,4709.705,4714.085,0.2583
1778064300000,2026-05-06,10:45:00,4714.145,4715.445,4707.118,4710.615,0.3514
1778064600000,2026-05-06,10:50:00,4710.655,4722.825,4709.935,4721.695,0.2793
1778064900000,2026-05-06,10:55:00,4721.695,4721.725,4715.695,4717.795,0.3034
1778065200000,2026-05-06,11:00:00,4717.805,4720.385,4711.425,4713.505,0.3044
1778065500000,2026-05-06,11:05:00,4713.505,4721.025,4713.165,4719.915,0.2228
1778065800000,2026-05-06,11:10:00,4719.945,4720.475,4709.025,4711.795,0.2731
1778066100000,2026-05-06,11:15:00,4711.825,4713.465,4709.058,4711.955,0.2626
1778066400000,2026-05-06,11:20:00,4711.925,4712.585,4708.815,4709.875,0.2392
1778066700000,2026-05-06,11:25:00,4709.895,4712.475,4705.285,4705.345,0.24
1778067000000,2026-05-06,11:30:00,4705.355,4715.405,4704.098,4713.605,0.213
1778067300000,2026-05-06,11:35:00,4713.605,4714.955,4709.485,4710.125,0.1528
1778067600000,2026-05-06,11:40:00,4710.235,4711.405,4698.045,4699.405,0.3218
1778067900000,2026-05-06,11:45:00,4699.405,4702.485,4696.835,4697.565,0.2871
1778068200000,2026-05-06,11:50:00,4697.765,4700.225,4695.875,4697.755,0.2514
1778068500000,2026-05-06,11:55:00,4697.825,4697.905,4690.658,4691.748,0.2718
1778068800000,2026-05-06,12:00:00,4691.995,4692.885,4681.465,4685.505,0.3453
1778069100000,2026-05-06,12:05:00,4685.445,4687.395,4679.795,4682.318,0.3436
1778069400000,2026-05-06,12:10:00,4682.318,4682.318,4670.275,4671.855,0.2964
1778069700000,2026-05-06,12:15:00,4671.925,4676.855,4660.195,4670.495,0.4217
1778070000000,2026-05-06,12:20:00,4670.475,4683.605,4669.305,4682.615,0.386
1778070300000,2026-05-06,12:25:00,4682.635,4688.485,4682.255,4683.105,0.2852
1778070600000,2026-05-06,12:30:00,4683.175,4685.255,4677.925,4683.455,0.2964
1778070900000,2026-05-06,12:35:00,4683.805,4684.055,4678.838,4680.095,0.2731
1778071200000,2026-05-06,12:40:00,4680.075,4683.365,4679.155,4682.535,0.2548
1778071500000,2026-05-06,12:45:00,4682.555,4684.505,4678.795,4680.915,0.2217
1778071800000,2026-05-06,12:50:00,4680.915,4681.345,4676.855,4677.365,0.2291
1778072100000,2026-05-06,12:55:00,4677.335,4683.415,4676.705,4683.045,0.2471
1778072400000,2026-05-06,13:00:00,4683.055,4692.305,4677.145,4683.285,0.3617
1778072700000,2026-05-06,13:05:00,4683.205,4685.245,4668.645,4673.015,0.4124
1778073000000,2026-05-06,13:10:00,4673.785,4683.445,4672.105,4683.445,0.2935
1778073300000,2026-05-06,13:15:00,4683.405,4690.995,4682.655,4682.745,0.2891
1778073600000,2026-05-06,13:20:00,4682.765,4685.615,4679.295,4685.295,0.2691
1778073900000,2026-05-06,13:25:00,4685.305,4686.425,4682.335,4684.955,0.2526
1778074200000,2026-05-06,13:30:00,4684.905,4698.335,4680.055,4697.605,0.4109
1778074500000,2026-05-06,13:35:00,4697.565,4698.995,4692.975,4694.065,0.4025
1778074800000,2026-05-06,13:40:00,4694.165,4698.395,4693.085,4695.155,0.3961
1778075100000,2026-05-06,13:45:00,4695.105,4701.215,4692.295,4700.745,0.3577
1778075400000,2026-05-06,13:50:00,4700.715,4707.655,4693.525,4703.725,0.3902
1778075700000,2026-05-06,13:55:00,4703.765,4705.995,4701.445,4701.925,0.3425
1778076000000,2026-05-06,14:00:00,4701.758,4709.905,4700.645,4705.695,0.3976
1778076300000,2026-05-06,14:05:00,4705.705,4709.045,4697.395,4707.885,0.4174
1778076600000,2026-05-06,14:10:00,4707.875,4712.345,4706.055,4710.835,0.3963
1778076900000,2026-05-06,14:15:00,4710.875,4717.205,4710.875,4712.925,0.341
1778077200000,2026-05-06,14:20:00,4712.865,4715.285,4708.525,4709.065,0.3358
1778077500000,2026-05-06,14:25:00,4709.075,4712.945,4704.615,4705.465,0.3361
1778077800000,2026-05-06,14:30:00,4705.515,4709.645,4704.485,4706.665,0.3328
1778078100000,2026-05-06,14:35:00,4706.645,4709.755,4704.695,4708.095,0.3113
1778078400000,2026-05-06,14:40:00,4708.145,4714.345,4705.485,4713.075,0.3619
1778078700000,2026-05-06,14:45:00,4713.145,4713.795,4704.785,4705.625,0.3634
1778079000000,2026-05-06,14:50:00,4705.725,4706.765,4700.575,4701.185,0.3345
1778079300000,2026-05-06,14:55:00,4701.195,4706.905,4701.195,4702.895,0.3184
1778079600000,2026-05-06,15:00:00,4702.845,4705.635,4700.225,4705.555,0.3002
1778079900000,2026-05-06,15:05:00,4705.615,4705.685,4697.215,4698.625,0.2865
1778080200000,2026-05-06,15:10:00,4698.475,4700.465,4693.215,4696.585,0.2929
1778080500000,2026-05-06,15:15:00,4696.575,4701.335,4694.025,4701.335,0.2859
1778080800000,2026-05-06,15:20:00,4701.355,4703.255,4698.285,4698.725,0.2441
1778081100000,2026-05-06,15:25:00,4698.745,4698.865,4694.995,4695.265,0.2341
1778081400000,2026-05-06,15:30:00,4695.265,4697.795,4693.225,4694.375,0.2442
1778081700000,2026-05-06,15:35:00,4694.345,4695.525,4691.425,4691.965,0.2225
1778082000000,2026-05-06,15:40:00,4692.025,4694.205,4689.125,4692.805,0.2317
1778082300000,2026-05-06,15:45:00,4692.775,4694.705,4690.655,4692.875,0.305
1778082600000,2026-05-06,15:50:00,4692.825,4693.805,4690.685,4692.445,0.3028
1778082900000,2026-05-06,15:55:00,4692.115,4693.535,4687.625,4687.625,0.2596
1778083200000,2026-05-06,16:00:00,4687.455,4687.695,4683.595,4685.845,0.3269
1778083500000,2026-05-06,16:05:00,4685.865,4688.315,4681.155,4683.165,0.2935
1778083800000,2026-05-06,16:10:00,4683.275,4685.345,4681.985,4683.555,0.2494
1778084100000,2026-05-06,16:15:00,4683.555,4685.655,4682.385,4684.265,0.2596
1778084400000,2026-05-06,16:20:00,4684.425,4684.985,4682.675,4683.265,0.2206
1778084700000,2026-05-06,16:25:00,4683.245,4688.485,4683.115,4688.195,0.2498
1778085000000,2026-05-06,16:30:00,4688.195,4690.155,4685.395,4687.335,0.238
1778085300000,2026-05-06,16:35:00,4687.315,4689.995,4686.095,4689.435,0.2269
1778085600000,2026-05-06,16:40:00,4689.505,4692.065,4688.605,4688.645,0.2424
1778085900000,2026-05-06,16:45:00,4688.645,4689.855,4686.185,4687.935,0.2792
1778086200000,2026-05-06,16:50:00,4687.935,4688.755,4683.335,4684.325,0.2351
1778086500000,2026-05-06,16:55:00,4684.295,4685.825,4679.315,4682.915,0.3048
1778086800000,2026-05-06,17:00:00,4682.975,4685.885,4679.565,4685.805,0.3286
1778087100000,2026-05-06,17:05:00,4685.735,4687.985,4684.525,4686.095,0.2435
1778087400000,2026-05-06,17:10:00,4686.115,4686.975,4684.405,4685.465,0.2199
1778087700000,2026-05-06,17:15:00,4685.465,4686.105,4681.265,4681.435,0.1997
1778088000000,2026-05-06,17:20:00,4681.375,4683.295,4680.505,4681.315,0.279
1778088300000,2026-05-06,17:25:00,4681.205,4684.525,4680.015,4682.975,0.2761
1778088600000,2026-05-06,17:30:00,4683.005,4683.435,4680.425,4682.705,0.2118
1778088900000,2026-05-06,17:35:00,4682.715,4682.715,4679.285,4679.305,0.2126
1778089200000,2026-05-06,17:40:00,4679.305,4681.025,4678.845,4680.495,0.2173
1778089500000,2026-05-06,17:45:00,4680.545,4682.115,4680.315,4680.835,0.2113
1778089800000,2026-05-06,17:50:00,4680.745,4681.875,4680.285,4681.635,0.1687
1778090100000,2026-05-06,17:55:00,4681.615,4684.505,4681.615,4684.005,0.1378
1778090400000,2026-05-06,18:00:00,4684.075,4685.315,4681.805,4682.615,0.1611
1778090700000,2026-05-06,18:05:00,4682.635,4685.385,4682.595,4685.255,0.1554
1778091000000,2026-05-06,18:10:00,4685.195,4687.455,4684.685,4686.745,0.1413
1778091300000,2026-05-06,18:15:00,4686.815,4689.048,4686.298,4688.415,0.1401
1778091600000,2026-05-06,18:20:00,4688.465,4690.435,4687.125,4687.765,0.138
1778091900000,2026-05-06,18:25:00,4687.695,4688.835,4687.255,4687.635,0.1333
1778092200000,2026-05-06,18:30:00,4687.975,4689.425,4686.665,4689.055,0.1973
1778092500000,2026-05-06,18:35:00,4688.995,4690.205,4687.915,4688.175,0.1663
1778092800000,2026-05-06,18:40:00,4688.175,4688.175,4685.085,4686.075,0.119
1778093100000,2026-05-06,18:45:00,4686.095,4688.005,4685.485,4686.925,0.1607
1778093400000,2026-05-06,18:50:00,4686.925,4687.495,4684.735,4686.305,0.2258
1778093700000,2026-05-06,18:55:00,4686.305,4687.335,4685.295,4685.915,0.2015
1778094000000,2026-05-06,19:00:00,4685.955,4692.625,4685.905,4691.145,0.2522
1778094300000,2026-05-06,19:05:00,4690.835,4694.615,4690.605,4694.155,0.1346
1778094600000,2026-05-06,19:10:00,4694.095,4695.635,4693.555,4695.005,0.1248
1778094900000,2026-05-06,19:15:00,4695.075,4697.945,4694.805,4696.455,0.1489
1778095200000,2026-05-06,19:20:00,4696.455,4700.025,4696.405,4699.665,0.1348
1778095500000,2026-05-06,19:25:00,4699.665,4699.775,4697.615,4698.245,0.1389
1778095800000,2026-05-06,19:30:00,4698.235,4698.825,4695.605,4697.135,0.1454
1778096100000,2026-05-06,19:35:00,4697.095,4698.735,4696.045,4697.305,0.146
1778096400000,2026-05-06,19:40:00,4697.505,4697.515,4693.805,4695.195,0.1325
1778096700000,2026-05-06,19:45:00,4695.175,4696.615,4694.325,4694.615,0.1331
1778097000000,2026-05-06,19:50:00,4695.135,4698.275,4695.135,4697.225,0.2154
1778097300000,2026-05-06,19:55:00,4697.225,4697.625,4692.175,4692.245,0.1992
1778097600000,2026-05-06,20:00:00,4692.215,4695.045,4692.215,4695.025,0.155
1778097900000,2026-05-06,20:05:00,4695.095,4697.035,4694.495,4696.385,0.0735
1778098200000,2026-05-06,20:10:00,4696.365,4699.505,4695.955,4698.815,0.0806
1778098500000,2026-05-06,20:15:00,4698.865,4699.325,4696.985,4697.895,0.0655
1778098800000,2026-05-06,20:20:00,4697.875,4698.345,4693.695,4694.275,0.0758
1778099100000,2026-05-06,20:25:00,4694.265,4694.435,4691.745,4692.465,0.0628
1778099400000,2026-05-06,20:30:00,4692.525,4692.945,4689.895,4689.985,0.0673
1778099700000,2026-05-06,20:35:00,4690.005,4691.995,4689.555,4690.555,0.072
1778100000000,2026-05-06,20:40:00,4690.425,4690.465,4688.495,4688.515,0.0613
1778100300000,2026-05-06,20:45:00,4688.515,4689.445,4685.005,4689.235,0.0619
1778100600000,2026-05-06,20:50:00,4689.305,4691.045,4687.615,4690.875,0.0618
1778100900000,2026-05-06,20:55:00,4690.935,4691.725,4688.103,4690.965,0.0522
1778104800000,2026-05-06,22:00:00,4691.535,4696.385,4689.115,4690.355,0.0782
1778105100000,2026-05-06,22:05:00,4690.375,4694.515,4690.255,4694.245,0.0367
1778105400000,2026-05-06,22:10:00,4694.185,4698.115,4693.095,4696.925,0.0632
1778105700000,2026-05-06,22:15:00,4696.875,4699.495,4696.065,4699.325,0.0516
1778106000000,2026-05-06,22:20:00,4699.005,4699.625,4696.985,4697.665,0.0507
1778106300000,2026-05-06,22:25:00,4697.725,4698.305,4693.015,4695.135,0.0546
1778106600000,2026-05-06,22:30:00,4695.195,4697.945,4694.225,4697.795,0.039
1778106900000,2026-05-06,22:35:00,4697.775,4699.355,4696.065,4697.015,0.0507
1778107200000,2026-05-06,22:40:00,4696.915,4699.355,4696.295,4698.355,0.0385
1778107500000,2026-05-06,22:45:00,4698.325,4698.375,4695.645,4697.465,0.0324
1778107800000,2026-05-06,22:50:00,4697.485,4698.285,4695.605,4695.865,0.0349
1778108100000,2026-05-06,22:55:00,4695.755,4696.815,4694.265,4694.495,0.0623
1778108400000,2026-05-06,23:00:00,4694.455,4696.595,4693.775,4696.315,0.0742
1778108700000,2026-05-06,23:05:00,4696.355,4698.165,4695.395,4697.055,0.0727
1778109000000,2026-05-06,23:10:00,4696.605,4696.905,4693.745,4694.115,0.0365
1778109300000,2026-05-06,23:15:00,4694.075,4697.595,4693.735,4696.755,0.0409
1778109600000,2026-05-06,23:20:00,4696.695,4697.065,4692.645,4693.555,0.0456
1778109900000,2026-05-06,23:25:00,4693.535,4693.825,4690.145,4693.145,0.0586
1778110200000,2026-05-06,23:30:00,4693.265,4693.505,4691.515,4692.855,0.0494
1778110500000,2026-05-06,23:35:00,4692.815,4694.295,4692.565,4692.875,0.0269
1778110800000,2026-05-06,23:40:00,4692.915,4693.505,4692.555,4693.325,0.0179
1778111100000,2026-05-06,23:45:00,4693.395,4699.325,4693.265,4696.855,0.0846
1778111400000,2026-05-06,23:50:00,4696.825,4697.585,4695.475,4696.405,0.0566
1778111700000,2026-05-06,23:55:00,4696.375,4698.865,4696.345,4698.745,0.0965
1778112000000,2026-05-07,00:00:00,4698.695,4700.525,4692.585,4693.225,0.194
1778112300000,2026-05-07,00:05:00,4693.335,4695.615,4689.688,4694.755,0.222
1778112600000,2026-05-07,00:10:00,4694.715,4700.605,4694.365,4699.655,0.2168
1778112900000,2026-05-07,00:15:00,4699.695,4700.415,4694.835,4697.965,0.1483
1778113200000,2026-05-07,00:20:00,4697.915,4701.025,4696.795,4698.595,0.1348
1778113500000,2026-05-07,00:25:00,4698.338,4698.435,4691.848,4692.175,0.1432
1778113800000,2026-05-07,00:30:00,4692.105,4692.875,4688.545,4691.745,0.1552
1778114100000,2026-05-07,00:35:00,4691.815,4693.045,4690.345,4692.075,0.0958
1778114400000,2026-05-07,00:40:00,4692.125,4692.605,4685.785,4688.085,0.131
1778114700000,2026-05-07,00:45:00,4688.055,4691.065,4686.095,4689.575,0.1266
1778115000000,2026-05-07,00:50:00,4689.575,4691.395,4685.615,4685.765,0.1162
1778115300000,2026-05-07,00:55:00,4685.805,4688.805,4685.235,4688.385,0.1512
1778115600000,2026-05-07,01:00:00,4688.505,4693.665,4684.965,4692.405,0.238
1778115900000,2026-05-07,01:05:00,4692.385,4698.605,4691.585,4697.315,0.2081
1778116200000,2026-05-07,01:10:00,4697.355,4710.955,4697.315,4709.465,0.2382
1778116500000,2026-05-07,01:15:00,4709.515,4716.275,4707.595,4712.635,0.2324
1778116800000,2026-05-07,01:20:00,4712.315,4713.005,4708.555,4709.675,0.1914
1778117100000,2026-05-07,01:25:00,4709.835,4710.825,4703.425,4703.905,0.1851
1778117400000,2026-05-07,01:30:00,4703.805,4707.315,4702.135,4705.095,0.2319
1778117700000,2026-05-07,01:35:00,4705.125,4713.195,4704.875,4713.165,0.2013
1778118000000,2026-05-07,01:40:00,4713.185,4718.035,4711.195,4712.655,0.2156
1778118300000,2026-05-07,01:45:00,4712.675,4720.045,4712.425,4718.695,0.1659
1778118600000,2026-05-07,01:50:00,4718.655,4721.225,4716.755,4716.765,0.1606
1778118900000,2026-05-07,01:55:00,4716.835,4717.415,4713.115,4714.588,0.1864
1778119200000,2026-05-07,02:00:00,4714.588,4718.395,4714.275,4714.735,0.2062
1778119500000,2026-05-07,02:05:00,4714.785,4716.815,4712.755,4713.075,0.1349
1778119800000,2026-05-07,02:10:00,4713.055,4713.485,4703.235,4703.775,0.2158
1778120100000,2026-05-07,02:15:00,4703.805,4707.665,4702.625,4705.975,0.1407
1778120400000,2026-05-07,02:20:00,4705.905,4707.335,4701.545,4703.235,0.1311
1778120700000,2026-05-07,02:25:00,4703.385,4705.445,4701.525,4702.515,0.1287
1778121000000,2026-05-07,02:30:00,4702.415,4703.125,4699.645,4700.895,0.1927
1778121300000,2026-05-07,02:35:00,4700.915,4703.785,4700.645,4701.895,0.1384
1778121600000,2026-05-07,02:40:00,4701.915,4705.215,4700.895,4703.935,0.0944
1778121900000,2026-05-07,02:45:00,4704.005,4707.475,4704.005,4706.395,0.0856
1778122200000,2026-05-07,02:50:00,4706.325,4707.125,4704.585,4706.435,0.0944
1778122500000,2026-05-07,02:55:00,4706.415,4709.745,4705.505,4707.005,0.1166
1778122800000,2026-05-07,03:00:00,4706.785,4709.435,4704.615,4709.315,0.1172
1778123100000,2026-05-07,03:05:00,4709.455,4709.615,4706.995,4708.395,0.1234
1778123400000,2026-05-07,03:10:00,4708.425,4708.895,4703.945,4705.605,0.1092
1778123700000,2026-05-07,03:15:00,4705.655,4708.295,4704.835,4708.125,0.0841
1778124000000,2026-05-07,03:20:00,4708.165,4708.535,4704.885,4705.755,0.1246
1778124300000,2026-05-07,03:25:00,4705.675,4706.765,4704.035,4704.235,0.129
1778124600000,2026-05-07,03:30:00,4704.305,4704.715,4702.065,4703.935,0.09
1778124900000,2026-05-07,03:35:00,4703.905,4704.825,4702.245,4704.695,0.0797
1778125200000,2026-05-07,03:40:00,4704.715,4704.715,4702.225,4703.625,0.066
1778125500000,2026-05-07,03:45:00,4703.585,4704.115,4701.505,4704.075,0.0745
1778125800000,2026-05-07,03:50:00,4704.125,4704.665,4702.075,4703.995,0.0733
1778126100000,2026-05-07,03:55:00,4703.925,4703.965,4698.615,4698.835,0.1035
1778126400000,2026-05-07,04:00:00,4698.865,4700.535,4696.855,4698.125,0.1196
1778126700000,2026-05-07,04:05:00,4698.165,4700.745,4697.855,4699.655,0.1186
1778127000000,2026-05-07,04:10:00,4699.655,4700.285,4696.545,4696.605,0.0925
1778127300000,2026-05-07,04:15:00,4696.585,4696.885,4694.815,4695.585,0.093
1778127600000,2026-05-07,04:20:00,4695.535,4698.255,4695.135,4697.545,0.0874
1778127900000,2026-05-07,04:25:00,4697.585,4698.005,4695.445,4696.615,0.0904
1778128200000,2026-05-07,04:30:00,4696.625,4697.295,4693.275,4693.505,0.0711
1778128500000,2026-05-07,04:35:00,4693.315,4695.935,4692.095,4695.685,0.0752
1778128800000,2026-05-07,04:40:00,4695.645,4698.945,4695.645,4697.765,0.0917
1778129100000,2026-05-07,04:45:00,4697.715,4698.785,4694.325,4695.125,0.0837
1778129400000,2026-05-07,04:50:00,4695.105,4696.425,4693.795,4695.445,0.0634
1778129700000,2026-05-07,04:55:00,4695.315,4697.385,4694.095,4696.195,0.0749
1778130000000,2026-05-07,05:00:00,4696.215,4701.085,4696.055,4699.695,0.1097
1778130300000,2026-05-07,05:05:00,4699.675,4699.675,4698.148,4698.905,0.1002
1778130600000,2026-05-07,05:10:00,4698.875,4700.595,4698.705,4700.125,0.0761
1778130900000,2026-05-07,05:15:00,4700.405,4700.405,4695.595,4695.755,0.0686
1778131200000,2026-05-07,05:20:00,4695.785,4697.395,4694.868,4695.125,0.0884
1778131500000,2026-05-07,05:25:00,4695.105,4696.455,4694.625,4695.775,0.076
1778131800000,2026-05-07,05:30:00,4695.805,4705.505,4694.795,4703.035,0.1768
1778132100000,2026-05-07,05:35:00,4703.005,4705.835,4702.285,4705.055,0.1276
1778132400000,2026-05-07,05:40:00,4705.055,4705.655,4702.965,4703.365,0.1356
1778132700000,2026-05-07,05:45:00,4703.315,4705.005,4702.215,4704.915,0.1085
1778133000000,2026-05-07,05:50:00,4704.515,4706.365,4702.755,4704.505,0.1345
1778133300000,2026-05-07,05:55:00,4704.525,4704.825,4700.525,4700.895,0.1442
1778133600000,2026-05-07,06:00:00,4700.895,4707.495,4700.895,4705.815,0.1194
1778133900000,2026-05-07,06:05:00,4705.835,4708.105,4704.625,4707.705,0.1115
1778134200000,2026-05-07,06:10:00,4707.675,4710.195,4707.155,4707.915,0.1237
1778134500000,2026-05-07,06:15:00,4707.955,4710.875,4707.095,4709.715,0.1231
1778134800000,2026-05-07,06:20:00,4709.695,4713.845,4709.155,4713.395,0.1521
1778135100000,2026-05-07,06:25:00,4713.385,4717.645,4711.315,4717.125,0.1411
1778135400000,2026-05-07,06:30:00,4717.105,4733.665,4715.775,4732.795,0.229
1778135700000,2026-05-07,06:35:00,4733.105,4743.945,4732.975,4742.255,0.227
1778136000000,2026-05-07,06:40:00,4742.368,4749.805,4739.745,4745.685,0.2645
1778136300000,2026-05-07,06:45:00,4745.598,4746.855,4737.548,4737.585,0.1715
1778136600000,2026-05-07,06:50:00,4737.525,4739.928,4735.698,4736.325,0.1815
1778136900000,2026-05-07,06:55:00,4736.245,4739.415,4735.485,4738.885,0.1638
1778137200000,2026-05-07,07:00:00,4738.766,4741.065,4731.345,4734.165,0.299
1778137500000,2026-05-07,07:05:00,4734.165,4745.565,4732.895,4744.195,0.3405
1778137800000,2026-05-07,07:10:00,4744.198,4750.115,4743.158,4748.885,0.3586
1778138100000,2026-05-07,07:15:00,4748.935,4750.375,4741.875,4743.285,0.3736
1778138400000,2026-05-07,07:20:00,4743.335,4744.715,4739.205,4739.505,0.28
1778138700000,2026-05-07,07:25:00,4739.805,4742.155,4737.665,4739.325,0.2942
1778139000000,2026-05-07,07:30:00,4739.335,4742.905,4738.045,4741.655,0.2716
1778139300000,2026-05-07,07:35:00,4741.785,4742.805,4739.105,4739.905,0.2556
1778139600000,2026-05-07,07:40:00,4739.895,4743.955,4739.425,4742.765,0.222
1778139900000,2026-05-07,07:45:00,4742.795,4743.335,4736.935,4738.975,0.2573
1778140200000,2026-05-07,07:50:00,4739.035,4743.825,4738.695,4740.585,0.2565
1778140500000,2026-05-07,07:55:00,4740.675,4744.465,4738.835,4743.125,0.2407
1778140800000,2026-05-07,08:00:00,4743.125,4751.285,4742.495,4749.525,0.334
1778141100000,2026-05-07,08:05:00,4749.545,4753.275,4745.815,4747.975,0.309
1778141400000,2026-05-07,08:10:00,4747.975,4748.365,4742.265,4742.475,0.2871
1778141700000,2026-05-07,08:15:00,4742.395,4742.875,4735.385,4736.415,0.2811
1778142000000,2026-05-07,08:20:00,4736.415,4739.745,4735.205,4739.635,0.2584
1778142300000,2026-05-07,08:25:00,4739.635,4742.105,4733.645,4740.035,0.2045
1778142600000,2026-05-07,08:30:00,4739.995,4741.705,4736.285,4737.025,0.2034
1778142900000,2026-05-07,08:35:00,4737.045,4738.405,4733.715,4736.305,0.1925
1778143200000,2026-05-07,08:40:00,4736.335,4738.455,4734.895,4735.125,0.137
1778143500000,2026-05-07,08:45:00,4735.045,4736.015,4733.185,4735.645,0.1521
1778143800000,2026-05-07,08:50:00,4735.755,4737.135,4732.255,4734.095,0.1843
1778144100000,2026-05-07,08:55:00,4734.095,4734.555,4730.685,4730.845,0.1829
1778144400000,2026-05-07,09:00:00,4730.945,4730.945,4721.665,4726.255,0.2395
1778144700000,2026-05-07,09:05:00,4726.285,4732.745,4726.035,4732.625,0.1892
1778145000000,2026-05-07,09:10:00,4732.645,4736.225,4732.285,4733.975,0.1912
1778145300000,2026-05-07,09:15:00,4733.955,4737.225,4731.365,4735.375,0.1518
1778145600000,2026-05-07,09:20:00,4735.305,4737.685,4733.635,4736.555,0.1701
1778145900000,2026-05-07,09:25:00,4736.538,4738.615,4733.855,4735.425,0.1643
1778146200000,2026-05-07,09:30:00,4735.228,4736.415,4732.945,4735.855,0.2079
1778146500000,2026-05-07,09:35:00,4735.835,4736.965,4733.445,4735.475,0.1891
1778146800000,2026-05-07,09:40:00,4735.455,4739.275,4735.255,4737.625,0.1365
1778147100000,2026-05-07,09:45:00,4737.955,4738.865,4735.025,4735.505,0.1527
1778147400000,2026-05-07,09:50:00,4735.595,4736.365,4732.805,4733.625,0.2174
1778147700000,2026-05-07,09:55:00,4733.895,4734.055,4725.675,4728.835,0.2442
1778148000000,2026-05-07,10:00:00,4728.785,4731.625,4726.405,4729.455,0.2304
1778148300000,2026-05-07,10:05:00,4729.455,4733.425,4728.175,4733.105,0.2003
1778148600000,2026-05-07,10:10:00,4733.075,4734.855,4732.295,4734.745,0.1544
1778148900000,2026-05-07,10:15:00,4734.715,4736.105,4730.935,4731.218,0.1728
1778149200000,2026-05-07,10:20:00,4731.218,4733.655,4728.325,4732.725,0.188
1778149500000,2026-05-07,10:25:00,4732.945,4734.145,4731.365,4732.275,0.1726
1778149800000,2026-05-07,10:30:00,4732.295,4732.295,4727.735,4730.305,0.1928
1778150100000,2026-05-07,10:35:00,4730.305,4738.345,4729.535,4736.215,0.1842
1778150400000,2026-05-07,10:40:00,4736.315,4739.725,4735.938,4738.925,0.1486
1778150700000,2026-05-07,10:45:00,4738.845,4739.605,4735.575,4735.915,0.1572
1778151000000,2026-05-07,10:50:00,4735.915,4737.785,4735.185,4736.935,0.149
1778151300000,2026-05-07,10:55:00,4736.975,4737.735,4735.175,4735.585,0.1742
1778151600000,2026-05-07,11:00:00,4735.895,4737.045,4734.535,4735.325,0.2173
1778151900000,2026-05-07,11:05:00,4735.325,4735.515,4732.125,4733.585,0.1902
1778152200000,2026-05-07,11:10:00,4733.555,4733.785,4728.145,4730.035,0.1867
1778152500000,2026-05-07,11:15:00,4730.025,4731.095,4727.115,4730.275,0.2226
1778152800000,2026-05-07,11:20:00,4730.215,4735.215,4728.605,4734.075,0.2125
1778153100000,2026-05-07,11:25:00,4734.105,4736.425,4730.515,4732.505,0.2385
1778153400000,2026-05-07,11:30:00,4732.555,4735.025,4731.675,4733.825,0.1933
1778153700000,2026-05-07,11:35:00,4733.835,4737.025,4733.178,4735.155,0.2414
1778154000000,2026-05-07,11:40:00,4735.175,4737.965,4734.085,4736.645,0.1785
1778154300000,2026-05-07,11:45:00,4736.675,4739.515,4735.155,4736.135,0.206
1778154600000,2026-05-07,11:50:00,4736.105,4739.535,4733.835,4739.445,0.2472
1778154900000,2026-05-07,11:55:00,4739.445,4743.585,4738.345,4742.605,0.2781
1778155200000,2026-05-07,12:00:00,4742.785,4745.775,4739.385,4740.915,0.3421
1778155500000,2026-05-07,12:05:00,4740.885,4744.065,4739.535,4740.435,0.2905
1778155800000,2026-05-07,12:10:00,4740.435,4746.085,4739.965,4744.005,0.341
1778156100000,2026-05-07,12:15:00,4743.975,4747.025,4742.325,4742.635,0.3222
1778156400000,2026-05-07,12:20:00,4742.595,4743.525,4734.125,4735.355,0.331
1778156700000,2026-05-07,12:25:00,4735.495,4739.185,4733.228,4737.885,0.2345
1778157000000,2026-05-07,12:30:00,4737.915,4749.335,4737.095,4747.065,0.2505
1778157300000,2026-05-07,12:35:00,4746.875,4749.475,4743.695,4746.025,0.2824
1778157600000,2026-05-07,12:40:00,4745.995,4751.555,4745.545,4751.055,0.2618
1778157900000,2026-05-07,12:45:00,4751.185,4752.435,4747.715,4751.815,0.2734
1778158200000,2026-05-07,12:50:00,4751.945,4752.455,4746.995,4747.665,0.2335
1778158500000,2026-05-07,12:55:00,4747.725,4749.975,4744.868,4749.955,0.2698
1778158800000,2026-05-07,13:00:00,4749.915,4750.065,4737.655,4738.615,0.3687
1778159100000,2026-05-07,13:05:00,4738.545,4741.465,4736.315,4740.905,0.3128
1778159400000,2026-05-07,13:10:00,4740.885,4740.995,4730.995,4733.265,0.3347
1778159700000,2026-05-07,13:15:00,4733.285,4740.225,4731.155,4740.195,0.2688
1778160000000,2026-05-07,13:20:00,4740.225,4744.655,4738.045,4744.575,0.2464
1778160300000,2026-05-07,13:25:00,4744.455,4746.515,4742.215,4745.175,0.2634
1778160600000,2026-05-07,13:30:00,4744.935,4758.035,4743.235,4755.765,0.4202
1778160900000,2026-05-07,13:35:00,4755.755,4756.735,4750.755,4752.395,0.3842
1778161200000,2026-05-07,13:40:00,4752.415,4752.685,4747.685,4748.315,0.3851
1778161500000,2026-05-07,13:45:00,4748.295,4749.215,4739.185,4742.255,0.4238
1778161800000,2026-05-07,13:50:00,4741.985,4744.765,4737.135,4743.805,0.4055
1778162100000,2026-05-07,13:55:00,4743.765,4748.525,4743.395,4746.115,0.3664
1778162400000,2026-05-07,14:00:00,4746.115,4749.395,4742.255,4745.785,0.3805
1778162700000,2026-05-07,14:05:00,4745.715,4748.115,4743.775,4747.455,0.3534
1778163000000,2026-05-07,14:10:00,4747.675,4753.805,4744.605,4751.725,0.3629
1778163300000,2026-05-07,14:15:00,4751.675,4753.765,4740.948,4751.005,0.3632
1778163600000,2026-05-07,14:20:00,4751.105,4757.895,4750.175,4757.065,0.3599
1778163900000,2026-05-07,14:25:00,4757.235,4759.345,4755.885,4756.495,0.3219
1778164200000,2026-05-07,14:30:00,4756.885,4758.745,4747.735,4749.215,0.3326
1778164500000,2026-05-07,14:35:00,4748.825,4753.905,4747.475,4753.645,0.3376
1778164800000,2026-05-07,14:40:00,4753.595,4756.745,4750.035,4751.658,0.3085
1778165100000,2026-05-07,14:45:00,4751.665,4758.375,4750.925,4758.135,0.3127
1778165400000,2026-05-07,14:50:00,4758.135,4761.675,4756.105,4760.645,0.3008
1778165700000,2026-05-07,14:55:00,4760.615,4763.285,4759.955,4762.575,0.2526
1778166000000,2026-05-07,15:00:00,4762.565,4764.595,4757.775,4759.295,0.3128
1778166300000,2026-05-07,15:05:00,4759.195,4759.765,4755.805,4758.518,0.3394
1778166600000,2026-05-07,15:10:00,4758.505,4761.005,4754.375,4754.635,0.3355
1778166900000,2026-05-07,15:15:00,4754.665,4756.035,4753.055,4753.795,0.3193
1778167200000,2026-05-07,15:20:00,4753.755,4755.995,4745.545,4747.065,0.328
1778167500000,2026-05-07,15:25:00,4746.905,4747.735,4736.255,4739.925,0.5634
1778167800000,2026-05-07,15:30:00,4739.885,4746.975,4739.375,4744.485,0.4462
1778168100000,2026-05-07,15:35:00,4744.465,4746.515,4741.195,4743.175,0.3288
1778168400000,2026-05-07,15:40:00,4743.138,4743.495,4738.825,4738.845,0.2407
1778168700000,2026-05-07,15:45:00,4738.735,4739.675,4733.885,4734.795,0.338
1778169000000,2026-05-07,15:50:00,4734.815,4736.935,4728.585,4732.165,0.3657
1778169300000,2026-05-07,15:55:00,4732.165,4732.175,4726.255,4729.045,0.3912
1778169600000,2026-05-07,16:00:00,4729.165,4729.595,4722.165,4724.005,0.4255
1778169900000,2026-05-07,16:05:00,4724.005,4725.035,4716.405,4717.358,0.4073
1778170200000,2026-05-07,16:10:00,4717.555,4720.165,4713.285,4715.115,0.4067
1778170500000,2026-05-07,16:15:00,4715.105,4715.105,4704.255,4706.235,0.4561
1778170800000,2026-05-07,16:20:00,4706.205,4717.735,4706.015,4717.575,0.3957
1778171100000,2026-05-07,16:25:00,4717.615,4722.835,4717.505,4719.975,0.3686
1778171400000,2026-05-07,16:30:00,4719.975,4720.695,4714.155,4719.285,0.3416
1778171700000,2026-05-07,16:35:00,4719.365,4719.395,4711.355,4711.885,0.361
1778172000000,2026-05-07,16:40:00,4711.885,4714.395,4710.195,4710.975,0.3382
1778172300000,2026-05-07,16:45:00,4710.975,4715.595,4710.265,4714.045,0.3242
1778172600000,2026-05-07,16:50:00,4714.085,4717.115,4710.395,4717.035,0.3116
1778172900000,2026-05-07,16:55:00,4717.015,4718.075,4712.015,4714.865,0.278
1778173200000,2026-05-07,17:00:00,4714.855,4717.615,4712.255,4716.405,0.292
1778173500000,2026-05-07,17:05:00,4716.375,4719.425,4714.635,4716.475,0.2598
1778173800000,2026-05-07,17:10:00,4716.675,4718.435,4711.565,4714.375,0.3075
1778174100000,2026-05-07,17:15:00,4714.565,4715.575,4705.715,4706.325,0.3425
1778174400000,2026-05-07,17:20:00,4706.375,4716.415,4705.355,4715.445,0.3908
1778174700000,2026-05-07,17:25:00,4715.395,4718.838,4687.565,4698.975,0.5453
1778175000000,2026-05-07,17:30:00,4698.945,4703.285,4693.275,4699.275,0.4196
1778175300000,2026-05-07,17:35:00,4699.295,4704.105,4695.655,4703.215,0.4343
1778175600000,2026-05-07,17:40:00,4703.235,4705.995,4698.078,4699.505,0.3928
1778175900000,2026-05-07,17:45:00,4699.395,4703.455,4698.095,4699.555,0.379
1778176200000,2026-05-07,17:50:00,4699.575,4704.155,4697.715,4704.125,0.3448
1778176500000,2026-05-07,17:55:00,4704.145,4711.945,4702.785,4711.295,0.4353
1778176800000,2026-05-07,18:00:00,4711.255,4712.285,4706.565,4707.445,0.3321
1778177100000,2026-05-07,18:05:00,4707.465,4711.825,4706.425,4707.455,0.2732
1778177400000,2026-05-07,18:10:00,4707.365,4709.705,4705.035,4707.905,0.2924
1778177700000,2026-05-07,18:15:00,4707.905,4709.795,4706.595,4708.245,0.2536
1778178000000,2026-05-07,18:20:00,4708.245,4710.835,4706.235,4706.465,0.3553
1778178300000,2026-05-07,18:25:00,4706.775,4712.885,4705.505,4712.735,0.3319
1778178600000,2026-05-07,18:30:00,4712.675,4715.215,4711.545,4713.555,0.2846
1778178900000,2026-05-07,18:35:00,4713.515,4716.015,4707.315,4713.055,0.3398
1778179200000,2026-05-07,18:40:00,4713.035,4714.605,4703.075,4705.985,0.3068
1778179500000,2026-05-07,18:45:00,4705.875,4708.865,4698.455,4700.415,0.3936
1778179800000,2026-05-07,18:50:00,4700.355,4704.665,4695.295,4703.155,0.3912
1778180100000,2026-05-07,18:55:00,4703.155,4711.245,4701.845,4709.495,0.341
1778180400000,2026-05-07,19:00:00,4709.555,4712.745,4704.815,4705.635,0.2816
1778180700000,2026-05-07,19:05:00,4705.535,4711.275,4705.535,4709.705,0.3082
1778181000000,2026-05-07,19:10:00,4709.625,4711.295,4708.505,4709.805,0.2421
1778181300000,2026-05-07,19:15:00,4709.835,4710.625,4699.695,4702.075,0.331
1778181600000,2026-05-07,19:20:00,4701.995,4705.305,4698.925,4700.305,0.3578
1778181900000,2026-05-07,19:25:00,4700.305,4706.265,4697.675,4705.015,0.3793
1778182200000,2026-05-07,19:30:00,4704.995,4708.165,4703.605,4707.765,0.2759
1778182500000,2026-05-07,19:35:00,4707.945,4711.935,4706.865,4710.765,0.2786
1778182800000,2026-05-07,19:40:00,4710.785,4711.765,4707.975,4709.585,0.2342
1778183100000,2026-05-07,19:45:00,4709.535,4709.835,4705.085,4708.165,0.222
1778183400000,2026-05-07,19:50:00,4708.335,4710.665,4703.748,4706.245,0.3775
1778183700000,2026-05-07,19:55:00,4705.965,4708.918,4702.555,4702.745,0.3541
1778184000000,2026-05-07,20:00:00,4702.705,4718.915,4702.695,4716.115,0.2767
1778184300000,2026-05-07,20:05:00,4716.325,4716.855,4710.595,4711.035,0.1407
1778184600000,2026-05-07,20:10:00,4711.075,4712.905,4710.575,4711.375,0.145
1778184900000,2026-05-07,20:15:00,4711.665,4712.675,4709.095,4711.835,0.1258
1778185200000,2026-05-07,20:20:00,4711.815,4713.785,4710.655,4712.895,0.1196
1778185500000,2026-05-07,20:25:00,4712.865,4714.095,4712.105,4712.805,0.0999
1778185800000,2026-05-07,20:30:00,4712.835,4715.495,4709.895,4713.095,0.0851
1778186100000,2026-05-07,20:35:00,4713.115,4713.885,4697.675,4698.325,0.2298
1778186400000,2026-05-07,20:40:00,4698.275,4706.445,4696.485,4703.665,0.1635
1778186700000,2026-05-07,20:45:00,4703.685,4703.825,4698.885,4702.165,0.1323
1778187000000,2026-05-07,20:50:00,4702.125,4702.395,4694.055,4695.325,0.1031
1778187300000,2026-05-07,20:55:00,4694.905,4695.035,4684.575,4685.145,0.1998
1778191200000,2026-05-07,22:00:00,4679.745,4694.135,4675.648,4693.845,0.1305
1778191500000,2026-05-07,22:05:00,4693.905,4693.905,4685.725,4691.295,0.0874
1778191800000,2026-05-07,22:10:00,4691.305,4697.885,4686.665,4691.025,0.1027
1778192100000,2026-05-07,22:15:00,4690.995,4697.335,4689.065,4694.045,0.1118
1778192400000,2026-05-07,22:20:00,4694.075,4699.158,4692.755,4696.095,0.112
1778192700000,2026-05-07,22:25:00,4696.035,4697.585,4692.925,4693.545,0.0664
1778193000000,2026-05-07,22:30:00,4693.595,4695.025,4686.708,4688.565,0.0919
1778193300000,2026-05-07,22:35:00,4688.585,4690.265,4686.495,4689.505,0.0668
1778193600000,2026-05-07,22:40:00,4689.485,4691.195,4685.975,4686.825,0.0592
1778193900000,2026-05-07,22:45:00,4686.805,4687.515,4682.465,4683.955,0.0574
1778194200000,2026-05-07,22:50:00,4683.955,4688.405,4681.715,4686.315,0.064
1778194500000,2026-05-07,22:55:00,4686.285,4687.765,4684.158,4685.358,0.0801
1778194800000,2026-05-07,23:00:00,4685.175,4689.258,4683.978,4688.658,0.1094
1778195100000,2026-05-07,23:05:00,4688.718,4691.418,4686.218,4690.818,0.1201
1778195400000,2026-05-07,23:10:00,4690.818,4693.545,4690.115,4691.385,0.0536
1778195700000,2026-05-07,23:15:00,4691.425,4693.785,4691.425,4693.595,0.0421
1778196000000,2026-05-07,23:20:00,4693.605,4697.785,4693.605,4696.335,0.0512
1778196300000,2026-05-07,23:25:00,4696.295,4698.285,4695.495,4696.125,0.0581
1778196600000,2026-05-07,23:30:00,4696.655,4697.815,4694.645,4697.005,0.0542
1778196900000,2026-05-07,23:35:00,4696.915,4698.795,4696.295,4698.625,0.0404
1778197200000,2026-05-07,23:40:00,4698.585,4698.855,4696.525,4697.585,0.0521
1778197500000,2026-05-07,23:45:00,4697.565,4702.025,4697.565,4700.495,0.077
1778197800000,2026-05-07,23:50:00,4700.485,4704.275,4699.795,4703.295,0.075
1778198100000,2026-05-07,23:55:00,4703.215,4705.375,4703.085,4704.145,0.0601
1778198400000,2026-05-08,00:00:00,4704.085,4706.335,4701.455,4702.815,0.1089
1778198700000,2026-05-08,00:05:00,4702.775,4708.015,4702.315,4707.475,0.1325
1778199000000,2026-05-08,00:10:00,4707.475,4709.255,4701.325,4702.595,0.1172
1778199300000,2026-05-08,00:15:00,4702.625,4702.655,4693.905,4695.065,0.1374
1778199600000,2026-05-08,00:20:00,4695.085,4704.735,4693.835,4703.535,0.116
1778199900000,2026-05-08,00:25:00,4703.618,4705.545,4696.165,4696.985,0.1214
1778200200000,2026-05-08,00:30:00,4696.945,4703.695,4695.945,4703.065,0.1167
1778200500000,2026-05-08,00:35:00,4703.035,4706.155,4701.275,4703.935,0.1016
1778200800000,2026-05-08,00:40:00,4703.955,4708.075,4703.845,4704.755,0.0987
1778201100000,2026-05-08,00:45:00,4704.785,4705.555,4699.718,4699.875,0.1204
1778201400000,2026-05-08,00:50:00,4699.765,4701.085,4698.035,4698.035,0.0992
1778201700000,2026-05-08,00:55:00,4698.025,4701.865,4696.725,4701.265,0.1168
1778202000000,2026-05-08,01:00:00,4701.115,4715.305,4700.265,4712.815,0.2288
1778202300000,2026-05-08,01:05:00,4713.025,4719.155,4712.825,4714.465,0.1569
1778202600000,2026-05-08,01:10:00,4714.405,4717.945,4712.435,4713.835,0.1266
1778202900000,2026-05-08,01:15:00,4713.565,4717.715,4711.385,4717.305,0.1202
1778203200000,2026-05-08,01:20:00,4717.305,4718.335,4711.058,4711.945,0.1197
1778203500000,2026-05-08,01:25:00,4712.015,4715.395,4711.835,4712.295,0.1185
1778203800000,2026-05-08,01:30:00,4712.245,4715.065,4709.555,4712.245,0.133
1778204100000,2026-05-08,01:35:00,4712.195,4712.815,4704.935,4707.795,0.1577
1778204400000,2026-05-08,01:40:00,4707.875,4711.165,4706.785,4710.795,0.1073
1778204700000,2026-05-08,01:45:00,4710.985,4719.995,4710.925,4719.765,0.1479
1778205000000,2026-05-08,01:50:00,4719.735,4723.115,4719.675,4721.885,0.1715
1778205300000,2026-05-08,01:55:00,4721.925,4725.245,4721.495,4722.625,0.161
1778205600000,2026-05-08,02:00:00,4722.695,4732.615,4721.215,4731.295,0.2278
1778205900000,2026-05-08,02:05:00,4731.265,4731.265,4726.785,4729.205,0.1466
1778206200000,2026-05-08,02:10:00,4729.125,4729.615,4723.465,4723.875,0.1114
1778206500000,2026-05-08,02:15:00,4723.805,4724.275,4717.775,4718.925,0.1534
1778206800000,2026-05-08,02:20:00,4719.045,4722.815,4719.045,4721.985,0.1196
1778207100000,2026-05-08,02:25:00,4721.965,4723.675,4720.095,4721.225,0.117
1778207400000,2026-05-08,02:30:00,4721.225,4723.315,4716.705,4719.295,0.2041
1778207700000,2026-05-08,02:35:00,4719.355,4720.755,4706.625,4711.215,0.2675
1778208000000,2026-05-08,02:40:00,4711.215,4715.055,4710.035,4710.035,0.2031
1778208300000,2026-05-08,02:45:00,4710.085,4716.415,4708.315,4716.265,0.1869
1778208600000,2026-05-08,02:50:00,4716.235,4717.465,4712.225,4716.195,0.1823
1778208900000,2026-05-08,02:55:00,4716.195,4716.905,4712.415,4713.185,0.1584
1778209200000,2026-05-08,03:00:00,4713.125,4717.465,4710.945,4717.225,0.171
1778209500000,2026-05-08,03:05:00,4717.335,4718.965,4714.845,4717.285,0.1308
1778209800000,2026-05-08,03:10:00,4717.625,4719.865,4717.545,4719.785,0.0937
1778210100000,2026-05-08,03:15:00,4719.725,4722.545,4719.145,4719.915,0.1033
1778210400000,2026-05-08,03:20:00,4720.015,4720.015,4716.855,4718.575,0.0953
1778210700000,2026-05-08,03:25:00,4718.605,4720.895,4717.325,4720.205,0.104
1778211000000,2026-05-08,03:30:00,4720.115,4730.375,4719.715,4730.355,0.1414
1778211300000,2026-05-08,03:35:00,4730.425,4730.995,4722.815,4723.495,0.1303
1778211600000,2026-05-08,03:40:00,4723.525,4726.105,4722.255,4724.685,0.119
1778211900000,2026-05-08,03:45:00,4724.655,4724.955,4719.845,4720.185,0.1017
1778212200000,2026-05-08,03:50:00,4720.095,4720.855,4717.705,4718.665,0.0996
1778212500000,2026-05-08,03:55:00,4718.635,4720.565,4718.305,4719.455,0.0705
1778212800000,2026-05-08,04:00:00,4719.435,4723.095,4719.435,4719.485,0.1062
1778213100000,2026-05-08,04:05:00,4719.505,4719.965,4715.595,4718.655,0.1021
1778213400000,2026-05-08,04:10:00,4718.765,4719.355,4714.675,4714.805,0.0833
1778213700000,2026-05-08,04:15:00,4714.805,4717.235,4713.175,4715.745,0.1096
1778214000000,2026-05-08,04:20:00,4715.715,4717.545,4715.015,4717.395,0.0675
1778214300000,2026-05-08,04:25:00,4717.395,4718.285,4715.035,4717.185,0.0897
1778214600000,2026-05-08,04:30:00,4717.385,4718.195,4714.505,4715.085,0.0618
1778214900000,2026-05-08,04:35:00,4715.105,4715.685,4713.335,4713.535,0.1085
1778215200000,2026-05-08,04:40:00,4713.495,4713.695,4708.735,4711.975,0.1322
1778215500000,2026-05-08,04:45:00,4712.085,4713.545,4709.905,4713.455,0.0984
1778215800000,2026-05-08,04:50:00,4713.475,4716.065,4711.835,4715.825,0.1192
1778216100000,2026-05-08,04:55:00,4715.875,4716.525,4709.455,4710.715,0.1312
1778216400000,2026-05-08,05:00:00,4710.855,4713.495,4709.355,4712.755,0.1368
1778216700000,2026-05-08,05:05:00,4712.725,4716.145,4712.035,4714.665,0.0788
1778217000000,2026-05-08,05:10:00,4714.595,4716.075,4711.985,4712.055,0.0787
1778217300000,2026-05-08,05:15:00,4712.025,4714.525,4710.255,4714.155,0.0748
1778217600000,2026-05-08,05:20:00,4714.265,4715.525,4713.435,4714.485,0.0728
1778217900000,2026-05-08,05:25:00,4714.515,4719.945,4711.965,4719.105,0.0901
1778218200000,2026-05-08,05:30:00,4719.665,4727.075,4719.475,4723.885,0.1951
1778218500000,2026-05-08,05:35:00,4723.925,4725.125,4720.615,4722.315,0.1282
1778218800000,2026-05-08,05:40:00,4722.335,4725.575,4721.405,4724.375,0.1353
1778219100000,2026-05-08,05:45:00,4724.275,4728.775,4723.055,4728.555,0.1269
1778219400000,2026-05-08,05:50:00,4728.625,4730.295,4726.255,4728.005,0.1182
1778219700000,2026-05-08,05:55:00,4728.085,4730.958,4726.475,4727.155,0.1924
1778220000000,2026-05-08,06:00:00,4727.185,4730.265,4712.295,4728.025,0.2743
1778220300000,2026-05-08,06:05:00,4728.555,4728.695,4721.745,4725.305,0.1976
1778220600000,2026-05-08,06:10:00,4725.325,4727.195,4722.585,4722.795,0.142
1778220900000,2026-05-08,06:15:00,4722.775,4728.015,4721.435,4727.485,0.1336
1778221200000,2026-05-08,06:20:00,4727.465,4728.535,4724.335,4727.525,0.1464
1778221500000,2026-05-08,06:25:00,4727.495,4734.355,4725.975,4733.385,0.163
1778221800000,2026-05-08,06:30:00,4733.425,4734.095,4726.305,4726.355,0.1463
1778222100000,2026-05-08,06:35:00,4726.345,4728.945,4725.365,4727.305,0.124
1778222400000,2026-05-08,06:40:00,4727.275,4732.085,4727.125,4728.955,0.1308
1778222700000,2026-05-08,06:45:00,4728.935,4729.285,4721.065,4725.025,0.1574
1778223000000,2026-05-08,06:50:00,4725.205,4727.005,4724.055,4726.035,0.111
1778223300000,2026-05-08,06:55:00,4725.985,4726.945,4724.275,4725.465,0.1557
1778223600000,2026-05-08,07:00:00,4725.268,4726.215,4721.545,4723.715,0.2424
1778223900000,2026-05-08,07:05:00,4723.795,4725.525,4720.295,4722.565,0.2261
1778224200000,2026-05-08,07:10:00,4722.565,4722.565,4714.935,4714.935,0.2011
1778224500000,2026-05-08,07:15:00,4715.035,4718.215,4712.565,4715.235,0.2359
1778224800000,2026-05-08,07:20:00,4715.038,4717.395,4703.205,4705.985,0.3072
1778225100000,2026-05-08,07:25:00,4705.345,4707.685,4696.735,4706.495,0.402
1778225400000,2026-05-08,07:30:00,4706.415,4710.915,4700.935,4709.095,0.2913
1778225700000,2026-05-08,07:35:00,4709.105,4711.565,4708.215,4708.915,0.1909
1778226000000,2026-05-08,07:40:00,4708.955,4709.935,4706.385,4707.905,0.2086
1778226300000,2026-05-08,07:45:00,4708.005,4712.515,4707.865,4712.385,0.1963
1778226600000,2026-05-08,07:50:00,4712.405,4713.375,4707.865,4710.845,0.2114
1778226900000,2026-05-08,07:55:00,4710.905,4710.925,4706.725,4707.595,0.2125
1778227200000,2026-05-08,08:00:00,4707.645,4709.895,4706.525,4709.525,0.2396
1778227500000,2026-05-08,08:05:00,4709.475,4710.775,4706.405,4710.465,0.1799
1778227800000,2026-05-08,08:10:00,4710.485,4713.015,4708.045,4711.165,0.1438
1778228100000,2026-05-08,08:15:00,4711.165,4714.925,4711.055,4714.095,0.1722
1778228400000,2026-05-08,08:20:00,4714.165,4722.025,4714.165,4719.825,0.1949
1778228700000,2026-05-08,08:25:00,4719.825,4722.325,4716.065,4716.665,0.1916
1778229000000,2026-05-08,08:30:00,4716.735,4719.795,4716.205,4719.185,0.1631
1778229300000,2026-05-08,08:35:00,4719.205,4723.395,4719.155,4721.145,0.1726
1778229600000,2026-05-08,08:40:00,4721.085,4721.195,4716.615,4716.805,0.1579
1778229900000,2026-05-08,08:45:00,4716.705,4719.768,4715.855,4718.575,0.1667
1778230200000,2026-05-08,08:50:00,4718.595,4718.965,4716.198,4716.285,0.1345
1778230500000,2026-05-08,08:55:00,4716.265,4717.295,4714.735,4715.495,0.1456
1778230800000,2026-05-08,09:00:00,4715.515,4720.145,4713.275,4719.105,0.1934
1778231100000,2026-05-08,09:05:00,4719.085,4720.075,4715.715,4715.735,0.1874
1778231400000,2026-05-08,09:10:00,4715.735,4718.305,4715.175,4718.295,0.1956
1778231700000,2026-05-08,09:15:00,4718.295,4722.115,4718.025,4719.495,0.2838
1778232000000,2026-05-08,09:20:00,4719.555,4722.475,4718.375,4720.395,0.341
1778232300000,2026-05-08,09:25:00,4720.395,4722.595,4717.515,4717.825,0.1814
1778232600000,2026-05-08,09:30:00,4717.745,4718.555,4709.575,4714.595,0.224
1778232900000,2026-05-08,09:35:00,4714.625,4715.005,4709.115,4713.175,0.1574
1778233200000,2026-05-08,09:40:00,4713.065,4714.435,4710.475,4713.205,0.1579
1778233500000,2026-05-08,09:45:00,4713.165,4713.815,4709.375,4710.485,0.151
1778233800000,2026-05-08,09:50:00,4710.535,4711.165,4707.255,4709.455,0.1783
1778234100000,2026-05-08,09:55:00,4709.395,4712.355,4707.525,4711.625,0.1592
1778234400000,2026-05-08,10:00:00,4711.645,4714.425,4710.955,4712.485,0.1403
1778234700000,2026-05-08,10:05:00,4712.355,4714.395,4711.655,4712.875,0.1215
1778235000000,2026-05-08,10:10:00,4712.845,4718.745,4712.585,4718.685,0.1179
1778235300000,2026-05-08,10:15:00,4718.685,4719.385,4717.285,4717.645,0.1083
1778235600000,2026-05-08,10:20:00,4717.855,4722.885,4717.585,4721.295,0.1077
1778235900000,2026-05-08,10:25:00,4721.315,4723.715,4720.255,4720.305,0.1397
1778236200000,2026-05-08,10:30:00,4720.275,4723.165,4720.125,4722.055,0.1235
1778236500000,2026-05-08,10:35:00,4722.055,4727.535,4721.745,4726.795,0.1439
1778236800000,2026-05-08,10:40:00,4726.795,4727.748,4724.045,4724.235,0.1589
1778237100000,2026-05-08,10:45:00,4724.195,4724.285,4718.755,4719.505,0.1286
1778237400000,2026-05-08,10:50:00,4719.535,4721.555,4717.555,4720.935,0.1354
1778237700000,2026-05-08,10:55:00,4720.955,4720.995,4715.175,4719.565,0.2181
1778238000000,2026-05-08,11:00:00,4719.905,4726.645,4719.855,4726.245,0.191
1778238300000,2026-05-08,11:05:00,4725.535,4727.195,4723.005,4724.595,0.1734
1778238600000,2026-05-08,11:10:00,4724.715,4724.995,4718.715,4721.825,0.1319
1778238900000,2026-05-08,11:15:00,4721.835,4725.035,4721.465,4722.915,0.1117
1778239200000,2026-05-08,11:20:00,4722.885,4723.635,4719.875,4723.125,0.1107
1778239500000,2026-05-08,11:25:00,4723.095,4725.685,4722.725,4723.915,0.098
1778239800000,2026-05-08,11:30:00,4724.095,4724.775,4721.575,4722.085,0.1406
1778240100000,2026-05-08,11:35:00,4722.205,4725.745,4721.865,4722.685,0.1309
1778240400000,2026-05-08,11:40:00,4722.735,4723.735,4720.755,4720.895,0.1497
1778240700000,2026-05-08,11:45:00,4720.865,4721.125,4716.855,4717.465,0.1295
1778241000000,2026-05-08,11:50:00,4717.485,4717.595,4713.455,4716.775,0.1203
1778241300000,2026-05-08,11:55:00,4716.795,4719.905,4715.895,4717.585,0.1472
1778241600000,2026-05-08,12:00:00,4717.615,4719.625,4712.685,4713.115,0.2018
1778241900000,2026-05-08,12:05:00,4713.135,4714.085,4708.415,4709.595,0.2435
1778242200000,2026-05-08,12:10:00,4709.515,4709.715,4703.645,4704.435,0.2659
1778242500000,2026-05-08,12:15:00,4704.405,4710.085,4702.735,4707.775,0.2141
1778242800000,2026-05-08,12:20:00,4707.775,4710.255,4704.655,4706.075,0.2371
1778243100000,2026-05-08,12:25:00,4706.145,4710.815,4705.205,4709.805,0.161
1778243400000,2026-05-08,12:30:00,4709.815,4724.645,4701.708,4723.035,0.2514
1778243700000,2026-05-08,12:35:00,4723.018,4728.075,4721.415,4725.325,0.3631
1778244000000,2026-05-08,12:40:00,4725.305,4730.735,4721.965,4723.705,0.3657
1778244300000,2026-05-08,12:45:00,4723.695,4726.645,4719.095,4724.238,0.3437
1778244600000,2026-05-08,12:50:00,4724.195,4731.325,4719.665,4730.645,0.3006
1778244900000,2026-05-08,12:55:00,4730.675,4731.745,4720.165,4724.225,0.3129
1778245200000,2026-05-08,13:00:00,4723.958,4728.885,4720.275,4722.875,0.3898
1778245500000,2026-05-08,13:05:00,4722.895,4725.555,4718.145,4720.145,0.3517
1778245800000,2026-05-08,13:10:00,4720.145,4721.575,4716.535,4720.178,0.3389
1778246100000,2026-05-08,13:15:00,4720.255,4726.325,4719.325,4724.735,0.2837
1778246400000,2026-05-08,13:20:00,4724.755,4727.285,4722.875,4724.595,0.2681
1778246700000,2026-05-08,13:25:00,4724.505,4727.735,4724.475,4727.045,0.2826
1778247000000,2026-05-08,13:30:00,4727.085,4743.685,4726.615,4738.865,0.3895
1778247300000,2026-05-08,13:35:00,4738.915,4744.165,4738.065,4738.255,0.3805
1778247600000,2026-05-08,13:40:00,4738.275,4741.005,4734.685,4738.105,0.4205
1778247900000,2026-05-08,13:45:00,4738.145,4744.235,4734.755,4740.385,0.3612
1778248200000,2026-05-08,13:50:00,4740.295,4745.245,4737.055,4740.545,0.3538
1778248500000,2026-05-08,13:55:00,4740.515,4747.565,4739.915,4747.515,0.2828
1778248800000,2026-05-08,14:00:00,4747.635,4749.245,4738.805,4739.995,0.3729
1778249100000,2026-05-08,14:05:00,4739.995,4739.995,4725.325,4726.425,0.3949
1778249400000,2026-05-08,14:10:00,4726.425,4731.955,4718.775,4731.535,0.3992
1778249700000,2026-05-08,14:15:00,4731.535,4733.805,4725.245,4727.465,0.3795
1778250000000,2026-05-08,14:20:00,4727.465,4728.175,4721.918,4725.548,0.3063
1778250300000,2026-05-08,14:25:00,4725.548,4729.135,4716.465,4717.775,0.3266
1778250600000,2026-05-08,14:30:00,4717.965,4722.915,4714.135,4722.155,0.3401
1778250900000,2026-05-08,14:35:00,4722.155,4724.845,4719.185,4723.395,0.3231
1778251200000,2026-05-08,14:40:00,4723.405,4725.405,4721.125,4722.525,0.3071
1778251500000,2026-05-08,14:45:00,4722.495,4724.395,4714.805,4717.985,0.2957
1778251800000,2026-05-08,14:50:00,4718.055,4719.295,4713.225,4718.045,0.2826
1778252100000,2026-05-08,14:55:00,4718.075,4719.575,4715.365,4715.695,0.2822
1778252400000,2026-05-08,15:00:00,4715.765,4717.375,4712.505,4713.715,0.3033
1778252700000,2026-05-08,15:05:00,4713.685,4720.845,4713.685,4716.645,0.2654
1778253000000,2026-05-08,15:10:00,4716.525,4719.595,4706.055,4707.675,0.2845
1778253300000,2026-05-08,15:15:00,4707.635,4708.795,4704.385,4706.725,0.3046
1778253600000,2026-05-08,15:20:00,4706.745,4711.305,4704.285,4707.685,0.3281
1778253900000,2026-05-08,15:25:00,4707.665,4713.425,4705.385,4713.115,0.2397
1778254200000,2026-05-08,15:30:00,4713.195,4714.155,4704.085,4709.695,0.3335
1778254500000,2026-05-08,15:35:00,4709.665,4714.955,4709.385,4712.505,0.2805
1778254800000,2026-05-08,15:40:00,4712.505,4712.525,4704.108,4705.725,0.269
1778255100000,2026-05-08,15:45:00,4705.765,4709.685,4701.825,4708.485,0.2866
1778255400000,2026-05-08,15:50:00,4708.505,4711.005,4708.265,4709.345,0.1941
1778255700000,2026-05-08,15:55:00,4709.275,4709.395,4704.205,4706.985,0.2348
1778256000000,2026-05-08,16:00:00,4707.015,4709.945,4705.315,4706.075,0.2269
1778256300000,2026-05-08,16:05:00,4706.115,4712.145,4706.115,4708.425,0.2208
1778256600000,2026-05-08,16:10:00,4708.425,4712.325,4706.565,4711.425,0.1934
1778256900000,2026-05-08,16:15:00,4711.395,4714.115,4711.345,4711.695,0.185
1778257200000,2026-05-08,16:20:00,4711.695,4715.225,4711.635,4714.485,0.1714
1778257500000,2026-05-08,16:25:00,4714.465,4717.565,4714.265,4717.545,0.1791
1778257800000,2026-05-08,16:30:00,4717.555,4720.015,4716.735,4716.915,0.1957
1778258100000,2026-05-08,16:35:00,4716.895,4717.955,4715.405,4716.045,0.1844
1778258400000,2026-05-08,16:40:00,4716.045,4717.125,4713.165,4713.365,0.1684
1778258700000,2026-05-08,16:45:00,4713.385,4716.145,4712.555,4713.435,0.2006
1778259000000,2026-05-08,16:50:00,4713.455,4713.505,4711.725,4712.985,0.1939
1778259300000,2026-05-08,16:55:00,4713.015,4714.145,4711.065,4712.285,0.1822
1778259600000,2026-05-08,17:00:00,4712.255,4715.965,4711.995,4715.135,0.2117
1778259900000,2026-05-08,17:05:00,4715.135,4716.145,4713.385,4714.165,0.204
1778260200000,2026-05-08,17:10:00,4714.165,4715.205,4712.905,4715.085,0.1638
1778260500000,2026-05-08,17:15:00,4715.165,4719.445,4715.005,4718.455,0.1523
1778260800000,2026-05-08,17:20:00,4718.475,4720.515,4717.065,4718.635,0.182
1778261100000,2026-05-08,17:25:00,4718.605,4721.915,4718.355,4720.555,0.2045
1778261400000,2026-05-08,17:30:00,4720.435,4721.715,4719.585,4720.265,0.1511
1778261700000,2026-05-08,17:35:00,4720.225,4721.505,4719.795,4720.035,0.1397
1778262000000,2026-05-08,17:40:00,4720.025,4721.495,4719.735,4720.635,0.1149
1778262300000,2026-05-08,17:45:00,4720.635,4721.395,4719.765,4719.965,0.1198
1778262600000,2026-05-08,17:50:00,4719.965,4721.965,4719.265,4721.895,0.1316
1778262900000,2026-05-08,17:55:00,4721.865,4722.615,4719.675,4720.765,0.1291
1778263200000,2026-05-08,18:00:00,4720.835,4727.405,4720.385,4726.295,0.2784
1778263500000,2026-05-08,18:05:00,4726.295,4727.635,4725.385,4725.725,0.1831
1778263800000,2026-05-08,18:10:00,4725.755,4728.525,4724.945,4727.405,0.1506
1778264100000,2026-05-08,18:15:00,4727.545,4728.825,4725.145,4725.425,0.133
1778264400000,2026-05-08,18:20:00,4725.325,4727.365,4725.155,4726.465,0.1045
1778264700000,2026-05-08,18:25:00,4726.435,4726.435,4723.775,4725.465,0.1515
1778265000000,2026-05-08,18:30:00,4725.298,4726.365,4723.905,4725.275,0.1258
1778265300000,2026-05-08,18:35:00,4725.255,4726.125,4724.675,4725.825,0.1174
1778265600000,2026-05-08,18:40:00,4725.795,4725.935,4723.845,4724.515,0.1297
1778265900000,2026-05-08,18:45:00,4724.515,4724.515,4721.935,4723.135,0.1341
1778266200000,2026-05-08,18:50:00,4723.125,4723.985,4721.645,4722.195,0.1068
1778266500000,2026-05-08,18:55:00,4722.185,4723.105,4719.735,4721.755,0.1823
1778266800000,2026-05-08,19:00:00,4721.725,4724.445,4720.745,4722.845,0.1615
1778267100000,2026-05-08,19:05:00,4722.875,4725.365,4722.395,4724.495,0.1161
1778267400000,2026-05-08,19:10:00,4724.495,4725.455,4723.115,4723.405,0.0944
1778267700000,2026-05-08,19:15:00,4723.385,4724.505,4723.355,4723.885,0.078
1778268000000,2026-05-08,19:20:00,4723.915,4724.845,4723.135,4724.415,0.0887
1778268300000,2026-05-08,19:25:00,4724.415,4724.815,4723.305,4723.585,0.0907
1778268600000,2026-05-08,19:30:00,4723.515,4723.535,4721.855,4722.805,0.1063
1778268900000,2026-05-08,19:35:00,4722.845,4723.395,4721.635,4723.365,0.0991
1778269200000,2026-05-08,19:40:00,4723.355,4726.655,4723.255,4725.225,0.1948
1778269500000,2026-05-08,19:45:00,4725.215,4725.755,4723.235,4723.935,0.1247
1778269800000,2026-05-08,19:50:00,4723.875,4725.335,4723.425,4724.675,0.1483
1778270100000,2026-05-08,19:55:00,4724.715,4724.845,4722.745,4723.765,0.2303
1778270400000,2026-05-08,20:00:00,4723.775,4724.125,4721.985,4722.885,0.1105
1778270700000,2026-05-08,20:05:00,4722.935,4723.215,4721.475,4721.485,0.0755
1778271000000,2026-05-08,20:10:00,4721.505,4721.735,4717.035,4718.665,0.0743
1778271300000,2026-05-08,20:15:00,4718.665,4719.045,4715.065,4715.195,0.0795
1778271600000,2026-05-08,20:20:00,4715.175,4717.415,4715.035,4716.595,0.0567
1778271900000,2026-05-08,20:25:00,4716.545,4717.575,4715.645,4717.255,0.0568
1778272200000,2026-05-08,20:30:00,4717.185,4718.915,4716.185,4717.125,0.0452
1778272500000,2026-05-08,20:35:00,4717.085,4717.975,4716.545,4717.525,0.0503
1778272800000,2026-05-08,20:40:00,4717.525,4717.975,4715.298,4715.868,0.0562
1778273100000,2026-05-08,20:45:00,4715.925,4716.378,4714.508,4714.778,0.1215
1778273400000,2026-05-08,20:50:00,4714.728,4715.995,4713.765,4714.795,0.2069
1778273700000,2026-05-08,20:55:00,4714.748,4715.998,4711.415,4712.655,0.1005
1778450400000,2026-05-10,22:00:00,4681.255,4700.195,4678.165,4686.695,0.2551
1778450700000,2026-05-10,22:05:00,4686.655,4688.635,4679.625,4688.005,0.1241
1778451000000,2026-05-10,22:10:00,4688.005,4694.545,4685.985,4687.025,0.1132
1778451300000,2026-05-10,22:15:00,4687.085,4690.135,4681.675,4687.255,0.0991
1778451600000,2026-05-10,22:20:00,4687.115,4689.595,4685.115,4689.115,0.075
1778451900000,2026-05-10,22:25:00,4689.175,4696.015,4688.515,4694.145,0.0812
1778452200000,2026-05-10,22:30:00,4693.915,4693.915,4689.165,4692.645,0.099
1778452500000,2026-05-10,22:35:00,4692.725,4693.775,4686.905,4688.145,0.0745
1778452800000,2026-05-10,22:40:00,4688.095,4691.425,4686.805,4691.025,0.0607
1778453100000,2026-05-10,22:45:00,4691.045,4693.748,4689.685,4693.748,0.0652
1778453400000,2026-05-10,22:50:00,4693.505,4693.565,4689.898,4691.098,0.067
1778453700000,2026-05-10,22:55:00,4691.098,4694.298,4690.745,4691.345,0.1474
1778454000000,2026-05-10,23:00:00,4691.198,4696.398,4690.635,4696.048,0.3426
1778454300000,2026-05-10,23:05:00,4696.045,4696.045,4692.198,4693.578,0.3617
1778454600000,2026-05-10,23:10:00,4693.588,4694.245,4688.545,4689.905,0.0864
1778454900000,2026-05-10,23:15:00,4689.925,4695.125,4688.795,4694.975,0.0684
1778455200000,2026-05-10,23:20:00,4694.975,4696.275,4694.645,4695.825,0.0567
1778455500000,2026-05-10,23:25:00,4696.078,4696.885,4693.828,4694.295,0.0546
1778455800000,2026-05-10,23:30:00,4694.325,4697.335,4694.305,4695.985,0.0527
1778456100000,2026-05-10,23:35:00,4696.035,4698.165,4695.068,4696.985,0.058
1778456400000,2026-05-10,23:40:00,4696.955,4698.045,4695.755,4697.275,0.0458
1778456700000,2026-05-10,23:45:00,4697.335,4698.275,4694.085,4698.275,0.0735
1778457000000,2026-05-10,23:50:00,4698.335,4698.345,4695.215,4695.315,0.0606
1778457300000,2026-05-10,23:55:00,4695.385,4695.515,4689.765,4691.465,0.086
1778457600000,2026-05-11,00:00:00,4691.395,4691.395,4681.875,4687.145,0.1782
1778457900000,2026-05-11,00:05:00,4687.115,4690.065,4684.705,4685.645,0.1391
1778458200000,2026-05-11,00:10:00,4685.718,4686.715,4680.195,4682.405,0.1256
1778458500000,2026-05-11,00:15:00,4682.385,4683.035,4676.465,4677.485,0.1547
1778458800000,2026-05-11,00:20:00,4677.465,4685.565,4675.645,4684.085,0.1204
1778459100000,2026-05-11,00:25:00,4683.935,4686.385,4681.495,4683.115,0.1134
1778459400000,2026-05-11,00:30:00,4683.118,4692.995,4683.118,4692.695,0.1454
1778459700000,2026-05-11,00:35:00,4692.675,4693.035,4685.165,4687.285,0.1259
1778460000000,2026-05-11,00:40:00,4687.245,4691.495,4687.075,4688.855,0.1139
1778460300000,2026-05-11,00:45:00,4688.885,4692.675,4687.605,4690.035,0.1063
1778460600000,2026-05-11,00:50:00,4690.025,4691.745,4670.125,4682.215,0.231
1778460900000,2026-05-11,00:55:00,4682.255,4684.065,4673.415,4683.265,0.2119
1778461200000,2026-05-11,01:00:00,4683.055,4692.435,4674.255,4691.085,0.2812
1778461500000,2026-05-11,01:05:00,4691.065,4699.635,4689.335,4690.705,0.2545
1778461800000,2026-05-11,01:10:00,4690.658,4695.145,4681.985,4691.965,0.2856
1778462100000,2026-05-11,01:15:00,4692.055,4697.555,4689.355,4695.635,0.3055
1778462400000,2026-05-11,01:20:00,4696.005,4705.245,4693.255,4702.765,0.2392
1778462700000,2026-05-11,01:25:00,4702.795,4705.205,4698.578,4698.665,0.1955
1778463000000,2026-05-11,01:30:00,4698.705,4701.615,4692.945,4697.945,0.2583
1778463300000,2026-05-11,01:35:00,4697.945,4698.675,4693.735,4695.195,0.2096
1778463600000,2026-05-11,01:40:00,4695.215,4695.695,4690.655,4694.085,0.2165
1778463900000,2026-05-11,01:45:00,4694.125,4695.675,4692.305,4694.755,0.1882
1778464200000,2026-05-11,01:50:00,4694.685,4694.765,4685.035,4686.405,0.2229
1778464500000,2026-05-11,01:55:00,4686.505,4687.255,4679.715,4685.375,0.2139
1778464800000,2026-05-11,02:00:00,4685.635,4693.005,4684.585,4688.685,0.2339
1778465100000,2026-05-11,02:05:00,4688.715,4689.185,4678.215,4683.755,0.2438
1778465400000,2026-05-11,02:10:00,4683.685,4689.335,4682.545,4685.825,0.1973
1778465700000,2026-05-11,02:15:00,4685.805,4686.535,4682.825,4683.195,0.1438
1778466000000,2026-05-11,02:20:00,4683.195,4686.555,4682.555,4686.165,0.1269
1778466300000,2026-05-11,02:25:00,4686.135,4688.515,4684.855,4688.135,0.1157
1778466600000,2026-05-11,02:30:00,4688.155,4695.285,4688.155,4691.835,0.1883
1778466900000,2026-05-11,02:35:00,4691.815,4700.065,4690.515,4698.905,0.1777
1778467200000,2026-05-11,02:40:00,4698.855,4698.895,4687.685,4688.245,0.1483
1778467500000,2026-05-11,02:45:00,4688.105,4693.485,4684.065,4685.195,0.168
1778467800000,2026-05-11,02:50:00,4685.315,4685.315,4679,4680.295,0.195
1778468100000,2026-05-11,02:55:00,4680.445,4682.485,4676.325,4681.495,0.2143
1778468400000,2026-05-11,03:00:00,4681.495,4684.775,4674.898,4683.475,0.199
1778468700000,2026-05-11,03:05:00,4683.455,4686.335,4681.535,4686.085,0.1288
1778469000000,2026-05-11,03:10:00,4686.165,4689.605,4684.975,4686.895,0.1426
1778469300000,2026-05-11,03:15:00,4686.965,4689.185,4683.665,4688.235,0.1384
1778469600000,2026-05-11,03:20:00,4688.245,4688.755,4683.615,4688.225,0.1459
1778469900000,2026-05-11,03:25:00,4688.405,4690.135,4686.595,4689.245,0.0904
1778470200000,2026-05-11,03:30:00,4689.285,4690.195,4685.835,4686.485,0.1416
1778470500000,2026-05-11,03:35:00,4686.495,4687.355,4682.025,4684.005,0.1278
1778470800000,2026-05-11,03:40:00,4684.005,4687.915,4683.155,4687.705,0.089
1778471100000,2026-05-11,03:45:00,4687.635,4687.635,4681.115,4681.155,0.0855
1778471400000,2026-05-11,03:50:00,4681.185,4682.375,4677.045,4677.255,0.1199
1778471700000,2026-05-11,03:55:00,4677.265,4679.135,4676.845,4678.465,0.1058
1778472000000,2026-05-11,04:00:00,4678.495,4679.615,4673.175,4677.375,0.1542
1778472300000,2026-05-11,04:05:00,4677.325,4678.895,4675.455,4677.225,0.0919
1778472600000,2026-05-11,04:10:00,4677.245,4677.775,4674.545,4677.335,0.0987
1778472900000,2026-05-11,04:15:00,4677.335,4678.545,4673.735,4673.985,0.1018
1778473200000,2026-05-11,04:20:00,4673.965,4674.825,4670.055,4673.485,0.1203
1778473500000,2026-05-11,04:25:00,4673.415,4675.655,4671.225,4671.485,0.0982
1778473800000,2026-05-11,04:30:00,4671.455,4673.605,4668.185,4672.825,0.1502
1778474100000,2026-05-11,04:35:00,4673.125,4674.565,4671.075,4671.375,0.1051
1778474400000,2026-05-11,04:40:00,4671.325,4673.405,4671.095,4672.825,0.0802
1778474700000,2026-05-11,04:45:00,4672.805,4675.145,4672.615,4674.835,0.0703
1778475000000,2026-05-11,04:50:00,4674.805,4675.795,4672.825,4675.095,0.09
1778475300000,2026-05-11,04:55:00,4675.155,4675.495,4671.525,4671.865,0.0775
1778475600000,2026-05-11,05:00:00,4671.845,4675.885,4671.565,4675.565,0.0906
1778475900000,2026-05-11,05:05:00,4675.545,4675.785,4670.565,4672.265,0.0996
1778476200000,2026-05-11,05:10:00,4672.305,4673.515,4670.885,4673.175,0.1154
1778476500000,2026-05-11,05:15:00,4673.145,4674.335,4671.605,4673.495,0.0921
1778476800000,2026-05-11,05:20:00,4673.395,4675.015,4672.515,4674.885,0.0995
1778477100000,2026-05-11,05:25:00,4674.895,4674.965,4670.505,4670.545,0.1152
1778477400000,2026-05-11,05:30:00,4670.485,4678.995,4670.485,4678.685,0.2382
1778477700000,2026-05-11,05:35:00,4678.655,4680.655,4672.555,4673.815,0.1815
1778478000000,2026-05-11,05:40:00,4673.715,4674.365,4661.945,4663.495,0.1963
1778478300000,2026-05-11,05:45:00,4663.515,4663.755,4658.475,4660.585,0.2453
1778478600000,2026-05-11,05:50:00,4660.735,4661.455,4652.675,4654.305,0.3
1778478900000,2026-05-11,05:55:00,4654.215,4654.985,4647.825,4652.125,0.2854
1778479200000,2026-05-11,06:00:00,4652.125,4659.625,4649.115,4659.625,0.2029
1778479500000,2026-05-11,06:05:00,4659.585,4664.875,4657.075,4662.575,0.2015
1778479800000,2026-05-11,06:10:00,4662.495,4666.955,4662.355,4665.175,0.1641
1778480100000,2026-05-11,06:15:00,4665.215,4670.435,4664.805,4670.195,0.1472
1778480400000,2026-05-11,06:20:00,4670.245,4670.485,4664.515,4667.025,0.1722
1778480700000,2026-05-11,06:25:00,4667.075,4668.555,4664.348,4667.225,0.1684
1778481000000,2026-05-11,06:30:00,4667.275,4672.015,4667.165,4669.635,0.1511
1778481300000,2026-05-11,06:35:00,4669.595,4674.225,4668.595,4672.615,0.1174
1778481600000,2026-05-11,06:40:00,4672.665,4675.505,4670.015,4674.145,0.1223
1778481900000,2026-05-11,06:45:00,4674.165,4676.745,4672.655,4673.685,0.1285
1778482200000,2026-05-11,06:50:00,4673.645,4680.255,4671.145,4678.855,0.1374
1778482500000,2026-05-11,06:55:00,4678.835,4679.985,4675.795,4678.315,0.19
1778482800000,2026-05-11,07:00:00,4678.265,4680.165,4677.455,4678.785,0.1947
1778483100000,2026-05-11,07:05:00,4678.785,4678.785,4674.305,4674.365,0.1834
1778483400000,2026-05-11,07:10:00,4674.405,4676.535,4674.405,4675.835,0.1836
1778483700000,2026-05-11,07:15:00,4675.835,4676.685,4671.935,4672.925,0.1483
1778484000000,2026-05-11,07:20:00,4672.975,4676.895,4672.585,4675.875,0.1347
1778484300000,2026-05-11,07:25:00,4675.905,4677.795,4674.695,4675.568,0.1513
1778484600000,2026-05-11,07:30:00,4675.568,4677.765,4672.255,4674.075,0.1468
1778484900000,2026-05-11,07:35:00,4674.105,4676.405,4672.795,4674.685,0.1438
1778485200000,2026-05-11,07:40:00,4674.685,4676.375,4671.515,4671.715,0.1418
1778485500000,2026-05-11,07:45:00,4672.065,4672.695,4666.365,4667.385,0.1372
1778485800000,2026-05-11,07:50:00,4667.405,4670.685,4664.235,4668.975,0.1684
1778486100000,2026-05-11,07:55:00,4668.985,4669.365,4665.625,4667.595,0.1551
1778486400000,2026-05-11,08:00:00,4667.635,4669.105,4664.335,4668.385,0.1761
1778486700000,2026-05-11,08:05:00,4668.465,4670.965,4664.375,4664.655,0.2064
1778487000000,2026-05-11,08:10:00,4664.645,4673.535,4663.995,4671.835,0.2273
1778487300000,2026-05-11,08:15:00,4671.855,4675.485,4671.855,4675.175,0.1851
1778487600000,2026-05-11,08:20:00,4675.125,4678.575,4672.445,4676.405,0.1768
1778487900000,2026-05-11,08:25:00,4676.425,4677.065,4671.515,4671.545,0.2085
1778488200000,2026-05-11,08:30:00,4670.965,4675.055,4669.525,4671.705,0.2019
1778488500000,2026-05-11,08:35:00,4671.695,4673.125,4669.565,4669.975,0.149
1778488800000,2026-05-11,08:40:00,4669.995,4671.025,4669.005,4670.205,0.1474
1778489100000,2026-05-11,08:45:00,4670.265,4671.235,4669.305,4670.825,0.1131
1778489400000,2026-05-11,08:50:00,4670.745,4670.945,4666.565,4668.685,0.1484
1778489700000,2026-05-11,08:55:00,4668.665,4668.875,4666.735,4667.395,0.101
1778490000000,2026-05-11,09:00:00,4667.475,4669.665,4665.105,4669.305,0.1462
1778490300000,2026-05-11,09:05:00,4669.255,4669.815,4666.615,4667.565,0.0971
1778490600000,2026-05-11,09:10:00,4667.645,4668.325,4665.825,4667.315,0.1159
1778490900000,2026-05-11,09:15:00,4667.365,4667.365,4664.375,4664.755,0.1491
1778491200000,2026-05-11,09:20:00,4664.725,4665.575,4658.755,4659.015,0.1258
1778491500000,2026-05-11,09:25:00,4658.735,4661.305,4656.765,4657.415,0.1446
1778491800000,2026-05-11,09:30:00,4657.295,4658.565,4650.335,4654.465,0.2112
1778492100000,2026-05-11,09:35:00,4654.405,4659.895,4654.335,4659.025,0.149
1778492400000,2026-05-11,09:40:00,4659.025,4663.525,4657.035,4662.775,0.1464
1778492700000,2026-05-11,09:45:00,4662.745,4664.765,4660.875,4661.735,0.1307
1778493000000,2026-05-11,09:50:00,4661.735,4663.095,4658.695,4661.445,0.1256
1778493300000,2026-05-11,09:55:00,4661.505,4661.915,4656.015,4656.725,0.1508
1778493600000,2026-05-11,10:00:00,4656.725,4661.115,4656.255,4657.445,0.136
1778493900000,2026-05-11,10:05:00,4657.455,4661.175,4656.575,4660.785,0.1436
1778494200000,2026-05-11,10:10:00,4660.765,4662.695,4660.285,4662.395,0.12
1778494500000,2026-05-11,10:15:00,4662.235,4662.855,4660.325,4662.425,0.1116
1778494800000,2026-05-11,10:20:00,4662.445,4665.205,4660.805,4665.205,0.1249
1778495100000,2026-05-11,10:25:00,4665.285,4665.755,4662.935,4663.255,0.1125
1778495400000,2026-05-11,10:30:00,4663.305,4666.565,4662.255,4665.655,0.1375
1778495700000,2026-05-11,10:35:00,4665.695,4666.355,4660.165,4662.895,0.1601
1778496000000,2026-05-11,10:40:00,4662.965,4663.285,4661.085,4663.215,0.149
1778496300000,2026-05-11,10:45:00,4663.245,4664.905,4661.275,4664.335,0.1589
1778496600000,2026-05-11,10:50:00,4664.305,4667.355,4663.895,4664.935,0.1361
1778496900000,2026-05-11,10:55:00,4664.905,4665.705,4663.968,4663.968,0.1487
1778497200000,2026-05-11,11:00:00,4664.225,4672.405,4663.895,4670.925,0.1967
1778497500000,2026-05-11,11:05:00,4670.965,4671.095,4667.075,4669.075,0.1551
1778497800000,2026-05-11,11:10:00,4669.065,4669.865,4666.625,4669.245,0.1588
1778498100000,2026-05-11,11:15:00,4669.155,4669.995,4667.758,4669.515,0.1355
1778498400000,2026-05-11,11:20:00,4669.535,4670.255,4667.385,4668.965,0.1256
1778498700000,2026-05-11,11:25:00,4668.985,4671.965,4667.435,4671.795,0.1356
1778499000000,2026-05-11,11:30:00,4671.795,4673.085,4670.105,4671.495,0.1826
1778499300000,2026-05-11,11:35:00,4671.555,4675.815,4670.255,4675.145,0.1919
1778499600000,2026-05-11,11:40:00,4675.105,4677.255,4674.175,4674.345,0.1794
1778499900000,2026-05-11,11:45:00,4674.295,4674.795,4672.925,4673.965,0.1206
1778500200000,2026-05-11,11:50:00,4673.965,4674.215,4670.128,4672.745,0.151
1778500500000,2026-05-11,11:55:00,4672.645,4674.345,4670.225,4674.305,0.1651
1778500800000,2026-05-11,12:00:00,4674.695,4675.745,4670.375,4670.905,0.2138
1778501100000,2026-05-11,12:05:00,4670.905,4671.525,4668.915,4669.065,0.2026
1778501400000,2026-05-11,12:10:00,4669.055,4669.305,4667.295,4668.215,0.1807
1778501700000,2026-05-11,12:15:00,4668.155,4674.185,4667.345,4672.695,0.1984
1778502000000,2026-05-11,12:20:00,4672.615,4695.155,4671.755,4692.345,0.4126
1778502300000,2026-05-11,12:25:00,4692.315,4692.315,4685.455,4690.425,0.328
1778502600000,2026-05-11,12:30:00,4690.425,4696.305,4688.915,4693.145,0.3216
1778502900000,2026-05-11,12:35:00,4693.145,4698.235,4693.125,4695.905,0.2694
1778503200000,2026-05-11,12:40:00,4695.905,4697.035,4691.248,4691.935,0.2549
1778503500000,2026-05-11,12:45:00,4691.925,4695.605,4685.978,4688.885,0.286
1778503800000,2026-05-11,12:50:00,4688.915,4693.855,4688.915,4692.825,0.2656
1778504100000,2026-05-11,12:55:00,4692.825,4701.115,4691.275,4699.895,0.2923
1778504400000,2026-05-11,13:00:00,4699.835,4709.845,4698.585,4709.805,0.346
1778504700000,2026-05-11,13:05:00,4709.785,4717.195,4708.215,4716.345,0.3415
1778505000000,2026-05-11,13:10:00,4716.395,4721.655,4712.268,4720.805,0.3348
1778505300000,2026-05-11,13:15:00,4720.805,4730.685,4720.285,4727.205,0.3225
1778505600000,2026-05-11,13:20:00,4727.285,4735.615,4726.308,4731.125,0.3486
1778505900000,2026-05-11,13:25:00,4731.055,4733.915,4727.305,4728.155,0.3465
1778506200000,2026-05-11,13:30:00,4728.115,4736.735,4727.775,4734.665,0.4227
1778506500000,2026-05-11,13:35:00,4734.765,4739.765,4733.185,4735.045,0.3995
1778506800000,2026-05-11,13:40:00,4735.035,4745.475,4734.925,4743.458,0.4033
1778507100000,2026-05-11,13:45:00,4743.495,4748.485,4736.165,4737.465,0.3822
1778507400000,2026-05-11,13:50:00,4737.495,4742.135,4734.638,4739.845,0.3636
1778507700000,2026-05-11,13:55:00,4739.825,4744.535,4736.058,4736.058,0.2803
1778508000000,2026-05-11,14:00:00,4735.625,4738.198,4727.975,4730.545,0.3123
1778508300000,2026-05-11,14:05:00,4730.535,4731.255,4718.295,4724.115,0.3579
1778508600000,2026-05-11,14:10:00,4724.205,4732.195,4721.355,4730.578,0.2987
1778508900000,2026-05-11,14:15:00,4730.635,4732.215,4725.255,4730.725,0.2821
1778509200000,2026-05-11,14:20:00,4730.805,4733.755,4729.885,4733.495,0.2407
1778509500000,2026-05-11,14:25:00,4733.575,4733.695,4724.365,4724.905,0.3126
1778509800000,2026-05-11,14:30:00,4724.865,4727.675,4714.955,4721.265,0.4011
1778510100000,2026-05-11,14:35:00,4721.255,4728.445,4717.618,4726.695,0.4091
1778510400000,2026-05-11,14:40:00,4726.755,4733.505,4726.755,4732.365,0.3019
1778510700000,2026-05-11,14:45:00,4732.365,4733.735,4727.345,4729.685,0.268
1778511000000,2026-05-11,14:50:00,4729.545,4730.145,4727.125,4727.695,0.2762
1778511300000,2026-05-11,14:55:00,4727.675,4728.845,4723.605,4725.405,0.2422
1778511600000,2026-05-11,15:00:00,4725.445,4728.225,4722.695,4725.795,0.2614
1778511900000,2026-05-11,15:05:00,4725.755,4730.305,4724.815,4728.395,0.2243
1778512200000,2026-05-11,15:10:00,4728.485,4731.595,4727.145,4728.285,0.2493
1778512500000,2026-05-11,15:15:00,4728.355,4734.525,4727.145,4731.615,0.2487
1778512800000,2026-05-11,15:20:00,4731.495,4738.125,4730.415,4736.615,0.2485
1778513100000,2026-05-11,15:25:00,4736.635,4737.175,4731.715,4732.725,0.2511
1778513400000,2026-05-11,15:30:00,4732.705,4734.585,4731.735,4732.025,0.228
1778513700000,2026-05-11,15:35:00,4732.025,4732.205,4729.635,4730.165,0.1944
1778514000000,2026-05-11,15:40:00,4730.185,4731.305,4726.545,4727.115,0.2014
1778514300000,2026-05-11,15:45:00,4727.265,4729.865,4725.035,4729.195,0.2722
1778514600000,2026-05-11,15:50:00,4729.115,4732.005,4727.865,4731.725,0.2026
1778514900000,2026-05-11,15:55:00,4731.735,4732.555,4730.535,4731.945,0.1556
1778515200000,2026-05-11,16:00:00,4732.155,4733.365,4730.575,4731.675,0.1562
1778515500000,2026-05-11,16:05:00,4731.695,4732.825,4729.155,4729.185,0.1531
1778515800000,2026-05-11,16:10:00,4729.185,4729.775,4726.865,4727.655,0.1543
1778516100000,2026-05-11,16:15:00,4727.645,4727.955,4724.065,4726.715,0.1537
1778516400000,2026-05-11,16:20:00,4726.715,4726.875,4723.318,4724.375,0.1568
1778516700000,2026-05-11,16:25:00,4724.265,4725.765,4722.305,4723.805,0.1557
1778517000000,2026-05-11,16:30:00,4723.785,4726.065,4721.505,4722.025,0.1463
1778517300000,2026-05-11,16:35:00,4721.975,4721.975,4717.415,4720.315,0.1938
1778517600000,2026-05-11,16:40:00,4720.245,4721.005,4707.715,4711.215,0.3344
1778517900000,2026-05-11,16:45:00,4711.225,4715.915,4708.875,4714.825,0.2702
1778518200000,2026-05-11,16:50:00,4714.965,4716.615,4714.055,4715.285,0.2136
1778518500000,2026-05-11,16:55:00,4715.265,4716.815,4713.135,4716.405,0.2102
1778518800000,2026-05-11,17:00:00,4716.305,4719.335,4716.305,4717.995,0.1756
1778519100000,2026-05-11,17:05:00,4717.975,4719.885,4717.505,4717.975,0.1704
1778519400000,2026-05-11,17:10:00,4717.975,4719.065,4715.835,4718.245,0.1911
1778519700000,2026-05-11,17:15:00,4718.215,4719.065,4717.205,4717.405,0.1692
1778520000000,2026-05-11,17:20:00,4717.635,4720.785,4716.965,4719.415,0.1845
1778520300000,2026-05-11,17:25:00,4719.515,4721.585,4717.115,4717.955,0.1969
1778520600000,2026-05-11,17:30:00,4717.915,4723.805,4717.585,4722.715,0.1481
1778520900000,2026-05-11,17:35:00,4722.735,4723.175,4721.435,4721.555,0.1093
1778521200000,2026-05-11,17:40:00,4721.825,4724.338,4721.105,4723.665,0.1087
1778521500000,2026-05-11,17:45:00,4723.775,4724.465,4722.035,4722.495,0.1088
1778521800000,2026-05-11,17:50:00,4722.495,4723.695,4721.685,4721.985,0.0968
1778522100000,2026-05-11,17:55:00,4722.005,4723.625,4721.845,4723.535,0.0959
1778522400000,2026-05-11,18:00:00,4723.505,4724.955,4722.425,4724.335,0.1162
1778522700000,2026-05-11,18:05:00,4724.335,4726.795,4723.885,4725.615,0.1029
1778523000000,2026-05-11,18:10:00,4725.765,4726.255,4721.885,4723.375,0.1499
1778523300000,2026-05-11,18:15:00,4723.375,4724.275,4721.885,4723.255,0.1183
1778523600000,2026-05-11,18:20:00,4723.365,4724.425,4720.895,4723.525,0.1716
1778523900000,2026-05-11,18:25:00,4723.495,4727.355,4723.405,4726.985,0.1368
1778524200000,2026-05-11,18:30:00,4727.015,4727.585,4726.395,4726.625,0.0878
1778524500000,2026-05-11,18:35:00,4726.645,4729.235,4726.555,4726.605,0.1083
1778524800000,2026-05-11,18:40:00,4726.625,4727.575,4725.455,4726.795,0.1043
1778525100000,2026-05-11,18:45:00,4726.745,4726.835,4725.125,4726.235,0.0918
1778525400000,2026-05-11,18:50:00,4726.235,4727.645,4725.585,4726.425,0.0991
1778525700000,2026-05-11,18:55:00,4726.385,4729.025,4724.655,4724.755,0.1521
1778526000000,2026-05-11,19:00:00,4724.895,4727.085,4723.845,4724.015,0.1516
1778526300000,2026-05-11,19:05:00,4724.075,4728.305,4723.995,4726.915,0.121
1778526600000,2026-05-11,19:10:00,4727.025,4727.915,4723.885,4724.645,0.1351
1778526900000,2026-05-11,19:15:00,4724.645,4725.365,4723.785,4724.635,0.1189
1778527200000,2026-05-11,19:20:00,4724.635,4725.145,4723.425,4723.575,0.1152
1778527500000,2026-05-11,19:25:00,4723.545,4724.345,4723.005,4724.025,0.1127
1778527800000,2026-05-11,19:30:00,4724.055,4725.205,4722.298,4724.275,0.1429
1778528100000,2026-05-11,19:35:00,4724.295,4727.515,4724.235,4727.515,0.1163
1778528400000,2026-05-11,19:40:00,4727.505,4728.455,4726.715,4726.815,0.1143
1778528700000,2026-05-11,19:45:00,4726.765,4731.365,4726.765,4731.105,0.1364
1778529000000,2026-05-11,19:50:00,4731.098,4734.075,4730.075,4733.785,0.1606
1778529300000,2026-05-11,19:55:00,4733.875,4736.058,4732.785,4733.315,0.2295
1778529600000,2026-05-11,20:00:00,4733.325,4737.635,4733.325,4736.805,0.0862
1778529900000,2026-05-11,20:05:00,4736.658,4736.895,4733.355,4734.395,0.062
1778530200000,2026-05-11,20:10:00,4734.435,4736.695,4729.735,4734.845,0.13
1778530500000,2026-05-11,20:15:00,4734.955,4734.985,4733.805,4734.505,0.0578
1778530800000,2026-05-11,20:20:00,4734.525,4734.575,4733.335,4734.375,0.0506
1778531100000,2026-05-11,20:25:00,4734.355,4735.175,4733.525,4735.085,0.0404
1778531400000,2026-05-11,20:30:00,4735.085,4738.335,4734.655,4737.715,0.0486
1778531700000,2026-05-11,20:35:00,4737.595,4738.155,4737.045,4737.765,0.0373
1778532000000,2026-05-11,20:40:00,4737.765,4737.765,4737.105,4737.305,0.0253
1778532300000,2026-05-11,20:45:00,4737.275,4737.505,4736.395,4736.465,0.0331
1778532600000,2026-05-11,20:50:00,4736.435,4736.435,4732.285,4734.545,0.052
1778532900000,2026-05-11,20:55:00,4734.575,4735.795,4733.995,4735.185,0.0407
1778536800000,2026-05-11,22:00:00,4734.698,4742.855,4732.745,4740.655,0.089
1778537100000,2026-05-11,22:05:00,4740.695,4743.795,4738.915,4741.115,0.053
1778537400000,2026-05-11,22:10:00,4740.935,4741.065,4738.315,4738.835,0.0393
1778537700000,2026-05-11,22:15:00,4738.805,4739.365,4737.475,4738.605,0.0365
1778538000000,2026-05-11,22:20:00,4738.695,4739.815,4737.285,4739.485,0.0383
1778538300000,2026-05-11,22:25:00,4739.505,4741.835,4738.978,4739.715,0.0341
1778538600000,2026-05-11,22:30:00,4739.685,4742.185,4738.915,4741.335,0.0378
1778538900000,2026-05-11,22:35:00,4741.285,4742.685,4740.665,4741.555,0.0294
1778539200000,2026-05-11,22:40:00,4741.265,4745.225,4741.265,4744.598,0.054
1778539500000,2026-05-11,22:45:00,4744.598,4754.915,4743.808,4751.485,0.1138
1778539800000,2026-05-11,22:50:00,4751.498,4753.745,4750.238,4752.865,0.0677
1778540100000,2026-05-11,22:55:00,4752.905,4752.905,4749.475,4750.515,0.0459
1778540400000,2026-05-11,23:00:00,4751.135,4753.975,4750.318,4750.715,0.0878
1778540700000,2026-05-11,23:05:00,4750.775,4754.218,4750.595,4752.535,0.0742
1778541000000,2026-05-11,23:10:00,4752.658,4753.165,4745.845,4750.945,0.0833
1778541300000,2026-05-11,23:15:00,4750.915,4754.055,4750.765,4751.875,0.0542
1778541600000,2026-05-11,23:20:00,4752.105,4753.935,4750.835,4751.875,0.0492
1778541900000,2026-05-11,23:25:00,4751.915,4754.575,4750.615,4752.585,0.0591
1778542200000,2026-05-11,23:30:00,4752.585,4757.625,4751.185,4755.375,0.0794
1778542500000,2026-05-11,23:35:00,4755.335,4759.015,4753.345,4754.765,0.0912
1778542800000,2026-05-11,23:40:00,4754.795,4756.935,4754.125,4755.695,0.0622
1778543100000,2026-05-11,23:45:00,4755.755,4760.398,4755.075,4759.825,0.0812
1778543400000,2026-05-11,23:50:00,4759.875,4769.405,4759.245,4765.785,0.1421
1778543700000,2026-05-11,23:55:00,4765.725,4769.045,4765.545,4767.215,0.1581
1778544000000,2026-05-12,00:00:00,4767.215,4767.215,4758.275,4764.645,0.2424
1778544300000,2026-05-12,00:05:00,4764.625,4768.705,4760.045,4767.945,0.1409
1778544600000,2026-05-12,00:10:00,4767.995,4769.595,4765.265,4766.735,0.1417
1778544900000,2026-05-12,00:15:00,4766.825,4773.335,4766.385,4770.815,0.1601
1778545200000,2026-05-12,00:20:00,4770.815,4772.795,4752.735,4759.575,0.2008
1778545500000,2026-05-12,00:25:00,4759.365,4765.905,4758.905,4762.125,0.1646
1778545800000,2026-05-12,00:30:00,4762.035,4763.715,4758.015,4758.445,0.1678
1778546100000,2026-05-12,00:35:00,4758.415,4762.555,4757.835,4758.995,0.1345
1778546400000,2026-05-12,00:40:00,4758.995,4760.805,4757.425,4757.975,0.1214
1778546700000,2026-05-12,00:45:00,4757.975,4761.825,4757.585,4759.545,0.137
1778547000000,2026-05-12,00:50:00,4759.515,4760.395,4752.015,4752.695,0.146
1778547300000,2026-05-12,00:55:00,4752.715,4755.735,4748.225,4749.095,0.1804
1778547600000,2026-05-12,01:00:00,4749.115,4755.375,4742.075,4743.525,0.3071
1778547900000,2026-05-12,01:05:00,4743.745,4752.525,4743.265,4752.065,0.2489
1778548200000,2026-05-12,01:10:00,4752.115,4752.775,4744.365,4746.075,0.1781
1778548500000,2026-05-12,01:15:00,4746.145,4751.265,4743.045,4748.655,0.2365
1778548800000,2026-05-12,01:20:00,4748.505,4750.075,4743.255,4744.325,0.1618
1778549100000,2026-05-12,01:25:00,4744.305,4745.585,4733.595,4734.885,0.2191
1778549400000,2026-05-12,01:30:00,4734.805,4738.645,4730.878,4732.055,0.19
1778549700000,2026-05-12,01:35:00,4732.055,4733.025,4723.085,4724.465,0.2602
1778550000000,2026-05-12,01:40:00,4724.555,4729.355,4720.145,4729.105,0.2638
1778550300000,2026-05-12,01:45:00,4728.995,4731.245,4725.955,4729.775,0.2308
1778550600000,2026-05-12,01:50:00,4729.815,4730.305,4727.015,4727.665,0.1882
1778550900000,2026-05-12,01:55:00,4727.545,4729.485,4723.685,4726.905,0.2003
1778551200000,2026-05-12,02:00:00,4726.875,4730.625,4726.285,4728.585,0.2255
1778551500000,2026-05-12,02:05:00,4728.515,4729.975,4725.115,4729.875,0.1814
1778551800000,2026-05-12,02:10:00,4729.635,4733.595,4728.655,4731.245,0.1654
1778552100000,2026-05-12,02:15:00,4731.215,4731.345,4725.675,4726.105,0.1227
1778552400000,2026-05-12,02:20:00,4726.005,4729.605,4724.965,4729.605,0.1074
1778552700000,2026-05-12,02:25:00,4729.605,4730.245,4724.268,4726.815,0.1399
1778553000000,2026-05-12,02:30:00,4726.835,4729.245,4722.015,4726.385,0.217
1778553300000,2026-05-12,02:35:00,4726.385,4729.045,4724.715,4726.635,0.1883
1778553600000,2026-05-12,02:40:00,4726.605,4731.835,4724.675,4731.725,0.1795
1778553900000,2026-05-12,02:45:00,4731.725,4733.155,4726.845,4728.155,0.155
1778554200000,2026-05-12,02:50:00,4728.125,4733.225,4728.085,4732.015,0.1472
1778554500000,2026-05-12,02:55:00,4732.075,4733.025,4729.765,4729.765,0.1552
1778554800000,2026-05-12,03:00:00,4729.815,4733.135,4727.895,4729.405,0.1678
1778555100000,2026-05-12,03:05:00,4729.405,4730.785,4726.845,4727.365,0.1151
1778555400000,2026-05-12,03:10:00,4727.395,4731.735,4726.755,4731.005,0.1158
1778555700000,2026-05-12,03:15:00,4730.975,4730.995,4725.275,4725.775,0.1026
1778556000000,2026-05-12,03:20:00,4725.785,4727.135,4723.305,4723.455,0.1562
1778556300000,2026-05-12,03:25:00,4723.475,4725.385,4722.518,4723.575,0.1193
1778556600000,2026-05-12,03:30:00,4723.418,4726.125,4723.398,4725.355,0.0939
1778556900000,2026-05-12,03:35:00,4725.385,4727.725,4724.815,4726.315,0.0844
1778557200000,2026-05-12,03:40:00,4726.275,4727.205,4723.645,4723.695,0.0619
1778557500000,2026-05-12,03:45:00,4723.735,4724.165,4718.865,4720.225,0.096
1778557800000,2026-05-12,03:50:00,4720.265,4722.395,4718.805,4719.245,0.0848
1778558100000,2026-05-12,03:55:00,4719.215,4720.115,4717.885,4719.935,0.085
1778558400000,2026-05-12,04:00:00,4719.905,4722.145,4719.455,4722.105,0.0928
1778558700000,2026-05-12,04:05:00,4722.075,4723.115,4720.745,4722.145,0.0839
1778559000000,2026-05-12,04:10:00,4722.115,4722.315,4720.605,4721.615,0.0645
1778559300000,2026-05-12,04:15:00,4721.675,4730.135,4721.525,4726.375,0.1464
1778559600000,2026-05-12,04:20:00,4726.365,4729.215,4724.128,4724.825,0.081
1778559900000,2026-05-12,04:25:00,4724.855,4725.195,4721.365,4722.175,0.0729
1778560200000,2026-05-12,04:30:00,4722.175,4724.245,4720.985,4722.945,0.0759
1778560500000,2026-05-12,04:35:00,4722.945,4726.175,4722.775,4725.305,0.0748
1778560800000,2026-05-12,04:40:00,4725.038,4725.765,4723.535,4724.535,0.0661
1778561100000,2026-05-12,04:45:00,4724.515,4724.955,4718.138,4719.625,0.1567
1778561400000,2026-05-12,04:50:00,4719.665,4720.405,4712.595,4713.145,0.1953
1778561700000,2026-05-12,04:55:00,4713.125,4716.645,4710.985,4713.985,0.1213
1778562000000,2026-05-12,05:00:00,4713.935,4718.565,4710.845,4718.395,0.1597
1778562300000,2026-05-12,05:05:00,4718.335,4718.665,4709.195,4710.665,0.1665
1778562600000,2026-05-12,05:10:00,4710.695,4712.535,4708.475,4712.225,0.1371
1778562900000,2026-05-12,05:15:00,4712.535,4715.885,4712.415,4713.125,0.1684
1778563200000,2026-05-12,05:20:00,4713.145,4716.735,4713.145,4714.085,0.1043
1778563500000,2026-05-12,05:25:00,4714.135,4715.515,4712.805,4715.085,0.0834
1778563800000,2026-05-12,05:30:00,4715.115,4721.835,4712.835,4714.895,0.2036
1778564100000,2026-05-12,05:35:00,4715.005,4716.785,4713.035,4716.225,0.1951
1778564400000,2026-05-12,05:40:00,4716.195,4716.655,4713.695,4715.135,0.1443
1778564700000,2026-05-12,05:45:00,4714.855,4716.365,4713.135,4713.525,0.1698
1778565000000,2026-05-12,05:50:00,4713.845,4715.815,4711.845,4713.515,0.1865
1778565300000,2026-05-12,05:55:00,4713.435,4719.745,4709.825,4714.035,0.192
1778565600000,2026-05-12,06:00:00,4714.055,4714.085,4703.855,4706.625,0.2679
1778565900000,2026-05-12,06:05:00,4706.595,4709.315,4702.605,4704.445,0.2034
1778566200000,2026-05-12,06:10:00,4704.405,4706.265,4702.835,4705.025,0.1545
1778566500000,2026-05-12,06:15:00,4705.035,4706.855,4700.245,4704.475,0.1536
1778566800000,2026-05-12,06:20:00,4704.505,4705.135,4697.255,4698.355,0.1688
1778567100000,2026-05-12,06:25:00,4698.175,4699.085,4694.858,4695.865,0.145
1778567400000,2026-05-12,06:30:00,4696.415,4703.545,4694.985,4702.695,0.1496
1778567700000,2026-05-12,06:35:00,4702.715,4704.645,4698.925,4700.795,0.127
1778568000000,2026-05-12,06:40:00,4700.775,4702.535,4697.215,4702.135,0.1371
1778568300000,2026-05-12,06:45:00,4702.155,4704.195,4695.835,4696.925,0.1449
1778568600000,2026-05-12,06:50:00,4697.145,4699.685,4695.325,4698.785,0.1815
1778568900000,2026-05-12,06:55:00,4698.835,4699.395,4694.295,4696.805,0.2619
1778569200000,2026-05-12,07:00:00,4696.975,4698.145,4689.615,4691.065,0.2822
1778569500000,2026-05-12,07:05:00,4691.045,4695.025,4686.935,4694.615,0.2503
1778569800000,2026-05-12,07:10:00,4694.585,4697.725,4692.065,4695.755,0.2517
1778570100000,2026-05-12,07:15:00,4695.765,4699.515,4693.805,4698.975,0.2241
1778570400000,2026-05-12,07:20:00,4699.115,4699.315,4696.545,4696.905,0.2084
1778570700000,2026-05-12,07:25:00,4696.865,4698.865,4696.165,4697.785,0.176
1778571000000,2026-05-12,07:30:00,4697.775,4699.565,4695.445,4699.565,0.1725
1778571300000,2026-05-12,07:35:00,4699.465,4700.455,4696.765,4700.075,0.1676
1778571600000,2026-05-12,07:40:00,4700.045,4702.315,4699.045,4700.235,0.1766
1778571900000,2026-05-12,07:45:00,4700.305,4700.415,4697.535,4699.565,0.1794
1778572200000,2026-05-12,07:50:00,4699.665,4702.615,4698.025,4701.365,0.1925
1778572500000,2026-05-12,07:55:00,4701.295,4703.705,4698.775,4699.615,0.167
1778572800000,2026-05-12,08:00:00,4699.695,4706.715,4699.655,4704.585,0.2049
1778573100000,2026-05-12,08:05:00,4704.655,4705.665,4701.575,4703.095,0.1425
1778573400000,2026-05-12,08:10:00,4703.085,4703.505,4699.065,4699.195,0.1635
1778573700000,2026-05-12,08:15:00,4699.685,4700.365,4696.975,4699.105,0.1782
1778574000000,2026-05-12,08:20:00,4699.155,4703.965,4699.025,4701.685,0.1372
1778574300000,2026-05-12,08:25:00,4701.645,4703.975,4701.385,4702.935,0.1093
1778574600000,2026-05-12,08:30:00,4702.715,4704.365,4700.925,4701.055,0.1548
1778574900000,2026-05-12,08:35:00,4701.125,4701.455,4697.875,4700.345,0.1493
1778575200000,2026-05-12,08:40:00,4700.615,4700.915,4698.305,4699.865,0.1666
1778575500000,2026-05-12,08:45:00,4699.875,4706.475,4698.805,4703.405,0.2182
1778575800000,2026-05-12,08:50:00,4703.405,4705.275,4702.615,4703.295,0.1545
1778576100000,2026-05-12,08:55:00,4703.345,4704.345,4702.205,4703.275,0.1154
1778576400000,2026-05-12,09:00:00,4703.285,4703.285,4699.505,4701.305,0.1558
1778576700000,2026-05-12,09:05:00,4701.325,4701.505,4698.715,4699.265,0.1668
1778577000000,2026-05-12,09:10:00,4699.235,4701.465,4697.725,4697.745,0.1432
1778577300000,2026-05-12,09:15:00,4697.735,4700.505,4697.725,4698.595,0.1259
1778577600000,2026-05-12,09:20:00,4698.615,4702.095,4697.775,4701.385,0.1425
1778577900000,2026-05-12,09:25:00,4701.425,4702.135,4697.335,4699.505,0.1632
1778578200000,2026-05-12,09:30:00,4699.535,4705.125,4699.485,4702.035,0.2361
1778578500000,2026-05-12,09:35:00,4702.065,4702.505,4698.295,4701.805,0.1924
1778578800000,2026-05-12,09:40:00,4701.855,4702.335,4694.295,4695.075,0.1901
1778579100000,2026-05-12,09:45:00,4695.165,4701.005,4693.955,4700.615,0.1458
1778579400000,2026-05-12,09:50:00,4700.885,4701.435,4696.015,4696.945,0.1442
1778579700000,2026-05-12,09:55:00,4697.055,4699.835,4696.325,4699.305,0.1645
1778580000000,2026-05-12,10:00:00,4699.295,4703.975,4698.595,4703.355,0.1474
1778580300000,2026-05-12,10:05:00,4703.375,4708.125,4702.415,4707.525,0.144
1778580600000,2026-05-12,10:10:00,4707.715,4708.295,4704.165,4704.885,0.1519
1778580900000,2026-05-12,10:15:00,4704.885,4705.225,4698.805,4700.815,0.1601
1778581200000,2026-05-12,10:20:00,4700.865,4703.075,4699.525,4701.105,0.1218
1778581500000,2026-05-12,10:25:00,4701.235,4702.785,4699.165,4700.025,0.1125
1778581800000,2026-05-12,10:30:00,4700.025,4700.155,4692.205,4695.225,0.2123
1778582100000,2026-05-12,10:35:00,4695.245,4695.775,4685.225,4686.335,0.2089
1778582400000,2026-05-12,10:40:00,4686.115,4692.265,4684.935,4690.565,0.2125
1778582700000,2026-05-12,10:45:00,4690.555,4692.035,4689.505,4691.125,0.1939
1778583000000,2026-05-12,10:50:00,4691.055,4693.945,4690.265,4692.705,0.1686
1778583300000,2026-05-12,10:55:00,4692.705,4694.305,4690.995,4694.235,0.1672
1778583600000,2026-05-12,11:00:00,4694.285,4694.955,4689.318,4690.925,0.2449
1778583900000,2026-05-12,11:05:00,4690.895,4692.855,4686.985,4691.905,0.2574
1778584200000,2026-05-12,11:10:00,4691.915,4697.905,4689.425,4691.535,0.2819
1778584500000,2026-05-12,11:15:00,4691.535,4697.855,4691.445,4697.725,0.2121
1778584800000,2026-05-12,11:20:00,4697.705,4697.705,4692.895,4693.595,0.1846
1778585100000,2026-05-12,11:25:00,4693.625,4700.145,4692.675,4699.975,0.1741
1778585400000,2026-05-12,11:30:00,4700.035,4702.095,4697.655,4698.605,0.1751
1778585700000,2026-05-12,11:35:00,4698.485,4704.575,4698.405,4704.245,0.2022
1778586000000,2026-05-12,11:40:00,4704.195,4705.895,4702.495,4704.105,0.1825
1778586300000,2026-05-12,11:45:00,4704.085,4707.005,4702.275,4705.325,0.1745
1778586600000,2026-05-12,11:50:00,4705.345,4707.805,4704.045,4707.265,0.18
1778586900000,2026-05-12,11:55:00,4707.175,4708.985,4706.135,4706.395,0.1623
1778587200000,2026-05-12,12:00:00,4706.495,4708.065,4703.405,4704.295,0.1946
1778587500000,2026-05-12,12:05:00,4704.295,4704.545,4698.195,4700.415,0.2417
1778587800000,2026-05-12,12:10:00,4700.415,4706.155,4699.735,4705.505,0.1821
1778588100000,2026-05-12,12:15:00,4705.525,4708.045,4702.285,4704.605,0.2504
1778588400000,2026-05-12,12:20:00,4704.615,4708.145,4696.855,4696.875,0.2493
1778588700000,2026-05-12,12:25:00,4696.875,4698.755,4694.865,4697.265,0.1722
1778589000000,2026-05-12,12:30:00,4697.155,4700.135,4689.435,4692.725,0.3428
1778589300000,2026-05-12,12:35:00,4692.755,4702.425,4690.548,4701.485,0.3735
1778589600000,2026-05-12,12:40:00,4701.485,4708.365,4700.865,4702.505,0.3113
1778589900000,2026-05-12,12:45:00,4702.905,4710.755,4702.395,4707.145,0.3069
1778590200000,2026-05-12,12:50:00,4706.975,4711.455,4706.565,4709.155,0.2835
1778590500000,2026-05-12,12:55:00,4709.245,4710.135,4700.275,4705.545,0.2606
1778590800000,2026-05-12,13:00:00,4705.515,4708.895,4695,4696.075,0.3854
1778591100000,2026-05-12,13:05:00,4695.975,4697.255,4692.425,4695.255,0.3671
1778591400000,2026-05-12,13:10:00,4695.425,4695.665,4687.275,4688.815,0.325
1778591700000,2026-05-12,13:15:00,4688.755,4688.975,4679.195,4685.465,0.3898
1778592000000,2026-05-12,13:20:00,4685.605,4695.345,4685.335,4690.715,0.2735
1778592300000,2026-05-12,13:25:00,4690.735,4694.675,4689.055,4690.665,0.3106
1778592600000,2026-05-12,13:30:00,4690.475,4692.895,4684.745,4688.335,0.394
1778592900000,2026-05-12,13:35:00,4688.465,4698.095,4683.485,4697.985,0.4848
1778593200000,2026-05-12,13:40:00,4698.405,4701.505,4695.685,4698.955,0.4242
1778593500000,2026-05-12,13:45:00,4698.955,4701.295,4689.835,4692.465,0.4166
1778593800000,2026-05-12,13:50:00,4692.355,4693.705,4687.935,4691.255,0.3931
1778594100000,2026-05-12,13:55:00,4691.285,4691.285,4676.685,4679.075,0.4199
1778594400000,2026-05-12,14:00:00,4679.155,4692.515,4675.985,4690.435,0.4312
1778594700000,2026-05-12,14:05:00,4690.405,4692.825,4687.355,4691.295,0.3462
1778595000000,2026-05-12,14:10:00,4691.245,4694.995,4686.445,4692.665,0.3299
1778595300000,2026-05-12,14:15:00,4692.665,4693.945,4685.825,4688.345,0.3311
1778595600000,2026-05-12,14:20:00,4688.155,4690.855,4686.625,4687.375,0.3215
1778595900000,2026-05-12,14:25:00,4687.365,4688.825,4682.145,4683.045,0.3335
1778596200000,2026-05-12,14:30:00,4683.055,4684.898,4671.078,4684.665,0.407
1778596500000,2026-05-12,14:35:00,4684.445,4687.825,4678.905,4686.965,0.3778
1778596800000,2026-05-12,14:40:00,4686.965,4687.035,4683.795,4685.695,0.3601
1778597100000,2026-05-12,14:45:00,4685.615,4685.615,4678.085,4678.325,0.3468
1778597400000,2026-05-12,14:50:00,4678.345,4678.735,4670.905,4676.795,0.3961
1778597700000,2026-05-12,14:55:00,4676.765,4677.875,4669.345,4672.735,0.4002
1778598000000,2026-05-12,15:00:00,4672.785,4675.955,4666.745,4669.195,0.379
1778598300000,2026-05-12,15:05:00,4669.375,4674.235,4667.165,4672.665,0.3733
1778598600000,2026-05-12,15:10:00,4672.635,4672.635,4664.045,4664.325,0.3389
1778598900000,2026-05-12,15:15:00,4664.325,4665.955,4658.965,4662.065,0.411
1778599200000,2026-05-12,15:20:00,4662.055,4662.425,4638.485,4642.855,0.431
1778599500000,2026-05-12,15:25:00,4642.875,4656.535,4638.225,4655.925,0.3913
1778599800000,2026-05-12,15:30:00,4656.015,4664.055,4653.775,4662.885,0.4245
1778600100000,2026-05-12,15:35:00,4662.865,4667.955,4659.198,4666.905,0.3577
1778600400000,2026-05-12,15:40:00,4666.885,4667.675,4663.455,4665.415,0.3449
1778600700000,2026-05-12,15:45:00,4665.445,4669.075,4664.165,4666.085,0.3255
1778601000000,2026-05-12,15:50:00,4666.085,4668.745,4664.505,4667.965,0.3133
1778601300000,2026-05-12,15:55:00,4667.905,4670.065,4665.345,4666.025,0.3008
1778601600000,2026-05-12,16:00:00,4665.995,4671.545,4664.045,4670.775,0.3244
1778601900000,2026-05-12,16:05:00,4670.775,4671.385,4668.315,4668.945,0.2814
1778602200000,2026-05-12,16:10:00,4668.935,4673.065,4668.225,4671.715,0.2455
1778602500000,2026-05-12,16:15:00,4671.715,4674.915,4670.675,4671.545,0.2372
1778602800000,2026-05-12,16:20:00,4671.575,4672.825,4666.705,4667.315,0.2749
1778603100000,2026-05-12,16:25:00,4667.315,4669.455,4666.155,4668.095,0.2427
1778603400000,2026-05-12,16:30:00,4668.365,4668.695,4664.995,4668.265,0.2698
1778603700000,2026-05-12,16:35:00,4668.245,4670.485,4667.355,4670.245,0.2526
1778604000000,2026-05-12,16:40:00,4670.225,4671.485,4668.085,4669.605,0.2435
1778604300000,2026-05-12,16:45:00,4669.565,4670.275,4666.585,4669.725,0.2415
1778604600000,2026-05-12,16:50:00,4669.735,4672.095,4668.225,4669.945,0.2725
1778604900000,2026-05-12,16:55:00,4670.005,4674.125,4669.405,4670.955,0.263
1778605200000,2026-05-12,17:00:00,4671.265,4677.455,4670.915,4676.075,0.2432
1778605500000,2026-05-12,17:05:00,4676.125,4679.575,4675.725,4678.165,0.245
1778605800000,2026-05-12,17:10:00,4678.225,4678.825,4674.725,4676.995,0.2422
1778606100000,2026-05-12,17:15:00,4677.025,4680.775,4676.775,4679.945,0.2284
1778606400000,2026-05-12,17:20:00,4680.035,4681.065,4679.095,4680.165,0.2379
1778606700000,2026-05-12,17:25:00,4680.165,4682.165,4678.535,4679.135,0.2042
1778607000000,2026-05-12,17:30:00,4679.135,4679.955,4676.595,4678.575,0.167
1778607300000,2026-05-12,17:35:00,4678.555,4678.795,4675.985,4678.695,0.1902
1778607600000,2026-05-12,17:40:00,4678.675,4680.485,4677.165,4679.475,0.1552
1778607900000,2026-05-12,17:45:00,4679.495,4679.765,4677.755,4678.365,0.1479
1778608200000,2026-05-12,17:50:00,4678.375,4679.915,4677.635,4679.465,0.1984
1778608500000,2026-05-12,17:55:00,4679.475,4680.395,4677.855,4678.605,0.157
1778608800000,2026-05-12,18:00:00,4678.545,4683.395,4677.588,4678.505,0.2394
1778609100000,2026-05-12,18:05:00,4678.535,4680.015,4676.045,4679.925,0.2719
1778609400000,2026-05-12,18:10:00,4679.945,4681.535,4677.905,4681.165,0.2102
1778609700000,2026-05-12,18:15:00,4681.185,4682.345,4679.748,4682.155,0.1884
1778610000000,2026-05-12,18:20:00,4682.125,4684.415,4681.845,4682.295,0.1845
1778610300000,2026-05-12,18:25:00,4682.315,4687.498,4682.315,4685.055,0.2366
1778610600000,2026-05-12,18:30:00,4684.975,4690.265,4684.545,4690.015,0.1973
1778610900000,2026-05-12,18:35:00,4690.015,4692.965,4689.175,4691.045,0.1861
1778611200000,2026-05-12,18:40:00,4691.095,4697.298,4690.615,4695.115,0.2447
1778611500000,2026-05-12,18:45:00,4695.155,4695.548,4690.465,4691.255,0.2433
1778611800000,2026-05-12,18:50:00,4691.235,4697.955,4691.235,4696.698,0.1881
1778612100000,2026-05-12,18:55:00,4696.625,4697.465,4695.255,4695.795,0.2025
1778612400000,2026-05-12,19:00:00,4695.875,4699.145,4695.875,4696.945,0.173
1778612700000,2026-05-12,19:05:00,4696.945,4699.815,4696.155,4698.475,0.1553
1778613000000,2026-05-12,19:10:00,4698.475,4702.435,4698.035,4699.735,0.1709
1778613300000,2026-05-12,19:15:00,4699.735,4702.375,4698.855,4701.835,0.1772
1778613600000,2026-05-12,19:20:00,4701.915,4703.685,4699.855,4702.825,0.1472
1778613900000,2026-05-12,19:25:00,4702.805,4704.335,4702.525,4703.325,0.1385
1778614200000,2026-05-12,19:30:00,4703.325,4709.145,4703.325,4708.648,0.1798
1778614500000,2026-05-12,19:35:00,4708.648,4710.185,4708.048,4708.165,0.1478
1778614800000,2026-05-12,19:40:00,4708.165,4709.725,4707.055,4709.178,0.1485
1778615100000,2026-05-12,19:45:00,4709.158,4710.675,4708.925,4709.585,0.1178
1778615400000,2026-05-12,19:50:00,4709.635,4713.615,4709.215,4712.415,0.2098
1778615700000,2026-05-12,19:55:00,4712.415,4715.518,4712.065,4715.435,0.2541
1778616000000,2026-05-12,20:00:00,4715.355,4719.125,4712.985,4713.435,0.134
1778616300000,2026-05-12,20:05:00,4713.465,4714.765,4711.925,4713.755,0.094
1778616600000,2026-05-12,20:10:00,4713.805,4714.515,4712.245,4713.265,0.0776
1778616900000,2026-05-12,20:15:00,4713.335,4716.035,4713.165,4713.515,0.0649
1778617200000,2026-05-12,20:20:00,4713.545,4713.795,4712.225,4713.755,0.0697
1778617500000,2026-05-12,20:25:00,4713.755,4714.145,4712.595,4713.115,0.0441
1778617800000,2026-05-12,20:30:00,4713.115,4714.705,4712.865,4713.555,0.031
1778618100000,2026-05-12,20:35:00,4713.525,4715.075,4712.455,4713.895,0.0407
1778618400000,2026-05-12,20:40:00,4713.935,4715.205,4711.885,4714.585,0.0464
1778618700000,2026-05-12,20:45:00,4714.785,4715.375,4712.698,4715.085,0.049
1778619000000,2026-05-12,20:50:00,4715.155,4715.555,4713.075,4713.285,0.0535
1778619300000,2026-05-12,20:55:00,4713.238,4715.455,4713.078,4714.005,0.0461
1778623200000,2026-05-12,22:00:00,4713.905,4720.451,4711.355,4719.615,0.0753
1778623500000,2026-05-12,22:05:00,4719.595,4719.775,4701.548,4713.075,0.0581
1778623800000,2026-05-12,22:10:00,4713.14,4714.775,4711.008,4713.985,0.0492
1778624100000,2026-05-12,22:15:00,4714.045,4716.698,4701.436,4716.698,0.1011
1778624400000,2026-05-12,22:20:00,4716.698,4719.105,4704.451,4715.598,0.0922
1778624700000,2026-05-12,22:25:00,4715.598,4717.345,4707.101,4716.865,0.046
1778625000000,2026-05-12,22:30:00,4716.825,4720.125,4709.746,4718.165,0.0602
1778625300000,2026-05-12,22:35:00,4718.195,4719.635,4709.755,4717.798,0.0484
1778625600000,2026-05-12,22:40:00,4717.798,4718.695,4709.28,4715.898,0.0534
1778625900000,2026-05-12,22:45:00,4716.045,4717.935,4715.898,4716.745,0.0276
1778626200000,2026-05-12,22:50:00,4716.795,4722.138,4716.545,4720.665,0.0774
1778626500000,2026-05-12,22:55:00,4720.745,4720.875,4716.298,4716.435,0.1965
1778626800000,2026-05-12,23:00:00,4716.478,4720.498,4715.365,4719.798,0.5364
1778627100000,2026-05-12,23:05:00,4719.688,4722.608,4717.358,4720.258,0.4069
1778627400000,2026-05-12,23:10:00,4719.728,4721.478,4716.675,4717.385,0.1869
1778627700000,2026-05-12,23:15:00,4717.505,4720.015,4717.095,4717.095,0.0619
1778628000000,2026-05-12,23:20:00,4717.135,4722.435,4717.095,4722.405,0.0887
1778628300000,2026-05-12,23:25:00,4722.435,4723.755,4718.878,4719.918,0.0938
1778628600000,2026-05-12,23:30:00,4719.935,4721.335,4718.375,4718.755,0.0848
1778628900000,2026-05-12,23:35:00,4718.775,4721.465,4716.025,4720.225,0.0831
1778629200000,2026-05-12,23:40:00,4720.245,4720.965,4717.448,4720.945,0.0562
1778629500000,2026-05-12,23:45:00,4721.105,4723.335,4714.915,4715.785,0.1539
1778629800000,2026-05-12,23:50:00,4715.785,4719.625,4715.335,4717.315,0.0832
1778630100000,2026-05-12,23:55:00,4717.285,4718.265,4715.365,4716.695,0.0788
1778630400000,2026-05-13,00:00:00,4716.905,4725.085,4714.558,4724.445,0.1687
1778630700000,2026-05-13,00:05:00,4724.505,4726.618,4720.415,4720.945,0.1927
1778631000000,2026-05-13,00:10:00,4720.995,4723.805,4719.985,4720.035,0.1455
1778631300000,2026-05-13,00:15:00,4720.015,4725.205,4719.835,4724.175,0.1517
1778631600000,2026-05-13,00:20:00,4724.175,4726.075,4722.965,4724.425,0.154
1778631900000,2026-05-13,00:25:00,4724.475,4724.915,4720.198,4722.425,0.1137
1778632200000,2026-05-13,00:30:00,4722.495,4723.855,4719.048,4720.275,0.1281
1778632500000,2026-05-13,00:35:00,4720.235,4722.165,4716.805,4722.165,0.12
1778632800000,2026-05-13,00:40:00,4722.115,4724.925,4719.815,4720.185,0.1405
1778633100000,2026-05-13,00:45:00,4720.145,4720.235,4716.325,4716.585,0.1021
1778633400000,2026-05-13,00:50:00,4716.555,4720.005,4714.698,4716.585,0.1078
1778633700000,2026-05-13,00:55:00,4716.535,4718.135,4713.895,4714.385,0.1226
1778634000000,2026-05-13,01:00:00,4714.415,4717.015,4707.555,4711.555,0.2277
1778634300000,2026-05-13,01:05:00,4711.505,4713.225,4707.135,4713.145,0.1825
1778634600000,2026-05-13,01:10:00,4713.135,4716.015,4708.915,4709.395,0.1789
1778634900000,2026-05-13,01:15:00,4709.435,4710.465,4704.538,4706.375,0.1916
1778635200000,2026-05-13,01:20:00,4706.375,4709.905,4704.745,4707.395,0.1622
1778635500000,2026-05-13,01:25:00,4707.598,4707.895,4702.625,4704.345,0.1615
1778635800000,2026-05-13,01:30:00,4704.345,4705.205,4702.515,4704.555,0.1889
1778636100000,2026-05-13,01:35:00,4704.595,4706.685,4701.398,4705.705,0.1868
1778636400000,2026-05-13,01:40:00,4705.725,4710.265,4704.035,4708.715,0.1562
1778636700000,2026-05-13,01:45:00,4708.665,4710.475,4706.345,4709.675,0.1298
1778637000000,2026-05-13,01:50:00,4709.645,4709.835,4705.775,4706.135,0.1217
1778637300000,2026-05-13,01:55:00,4706.135,4706.525,4700.845,4702.265,0.1713
1778637600000,2026-05-13,02:00:00,4702.265,4707.425,4701.505,4706.175,0.2135
1778637900000,2026-05-13,02:05:00,4706.215,4706.845,4698.965,4699.395,0.2329
1778638200000,2026-05-13,02:10:00,4699.425,4703.495,4699.295,4701.335,0.1833
1778638500000,2026-05-13,02:15:00,4701.345,4703.445,4698.785,4702.795,0.1442
1778638800000,2026-05-13,02:20:00,4702.805,4703.665,4701.005,4702.925,0.1432
1778639100000,2026-05-13,02:25:00,4702.935,4703.785,4697.985,4700.115,0.1593
1778639400000,2026-05-13,02:30:00,4700.095,4700.165,4695.485,4695.925,0.2279
1778639700000,2026-05-13,02:35:00,4695.865,4698.275,4694.585,4694.675,0.193
1778640000000,2026-05-13,02:40:00,4694.655,4697.525,4693.965,4694.355,0.2036
1778640300000,2026-05-13,02:45:00,4694.355,4696.385,4692.795,4696.315,0.2236
1778640600000,2026-05-13,02:50:00,4696.365,4697.095,4688.735,4688.825,0.2288
1778640900000,2026-05-13,02:55:00,4688.845,4693.255,4687.198,4691.645,0.2031
1778641200000,2026-05-13,03:00:00,4691.775,4693.535,4688.695,4692.625,0.1945
1778641500000,2026-05-13,03:05:00,4692.685,4693.175,4688.895,4689.405,0.1818
1778641800000,2026-05-13,03:10:00,4689.405,4694.245,4688.855,4692.065,0.2118
1778642100000,2026-05-13,03:15:00,4692.095,4694.265,4690.965,4693.835,0.1717
1778642400000,2026-05-13,03:20:00,4693.855,4696.005,4693.855,4694.995,0.1377
1778642700000,2026-05-13,03:25:00,4694.995,4700.475,4694.915,4700.415,0.1336
1778643000000,2026-05-13,03:30:00,4700.365,4704.065,4699.955,4703.405,0.1531
1778643300000,2026-05-13,03:35:00,4703.385,4705.675,4702.815,4703.925,0.138
1778643600000,2026-05-13,03:40:00,4703.995,4705.115,4703.045,4703.775,0.1025
1778643900000,2026-05-13,03:45:00,4703.795,4704.695,4701.905,4702.105,0.1558
1778644200000,2026-05-13,03:50:00,4702.325,4702.385,4696.525,4697.155,0.1522
1778644500000,2026-05-13,03:55:00,4697.125,4697.505,4694.065,4695.755,0.1573
1778644800000,2026-05-13,04:00:00,4695.765,4698.075,4695.285,4697.355,0.1312
1778645100000,2026-05-13,04:05:00,4697.325,4698.745,4695.455,4696.285,0.1329
1778645400000,2026-05-13,04:10:00,4696.325,4698.345,4695.615,4698.145,0.1177
1778645700000,2026-05-13,04:15:00,4698.185,4702.415,4697.805,4702.045,0.1108
1778646000000,2026-05-13,04:20:00,4702.045,4703.235,4700.935,4701.205,0.1095
1778646300000,2026-05-13,04:25:00,4701.225,4701.545,4699.945,4701.155,0.1001
1778646600000,2026-05-13,04:30:00,4701.145,4703.165,4700.075,4700.245,0.1084
1778646900000,2026-05-13,04:35:00,4700.275,4702.235,4697.705,4701.975,0.1441
1778647200000,2026-05-13,04:40:00,4701.615,4701.615,4697.055,4698.485,0.0871
1778647500000,2026-05-13,04:45:00,4698.515,4701.205,4698.125,4701.205,0.0964
1778647800000,2026-05-13,04:50:00,4701.205,4701.475,4698.935,4701.265,0.1146
1778648100000,2026-05-13,04:55:00,4701.275,4701.565,4698.145,4699.335,0.1551
1778648400000,2026-05-13,05:00:00,4699.335,4706.495,4698.185,4706.275,0.1836
1778648700000,2026-05-13,05:05:00,4706.365,4706.895,4703.385,4704.255,0.1468
1778649000000,2026-05-13,05:10:00,4704.255,4707.085,4703.845,4705.285,0.1461
1778649300000,2026-05-13,05:15:00,4705.205,4705.515,4700.555,4701.095,0.1617
1778649600000,2026-05-13,05:20:00,4701.095,4703.645,4698.585,4699.215,0.1564
1778649900000,2026-05-13,05:25:00,4699.215,4699.935,4697.438,4697.835,0.1599
1778650200000,2026-05-13,05:30:00,4697.895,4702.445,4693.275,4700.335,0.2888
1778650500000,2026-05-13,05:35:00,4700.335,4702.075,4699.095,4701.005,0.1906
1778650800000,2026-05-13,05:40:00,4701.045,4702.205,4696.215,4696.585,0.2073
1778651100000,2026-05-13,05:45:00,4696.585,4699.825,4696.585,4698.365,0.172
1778651400000,2026-05-13,05:50:00,4698.345,4701.115,4696.185,4699.195,0.1251
1778651700000,2026-05-13,05:55:00,4699.305,4705.195,4699.165,4703.985,0.1391
1778652000000,2026-05-13,06:00:00,4703.955,4709.855,4703.215,4709.325,0.1537
1778652300000,2026-05-13,06:05:00,4709.355,4712.525,4707.195,4710.305,0.1393
1778652600000,2026-05-13,06:10:00,4710.285,4711.745,4708.675,4710.485,0.1396
1778652900000,2026-05-13,06:15:00,4710.485,4715.155,4710.485,4712.775,0.1506
1778653200000,2026-05-13,06:20:00,4712.665,4712.775,4707.405,4708.465,0.1318
1778653500000,2026-05-13,06:25:00,4708.395,4710.065,4706.685,4708.535,0.1164
1778653800000,2026-05-13,06:30:00,4708.265,4711.135,4707.605,4709.885,0.1212
1778654100000,2026-05-13,06:35:00,4709.865,4712.755,4709.055,4711.615,0.1015
1778654400000,2026-05-13,06:40:00,4711.645,4713.495,4710.515,4711.225,0.1248
1778654700000,2026-05-13,06:45:00,4711.475,4712.015,4707.155,4708.465,0.1088
1778655000000,2026-05-13,06:50:00,4708.495,4708.545,4702.335,4702.335,0.1326
1778655300000,2026-05-13,06:55:00,4702.395,4703.765,4698.998,4701.585,0.2087
1778655600000,2026-05-13,07:00:00,4701.655,4705.375,4699.755,4700.155,0.217
1778655900000,2026-05-13,07:05:00,4700.755,4702.285,4696.585,4698.465,0.1969
1778656200000,2026-05-13,07:10:00,4698.435,4703.565,4697.415,4702.115,0.1716
1778656500000,2026-05-13,07:15:00,4702.115,4707.075,4702.025,4705.855,0.1436
1778656800000,2026-05-13,07:20:00,4705.895,4708.265,4704.135,4705.145,0.1348
1778657100000,2026-05-13,07:25:00,4705.145,4708.675,4704.975,4707.485,0.1214
1778657400000,2026-05-13,07:30:00,4707.445,4707.785,4704.625,4706.085,0.1154
1778657700000,2026-05-13,07:35:00,4705.938,4707.635,4702.905,4703.325,0.1106
1778658000000,2026-05-13,07:40:00,4703.345,4705.115,4703.085,4703.465,0.0938
1778658300000,2026-05-13,07:45:00,4703.445,4704.565,4701.065,4703.645,0.1178
1778658600000,2026-05-13,07:50:00,4703.705,4704.265,4701.198,4702.415,0.1653
1778658900000,2026-05-13,07:55:00,4702.495,4703.975,4701.725,4702.565,0.1385
1778659200000,2026-05-13,08:00:00,4702.495,4704.015,4700.615,4701.025,0.1609
1778659500000,2026-05-13,08:05:00,4700.995,4701.685,4698.395,4700.305,0.1722
1778659800000,2026-05-13,08:10:00,4700.095,4701.765,4698.935,4699.965,0.1819
1778660100000,2026-05-13,08:15:00,4699.985,4700.905,4698.035,4698.905,0.2334
1778660400000,2026-05-13,08:20:00,4698.895,4700.625,4698.595,4698.915,0.1762
1778660700000,2026-05-13,08:25:00,4698.885,4699.455,4694.595,4696.995,0.1544
1778661000000,2026-05-13,08:30:00,4697.035,4698.015,4694.225,4697.925,0.1161
1778661300000,2026-05-13,08:35:00,4697.925,4699.725,4697.075,4698.195,0.1027
1778661600000,2026-05-13,08:40:00,4698.295,4698.885,4695.005,4695.815,0.1039
1778661900000,2026-05-13,08:45:00,4695.935,4698.605,4694.585,4697.845,0.1433
1778662200000,2026-05-13,08:50:00,4697.745,4700.685,4697.165,4700.645,0.1361
1778662500000,2026-05-13,08:55:00,4700.675,4702.775,4699.255,4700.535,0.1301
1778662800000,2026-05-13,09:00:00,4700.555,4701.665,4698.045,4700.305,0.1461
1778663100000,2026-05-13,09:05:00,4700.335,4700.365,4697.785,4698.255,0.1489
1778663400000,2026-05-13,09:10:00,4698.285,4699.145,4693.355,4694.325,0.142
1778663700000,2026-05-13,09:15:00,4694.305,4695.105,4690.155,4690.625,0.136
1778664000000,2026-05-13,09:20:00,4690.595,4692.095,4685.755,4686.605,0.178
1778664300000,2026-05-13,09:25:00,4686.615,4692.045,4686.285,4688.745,0.1824
1778664600000,2026-05-13,09:30:00,4688.725,4691.615,4685.845,4688.045,0.2977
1778664900000,2026-05-13,09:35:00,4688.095,4692.665,4688.005,4690.625,0.2259
1778665200000,2026-05-13,09:40:00,4690.585,4694.355,4690.005,4693.975,0.1008
1778665500000,2026-05-13,09:45:00,4693.925,4696.755,4692.905,4696.655,0.0917
1778665800000,2026-05-13,09:50:00,4696.705,4698.065,4696.155,4697.875,0.1205
1778666100000,2026-05-13,09:55:00,4697.895,4700.925,4697.735,4700.745,0.1219
1778666400000,2026-05-13,10:00:00,4700.745,4701.325,4698.505,4698.755,0.1395
1778666700000,2026-05-13,10:05:00,4698.755,4710.295,4698.645,4708.525,0.1783
1778667000000,2026-05-13,10:10:00,4708.495,4709.005,4701.465,4702.135,0.2696
1778667300000,2026-05-13,10:15:00,4702.235,4703.035,4699.995,4700.485,0.1362
1778667600000,2026-05-13,10:20:00,4700.615,4705.805,4700.125,4703.165,0.1304
1778667900000,2026-05-13,10:25:00,4703.145,4703.295,4698.635,4699.455,0.1237
1778668200000,2026-05-13,10:30:00,4699.425,4699.715,4695.185,4696.095,0.1398
1778668500000,2026-05-13,10:35:00,4696.135,4697.295,4695.045,4695.845,0.1034
1778668800000,2026-05-13,10:40:00,4695.825,4697.165,4693.815,4695.525,0.1408
1778669100000,2026-05-13,10:45:00,4695.505,4696.285,4693.895,4695.125,0.134
1778669400000,2026-05-13,10:50:00,4695.185,4696.505,4693.965,4694.855,0.1098
1778669700000,2026-05-13,10:55:00,4694.865,4696.485,4693.555,4693.975,0.1096
1778670000000,2026-05-13,11:00:00,4693.935,4695.405,4691.415,4693.005,0.1696
1778670300000,2026-05-13,11:05:00,4692.985,4694.925,4691.355,4694.105,0.1495
1778670600000,2026-05-13,11:10:00,4694.065,4699.055,4694.025,4698.935,0.1493
1778670900000,2026-05-13,11:15:00,4698.925,4700.475,4695.638,4697.845,0.1792
1778671200000,2026-05-13,11:20:00,4697.925,4700.465,4697.175,4698.395,0.1415
1778671500000,2026-05-13,11:25:00,4698.345,4699.505,4697.035,4698.335,0.1355
1778671800000,2026-05-13,11:30:00,4698.315,4702.975,4697.955,4702.085,0.1819
1778672100000,2026-05-13,11:35:00,4702.325,4705.195,4702.155,4704.685,0.1486
1778672400000,2026-05-13,11:40:00,4704.705,4704.765,4700.825,4703.145,0.1285
1778672700000,2026-05-13,11:45:00,4703.245,4705.325,4702.165,4702.165,0.1421
1778673000000,2026-05-13,11:50:00,4702.165,4702.165,4699.745,4700.925,0.1346
1778673300000,2026-05-13,11:55:00,4700.915,4700.915,4697.265,4697.265,0.1233
1778673600000,2026-05-13,12:00:00,4696.995,4699.945,4694.805,4699.415,0.1929
1778673900000,2026-05-13,12:05:00,4699.405,4701.285,4697.665,4698.955,0.1687
1778674200000,2026-05-13,12:10:00,4698.955,4699.045,4693.575,4693.875,0.1691
1778674500000,2026-05-13,12:15:00,4693.845,4694.185,4689.095,4691.595,0.1911
1778674800000,2026-05-13,12:20:00,4691.685,4693.255,4684.845,4687.595,0.3164
1778675100000,2026-05-13,12:25:00,4687.625,4688.805,4683.065,4684.058,0.2422
1778675400000,2026-05-13,12:30:00,4683.555,4686.935,4675.295,4682.295,0.3617
1778675700000,2026-05-13,12:35:00,4682.295,4685.935,4677.125,4678.905,0.3734
1778676000000,2026-05-13,12:40:00,4678.855,4683.755,4677.605,4682.775,0.3177
1778676300000,2026-05-13,12:45:00,4682.655,4683.955,4677.515,4680.345,0.2849
1778676600000,2026-05-13,12:50:00,4680.115,4685.205,4679.705,4681.565,0.4327
1778676900000,2026-05-13,12:55:00,4681.375,4685.305,4678.525,4683.635,0.3022
1778677200000,2026-05-13,13:00:00,4683.385,4690.305,4683.385,4687.735,0.3157
1778677500000,2026-05-13,13:05:00,4687.755,4689.405,4685.315,4686.395,0.2685
1778677800000,2026-05-13,13:10:00,4686.375,4691.105,4685.255,4689.735,0.2203
1778678100000,2026-05-13,13:15:00,4689.735,4692.025,4686.335,4691.905,0.2084
1778678400000,2026-05-13,13:20:00,4691.845,4694.555,4690.095,4693.965,0.2121
1778678700000,2026-05-13,13:25:00,4693.965,4694.355,4688.055,4688.575,0.2638
1778679000000,2026-05-13,13:30:00,4688.395,4690.855,4682.235,4683.825,0.4101
1778679300000,2026-05-13,13:35:00,4684.015,4684.045,4672.955,4674.095,0.4132
1778679600000,2026-05-13,13:40:00,4674.105,4683.545,4673.355,4678.665,0.4112
1778679900000,2026-05-13,13:45:00,4678.635,4679.125,4669.415,4672.675,0.3868
1778680200000,2026-05-13,13:50:00,4672.785,4682.665,4670.055,4682.665,0.3607
1778680500000,2026-05-13,13:55:00,4682.755,4683.145,4677.415,4679.165,0.3385
1778680800000,2026-05-13,14:00:00,4679.155,4680.295,4672.635,4676.645,0.3776
1778681100000,2026-05-13,14:05:00,4676.695,4680.915,4673.905,4677.695,0.3463
1778681400000,2026-05-13,14:10:00,4677.725,4683.235,4676.955,4681.155,0.3296
1778681700000,2026-05-13,14:15:00,4681.135,4682.195,4673.555,4673.935,0.3067
1778682000000,2026-05-13,14:20:00,4674.015,4682.115,4673.465,4681.745,0.279
1778682300000,2026-05-13,14:25:00,4681.845,4685.235,4681.115,4684.035,0.3029
1778682600000,2026-05-13,14:30:00,4684.005,4690.215,4682.935,4689.715,0.3131
1778682900000,2026-05-13,14:35:00,4689.765,4690.808,4684.775,4686.315,0.3046
1778683200000,2026-05-13,14:40:00,4686.335,4688.395,4683.325,4683.535,0.2963
1778683500000,2026-05-13,14:45:00,4683.605,4684.725,4677.018,4681.465,0.3406
1778683800000,2026-05-13,14:50:00,4681.545,4682.385,4678.145,4681.115,0.2609
1778684100000,2026-05-13,14:55:00,4681.095,4683.305,4678.775,4679.625,0.2843
1778684400000,2026-05-13,15:00:00,4679.625,4686.085,4678.785,4684.215,0.2919
1778684700000,2026-05-13,15:05:00,4684.235,4688.805,4681.845,4688.365,0.2378
1778685000000,2026-05-13,15:10:00,4688.475,4690.695,4686.005,4687.465,0.2408
1778685300000,2026-05-13,15:15:00,4687.465,4687.905,4685.335,4687.105,0.2054
1778685600000,2026-05-13,15:20:00,4687.125,4689.955,4685.145,4688.005,0.1973
1778685900000,2026-05-13,15:25:00,4687.945,4691.695,4687.445,4691.175,0.2165
1778686200000,2026-05-13,15:30:00,4691.145,4695.675,4686.775,4695.195,0.2486
1778686500000,2026-05-13,15:35:00,4695.205,4698.998,4694.445,4698.655,0.2377
1778686800000,2026-05-13,15:40:00,4698.695,4699.965,4696.865,4699.195,0.2607
1778687100000,2026-05-13,15:45:00,4699.225,4699.425,4696.265,4698.275,0.2215
1778687400000,2026-05-13,15:50:00,4698.325,4698.405,4694.625,4695.615,0.1979
1778687700000,2026-05-13,15:55:00,4695.625,4697.955,4694.495,4695.365,0.2072
1778688000000,2026-05-13,16:00:00,4695.365,4699.445,4694.965,4697.565,0.2307
1778688300000,2026-05-13,16:05:00,4697.545,4701.655,4696.325,4700.785,0.2126
1778688600000,2026-05-13,16:10:00,4700.775,4702.705,4699.005,4701.895,0.1854
1778688900000,2026-05-13,16:15:00,4701.895,4703.565,4698.495,4699.395,0.2202
1778689200000,2026-05-13,16:20:00,4699.395,4709.395,4698.575,4705.665,0.229
1778689500000,2026-05-13,16:25:00,4705.715,4709.635,4703.555,4706.655,0.2825
1778689800000,2026-05-13,16:30:00,4706.705,4707.415,4702.225,4703.905,0.2784
1778690100000,2026-05-13,16:35:00,4703.995,4704.075,4701.545,4702.675,0.1649
1778690400000,2026-05-13,16:40:00,4702.705,4702.935,4699.635,4699.795,0.2072
1778690700000,2026-05-13,16:45:00,4699.865,4701.295,4698.325,4699.585,0.1921
1778691000000,2026-05-13,16:50:00,4699.505,4699.645,4695.215,4696.145,0.2039
1778691300000,2026-05-13,16:55:00,4696.145,4697.595,4694.865,4695.515,0.1727
1778691600000,2026-05-13,17:00:00,4695.605,4699.215,4695.605,4696.595,0.166
1778691900000,2026-05-13,17:05:00,4696.595,4699.735,4696.185,4699.315,0.166
1778692200000,2026-05-13,17:10:00,4699.295,4700.785,4698.325,4699.518,0.1318
1778692500000,2026-05-13,17:15:00,4699.245,4699.755,4696.695,4699.655,0.1518
1778692800000,2026-05-13,17:20:00,4699.815,4701.095,4697.015,4697.515,0.1537
1778693100000,2026-05-13,17:25:00,4697.515,4699.915,4696.505,4698.285,0.2303
1778693400000,2026-05-13,17:30:00,4698.385,4698.385,4690.145,4690.295,0.2324
1778693700000,2026-05-13,17:35:00,4690.295,4692.605,4689.855,4690.835,0.2133
1778694000000,2026-05-13,17:40:00,4690.835,4693.465,4690.605,4690.965,0.1745
1778694300000,2026-05-13,17:45:00,4690.945,4694.345,4690.175,4691.095,0.157
1778694600000,2026-05-13,17:50:00,4691.015,4692.145,4688.195,4688.675,0.1672
1778694900000,2026-05-13,17:55:00,4688.605,4689.555,4684.295,4685.375,0.1933
1778695200000,2026-05-13,18:00:00,4685.375,4689.315,4684.235,4687.705,0.2064
1778695500000,2026-05-13,18:05:00,4687.665,4691.275,4687.565,4690.605,0.129
1778695800000,2026-05-13,18:10:00,4690.575,4692.685,4690.365,4692.245,0.1147
1778696100000,2026-05-13,18:15:00,4692.275,4693.895,4690.185,4690.605,0.1601
1778696400000,2026-05-13,18:20:00,4690.575,4690.895,4688.585,4690.155,0.1598
1778696700000,2026-05-13,18:25:00,4690.125,4692.085,4689.915,4691.775,0.1281
1778697000000,2026-05-13,18:30:00,4691.738,4692.555,4690.045,4691.035,0.109
1778697300000,2026-05-13,18:35:00,4691.045,4691.145,4687.065,4689.815,0.1555
1778697600000,2026-05-13,18:40:00,4689.855,4691.175,4685.535,4685.995,0.1532
1778697900000,2026-05-13,18:45:00,4686.015,4687.455,4677.425,4679.295,0.2691
1778698200000,2026-05-13,18:50:00,4679.335,4687.275,4679.325,4686.905,0.2087
1778698500000,2026-05-13,18:55:00,4686.905,4687.305,4684.195,4684.725,0.1738
1778698800000,2026-05-13,19:00:00,4684.805,4685.815,4683.745,4684.005,0.1441
1778699100000,2026-05-13,19:05:00,4684.115,4686.515,4683.155,4686.375,0.1141
1778699400000,2026-05-13,19:10:00,4686.355,4689.095,4685.395,4689.015,0.1129
1778699700000,2026-05-13,19:15:00,4689.055,4690.425,4686.915,4688.005,0.134
1778700000000,2026-05-13,19:20:00,4688.005,4689.995,4687.365,4687.815,0.1489
1778700300000,2026-05-13,19:25:00,4687.795,4688.385,4686.405,4686.995,0.127
1778700600000,2026-05-13,19:30:00,4687.045,4688.425,4684.265,4685.015,0.115
1778700900000,2026-05-13,19:35:00,4685.015,4688.895,4684.455,4688.765,0.1113
1778701200000,2026-05-13,19:40:00,4688.735,4688.775,4687.075,4688.295,0.1049
1778701500000,2026-05-13,19:45:00,4688.295,4689.255,4687.215,4689.055,0.1178
1778701800000,2026-05-13,19:50:00,4688.918,4688.918,4683.598,4685.495,0.2583
1778702100000,2026-05-13,19:55:00,4685.745,4688.825,4685.445,4688.025,0.2196
1778702400000,2026-05-13,20:00:00,4687.965,4688.325,4685.835,4686.645,0.085
1778702700000,2026-05-13,20:05:00,4686.845,4689.055,4686.845,4688.915,0.0842
1778703000000,2026-05-13,20:10:00,4688.955,4690.915,4688.895,4690.845,0.0506
1778703300000,2026-05-13,20:15:00,4690.845,4690.995,4690.175,4690.845,0.0555
1778703600000,2026-05-13,20:20:00,4690.845,4693.205,4690.625,4692.775,0.0458
1778703900000,2026-05-13,20:25:00,4692.685,4693.315,4691.005,4691.105,0.049
1778704200000,2026-05-13,20:30:00,4691.145,4692.795,4689.055,4689.575,0.0535
1778704500000,2026-05-13,20:35:00,4689.615,4691.275,4689.305,4691.275,0.0465
1778704800000,2026-05-13,20:40:00,4691.245,4691.575,4689.785,4690.535,0.0421
1778705100000,2026-05-13,20:45:00,4690.535,4691.035,4688.535,4688.775,0.0339
1778705400000,2026-05-13,20:50:00,4688.715,4689.275,4687.735,4687.965,0.0335
1778705700000,2026-05-13,20:55:00,4687.935,4689.285,4687.925,4688.605,0.0408
1778709600000,2026-05-13,22:00:00,4689.298,4694.085,4688.785,4693.065,0.0851
1778709900000,2026-05-13,22:05:00,4693.065,4693.445,4689.475,4689.618,0.0419
1778710200000,2026-05-13,22:10:00,4689.638,4691.215,4688.708,4690.865,0.0363
1778710500000,2026-05-13,22:15:00,4690.915,4695.855,4690.625,4694.625,0.0668
1778710800000,2026-05-13,22:20:00,4694.275,4696.365,4694.035,4695.425,0.0402
1778711100000,2026-05-13,22:25:00,4695.405,4697.115,4695.365,4696.785,0.0459
1778711400000,2026-05-13,22:30:00,4696.805,4698.495,4695.285,4696.895,0.0463
1778711700000,2026-05-13,22:35:00,4696.875,4699.105,4696.278,4698.125,0.0492
1778712000000,2026-05-13,22:40:00,4698.105,4699.978,4697.698,4698.785,0.0556
1778712300000,2026-05-13,22:45:00,4698.718,4699.358,4696.445,4697.318,0.0765
1778712600000,2026-05-13,22:50:00,4697.235,4700.295,4697.165,4699.765,0.037
1778712900000,2026-05-13,22:55:00,4699.865,4700.148,4698.948,4699.625,0.0276
1778713200000,2026-05-13,23:00:00,4699.618,4700.648,4698.728,4698.728,0.0438
1778713500000,2026-05-13,23:05:00,4698.805,4701.215,4698.708,4700.508,0.0382
1778713800000,2026-05-13,23:10:00,4700.475,4701.855,4700.475,4700.865,0.0423
1778714100000,2026-05-13,23:15:00,4700.825,4700.995,4700.065,4700.675,0.0289
1778714400000,2026-05-13,23:20:00,4700.635,4700.915,4699.015,4699.375,0.0299
1778714700000,2026-05-13,23:25:00,4699.405,4699.515,4696.395,4697.085,0.0585
1778715000000,2026-05-13,23:30:00,4697.065,4697.295,4694.155,4695.125,0.0493
1778715300000,2026-05-13,23:35:00,4695.145,4696.755,4694.925,4695.995,0.032
1778715600000,2026-05-13,23:40:00,4695.925,4697.355,4694.375,4694.625,0.0526
1778715900000,2026-05-13,23:45:00,4694.605,4696.335,4693.065,4693.635,0.0743
1778716200000,2026-05-13,23:50:00,4693.725,4695.695,4693.075,4695.535,0.0314
1778716500000,2026-05-13,23:55:00,4695.465,4696.685,4694.335,4696.415,0.0624
1778716800000,2026-05-14,00:00:00,4696.395,4699.155,4689.225,4691.565,0.1634
1778717100000,2026-05-14,00:05:00,4691.665,4696.395,4690.715,4695.915,0.1594
1778717400000,2026-05-14,00:10:00,4695.915,4697.815,4694.015,4697.475,0.1121
1778717700000,2026-05-14,00:15:00,4697.445,4705.185,4697.355,4701.005,0.1536
1778718000000,2026-05-14,00:20:00,4700.965,4702.465,4699.375,4701.515,0.1219
1778718300000,2026-05-14,00:25:00,4701.545,4702.225,4699.315,4700.775,0.1218
1778718600000,2026-05-14,00:30:00,4700.735,4703.025,4696.925,4697.335,0.1226
1778718900000,2026-05-14,00:35:00,4697.345,4697.365,4694.085,4695.395,0.113
1778719200000,2026-05-14,00:40:00,4695.445,4700.625,4692.668,4700.015,0.1124
1778719500000,2026-05-14,00:45:00,4700.045,4704.535,4699.955,4703.505,0.117
1778719800000,2026-05-14,00:50:00,4703.505,4703.585,4699.255,4700.575,0.0876
1778720100000,2026-05-14,00:55:00,4700.615,4706.485,4700.475,4704.735,0.1114
1778720400000,2026-05-14,01:00:00,4704.765,4706.865,4694.155,4698.495,0.2893
1778720700000,2026-05-14,01:05:00,4698.465,4698.695,4686.255,4688.175,0.2965
1778721000000,2026-05-14,01:10:00,4688.255,4692.245,4684.125,4688.795,0.2499
1778721300000,2026-05-14,01:15:00,4688.815,4694.365,4687.235,4688.725,0.235
1778721600000,2026-05-14,01:20:00,4688.695,4692.825,4688.185,4692.125,0.2188
1778721900000,2026-05-14,01:25:00,4692.235,4695.265,4691.295,4692.585,0.2202
1778722200000,2026-05-14,01:30:00,4692.615,4694.645,4689.405,4692.635,0.3082
1778722500000,2026-05-14,01:35:00,4692.575,4694.385,4686.775,4688.925,0.2583
1778722800000,2026-05-14,01:40:00,4688.945,4689.935,4683.435,4688.665,0.2786
1778723100000,2026-05-14,01:45:00,4688.685,4695.165,4686.815,4694.345,0.2297
1778723400000,2026-05-14,01:50:00,4694.425,4694.485,4683.315,4685.415,0.2604
1778723700000,2026-05-14,01:55:00,4685.345,4689.085,4683.825,4688.665,0.3261
1778724000000,2026-05-14,02:00:00,4688.685,4693.855,4687.005,4693.545,0.2693
1778724300000,2026-05-14,02:05:00,4693.595,4693.775,4688.645,4690.605,0.2196
1778724600000,2026-05-14,02:10:00,4690.575,4690.655,4686.395,4688.145,0.2162
1778724900000,2026-05-14,02:15:00,4688.145,4690.855,4686.905,4689.775,0.1255
1778725200000,2026-05-14,02:20:00,4689.795,4691.395,4689.105,4690.635,0.1156
1778725500000,2026-05-14,02:25:00,4690.635,4693.865,4689.758,4693.195,0.1611
1778725800000,2026-05-14,02:30:00,4693.225,4697.665,4690.875,4697.565,0.2112
1778726100000,2026-05-14,02:35:00,4697.515,4699.365,4694.705,4694.995,0.1855
1778726400000,2026-05-14,02:40:00,4695.025,4696.035,4689.275,4691.585,0.2082
1778726700000,2026-05-14,02:45:00,4691.555,4693.065,4680.415,4682.195,0.2576
1778727000000,2026-05-14,02:50:00,4682.305,4687.655,4679.555,4686.925,0.2527
1778727300000,2026-05-14,02:55:00,4686.925,4687.975,4684.605,4686.025,0.229
1778727600000,2026-05-14,03:00:00,4686.135,4690.155,4685.145,4687.165,0.2463
1778727900000,2026-05-14,03:05:00,4687.255,4687.565,4681.588,4684.115,0.249
1778728200000,2026-05-14,03:10:00,4684.078,4685.585,4681.085,4682.685,0.2491
1778728500000,2026-05-14,03:15:00,4682.715,4686.335,4682.385,4682.685,0.1919
1778728800000,2026-05-14,03:20:00,4682.455,4688.275,4681.295,4688.095,0.2262
1778729100000,2026-05-14,03:25:00,4688.015,4693.055,4688.015,4690.848,0.2473
1778729400000,2026-05-14,03:30:00,4690.738,4691.098,4682.608,4684.428,0.2514
1778729700000,2026-05-14,03:35:00,4684.428,4686.085,4678.965,4680.185,0.1378
1778730000000,2026-05-14,03:40:00,4680.185,4680.885,4675.475,4675.928,0.1476
1778730300000,2026-05-14,03:45:00,4675.945,4677.665,4673.995,4676.575,0.1352
1778730600000,2026-05-14,03:50:00,4676.515,4677.075,4674.155,4675.098,0.0935
1778730900000,2026-05-14,03:55:00,4675.095,4676.515,4673.665,4674.645,0.0878
1778731200000,2026-05-14,04:00:00,4674.695,4674.818,4668.165,4672.465,0.1687
1778731500000,2026-05-14,04:05:00,4672.328,4679.855,4671.995,4678.585,0.1428
1778731800000,2026-05-14,04:10:00,4678.565,4682.195,4676.755,4681.785,0.1275
1778732100000,2026-05-14,04:15:00,4681.825,4683.325,4681.435,4683.005,0.1156
1778732400000,2026-05-14,04:20:00,4683.025,4692.065,4683.025,4691.165,0.1203
1778732700000,2026-05-14,04:25:00,4691.165,4707.048,4691.095,4701.948,0.3216
1778733000000,2026-05-14,04:30:00,4701.948,4710.325,4700.998,4708.748,0.2708
1778733300000,2026-05-14,04:35:00,4708.698,4712.438,4706.065,4707.128,0.2494
1778733600000,2026-05-14,04:40:00,4707.198,4707.585,4702.815,4704.465,0.1346
1778733900000,2026-05-14,04:45:00,4704.415,4706.505,4702.725,4704.685,0.1235
1778734200000,2026-05-14,04:50:00,4704.685,4705.535,4703.205,4705.135,0.1093
1778734500000,2026-05-14,04:55:00,4705.185,4706.105,4701.895,4702.015,0.1272
1778734800000,2026-05-14,05:00:00,4702.075,4702.805,4699.455,4700.265,0.1651
1778735100000,2026-05-14,05:05:00,4700.455,4703.815,4700.105,4701.105,0.1393
1778735400000,2026-05-14,05:10:00,4701.105,4703.515,4699.485,4699.615,0.1222
1778735700000,2026-05-14,05:15:00,4699.548,4699.955,4696.978,4697.308,0.1227
1778736000000,2026-05-14,05:20:00,4697.308,4698.415,4696.608,4696.988,0.1525
1778736300000,2026-05-14,05:25:00,4697.028,4697.028,4692.968,4693.305,0.1397
1778736600000,2026-05-14,05:30:00,4693.228,4701.305,4692.815,4698.385,0.2548
1778736900000,2026-05-14,05:35:00,4698.355,4700.345,4696.345,4699.675,0.1946
1778737200000,2026-05-14,05:40:00,4699.675,4700.645,4696.445,4697.035,0.1865
1778737500000,2026-05-14,05:45:00,4697.005,4703.025,4697.005,4699.715,0.2408
1778737800000,2026-05-14,05:50:00,4699.785,4701.055,4697.848,4698.175,0.1875
1778738100000,2026-05-14,05:55:00,4698.175,4698.175,4688.625,4689.405,0.2163
1778738400000,2026-05-14,06:00:00,4689.178,4693.095,4686.938,4692.745,0.3057
1778738700000,2026-05-14,06:05:00,4692.775,4694.525,4687.145,4690.375,0.2308
1778739000000,2026-05-14,06:10:00,4690.345,4691.505,4686.258,4687.425,0.1803
1778739300000,2026-05-14,06:15:00,4687.385,4688.925,4686.028,4688.115,0.1885
1778739600000,2026-05-14,06:20:00,4688.115,4690.605,4687.665,4690.155,0.1878
1778739900000,2026-05-14,06:25:00,4690.175,4692.905,4689.655,4690.985,0.1739
1778740200000,2026-05-14,06:30:00,4690.975,4694.735,4690.355,4693.915,0.1482
1778740500000,2026-05-14,06:35:00,4693.955,4695.375,4691.055,4693.995,0.1461
1778740800000,2026-05-14,06:40:00,4694.015,4699.495,4691.295,4698.498,0.1789
1778741100000,2026-05-14,06:45:00,4698.525,4702.345,4694.565,4695.245,0.2579
1778741400000,2026-05-14,06:50:00,4695.185,4701.305,4695.135,4699.455,0.1956
1778741700000,2026-05-14,06:55:00,4699.425,4701.065,4698.048,4699.865,0.1907
1778742000000,2026-05-14,07:00:00,4699.715,4701.955,4697.158,4698.485,0.2019
1778742300000,2026-05-14,07:05:00,4698.705,4700.475,4695.875,4699.015,0.1657
1778742600000,2026-05-14,07:10:00,4698.995,4700.105,4694.285,4695.115,0.1634
1778742900000,2026-05-14,07:15:00,4695.205,4699.345,4694.888,4697.545,0.1519
1778743200000,2026-05-14,07:20:00,4697.575,4700.115,4695.115,4699.405,0.1606
1778743500000,2026-05-14,07:25:00,4699.405,4706.515,4699.025,4705.255,0.2367
1778743800000,2026-05-14,07:30:00,4705.285,4710.345,4702.775,4710.015,0.2314
1778744100000,2026-05-14,07:35:00,4710.198,4718.568,4709.925,4711.798,0.2666
1778744400000,2026-05-14,07:40:00,4711.875,4714.365,4708.875,4709.045,0.1678
1778744700000,2026-05-14,07:45:00,4709.055,4709.405,4703.095,4704.155,0.1639
1778745000000,2026-05-14,07:50:00,4704.135,4704.135,4694.858,4699.935,0.2066
1778745300000,2026-05-14,07:55:00,4699.925,4700.905,4690.595,4692.995,0.2324
1778745600000,2026-05-14,08:00:00,4692.935,4700.775,4691.935,4697.445,0.2422
1778745900000,2026-05-14,08:05:00,4697.485,4699.815,4696.135,4697.245,0.1602
1778746200000,2026-05-14,08:10:00,4697.245,4700.575,4695.375,4698.635,0.2434
1778746500000,2026-05-14,08:15:00,4698.715,4701.495,4698.715,4699.485,0.2061
1778746800000,2026-05-14,08:20:00,4699.455,4701.585,4697.515,4700.758,0.2101
1778747100000,2026-05-14,08:25:00,4700.758,4704.725,4700.565,4702.805,0.2112
1778747400000,2026-05-14,08:30:00,4702.805,4705.465,4701.445,4702.215,0.1651
1778747700000,2026-05-14,08:35:00,4701.885,4706.445,4701.558,4701.638,0.1665
1778748000000,2026-05-14,08:40:00,4701.648,4702.525,4695.385,4696.675,0.1611
1778748300000,2026-05-14,08:45:00,4696.705,4697.295,4694.188,4694.985,0.1564
1778748600000,2026-05-14,08:50:00,4694.818,4696.315,4693.305,4694.485,0.1115
1778748900000,2026-05-14,08:55:00,4694.505,4696.805,4692.728,4693.115,0.1156
1778749200000,2026-05-14,09:00:00,4693.225,4693.935,4690.125,4692.445,0.1261
1778749500000,2026-05-14,09:05:00,4692.485,4696.425,4690.755,4696.245,0.1206
1778749800000,2026-05-14,09:10:00,4696.255,4697.845,4693.045,4694.285,0.1464
1778750100000,2026-05-14,09:15:00,4694.198,4696.575,4693.785,4695.465,0.1256
1778750400000,2026-05-14,09:20:00,4695.545,4696.505,4693.195,4693.438,0.1022
1778750700000,2026-05-14,09:25:00,4693.438,4694.225,4690.558,4690.558,0.13
1778751000000,2026-05-14,09:30:00,4690.495,4694.785,4688.655,4694.675,0.1357
1778751300000,2026-05-14,09:35:00,4694.595,4694.595,4688.335,4692.415,0.1948
1778751600000,2026-05-14,09:40:00,4692.485,4697.085,4691.885,4695.345,0.1312
1778751900000,2026-05-14,09:45:00,4695.495,4700.405,4695.495,4700.115,0.1689
1778752200000,2026-05-14,09:50:00,4700.095,4702.535,4698.235,4698.935,0.1385
1778752500000,2026-05-14,09:55:00,4698.955,4701.435,4698.198,4699.405,0.1605
1778752800000,2026-05-14,10:00:00,4699.455,4699.915,4698.375,4698.945,0.1306
1778753100000,2026-05-14,10:05:00,4699.395,4700.695,4698.005,4698.395,0.1112
1778753400000,2026-05-14,10:10:00,4698.605,4705.245,4695.845,4697.135,0.2053
1778753700000,2026-05-14,10:15:00,4697.245,4698.305,4694.808,4696.625,0.1854
1778754000000,2026-05-14,10:20:00,4696.635,4697.545,4693.715,4694.275,0.1563
1778754300000,2026-05-14,10:25:00,4694.255,4698.125,4694.105,4697.425,0.1599
1778754600000,2026-05-14,10:30:00,4697.445,4697.925,4695.335,4696.745,0.1068
1778754900000,2026-05-14,10:35:00,4696.725,4697.645,4694.485,4696.015,0.1087
1778755200000,2026-05-14,10:40:00,4696.035,4696.035,4692.045,4693.445,0.1508
1778755500000,2026-05-14,10:45:00,4693.485,4694.885,4691.865,4692.715,0.1438
1778755800000,2026-05-14,10:50:00,4692.755,4697.625,4691.015,4696.645,0.1653
1778756100000,2026-05-14,10:55:00,4696.565,4697.295,4695.215,4696.785,0.1474
1778756400000,2026-05-14,11:00:00,4696.845,4698.565,4694.455,4694.635,0.1694
1778756700000,2026-05-14,11:05:00,4694.665,4698.605,4692.495,4697.145,0.1454
1778757000000,2026-05-14,11:10:00,4697.245,4697.665,4695.955,4697.255,0.1161
1778757300000,2026-05-14,11:15:00,4697.305,4697.465,4694.475,4695.015,0.101
1778757600000,2026-05-14,11:20:00,4694.915,4696.695,4693.165,4693.375,0.0989
1778757900000,2026-05-14,11:25:00,4693.415,4694.005,4688.908,4691.865,0.1489
1778758200000,2026-05-14,11:30:00,4691.945,4694.855,4690.625,4693.715,0.1312
1778758500000,2026-05-14,11:35:00,4693.725,4695.815,4692.865,4695.485,0.1024
1778758800000,2026-05-14,11:40:00,4695.445,4697.105,4694.765,4695.095,0.1188
1778759100000,2026-05-14,11:45:00,4695.095,4700.125,4694.695,4697.875,0.1439
1778759400000,2026-05-14,11:50:00,4697.875,4704.315,4697.585,4703.895,0.1712
1778759700000,2026-05-14,11:55:00,4703.865,4704.625,4694.085,4694.165,0.2184
1778760000000,2026-05-14,12:00:00,4693.518,4697.658,4691.998,4695.898,0.2503
1778760300000,2026-05-14,12:05:00,4695.885,4698.535,4693.585,4696.848,0.1633
1778760600000,2026-05-14,12:10:00,4697.115,4703.558,4696.445,4703.558,0.1856
1778760900000,2026-05-14,12:15:00,4703.525,4703.558,4698.475,4701.208,0.1686
1778761200000,2026-05-14,12:20:00,4701.475,4707.298,4701.085,4705.185,0.2386
1778761500000,2026-05-14,12:25:00,4705.165,4705.735,4702.185,4702.545,0.1494
1778761800000,2026-05-14,12:30:00,4702.715,4707.835,4700.415,4705.375,0.2401
1778762100000,2026-05-14,12:35:00,4705.528,4709.748,4703.115,4706.148,0.2772
1778762400000,2026-05-14,12:40:00,4706.078,4707.135,4697.498,4697.675,0.2332
1778762700000,2026-05-14,12:45:00,4697.588,4702.808,4695.525,4702.695,0.2337
1778763000000,2026-05-14,12:50:00,4702.765,4704.785,4701.538,4703.085,0.1831
1778763300000,2026-05-14,12:55:00,4703.265,4705.978,4702.528,4704.628,0.1933
1778763600000,2026-05-14,13:00:00,4704.535,4707.408,4695.748,4697.225,0.3547
1778763900000,2026-05-14,13:05:00,4697.195,4702.935,4696.435,4701.075,0.2573
1778764200000,2026-05-14,13:10:00,4701.045,4704.478,4700.775,4703.785,0.2438
1778764500000,2026-05-14,13:15:00,4703.815,4704.098,4691.335,4693.065,0.3052
1778764800000,2026-05-14,13:20:00,4693.045,4694.915,4689.675,4694.525,0.3378
1778765100000,2026-05-14,13:25:00,4694.508,4696.758,4687.668,4687.895,0.2767
1778765400000,2026-05-14,13:30:00,4687.875,4689.145,4681.418,4684.005,0.6659
1778765700000,2026-05-14,13:35:00,4684.005,4687.055,4680.268,4682.385,0.4732
1778766000000,2026-05-14,13:40:00,4682.385,4682.995,4665.975,4676.685,0.7744
1778766300000,2026-05-14,13:45:00,4676.685,4690.178,4675.465,4689.235,0.5655
1778766600000,2026-05-14,13:50:00,4689.285,4690.905,4680.145,4684.775,0.8378
1778766900000,2026-05-14,13:55:00,4684.725,4686.335,4678.835,4679.285,0.4091
1778767200000,2026-05-14,14:00:00,4679.225,4688.878,4677.315,4685.505,1.2196
1778767500000,2026-05-14,14:05:00,4685.505,4686.538,4680.515,4685.325,0.3846
1778767800000,2026-05-14,14:10:00,4685.335,4690.025,4685.005,4687.385,0.3215
1778768100000,2026-05-14,14:15:00,4687.435,4694.955,4686.635,4694.315,0.4068
1778768400000,2026-05-14,14:20:00,4694.355,4700.648,4693.448,4694.645,0.5305
1778768700000,2026-05-14,14:25:00,4694.645,4694.805,4688.065,4691.145,0.3617
1778769000000,2026-05-14,14:30:00,4691.245,4691.828,4686.695,4687.905,0.2926
1778769300000,2026-05-14,14:35:00,4688.005,4690.375,4685.765,4689.625,0.4247
1778769600000,2026-05-14,14:40:00,4689.665,4692.085,4685.825,4686.605,0.5872
1778769900000,2026-05-14,14:45:00,4686.655,4688.705,4684.765,4686.935,0.3695
1778770200000,2026-05-14,14:50:00,4686.905,4690.205,4682.575,4685.035,0.4252
1778770500000,2026-05-14,14:55:00,4685.035,4688.285,4678.955,4679.175,0.3557
1778770800000,2026-05-14,15:00:00,4679.205,4682.295,4676.775,4678.155,0.4603
1778771100000,2026-05-14,15:05:00,4678.245,4683.495,4677.935,4683.415,0.253
1778771400000,2026-05-14,15:10:00,4683.495,4686.315,4681.955,4684.515,0.2569
1778771700000,2026-05-14,15:15:00,4684.498,4688.515,4684.038,4687.255,0.2789
1778772000000,2026-05-14,15:20:00,4687.115,4687.415,4683.835,4685.595,0.2475
1778772300000,2026-05-14,15:25:00,4685.615,4689.085,4685.095,4685.578,0.2524
1778772600000,2026-05-14,15:30:00,4685.515,4688.365,4684.378,4688.298,0.2449
1778772900000,2026-05-14,15:35:00,4688.425,4688.598,4684.798,4686.198,0.2513
1778773200000,2026-05-14,15:40:00,4686.198,4686.858,4680.698,4682.285,0.2254
1778773500000,2026-05-14,15:45:00,4682.285,4683.195,4680.695,4683.075,0.2008
1778773800000,2026-05-14,15:50:00,4683.195,4684.875,4680.875,4684.325,0.2184
1778774100000,2026-05-14,15:55:00,4684.285,4686.325,4683.255,4685.585,0.2184
1778774400000,2026-05-14,16:00:00,4685.438,4686.638,4677.858,4678.678,0.2466
1778774700000,2026-05-14,16:05:00,4678.698,4679.078,4674.198,4676.798,0.2731
1778775000000,2026-05-14,16:10:00,4676.798,4679.175,4673.805,4678.355,0.222
1778775300000,2026-05-14,16:15:00,4678.225,4680.905,4678.185,4679.635,0.1625
1778775600000,2026-05-14,16:20:00,4679.615,4680.248,4676.618,4677.238,0.2196
1778775900000,2026-05-14,16:25:00,4677.258,4677.678,4674.938,4676.918,0.2645
1778776200000,2026-05-14,16:30:00,4676.938,4678.075,4673.418,4674.038,0.2731
1778776500000,2026-05-14,16:35:00,4674.075,4674.735,4669.955,4672.538,0.2832
1778776800000,2026-05-14,16:40:00,4672.538,4675.645,4672.338,4675.088,0.2177
1778777100000,2026-05-14,16:45:00,4674.938,4676.428,4672.265,4676.005,0.2255
1778777400000,2026-05-14,16:50:00,4675.935,4678.278,4674.998,4677.235,0.1569
1778777700000,2026-05-14,16:55:00,4677.175,4678.635,4674.918,4678.175,0.1984
1778778000000,2026-05-14,17:00:00,4678.325,4681.785,4678.325,4680.758,0.2422
1778778300000,2026-05-14,17:05:00,4680.785,4682.295,4679.515,4679.858,0.2089
1778778600000,2026-05-14,17:10:00,4679.858,4680.898,4678.125,4678.385,0.1882
1778778900000,2026-05-14,17:15:00,4678.425,4680.598,4678.075,4679.698,0.1782
1778779200000,2026-05-14,17:20:00,4679.625,4682.678,4679.105,4680.518,0.236
1778779500000,2026-05-14,17:25:00,4680.518,4682.075,4676.508,4676.965,0.2249
1778779800000,2026-05-14,17:30:00,4676.995,4678.955,4676.135,4678.708,0.2731
1778780100000,2026-05-14,17:35:00,4678.715,4679.615,4678.085,4678.458,0.199
1778780400000,2026-05-14,17:40:00,4678.465,4681.218,4678.465,4681.068,0.137
1778780700000,2026-05-14,17:45:00,4681.095,4681.438,4679.538,4680.538,0.1529
1778781000000,2026-05-14,17:50:00,4680.525,4680.925,4677.665,4677.705,0.1588
1778781300000,2026-05-14,17:55:00,4677.865,4679.045,4677.435,4677.898,0.185
1778781600000,2026-05-14,18:00:00,4677.998,4678.018,4668.425,4669.745,0.2973
1778781900000,2026-05-14,18:05:00,4669.765,4674.015,4668.745,4671.905,0.2052
1778782200000,2026-05-14,18:10:00,4671.905,4674.515,4671.415,4674.435,0.1617
1778782500000,2026-05-14,18:15:00,4674.455,4676.115,4673.775,4675.765,0.1187
1778782800000,2026-05-14,18:20:00,4675.705,4676.425,4674.065,4674.675,0.114
1778783100000,2026-05-14,18:25:00,4674.715,4675.755,4672.875,4673.355,0.1186
1778783400000,2026-05-14,18:30:00,4673.605,4674.725,4672.465,4672.925,0.1001
1778783700000,2026-05-14,18:35:00,4672.955,4673.585,4670.125,4670.125,0.1029
1778784000000,2026-05-14,18:40:00,4670.085,4671.625,4668.118,4668.258,0.1202
1778784300000,2026-05-14,18:45:00,4668.325,4669.645,4666.558,4669.318,0.1897
1778784600000,2026-05-14,18:50:00,4669.278,4670.105,4667.868,4667.868,0.1357
1778784900000,2026-05-14,18:55:00,4667.878,4671.635,4667.738,4671.395,0.1095
1778785200000,2026-05-14,19:00:00,4671.575,4671.595,4668.075,4668.605,0.1392
1778785500000,2026-05-14,19:05:00,4668.645,4668.925,4666.425,4668.825,0.1202
1778785800000,2026-05-14,19:10:00,4668.825,4668.965,4666.345,4667.175,0.1169
1778786100000,2026-05-14,19:15:00,4667.225,4667.765,4666.115,4667.145,0.1309
1778786400000,2026-05-14,19:20:00,4667.145,4668.948,4666.608,4667.725,0.1514
1778786700000,2026-05-14,19:25:00,4667.725,4668.905,4662.975,4663.165,0.154
1778787000000,2026-05-14,19:30:00,4663.165,4665.098,4661.158,4664.305,0.1861
1778787300000,2026-05-14,19:35:00,4664.355,4664.375,4658.835,4658.938,0.4441
1778787600000,2026-05-14,19:40:00,4658.938,4660.358,4655.178,4656.108,0.5292
1778787900000,2026-05-14,19:45:00,4656.108,4657.325,4652.675,4656.838,0.4475
1778788200000,2026-05-14,19:50:00,4656.838,4658.595,4655.618,4657.798,0.2505
1778788500000,2026-05-14,19:55:00,4657.818,4657.855,4652.938,4653.818,0.3455
1778788800000,2026-05-14,20:00:00,4653.838,4656.738,4649.871,4649.898,0.2056
1778789100000,2026-05-14,20:05:00,4649.898,4651.585,4648.845,4651.415,0.1384
1778789400000,2026-05-14,20:10:00,4651.405,4651.905,4649.335,4649.385,0.1329
1778789700000,2026-05-14,20:15:00,4649.355,4650.625,4648.135,4648.768,0.1188
1778790000000,2026-05-14,20:20:00,4648.788,4650.208,4647.948,4648.315,0.1271
1778790300000,2026-05-14,20:25:00,4648.258,4648.338,4646.378,4647.715,0.1732
1778790600000,2026-05-14,20:30:00,4647.785,4648.158,4646.818,4647.378,0.1166
1778790900000,2026-05-14,20:35:00,4647.378,4648.025,4643.965,4645.838,0.1621
1778791200000,2026-05-14,20:40:00,4645.838,4652.418,4645.115,4650.365,0.1818
1778791500000,2026-05-14,20:45:00,4650.555,4651.838,4649.915,4650.075,0.0958
1778791800000,2026-05-14,20:50:00,4650.068,4650.978,4649.095,4650.955,0.0757
1778792100000,2026-05-14,20:55:00,4650.895,4652.215,4648.755,4648.895,0.0775
1778796000000,2026-05-14,22:00:00,4650.795,4653.765,4645.925,4652.755,0.11
1778796300000,2026-05-14,22:05:00,4652.785,4657.395,4651.675,4655.485,0.0953
1778796600000,2026-05-14,22:10:00,4655.435,4657.945,4653.845,4655.305,0.0772
1778796900000,2026-05-14,22:15:00,4655.275,4659.095,4655.275,4659.075,0.1012
1778797200000,2026-05-14,22:20:00,4659.005,4659.155,4657.078,4657.615,0.0771
1778797500000,2026-05-14,22:25:00,4657.638,4659.075,4656.978,4658.655,0.0656
1778797800000,2026-05-14,22:30:00,4658.655,4662.025,4658.505,4660.225,0.0884
1778798100000,2026-05-14,22:35:00,4660.245,4661.485,4658.545,4660.455,0.0553
1778798400000,2026-05-14,22:40:00,4660.385,4662.325,4659.655,4661.505,0.0596
1778798700000,2026-05-14,22:45:00,4661.475,4661.825,4660.635,4660.688,0.0337
1778799000000,2026-05-14,22:50:00,4660.985,4662.445,4659.965,4662.315,0.0483
1778799300000,2026-05-14,22:55:00,4662.255,4662.615,4661.585,4661.948,0.0829
1778799600000,2026-05-14,23:00:00,4661.775,4662.808,4660.328,4662.568,0.2078
1778799900000,2026-05-14,23:05:00,4662.588,4662.788,4660.538,4660.598,0.1609
1778800200000,2026-05-14,23:10:00,4660.445,4662.905,4658.448,4658.855,0.0829
1778800500000,2026-05-14,23:15:00,4658.915,4660.205,4655.985,4658.515,0.0849
1778800800000,2026-05-14,23:20:00,4658.555,4659.105,4655.465,4657.835,0.0558
1778801100000,2026-05-14,23:25:00,4657.795,4664.035,4657.685,4663.555,0.0778
1778801400000,2026-05-14,23:30:00,4663.785,4665.145,4649.785,4650.795,0.148
1778801700000,2026-05-14,23:35:00,4650.885,4653.155,4646.628,4652.635,0.1093
1778802000000,2026-05-14,23:40:00,4652.615,4657.235,4651.885,4657.095,0.0675
1778802300000,2026-05-14,23:45:00,4657.115,4657.285,4652.195,4654.265,0.1204
1778802600000,2026-05-14,23:50:00,4654.235,4655.115,4651.025,4651.935,0.081
1778802900000,2026-05-14,23:55:00,4651.755,4652.025,4647.758,4651.975,0.1448
1778803200000,2026-05-15,00:00:00,4651.935,4653.555,4642.405,4649.215,0.2195
1778803500000,2026-05-15,00:05:00,4649.195,4651.955,4646.345,4650.535,0.1526
1778803800000,2026-05-15,00:10:00,4650.485,4650.905,4644.515,4650.355,0.1425
1778804100000,2026-05-15,00:15:00,4650.405,4658.125,4648.765,4653.955,0.3605
1778804400000,2026-05-15,00:20:00,4653.925,4654.695,4644.425,4644.535,0.1455
1778804700000,2026-05-15,00:25:00,4644.155,4644.605,4629.338,4629.715,0.2231
1778805000000,2026-05-15,00:30:00,4629.765,4630.395,4622.365,4623.855,0.2305
1778805300000,2026-05-15,00:35:00,4623.805,4624.498,4618.165,4621.405,0.1931
1778805600000,2026-05-15,00:40:00,4621.325,4621.775,4613.225,4618.525,0.258
1778805900000,2026-05-15,00:45:00,4618.465,4627.345,4618.465,4627.295,0.1931
1778806200000,2026-05-15,00:50:00,4627.345,4627.375,4617.025,4619.805,0.2573
1778806500000,2026-05-15,00:55:00,4619.835,4630.225,4617.335,4629.758,0.2594
1778806800000,2026-05-15,01:00:00,4629.995,4631.115,4618.655,4622.225,0.4427
1778807100000,2026-05-15,01:05:00,4622.245,4624.015,4609.815,4609.898,0.4937
1778807400000,2026-05-15,01:10:00,4609.898,4615.225,4607.405,4614.195,0.3734
1778807700000,2026-05-15,01:15:00,4614.275,4620.575,4608.575,4619.435,0.3628
1778808000000,2026-05-15,01:20:00,4619.435,4625.896,4616.295,4620.585,0.3496
1778808300000,2026-05-15,01:25:00,4620.585,4621.455,4608.265,4608.735,0.3445
1778808600000,2026-05-15,01:30:00,4608.775,4616.515,4607.395,4616.135,0.3137
1778808900000,2026-05-15,01:35:00,4616.045,4621.025,4613.715,4617.215,0.2616
1778809200000,2026-05-15,01:40:00,4617.318,4622.855,4617.085,4622.715,0.2524
1778809500000,2026-05-15,01:45:00,4622.695,4624.335,4614.075,4616.125,0.232
1778809800000,2026-05-15,01:50:00,4616.035,4617.795,4607.025,4610.015,0.2762
1778810100000,2026-05-15,01:55:00,4610.035,4616.495,4609.965,4613.805,0.288
1778810400000,2026-05-15,02:00:00,4614.055,4615.265,4609.505,4613.935,0.2607
1778810700000,2026-05-15,02:05:00,4613.955,4618.245,4612.335,4618.005,0.2513
1778811000000,2026-05-15,02:10:00,4618.005,4618.815,4612.555,4612.805,0.2935
1778811300000,2026-05-15,02:15:00,4612.745,4616.045,4609.115,4613.645,0.2828
1778811600000,2026-05-15,02:20:00,4613.695,4616.435,4611.985,4613.765,0.2032
1778811900000,2026-05-15,02:25:00,4613.765,4615.075,4611.355,4612.435,0.1936
1778812200000,2026-05-15,02:30:00,4612.415,4614.815,4609.305,4612.515,0.3154
1778812500000,2026-05-15,02:35:00,4612.515,4616.565,4612.055,4612.845,0.2593
1778812800000,2026-05-15,02:40:00,4612.795,4617.785,4610.635,4617.705,0.2546
1778813100000,2026-05-15,02:45:00,4617.795,4618.615,4611.365,4614.485,0.2485
1778813400000,2026-05-15,02:50:00,4614.625,4621.175,4612.085,4620.545,0.2915
1778813700000,2026-05-15,02:55:00,4620.585,4623.255,4617.295,4617.875,0.2782
1778814000000,2026-05-15,03:00:00,4617.875,4620.435,4614.435,4619.035,0.2615
1778814300000,2026-05-15,03:05:00,4619.155,4622.185,4616.445,4617.355,0.2269
1778814600000,2026-05-15,03:10:00,4617.355,4619.995,4616.315,4617.245,0.2244
1778814900000,2026-05-15,03:15:00,4617.225,4618.365,4614.075,4614.625,0.2408
1778815200000,2026-05-15,03:20:00,4614.605,4614.935,4609.665,4614.145,0.2386
1778815500000,2026-05-15,03:25:00,4614.165,4614.635,4611.675,4612.595,0.2063
1778815800000,2026-05-15,03:30:00,4612.555,4613.875,4607.215,4608.945,0.197
1778816100000,2026-05-15,03:35:00,4609.005,4615.595,4608.535,4614.555,0.1902
1778816400000,2026-05-15,03:40:00,4614.555,4617.245,4613.075,4613.265,0.1432
1778816700000,2026-05-15,03:45:00,4613.305,4615.655,4612.475,4615.595,0.1435
1778817000000,2026-05-15,03:50:00,4615.485,4617.045,4612.495,4612.775,0.1469
1778817300000,2026-05-15,03:55:00,4612.825,4616.505,4610.275,4615.245,0.1538
1778817600000,2026-05-15,04:00:00,4615.295,4616.425,4612.805,4614.205,0.1465
1778817900000,2026-05-15,04:05:00,4614.195,4621.465,4614.195,4621.355,0.176
1778818200000,2026-05-15,04:10:00,4621.365,4621.375,4618.315,4619.965,0.1681
1778818500000,2026-05-15,04:15:00,4619.985,4620.475,4614.038,4614.145,0.1331
1778818800000,2026-05-15,04:20:00,4614.215,4614.215,4607.058,4610.655,0.1899
1778819100000,2026-05-15,04:25:00,4610.655,4612.835,4609.495,4610.755,0.1731
1778819400000,2026-05-15,04:30:00,4610.775,4614.815,4610.535,4614.065,0.1416
1778819700000,2026-05-15,04:35:00,4614.045,4614.645,4610.355,4611.045,0.1872
1778820000000,2026-05-15,04:40:00,4610.985,4613.115,4604.125,4605.495,0.1618
1778820300000,2026-05-15,04:45:00,4605.965,4609.815,4604.745,4609.545,0.1768
1778820600000,2026-05-15,04:50:00,4609.545,4612.325,4607.895,4607.955,0.1578
1778820900000,2026-05-15,04:55:00,4607.935,4608.155,4604.755,4605.615,0.1504
1778821200000,2026-05-15,05:00:00,4606.025,4606.305,4598.855,4599.875,0.2421
1778821500000,2026-05-15,05:05:00,4599.855,4601.225,4592.215,4592.825,0.2776
1778821800000,2026-05-15,05:10:00,4592.895,4593.455,4588.445,4591.875,0.226
1778822100000,2026-05-15,05:15:00,4591.925,4595.085,4581.265,4582.735,0.2491
1778822400000,2026-05-15,05:20:00,4582.835,4589.115,4580.455,4584.775,0.2383
1778822700000,2026-05-15,05:25:00,4584.715,4590.085,4583.415,4588.625,0.2079
1778823000000,2026-05-15,05:30:00,4588.635,4589.705,4567.025,4569.285,0.34
1778823300000,2026-05-15,05:35:00,4569.185,4571.875,4563.235,4569.105,0.2905
1778823600000,2026-05-15,05:40:00,4569.145,4575.775,4565.945,4568.455,0.2839
1778823900000,2026-05-15,05:45:00,4568.435,4570.465,4562.205,4563.415,0.3571
1778824200000,2026-05-15,05:50:00,4563.655,4573.145,4563.655,4568.785,0.3382
1778824500000,2026-05-15,05:55:00,4568.815,4570.745,4558.425,4558.425,0.4105
1778824800000,2026-05-15,06:00:00,4558.445,4564.875,4556.245,4563.515,0.3292
1778825100000,2026-05-15,06:05:00,4563.535,4570.175,4561.515,4566.305,0.3246
1778825400000,2026-05-15,06:10:00,4566.425,4573.125,4564.095,4570.865,0.3416
1778825700000,2026-05-15,06:15:00,4570.785,4578.025,4570.095,4575.275,0.2862
1778826000000,2026-05-15,06:20:00,4575.295,4578.205,4572.705,4575.185,0.2721
1778826300000,2026-05-15,06:25:00,4575.145,4577.845,4572.425,4574.925,0.2204
1778826600000,2026-05-15,06:30:00,4574.905,4580.345,4574.235,4575.035,0.2237
1778826900000,2026-05-15,06:35:00,4575.035,4576.035,4570.455,4572.125,0.2349
1778827200000,2026-05-15,06:40:00,4572.105,4573.205,4566.765,4567.445,0.1915
1778827500000,2026-05-15,06:45:00,4567.465,4574.155,4564.255,4572.885,0.2189
1778827800000,2026-05-15,06:50:00,4572.775,4574.115,4568.705,4568.815,0.193
1778828100000,2026-05-15,06:55:00,4568.805,4571.065,4566.205,4569.555,0.2907
1778828400000,2026-05-15,07:00:00,4569.785,4572.315,4565.755,4570.045,0.3093
1778828700000,2026-05-15,07:05:00,4570.065,4576.695,4568.965,4576.205,0.2843
1778829000000,2026-05-15,07:10:00,4576.205,4586.005,4575.695,4585.785,0.3305
1778829300000,2026-05-15,07:15:00,4585.785,4587.355,4581.945,4586.135,0.2358
1778829600000,2026-05-15,07:20:00,4586.085,4588.575,4581.975,4582.265,0.2119
1778829900000,2026-05-15,07:25:00,4582.405,4583.405,4579.025,4581.585,0.2303
1778830200000,2026-05-15,07:30:00,4581.515,4582.255,4577.105,4578.835,0.2157
1778830500000,2026-05-15,07:35:00,4578.835,4582.175,4574.535,4576.995,0.2244
1778830800000,2026-05-15,07:40:00,4577.025,4578.635,4575.165,4577.505,0.2438
1778831100000,2026-05-15,07:45:00,4577.445,4578.375,4573.995,4574.795,0.1994
1778831400000,2026-05-15,07:50:00,4574.765,4574.765,4568.145,4570.445,0.2397
1778831700000,2026-05-15,07:55:00,4570.445,4572.735,4568.525,4570.685,0.1857
1778832000000,2026-05-15,08:00:00,4570.575,4571.895,4557.175,4560.975,0.2683
1778832300000,2026-05-15,08:05:00,4560.975,4567.585,4559.655,4566.345,0.3155
1778832600000,2026-05-15,08:10:00,4566.345,4567.085,4563.365,4565.175,0.2842
1778832900000,2026-05-15,08:15:00,4565.165,4565.695,4552.575,4556.685,0.3145
1778833200000,2026-05-15,08:20:00,4556.265,4561.075,4553.965,4560.115,0.3039
1778833500000,2026-05-15,08:25:00,4560.115,4561.075,4556.045,4558.175,0.3231
1778833800000,2026-05-15,08:30:00,4558.145,4558.145,4549.845,4554.955,0.3643
1778834100000,2026-05-15,08:35:00,4555.005,4559.025,4552.925,4558.215,0.2836
1778834400000,2026-05-15,08:40:00,4558.135,4562.445,4557.415,4562.345,0.233
1778834700000,2026-05-15,08:45:00,4562.145,4563.475,4557.865,4562.085,0.2043
1778835000000,2026-05-15,08:50:00,4562.105,4562.345,4556.455,4557.555,0.1662
1778835300000,2026-05-15,08:55:00,4557.435,4557.795,4552.605,4554.375,0.2243
1778835600000,2026-05-15,09:00:00,4554.375,4558.555,4550.125,4557.835,0.3037
1778835900000,2026-05-15,09:05:00,4557.835,4563.685,4553.015,4554.635,0.2886
1778836200000,2026-05-15,09:10:00,4554.665,4555.195,4545.935,4547.065,0.2244
1778836500000,2026-05-15,09:15:00,4547.035,4549.145,4539.255,4546.485,0.2833
1778836800000,2026-05-15,09:20:00,4546.555,4552.585,4544.625,4551.715,0.2469
1778837100000,2026-05-15,09:25:00,4551.625,4554.475,4550.105,4553.285,0.2386
1778837400000,2026-05-15,09:30:00,4553.205,4555.495,4551.705,4553.275,0.2504
1778837700000,2026-05-15,09:35:00,4553.295,4553.355,4544.475,4546.545,0.308
1778838000000,2026-05-15,09:40:00,4546.555,4549.185,4542.535,4543.405,0.2379
1778838300000,2026-05-15,09:45:00,4543.375,4543.775,4537.485,4537.725,0.2851
1778838600000,2026-05-15,09:50:00,4537.685,4542.905,4531.705,4542.265,0.293
1778838900000,2026-05-15,09:55:00,4542.155,4547.025,4538.165,4545.715,0.3001
1778839200000,2026-05-15,10:00:00,4545.735,4549.195,4543.965,4546.455,0.2456
1778839500000,2026-05-15,10:05:00,4546.375,4559.705,4545.995,4558.445,0.2685
1778839800000,2026-05-15,10:10:00,4558.615,4562.685,4556.265,4560.955,0.2607
1778840100000,2026-05-15,10:15:00,4561.095,4563.225,4556.625,4557.325,0.2891
1778840400000,2026-05-15,10:20:00,4557.315,4561.835,4555.825,4555.875,0.2723
1778840700000,2026-05-15,10:25:00,4555.955,4556.595,4551.545,4551.585,0.237
1778841000000,2026-05-15,10:30:00,4551.575,4556.735,4550.675,4554.675,0.2528
1778841300000,2026-05-15,10:35:00,4554.675,4554.875,4550.905,4552.285,0.2302
1778841600000,2026-05-15,10:40:00,4552.165,4555.035,4549.595,4555.035,0.2036
1778841900000,2026-05-15,10:45:00,4555.005,4563.405,4554.025,4559.355,0.3719
1778842200000,2026-05-15,10:50:00,4559.295,4572.485,4557.355,4568.555,0.3488
1778842500000,2026-05-15,10:55:00,4568.735,4569.565,4563.805,4565.855,0.3131
1778842800000,2026-05-15,11:00:00,4565.825,4570.035,4561.685,4561.805,0.2913
1778843100000,2026-05-15,11:05:00,4561.815,4566.125,4560.835,4564.175,0.272
1778843400000,2026-05-15,11:10:00,4564.135,4568.805,4563.355,4566.165,0.2537
1778843700000,2026-05-15,11:15:00,4566.245,4568.545,4563.245,4564.115,0.1908
1778844000000,2026-05-15,11:20:00,4564.115,4565.345,4562.945,4564.645,0.189
1778844300000,2026-05-15,11:25:00,4564.595,4564.595,4558.945,4562.185,0.1926
1778844600000,2026-05-15,11:30:00,4562.045,4562.515,4558.535,4559.315,0.1918
1778844900000,2026-05-15,11:35:00,4559.265,4559.945,4553.645,4554.095,0.211
1778845200000,2026-05-15,11:40:00,4554.165,4554.745,4550.895,4551.395,0.2261
1778845500000,2026-05-15,11:45:00,4551.225,4558.485,4551.055,4556.425,0.2186
1778845800000,2026-05-15,11:50:00,4556.435,4558.715,4553.435,4553.955,0.2305
1778846100000,2026-05-15,11:55:00,4553.865,4554.035,4549.715,4551.855,0.2509
1778846400000,2026-05-15,12:00:00,4551.885,4551.885,4546.205,4550.215,0.2999
1778846700000,2026-05-15,12:05:00,4550.215,4553.025,4548.715,4553.025,0.2957
1778847000000,2026-05-15,12:10:00,4553.085,4555.165,4545.135,4545.585,0.2744
1778847300000,2026-05-15,12:15:00,4545.585,4551.335,4544.815,4548.735,0.2794
1778847600000,2026-05-15,12:20:00,4548.605,4558.625,4547.935,4555.625,0.3324
1778847900000,2026-05-15,12:25:00,4555.555,4557.535,4552.585,4554.905,0.255
1778848200000,2026-05-15,12:30:00,4554.985,4554.985,4547.848,4549.395,0.2791
1778848500000,2026-05-15,12:35:00,4549.025,4553.815,4547.345,4548.105,0.2901
1778848800000,2026-05-15,12:40:00,4547.835,4549.915,4543.545,4545.555,0.3048
1778849100000,2026-05-15,12:45:00,4545.495,4551.695,4543.515,4549.265,0.3045
1778849400000,2026-05-15,12:50:00,4549.255,4555.515,4547.555,4554.185,0.2484
1778849700000,2026-05-15,12:55:00,4554.105,4554.575,4545.595,4545.655,0.2891
1778850000000,2026-05-15,13:00:00,4545.635,4549.075,4538.205,4544.095,0.3954
1778850300000,2026-05-15,13:05:00,4544.115,4549.435,4535.845,4538.285,0.3659
1778850600000,2026-05-15,13:10:00,4538.315,4546.745,4537.955,4546.295,0.2521
1778850900000,2026-05-15,13:15:00,4546.485,4553.225,4540.605,4550.715,0.2623
1778851200000,2026-05-15,13:20:00,4550.735,4554.545,4549.425,4554.265,0.327
1778851500000,2026-05-15,13:25:00,4554.295,4557.505,4546.215,4548.905,0.3451
1778851800000,2026-05-15,13:30:00,4548.765,4551.055,4541.385,4542.375,0.4541
1778852100000,2026-05-15,13:35:00,4542.355,4542.685,4526.395,4528.395,0.4674
1778852400000,2026-05-15,13:40:00,4528.415,4531.075,4519.755,4519.885,0.4406
1778852700000,2026-05-15,13:45:00,4519.785,4529.275,4511.215,4528.855,0.4649
1778853000000,2026-05-15,13:50:00,4528.855,4536.885,4525.755,4534.625,0.4455
1778853300000,2026-05-15,13:55:00,4534.625,4541.875,4530.715,4533.285,0.4597
1778853600000,2026-05-15,14:00:00,4533.285,4534.955,4525.155,4533.345,0.4313
1778853900000,2026-05-15,14:05:00,4533.325,4540.255,4533.325,4534.055,0.4207
1778854200000,2026-05-15,14:10:00,4534.055,4550.415,4533.645,4543.105,0.4048
1778854500000,2026-05-15,14:15:00,4543.105,4557.905,4540.245,4557.725,0.4379
1778854800000,2026-05-15,14:20:00,4557.735,4562.785,4555.895,4558.215,0.4251
1778855100000,2026-05-15,14:25:00,4558.195,4558.895,4552.145,4555.425,0.4247
1778855400000,2026-05-15,14:30:00,4555.435,4559.665,4552.735,4557.345,0.4134
1778855700000,2026-05-15,14:35:00,4557.275,4560.295,4554.165,4555.775,0.4034
1778856000000,2026-05-15,14:40:00,4555.685,4557.355,4550.585,4556.815,0.3865
1778856300000,2026-05-15,14:45:00,4556.815,4557.105,4550.095,4551.185,0.3851
1778856600000,2026-05-15,14:50:00,4551.215,4556.935,4545.915,4556.845,0.3964
1778856900000,2026-05-15,14:55:00,4556.815,4566.495,4554.975,4562.615,0.399
1778857200000,2026-05-15,15:00:00,4562.625,4563.555,4551.835,4553.195,0.403
1778857500000,2026-05-15,15:05:00,4553.125,4558.705,4551.605,4558.645,0.3806
1778857800000,2026-05-15,15:10:00,4558.595,4560.075,4550.675,4552.415,0.3625
1778858100000,2026-05-15,15:15:00,4552.315,4553.895,4546.125,4547.325,0.3076
1778858400000,2026-05-15,15:20:00,4547.325,4552.035,4543.658,4545.625,0.3079
1778858700000,2026-05-15,15:25:00,4545.645,4548.815,4542.785,4547.255,0.3589
1778859000000,2026-05-15,15:30:00,4547.205,4550.305,4543.585,4543.635,0.3756
1778859300000,2026-05-15,15:35:00,4543.695,4546.385,4541.685,4542.125,0.3542
1778859600000,2026-05-15,15:40:00,4542.095,4544.635,4539.785,4541.305,0.3919
1778859900000,2026-05-15,15:45:00,4541.205,4542.695,4538.985,4539.935,0.3541
1778860200000,2026-05-15,15:50:00,4539.965,4543.455,4536.315,4537.745,0.3257
1778860500000,2026-05-15,15:55:00,4537.745,4539.755,4533.625,4539.755,0.329
1778860800000,2026-05-15,16:00:00,4539.765,4542.225,4533.395,4535.525,0.2838
1778861100000,2026-05-15,16:05:00,4535.405,4536.475,4529.375,4531.265,0.2878
1778861400000,2026-05-15,16:10:00,4531.255,4533.495,4529.255,4532.505,0.2638
1778861700000,2026-05-15,16:15:00,4532.475,4534.775,4531.225,4533.645,0.2507
1778862000000,2026-05-15,16:20:00,4533.735,4540.415,4533.235,4540.375,0.2555
1778862300000,2026-05-15,16:25:00,4540.335,4542.225,4536.995,4540.765,0.2728
1778862600000,2026-05-15,16:30:00,4541.015,4544.155,4539.915,4543.935,0.2923
1778862900000,2026-05-15,16:35:00,4543.945,4545.655,4542.675,4545.385,0.2221
1778863200000,2026-05-15,16:40:00,4545.425,4547.455,4543.555,4547.085,0.2431
1778863500000,2026-05-15,16:45:00,4547.245,4548.015,4544.925,4545.245,0.2404
1778863800000,2026-05-15,16:50:00,4545.225,4547.175,4541.905,4542.695,0.2662
1778864100000,2026-05-15,16:55:00,4542.765,4545.115,4542.025,4544.335,0.2373
1778864400000,2026-05-15,17:00:00,4544.335,4552.155,4543.195,4549.955,0.3169
1778864700000,2026-05-15,17:05:00,4550.005,4555.315,4549.635,4554.575,0.2733
1778865000000,2026-05-15,17:10:00,4554.715,4558.025,4554.455,4557.015,0.2549
1778865300000,2026-05-15,17:15:00,4557.175,4557.435,4554.375,4555.805,0.2054
1778865600000,2026-05-15,17:20:00,4555.675,4563.595,4555.245,4561.925,0.261
1778865900000,2026-05-15,17:25:00,4561.895,4564.325,4556.385,4557.765,0.3014
1778866200000,2026-05-15,17:30:00,4557.605,4563.285,4557.605,4562.565,0.2256
1778866500000,2026-05-15,17:35:00,4562.395,4563.515,4560.105,4562.955,0.2035
1778866800000,2026-05-15,17:40:00,4562.895,4563.545,4560.585,4560.705,0.1749
1778867100000,2026-05-15,17:45:00,4560.715,4562.555,4559.765,4560.565,0.164
1778867400000,2026-05-15,17:50:00,4560.475,4560.475,4558.135,4558.285,0.1687
1778867700000,2026-05-15,17:55:00,4558.275,4560.405,4557.175,4559.445,0.1564
1778868000000,2026-05-15,18:00:00,4559.485,4561.185,4557.985,4558.955,0.1779
1778868300000,2026-05-15,18:05:00,4558.955,4559.675,4556.055,4558.495,0.2064
1778868600000,2026-05-15,18:10:00,4558.465,4561.885,4558.005,4561.675,0.1878
1778868900000,2026-05-15,18:15:00,4561.615,4562.985,4552.845,4554.455,0.2892
1778869200000,2026-05-15,18:20:00,4554.455,4559.895,4554.405,4558.615,0.2479
1778869500000,2026-05-15,18:25:00,4558.145,4559.475,4556.188,4558.095,0.2179
1778869800000,2026-05-15,18:30:00,4558.215,4558.925,4552.235,4555.135,0.281
1778870100000,2026-05-15,18:35:00,4555.385,4558.055,4554.685,4557.965,0.215
1778870400000,2026-05-15,18:40:00,4557.945,4558.395,4555.605,4557.605,0.1814
1778870700000,2026-05-15,18:45:00,4557.565,4560.005,4556.605,4559.065,0.1683
1778871000000,2026-05-15,18:50:00,4559.065,4562.615,4559.065,4560.895,0.1519
1778871300000,2026-05-15,18:55:00,4560.905,4561.185,4558.235,4559.115,0.1583
1778871600000,2026-05-15,19:00:00,4559.115,4559.965,4554.045,4554.055,0.1918
1778871900000,2026-05-15,19:05:00,4554.205,4555.565,4551.325,4551.545,0.1899
1778872200000,2026-05-15,19:10:00,4551.535,4551.985,4549.255,4550.185,0.1912
1778872500000,2026-05-15,19:15:00,4550.195,4552.345,4548.685,4552.005,0.163
1778872800000,2026-05-15,19:20:00,4551.985,4552.525,4549.765,4549.785,0.1412
1778873100000,2026-05-15,19:25:00,4549.855,4550.855,4548.345,4550.035,0.1703
1778873400000,2026-05-15,19:30:00,4550.025,4553.645,4549.635,4550.295,0.1731
1778873700000,2026-05-15,19:35:00,4550.335,4555.155,4549.435,4554.525,0.1863
1778874000000,2026-05-15,19:40:00,4554.535,4555.205,4552.365,4553.335,0.1931
1778874300000,2026-05-15,19:45:00,4553.335,4554.235,4551.425,4551.805,0.1994
1778874600000,2026-05-15,19:50:00,4551.765,4551.765,4548.195,4549.025,0.2368
1778874900000,2026-05-15,19:55:00,4549.065,4549.075,4544.705,4545.585,0.2843
1778875200000,2026-05-15,20:00:00,4545.665,4546.155,4538.855,4539.775,0.1631
1778875500000,2026-05-15,20:05:00,4539.775,4540.165,4536.125,4536.695,0.1552
1778875800000,2026-05-15,20:10:00,4536.715,4540.425,4536.335,4538.125,0.102
1778876100000,2026-05-15,20:15:00,4538.075,4538.265,4535.245,4536.515,0.0927
1778876400000,2026-05-15,20:20:00,4536.485,4537.635,4532.915,4537.175,0.0902
1778876700000,2026-05-15,20:25:00,4537.195,4539.085,4536.235,4539.045,0.0741
1778877000000,2026-05-15,20:30:00,4539.075,4543.825,4538.925,4540.945,0.0984
1778877300000,2026-05-15,20:35:00,4540.975,4541.775,4539.015,4540.375,0.0699
1778877600000,2026-05-15,20:40:00,4540.345,4541.145,4538.915,4540.125,0.0615
1778877900000,2026-05-15,20:45:00,4540.145,4541.195,4537.545,4537.795,0.114
1778878200000,2026-05-15,20:50:00,4537.795,4538.155,4536.165,4538.055,0.1072
1778878500000,2026-05-15,20:55:00,4538.075,4540.345,4537.248,4538.898,0.1026
1779055200000,2026-05-17,22:00:00,4531.698,4545.385,4526.498,4544.955,0.2222
1779055500000,2026-05-17,22:05:00,4544.885,4554.575,4544.595,4553.595,0.1796
1779055800000,2026-05-17,22:10:00,4552.795,4554.315,4547.365,4548.145,0.113
1779056100000,2026-05-17,22:15:00,4548.165,4549.855,4543.785,4544.655,0.0987
1779056400000,2026-05-17,22:20:00,4544.745,4546.065,4537.695,4544.985,0.1251
1779056700000,2026-05-17,22:25:00,4545.035,4545.275,4538.495,4540.815,0.0725
1779057000000,2026-05-17,22:30:00,4540.845,4550.935,4540.685,4544.345,0.1155
1779057300000,2026-05-17,22:35:00,4544.325,4552.555,4544.325,4550.885,0.0975
1779057600000,2026-05-17,22:40:00,4550.845,4553.505,4547.498,4549.555,0.1054
1779057900000,2026-05-17,22:45:00,4549.495,4554.295,4549.105,4551.515,0.077
1779058200000,2026-05-17,22:50:00,4551.455,4551.695,4546.735,4547.025,0.075
1779058500000,2026-05-17,22:55:00,4547.055,4549.855,4543.345,4545.688,0.1537
1779058800000,2026-05-17,23:00:00,4545.698,4547.588,4543.258,4544.935,0.2979
1779059100000,2026-05-17,23:05:00,4544.895,4544.895,4538.888,4540.945,0.3405
1779059400000,2026-05-17,23:10:00,4540.965,4545.715,4539.715,4541.385,0.0803
1779059700000,2026-05-17,23:15:00,4541.255,4543.275,4538.395,4539.325,0.0743
1779060000000,2026-05-17,23:20:00,4539.395,4544.205,4539.395,4541.375,0.128
1779060300000,2026-05-17,23:25:00,4541.395,4543.545,4537.625,4537.925,0.0937
1779060600000,2026-05-17,23:30:00,4537.875,4539.445,4534.595,4538.815,0.1133
1779060900000,2026-05-17,23:35:00,4538.865,4541.245,4536.595,4538.935,0.0937
1779061200000,2026-05-17,23:40:00,4539.575,4540.935,4532.265,4538.835,0.1454
1779061500000,2026-05-17,23:45:00,4538.795,4539.875,4531.775,4537.675,0.1484
1779061800000,2026-05-17,23:50:00,4537.865,4543.925,4537.195,4540.945,0.1116
1779062100000,2026-05-17,23:55:00,4540.915,4542.035,4535.175,4536.795,0.1432
1779062400000,2026-05-18,00:00:00,4536.825,4542.315,4529.915,4530.725,0.2658
1779062700000,2026-05-18,00:05:00,4530.745,4533.545,4522.725,4523.475,0.2738
1779063000000,2026-05-18,00:10:00,4523.625,4529.695,4523.555,4526.165,0.2335
1779063300000,2026-05-18,00:15:00,4526.195,4529.215,4522.755,4522.755,0.2146
1779063600000,2026-05-18,00:20:00,4522.805,4533.405,4516.835,4517.065,0.2196
1779063900000,2026-05-18,00:25:00,4517.058,4520.595,4514.358,4515.475,0.2258
1779064200000,2026-05-18,00:30:00,4515.425,4518.718,4487.285,4491.995,0.2839
1779064500000,2026-05-18,00:35:00,4491.945,4502.905,4488.935,4489.758,0.3106
1779064800000,2026-05-18,00:40:00,4489.758,4493.285,4480.355,4481.385,0.2827
1779065100000,2026-05-18,00:45:00,4481.118,4496.135,4480.065,4494.215,0.2527
1779065400000,2026-05-18,00:50:00,4494.245,4495.655,4486.255,4491.665,0.2502
1779065700000,2026-05-18,00:55:00,4491.645,4516.138,4491.485,4515.715,0.2735
1779066000000,2026-05-18,01:00:00,4514.525,4515.745,4489.235,4497.495,0.4119
1779066300000,2026-05-18,01:05:00,4497.575,4504.655,4492.065,4501.275,0.4031
1779066600000,2026-05-18,01:10:00,4501.235,4505.365,4494.105,4495.825,0.3772
1779066900000,2026-05-18,01:15:00,4495.795,4500.415,4492.635,4498.205,0.3158
1779067200000,2026-05-18,01:20:00,4498.205,4507.735,4493.215,4506.295,0.3456
1779067500000,2026-05-18,01:25:00,4506.275,4509.775,4498.205,4503.715,0.3737
1779067800000,2026-05-18,01:30:00,4504.005,4511.285,4501.065,4509.995,0.3568
1779068100000,2026-05-18,01:35:00,4510.015,4513.655,4499.545,4508.105,0.3365
1779068400000,2026-05-18,01:40:00,4507.855,4512.725,4505.745,4512.495,0.3034
1779068700000,2026-05-18,01:45:00,4512.495,4528.485,4510.875,4528.035,0.3157
1779069000000,2026-05-18,01:50:00,4527.745,4535.265,4525.775,4530.125,0.3531
1779069300000,2026-05-18,01:55:00,4530.145,4530.445,4524.605,4525.225,0.3009
1779069600000,2026-05-18,02:00:00,4525.165,4535.815,4521.765,4532.085,0.3382
1779069900000,2026-05-18,02:05:00,4532.005,4533.475,4525.295,4528.535,0.2797
1779070200000,2026-05-18,02:10:00,4528.295,4538.495,4527.448,4536.365,0.2457
1779070500000,2026-05-18,02:15:00,4536.685,4537.595,4531.505,4534.635,0.1926
1779070800000,2026-05-18,02:20:00,4535.285,4540.455,4532.795,4537.195,0.2011
1779071100000,2026-05-18,02:25:00,4537.185,4539.885,4533.345,4533.345,0.2122
1779071400000,2026-05-18,02:30:00,4533.325,4537.655,4529.155,4531.895,0.2693
1779071700000,2026-05-18,02:35:00,4531.925,4538.295,4530.425,4537.885,0.2367
1779072000000,2026-05-18,02:40:00,4537.935,4541.015,4534.805,4536.105,0.2213
1779072300000,2026-05-18,02:45:00,4536.075,4542.545,4530.165,4530.465,0.2177
1779072600000,2026-05-18,02:50:00,4530.405,4535.315,4530.045,4533.825,0.2112
1779072900000,2026-05-18,02:55:00,4533.795,4534.815,4530.518,4533.405,0.1931
1779073200000,2026-05-18,03:00:00,4533.295,4535.505,4529.505,4530.985,0.228
1779073500000,2026-05-18,03:05:00,4531.065,4534.635,4527.315,4532.945,0.2127
1779073800000,2026-05-18,03:10:00,4532.925,4535.655,4526.455,4529.445,0.2232
1779074100000,2026-05-18,03:15:00,4529.575,4533.125,4528.085,4530.595,0.2398
1779074400000,2026-05-18,03:20:00,4530.595,4536.525,4529.105,4533.325,0.2198
1779074700000,2026-05-18,03:25:00,4533.315,4538.335,4529.215,4535.555,0.2457
1779075000000,2026-05-18,03:30:00,4535.525,4537.785,4526.135,4526.815,0.3022
1779075300000,2026-05-18,03:35:00,4526.815,4537.505,4525.005,4535.175,0.2802
1779075600000,2026-05-18,03:40:00,4535.175,4547.855,4533.435,4545.435,0.2776
1779075900000,2026-05-18,03:45:00,4545.375,4547.665,4539.005,4541.565,0.2181
1779076200000,2026-05-18,03:50:00,4541.785,4547.315,4538.898,4540.875,0.2057
1779076500000,2026-05-18,03:55:00,4540.875,4543.765,4540.275,4540.985,0.1865
1779076800000,2026-05-18,04:00:00,4540.935,4548.385,4540.715,4545.505,0.2509
1779077100000,2026-05-18,04:05:00,4545.425,4549.675,4542.895,4545.415,0.1989
1779077400000,2026-05-18,04:10:00,4545.415,4547.478,4543.165,4544.095,0.1669
1779077700000,2026-05-18,04:15:00,4544.115,4547.125,4543.655,4545.355,0.1859
1779078000000,2026-05-18,04:20:00,4545.355,4545.605,4536.635,4537.015,0.2317
1779078300000,2026-05-18,04:25:00,4536.915,4538.635,4529.845,4532.475,0.2483
1779078600000,2026-05-18,04:30:00,4532.495,4541.225,4532.005,4539.865,0.1925
1779078900000,2026-05-18,04:35:00,4539.915,4542.695,4538.175,4542.545,0.2059
1779079200000,2026-05-18,04:40:00,4542.605,4544.135,4539.525,4541.505,0.2119
1779079500000,2026-05-18,04:45:00,4541.505,4541.525,4538.285,4540.245,0.1805
1779079800000,2026-05-18,04:50:00,4540.185,4545.375,4537.685,4543.135,0.2125
1779080100000,2026-05-18,04:55:00,4543.135,4543.895,4535.005,4540.445,0.2032
1779080400000,2026-05-18,05:00:00,4540.515,4542.675,4532.775,4535.525,0.2587
1779080700000,2026-05-18,05:05:00,4535.565,4539.755,4533.695,4537.715,0.2061
1779081000000,2026-05-18,05:10:00,4537.915,4538.985,4535.345,4538.055,0.169
1779081300000,2026-05-18,05:15:00,4538.075,4548.925,4534.565,4545.755,0.234
1779081600000,2026-05-18,05:20:00,4545.695,4549.355,4541.235,4545.945,0.2429
1779081900000,2026-05-18,05:25:00,4546.005,4550.495,4544.845,4548.395,0.2174
1779082200000,2026-05-18,05:30:00,4548.425,4551.705,4539.485,4542.345,0.2823
1779082500000,2026-05-18,05:35:00,4542.465,4547.005,4540.275,4544.125,0.2595
1779082800000,2026-05-18,05:40:00,4544.075,4544.415,4538.175,4539.365,0.2272
1779083100000,2026-05-18,05:45:00,4539.315,4542.835,4537.145,4538.625,0.1787
1779083400000,2026-05-18,05:50:00,4538.615,4539.575,4534.505,4536.015,0.1897
1779083700000,2026-05-18,05:55:00,4535.995,4538.625,4529.625,4530.655,0.1986
1779084000000,2026-05-18,06:00:00,4530.665,4539.155,4529.425,4535.408,0.2454
1779084300000,2026-05-18,06:05:00,4535.408,4540.375,4533.225,4537.725,0.2368
1779084600000,2026-05-18,06:10:00,4537.845,4538.025,4532.135,4537.205,0.2027
1779084900000,2026-05-18,06:15:00,4537.205,4541.455,4534.465,4536.215,0.1688
1779085200000,2026-05-18,06:20:00,4536.165,4543.825,4534.355,4543.145,0.2249
1779085500000,2026-05-18,06:25:00,4543.115,4547.865,4536.935,4537.305,0.2579
1779085800000,2026-05-18,06:30:00,4537.325,4547.015,4534.355,4539.575,0.2648
1779086100000,2026-05-18,06:35:00,4539.515,4541.775,4537.665,4537.925,0.2145
1779086400000,2026-05-18,06:40:00,4537.885,4540.625,4534.725,4540.455,0.1782
1779086700000,2026-05-18,06:45:00,4540.425,4545.985,4538.215,4543.415,0.1891
1779087000000,2026-05-18,06:50:00,4543.265,4545.945,4542.305,4545.735,0.1428
1779087300000,2026-05-18,06:55:00,4545.735,4547.555,4544.495,4546.635,0.23
1779087600000,2026-05-18,07:00:00,4546.565,4549.245,4543.365,4543.655,0.2583
1779087900000,2026-05-18,07:05:00,4543.595,4547.785,4543.005,4546.135,0.183
1779088200000,2026-05-18,07:10:00,4545.955,4545.995,4541.885,4543.485,0.2281
1779088500000,2026-05-18,07:15:00,4543.305,4545.755,4541.515,4541.815,0.1894
1779088800000,2026-05-18,07:20:00,4541.835,4541.965,4538.155,4539.175,0.1903
1779089100000,2026-05-18,07:25:00,4539.195,4551.125,4538.995,4550.295,0.2991
1779089400000,2026-05-18,07:30:00,4550.225,4559.575,4550.135,4554.605,0.3506
1779089700000,2026-05-18,07:35:00,4554.645,4555.005,4551.535,4552.635,0.2609
1779090000000,2026-05-18,07:40:00,4552.565,4554.155,4547.575,4548.795,0.24
1779090300000,2026-05-18,07:45:00,4548.855,4551.695,4543.395,4543.685,0.2103
1779090600000,2026-05-18,07:50:00,4543.695,4546.095,4539.815,4544.495,0.2357
1779090900000,2026-05-18,07:55:00,4544.515,4548.365,4542.565,4546.175,0.2163
1779091200000,2026-05-18,08:00:00,4546.175,4548.795,4544.605,4546.295,0.2398
1779091500000,2026-05-18,08:05:00,4546.355,4548.115,4543.485,4543.785,0.218
1779091800000,2026-05-18,08:10:00,4543.785,4546.878,4542.138,4546.238,0.231
1779092100000,2026-05-18,08:15:00,4546.238,4546.465,4542.665,4545.445,0.1968
1779092400000,2026-05-18,08:20:00,4545.445,4549.615,4545.415,4549.575,0.1726
1779092700000,2026-05-18,08:25:00,4549.555,4551.195,4546.595,4547.735,0.2095
1779093000000,2026-05-18,08:30:00,4547.835,4552.945,4545.675,4551.535,0.204
1779093300000,2026-05-18,08:35:00,4551.605,4551.615,4547.905,4551.135,0.1829
1779093600000,2026-05-18,08:40:00,4551.045,4551.145,4547.815,4547.895,0.1686
1779093900000,2026-05-18,08:45:00,4547.915,4553.675,4547.895,4552.045,0.1763
1779094200000,2026-05-18,08:50:00,4552.075,4556.825,4551.445,4555.825,0.1992
1779094500000,2026-05-18,08:55:00,4555.825,4556.515,4549.735,4549.745,0.1545
1779094800000,2026-05-18,09:00:00,4549.555,4551.745,4540.825,4542.325,0.2365
1779095100000,2026-05-18,09:05:00,4542.235,4547.075,4541.365,4546.865,0.1397
1779095400000,2026-05-18,09:10:00,4546.895,4547.605,4544.885,4546.115,0.1381
1779095700000,2026-05-18,09:15:00,4546.125,4548.235,4545.255,4546.145,0.1432
1779096000000,2026-05-18,09:20:00,4546.115,4548.805,4545.795,4546.395,0.1412
1779096300000,2026-05-18,09:25:00,4546.395,4548.215,4544.385,4544.785,0.1514
1779096600000,2026-05-18,09:30:00,4544.695,4545.385,4540.295,4543.265,0.2262
1779096900000,2026-05-18,09:35:00,4543.255,4546.385,4543.095,4545.975,0.1465
1779097200000,2026-05-18,09:40:00,4545.955,4545.955,4540.365,4542.735,0.1591
1779097500000,2026-05-18,09:45:00,4542.725,4542.805,4540.375,4541.315,0.1436
1779097800000,2026-05-18,09:50:00,4541.255,4543.725,4539.935,4543.025,0.1631
1779098100000,2026-05-18,09:55:00,4543.045,4544.475,4542.495,4542.735,0.1557
1779098400000,2026-05-18,10:00:00,4542.755,4544.915,4540.025,4540.205,0.1901
1779098700000,2026-05-18,10:05:00,4540.185,4542.015,4536.845,4538.015,0.2134
1779099000000,2026-05-18,10:10:00,4538.035,4540.565,4535.525,4539.035,0.1618
1779099300000,2026-05-18,10:15:00,4538.925,4542.385,4538.475,4541.925,0.1481
1779099600000,2026-05-18,10:20:00,4542.095,4542.355,4538.015,4539.115,0.1586
1779099900000,2026-05-18,10:25:00,4539.115,4540.575,4538.265,4539.515,0.1224
1779100200000,2026-05-18,10:30:00,4539.555,4540.515,4532.398,4532.635,0.1765
1779100500000,2026-05-18,10:35:00,4532.665,4539.305,4531.955,4538.085,0.1972
1779100800000,2026-05-18,10:40:00,4538.095,4543.815,4537.635,4543.465,0.1821
1779101100000,2026-05-18,10:45:00,4543.445,4547.545,4542.025,4542.845,0.1974
1779101400000,2026-05-18,10:50:00,4542.825,4543.238,4537.225,4539.025,0.1437
1779101700000,2026-05-18,10:55:00,4539.045,4540.085,4536.455,4540.025,0.1336
1779102000000,2026-05-18,11:00:00,4540.035,4541.585,4537.635,4538.055,0.1842
1779102300000,2026-05-18,11:05:00,4538.045,4539.625,4531.985,4532.295,0.1836
1779102600000,2026-05-18,11:10:00,4532.345,4539.385,4529.815,4539.365,0.2486
1779102900000,2026-05-18,11:15:00,4539.215,4540.045,4536.385,4538.925,0.1879
1779103200000,2026-05-18,11:20:00,4538.905,4539.765,4531.515,4535.665,0.2042
1779103500000,2026-05-18,11:25:00,4535.675,4537.675,4534.285,4535.985,0.172
1779103800000,2026-05-18,11:30:00,4535.705,4545.225,4535.285,4541.615,0.2627
1779104100000,2026-05-18,11:35:00,4541.655,4555.605,4541.435,4555.555,0.3076
1779104400000,2026-05-18,11:40:00,4555.765,4566.858,4551.418,4561.865,0.4417
1779104700000,2026-05-18,11:45:00,4562.255,4564.315,4554.885,4555.085,0.3599
1779105000000,2026-05-18,11:50:00,4555.095,4555.575,4551.285,4551.305,0.3152
1779105300000,2026-05-18,11:55:00,4551.415,4554.895,4549.285,4550.455,0.2737
1779105600000,2026-05-18,12:00:00,4550.665,4552.345,4547.045,4550.585,0.2709
1779105900000,2026-05-18,12:05:00,4550.585,4556.465,4550.585,4555.465,0.2605
1779106200000,2026-05-18,12:10:00,4555.445,4555.805,4551.155,4553.365,0.2346
1779106500000,2026-05-18,12:15:00,4553.365,4555.085,4546.935,4547.235,0.2593
1779106800000,2026-05-18,12:20:00,4547.235,4553.695,4544.965,4551.315,0.2912
1779107100000,2026-05-18,12:25:00,4551.315,4554.775,4549.555,4550.465,0.2664
1779107400000,2026-05-18,12:30:00,4550.495,4562.198,4549.995,4561.668,0.2824
1779107700000,2026-05-18,12:35:00,4561.668,4562.835,4558.015,4561.315,0.3456
1779108000000,2026-05-18,12:40:00,4561.325,4569.698,4558.265,4569.495,0.3617
1779108300000,2026-05-18,12:45:00,4569.495,4574.875,4567.895,4572.185,0.3844
1779108600000,2026-05-18,12:50:00,4571.945,4573.935,4562.505,4563.005,0.3342
1779108900000,2026-05-18,12:55:00,4563.145,4572.295,4562.445,4571.015,0.2986
1779109200000,2026-05-18,13:00:00,4571.065,4576.585,4564.255,4565.065,0.411
1779109500000,2026-05-18,13:05:00,4565.085,4568.435,4562.315,4563.725,0.3429
1779109800000,2026-05-18,13:10:00,4563.455,4569.465,4561.665,4567.585,0.3296
1779110100000,2026-05-18,13:15:00,4567.545,4568.375,4563.755,4565.935,0.2649
1779110400000,2026-05-18,13:20:00,4565.935,4572.805,4565.295,4572.655,0.2455
1779110700000,2026-05-18,13:25:00,4572.595,4576.265,4570.875,4571.805,0.3087
1779111000000,2026-05-18,13:30:00,4571.745,4579.835,4566.945,4578.315,0.5238
1779111300000,2026-05-18,13:35:00,4578.415,4578.415,4570.605,4573.385,0.5243
1779111600000,2026-05-18,13:40:00,4573.395,4575.385,4564.475,4566.195,0.543
1779111900000,2026-05-18,13:45:00,4566.155,4576.265,4563.655,4574.015,0.4277
1779112200000,2026-05-18,13:50:00,4573.965,4584.005,4572.695,4583.465,0.4286
1779112500000,2026-05-18,13:55:00,4583.185,4584.015,4574.755,4575.485,0.381
1779112800000,2026-05-18,14:00:00,4575.505,4575.505,4564.325,4565.175,0.4046
1779113100000,2026-05-18,14:05:00,4565.285,4567.305,4559.455,4566.745,0.4291
1779113400000,2026-05-18,14:10:00,4566.745,4569.625,4561.745,4564.115,0.3798
1779113700000,2026-05-18,14:15:00,4564.135,4568.855,4562.065,4565.995,0.3762
1779114000000,2026-05-18,14:20:00,4565.965,4567.005,4554.185,4559.105,0.4046
1779114300000,2026-05-18,14:25:00,4559.065,4563.145,4557.635,4561.475,0.3977
1779114600000,2026-05-18,14:30:00,4561.435,4562.835,4544.785,4549.315,0.4208
1779114900000,2026-05-18,14:35:00,4549.285,4550.635,4542.795,4546.285,0.4477
1779115200000,2026-05-18,14:40:00,4546.265,4549.215,4538.435,4547.565,0.401
1779115500000,2026-05-18,14:45:00,4547.565,4547.985,4537.435,4543.035,0.3833
1779115800000,2026-05-18,14:50:00,4543.065,4548.395,4541.125,4541.655,0.3595
1779116100000,2026-05-18,14:55:00,4541.575,4547.155,4540.905,4546.385,0.3459
1779116400000,2026-05-18,15:00:00,4546.365,4547.835,4531.575,4537.305,0.4395
1779116700000,2026-05-18,15:05:00,4537.325,4544.405,4533.605,4536.615,0.4239
1779117000000,2026-05-18,15:10:00,4536.615,4542.595,4536.185,4540.455,0.3463
1779117300000,2026-05-18,15:15:00,4540.325,4542.755,4534.285,4536.595,0.3345
1779117600000,2026-05-18,15:20:00,4536.595,4540.305,4535.725,4538.805,0.3385
1779117900000,2026-05-18,15:25:00,4538.805,4540.135,4534.388,4534.475,0.3405
1779118200000,2026-05-18,15:30:00,4534.405,4541.255,4533.815,4540.675,0.3623
1779118500000,2026-05-18,15:35:00,4540.715,4542.045,4537.925,4541.665,0.3036
1779118800000,2026-05-18,15:40:00,4541.625,4544.235,4538.375,4538.395,0.2941
1779119100000,2026-05-18,15:45:00,4538.445,4543.505,4537.895,4541.135,0.2981
1779119400000,2026-05-18,15:50:00,4541.135,4544.405,4539.475,4544.065,0.3002
1779119700000,2026-05-18,15:55:00,4544.045,4546.885,4542.065,4543.385,0.2936
1779120000000,2026-05-18,16:00:00,4543.405,4544.375,4539.925,4541.445,0.248
1779120300000,2026-05-18,16:05:00,4541.485,4544.365,4540.975,4543.365,0.2413
1779120600000,2026-05-18,16:10:00,4543.475,4548.845,4542.535,4548.465,0.2577
1779120900000,2026-05-18,16:15:00,4548.435,4550.205,4546.405,4546.925,0.2161
1779121200000,2026-05-18,16:20:00,4546.945,4550.575,4544.275,4545.565,0.2788
1779121500000,2026-05-18,16:25:00,4545.575,4546.755,4533.825,4537.005,0.366
1779121800000,2026-05-18,16:30:00,4537.035,4541.825,4534.145,4539.585,0.3679
1779122100000,2026-05-18,16:35:00,4539.565,4544.825,4539.275,4544.015,0.2825
1779122400000,2026-05-18,16:40:00,4544.055,4544.875,4541.705,4543.195,0.2141
1779122700000,2026-05-18,16:45:00,4543.215,4548.645,4542.715,4548.165,0.2219
1779123000000,2026-05-18,16:50:00,4548.135,4554.115,4548.125,4552.885,0.2774
1779123300000,2026-05-18,16:55:00,4552.885,4554.395,4549.525,4549.955,0.2407
1779123600000,2026-05-18,17:00:00,4549.918,4557.055,4547.675,4556.655,0.2482
1779123900000,2026-05-18,17:05:00,4556.655,4558.045,4554.535,4555.985,0.253
1779124200000,2026-05-18,17:10:00,4556.115,4556.615,4552.825,4553.065,0.2059
1779124500000,2026-05-18,17:15:00,4553.055,4555.415,4551.815,4554.385,0.1941
1779124800000,2026-05-18,17:20:00,4554.425,4555.065,4552.235,4553.725,0.1943
1779125100000,2026-05-18,17:25:00,4553.725,4554.515,4551.525,4553.705,0.2207
1779125400000,2026-05-18,17:30:00,4553.645,4554.005,4548.645,4548.765,0.1777
1779125700000,2026-05-18,17:35:00,4548.765,4550.175,4547.065,4549.295,0.2147
1779126000000,2026-05-18,17:40:00,4549.355,4551.105,4547.685,4548.105,0.1801
1779126300000,2026-05-18,17:45:00,4548.075,4549.475,4546.615,4546.615,0.1526
1779126600000,2026-05-18,17:50:00,4546.605,4549.015,4546.385,4547.495,0.1455
1779126900000,2026-05-18,17:55:00,4547.615,4547.695,4545.515,4546.865,0.1448
1779127200000,2026-05-18,18:00:00,4546.885,4546.885,4543.645,4545.695,0.2093
1779127500000,2026-05-18,18:05:00,4545.705,4547.655,4543.705,4544.905,0.1747
1779127800000,2026-05-18,18:10:00,4544.955,4546.345,4543.845,4545.035,0.1803
1779128100000,2026-05-18,18:15:00,4545.065,4545.175,4541.305,4542.455,0.1967
1779128400000,2026-05-18,18:20:00,4542.435,4542.495,4540.235,4541.045,0.2008
1779128700000,2026-05-18,18:25:00,4541.065,4542.565,4536.455,4541.825,0.2691
1779129000000,2026-05-18,18:30:00,4541.805,4543.925,4540.555,4542.605,0.1992
1779129300000,2026-05-18,18:35:00,4542.605,4543.285,4539.088,4539.565,0.1622
1779129600000,2026-05-18,18:40:00,4539.555,4541.405,4538.905,4541.365,0.1623
1779129900000,2026-05-18,18:45:00,4541.275,4543.165,4540.745,4541.475,0.1613
1779130200000,2026-05-18,18:50:00,4541.475,4542.105,4539.715,4540.195,0.184
1779130500000,2026-05-18,18:55:00,4540.195,4541.675,4534.015,4535.545,0.2048
1779130800000,2026-05-18,19:00:00,4535.515,4564.735,4535.035,4553.255,0.4339
1779131100000,2026-05-18,19:05:00,4553.765,4559.905,4550.915,4556.835,0.4106
1779131400000,2026-05-18,19:10:00,4556.805,4558.098,4553.155,4554.215,0.3827
1779131700000,2026-05-18,19:15:00,4554.275,4555.485,4550.755,4551.345,0.341
1779132000000,2026-05-18,19:20:00,4551.425,4555.565,4549.665,4549.955,0.2898
1779132300000,2026-05-18,19:25:00,4549.985,4551.715,4546.405,4551.435,0.2847
1779132600000,2026-05-18,19:30:00,4551.555,4557.225,4550.035,4556.205,0.2553
1779132900000,2026-05-18,19:35:00,4556.715,4559.405,4555.715,4559.255,0.2326
1779133200000,2026-05-18,19:40:00,4559.325,4561.275,4557.715,4558.035,0.2656
1779133500000,2026-05-18,19:45:00,4558.035,4562.775,4557.755,4561.055,0.2351
1779133800000,2026-05-18,19:50:00,4561.195,4562.445,4559.735,4562.355,0.2398
1779134100000,2026-05-18,19:55:00,4562.305,4562.305,4557.395,4558.305,0.2526
1779134400000,2026-05-18,20:00:00,4558.825,4561.035,4557.655,4560.095,0.1218
1779134700000,2026-05-18,20:05:00,4560.085,4560.215,4558.165,4558.535,0.0784
1779135000000,2026-05-18,20:10:00,4558.565,4562.835,4558.365,4562.135,0.0593
1779135300000,2026-05-18,20:15:00,4562.105,4566.405,4561.985,4564.065,0.0901
1779135600000,2026-05-18,20:20:00,4564.065,4566.415,4562.755,4566.245,0.0559
1779135900000,2026-05-18,20:25:00,4566.215,4566.575,4562.585,4563.095,0.0544
1779136200000,2026-05-18,20:30:00,4563.055,4564.625,4561.505,4562.668,0.062
1779136500000,2026-05-18,20:35:00,4562.668,4563.798,4562.358,4562.458,0.0435
1779136800000,2026-05-18,20:40:00,4562.458,4564.805,4562.138,4564.335,0.0563
1779137100000,2026-05-18,20:45:00,4564.365,4564.815,4563.735,4563.735,0.0326
1779137400000,2026-05-18,20:50:00,4563.705,4565.465,4562.965,4563.055,0.0367
1779137700000,2026-05-18,20:55:00,4563.085,4566.495,4562.375,4566.325,0.0505
1779141600000,2026-05-18,22:00:00,4566.825,4571.225,4566.025,4570.145,0.0649
1779141900000,2026-05-18,22:05:00,4570.515,4573.165,4569.365,4571.595,0.047
1779142200000,2026-05-18,22:10:00,4571.625,4573.085,4570.085,4573.085,0.0389
1779142500000,2026-05-18,22:15:00,4573.055,4574.275,4572.335,4573.475,0.0594
1779142800000,2026-05-18,22:20:00,4573.525,4574.435,4571.405,4571.745,0.0512
1779143100000,2026-05-18,22:25:00,4571.685,4572.865,4570.785,4572.605,0.0497
1779143400000,2026-05-18,22:30:00,4572.565,4573.525,4571.225,4572.975,0.0437
1779143700000,2026-05-18,22:35:00,4572.905,4575.835,4572.525,4575.835,0.0427
1779144000000,2026-05-18,22:40:00,4575.855,4578.245,4574.825,4576.345,0.065
1779144300000,2026-05-18,22:45:00,4576.275,4576.695,4574.258,4575.155,0.0413
1779144600000,2026-05-18,22:50:00,4575.325,4575.635,4572.898,4573.435,0.0351
1779144900000,2026-05-18,22:55:00,4573.388,4573.635,4572.248,4573.348,0.0556
1779145200000,2026-05-18,23:00:00,4573.288,4580.648,4573.255,4580.398,0.286
1779145500000,2026-05-18,23:05:00,4580.408,4581.178,4578.605,4579.708,0.2342
1779145800000,2026-05-18,23:10:00,4579.708,4586.565,4579.335,4585.385,0.0996
1779146100000,2026-05-18,23:15:00,4585.465,4586.595,4583.025,4585.805,0.0657
1779146400000,2026-05-18,23:20:00,4585.765,4588.825,4583.585,4585.925,0.0696
1779146700000,2026-05-18,23:25:00,4585.955,4586.785,4584.888,4585.535,0.0452
1779147000000,2026-05-18,23:30:00,4585.515,4586.705,4582.545,4585.935,0.0662
1779147300000,2026-05-18,23:35:00,4585.995,4587.585,4583.575,4584.775,0.0526
1779147600000,2026-05-18,23:40:00,4584.725,4586.255,4583.975,4585.225,0.0442
1779147900000,2026-05-18,23:45:00,4585.285,4586.495,4582.745,4583.205,0.0703
1779148200000,2026-05-18,23:50:00,4583.225,4583.385,4581.788,4582.265,0.076
1779148500000,2026-05-18,23:55:00,4582.325,4582.555,4578.825,4581.615,0.109
1779148800000,2026-05-19,00:00:00,4582.005,4589.295,4578.178,4578.885,0.1865
1779149100000,2026-05-19,00:05:00,4578.935,4585.475,4576.495,4583.925,0.1654
1779149400000,2026-05-19,00:10:00,4583.985,4584.475,4578.375,4578.535,0.1463
1779149700000,2026-05-19,00:15:00,4578.555,4580.835,4574.565,4579.935,0.1369
1779150000000,2026-05-19,00:20:00,4579.895,4585.655,4573.215,4574.475,0.1565
1779150300000,2026-05-19,00:25:00,4574.425,4574.908,4568.465,4573.405,0.1987
1779150600000,2026-05-19,00:30:00,4573.425,4575.965,4572.025,4574.765,0.1476
1779150900000,2026-05-19,00:35:00,4574.765,4575.435,4568.305,4568.585,0.1653
1779151200000,2026-05-19,00:40:00,4568.735,4573.995,4567.985,4570.595,0.1124
1779151500000,2026-05-19,00:45:00,4570.615,4572.295,4569.335,4571.505,0.1334
1779151800000,2026-05-19,00:50:00,4571.475,4571.475,4565.665,4566.135,0.1257
1779152100000,2026-05-19,00:55:00,4566.105,4566.695,4561.225,4563.165,0.1408
1779152400000,2026-05-19,01:00:00,4563.18,4567.145,4557.395,4564.155,0.2606
1779152700000,2026-05-19,01:05:00,4564.185,4569.005,4560.565,4564.165,0.2307
1779153000000,2026-05-19,01:10:00,4563.955,4568.255,4562.395,4565.605,0.2086
1779153300000,2026-05-19,01:15:00,4565.845,4568.245,4557.355,4559.265,0.2066
1779153600000,2026-05-19,01:20:00,4559.235,4559.675,4553.995,4555.515,0.2124
1779153900000,2026-05-19,01:25:00,4555.585,4559.845,4555.585,4559.075,0.1929
1779154200000,2026-05-19,01:30:00,4559.075,4561.865,4555.135,4561.285,0.2272
1779154500000,2026-05-19,01:35:00,4561.325,4568.215,4561.265,4568.015,0.1823
1779154800000,2026-05-19,01:40:00,4568.155,4572.075,4566.285,4570.485,0.1946
1779155100000,2026-05-19,01:45:00,4570.615,4571.555,4565.385,4566.215,0.1744
1779155400000,2026-05-19,01:50:00,4566.215,4568.535,4561.155,4567.315,0.1946
1779155700000,2026-05-19,01:55:00,4567.315,4567.615,4562.625,4563.565,0.1626
1779156000000,2026-05-19,02:00:00,4563.595,4563.595,4558.205,4560.885,0.1974
1779156300000,2026-05-19,02:05:00,4560.905,4561.095,4554.595,4554.955,0.2211
1779156600000,2026-05-19,02:10:00,4554.985,4557.465,4552.805,4554.335,0.2187
1779156900000,2026-05-19,02:15:00,4554.235,4557.295,4551.175,4556.875,0.1779
1779157200000,2026-05-19,02:20:00,4557.005,4560.005,4556.045,4558.065,0.1502
1779157500000,2026-05-19,02:25:00,4558.455,4561.965,4557.165,4559.395,0.132
1779157800000,2026-05-19,02:30:00,4559.425,4559.615,4554.305,4554.865,0.1933
1779158100000,2026-05-19,02:35:00,4554.925,4556.905,4551.725,4553.325,0.1792
1779158400000,2026-05-19,02:40:00,4553.505,4559.395,4550.795,4556.045,0.1771
1779158700000,2026-05-19,02:45:00,4556.215,4557.825,4550.135,4551.985,0.1859
1779159000000,2026-05-19,02:50:00,4551.945,4554.255,4548.015,4550.385,0.1649
1779159300000,2026-05-19,02:55:00,4550.405,4550.555,4545.715,4546.875,0.146
1779159600000,2026-05-19,03:00:00,4546.975,4550.365,4543.325,4546.805,0.22
1779159900000,2026-05-19,03:05:00,4546.805,4552.585,4546.775,4548.685,0.1496
1779160200000,2026-05-19,03:10:00,4548.595,4551.785,4546.915,4551.555,0.123
1779160500000,2026-05-19,03:15:00,4551.605,4552.795,4548.195,4550.865,0.1069
1779160800000,2026-05-19,03:20:00,4550.835,4551.635,4546.455,4548.115,0.1154
1779161100000,2026-05-19,03:25:00,4548.015,4550.525,4547.315,4548.895,0.1198
1779161400000,2026-05-19,03:30:00,4548.935,4550.315,4546.608,4549.745,0.1369
1779161700000,2026-05-19,03:35:00,4549.675,4555.015,4549.575,4554.355,0.0953
1779162000000,2026-05-19,03:40:00,4554.395,4554.475,4547.205,4547.395,0.1118
1779162300000,2026-05-19,03:45:00,4547.375,4548.525,4544.325,4546.775,0.1301
1779162600000,2026-05-19,03:50:00,4546.845,4549.145,4545.935,4548.525,0.0883
1779162900000,2026-05-19,03:55:00,4548.435,4548.805,4543.835,4544.985,0.126
1779163200000,2026-05-19,04:00:00,4545.005,4545.225,4541.145,4544.005,0.1329
1779163500000,2026-05-19,04:05:00,4544.015,4545.545,4540.775,4541.975,0.1216
1779163800000,2026-05-19,04:10:00,4542.045,4543.805,4538.465,4539.865,0.1325
1779164100000,2026-05-19,04:15:00,4539.895,4542.425,4538.165,4540.045,0.1104
1779164400000,2026-05-19,04:20:00,4540.105,4542.925,4539.985,4542.465,0.0968
1779164700000,2026-05-19,04:25:00,4542.555,4542.555,4537.955,4540.155,0.1313
1779165000000,2026-05-19,04:30:00,4540.165,4540.795,4537.675,4538.475,0.093
1779165300000,2026-05-19,04:35:00,4538.605,4541.875,4538.485,4540.315,0.0988
1779165600000,2026-05-19,04:40:00,4540.285,4541.985,4539.095,4539.635,0.1048
1779165900000,2026-05-19,04:45:00,4539.665,4542.435,4539.595,4540.375,0.1168
1779166200000,2026-05-19,04:50:00,4540.355,4542.605,4539.855,4542.245,0.1066
1779166500000,2026-05-19,04:55:00,4542.175,4543.515,4541.295,4542.205,0.1021
1779166800000,2026-05-19,05:00:00,4542.275,4544.845,4541.465,4544.085,0.1554
1779167100000,2026-05-19,05:05:00,4544.135,4545.085,4539.915,4544.995,0.1202
1779167400000,2026-05-19,05:10:00,4544.965,4546.275,4543.295,4544.625,0.1146
1779167700000,2026-05-19,05:15:00,4544.605,4545.085,4541.065,4541.855,0.1027
1779168000000,2026-05-19,05:20:00,4541.815,4542.325,4530.745,4535.105,0.209
1779168300000,2026-05-19,05:25:00,4535.065,4540.305,4532.985,4538.315,0.1952
1779168600000,2026-05-19,05:30:00,4538.605,4540.125,4532.655,4536.775,0.2515
1779168900000,2026-05-19,05:35:00,4536.725,4541.395,4534.635,4539.675,0.2243
1779169200000,2026-05-19,05:40:00,4539.705,4544.075,4537.785,4538.365,0.1837
1779169500000,2026-05-19,05:45:00,4538.345,4541.665,4532.575,4533.585,0.2279
1779169800000,2026-05-19,05:50:00,4533.435,4541.385,4532.825,4539.775,0.2251
1779170100000,2026-05-19,05:55:00,4539.775,4543.395,4538.595,4540.615,0.207
1779170400000,2026-05-19,06:00:00,4540.675,4541.425,4533.405,4539.045,0.2272
1779170700000,2026-05-19,06:05:00,4538.545,4540.445,4535.915,4537.685,0.2115
1779171000000,2026-05-19,06:10:00,4537.635,4545.745,4537.165,4541.825,0.2413
1779171300000,2026-05-19,06:15:00,4541.835,4550.055,4540.685,4549.885,0.2458
1779171600000,2026-05-19,06:20:00,4549.825,4551.015,4545.365,4549.285,0.1936
1779171900000,2026-05-19,06:25:00,4549.255,4553.665,4547.465,4547.465,0.1821
1779172200000,2026-05-19,06:30:00,4547.515,4551.145,4544.365,4550.025,0.2095
1779172500000,2026-05-19,06:35:00,4549.985,4552.365,4546.195,4552.065,0.1543
1779172800000,2026-05-19,06:40:00,4552.135,4552.775,4548.485,4552.085,0.1315
1779173100000,2026-05-19,06:45:00,4552.065,4552.425,4542.875,4542.965,0.1648
1779173400000,2026-05-19,06:50:00,4542.995,4547.345,4542.995,4546.745,0.1012
1779173700000,2026-05-19,06:55:00,4546.745,4549.595,4546.745,4547.785,0.1666
1779174000000,2026-05-19,07:00:00,4547.775,4548.655,4543.945,4547.715,0.222
1779174300000,2026-05-19,07:05:00,4547.705,4555.155,4546.735,4552.705,0.2129
1779174600000,2026-05-19,07:10:00,4552.655,4553.665,4546.775,4548.445,0.1928
1779174900000,2026-05-19,07:15:00,4548.345,4549.905,4546.505,4548.485,0.1706
1779175200000,2026-05-19,07:20:00,4548.515,4549.815,4544.658,4546.875,0.1878
1779175500000,2026-05-19,07:25:00,4546.835,4548.175,4542.865,4548.175,0.1543
1779175800000,2026-05-19,07:30:00,4548.175,4549.315,4543.655,4543.855,0.1681
1779176100000,2026-05-19,07:35:00,4543.865,4547.565,4542.305,4543.115,0.2007
1779176400000,2026-05-19,07:40:00,4543.125,4544.825,4541.155,4541.965,0.1891
1779176700000,2026-05-19,07:45:00,4542.055,4554.105,4541.765,4550.805,0.2488
1779177000000,2026-05-19,07:50:00,4550.785,4553.645,4547.705,4551.975,0.2454
1779177300000,2026-05-19,07:55:00,4551.985,4559.115,4551.975,4556.975,0.2255
1779177600000,2026-05-19,08:00:00,4557.285,4559.055,4552.275,4552.545,0.1969
1779177900000,2026-05-19,08:05:00,4552.565,4552.665,4543.675,4544.038,0.2041
1779178200000,2026-05-19,08:10:00,4544.038,4547.765,4542.325,4546.215,0.2225
1779178500000,2026-05-19,08:15:00,4546.245,4547.955,4544.025,4544.025,0.1835
1779178800000,2026-05-19,08:20:00,4543.975,4544.855,4538.785,4540.505,0.1729
1779179100000,2026-05-19,08:25:00,4540.505,4540.815,4535.995,4538.135,0.2388
1779179400000,2026-05-19,08:30:00,4538.135,4544.105,4536.745,4544.105,0.1944
1779179700000,2026-05-19,08:35:00,4543.935,4544.905,4542.225,4543.075,0.1511
1779180000000,2026-05-19,08:40:00,4543.105,4543.435,4542.005,4543.115,0.1074
1779180300000,2026-05-19,08:45:00,4542.945,4548.465,4542.765,4545.785,0.1665
1779180600000,2026-05-19,08:50:00,4545.785,4546.998,4538.018,4542.455,0.1775
1779180900000,2026-05-19,08:55:00,4542.425,4544.085,4541.625,4542.505,0.1218
1779181200000,2026-05-19,09:00:00,4542.435,4542.435,4539.775,4541.215,0.1585
1779181500000,2026-05-19,09:05:00,4541.225,4541.305,4536.628,4540.455,0.1712
1779181800000,2026-05-19,09:10:00,4540.475,4540.905,4536.975,4539.495,0.1643
1779182100000,2026-05-19,09:15:00,4539.335,4540.055,4535.965,4539.855,0.1912
1779182400000,2026-05-19,09:20:00,4539.915,4546.605,4539.625,4546.385,0.1719
1779182700000,2026-05-19,09:25:00,4546.485,4546.655,4540.025,4540.465,0.2134
1779183000000,2026-05-19,09:30:00,4540.465,4543.105,4536.485,4539.005,0.2585
1779183300000,2026-05-19,09:35:00,4539.005,4541.895,4537.115,4539.245,0.2179
1779183600000,2026-05-19,09:40:00,4539.195,4540.435,4537.845,4539.365,0.1986
1779183900000,2026-05-19,09:45:00,4539.385,4541.085,4538.135,4540.585,0.1709
1779184200000,2026-05-19,09:50:00,4540.635,4543.365,4538.865,4543.175,0.1679
1779184500000,2026-05-19,09:55:00,4543.185,4544.575,4540.485,4541.585,0.1749
1779184800000,2026-05-19,10:00:00,4541.605,4541.605,4536.265,4536.285,0.1792
1779185100000,2026-05-19,10:05:00,4536.255,4541.795,4535.735,4539.945,0.1381
1779185400000,2026-05-19,10:10:00,4539.895,4542.065,4538.515,4541.285,0.1217
1779185700000,2026-05-19,10:15:00,4541.315,4541.705,4538.085,4539.315,0.1118
1779186000000,2026-05-19,10:20:00,4539.525,4541.525,4538.705,4540.495,0.1236
1779186300000,2026-05-19,10:25:00,4540.475,4540.585,4538.885,4539.645,0.1094
1779186600000,2026-05-19,10:30:00,4539.665,4542.335,4538.615,4541.215,0.1237
1779186900000,2026-05-19,10:35:00,4541.105,4542.855,4533.875,4540.865,0.2139
1779187200000,2026-05-19,10:40:00,4540.845,4541.415,4525.225,4529.085,0.3008
1779187500000,2026-05-19,10:45:00,4528.925,4534.435,4527.575,4532.735,0.2599
1779187800000,2026-05-19,10:50:00,4532.765,4535.845,4531.945,4535.155,0.2067
1779188100000,2026-05-19,10:55:00,4535.175,4544.605,4535.155,4544.605,0.2608
1779188400000,2026-05-19,11:00:00,4544.515,4547.775,4542.725,4543.325,0.254
1779188700000,2026-05-19,11:05:00,4543.305,4543.395,4540.175,4541.075,0.1732
1779189000000,2026-05-19,11:10:00,4541.055,4542.035,4535.715,4536.535,0.2086
1779189300000,2026-05-19,11:15:00,4536.555,4542.035,4535.615,4540.725,0.1623
1779189600000,2026-05-19,11:20:00,4540.665,4541.935,4538.605,4540.885,0.1847
1779189900000,2026-05-19,11:25:00,4541.195,4542.215,4536.745,4539.075,0.1578
1779190200000,2026-05-19,11:30:00,4539.095,4540.605,4537.505,4539.065,0.1665
1779190500000,2026-05-19,11:35:00,4539.075,4539.125,4536.705,4537.915,0.1481
1779190800000,2026-05-19,11:40:00,4537.925,4543.005,4536.905,4541.738,0.1628
1779191100000,2026-05-19,11:45:00,4541.755,4542.165,4537.085,4539.755,0.1644
1779191400000,2026-05-19,11:50:00,4539.785,4539.965,4534.095,4534.665,0.1651
1779191700000,2026-05-19,11:55:00,4534.765,4534.765,4529.675,4530.535,0.2025
1779192000000,2026-05-19,12:00:00,4530.405,4535.895,4527.028,4535.325,0.2641
1779192300000,2026-05-19,12:05:00,4535.375,4542.215,4533.115,4542.065,0.2401
1779192600000,2026-05-19,12:10:00,4542.005,4546.425,4541.145,4541.965,0.245
1779192900000,2026-05-19,12:15:00,4542.095,4543.385,4536.545,4539.695,0.2087
1779193200000,2026-05-19,12:20:00,4539.945,4544.115,4539.515,4543.545,0.223
1779193500000,2026-05-19,12:25:00,4543.545,4543.975,4540.265,4543.265,0.1429
1779193800000,2026-05-19,12:30:00,4543.265,4546.805,4541.785,4543.505,0.185
1779194100000,2026-05-19,12:35:00,4543.485,4547.025,4540.965,4542.285,0.2146
1779194400000,2026-05-19,12:40:00,4542.305,4546.255,4536.475,4537.195,0.2604
1779194700000,2026-05-19,12:45:00,4537.145,4539.885,4535.405,4539.265,0.2303
1779195000000,2026-05-19,12:50:00,4539.335,4541.295,4537.135,4541.035,0.1984
1779195300000,2026-05-19,12:55:00,4541.105,4541.425,4536.505,4536.935,0.1991
1779195600000,2026-05-19,13:00:00,4536.955,4537.235,4521.755,4523.225,0.3429
1779195900000,2026-05-19,13:05:00,4523.225,4525.075,4514.555,4522.635,0.3926
1779196200000,2026-05-19,13:10:00,4522.655,4526.325,4519.108,4524.195,0.2953
1779196500000,2026-05-19,13:15:00,4524.165,4525.945,4516.105,4516.915,0.3084
1779196800000,2026-05-19,13:20:00,4516.895,4519.545,4503.505,4504.945,0.3919
1779197100000,2026-05-19,13:25:00,4504.825,4504.825,4490.765,4491.835,0.4421
1779197400000,2026-05-19,13:30:00,4492.065,4495.525,4464.615,4481.355,0.4881
1779197700000,2026-05-19,13:35:00,4481.385,4486.725,4471.195,4483.035,0.4563
1779198000000,2026-05-19,13:40:00,4483.015,4483.165,4470.095,4475.975,0.4685
1779198300000,2026-05-19,13:45:00,4476.505,4482.195,4473.885,4481.255,0.4542
1779198600000,2026-05-19,13:50:00,4481.225,4504.935,4479.905,4504.098,0.4215
1779198900000,2026-05-19,13:55:00,4504.445,4510.905,4497.725,4503.595,0.4005
1779199200000,2026-05-19,14:00:00,4503.088,4512.285,4495.525,4511.325,0.4158
1779199500000,2026-05-19,14:05:00,4511.235,4513.905,4494.495,4503.825,0.4639
1779199800000,2026-05-19,14:10:00,4503.615,4503.795,4492.035,4492.515,0.4324
1779200100000,2026-05-19,14:15:00,4492.475,4500.705,4491.765,4494.735,0.4069
1779200400000,2026-05-19,14:20:00,4494.845,4495.845,4484.565,4486.455,0.4315
1779200700000,2026-05-19,14:25:00,4486.415,4494.165,4484.305,4489.995,0.4221
1779201000000,2026-05-19,14:30:00,4489.995,4498.005,4488.415,4490.055,0.4273
1779201300000,2026-05-19,14:35:00,4490.055,4498.495,4488.805,4489.535,0.4288
1779201600000,2026-05-19,14:40:00,4489.595,4497.695,4487.195,4494.515,0.3989
1779201900000,2026-05-19,14:45:00,4494.485,4496.215,4487.525,4489.885,0.4228
1779202200000,2026-05-19,14:50:00,4489.895,4493.985,4485.955,4486.585,0.4106
1779202500000,2026-05-19,14:55:00,4486.555,4496.525,4486.505,4493.905,0.3723
1779202800000,2026-05-19,15:00:00,4493.925,4499.965,4493.795,4496.605,0.3672
1779203100000,2026-05-19,15:05:00,4496.635,4499.905,4489.535,4498.135,0.3529
1779203400000,2026-05-19,15:10:00,4498.105,4499.615,4495.368,4498.905,0.3458
1779203700000,2026-05-19,15:15:00,4498.905,4504.905,4498.005,4500.195,0.3511
1779204000000,2026-05-19,15:20:00,4500.195,4502.055,4493.595,4494.795,0.3274
1779204300000,2026-05-19,15:25:00,4494.815,4500.145,4494.195,4498.695,0.3452
1779204600000,2026-05-19,15:30:00,4498.675,4507.385,4497.725,4503.385,0.3679
1779204900000,2026-05-19,15:35:00,4503.165,4505.145,4498.605,4502.845,0.3497
1779205200000,2026-05-19,15:40:00,4502.875,4504.935,4500.475,4502.015,0.3237
1779205500000,2026-05-19,15:45:00,4501.995,4503.955,4500.065,4503.905,0.2933
1779205800000,2026-05-19,15:50:00,4503.905,4505.605,4501.535,4502.895,0.2728
1779206100000,2026-05-19,15:55:00,4502.925,4509.105,4502.795,4508.275,0.2712
1779206400000,2026-05-19,16:00:00,4508.275,4510.255,4504.975,4505.455,0.2166
1779206700000,2026-05-19,16:05:00,4505.465,4505.465,4497.175,4498.255,0.2674
1779207000000,2026-05-19,16:10:00,4498.215,4501.065,4495.965,4500.755,0.2477
1779207300000,2026-05-19,16:15:00,4500.755,4502.865,4498.595,4500.225,0.2196
1779207600000,2026-05-19,16:20:00,4500.205,4505.795,4500.045,4505.505,0.1883
1779207900000,2026-05-19,16:25:00,4505.515,4511.785,4505.515,4508.605,0.2296
1779208200000,2026-05-19,16:30:00,4508.625,4512.375,4506.535,4507.255,0.2624
1779208500000,2026-05-19,16:35:00,4507.195,4509.615,4505.655,4508.605,0.2074
1779208800000,2026-05-19,16:40:00,4508.605,4509.285,4505.425,4505.785,0.1699
1779209100000,2026-05-19,16:45:00,4505.785,4506.355,4504.425,4505.755,0.1836
1779209400000,2026-05-19,16:50:00,4505.795,4507.585,4504.575,4505.305,0.1616
1779209700000,2026-05-19,16:55:00,4505.395,4509.145,4504.745,4507.535,0.1447
1779210000000,2026-05-19,17:00:00,4507.615,4509.555,4505.795,4506.688,0.1842
1779210300000,2026-05-19,17:05:00,4506.695,4509.035,4505.645,4507.875,0.1619
1779210600000,2026-05-19,17:10:00,4507.848,4510.675,4506.055,4510.155,0.1406
1779210900000,2026-05-19,17:15:00,4510.255,4510.965,4507.535,4508.068,0.1596
1779211200000,2026-05-19,17:20:00,4507.765,4507.835,4503.185,4503.435,0.1763
1779211500000,2026-05-19,17:25:00,4503.445,4508.285,4503.445,4506.835,0.2115
1779211800000,2026-05-19,17:30:00,4506.825,4508.208,4503.828,4504.045,0.1557
1779212100000,2026-05-19,17:35:00,4504.025,4506.805,4503.495,4506.805,0.1589
1779212400000,2026-05-19,17:40:00,4506.765,4506.865,4502.545,4504.335,0.217
1779212700000,2026-05-19,17:45:00,4504.365,4504.795,4500.285,4500.645,0.1902
1779213000000,2026-05-19,17:50:00,4500.675,4501.695,4498.935,4499.425,0.1825
1779213300000,2026-05-19,17:55:00,4499.425,4501.255,4499.235,4500.668,0.1507
1779213600000,2026-05-19,18:00:00,4500.668,4501.495,4499.685,4500.845,0.1599
1779213900000,2026-05-19,18:05:00,4500.865,4503.575,4499.555,4502.985,0.1517
1779214200000,2026-05-19,18:10:00,4502.945,4503.355,4500.775,4500.825,0.1367
1779214500000,2026-05-19,18:15:00,4500.795,4501.895,4499.455,4499.505,0.1615
1779214800000,2026-05-19,18:20:00,4499.515,4499.675,4495.505,4498.455,0.2313
1779215100000,2026-05-19,18:25:00,4498.475,4500.035,4495.675,4495.895,0.2167
1779215400000,2026-05-19,18:30:00,4495.848,4498.865,4493.038,4497.645,0.2207
1779215700000,2026-05-19,18:35:00,4497.665,4499.935,4496.115,4499.765,0.1713
1779216000000,2026-05-19,18:40:00,4499.755,4500.715,4498.115,4498.995,0.2
1779216300000,2026-05-19,18:45:00,4498.995,4499.955,4497.935,4499.185,0.1942
1779216600000,2026-05-19,18:50:00,4499.185,4499.515,4493.445,4493.745,0.1938
1779216900000,2026-05-19,18:55:00,4493.685,4494.595,4490.005,4493.465,0.2734
1779217200000,2026-05-19,19:00:00,4493.375,4496.405,4492.925,4493.655,0.2486
1779217500000,2026-05-19,19:05:00,4493.655,4496.205,4493.655,4495.345,0.175
1779217800000,2026-05-19,19:10:00,4495.345,4497.595,4495.105,4496.895,0.1893
1779218100000,2026-05-19,19:15:00,4496.895,4497.225,4491.985,4492.685,0.1977
1779218400000,2026-05-19,19:20:00,4492.675,4492.965,4486.345,4486.435,0.2284
1779218700000,2026-05-19,19:25:00,4486.425,4488.685,4485.365,4486.815,0.1845
1779219000000,2026-05-19,19:30:00,4486.815,4489.805,4486.055,4486.245,0.19
1779219300000,2026-05-19,19:35:00,4486.275,4488.715,4486.165,4487.455,0.1676
1779219600000,2026-05-19,19:40:00,4487.455,4488.735,4485.775,4488.255,0.1727
1779219900000,2026-05-19,19:45:00,4488.255,4488.725,4485.805,4486.475,0.1868
1779220200000,2026-05-19,19:50:00,4486.268,4486.915,4483.525,4483.705,0.2282
1779220500000,2026-05-19,19:55:00,4483.835,4483.835,4481.105,4483.275,0.2804
1779220800000,2026-05-19,20:00:00,4483.255,4484.055,4480.765,4482.365,0.1474
1779221100000,2026-05-19,20:05:00,4482.245,4486.025,4481.508,4485.335,0.0856
1779221400000,2026-05-19,20:10:00,4485.355,4486.995,4484.098,4485.478,0.0837
1779221700000,2026-05-19,20:15:00,4485.478,4485.605,4483.175,4485.185,0.0777
1779222000000,2026-05-19,20:20:00,4485.175,4488.055,4484.908,4487.195,0.0654
1779222300000,2026-05-19,20:25:00,4487.165,4487.428,4485.535,4486.065,0.0565
1779222600000,2026-05-19,20:30:00,4486.065,4486.105,4483.065,4483.738,0.0646
1779222900000,2026-05-19,20:35:00,4483.755,4484.518,4483.028,4483.098,0.0592
1779223200000,2026-05-19,20:40:00,4483.098,4484.398,4481.765,4483.255,0.0706
1779223500000,2026-05-19,20:45:00,4483.275,4484.095,4482.405,4482.995,0.0478
1779223800000,2026-05-19,20:50:00,4482.945,4484.105,4481.995,4482.355,0.0374
1779224100000,2026-05-19,20:55:00,4482.355,4483.855,4481.445,4481.825,0.0352
1779228000000,2026-05-19,22:00:00,4481.998,4484.625,4478.485,4484.255,0.0813
1779228300000,2026-05-19,22:05:00,4484.325,4485.685,4479.936,4484.335,0.035
1779228600000,2026-05-19,22:10:00,4484.055,4484.615,4482.495,4482.735,0.0313
1779228900000,2026-05-19,22:15:00,4482.715,4482.715,4477.885,4479.995,0.0508
1779229200000,2026-05-19,22:20:00,4480.025,4481.055,4478.908,4480.585,0.0378
1779229500000,2026-05-19,22:25:00,4480.525,4480.555,4478.375,4479.065,0.0451
1779229800000,2026-05-19,22:30:00,4479.095,4483.895,4476.985,4483.175,0.0727
1779230100000,2026-05-19,22:35:00,4483.275,4485.555,4479.805,4480.495,0.0681
1779230400000,2026-05-19,22:40:00,4480.355,4484.355,4479.645,4481.855,0.0511
1779230700000,2026-05-19,22:45:00,4481.785,4483.645,4479.835,4481.935,0.0525
1779231000000,2026-05-19,22:50:00,4481.955,4482.905,4479.125,4481.165,0.0644
1779231300000,2026-05-19,22:55:00,4481.085,4484.115,4481.015,4483.885,0.0493
1779231600000,2026-05-19,23:00:00,4483.795,4483.835,4479.455,4482.955,0.0759
1779231900000,2026-05-19,23:05:00,4483.075,4484.215,4481.115,4483.315,0.0687
1779232200000,2026-05-19,23:10:00,4483.505,4486.565,4483.275,4486.035,0.0551
1779232500000,2026-05-19,23:15:00,4486.015,4488.435,4483.035,4488.035,0.0633
1779232800000,2026-05-19,23:20:00,4488.015,4488.405,4484.645,4486.345,0.0843
1779233100000,2026-05-19,23:25:00,4486.345,4487.345,4485.235,4485.765,0.0416
1779233400000,2026-05-19,23:30:00,4485.795,4493.455,4485.265,4492.995,0.0995
1779233700000,2026-05-19,23:35:00,4492.935,4494.215,4489.055,4493.215,0.089
1779234000000,2026-05-19,23:40:00,4493.025,4496.095,4491.285,4492.105,0.0693
1779234300000,2026-05-19,23:45:00,4492.085,4493.995,4489.705,4493.325,0.0731
1779234600000,2026-05-19,23:50:00,4493.305,4494.435,4489.955,4490.635,0.0654
1779234900000,2026-05-19,23:55:00,4490.695,4492.595,4487.865,4489.055,0.0828
1779235200000,2026-05-20,00:00:00,4489.075,4489.725,4482.335,4485.925,0.1807
1779235500000,2026-05-20,00:05:00,4485.965,4486.615,4479.425,4483.895,0.1773
1779235800000,2026-05-20,00:10:00,4483.925,4490.465,4481.475,4488.335,0.1922
1779236100000,2026-05-20,00:15:00,4488.365,4490.435,4482.348,4483.315,0.212
1779236400000,2026-05-20,00:20:00,4483.175,4491.395,4480.765,4491.095,0.2039
1779236700000,2026-05-20,00:25:00,4491.348,4501.845,4489.915,4501.805,0.2437
1779237000000,2026-05-20,00:30:00,4501.735,4507.165,4499.945,4502.785,0.2644
1779237300000,2026-05-20,00:35:00,4502.865,4505.425,4499.545,4501.545,0.2132
1779237600000,2026-05-20,00:40:00,4501.625,4506.635,4501.055,4505.005,0.1937
1779237900000,2026-05-20,00:45:00,4505.045,4508.745,4502.895,4504.585,0.1974
1779238200000,2026-05-20,00:50:00,4504.535,4505.275,4500.425,4503.145,0.2163
1779238500000,2026-05-20,00:55:00,4503.225,4503.535,4497.895,4500.645,0.1637
1779238800000,2026-05-20,01:00:00,4500.615,4505.905,4489.615,4493.545,0.3064
1779239100000,2026-05-20,01:05:00,4493.575,4495.275,4487.785,4494.725,0.2384
1779239400000,2026-05-20,01:10:00,4494.895,4500.215,4491.125,4492.345,0.2764
1779239700000,2026-05-20,01:15:00,4492.175,4496.145,4491.705,4495.595,0.2701
1779240000000,2026-05-20,01:20:00,4495.675,4496.635,4483.045,4484.465,0.2974
1779240300000,2026-05-20,01:25:00,4484.465,4485.655,4472.525,4473.425,0.3509
1779240600000,2026-05-20,01:30:00,4473.395,4476.805,4467.415,4473.125,0.3707
1779240900000,2026-05-20,01:35:00,4473.165,4473.235,4455.625,4467.865,0.3363
1779241200000,2026-05-20,01:40:00,4467.905,4469.045,4461.455,4466.525,0.3365
1779241500000,2026-05-20,01:45:00,4466.525,4473.635,4462.885,4472.405,0.3375
1779241800000,2026-05-20,01:50:00,4472.365,4488.145,4472.285,4481.415,0.4035
1779242100000,2026-05-20,01:55:00,4481.475,4482.575,4478.595,4481.265,0.2851
1779242400000,2026-05-20,02:00:00,4481.565,4485.015,4480.015,4484.895,0.2905
1779242700000,2026-05-20,02:05:00,4484.965,4486.905,4478.385,4479.385,0.2813
1779243000000,2026-05-20,02:10:00,4479.385,4481.755,4475.995,4481.125,0.2671
1779243300000,2026-05-20,02:15:00,4481.155,4482.555,4476.335,4477.185,0.2375
1779243600000,2026-05-20,02:20:00,4477.165,4486.885,4476.335,4484.445,0.2551
1779243900000,2026-05-20,02:25:00,4484.445,4484.675,4479.055,4481.205,0.2351
1779244200000,2026-05-20,02:30:00,4481.135,4483.365,4465.605,4470.445,0.358
1779244500000,2026-05-20,02:35:00,4470.195,4471.125,4465.395,4469.505,0.3117
1779244800000,2026-05-20,02:40:00,4469.485,4471.508,4460.405,4460.475,0.2672
1779245100000,2026-05-20,02:45:00,4460.435,4464.705,4459.375,4464.085,0.3107
1779245400000,2026-05-20,02:50:00,4464.145,4465.895,4461.465,4463.055,0.2407
1779245700000,2026-05-20,02:55:00,4463.085,4465.785,4458.255,4465.065,0.2346
1779246000000,2026-05-20,03:00:00,4465.105,4467.055,4459.665,4462.815,0.2452
1779246300000,2026-05-20,03:05:00,4462.935,4463.405,4453.145,4456.375,0.2804
1779246600000,2026-05-20,03:10:00,4456.485,4461.155,4455.785,4457.635,0.213
1779246900000,2026-05-20,03:15:00,4457.635,4463.775,4456.855,4462.335,0.1828
1779247200000,2026-05-20,03:20:00,4462.285,4463.025,4459.985,4462.075,0.1597
1779247500000,2026-05-20,03:25:00,4462.135,4464.055,4459.595,4460.525,0.228
1779247800000,2026-05-20,03:30:00,4460.508,4461.488,4457.235,4458.495,0.2576
1779248100000,2026-05-20,03:35:00,4458.495,4465.735,4458.315,4464.155,0.1981
1779248400000,2026-05-20,03:40:00,4464.195,4465.815,4460.025,4460.245,0.202
1779248700000,2026-05-20,03:45:00,4460.295,4461.155,4457.855,4459.395,0.1565
1779249000000,2026-05-20,03:50:00,4459.355,4461.225,4458.315,4460.045,0.1204
1779249300000,2026-05-20,03:55:00,4460.605,4464.865,4459.815,4463.355,0.1431
1779249600000,2026-05-20,04:00:00,4463.365,4469.885,4462.965,4468.455,0.1894
1779249900000,2026-05-20,04:05:00,4468.665,4469.095,4466.495,4467.425,0.1193
1779250200000,2026-05-20,04:10:00,4467.385,4469.335,4464.955,4468.915,0.1342
1779250500000,2026-05-20,04:15:00,4468.985,4470.395,4465.245,4465.575,0.1404
1779250800000,2026-05-20,04:20:00,4465.605,4466.835,4463.005,4466.505,0.1495
1779251100000,2026-05-20,04:25:00,4466.455,4466.985,4462.125,4465.015,0.1508
1779251400000,2026-05-20,04:30:00,4464.965,4465.735,4461.715,4462.615,0.1383
1779251700000,2026-05-20,04:35:00,4462.505,4465.615,4460.495,4463.905,0.1581
1779252000000,2026-05-20,04:40:00,4463.885,4465.375,4460.255,4462.775,0.1307
1779252300000,2026-05-20,04:45:00,4462.825,4462.885,4456.345,4459.655,0.1668
1779252600000,2026-05-20,04:50:00,4459.625,4462.945,4459.055,4460.975,0.1502
1779252900000,2026-05-20,04:55:00,4460.945,4462.695,4459.715,4461.825,0.107
1779253200000,2026-05-20,05:00:00,4461.665,4471.495,4461.375,4470.745,0.219
1779253500000,2026-05-20,05:05:00,4470.765,4472.935,4467.305,4468.255,0.1807
1779253800000,2026-05-20,05:10:00,4468.255,4469.535,4466.845,4469.135,0.1316
1779254100000,2026-05-20,05:15:00,4469.145,4471.765,4467.195,4471.215,0.1515
1779254400000,2026-05-20,05:20:00,4471.245,4475.115,4470.755,4470.755,0.1792
1779254700000,2026-05-20,05:25:00,4470.695,4471.405,4466.795,4467.985,0.1862
1779255000000,2026-05-20,05:30:00,4468.145,4478.965,4467.845,4477.105,0.3121
1779255300000,2026-05-20,05:35:00,4477.105,4478.585,4474.795,4476.395,0.2374
1779255600000,2026-05-20,05:40:00,4476.445,4477.995,4471.295,4472.035,0.2048
1779255900000,2026-05-20,05:45:00,4472.035,4472.325,4462.925,4465.455,0.2558
1779256200000,2026-05-20,05:50:00,4465.505,4472.125,4464.095,4471.135,0.2119
1779256500000,2026-05-20,05:55:00,4471.085,4474.985,4470.925,4472.458,0.1828
1779256800000,2026-05-20,06:00:00,4472.515,4477.405,4470.315,4472.495,0.266
1779257100000,2026-05-20,06:05:00,4472.515,4474.245,4468.715,4469.415,0.2378
1779257400000,2026-05-20,06:10:00,4469.395,4471.535,4467.185,4471.535,0.2151
1779257700000,2026-05-20,06:15:00,4471.995,4477.918,4471.625,4476.795,0.2798
1779258000000,2026-05-20,06:20:00,4476.775,4477.375,4468.215,4468.325,0.2751
1779258300000,2026-05-20,06:25:00,4468.385,4474.315,4467.405,4471.725,0.2797
1779258600000,2026-05-20,06:30:00,4471.955,4472.395,4466.375,4466.515,0.257
1779258900000,2026-05-20,06:35:00,4466.465,4468.285,4461.185,4466.655,0.2554
1779259200000,2026-05-20,06:40:00,4466.635,4466.895,4463.685,4466.825,0.1956
1779259500000,2026-05-20,06:45:00,4466.825,4474.885,4465.015,4473.695,0.241
1779259800000,2026-05-20,06:50:00,4473.715,4478.265,4471.945,4474.548,0.2783
1779260100000,2026-05-20,06:55:00,4474.505,4475.515,4471.095,4474.015,0.2161
1779260400000,2026-05-20,07:00:00,4473.975,4479.015,4471.628,4477.105,0.2489
1779260700000,2026-05-20,07:05:00,4477.105,4483.295,4475.265,4482.825,0.2049
1779261000000,2026-05-20,07:10:00,4482.805,4485.025,4480.045,4481.015,0.3304
1779261300000,2026-05-20,07:15:00,4480.995,4481.025,4477.685,4478.675,0.3247
1779261600000,2026-05-20,07:20:00,4478.625,4484.025,4476.205,4480.125,0.2147
1779261900000,2026-05-20,07:25:00,4480.275,4483.275,4479.465,4482.535,0.1867
1779262200000,2026-05-20,07:30:00,4482.535,4485.765,4477.335,4477.938,0.2565
1779262500000,2026-05-20,07:35:00,4477.938,4480.865,4475.815,4480.105,0.2116
1779262800000,2026-05-20,07:40:00,4480.035,4483.585,4478.435,4481.245,0.21
1779263100000,2026-05-20,07:45:00,4481.245,4481.805,4476.045,4477.795,0.1556
1779263400000,2026-05-20,07:50:00,4477.805,4478.955,4474.885,4478.945,0.1576
1779263700000,2026-05-20,07:55:00,4478.915,4479.675,4476.545,4478.405,0.184
1779264000000,2026-05-20,08:00:00,4478.375,4481.395,4476.518,4480.975,0.2291
1779264300000,2026-05-20,08:05:00,4481.105,4483.095,4476.768,4479.065,0.1972
1779264600000,2026-05-20,08:10:00,4478.895,4484.055,4477.225,4482.175,0.2293
1779264900000,2026-05-20,08:15:00,4482.155,4483.755,4479.258,4481.395,0.1985
1779265200000,2026-05-20,08:20:00,4481.535,4486.375,4477.925,4484.105,0.2411
1779265500000,2026-05-20,08:25:00,4484.095,4486.105,4482.298,4486.075,0.1936
1779265800000,2026-05-20,08:30:00,4486.425,4489.185,4482.845,4482.885,0.2297
1779266100000,2026-05-20,08:35:00,4482.915,4484.285,4478.395,4483.405,0.193
1779266400000,2026-05-20,08:40:00,4483.395,4483.535,4476.605,4479.055,0.1741
1779266700000,2026-05-20,08:45:00,4479.015,4482.975,4478.888,4481.695,0.2517
1779267000000,2026-05-20,08:50:00,4481.715,4489.365,4481.155,4489.035,0.2383
1779267300000,2026-05-20,08:55:00,4489.015,4490.105,4483.205,4484.005,0.167
1779267600000,2026-05-20,09:00:00,4483.965,4486.125,4483.395,4484.475,0.1432
1779267900000,2026-05-20,09:05:00,4484.465,4486.105,4481.348,4481.725,0.1937
1779268200000,2026-05-20,09:10:00,4481.915,4482.355,4479.615,4480.085,0.1832
1779268500000,2026-05-20,09:15:00,4480.105,4482.415,4478.915,4482.415,0.1776
1779268800000,2026-05-20,09:20:00,4482.325,4483.595,4478.445,4479.215,0.1743
1779269100000,2026-05-20,09:25:00,4479.215,4479.415,4472.475,4474.005,0.1963
1779269400000,2026-05-20,09:30:00,4473.925,4482.585,4472.565,4482.055,0.2563
1779269700000,2026-05-20,09:35:00,4482.085,4483.115,4479.785,4483.048,0.2402
1779270000000,2026-05-20,09:40:00,4483.048,4484.605,4482.805,4483.035,0.1481
1779270300000,2026-05-20,09:45:00,4483.135,4484.305,4481.568,4482.895,0.1309
1779270600000,2026-05-20,09:50:00,4482.875,4489.935,4482.535,4489.295,0.1951
1779270900000,2026-05-20,09:55:00,4489.395,4490.975,4484.195,4484.715,0.1166
1779271200000,2026-05-20,10:00:00,4484.715,4487.355,4484.365,4485.785,0.158
1779271500000,2026-05-20,10:05:00,4485.765,4492.125,4485.765,4489.595,0.1258
1779271800000,2026-05-20,10:10:00,4489.665,4490.835,4486.545,4487.785,0.115
1779272100000,2026-05-20,10:15:00,4487.835,4490.965,4487.095,4488.125,0.103
1779272400000,2026-05-20,10:20:00,4488.145,4492.525,4487.985,4491.345,0.1563
1779272700000,2026-05-20,10:25:00,4491.385,4492.235,4488.188,4488.825,0.1369
1779273000000,2026-05-20,10:30:00,4488.955,4492.405,4488.445,4492.405,0.1409
1779273300000,2026-05-20,10:35:00,4492.405,4496.745,4492.195,4495.545,0.1971
1779273600000,2026-05-20,10:40:00,4495.515,4496.625,4493.635,4494.008,0.1489
1779273900000,2026-05-20,10:45:00,4494.008,4495.535,4491.748,4492.238,0.1902
1779274200000,2026-05-20,10:50:00,4492.295,4494.935,4489.985,4494.525,0.1496
1779274500000,2026-05-20,10:55:00,4494.515,4494.645,4492.375,4494.445,0.1277
1779274800000,2026-05-20,11:00:00,4494.445,4496.635,4492.575,4494.125,0.1736
1779275100000,2026-05-20,11:05:00,4494.135,4495.715,4493.865,4494.555,0.134
1779275400000,2026-05-20,11:10:00,4494.515,4496.045,4492.695,4492.825,0.2114
1779275700000,2026-05-20,11:15:00,4492.855,4496.345,4491.525,4491.815,0.1141
1779276000000,2026-05-20,11:20:00,4491.825,4496.315,4490.905,4495.735,0.1392
1779276300000,2026-05-20,11:25:00,4495.755,4500.895,4495.325,4499.825,0.1826
1779276600000,2026-05-20,11:30:00,4499.795,4500.295,4496.375,4498.535,0.1562
1779276900000,2026-05-20,11:35:00,4498.485,4498.955,4495.885,4497.505,0.1522
1779277200000,2026-05-20,11:40:00,4497.805,4498.165,4493.265,4495.075,0.2195
1779277500000,2026-05-20,11:45:00,4495.105,4496.685,4491.815,4492.905,0.1921
1779277800000,2026-05-20,11:50:00,4492.955,4498.005,4490.715,4498.005,0.2271
1779278100000,2026-05-20,11:55:00,4498.075,4499.435,4495.828,4498.975,0.1625
1779278400000,2026-05-20,12:00:00,4498.925,4500.995,4495.718,4496.258,0.2379
1779278700000,2026-05-20,12:05:00,4496.445,4499.855,4495.578,4497.405,0.2153
1779279000000,2026-05-20,12:10:00,4497.405,4497.725,4496.125,4496.395,0.1635
1779279300000,2026-05-20,12:15:00,4496.335,4496.975,4493.745,4494.315,0.1646
1779279600000,2026-05-20,12:20:00,4494.205,4496.865,4492.815,4496.235,0.1964
1779279900000,2026-05-20,12:25:00,4496.255,4499.515,4495.995,4499.515,0.2563
1779280200000,2026-05-20,12:30:00,4499.495,4504.165,4499.038,4503.355,0.2544
1779280500000,2026-05-20,12:35:00,4503.335,4504.485,4500.735,4503.605,0.2102
1779280800000,2026-05-20,12:40:00,4503.645,4504.385,4501.055,4502.685,0.1627
1779281100000,2026-05-20,12:45:00,4502.815,4505.205,4501.635,4502.845,0.141
1779281400000,2026-05-20,12:50:00,4502.735,4502.825,4498.308,4498.408,0.1698
1779281700000,2026-05-20,12:55:00,4498.288,4498.515,4493.658,4495.955,0.1988
1779282000000,2026-05-20,13:00:00,4495.965,4501.115,4493.635,4497.385,0.341
1779282300000,2026-05-20,13:05:00,4497.405,4501.745,4496.248,4498.488,0.2932
1779282600000,2026-05-20,13:10:00,4498.488,4505.975,4497.148,4505.035,0.2583
1779282900000,2026-05-20,13:15:00,4505.015,4505.205,4498.855,4499.085,0.2723
1779283200000,2026-05-20,13:20:00,4499.105,4500.285,4493.695,4494.065,0.2451
1779283500000,2026-05-20,13:25:00,4493.995,4494.805,4489.165,4489.165,0.2953
1779283800000,2026-05-20,13:30:00,4489.265,4492.855,4487.595,4491.315,0.39
1779284100000,2026-05-20,13:35:00,4491.335,4492.725,4484.468,4485.085,0.6444
1779284400000,2026-05-20,13:40:00,4485.115,4490.285,4482.905,4489.765,0.3986
1779284700000,2026-05-20,13:45:00,4489.665,4491.835,4486.115,4486.905,0.3871
1779285000000,2026-05-20,13:50:00,4486.795,4489.285,4484.578,4485.845,0.3682
1779285300000,2026-05-20,13:55:00,4485.758,4485.998,4481.828,4482.875,0.3216
1779285600000,2026-05-20,14:00:00,4482.865,4485.035,4480.655,4481.298,0.3331
1779285900000,2026-05-20,14:05:00,4481.298,4481.475,4474.755,4475.925,0.3375
1779286200000,2026-05-20,14:10:00,4475.945,4480.465,4466.868,4476.658,0.408
1779286500000,2026-05-20,14:15:00,4476.678,4503.535,4476.235,4498.385,0.5341
1779286800000,2026-05-20,14:20:00,4498.235,4510.755,4495.255,4502.585,0.4748
1779287100000,2026-05-20,14:25:00,4502.585,4506.865,4498.865,4506.665,0.4598
1779287400000,2026-05-20,14:30:00,4506.655,4528.625,4506.655,4524.285,0.4859
1779287700000,2026-05-20,14:35:00,4524.175,4526.705,4514.785,4523.405,0.4476
1779288000000,2026-05-20,14:40:00,4523.445,4523.785,4516.868,4520.345,0.402
1779288300000,2026-05-20,14:45:00,4520.465,4524.015,4516.525,4521.678,0.3849
1779288600000,2026-05-20,14:50:00,4521.688,4529.648,4520.848,4529.265,0.3982
1779288900000,2026-05-20,14:55:00,4529.238,4537.025,4528.415,4531.025,0.3987
1779289200000,2026-05-20,15:00:00,4531.145,4535.368,4529.055,4530.218,0.3787
1779289500000,2026-05-20,15:05:00,4530.085,4531.518,4523.595,4526.155,0.3445
1779289800000,2026-05-20,15:10:00,4526.315,4526.755,4522.975,4524.328,0.2528
1779290100000,2026-05-20,15:15:00,4524.328,4552.585,4523.875,4543.035,0.4948
1779290400000,2026-05-20,15:20:00,4542.925,4545.058,4535.555,4535.905,0.4365
1779290700000,2026-05-20,15:25:00,4535.878,4537.125,4528.375,4529.265,0.3752
1779291000000,2026-05-20,15:30:00,4529.275,4534.788,4527.538,4534.745,0.324
1779291300000,2026-05-20,15:35:00,4534.775,4539.115,4534.518,4537.495,0.3541
1779291600000,2026-05-20,15:40:00,4537.615,4539.415,4534.535,4536.705,0.3456
1779291900000,2026-05-20,15:45:00,4536.745,4537.585,4535.065,4537.005,0.3201
1779292200000,2026-05-20,15:50:00,4537.135,4537.645,4532.215,4533.188,0.3016
1779292500000,2026-05-20,15:55:00,4533.188,4533.948,4527.098,4528.978,0.301
1779292800000,2026-05-20,16:00:00,4528.978,4532.095,4528.238,4531.955,0.19
1779293100000,2026-05-20,16:05:00,4531.945,4535.125,4531.255,4533.218,0.1764
1779293400000,2026-05-20,16:10:00,4533.265,4534.625,4531.245,4533.598,0.2224
1779293700000,2026-05-20,16:15:00,4533.598,4533.608,4529.438,4530.598,0.1783
1779294000000,2026-05-20,16:20:00,4530.618,4531.195,4524.408,4525.855,0.2926
1779294300000,2026-05-20,16:25:00,4525.865,4527.335,4523.935,4525.735,0.2362
1779294600000,2026-05-20,16:30:00,4525.965,4529.365,4524.035,4525.555,0.1919
1779294900000,2026-05-20,16:35:00,4525.745,4528.445,4525.195,4527.285,0.1569
1779295200000,2026-05-20,16:40:00,4527.295,4533.555,4527.155,4533.555,0.2207
1779295500000,2026-05-20,16:45:00,4533.555,4534.755,4529.888,4532.145,0.1963
1779295800000,2026-05-20,16:50:00,4531.965,4533.195,4530.785,4532.435,0.1656
1779296100000,2026-05-20,16:55:00,4532.418,4535.455,4531.058,4534.265,0.1433
1779296400000,2026-05-20,17:00:00,4534.275,4534.585,4531.225,4531.865,0.1843
1779296700000,2026-05-20,17:05:00,4531.878,4535.475,4530.875,4535.455,0.171
1779297000000,2026-05-20,17:10:00,4535.435,4538.245,4533.128,4534.055,0.2092
1779297300000,2026-05-20,17:15:00,4534.035,4535.425,4532.805,4534.935,0.1541
1779297600000,2026-05-20,17:20:00,4534.948,4536.605,4532.935,4533.705,0.1415
1779297900000,2026-05-20,17:25:00,4533.775,4536.185,4530.728,4532.198,0.1956
1779298200000,2026-05-20,17:30:00,4532.205,4534.935,4529.675,4530.798,0.1586
1779298500000,2026-05-20,17:35:00,4530.798,4536.285,4530.015,4535.765,0.2045
1779298800000,2026-05-20,17:40:00,4535.678,4535.905,4532.825,4532.875,0.1202
1779299100000,2026-05-20,17:45:00,4532.925,4535.085,4532.148,4533.485,0.1105
1779299400000,2026-05-20,17:50:00,4533.465,4534.295,4531.795,4531.865,0.0883
1779299700000,2026-05-20,17:55:00,4531.925,4532.375,4530.068,4530.748,0.0962
1779300000000,2026-05-20,18:00:00,4530.648,4532.975,4529.045,4532.165,0.1316
1779300300000,2026-05-20,18:05:00,4532.225,4533.465,4530.325,4532.678,0.1224
1779300600000,2026-05-20,18:10:00,4532.698,4533.865,4532.065,4532.685,0.0953
1779300900000,2026-05-20,18:15:00,4532.638,4536.458,4532.605,4535.988,0.1207
1779301200000,2026-05-20,18:20:00,4535.975,4536.285,4532.478,4533.468,0.1272
1779301500000,2026-05-20,18:25:00,4533.468,4534.875,4531.748,4534.775,0.175
1779301800000,2026-05-20,18:30:00,4534.755,4539.605,4534.755,4539.555,0.1205
1779302100000,2026-05-20,18:35:00,4539.585,4543.255,4539.458,4542.658,0.1202
1779302400000,2026-05-20,18:40:00,4542.665,4542.948,4536.765,4537.015,0.1404
1779302700000,2026-05-20,18:45:00,4537.115,4540.385,4536.235,4539.548,0.1743
1779303000000,2026-05-20,18:50:00,4539.548,4543.045,4538.968,4541.858,0.1333
1779303300000,2026-05-20,18:55:00,4541.995,4544.848,4541.668,4542.178,0.1576
1779303600000,2026-05-20,19:00:00,4542.025,4544.528,4541.735,4542.348,0.132
1779303900000,2026-05-20,19:05:00,4542.378,4543.918,4541.365,4543.138,0.104
1779304200000,2026-05-20,19:10:00,4543.148,4545.028,4542.638,4543.648,0.0844
1779304500000,2026-05-20,19:15:00,4543.648,4545.598,4543.418,4545.598,0.1109
1779304800000,2026-05-20,19:20:00,4545.608,4545.838,4543.135,4543.935,0.1028
1779305100000,2026-05-20,19:25:00,4544.005,4545.485,4543.365,4544.838,0.0988
1779305400000,2026-05-20,19:30:00,4544.878,4547.105,4544.838,4545.408,0.099
1779305700000,2026-05-20,19:35:00,4545.408,4549.998,4545.015,4547.985,0.1238
1779306000000,2026-05-20,19:40:00,4547.965,4549.188,4545.255,4546.225,0.1174
1779306300000,2026-05-20,19:45:00,4546.265,4547.485,4545.365,4546.118,0.1045
1779306600000,2026-05-20,19:50:00,4545.638,4548.375,4545.175,4547.795,0.1426
1779306900000,2026-05-20,19:55:00,4547.975,4548.285,4545.215,4545.535,0.1997
1779307200000,2026-05-20,20:00:00,4545.475,4547.915,4545.475,4546.485,0.1173
1779307500000,2026-05-20,20:05:00,4546.535,4546.865,4545.145,4546.175,0.0664
1779307800000,2026-05-20,20:10:00,4546.235,4550.315,4545.565,4546.505,0.0754
1779308100000,2026-05-20,20:15:00,4546.525,4548.215,4545.145,4547.055,0.0819
1779308400000,2026-05-20,20:20:00,4547.025,4547.025,4542.875,4545.005,0.202
1779308700000,2026-05-20,20:25:00,4545.045,4546.465,4544.825,4545.525,0.1277
1779309000000,2026-05-20,20:30:00,4545.535,4546.125,4543.455,4543.925,0.1006
1779309300000,2026-05-20,20:35:00,4543.965,4544.845,4542.925,4543.575,0.0672
1779309600000,2026-05-20,20:40:00,4543.275,4544.075,4542.415,4543.345,0.0803
1779309900000,2026-05-20,20:45:00,4543.228,4544.348,4542.058,4542.568,0.0764
1779310200000,2026-05-20,20:50:00,4542.578,4543.768,4541.675,4542.675,0.0579
1779310500000,2026-05-20,20:55:00,4542.668,4544.015,4542.268,4543.705,0.0683
1779314400000,2026-05-20,22:00:00,4542.695,4548.365,4542.665,4544.085,0.0945
1779314700000,2026-05-20,22:05:00,4543.955,4546.325,4539.068,4539.068,0.151
1779315000000,2026-05-20,22:10:00,4539.168,4542.115,4538.135,4539.635,0.1416
1779315300000,2026-05-20,22:15:00,4539.605,4540.065,4536.915,4537.375,0.105
1779315600000,2026-05-20,22:20:00,4537.345,4538.205,4534.935,4536.585,0.1425
1779315900000,2026-05-20,22:25:00,4536.545,4539.015,4535.945,4538.625,0.0671
1779316200000,2026-05-20,22:30:00,4538.735,4542.285,4538.455,4541.165,0.0663
1779316500000,2026-05-20,22:35:00,4541.135,4543.195,4540.355,4542.635,0.0488
1779316800000,2026-05-20,22:40:00,4542.565,4542.975,4540.095,4542.055,0.0492
1779317100000,2026-05-20,22:45:00,4541.985,4544.435,4540.245,4540.885,0.064
1779317400000,2026-05-20,22:50:00,4540.865,4541.895,4536.875,4540.525,0.0831
1779317700000,2026-05-20,22:55:00,4540.655,4541.645,4537.448,4539.398,0.1419
1779318000000,2026-05-20,23:00:00,4539.325,4541.485,4539.325,4541.468,0.1399
1779318300000,2026-05-20,23:05:00,4541.488,4542.698,4538.168,4538.185,0.2931
1779318600000,2026-05-20,23:10:00,4538.185,4540.175,4537.398,4539.655,0.0571
1779318900000,2026-05-20,23:15:00,4539.705,4540.565,4538.675,4538.805,0.0404
1779319200000,2026-05-20,23:20:00,4538.765,4538.965,4536.195,4537.025,0.0586
1779319500000,2026-05-20,23:25:00,4537.055,4538.285,4534.265,4538.285,0.0623
1779319800000,2026-05-20,23:30:00,4538.345,4540.995,4537.745,4539.705,0.0582
1779320100000,2026-05-20,23:35:00,4539.835,4545.205,4539.715,4545.205,0.0448
1779320400000,2026-05-20,23:40:00,4545.135,4545.135,4542.035,4542.675,0.0531
1779320700000,2026-05-20,23:45:00,4542.645,4546.805,4541.405,4544.905,0.0783
1779321000000,2026-05-20,23:50:00,4545.035,4545.165,4542.645,4544.555,0.0571
1779321300000,2026-05-20,23:55:00,4544.598,4546.298,4543.725,4546.198,0.0783
1779321600000,2026-05-21,00:00:00,4546.198,4548.745,4539.955,4542.225,0.204
1779321900000,2026-05-21,00:05:00,4542.285,4544.845,4540.085,4544.115,0.1702
1779322200000,2026-05-21,00:10:00,4544.165,4545.495,4542.615,4544.675,0.1672
1779322500000,2026-05-21,00:15:00,4544.625,4553.065,4539.935,4545.825,0.2093
1779322800000,2026-05-21,00:20:00,4545.775,4546.285,4538.755,4540.655,0.1579
1779323100000,2026-05-21,00:25:00,4540.748,4544.848,4537.085,4543.285,0.2136
1779323400000,2026-05-21,00:30:00,4543.445,4544.915,4539.265,4544.225,0.1163
1779323700000,2026-05-21,00:35:00,4544.165,4544.835,4541.965,4542.165,0.1006
1779324000000,2026-05-21,00:40:00,4542.135,4543.685,4541.185,4543.465,0.074
1779324300000,2026-05-21,00:45:00,4543.445,4544.725,4541.735,4544.055,0.0859
1779324600000,2026-05-21,00:50:00,4544.215,4548.455,4543.325,4547.425,0.0973
1779324900000,2026-05-21,00:55:00,4547.415,4548.035,4544.665,4544.955,0.1285
1779325200000,2026-05-21,01:00:00,4544.935,4549.185,4539.705,4543.405,0.2708
1779325500000,2026-05-21,01:05:00,4543.425,4550.685,4540.728,4549.415,0.2038
1779325800000,2026-05-21,01:10:00,4549.445,4559.915,4549.185,4559.685,0.2619
1779326100000,2026-05-21,01:15:00,4559.655,4561.325,4557.968,4559.235,0.2862
1779326400000,2026-05-21,01:20:00,4559.265,4567.485,4556.915,4564.785,0.2031
1779326700000,2026-05-21,01:25:00,4564.815,4567.435,4560.145,4566.765,0.1855
1779327000000,2026-05-21,01:30:00,4566.815,4569.025,4561.625,4562.635,0.2775
1779327300000,2026-05-21,01:35:00,4562.645,4566.685,4561.345,4565.445,0.2224
1779327600000,2026-05-21,01:40:00,4565.415,4570.725,4565.385,4567.445,0.1645
1779327900000,2026-05-21,01:45:00,4567.525,4567.995,4565.035,4565.065,0.1466
1779328200000,2026-05-21,01:50:00,4565.015,4565.515,4558.675,4559.595,0.2222
1779328500000,2026-05-21,01:55:00,4559.565,4561.755,4559.185,4560.695,0.2
1779328800000,2026-05-21,02:00:00,4560.725,4564.565,4556.475,4556.745,0.2066
1779329100000,2026-05-21,02:05:00,4556.685,4559.248,4554.938,4555.445,0.2231
1779329400000,2026-05-21,02:10:00,4555.445,4555.498,4550.415,4551.465,0.2122
1779329700000,2026-05-21,02:15:00,4551.435,4552.975,4546.995,4548.618,0.1638
1779330000000,2026-05-21,02:20:00,4548.945,4549.365,4545.765,4547.685,0.1359
1779330300000,2026-05-21,02:25:00,4547.655,4548.255,4539.475,4540.145,0.152
1779330600000,2026-05-21,02:30:00,4540.125,4542.215,4533.775,4536.845,0.2439
1779330900000,2026-05-21,02:35:00,4536.845,4541.365,4536.845,4539.575,0.1684
1779331200000,2026-05-21,02:40:00,4539.575,4539.945,4534.095,4536.095,0.2048
1779331500000,2026-05-21,02:45:00,4536.095,4537.115,4531.345,4534.255,0.2179
1779331800000,2026-05-21,02:50:00,4534.235,4536.505,4533.155,4533.645,0.1615
1779332100000,2026-05-21,02:55:00,4533.865,4535.565,4532.265,4532.885,0.1844
1779332400000,2026-05-21,03:00:00,4532.865,4535.055,4531.225,4534.605,0.1639
1779332700000,2026-05-21,03:05:00,4534.655,4537.495,4534.175,4536.955,0.1346
1779333000000,2026-05-21,03:10:00,4536.825,4538.755,4536.265,4537.645,0.113
1779333300000,2026-05-21,03:15:00,4537.655,4537.795,4532.708,4535.175,0.121
1779333600000,2026-05-21,03:20:00,4535.195,4540.025,4535.195,4537.505,0.1206
1779333900000,2026-05-21,03:25:00,4537.475,4538.065,4533.925,4535.378,0.1624
1779334200000,2026-05-21,03:30:00,4535.338,4536.938,4533.225,4533.985,0.1317
1779334500000,2026-05-21,03:35:00,4533.985,4534.345,4531.465,4532.295,0.1159
1779334800000,2026-05-21,03:40:00,4532.325,4535.875,4531.698,4533.715,0.1124
1779335100000,2026-05-21,03:45:00,4533.755,4534.125,4531.315,4531.495,0.0848
1779335400000,2026-05-21,03:50:00,4531.565,4531.655,4527.075,4527.985,0.1542
1779335700000,2026-05-21,03:55:00,4527.995,4529.515,4527.045,4527.985,0.1188
1779336000000,2026-05-21,04:00:00,4527.985,4532.705,4527.045,4531.735,0.1047
1779336300000,2026-05-21,04:05:00,4531.755,4533.445,4530.725,4532.345,0.0815
1779336600000,2026-05-21,04:10:00,4532.365,4536.315,4532.125,4535.805,0.0848
1779336900000,2026-05-21,04:15:00,4535.825,4536.215,4534.155,4534.235,0.0815
1779337200000,2026-05-21,04:20:00,4534.315,4536.835,4534.128,4536.515,0.0686
1779337500000,2026-05-21,04:25:00,4536.745,4539.915,4536.398,4539.615,0.0882
1779337800000,2026-05-21,04:30:00,4539.805,4540.405,4536.275,4536.565,0.0905
1779338100000,2026-05-21,04:35:00,4536.615,4537.165,4533.565,4536.975,0.076
1779338400000,2026-05-21,04:40:00,4536.955,4537.975,4536.098,4536.915,0.0636
1779338700000,2026-05-21,04:45:00,4536.935,4536.935,4535.235,4536.075,0.0625
1779339000000,2026-05-21,04:50:00,4536.115,4538.515,4535.585,4535.695,0.0671
1779339300000,2026-05-21,04:55:00,4535.845,4539.055,4535.845,4538.275,0.0785
1779339600000,2026-05-21,05:00:00,4538.295,4540.365,4536.438,4537.925,0.1143
1779339900000,2026-05-21,05:05:00,4537.905,4538.068,4530.585,4531.425,0.1385
1779340200000,2026-05-21,05:10:00,4531.465,4533.055,4529.585,4530.545,0.3192
1779340500000,2026-05-21,05:15:00,4530.635,4530.935,4525.915,4526.878,0.2013
1779340800000,2026-05-21,05:20:00,4526.888,4527.075,4524.518,4524.878,0.1627
1779341100000,2026-05-21,05:25:00,4524.888,4528.085,4521.285,4522.665,0.2
1779341400000,2026-05-21,05:30:00,4522.715,4526.835,4518.185,4525.585,0.2082
1779341700000,2026-05-21,05:35:00,4525.455,4527.035,4521.115,4525.455,0.1755
1779342000000,2026-05-21,05:40:00,4525.505,4526.535,4524.075,4525.835,0.1474
1779342300000,2026-05-21,05:45:00,4525.805,4526.645,4518.405,4522.715,0.2033
1779342600000,2026-05-21,05:50:00,4523.225,4529.815,4522.595,4529.565,0.1851
1779342900000,2026-05-21,05:55:00,4529.565,4529.595,4525.605,4527.795,0.1671
1779343200000,2026-05-21,06:00:00,4527.765,4535.205,4526.485,4533.315,0.1718
1779343500000,2026-05-21,06:05:00,4533.475,4535.015,4530.985,4530.995,0.1547
1779343800000,2026-05-21,06:10:00,4531.025,4532.295,4527.045,4531.355,0.1627
1779344100000,2026-05-21,06:15:00,4531.365,4532.655,4528.425,4530.345,0.1603
1779344400000,2026-05-21,06:20:00,4530.365,4539.675,4529.455,4533.885,0.2317
1779344700000,2026-05-21,06:25:00,4533.845,4535.015,4529.645,4532.835,0.1697
1779345000000,2026-05-21,06:30:00,4532.765,4534.845,4527.725,4529.565,0.1822
1779345300000,2026-05-21,06:35:00,4529.585,4531.165,4527.235,4527.595,0.1727
1779345600000,2026-05-21,06:40:00,4527.615,4527.885,4522.765,4524.735,0.1661
1779345900000,2026-05-21,06:45:00,4524.555,4526.125,4521.965,4523.715,0.1633
1779346200000,2026-05-21,06:50:00,4523.725,4524.115,4520.385,4522.345,0.2051
1779346500000,2026-05-21,06:55:00,4522.365,4523.185,4518.695,4521.375,0.2418
1779346800000,2026-05-21,07:00:00,4521.435,4524.325,4518.915,4520.625,0.1775
1779347100000,2026-05-21,07:05:00,4520.655,4522.485,4518.035,4521.665,0.1469
1779347400000,2026-05-21,07:10:00,4521.538,4522.015,4518.855,4520.435,0.1439
1779347700000,2026-05-21,07:15:00,4520.435,4521.285,4517.115,4521.015,0.1755
1779348000000,2026-05-21,07:20:00,4521.055,4523.305,4517.055,4518.005,0.1492
1779348300000,2026-05-21,07:25:00,4517.985,4518.755,4511.835,4512.605,0.1847
1779348600000,2026-05-21,07:30:00,4512.635,4517.115,4511.818,4516.545,0.1535
1779348900000,2026-05-21,07:35:00,4516.525,4517.285,4514.375,4515.345,0.1364
1779349200000,2026-05-21,07:40:00,4515.315,4516.955,4514.065,4516.215,0.0805
1779349500000,2026-05-21,07:45:00,4516.355,4517.995,4513.955,4517.935,0.0979
1779349800000,2026-05-21,07:50:00,4517.915,4523.175,4515.675,4520.725,0.1227
1779350100000,2026-05-21,07:55:00,4520.618,4522.525,4519.305,4519.418,0.0962
1779350400000,2026-05-21,08:00:00,4519.425,4523.585,4518.105,4523.185,0.1896
1779350700000,2026-05-21,08:05:00,4523.205,4529.035,4522.135,4528.425,0.2431
1779351000000,2026-05-21,08:10:00,4528.445,4535.535,4527.515,4534.115,0.3113
1779351300000,2026-05-21,08:15:00,4534.085,4536.665,4529.965,4530.095,0.3144
1779351600000,2026-05-21,08:20:00,4530.095,4532.925,4529.415,4532.655,0.2409
1779351900000,2026-05-21,08:25:00,4532.655,4536.595,4529.085,4535.425,0.2388
1779352200000,2026-05-21,08:30:00,4535.675,4535.675,4527.985,4529.255,0.2566
1779352500000,2026-05-21,08:35:00,4529.365,4531.095,4526.185,4527.905,0.2248
1779352800000,2026-05-21,08:40:00,4527.875,4532.285,4527.795,4528.925,0.1824
1779353100000,2026-05-21,08:45:00,4528.945,4532.715,4528.145,4530.435,0.2305
1779353400000,2026-05-21,08:50:00,4530.435,4532.525,4529.885,4532.235,0.2003
1779353700000,2026-05-21,08:55:00,4532.425,4534.555,4532.175,4532.335,0.2384
1779354000000,2026-05-21,09:00:00,4532.335,4533.945,4531.785,4532.085,0.2191
1779354300000,2026-05-21,09:05:00,4532.135,4535.925,4531.585,4533.605,0.2483
1779354600000,2026-05-21,09:10:00,4533.575,4540.285,4533.005,4537.655,0.1862
1779354900000,2026-05-21,09:15:00,4537.615,4541.065,4536.265,4540.415,0.1947
1779355200000,2026-05-21,09:20:00,4540.415,4542.345,4537.005,4537.225,0.2014
1779355500000,2026-05-21,09:25:00,4537.205,4539.405,4535.295,4536.645,0.1952
1779355800000,2026-05-21,09:30:00,4536.615,4542.625,4533.555,4535.145,0.2209
1779356100000,2026-05-21,09:35:00,4535.165,4536.575,4532.395,4532.535,0.2035
1779356400000,2026-05-21,09:40:00,4532.555,4534.585,4529.405,4529.715,0.1855
1779356700000,2026-05-21,09:45:00,4529.725,4531.895,4527.615,4531.305,0.1835
1779357000000,2026-05-21,09:50:00,4531.305,4532.905,4531.155,4532.575,0.1411
1779357300000,2026-05-21,09:55:00,4532.595,4532.975,4529.565,4530.475,0.1391
1779357600000,2026-05-21,10:00:00,4530.495,4533.455,4529.875,4533.255,0.1733
1779357900000,2026-05-21,10:05:00,4533.265,4535.315,4530.545,4534.555,0.1868
1779358200000,2026-05-21,10:10:00,4534.705,4535.125,4529.725,4532.485,0.1918
1779358500000,2026-05-21,10:15:00,4532.485,4534.525,4530.568,4534.365,0.2163
1779358800000,2026-05-21,10:20:00,4534.295,4534.425,4531.945,4534.165,0.1577
1779359100000,2026-05-21,10:25:00,4534.165,4534.555,4510.495,4517.795,0.4237
1779359400000,2026-05-21,10:30:00,4517.825,4518.195,4507.825,4514.385,0.4344
1779359700000,2026-05-21,10:35:00,4514.355,4517.825,4507.475,4508.685,0.3785
1779360000000,2026-05-21,10:40:00,4508.655,4518.105,4504.695,4516.885,0.3368
1779360300000,2026-05-21,10:45:00,4516.805,4517.785,4513.695,4516.495,0.2881
1779360600000,2026-05-21,10:50:00,4516.495,4517.205,4510.765,4515.565,0.3028
1779360900000,2026-05-21,10:55:00,4515.505,4516.145,4510.665,4511.415,0.3213
1779361200000,2026-05-21,11:00:00,4511.415,4519.925,4510.575,4516.065,0.3549
1779361500000,2026-05-21,11:05:00,4516.065,4518.135,4514.885,4516.575,0.2874
1779361800000,2026-05-21,11:10:00,4516.545,4518.125,4515.025,4516.175,0.2407
1779362100000,2026-05-21,11:15:00,4516.155,4519.695,4515.515,4519.065,0.2038
1779362400000,2026-05-21,11:20:00,4519.005,4521.165,4514.785,4515.675,0.3491
1779362700000,2026-05-21,11:25:00,4515.685,4515.735,4512.345,4513.875,0.2081
1779363000000,2026-05-21,11:30:00,4514.005,4515.735,4510.125,4510.555,0.1845
1779363300000,2026-05-21,11:35:00,4510.555,4512.055,4507.955,4510.635,0.2355
1779363600000,2026-05-21,11:40:00,4510.525,4514.025,4510.245,4511.995,0.1972
1779363900000,2026-05-21,11:45:00,4511.985,4515.055,4511.715,4513.245,0.1655
1779364200000,2026-05-21,11:50:00,4513.215,4517.215,4512.575,4514.095,0.1861
1779364500000,2026-05-21,11:55:00,4514.085,4514.185,4510.695,4513.905,0.2344
1779364800000,2026-05-21,12:00:00,4513.905,4516.745,4513.875,4515.345,0.2515
1779365100000,2026-05-21,12:05:00,4515.245,4518.225,4513.545,4517.855,0.2508
1779365400000,2026-05-21,12:10:00,4517.815,4519.135,4513.495,4514.485,0.2363
1779365700000,2026-05-21,12:15:00,4514.515,4514.615,4509.635,4512.335,0.2571
1779366000000,2026-05-21,12:20:00,4512.375,4512.865,4505.915,4506.505,0.2978
1779366300000,2026-05-21,12:25:00,4506.705,4507.765,4503.575,4506.765,0.2205
1779366600000,2026-05-21,12:30:00,4506.415,4517.508,4505.355,4514.445,0.2811
1779366900000,2026-05-21,12:35:00,4514.455,4516.925,4508.445,4511.665,0.3504
1779367200000,2026-05-21,12:40:00,4511.605,4514.925,4509.955,4514.795,0.264
1779367500000,2026-05-21,12:45:00,4514.795,4517.955,4509.635,4510.015,0.2586
1779367800000,2026-05-21,12:50:00,4509.958,4510.675,4507.168,4507.985,0.2963
1779368100000,2026-05-21,12:55:00,4507.985,4509.455,4501.815,4503.955,0.3209
1779368400000,2026-05-21,13:00:00,4503.925,4512.015,4499.385,4511.905,0.3737
1779368700000,2026-05-21,13:05:00,4511.918,4512.505,4501.615,4504.615,0.3838
1779369000000,2026-05-21,13:10:00,4504.615,4505.085,4500.635,4502.065,0.3625
1779369300000,2026-05-21,13:15:00,4502.065,4505.275,4496.715,4498.825,0.3324
1779369600000,2026-05-21,13:20:00,4498.835,4502.965,4496.495,4498.025,0.3559
1779369900000,2026-05-21,13:25:00,4498.045,4500.485,4495.265,4500.485,0.345
1779370200000,2026-05-21,13:30:00,4501.035,4501.155,4489.835,4493.855,0.4325
1779370500000,2026-05-21,13:35:00,4493.865,4495.775,4488.335,4491.975,0.4253
1779370800000,2026-05-21,13:40:00,4491.995,4502.535,4491.825,4497.275,0.345
1779371100000,2026-05-21,13:45:00,4497.375,4503.415,4494.705,4499.995,0.2718
1779371400000,2026-05-21,13:50:00,4499.725,4520.995,4499.295,4517.865,0.4482
1779371700000,2026-05-21,13:55:00,4517.865,4520.635,4511.685,4513.055,0.418
1779372000000,2026-05-21,14:00:00,4513.075,4515.225,4505.305,4507.115,0.4085
1779372300000,2026-05-21,14:05:00,4507.065,4510.155,4502.425,4505.035,0.374
1779372600000,2026-05-21,14:10:00,4505.025,4510.045,4503.505,4507.995,0.4008
1779372900000,2026-05-21,14:15:00,4507.905,4509.185,4498.505,4501.768,0.4346
1779373200000,2026-05-21,14:20:00,4501.775,4503.865,4498.005,4502.085,0.408
1779373500000,2026-05-21,14:25:00,4502.105,4507.685,4501.115,4507.245,0.4003
1779373800000,2026-05-21,14:30:00,4507.275,4510.135,4505.088,4506.975,0.4122
1779374100000,2026-05-21,14:35:00,4507.045,4511.035,4506.325,4508.535,0.3569
1779374400000,2026-05-21,14:40:00,4508.535,4508.905,4502.315,4504.615,0.7051
1779374700000,2026-05-21,14:45:00,4504.615,4509.335,4501.645,4504.115,0.5327
1779375000000,2026-05-21,14:50:00,4504.255,4509.305,4501.865,4509.025,0.3898
1779375300000,2026-05-21,14:55:00,4509.025,4510.465,4506.935,4508.665,0.4201
1779375600000,2026-05-21,15:00:00,4508.625,4510.115,4502.928,4504.615,0.3935
1779375900000,2026-05-21,15:05:00,4504.615,4505.105,4496.555,4501.495,0.4805
1779376200000,2026-05-21,15:10:00,4501.465,4515.245,4499.415,4509.805,0.4994
1779376500000,2026-05-21,15:15:00,4509.805,4511.355,4506.955,4508.005,0.538
1779376800000,2026-05-21,15:20:00,4507.995,4509.775,4503.178,4504.345,0.3721
1779377100000,2026-05-21,15:25:00,4504.225,4505.165,4502.095,4503.175,0.3406
1779377400000,2026-05-21,15:30:00,4503.255,4508.615,4502.475,4507.175,0.3103
1779377700000,2026-05-21,15:35:00,4507.195,4509.605,4506.515,4509.025,0.2782
1779378000000,2026-05-21,15:40:00,4509.055,4509.305,4506.285,4506.795,0.2483
1779378300000,2026-05-21,15:45:00,4506.775,4510.405,4506.465,4510.405,0.2306
1779378600000,2026-05-21,15:50:00,4510.425,4512.565,4509.275,4510.765,0.2417
1779378900000,2026-05-21,15:55:00,4510.775,4512.575,4509.225,4511.705,0.242
1779379200000,2026-05-21,16:00:00,4511.735,4518.835,4511.735,4515.285,0.3099
1779379500000,2026-05-21,16:05:00,4515.465,4520.805,4514.835,4519.665,0.3185
1779379800000,2026-05-21,16:10:00,4519.715,4519.975,4514.518,4517.015,0.3373
1779380100000,2026-05-21,16:15:00,4517.055,4518.508,4514.385,4518.305,0.2684
1779380400000,2026-05-21,16:20:00,4518.315,4518.655,4515.285,4516.775,0.2702
1779380700000,2026-05-21,16:25:00,4516.745,4517.735,4515.685,4516.385,0.2477
1779381000000,2026-05-21,16:30:00,4516.465,4518.815,4516.045,4517.905,0.2111
1779381300000,2026-05-21,16:35:00,4517.788,4519.245,4515.845,4516.495,0.2185
1779381600000,2026-05-21,16:40:00,4516.445,4518.145,4515.355,4517.915,0.1889
1779381900000,2026-05-21,16:45:00,4517.915,4520.115,4516.988,4517.125,0.1738
1779382200000,2026-05-21,16:50:00,4517.295,4518.775,4516.065,4517.355,0.1731
1779382500000,2026-05-21,16:55:00,4517.325,4519.535,4516.845,4519.315,0.1864
1779382800000,2026-05-21,17:00:00,4519.395,4521.985,4515.935,4516.115,0.2356
1779383100000,2026-05-21,17:05:00,4516.155,4518.245,4514.008,4517.825,0.1736
1779383400000,2026-05-21,17:10:00,4517.805,4531.475,4517.795,4526.195,0.462
1779383700000,2026-05-21,17:15:00,4526.235,4540.405,4525.965,4535.015,0.4358
1779384000000,2026-05-21,17:20:00,4535.045,4546.195,4533.015,4536.505,0.4441
1779384300000,2026-05-21,17:25:00,4536.485,4541.955,4535.295,4541.368,0.3873
1779384600000,2026-05-21,17:30:00,4541.345,4548.875,4538.435,4542.195,0.3808
1779384900000,2026-05-21,17:35:00,4542.195,4544.755,4541.645,4542.285,0.3278
1779385200000,2026-05-21,17:40:00,4542.285,4548.195,4542.065,4548.025,0.3523
1779385500000,2026-05-21,17:45:00,4548.015,4553.545,4544.745,4553.235,0.3275
1779385800000,2026-05-21,17:50:00,4553.185,4557.705,4551.505,4556.425,0.3644
1779386100000,2026-05-21,17:55:00,4556.425,4559.005,4551.138,4551.305,0.3969
1779386400000,2026-05-21,18:00:00,4551.365,4555.925,4543.715,4544.235,0.3885
1779386700000,2026-05-21,18:05:00,4544.098,4549.625,4542.835,4548.625,0.377
1779387000000,2026-05-21,18:10:00,4548.625,4549.145,4544.215,4545.935,0.364
1779387300000,2026-05-21,18:15:00,4546.055,4549.625,4544.205,4549.315,0.3237
1779387600000,2026-05-21,18:20:00,4549.295,4550.595,4546.485,4550.155,0.3076
1779387900000,2026-05-21,18:25:00,4550.135,4550.455,4546.925,4548.325,0.3027
1779388200000,2026-05-21,18:30:00,4548.325,4549.305,4544.875,4546.295,0.2324
1779388500000,2026-05-21,18:35:00,4546.278,4546.278,4542.615,4543.205,0.224
1779388800000,2026-05-21,18:40:00,4543.365,4547.025,4542.655,4545.115,0.2013
1779389100000,2026-05-21,18:45:00,4545.065,4545.935,4535.415,4538.045,0.2754
1779389400000,2026-05-21,18:50:00,4538.055,4541.545,4527.625,4527.625,0.4135
1779389700000,2026-05-21,18:55:00,4527.645,4531.935,4527.265,4531.765,0.4338
1779390000000,2026-05-21,19:00:00,4531.935,4537.025,4531.355,4535.595,0.3922
1779390300000,2026-05-21,19:05:00,4535.595,4537.285,4529.488,4536.495,0.3346
1779390600000,2026-05-21,19:10:00,4536.495,4537.725,4534.235,4537.605,0.2869
1779390900000,2026-05-21,19:15:00,4537.615,4541.265,4537.595,4541.265,0.2216
1779391200000,2026-05-21,19:20:00,4541.245,4541.895,4538.825,4539.285,0.1733
1779391500000,2026-05-21,19:25:00,4539.255,4540.255,4537.445,4538.675,0.1807
1779391800000,2026-05-21,19:30:00,4538.665,4540.525,4538.425,4538.975,0.1786
1779392100000,2026-05-21,19:35:00,4539.145,4542.265,4538.975,4541.985,0.1578
1779392400000,2026-05-21,19:40:00,4542.055,4543.115,4539.035,4539.175,0.1754
1779392700000,2026-05-21,19:45:00,4539.145,4541.975,4538.825,4541.468,0.1492
1779393000000,2026-05-21,19:50:00,4541.725,4543.035,4534.535,4536.205,0.2425
1779393300000,2026-05-21,19:55:00,4536.185,4543.645,4535.285,4542.925,0.3074
1779393600000,2026-05-21,20:00:00,4542.905,4544.025,4541.085,4541.855,0.1687
1779393900000,2026-05-21,20:05:00,4541.835,4544.575,4540.985,4541.225,0.1041
1779394200000,2026-05-21,20:10:00,4541.195,4543.005,4541.035,4542.375,0.0715
1779394500000,2026-05-21,20:15:00,4542.375,4542.375,4541.125,4541.525,0.0567
1779394800000,2026-05-21,20:20:00,4541.565,4542.525,4540.385,4540.645,0.0558
1779395100000,2026-05-21,20:25:00,4540.695,4541.225,4540.085,4541.135,0.0413
1779395400000,2026-05-21,20:30:00,4541.145,4541.975,4540.265,4540.735,0.0421
1779395700000,2026-05-21,20:35:00,4540.735,4541.778,4540.185,4541.255,0.033
1779396000000,2026-05-21,20:40:00,4541.215,4541.605,4540.168,4540.658,0.0338
1779396300000,2026-05-21,20:45:00,4540.475,4541.165,4540.165,4540.295,0.0371
1779396600000,2026-05-21,20:50:00,4540.225,4541.815,4539.575,4541.485,0.038
1779396900000,2026-05-21,20:55:00,4541.515,4543.345,4541.425,4542.115,0.0368
1779400800000,2026-05-21,22:00:00,4544.058,4545.755,4539.748,4544.575,0.058
1779401100000,2026-05-21,22:05:00,4544.575,4544.615,4539.985,4540.155,0.0697
1779401400000,2026-05-21,22:10:00,4539.728,4543.045,4539.505,4541.605,0.0316
1779401700000,2026-05-21,22:15:00,4541.535,4542.925,4541.205,4542.185,0.0311
1779402000000,2026-05-21,22:20:00,4542.145,4542.215,4541.298,4541.595,0.0181
1779402300000,2026-05-21,22:25:00,4541.545,4541.605,4539.645,4540.755,0.0242
1779402600000,2026-05-21,22:30:00,4541.115,4541.295,4540.085,4540.565,0.0192
1779402900000,2026-05-21,22:35:00,4540.535,4541.395,4539.375,4540.135,0.0223
1779403200000,2026-05-21,22:40:00,4540.155,4543.335,4539.855,4542.415,0.0406
1779403500000,2026-05-21,22:45:00,4542.385,4542.935,4541.495,4541.825,0.0243
1779403800000,2026-05-21,22:50:00,4541.785,4542.075,4540.635,4540.675,0.031
1779404100000,2026-05-21,22:55:00,4540.755,4543.048,4540.435,4542.875,0.0642
1779404400000,2026-05-21,23:00:00,4542.835,4544.595,4542.398,4543.085,0.1464
1779404700000,2026-05-21,23:05:00,4543.125,4543.435,4542.165,4542.855,0.0828
1779405000000,2026-05-21,23:10:00,4542.855,4543.895,4542.545,4543.445,0.0313
1779405300000,2026-05-21,23:15:00,4543.525,4543.975,4540.895,4541.125,0.0498
1779405600000,2026-05-21,23:20:00,4541.085,4541.415,4537.215,4538.785,0.0432
1779405900000,2026-05-21,23:25:00,4538.725,4540.775,4538.525,4540.175,0.033
1779406200000,2026-05-21,23:30:00,4539.375,4539.435,4536.385,4537.305,0.042
1779406500000,2026-05-21,23:35:00,4537.285,4537.695,4535.205,4537.485,0.0396
1779406800000,2026-05-21,23:40:00,4537.455,4537.525,4532.525,4532.931,0.0701
1779407100000,2026-05-21,23:45:00,4532.88,4535.755,4532.195,4535.635,0.0753
1779407400000,2026-05-21,23:50:00,4535.595,4536.355,4532.115,4532.675,0.0664
1779407700000,2026-05-21,23:55:00,4532.855,4535.695,4532.755,4535.205,0.0722
1779408000000,2026-05-22,00:00:00,4535.305,4536.735,4530.605,4531.695,0.1729
1779408300000,2026-05-22,00:05:00,4531.725,4534.095,4531.275,4533.375,0.1581
1779408600000,2026-05-22,00:10:00,4533.395,4533.405,4531.005,4531.075,0.148
1779408900000,2026-05-22,00:15:00,4530.995,4533.935,4530.005,4532.045,0.1546
1779409200000,2026-05-22,00:20:00,4532.035,4537.225,4531.705,4533.785,0.1518
1779409500000,2026-05-22,00:25:00,4533.815,4536.325,4532.585,4536.175,0.1097
1779409800000,2026-05-22,00:30:00,4536.115,4538.605,4535.555,4536.785,0.117
1779410100000,2026-05-22,00:35:00,4536.735,4540.925,4536.035,4540.015,0.1147
1779410400000,2026-05-22,00:40:00,4539.985,4540.765,4537.145,4537.855,0.1025
1779410700000,2026-05-22,00:45:00,4537.825,4538.745,4533.735,4534.455,0.1018
1779411000000,2026-05-22,00:50:00,4534.595,4535.795,4526.998,4528.798,0.3202
1779411300000,2026-05-22,00:55:00,4528.798,4530.248,4525.228,4526.348,0.1879
1779411600000,2026-05-22,01:00:00,4526.348,4536.125,4525.515,4529.705,0.2663
1779411900000,2026-05-22,01:05:00,4529.735,4530.855,4523.095,4525.085,0.213
1779412200000,2026-05-22,01:10:00,4525.115,4529.795,4524.395,4529.515,0.1513
1779412500000,2026-05-22,01:15:00,4529.485,4532.745,4528.275,4531.355,0.1496
1779412800000,2026-05-22,01:20:00,4531.385,4533.295,4527.425,4527.965,0.1483
1779413100000,2026-05-22,01:25:00,4528.025,4531.775,4526.165,4528.715,0.1398
1779413400000,2026-05-22,01:30:00,4528.755,4529.545,4524.105,4525.505,0.168
1779413700000,2026-05-22,01:35:00,4525.475,4526.235,4521.595,4522.715,0.1654
1779414000000,2026-05-22,01:40:00,4522.695,4527.515,4520.815,4524.915,0.2005
1779414300000,2026-05-22,01:45:00,4524.855,4528.995,4524.555,4527.655,0.1835
1779414600000,2026-05-22,01:50:00,4527.725,4531.655,4526.465,4527.195,0.1734
1779414900000,2026-05-22,01:55:00,4527.165,4527.555,4524.985,4526.135,0.1876
1779415200000,2026-05-22,02:00:00,4526.115,4528.385,4524.495,4526.735,0.1872
1779415500000,2026-05-22,02:05:00,4526.765,4526.875,4521.205,4525.865,0.1941
1779415800000,2026-05-22,02:10:00,4525.865,4529.305,4524.645,4527.405,0.1503
1779416100000,2026-05-22,02:15:00,4527.385,4528.855,4523.555,4523.675,0.0998
1779416400000,2026-05-22,02:20:00,4523.655,4525.695,4522.278,4523.955,0.1039
1779416700000,2026-05-22,02:25:00,4524.025,4525.195,4523.135,4524.355,0.0994
1779417000000,2026-05-22,02:30:00,4524.375,4524.375,4518.195,4519.665,0.1976
1779417300000,2026-05-22,02:35:00,4519.605,4522.275,4519.385,4521.555,0.1384
1779417600000,2026-05-22,02:40:00,4521.515,4524.335,4521.145,4522.445,0.135
1779417900000,2026-05-22,02:45:00,4522.445,4524.905,4521.745,4524.725,0.1335
1779418200000,2026-05-22,02:50:00,4524.745,4526.795,4521.625,4521.975,0.1314
1779418500000,2026-05-22,02:55:00,4521.925,4523.125,4519.205,4522.895,0.1357
1779418800000,2026-05-22,03:00:00,4522.945,4525.005,4521.305,4524.705,0.1625
1779419100000,2026-05-22,03:05:00,4524.735,4524.945,4520.875,4522.015,0.1392
1779419400000,2026-05-22,03:10:00,4521.998,4524.505,4520.265,4520.775,0.1081
1779419700000,2026-05-22,03:15:00,4520.885,4522.635,4519.785,4521.455,0.1277
1779420000000,2026-05-22,03:20:00,4521.495,4522.745,4519.785,4520.265,0.1227
1779420300000,2026-05-22,03:25:00,4520.295,4521.985,4518.838,4521.425,0.1176
1779420600000,2026-05-22,03:30:00,4521.395,4526.085,4521.395,4523.925,0.1712
1779420900000,2026-05-22,03:35:00,4523.885,4525.735,4522.745,4524.515,0.0689
1779421200000,2026-05-22,03:40:00,4524.425,4527.515,4523.375,4526.495,0.087
1779421500000,2026-05-22,03:45:00,4526.475,4529.895,4526.425,4529.065,0.1012
1779421800000,2026-05-22,03:50:00,4529.085,4529.315,4526.195,4527.385,0.0816
1779422100000,2026-05-22,03:55:00,4527.355,4529.515,4526.985,4529.255,0.0694
1779422400000,2026-05-22,04:00:00,4529.365,4529.975,4528.045,4528.405,0.0702
1779422700000,2026-05-22,04:05:00,4528.465,4530.065,4528.065,4528.245,0.0928
1779423000000,2026-05-22,04:10:00,4528.315,4529.765,4527.435,4528.935,0.0701
1779423300000,2026-05-22,04:15:00,4529.015,4529.885,4527.825,4527.925,0.0699
1779423600000,2026-05-22,04:20:00,4527.955,4529.125,4527.235,4527.945,0.0694
1779423900000,2026-05-22,04:25:00,4527.945,4532.885,4527.605,4532.005,0.0809
1779424200000,2026-05-22,04:30:00,4532.065,4532.485,4529.385,4529.785,0.1077
1779424500000,2026-05-22,04:35:00,4529.745,4530.045,4525.898,4526.265,0.1024
1779424800000,2026-05-22,04:40:00,4526.295,4529.115,4525.265,4528.795,0.0819
1779425100000,2026-05-22,04:45:00,4528.775,4529.195,4527.865,4528.105,0.068
1779425400000,2026-05-22,04:50:00,4528.085,4530.075,4527.885,4528.655,0.0693
1779425700000,2026-05-22,04:55:00,4528.705,4529.345,4526.755,4526.925,0.071
1779426000000,2026-05-22,05:00:00,4526.905,4529.585,4523.305,4525.375,0.1308
1779426300000,2026-05-22,05:05:00,4525.405,4527.485,4525.235,4526.285,0.094
1779426600000,2026-05-22,05:10:00,4526.315,4526.645,4524.815,4525.215,0.0828
1779426900000,2026-05-22,05:15:00,4525.215,4526.245,4523.065,4525.865,0.1003
1779427200000,2026-05-22,05:20:00,4525.835,4528.785,4525.395,4526.935,0.1077
1779427500000,2026-05-22,05:25:00,4526.985,4528.945,4525.575,4525.965,0.1052
1779427800000,2026-05-22,05:30:00,4525.885,4530.975,4524.708,4528.365,0.2168
1779428100000,2026-05-22,05:35:00,4528.435,4533.735,4527.855,4533.395,0.1805
1779428400000,2026-05-22,05:40:00,4533.445,4534.025,4531.088,4533.795,0.1794
1779428700000,2026-05-22,05:45:00,4533.925,4534.065,4530.815,4532.195,0.14
1779429000000,2026-05-22,05:50:00,4532.155,4533.815,4528.208,4528.565,0.1761
1779429300000,2026-05-22,05:55:00,4528.605,4528.665,4506.978,4511.005,0.3563
1779429600000,2026-05-22,06:00:00,4511.145,4519.275,4509.625,4518.625,0.3303
1779429900000,2026-05-22,06:05:00,4518.605,4522.965,4518.215,4522.475,0.2205
1779430200000,2026-05-22,06:10:00,4522.325,4524.265,4520.918,4521.295,0.1881
1779430500000,2026-05-22,06:15:00,4521.265,4522.625,4516.025,4518.415,0.2557
1779430800000,2026-05-22,06:20:00,4518.435,4525.295,4516.845,4522.455,0.1868
1779431100000,2026-05-22,06:25:00,4522.475,4526.035,4521.705,4524.985,0.1814
1779431400000,2026-05-22,06:30:00,4524.885,4527.275,4522.905,4525.525,0.1872
1779431700000,2026-05-22,06:35:00,4525.515,4526.755,4522.435,4522.775,0.1457
1779432000000,2026-05-22,06:40:00,4522.815,4526.355,4521.365,4526.315,0.36
1779432300000,2026-05-22,06:45:00,4526.315,4528.625,4524.815,4526.855,0.3739
1779432600000,2026-05-22,06:50:00,4526.815,4528.065,4523.455,4524.665,0.1471
1779432900000,2026-05-22,06:55:00,4524.735,4527.475,4524.595,4526.425,0.1829
1779433200000,2026-05-22,07:00:00,4526.465,4526.825,4522.678,4525.985,0.2222
1779433500000,2026-05-22,07:05:00,4525.995,4526.415,4522.665,4525.165,0.1964
1779433800000,2026-05-22,07:10:00,4525.165,4526.115,4521.135,4522.305,0.1924
1779434100000,2026-05-22,07:15:00,4522.325,4525.395,4522.045,4524.705,0.1828
1779434400000,2026-05-22,07:20:00,4524.825,4527.225,4524.375,4526.275,0.1459
1779434700000,2026-05-22,07:25:00,4526.275,4527.295,4524.215,4525.655,0.1736
1779435000000,2026-05-22,07:30:00,4525.725,4525.775,4521.075,4522.415,0.205
1779435300000,2026-05-22,07:35:00,4522.475,4523.285,4517.105,4517.125,0.1858
1779435600000,2026-05-22,07:40:00,4517.045,4520.745,4515.975,4519.655,0.178
1779435900000,2026-05-22,07:45:00,4519.635,4520.145,4517.385,4518.345,0.1586
1779436200000,2026-05-22,07:50:00,4518.275,4522.645,4517.595,4521.525,0.1803
1779436500000,2026-05-22,07:55:00,4521.525,4523.125,4520.985,4521.678,0.1334
1779436800000,2026-05-22,08:00:00,4522.115,4525.825,4521.415,4524.735,0.186
1779437100000,2026-05-22,08:05:00,4524.735,4527.475,4523.465,4526.815,0.1606
1779437400000,2026-05-22,08:10:00,4526.835,4529.795,4524.145,4524.575,0.1622
1779437700000,2026-05-22,08:15:00,4524.575,4528.565,4523.635,4527.885,0.2471
1779438000000,2026-05-22,08:20:00,4527.865,4530.995,4525.615,4527.845,0.2336
1779438300000,2026-05-22,08:25:00,4527.825,4528.675,4524.305,4526.705,0.1759
1779438600000,2026-05-22,08:30:00,4526.965,4527.305,4518.215,4519.855,0.1939
1779438900000,2026-05-22,08:35:00,4519.855,4523.895,4516.715,4521.715,0.2891
1779439200000,2026-05-22,08:40:00,4521.675,4522.835,4520.795,4522.245,0.1889
1779439500000,2026-05-22,08:45:00,4522.245,4523.995,4522.245,4522.505,0.1769
1779439800000,2026-05-22,08:50:00,4522.535,4524.855,4521.715,4523.855,0.1657
1779440100000,2026-05-22,08:55:00,4523.855,4524.005,4521.355,4521.695,0.1327
1779440400000,2026-05-22,09:00:00,4521.715,4524.735,4520.405,4523.785,0.1477
1779440700000,2026-05-22,09:05:00,4523.785,4525.435,4519.895,4522.045,0.1894
1779441000000,2026-05-22,09:10:00,4522.135,4523.045,4516.985,4517.055,0.1615
1779441300000,2026-05-22,09:15:00,4517.055,4519.315,4514.935,4518.505,0.2081
1779441600000,2026-05-22,09:20:00,4518.485,4519.605,4517.805,4519.145,0.1487
1779441900000,2026-05-22,09:25:00,4518.975,4520.465,4516.915,4517.555,0.1609
1779442200000,2026-05-22,09:30:00,4517.495,4519.275,4514.498,4519.255,0.1958
1779442500000,2026-05-22,09:35:00,4519.255,4524.335,4518.265,4524.225,0.1531
1779442800000,2026-05-22,09:40:00,4524.195,4525.865,4522.745,4525.085,0.1399
1779443100000,2026-05-22,09:45:00,4525.105,4528.665,4524.385,4528.235,0.1368
1779443400000,2026-05-22,09:50:00,4528.765,4535.785,4528.765,4532.995,0.1622
1779443700000,2026-05-22,09:55:00,4533.045,4535.273,4531.858,4531.915,0.18
1779444000000,2026-05-22,10:00:00,4532.055,4532.365,4529.275,4529.385,0.1345
1779444300000,2026-05-22,10:05:00,4529.365,4536.465,4529.345,4535.355,0.1407
1779444600000,2026-05-22,10:10:00,4535.295,4536.605,4533.645,4533.645,0.1388
1779444900000,2026-05-22,10:15:00,4533.935,4534.025,4531.235,4531.255,0.1379
1779445200000,2026-05-22,10:20:00,4531.315,4531.315,4527.555,4529.555,0.1192
1779445500000,2026-05-22,10:25:00,4529.635,4530.265,4524.288,4524.625,0.1436
1779445800000,2026-05-22,10:30:00,4524.585,4525.335,4518.555,4518.675,0.2009
1779446100000,2026-05-22,10:35:00,4518.745,4520.485,4514.295,4517.805,0.2332
1779446400000,2026-05-22,10:40:00,4517.785,4518.005,4512.085,4512.255,0.1799
1779446700000,2026-05-22,10:45:00,4512.188,4514.725,4509.995,4512.665,0.1705
1779447000000,2026-05-22,10:50:00,4512.665,4514.925,4512.215,4512.225,0.1582
1779447300000,2026-05-22,10:55:00,4512.355,4514.895,4511.655,4514.465,0.1515
1779447600000,2026-05-22,11:00:00,4514.215,4516.325,4513.595,4515.995,0.1562
1779447900000,2026-05-22,11:05:00,4515.985,4517.075,4515.175,4516.115,0.1312
1779448200000,2026-05-22,11:10:00,4516.075,4516.208,4513.665,4515.725,0.1549
1779448500000,2026-05-22,11:15:00,4515.755,4515.755,4511.735,4512.825,0.1552
1779448800000,2026-05-22,11:20:00,4512.795,4513.665,4511.995,4512.395,0.1473
1779449100000,2026-05-22,11:25:00,4512.395,4514.855,4511.715,4511.895,0.1196
1779449400000,2026-05-22,11:30:00,4511.835,4517.335,4511.295,4516.965,0.1469
1779449700000,2026-05-22,11:35:00,4516.968,4520.225,4516.488,4518.638,0.1518
1779450000000,2026-05-22,11:40:00,4518.615,4522.955,4516.915,4521.525,0.1804
1779450300000,2026-05-22,11:45:00,4521.655,4524.905,4520.965,4522.275,0.201
1779450600000,2026-05-22,11:50:00,4522.285,4523.905,4521.645,4522.985,0.1897
1779450900000,2026-05-22,11:55:00,4523.025,4523.375,4519.885,4520.485,0.1598
1779451200000,2026-05-22,12:00:00,4520.335,4522.135,4518.495,4521.235,0.2125
1779451500000,2026-05-22,12:05:00,4521.225,4523.005,4518.995,4519.785,0.1869
1779451800000,2026-05-22,12:10:00,4519.725,4529.845,4519.395,4529.135,0.2988
1779452100000,2026-05-22,12:15:00,4529.135,4535.935,4525.975,4533.035,0.3394
1779452400000,2026-05-22,12:20:00,4532.935,4534.055,4524.235,4527.175,0.35
1779452700000,2026-05-22,12:25:00,4527.125,4528.285,4520.915,4521.495,0.238
1779453000000,2026-05-22,12:30:00,4521.555,4523.555,4517.415,4517.895,0.2601
1779453300000,2026-05-22,12:35:00,4517.945,4518.605,4514.825,4517.695,0.2581
1779453600000,2026-05-22,12:40:00,4517.715,4519.595,4516.005,4518.535,0.253
1779453900000,2026-05-22,12:45:00,4518.475,4519.795,4517.295,4518.465,0.2273
1779454200000,2026-05-22,12:50:00,4518.465,4521.275,4518.215,4519.685,0.2224
1779454500000,2026-05-22,12:55:00,4519.715,4528.225,4518.855,4528.025,0.2177
1779454800000,2026-05-22,13:00:00,4528.711,4530.085,4520.545,4523.675,0.3531
1779455100000,2026-05-22,13:05:00,4523.685,4532.555,4522.605,4531.635,0.2726
1779455400000,2026-05-22,13:10:00,4531.795,4534.255,4526.855,4528.095,0.3657
1779455700000,2026-05-22,13:15:00,4527.975,4529.555,4525.345,4527.055,0.3116
1779456000000,2026-05-22,13:20:00,4527.055,4528.245,4523.148,4523.245,0.2215
1779456300000,2026-05-22,13:25:00,4523.265,4524.085,4521.055,4521.815,0.2713
1779456600000,2026-05-22,13:30:00,4521.405,4527.105,4519.675,4522.515,0.4227
1779456900000,2026-05-22,13:35:00,4522.545,4524.175,4518.065,4519.605,0.3314
1779457200000,2026-05-22,13:40:00,4519.645,4519.715,4510.595,4517.535,0.3484
1779457500000,2026-05-22,13:45:00,4517.305,4518.795,4510.175,4510.795,0.37
1779457800000,2026-05-22,13:50:00,4510.865,4517.525,4510.185,4516.905,0.3484
1779458100000,2026-05-22,13:55:00,4516.895,4516.895,4511.485,4513.245,0.2342
1779458400000,2026-05-22,14:00:00,4513.285,4513.285,4502.795,4507.615,0.4065
1779458700000,2026-05-22,14:05:00,4507.745,4510.565,4504.225,4509.835,0.3878
1779459000000,2026-05-22,14:10:00,4509.875,4510.795,4493.045,4497.485,0.3743
1779459300000,2026-05-22,14:15:00,4497.495,4500.345,4492.385,4497.955,0.3998
1779459600000,2026-05-22,14:20:00,4497.945,4499.445,4491.705,4494.525,0.3879
1779459900000,2026-05-22,14:25:00,4494.465,4499.905,4491.605,4498.845,0.3819
1779460200000,2026-05-22,14:30:00,4499.085,4502.165,4497.045,4500.845,0.3401
1779460500000,2026-05-22,14:35:00,4500.805,4504.085,4498.105,4500.295,0.3584
1779460800000,2026-05-22,14:40:00,4500.255,4505.905,4500.115,4504.275,0.2934
1779461100000,2026-05-22,14:45:00,4504.165,4507.185,4503.715,4503.775,0.2897
1779461400000,2026-05-22,14:50:00,4503.795,4504.535,4501.265,4503.605,0.254
1779461700000,2026-05-22,14:55:00,4503.525,4503.695,4500.155,4500.365,0.2691
1779462000000,2026-05-22,15:00:00,4500.445,4505.715,4500.115,4505.445,0.284
1779462300000,2026-05-22,15:05:00,4505.425,4511.055,4505.105,4511.025,0.2944
1779462600000,2026-05-22,15:10:00,4510.935,4511.765,4509.455,4510.915,0.2695
1779462900000,2026-05-22,15:15:00,4511.035,4516.465,4510.835,4515.665,0.2294
1779463200000,2026-05-22,15:20:00,4515.595,4515.735,4513.455,4514.265,0.2167
1779463500000,2026-05-22,15:25:00,4514.265,4519.205,4513.315,4519.205,0.2627
1779463800000,2026-05-22,15:30:00,4519.225,4522.085,4518.425,4519.065,0.2823
1779464100000,2026-05-22,15:35:00,4519.145,4521.585,4518.195,4520.515,0.231
1779464400000,2026-05-22,15:40:00,4520.515,4521.125,4517.135,4518.025,0.2215
1779464700000,2026-05-22,15:45:00,4518.075,4519.615,4514.445,4514.625,0.223
1779465000000,2026-05-22,15:50:00,4514.715,4517.955,4514.555,4516.725,0.1992
1779465300000,2026-05-22,15:55:00,4516.725,4521.755,4516.715,4519.895,0.2312
1779465600000,2026-05-22,16:00:00,4519.785,4520.225,4516.775,4518.855,0.2366
1779465900000,2026-05-22,16:05:00,4518.835,4519.375,4516.725,4517.695,0.1666
1779466200000,2026-05-22,16:10:00,4517.655,4519.795,4517.355,4519.205,0.1522
1779466500000,2026-05-22,16:15:00,4519.075,4519.155,4516.695,4516.835,0.1743
1779466800000,2026-05-22,16:20:00,4516.765,4520.495,4516.705,4520.155,0.197
1779467100000,2026-05-22,16:25:00,4520.165,4524.145,4520.055,4523.565,0.1918
1779467400000,2026-05-22,16:30:00,4523.565,4526.605,4521.505,4521.985,0.2138
1779467700000,2026-05-22,16:35:00,4521.965,4522.665,4518.545,4519.515,0.1696
1779468000000,2026-05-22,16:40:00,4519.515,4519.515,4513.185,4514.755,0.1982
1779468300000,2026-05-22,16:45:00,4514.755,4517.865,4513.305,4513.425,0.2009
1779468600000,2026-05-22,16:50:00,4513.485,4514.545,4512.275,4513.905,0.1761
1779468900000,2026-05-22,16:55:00,4513.875,4515.068,4512.135,4514.795,0.1682
1779469200000,2026-05-22,17:00:00,4514.885,4519.015,4514.695,4518.565,0.197
1779469500000,2026-05-22,17:05:00,4518.595,4520.005,4517.675,4519.825,0.1631
1779469800000,2026-05-22,17:10:00,4519.975,4520.915,4518.725,4519.115,0.1539
1779470100000,2026-05-22,17:15:00,4519.105,4519.915,4514.145,4514.675,0.1564
1779470400000,2026-05-22,17:20:00,4514.585,4516.625,4512.915,4515.915,0.2616
1779470700000,2026-05-22,17:25:00,4515.985,4525.745,4515.388,4525.235,0.3497
1779471000000,2026-05-22,17:30:00,4525.165,4527.698,4519.768,4519.815,0.5252
1779471300000,2026-05-22,17:35:00,4519.805,4523.855,4519.225,4523.465,0.25
1779471600000,2026-05-22,17:40:00,4523.465,4524.235,4522.005,4522.055,0.2104
1779471900000,2026-05-22,17:45:00,4522.165,4522.685,4520.695,4521.165,0.1744
1779472200000,2026-05-22,17:50:00,4521.155,4521.885,4518.835,4519.595,0.1972
1779472500000,2026-05-22,17:55:00,4519.695,4521.435,4518.495,4519.015,0.1522
1779472800000,2026-05-22,18:00:00,4519.095,4519.395,4511.605,4515.365,0.1769
1779473100000,2026-05-22,18:05:00,4515.515,4517.135,4513.935,4515.265,0.1889
1779473400000,2026-05-22,18:10:00,4515.355,4515.355,4512.508,4513.655,0.1704
1779473700000,2026-05-22,18:15:00,4513.655,4515.995,4512.225,4514.808,0.1644
1779474000000,2026-05-22,18:20:00,4514.795,4517.495,4514.725,4516.325,0.1258
1779474300000,2026-05-22,18:25:00,4516.355,4517.455,4515.055,4515.105,0.1516
1779474600000,2026-05-22,18:30:00,4515.065,4516.815,4513.698,4516.798,0.1332
1779474900000,2026-05-22,18:35:00,4516.798,4520.185,4514.478,4518.025,0.157
1779475200000,2026-05-22,18:40:00,4518.005,4518.425,4514.778,4514.895,0.1375
1779475500000,2026-05-22,18:45:00,4514.925,4515.775,4512.848,4512.905,0.1321
1779475800000,2026-05-22,18:50:00,4512.925,4515.705,4512.735,4515.125,0.1057
1779476100000,2026-05-22,18:55:00,4515.185,4515.705,4513.078,4515.065,0.1827
1779476400000,2026-05-22,19:00:00,4515.015,4515.715,4509.245,4510.445,0.1954
1779476700000,2026-05-22,19:05:00,4510.415,4510.925,4507.558,4508.428,0.1741
1779477000000,2026-05-22,19:10:00,4508.328,4509.645,4507.065,4507.098,0.1511
1779477300000,2026-05-22,19:15:00,4507.108,4508.925,4506.995,4508.698,0.1549
1779477600000,2026-05-22,19:20:00,4508.725,4508.768,4507.098,4507.588,0.1174
1779477900000,2026-05-22,19:25:00,4507.598,4508.415,4506.148,4506.885,0.1275
1779478200000,2026-05-22,19:30:00,4506.835,4508.175,4504.208,4507.908,0.1595
1779478500000,2026-05-22,19:35:00,4507.845,4509.605,4506.978,4509.178,0.1288
1779478800000,2026-05-22,19:40:00,4508.938,4510.655,4508.535,4509.405,0.125
1779479100000,2026-05-22,19:45:00,4509.525,4509.735,4506.758,4507.268,0.1319
1779479400000,2026-05-22,19:50:00,4507.335,4508.085,4506.478,4507.465,0.1539
1779479700000,2026-05-22,19:55:00,4507.475,4509.075,4507.035,4508.018,0.1979
1779480000000,2026-05-22,20:00:00,4508.035,4509.175,4504.655,4506.015,0.1284
1779480300000,2026-05-22,20:05:00,4505.928,4507.035,4505.208,4506.695,0.0499
1779480600000,2026-05-22,20:10:00,4506.725,4507.975,4506.155,4507.745,0.0452
1779480900000,2026-05-22,20:15:00,4507.805,4509.145,4506.655,4508.655,0.0495
1779481200000,2026-05-22,20:20:00,4508.625,4510.095,4508.575,4509.605,0.0406
1779481500000,2026-05-22,20:25:00,4509.605,4510.345,4508.045,4510.125,0.0451
1779481800000,2026-05-22,20:30:00,4510.085,4510.295,4505.775,4506.785,0.0739
1779482100000,2026-05-22,20:35:00,4506.795,4507.155,4505.455,4506.475,0.0374
1779482400000,2026-05-22,20:40:00,4506.445,4506.445,4503.958,4504.298,0.0706
1779482700000,2026-05-22,20:45:00,4504.298,4507.898,4503.698,4506.518,0.0843
1779483000000,2026-05-22,20:50:00,4506.525,4506.925,4504.618,4506.718,0.0732
1779483300000,2026-05-22,20:55:00,4506.718,4509.548,4506.255,4508.395,0.0595
1779660000000,2026-05-24,22:00:00,4535.098,4552.348,4532.885,4549.998,0.2395
1779660300000,2026-05-24,22:05:00,4550.048,4557.008,4549.075,4554.038,0.2528
1779660600000,2026-05-24,22:10:00,4554.048,4557.508,4551.738,4555.038,0.2661
1779660900000,2026-05-24,22:15:00,4555.048,4556.148,4548.788,4552.138,0.2259
1779661200000,2026-05-24,22:20:00,4552.228,4555.748,4551.818,4554.538,0.1597
1779661500000,2026-05-24,22:25:00,4554.538,4555.375,4550.965,4551.868,0.1583
1779661800000,2026-05-24,22:30:00,4551.868,4560.798,4551.398,4558.798,0.2007
1779662100000,2026-05-24,22:35:00,4558.798,4559.238,4556.808,4557.865,0.1605
1779662400000,2026-05-24,22:40:00,4557.865,4558.345,4556.365,4558.125,0.1309
1779662700000,2026-05-24,22:45:00,4558.105,4565.535,4557.828,4565.025,0.1644
1779663000000,2026-05-24,22:50:00,4564.978,4564.988,4561.908,4562.168,0.1334
1779663300000,2026-05-24,22:55:00,4562.168,4565.318,4561.658,4564.948,0.1061
1779663600000,2026-05-24,23:00:00,4564.948,4568.498,4564.485,4568.075,0.3011
1779663900000,2026-05-24,23:05:00,4568.025,4573.835,4567.435,4572.445,0.96
1779664200000,2026-05-24,23:10:00,4572.445,4576.205,4572.445,4574.338,0.2286
1779664500000,2026-05-24,23:15:00,4574.348,4577.368,4573.458,4574.068,0.125
1779664800000,2026-05-24,23:20:00,4574.148,4578.075,4573.895,4576.868,0.1071
1779665100000,2026-05-24,23:25:00,4576.868,4577.975,4573.688,4575.025,0.1307
1779665400000,2026-05-24,23:30:00,4575.025,4578.538,4574.835,4577.918,0.1306
1779665700000,2026-05-24,23:35:00,4577.918,4578.965,4577.338,4578.485,0.1522
1779666000000,2026-05-24,23:40:00,4578.468,4579.995,4577.098,4577.398,0.1511
1779666300000,2026-05-24,23:45:00,4577.398,4578.298,4575.428,4576.755,0.1445
1779666600000,2026-05-24,23:50:00,4576.725,4576.725,4573.838,4574.955,0.1096
1779666900000,2026-05-24,23:55:00,4574.678,4574.935,4565.435,4566.735,0.1335
1779667200000,2026-05-25,00:00:00,4566.765,4571.315,4565.905,4568.655,0.1684
1779667500000,2026-05-25,00:05:00,4568.588,4574.025,4568.045,4572.735,0.1443
1779667800000,2026-05-25,00:10:00,4572.738,4575.578,4570.195,4572.455,0.1604
1779668100000,2026-05-25,00:15:00,4572.495,4573.335,4569.755,4571.228,0.1216
1779668400000,2026-05-25,00:20:00,4571.075,4574.345,4569.685,4574.258,0.1249
1779668700000,2026-05-25,00:25:00,4574.345,4575.238,4569.808,4572.068,0.1475
1779669000000,2026-05-25,00:30:00,4572.068,4574.545,4571.655,4573.685,0.0965
1779669300000,2026-05-25,00:35:00,4573.705,4575.385,4572.038,4574.758,0.1084
1779669600000,2026-05-25,00:40:00,4574.758,4574.758,4570.655,4571.375,0.1023
1779669900000,2026-05-25,00:45:00,4571.415,4579.285,4570.725,4576.388,0.1447
1779670200000,2026-05-25,00:50:00,4576.435,4577.378,4571.335,4573.295,0.159
1779670500000,2026-05-25,00:55:00,4573.225,4574.185,4565.985,4569.238,0.2031
1779670800000,2026-05-25,01:00:00,4569.238,4576.135,4566.725,4568.085,0.2823
1779671100000,2026-05-25,01:05:00,4568.105,4569.608,4560.275,4561.855,0.2599
1779671400000,2026-05-25,01:10:00,4562.075,4566.655,4561.435,4565.535,0.1862
1779671700000,2026-05-25,01:15:00,4565.485,4566.215,4562.058,4566.165,0.2089
1779672000000,2026-05-25,01:20:00,4566.115,4572.875,4565.305,4571.145,0.1867
1779672300000,2026-05-25,01:25:00,4571.245,4575.175,4568.485,4573.165,0.1808
1779672600000,2026-05-25,01:30:00,4573.165,4574.505,4568.425,4568.678,0.2132
1779672900000,2026-05-25,01:35:00,4568.728,4571.578,4568.728,4570.298,0.2089
1779673200000,2026-05-25,01:40:00,4570.268,4570.948,4563.128,4563.298,0.2198
1779673500000,2026-05-25,01:45:00,4563.348,4564.685,4560.105,4563.565,0.1895
1779673800000,2026-05-25,01:50:00,4563.505,4567.065,4561.098,4566.285,0.1297
1779674100000,2026-05-25,01:55:00,4566.315,4566.745,4560.635,4562.625,0.1235
1779674400000,2026-05-25,02:00:00,4562.555,4565.155,4561.025,4562.265,0.1333
1779674700000,2026-05-25,02:05:00,4562.315,4568.095,4561.938,4567.365,0.1336
1779675000000,2026-05-25,02:10:00,4567.465,4567.885,4560.935,4561.765,0.1281
1779675300000,2026-05-25,02:15:00,4561.825,4562.275,4558.525,4561.425,0.1156
1779675600000,2026-05-25,02:20:00,4561.455,4563.045,4559.318,4562.308,0.0912
1779675900000,2026-05-25,02:25:00,4562.325,4562.825,4559.608,4562.625,0.079
1779676200000,2026-05-25,02:30:00,4563.015,4565.285,4561.375,4563.535,0.13
1779676500000,2026-05-25,02:35:00,4563.565,4565.485,4561.645,4565.115,0.1478
1779676800000,2026-05-25,02:40:00,4565.065,4569.395,4564.145,4569.275,0.1271
1779677100000,2026-05-25,02:45:00,4569.405,4569.995,4561.625,4563.165,0.151
1779677400000,2026-05-25,02:50:00,4563.185,4564.855,4561.715,4561.775,0.0912
1779677700000,2026-05-25,02:55:00,4561.705,4562.715,4559.165,4561.175,0.1328
1779678000000,2026-05-25,03:00:00,4561.235,4564.205,4560.805,4562.985,0.1498
1779678300000,2026-05-25,03:05:00,4562.945,4563.215,4560.125,4562.905,0.1184
1779678600000,2026-05-25,03:10:00,4562.985,4563.495,4561.278,4562.865,0.1125
1779678900000,2026-05-25,03:15:00,4563.005,4563.225,4561.405,4561.875,0.117
1779679200000,2026-05-25,03:20:00,4561.885,4564.188,4561.218,4561.275,0.1211
1779679500000,2026-05-25,03:25:00,4561.228,4561.815,4559.868,4560.385,0.1009
1779679800000,2026-05-25,03:30:00,4560.535,4562.195,4559.238,4561.285,0.1027
1779680100000,2026-05-25,03:35:00,4561.205,4564.005,4561.205,4562.515,0.1098
1779680400000,2026-05-25,03:40:00,4562.535,4562.605,4557.835,4558.225,0.0859
1779680700000,2026-05-25,03:45:00,4558.095,4558.955,4556.648,4558.265,0.0931
1779681000000,2026-05-25,03:50:00,4558.235,4559.765,4556.4,4559.498,0.089
1779681300000,2026-05-25,03:55:00,4559.425,4561.018,4559.055,4559.518,0.1065
1779681600000,2026-05-25,04:00:00,4559.518,4561.798,4559.128,4560.968,0.0918
1779681900000,2026-05-25,04:05:00,4560.968,4561.815,4560.408,4561.548,0.0725
1779682200000,2026-05-25,04:10:00,4561.348,4562.308,4559.715,4560.718,0.0825
1779682500000,2026-05-25,04:15:00,4560.718,4561.678,4559.698,4560.828,0.0662
1779682800000,2026-05-25,04:20:00,4560.838,4564.248,4560.745,4563.768,0.0961
1779683100000,2026-05-25,04:25:00,4563.768,4565.555,4563.668,4564.978,0.0747
1779683400000,2026-05-25,04:30:00,4564.978,4565.398,4559.828,4560.288,0.0979
1779683700000,2026-05-25,04:35:00,4560.315,4562.215,4559.198,4561.665,0.0792
1779684000000,2026-05-25,04:40:00,4561.645,4562.805,4560.485,4562.175,0.0522
1779684300000,2026-05-25,04:45:00,4562.195,4564.095,4561.968,4563.558,0.0396
1779684600000,2026-05-25,04:50:00,4563.558,4565.155,4562.958,4564.095,0.0553
1779684900000,2026-05-25,04:55:00,4564.095,4565.625,4563.935,4564.785,0.0712
1779685200000,2026-05-25,05:00:00,4564.715,4565.955,4562.695,4565.428,0.0859
1779685500000,2026-05-25,05:05:00,4565.428,4566.055,4564.155,4564.228,0.0577
1779685800000,2026-05-25,05:10:00,4564.228,4565.015,4562.588,4563.325,0.063
1779686100000,2026-05-25,05:15:00,4563.345,4563.425,4562.135,4562.645,0.055
1779686400000,2026-05-25,05:20:00,4562.695,4562.725,4556.035,4556.255,0.108
1779686700000,2026-05-25,05:25:00,4556.295,4556.775,4553.725,4553.865,0.0881
1779687000000,2026-05-25,05:30:00,4553.875,4559.535,4552.465,4557.565,0.1603
1779687300000,2026-05-25,05:35:00,4557.565,4560.485,4557.345,4559.705,0.1195
1779687600000,2026-05-25,05:40:00,4559.785,4560.865,4554.955,4556.835,0.1045
1779687900000,2026-05-25,05:45:00,4556.835,4557.665,4554.048,4554.375,0.0983
1779688200000,2026-05-25,05:50:00,4554.435,4554.865,4551.598,4553.695,0.1069
1779688500000,2026-05-25,05:55:00,4553.725,4555.375,4552.575,4553.145,0.1295
1779688800000,2026-05-25,06:00:00,4553.185,4555.695,4552.305,4552.895,0.1469
1779689100000,2026-05-25,06:05:00,4552.925,4553.495,4550.315,4551.935,0.1039
1779689400000,2026-05-25,06:10:00,4551.905,4554.165,4551.265,4553.625,0.082
1779689700000,2026-05-25,06:15:00,4553.595,4555.205,4552.295,4554.345,0.079
1779690000000,2026-05-25,06:20:00,4554.365,4556.695,4552.025,4556.295,0.0913
1779690300000,2026-05-25,06:25:00,4556.275,4557.105,4553.705,4553.975,0.0872
1779690600000,2026-05-25,06:30:00,4554.195,4555.965,4553.275,4555.005,0.0883
1779690900000,2026-05-25,06:35:00,4555.055,4557.225,4554.565,4555.205,0.092
1779691200000,2026-05-25,06:40:00,4555.185,4557.125,4554.975,4556.245,0.0773
1779691500000,2026-05-25,06:45:00,4556.265,4559.185,4556.005,4557.545,0.1042
1779691800000,2026-05-25,06:50:00,4557.705,4559.185,4556.215,4558.385,0.1162
1779692100000,2026-05-25,06:55:00,4558.365,4563.155,4558.335,4562.315,0.1853
1779692400000,2026-05-25,07:00:00,4562.355,4564.675,4561.025,4563.795,0.1811
1779692700000,2026-05-25,07:05:00,4563.775,4564.345,4561.105,4561.755,0.1015
1779693000000,2026-05-25,07:10:00,4561.748,4564.235,4560.585,4560.585,0.0867
1779693300000,2026-05-25,07:15:00,4560.548,4561.035,4552.875,4555.175,0.1497
1779693600000,2026-05-25,07:20:00,4555.205,4555.915,4552.245,4555.395,0.1848
1779693900000,2026-05-25,07:25:00,4555.425,4556.805,4553.858,4554.115,0.119
1779694200000,2026-05-25,07:30:00,4554.135,4561.495,4553.888,4558.825,0.1544
1779694500000,2026-05-25,07:35:00,4558.775,4559.735,4556.958,4558.548,0.0895
1779694800000,2026-05-25,07:40:00,4558.615,4561.045,4558.385,4559.695,0.0718
1779695100000,2026-05-25,07:45:00,4559.675,4562.085,4558.375,4562.055,0.0704
1779695400000,2026-05-25,07:50:00,4562.035,4565.095,4561.585,4563.665,0.0767
1779695700000,2026-05-25,07:55:00,4563.685,4565.025,4563.015,4564.525,0.0704
1779696000000,2026-05-25,08:00:00,4564.535,4564.898,4562.405,4562.525,0.089
1779696300000,2026-05-25,08:05:00,4562.625,4563.025,4559.498,4561.105,0.0954
1779696600000,2026-05-25,08:10:00,4561.135,4561.745,4559.225,4560.768,0.0662
1779696900000,2026-05-25,08:15:00,4560.805,4561.038,4559.265,4560.588,0.0653
1779697200000,2026-05-25,08:20:00,4560.595,4561.008,4555.005,4555.065,0.111
1779697500000,2026-05-25,08:25:00,4555.068,4555.885,4553.535,4554.785,0.1479
1779697800000,2026-05-25,08:30:00,4555.015,4557.895,4554.085,4556.815,0.0744
1779698100000,2026-05-25,08:35:00,4556.785,4557.868,4554.748,4555.975,0.0859
1779698400000,2026-05-25,08:40:00,4555.935,4556.325,4553.205,4554.438,0.0809
1779698700000,2026-05-25,08:45:00,4554.488,4555.125,4553.298,4554.365,0.0927
1779699000000,2026-05-25,08:50:00,4554.378,4556.198,4554.135,4555.918,0.0944
1779699300000,2026-05-25,08:55:00,4555.818,4556.418,4555.455,4555.948,0.0608
1779699600000,2026-05-25,09:00:00,4555.825,4558.498,4555.448,4557.098,0.0689
1779699900000,2026-05-25,09:05:00,4557.045,4557.208,4554.718,4554.808,0.065
1779700200000,2026-05-25,09:10:00,4554.808,4557.048,4554.665,4555.328,0.07
1779700500000,2026-05-25,09:15:00,4555.328,4557.215,4555.315,4556.348,0.0612
1779700800000,2026-05-25,09:20:00,4556.348,4556.538,4555.278,4556.338,0.0633
1779701100000,2026-05-25,09:25:00,4556.328,4558.805,4556.228,4558.778,0.0623
1779701400000,2026-05-25,09:30:00,4558.778,4565.085,4558.305,4564.995,0.0912
1779701700000,2026-05-25,09:35:00,4564.975,4565.575,4562.855,4564.545,0.1037
1779702000000,2026-05-25,09:40:00,4564.675,4565.935,4563.505,4565.605,0.0599
1779702300000,2026-05-25,09:45:00,4565.575,4566.615,4564.525,4566.325,0.059
1779702600000,2026-05-25,09:50:00,4566.305,4568.285,4566.078,4566.995,0.0687
1779702900000,2026-05-25,09:55:00,4566.958,4568.975,4566.558,4567.398,0.0628
1779703200000,2026-05-25,10:00:00,4567.455,4569.705,4567.435,4568.795,0.0468
1779703500000,2026-05-25,10:05:00,4568.815,4570.845,4568.635,4570.835,0.0487
1779703800000,2026-05-25,10:10:00,4570.808,4572.285,4569.755,4571.825,0.0838
1779704100000,2026-05-25,10:15:00,4571.895,4573.585,4571.085,4572.695,0.0576
1779704400000,2026-05-25,10:20:00,4572.715,4572.815,4570.878,4572.168,0.0513
1779704700000,2026-05-25,10:25:00,4572.168,4572.235,4569.725,4570.715,0.0617
1779705000000,2026-05-25,10:30:00,4570.755,4573.055,4569.855,4572.435,0.0524
1779705300000,2026-05-25,10:35:00,4572.465,4572.465,4570.398,4570.688,0.0592
1779705600000,2026-05-25,10:40:00,4570.688,4570.758,4568.248,4569.965,0.0948
1779705900000,2026-05-25,10:45:00,4570.035,4572.175,4569.925,4570.238,0.0552
1779706200000,2026-05-25,10:50:00,4570.238,4570.248,4569.045,4569.785,0.0515
1779706500000,2026-05-25,10:55:00,4569.745,4570.095,4568.275,4568.415,0.0353
1779706800000,2026-05-25,11:00:00,4568.665,4568.665,4567.698,4568.278,0.0407
1779707100000,2026-05-25,11:05:00,4568.335,4568.478,4567.395,4568.105,0.0414
1779707400000,2026-05-25,11:10:00,4568.145,4572.265,4568.095,4571.955,0.0344
1779707700000,2026-05-25,11:15:00,4571.975,4575.205,4571.685,4574.725,0.0658
1779708000000,2026-05-25,11:20:00,4574.915,4574.915,4571.605,4571.715,0.051
1779708300000,2026-05-25,11:25:00,4571.695,4571.695,4569.295,4571.485,0.0469
1779708600000,2026-05-25,11:30:00,4571.435,4574.335,4571.435,4573.085,0.0725
1779708900000,2026-05-25,11:35:00,4572.968,4576.075,4572.605,4575.815,0.0564
1779709200000,2026-05-25,11:40:00,4575.865,4575.985,4573.725,4574.305,0.0505
1779709500000,2026-05-25,11:45:00,4574.325,4576.865,4570.995,4570.995,0.0879
1779709800000,2026-05-25,11:50:00,4571.045,4571.775,4570.165,4570.445,0.0522
1779710100000,2026-05-25,11:55:00,4570.555,4570.985,4569.065,4569.215,0.0603
1779710400000,2026-05-25,12:00:00,4569.188,4569.215,4563.518,4564.275,0.1309
1779710700000,2026-05-25,12:05:00,4564.268,4564.305,4556.848,4560.175,0.1461
1779711000000,2026-05-25,12:10:00,4560.085,4561.075,4555.935,4556.125,0.1233
1779711300000,2026-05-25,12:15:00,4556.035,4556.705,4553.605,4553.895,0.1107
1779711600000,2026-05-25,12:20:00,4553.815,4557.015,4552.738,4556.215,0.1329
1779711900000,2026-05-25,12:25:00,4556.155,4560.765,4555.965,4560.445,0.1117
1779712200000,2026-05-25,12:30:00,4560.475,4563.995,4559.715,4563.975,0.1009
1779712500000,2026-05-25,12:35:00,4563.985,4570.115,4563.205,4568.675,0.1167
1779712800000,2026-05-25,12:40:00,4568.655,4569.115,4566.215,4566.245,0.0882
1779713100000,2026-05-25,12:45:00,4566.315,4568.035,4564.005,4566.035,0.0984
1779713400000,2026-05-25,12:50:00,4566.015,4567.055,4565.675,4566.535,0.063
1779713700000,2026-05-25,12:55:00,4566.538,4568.505,4566.405,4567.445,0.0718
1779714000000,2026-05-25,13:00:00,4567.415,4567.555,4561.365,4564.395,0.184
1779714300000,2026-05-25,13:05:00,4564.435,4571.285,4564.285,4568.245,0.1493
1779714600000,2026-05-25,13:10:00,4568.285,4568.385,4562.405,4564.235,0.1218
1779714900000,2026-05-25,13:15:00,4564.225,4564.245,4560.335,4561.785,0.1082
1779715200000,2026-05-25,13:20:00,4561.815,4564.305,4561.675,4563.355,0.0871
1779715500000,2026-05-25,13:25:00,4563.355,4563.615,4560.758,4561.678,0.0912
1779715800000,2026-05-25,13:30:00,4561.695,4564.175,4561.298,4563.945,0.1265
1779716100000,2026-05-25,13:35:00,4563.975,4565.328,4562.825,4564.068,0.1225
1779716400000,2026-05-25,13:40:00,4564.075,4565.335,4563.585,4564.895,0.1116
1779716700000,2026-05-25,13:45:00,4564.915,4565.145,4559.855,4561.355,0.1062
1779717000000,2026-05-25,13:50:00,4561.405,4563.258,4560.578,4563.195,0.0864
1779717300000,2026-05-25,13:55:00,4563.245,4564.775,4562.798,4562.918,0.1063
1779717600000,2026-05-25,14:00:00,4562.785,4567.128,4562.115,4566.798,0.1264
1779717900000,2026-05-25,14:05:00,4566.808,4569.685,4566.808,4569.458,0.1419
1779718200000,2026-05-25,14:10:00,4569.448,4569.825,4566.835,4567.585,0.0967
1779718500000,2026-05-25,14:15:00,4567.565,4568.775,4567.335,4568.195,0.0708
1779718800000,2026-05-25,14:20:00,4568.275,4570.035,4567.565,4569.995,0.0776
1779719100000,2026-05-25,14:25:00,4570.015,4570.435,4567.238,4567.695,0.066
1779719400000,2026-05-25,14:30:00,4567.725,4568.135,4564.935,4567.678,0.0982
1779719700000,2026-05-25,14:35:00,4567.655,4568.345,4566.088,4567.365,0.0761
1779720000000,2026-05-25,14:40:00,4567.475,4568.288,4566.318,4566.805,0.0687
1779720300000,2026-05-25,14:45:00,4566.845,4568.225,4566.148,4568.035,0.082
1779720600000,2026-05-25,14:50:00,4568.195,4568.775,4565.515,4565.708,0.0798
1779720900000,2026-05-25,14:55:00,4565.715,4566.795,4565.185,4566.615,0.0842
1779721200000,2026-05-25,15:00:00,4566.615,4569.055,4566.395,4568.055,0.0822
1779721500000,2026-05-25,15:05:00,4568.035,4568.035,4565.468,4566.485,0.0718
1779721800000,2026-05-25,15:10:00,4566.468,4573.245,4565.845,4569.828,0.2192
1779722100000,2026-05-25,15:15:00,4569.888,4570.685,4567.818,4570.255,0.1056
1779722400000,2026-05-25,15:20:00,4570.275,4573.305,4570.105,4572.805,0.0839
1779722700000,2026-05-25,15:25:00,4572.798,4574.638,4571.445,4573.225,0.1126
1779723000000,2026-05-25,15:30:00,4573.255,4573.355,4569.998,4570.798,0.0797
1779723300000,2026-05-25,15:35:00,4570.835,4571.015,4566.615,4568.555,0.0821
1779723600000,2026-05-25,15:40:00,4568.495,4569.325,4567.678,4568.825,0.0461
1779723900000,2026-05-25,15:45:00,4568.795,4570.385,4568.595,4570.165,0.0374
1779724200000,2026-05-25,15:50:00,4570.168,4572.235,4570.075,4571.668,0.0434
1779724500000,2026-05-25,15:55:00,4571.678,4572.568,4570.478,4570.715,0.0473
1779724800000,2026-05-25,16:00:00,4570.725,4570.868,4568.425,4569.278,0.0652
1779725100000,2026-05-25,16:05:00,4569.085,4569.898,4568.818,4569.298,0.0449
1779725400000,2026-05-25,16:10:00,4569.288,4570.568,4569.175,4570.378,0.0496
1779725700000,2026-05-25,16:15:00,4570.378,4570.528,4568.505,4568.658,0.0357
1779726000000,2026-05-25,16:20:00,4568.558,4570.185,4568.558,4569.465,0.0379
1779726300000,2026-05-25,16:25:00,4569.495,4570.065,4567.948,4568.048,0.0337
1779726600000,2026-05-25,16:30:00,4567.905,4569.905,4567.828,4569.905,0.0636
1779726900000,2026-05-25,16:35:00,4569.865,4570.988,4569.588,4570.908,0.0415
1779727200000,2026-05-25,16:40:00,4570.815,4572.285,4570.295,4571.985,0.0513
1779727500000,2026-05-25,16:45:00,4571.955,4573.205,4571.605,4572.845,0.0398
1779727800000,2026-05-25,16:50:00,4572.785,4574.445,4570.725,4570.815,0.0638
1779728100000,2026-05-25,16:55:00,4570.785,4573.325,4570.785,4573.305,0.0477
1779728400000,2026-05-25,17:00:00,4573.145,4576.435,4573.145,4575.495,0.0506
1779728700000,2026-05-25,17:05:00,4575.425,4575.995,4574.165,4575.775,0.0462
1779729000000,2026-05-25,17:10:00,4575.805,4577.845,4573.545,4573.895,0.0748
1779729300000,2026-05-25,17:15:00,4574.095,4574.435,4573.405,4573.625,0.0335
1779729600000,2026-05-25,17:20:00,4573.585,4573.585,4571.035,4571.225,0.0285
1779729900000,2026-05-25,17:25:00,4571.205,4571.335,4570.165,4571.195,0.028
1779730200000,2026-05-25,17:30:00,4571.155,4571.185,4569.438,4569.465,0.0249
1779730500000,2026-05-25,17:35:00,4569.395,4569.585,4567.455,4567.525,0.0285
1779730800000,2026-05-25,17:40:00,4567.505,4567.875,4566.075,4566.395,0.0529
1779731100000,2026-05-25,17:45:00,4566.405,4566.405,4563.055,4564.845,0.0794
1779731400000,2026-05-25,17:50:00,4564.865,4565.065,4563.438,4564.245,0.0311
1779731700000,2026-05-25,17:55:00,4564.275,4565.415,4563.665,4564.795,0.0274
1779732000000,2026-05-25,18:00:00,4564.815,4569.045,4564.055,4569.035,0.0492
1779732300000,2026-05-25,18:05:00,4568.985,4571.415,4567.915,4570.175,0.0426
1779732600000,2026-05-25,18:10:00,4570.205,4570.605,4567.955,4569.105,0.0324
1779732900000,2026-05-25,18:15:00,4569.085,4570.135,4568.765,4568.855,0.016
1779733200000,2026-05-25,18:20:00,4568.835,4570.655,4567.395,4567.645,0.0236
1779733500000,2026-05-25,18:25:00,4567.525,4569.805,4567.345,4569.675,0.0133
1779746400000,2026-05-25,22:00:00,4568.898,4573.005,4568.898,4570.815,0.091
1779746700000,2026-05-25,22:05:00,4570.785,4572.645,4570.465,4572.345,0.0408
1779747000000,2026-05-25,22:10:00,4572.485,4573.825,4571.935,4573.205,0.0366
1779747300000,2026-05-25,22:15:00,4573.145,4575.025,4572.935,4573.685,0.0384
1779747600000,2026-05-25,22:20:00,4573.705,4574.965,4572.715,4574.945,0.0337
1779747900000,2026-05-25,22:25:00,4574.905,4575.345,4572.598,4572.965,0.0454
1779748200000,2026-05-25,22:30:00,4572.855,4573.055,4570.825,4570.825,0.067
1779748500000,2026-05-25,22:35:00,4570.795,4573.495,4569.405,4572.715,0.0584
1779748800000,2026-05-25,22:40:00,4572.755,4574.995,4571.695,4573.745,0.055
1779749100000,2026-05-25,22:45:00,4573.715,4575.125,4573.408,4573.655,0.0486
1779749400000,2026-05-25,22:50:00,4573.675,4576.355,4573.645,4576.115,0.0304
1779749700000,2026-05-25,22:55:00,4576.205,4576.425,4573.848,4574.638,0.0804
1779750000000,2026-05-25,23:00:00,4574.405,4576.198,4573.505,4573.778,0.1079
1779750300000,2026-05-25,23:05:00,4573.778,4576.368,4573.318,4575.958,0.0754
1779750600000,2026-05-25,23:10:00,4575.958,4579.035,4575.265,4578.985,0.0864
1779750900000,2026-05-25,23:15:00,4578.955,4580.225,4576.985,4577.245,0.0844
1779751200000,2026-05-25,23:20:00,4577.385,4577.905,4572.698,4573.755,0.0674
1779751500000,2026-05-25,23:25:00,4573.738,4573.895,4566.965,4568.095,0.0767
1779751800000,2026-05-25,23:30:00,4568.065,4568.355,4560.138,4560.628,0.1204
1779752100000,2026-05-25,23:35:00,4560.395,4562.295,4555.005,4561.365,0.1551
1779752400000,2026-05-25,23:40:00,4561.415,4562.115,4554.835,4556.305,0.1038
1779752700000,2026-05-25,23:45:00,4556.345,4561.035,4556.345,4559.215,0.1085
1779753000000,2026-05-25,23:50:00,4559.125,4562.795,4558.385,4562.635,0.0788
1779753300000,2026-05-25,23:55:00,4562.665,4562.695,4559.015,4559.425,0.077
1779753600000,2026-05-26,00:00:00,4559.555,4559.895,4548.875,4550.385,0.264
1779753900000,2026-05-26,00:05:00,4550.368,4552.288,4548.465,4549.425,0.2335
1779754200000,2026-05-26,00:10:00,4549.465,4552.955,4547.955,4552.005,0.1878
1779754500000,2026-05-26,00:15:00,4551.965,4553.175,4540.885,4545.775,0.2008
1779754800000,2026-05-26,00:20:00,4545.755,4546.875,4541.175,4544.485,0.1545
1779755100000,2026-05-26,00:25:00,4544.545,4550.315,4543.835,4548.935,0.1133
1779755400000,2026-05-26,00:30:00,4548.995,4552.795,4548.945,4551.498,0.1094
1779755700000,2026-05-26,00:35:00,4551.498,4551.945,4545.915,4546.995,0.1106
1779756000000,2026-05-26,00:40:00,4547.055,4549.455,4543.068,4547.935,0.1286
1779756300000,2026-05-26,00:45:00,4547.735,4551.325,4544.398,4544.655,0.1215
1779756600000,2026-05-26,00:50:00,4544.628,4546.025,4539.135,4541.995,0.1782
1779756900000,2026-05-26,00:55:00,4541.975,4549.945,4541.975,4549.365,0.1157
1779757200000,2026-05-26,01:00:00,4549.395,4550.075,4542.015,4542.455,0.2533
1779757500000,2026-05-26,01:05:00,4542.315,4547.125,4542.185,4545.575,0.1829
1779757800000,2026-05-26,01:10:00,4545.585,4549.135,4545.425,4548.495,0.2524
1779758100000,2026-05-26,01:15:00,4548.405,4549.055,4545.435,4546.615,0.2069
1779758400000,2026-05-26,01:20:00,4546.655,4547.895,4541.515,4543.735,0.2345
1779758700000,2026-05-26,01:25:00,4543.715,4546.205,4542.785,4543.595,0.2216
1779759000000,2026-05-26,01:30:00,4543.635,4544.055,4537.095,4538.785,0.3084
1779759300000,2026-05-26,01:35:00,4538.725,4539.165,4527.395,4529.855,0.2905
1779759600000,2026-05-26,01:40:00,4529.815,4532.765,4527.815,4532.065,0.3406
1779759900000,2026-05-26,01:45:00,4532.085,4535.025,4531.225,4533.105,0.2611
1779760200000,2026-05-26,01:50:00,4533.195,4536.075,4531.255,4534.915,0.2096
1779760500000,2026-05-26,01:55:00,4534.755,4537.205,4534.485,4536.785,0.1993
1779760800000,2026-05-26,02:00:00,4536.675,4537.935,4535.295,4536.325,0.1896
1779761100000,2026-05-26,02:05:00,4536.245,4538.775,4535.225,4538.365,0.1491
1779761400000,2026-05-26,02:10:00,4538.345,4539.435,4536.798,4538.415,0.141
1779761700000,2026-05-26,02:15:00,4538.555,4539.085,4536.355,4538.225,0.1046
1779762000000,2026-05-26,02:20:00,4538.225,4538.405,4536.315,4538.165,0.1148
1779762300000,2026-05-26,02:25:00,4538.195,4538.865,4536.185,4536.625,0.1128
1779762600000,2026-05-26,02:30:00,4536.695,4537.065,4533.428,4534.545,0.178
1779762900000,2026-05-26,02:35:00,4534.485,4538.425,4533.925,4537.275,0.1607
1779763200000,2026-05-26,02:40:00,4537.295,4538.455,4533.295,4533.725,0.1566
1779763500000,2026-05-26,02:45:00,4533.725,4533.865,4531.015,4532.375,0.1586
1779763800000,2026-05-26,02:50:00,4532.365,4533.465,4529.805,4532.165,0.1441
1779764100000,2026-05-26,02:55:00,4532.215,4534.575,4532.055,4532.105,0.1318
1779764400000,2026-05-26,03:00:00,4532.115,4536.205,4531.855,4533.495,0.1425
1779764700000,2026-05-26,03:05:00,4533.465,4536.275,4533.405,4535.595,0.1201
1779765000000,2026-05-26,03:10:00,4535.585,4538.195,4534.755,4536.915,0.1277
1779765300000,2026-05-26,03:15:00,4536.945,4538.985,4536.615,4538.315,0.1259
1779765600000,2026-05-26,03:20:00,4538.385,4543.575,4538.045,4541.765,0.1568
1779765900000,2026-05-26,03:25:00,4541.765,4543.105,4541.065,4541.985,0.1177
1779766200000,2026-05-26,03:30:00,4542.075,4544.255,4541.535,4544.255,0.098
1779766500000,2026-05-26,03:35:00,4544.255,4545.315,4542.865,4543.155,0.0883
1779766800000,2026-05-26,03:40:00,4543.145,4544.135,4540.715,4541.325,0.0983
1779767100000,2026-05-26,03:45:00,4541.325,4542.445,4540.565,4541.775,0.065
1779767400000,2026-05-26,03:50:00,4541.755,4543.665,4541.445,4542.565,0.0773
1779767700000,2026-05-26,03:55:00,4542.555,4543.015,4541.145,4542.245,0.0518
1779768000000,2026-05-26,04:00:00,4542.245,4543.095,4540.375,4540.375,0.0628
1779768300000,2026-05-26,04:05:00,4540.445,4540.595,4538.745,4539.035,0.0794
1779768600000,2026-05-26,04:10:00,4539.035,4539.675,4535.805,4537.025,0.1048
1779768900000,2026-05-26,04:15:00,4537.065,4539.365,4536.195,4537.895,0.0956
1779769200000,2026-05-26,04:20:00,4537.965,4538.345,4535.055,4535.275,0.0585
1779769500000,2026-05-26,04:25:00,4535.235,4535.415,4532.325,4532.325,0.0854
1779769800000,2026-05-26,04:30:00,4532.325,4533.035,4529.445,4530.035,0.1396
1779770100000,2026-05-26,04:35:00,4530.035,4530.665,4525.615,4527.575,0.117
1779770400000,2026-05-26,04:40:00,4527.615,4529.085,4525.015,4526.075,0.0909
1779770700000,2026-05-26,04:45:00,4526.035,4527.715,4524.585,4527.375,0.1135
1779771000000,2026-05-26,04:50:00,4527.335,4528.965,4526.085,4527.495,0.0923
1779771300000,2026-05-26,04:55:00,4527.625,4527.645,4523.245,4525.275,0.1186
1779771600000,2026-05-26,05:00:00,4525.185,4529.105,4522.735,4528.615,0.1767
1779771900000,2026-05-26,05:05:00,4528.615,4530.465,4526.115,4530.315,0.1323
1779772200000,2026-05-26,05:10:00,4530.315,4531.315,4528.825,4529.215,0.124
1779772500000,2026-05-26,05:15:00,4529.168,4531.225,4528.895,4529.135,0.102
1779772800000,2026-05-26,05:20:00,4529.105,4531.175,4528.735,4529.805,0.0884
1779773100000,2026-05-26,05:25:00,4529.755,4531.285,4528.575,4531.145,0.0874
1779773400000,2026-05-26,05:30:00,4531.145,4533.725,4530.055,4533.365,0.2084
1779773700000,2026-05-26,05:35:00,4533.405,4535.025,4532.185,4532.465,0.1917
1779774000000,2026-05-26,05:40:00,4532.485,4532.815,4527.865,4529.645,0.2159
1779774300000,2026-05-26,05:45:00,4529.625,4529.865,4526.155,4527.695,0.2088
1779774600000,2026-05-26,05:50:00,4527.735,4528.115,4523.435,4526.865,0.2574
1779774900000,2026-05-26,05:55:00,4526.855,4528.595,4524.755,4527.045,0.1685
1779775200000,2026-05-26,06:00:00,4527.025,4531.375,4526.815,4530.955,0.1973
1779775500000,2026-05-26,06:05:00,4530.905,4532.095,4530.035,4530.845,0.179
1779775800000,2026-05-26,06:10:00,4530.855,4532.665,4528.835,4531.525,0.1795
1779776100000,2026-05-26,06:15:00,4531.525,4531.965,4529.145,4530.705,0.1373
1779776400000,2026-05-26,06:20:00,4530.745,4534.615,4529.945,4533.815,0.1637
1779776700000,2026-05-26,06:25:00,4533.815,4536.025,4528.175,4530.135,0.2086
1779777000000,2026-05-26,06:30:00,4530.165,4531.235,4528.525,4530.595,0.187
1779777300000,2026-05-26,06:35:00,4530.535,4533.175,4530.535,4531.545,0.1773
1779777600000,2026-05-26,06:40:00,4531.545,4533.865,4531.135,4533.685,0.1445
1779777900000,2026-05-26,06:45:00,4533.685,4533.885,4528.575,4529.515,0.1625
1779778200000,2026-05-26,06:50:00,4529.405,4531.405,4528.325,4531.285,0.1551
1779778500000,2026-05-26,06:55:00,4531.255,4533.445,4530.265,4530.775,0.1042
1779778800000,2026-05-26,07:00:00,4530.805,4533.395,4529.005,4531.475,0.21
1779779100000,2026-05-26,07:05:00,4531.445,4533.885,4527.485,4527.535,0.2314
1779779400000,2026-05-26,07:10:00,4527.335,4530.365,4525.795,4528.465,0.1965
1779779700000,2026-05-26,07:15:00,4528.405,4528.465,4521.978,4526.695,0.2208
1779780000000,2026-05-26,07:20:00,4526.695,4530.155,4524.935,4530.015,0.1751
1779780300000,2026-05-26,07:25:00,4530.015,4531.085,4528.705,4529.525,0.1508
1779780600000,2026-05-26,07:30:00,4529.605,4529.795,4522.925,4525.875,0.2484
1779780900000,2026-05-26,07:35:00,4525.875,4526.285,4521.485,4522.995,0.2211
1779781200000,2026-05-26,07:40:00,4522.925,4527.445,4521.825,4526.545,0.1964
1779781500000,2026-05-26,07:45:00,4526.565,4533.295,4525.075,4533.225,0.1987
1779781800000,2026-05-26,07:50:00,4533.195,4535.305,4531.425,4531.505,0.194
1779782100000,2026-05-26,07:55:00,4531.485,4538.955,4531.485,4538.095,0.2327
1779782400000,2026-05-26,08:00:00,4538.095,4538.868,4535.085,4535.598,0.205
1779782700000,2026-05-26,08:05:00,4535.598,4535.905,4532.518,4532.835,0.1523
1779783000000,2026-05-26,08:10:00,4532.855,4533.405,4526.965,4527.425,0.1679
1779783300000,2026-05-26,08:15:00,4527.415,4529.755,4527.275,4529.445,0.1479
1779783600000,2026-05-26,08:20:00,4529.495,4529.805,4526.045,4526.965,0.1499
1779783900000,2026-05-26,08:25:00,4527.005,4527.825,4520.325,4522.195,0.2133
1779784200000,2026-05-26,08:30:00,4522.055,4523.035,4519.815,4521.255,0.203
1779784500000,2026-05-26,08:35:00,4521.225,4523.605,4520.225,4522.135,0.1769
1779784800000,2026-05-26,08:40:00,4522.165,4526.265,4521.655,4525.365,0.1576
1779785100000,2026-05-26,08:45:00,4525.365,4527.285,4521.255,4522.135,0.1454
1779785400000,2026-05-26,08:50:00,4522.165,4525.145,4520.055,4524.105,0.1502
1779785700000,2026-05-26,08:55:00,4524.145,4524.255,4522.025,4523.625,0.1505
1779786000000,2026-05-26,09:00:00,4523.625,4524.535,4522.405,4524.405,0.1882
1779786300000,2026-05-26,09:05:00,4524.345,4524.905,4522.035,4523.235,0.161
1779786600000,2026-05-26,09:10:00,4523.235,4523.485,4519.145,4520.395,0.1346
1779786900000,2026-05-26,09:15:00,4520.355,4525.505,4518.095,4524.665,0.2025
1779787200000,2026-05-26,09:20:00,4524.725,4525.425,4520.645,4522.005,0.1884
1779787500000,2026-05-26,09:25:00,4521.985,4526.305,4521.525,4524.665,0.1727
1779787800000,2026-05-26,09:30:00,4524.715,4525.175,4516.855,4517.885,0.2032
1779788100000,2026-05-26,09:35:00,4517.925,4518.655,4515.775,4516.465,0.1547
1779788400000,2026-05-26,09:40:00,4516.575,4517.075,4512.058,4513.025,0.2002
1779788700000,2026-05-26,09:45:00,4513.045,4518.875,4512.795,4518.825,0.1747
1779789000000,2026-05-26,09:50:00,4518.805,4519.305,4516.715,4518.835,0.154
1779789300000,2026-05-26,09:55:00,4518.885,4523.335,4517.325,4522.615,0.1776
1779789600000,2026-05-26,10:00:00,4522.635,4523.215,4519.488,4519.595,0.2016
1779789900000,2026-05-26,10:05:00,4519.635,4525.275,4519.408,4525.275,0.1505
1779790200000,2026-05-26,10:10:00,4525.305,4532.015,4524.915,4529.165,0.2379
1779790500000,2026-05-26,10:15:00,4529.245,4532.855,4527.305,4527.905,0.1803
1779790800000,2026-05-26,10:20:00,4527.925,4532.365,4527.475,4531.465,0.1486
1779791100000,2026-05-26,10:25:00,4531.505,4535.155,4531.355,4533.195,0.1685
1779791400000,2026-05-26,10:30:00,4533.225,4538.605,4533.175,4538.495,0.2485
1779791700000,2026-05-26,10:35:00,4538.475,4538.475,4533.625,4533.885,0.1903
1779792000000,2026-05-26,10:40:00,4533.885,4534.675,4531.268,4532.935,0.1742
1779792300000,2026-05-26,10:45:00,4532.965,4537.445,4532.895,4537.275,0.1723
1779792600000,2026-05-26,10:50:00,4537.315,4540.375,4534.205,4534.555,0.2114
1779792900000,2026-05-26,10:55:00,4534.558,4535.058,4533.508,4534.245,0.1559
1779793200000,2026-05-26,11:00:00,4534.245,4535.965,4532.665,4535.905,0.1467
1779793500000,2026-05-26,11:05:00,4535.885,4536.125,4533.645,4534.788,0.113
1779793800000,2026-05-26,11:10:00,4534.788,4535.695,4531.475,4531.495,0.101
1779794100000,2026-05-26,11:15:00,4531.555,4532.505,4529.775,4529.775,0.1138
1779794400000,2026-05-26,11:20:00,4529.805,4530.025,4525.135,4525.535,0.1325
1779794700000,2026-05-26,11:25:00,4525.445,4525.965,4522.625,4523.568,0.166
1779795000000,2026-05-26,11:30:00,4523.375,4523.605,4517.155,4519.155,0.3004
1779795300000,2026-05-26,11:35:00,4519.065,4519.495,4506.675,4510.825,0.4145
1779795600000,2026-05-26,11:40:00,4510.675,4513.075,4504.135,4509.925,0.3074
1779795900000,2026-05-26,11:45:00,4509.895,4515.555,4508.245,4512.345,0.2206
1779796200000,2026-05-26,11:50:00,4512.355,4515.355,4510.465,4511.415,0.2242
1779796500000,2026-05-26,11:55:00,4511.445,4511.615,4503.495,4507.095,0.242
1779796800000,2026-05-26,12:00:00,4507.035,4510.005,4504.205,4508.085,0.2587
1779797100000,2026-05-26,12:05:00,4508.105,4511.915,4506.085,4510.505,0.2496
1779797400000,2026-05-26,12:10:00,4510.485,4512.095,4507.485,4510.245,0.2208
1779797700000,2026-05-26,12:15:00,4510.265,4515.905,4509.415,4512.135,0.2185
1779798000000,2026-05-26,12:20:00,4512.095,4512.735,4507.835,4509.525,0.2072
1779798300000,2026-05-26,12:25:00,4509.545,4511.515,4503.515,4506.095,0.1758
1779798600000,2026-05-26,12:30:00,4506.115,4510.445,4500.475,4510.305,0.2629
1779798900000,2026-05-26,12:35:00,4510.235,4510.235,4501.255,4502.068,0.2243
1779799200000,2026-05-26,12:40:00,4502.105,4511.945,4501.995,4511.905,0.2334
1779799500000,2026-05-26,12:45:00,4511.905,4521.045,4510.465,4519.715,0.2833
1779799800000,2026-05-26,12:50:00,4519.655,4523.445,4517.255,4522.315,0.254
1779800100000,2026-05-26,12:55:00,4522.285,4523.525,4518.935,4520.078,0.2065
1779800400000,2026-05-26,13:00:00,4520.078,4526.145,4519.205,4523.265,0.2563
1779800700000,2026-05-26,13:05:00,4523.285,4523.585,4519.335,4522.235,0.199
1779801000000,2026-05-26,13:10:00,4522.195,4522.395,4515.835,4518.215,0.2307
1779801300000,2026-05-26,13:15:00,4518.515,4521.665,4518.008,4520.015,0.2072
1779801600000,2026-05-26,13:20:00,4520.025,4526.688,4519.958,4525.955,0.2707
1779801900000,2026-05-26,13:25:00,4525.955,4527.455,4521.775,4522.015,0.2418
1779802200000,2026-05-26,13:30:00,4522.005,4527.825,4521.565,4522.275,0.3695
1779802500000,2026-05-26,13:35:00,4522.275,4528.515,4521.148,4524.365,0.3416
1779802800000,2026-05-26,13:40:00,4524.365,4531.155,4524.115,4527.028,0.2903
1779803100000,2026-05-26,13:45:00,4527.285,4529.175,4525.085,4525.745,0.3076
1779803400000,2026-05-26,13:50:00,4525.865,4526.235,4512.525,4515.745,0.4344
1779803700000,2026-05-26,13:55:00,4516.085,4517.715,4512.025,4514.045,0.2774
1779804000000,2026-05-26,14:00:00,4514.175,4517.735,4511.035,4517.185,0.3352
1779804300000,2026-05-26,14:05:00,4517.158,4520.275,4514.725,4515.305,0.3072
1779804600000,2026-05-26,14:10:00,4515.345,4515.475,4507.625,4510.925,0.3002
1779804900000,2026-05-26,14:15:00,4510.828,4514.575,4508.355,4514.165,0.265
1779805200000,2026-05-26,14:20:00,4514.115,4517.255,4512.305,4515.765,0.2479
1779805500000,2026-05-26,14:25:00,4515.835,4517.705,4514.795,4517.525,0.2276
1779805800000,2026-05-26,14:30:00,4517.495,4521.485,4516.685,4517.495,0.2581
1779806100000,2026-05-26,14:35:00,4517.435,4524.935,4517.435,4522.205,0.2819
1779806400000,2026-05-26,14:40:00,4522.185,4523.625,4519.555,4521.238,0.2369
1779806700000,2026-05-26,14:45:00,4521.248,4521.955,4518.455,4519.095,0.241
1779807000000,2026-05-26,14:50:00,4519.175,4519.435,4515.355,4515.575,0.2236
1779807300000,2026-05-26,14:55:00,4515.465,4515.925,4512.475,4515.185,0.2413
1779807600000,2026-05-26,15:00:00,4515.175,4515.425,4507.855,4511.345,0.2813
1779807900000,2026-05-26,15:05:00,4511.365,4514.215,4508.625,4510.405,0.2577
1779808200000,2026-05-26,15:10:00,4510.345,4512.305,4508.478,4509.215,0.2283
1779808500000,2026-05-26,15:15:00,4509.235,4510.315,4504.915,4508.125,0.2685
1779808800000,2026-05-26,15:20:00,4508.105,4508.645,4504.768,4505.845,0.2284
1779809100000,2026-05-26,15:25:00,4505.825,4508.145,4504.628,4505.735,0.2204
1779809400000,2026-05-26,15:30:00,4505.865,4508.225,4503.555,4505.475,0.2654
1779809700000,2026-05-26,15:35:00,4505.455,4507.385,4502.135,4507.365,0.2958
1779810000000,2026-05-26,15:40:00,4507.395,4508.765,4506.298,4508.165,0.22
1779810300000,2026-05-26,15:45:00,4508.115,4509.085,4506.315,4506.655,0.222
1779810600000,2026-05-26,15:50:00,4506.665,4510.588,4505.845,4509.585,0.2168
1779810900000,2026-05-26,15:55:00,4509.555,4509.555,4505.915,4506.225,0.2467
1779811200000,2026-05-26,16:00:00,4506.275,4508.325,4505.235,4506.025,0.2114
1779811500000,2026-05-26,16:05:00,4505.975,4506.125,4502.105,4502.895,0.1636
1779811800000,2026-05-26,16:10:00,4502.755,4503.245,4500.095,4501.255,0.1944
1779812100000,2026-05-26,16:15:00,4501.275,4505.448,4499.505,4504.875,0.2357
1779812400000,2026-05-26,16:20:00,4504.975,4506.005,4502.295,4505.925,0.1449
1779812700000,2026-05-26,16:25:00,4505.935,4508.755,4505.345,4507.835,0.1144
1779813000000,2026-05-26,16:30:00,4507.805,4511.138,4507.168,4509.485,0.1769
1779813300000,2026-05-26,16:35:00,4509.515,4510.535,4507.965,4507.965,0.1715
1779813600000,2026-05-26,16:40:00,4508.045,4508.775,4505.965,4506.348,0.154
1779813900000,2026-05-26,16:45:00,4506.355,4507.585,4502.925,4503.145,0.1718
1779814200000,2026-05-26,16:50:00,4503.145,4505.675,4502.845,4504.965,0.1558
1779814500000,2026-05-26,16:55:00,4504.925,4505.655,4504.255,4504.715,0.095
1779814800000,2026-05-26,17:00:00,4504.705,4507.285,4504.165,4505.425,0.1136
1779815100000,2026-05-26,17:05:00,4505.415,4505.635,4503.035,4504.165,0.1043
1779815400000,2026-05-26,17:10:00,4504.265,4504.685,4503.425,4503.545,0.076
1779815700000,2026-05-26,17:15:00,4503.445,4504.595,4503.175,4504.225,0.0918
1779816000000,2026-05-26,17:20:00,4504.215,4506.535,4504.005,4506.505,0.127
1779816300000,2026-05-26,17:25:00,4506.585,4507.485,4500.295,4501.225,0.178
1779816600000,2026-05-26,17:30:00,4501.205,4501.495,4497.835,4499.958,0.1934
1779816900000,2026-05-26,17:35:00,4499.958,4500.885,4496.995,4499.005,0.2069
1779817200000,2026-05-26,17:40:00,4499.005,4499.425,4496.805,4498.415,0.168
1779817500000,2026-05-26,17:45:00,4498.395,4500.765,4498.205,4500.325,0.1036
1779817800000,2026-05-26,17:50:00,4500.365,4501.045,4495.845,4496.305,0.114
1779818100000,2026-05-26,17:55:00,4496.305,4496.795,4489.685,4490.905,0.2392
1779818400000,2026-05-26,18:00:00,4490.925,4493.235,4484.835,4487.595,0.2691
1779818700000,2026-05-26,18:05:00,4487.665,4489.035,4482.365,4488.635,0.1787
1779819000000,2026-05-26,18:10:00,4488.635,4490.885,4485.265,4487.195,0.1557
1779819300000,2026-05-26,18:15:00,4487.165,4490.605,4486.315,4490.525,0.1129
1779819600000,2026-05-26,18:20:00,4490.525,4492.865,4490.275,4492.205,0.1277
1779819900000,2026-05-26,18:25:00,4492.145,4496.105,4491.905,4495.115,0.1567
1779820200000,2026-05-26,18:30:00,4495.115,4498.305,4493.975,4497.185,0.1303
1779820500000,2026-05-26,18:35:00,4497.185,4497.185,4495.145,4496.355,0.1146
1779820800000,2026-05-26,18:40:00,4496.355,4496.505,4495.065,4495.975,0.1024
1779821100000,2026-05-26,18:45:00,4495.955,4498.245,4495.955,4497.505,0.1088
1779821400000,2026-05-26,18:50:00,4497.475,4499.505,4497.225,4498.418,0.1574
1779821700000,2026-05-26,18:55:00,4498.555,4499.375,4497.955,4499.165,0.1155
1779822000000,2026-05-26,19:00:00,4499.165,4501.045,4497.565,4499.665,0.1479
1779822300000,2026-05-26,19:05:00,4499.695,4500.345,4498.575,4500.265,0.0946
1779822600000,2026-05-26,19:10:00,4500.315,4500.885,4498.865,4499.345,0.1034
1779822900000,2026-05-26,19:15:00,4499.345,4504.485,4499.255,4502.215,0.1178
1779823200000,2026-05-26,19:20:00,4502.195,4504.065,4502.058,4503.115,0.0768
1779823500000,2026-05-26,19:25:00,4503.095,4503.425,4501.035,4502.025,0.0754
1779823800000,2026-05-26,19:30:00,4502.025,4503.505,4500.635,4503.395,0.0852
1779824100000,2026-05-26,19:35:00,4503.415,4504.335,4502.945,4503.525,0.086
1779824400000,2026-05-26,19:40:00,4503.505,4505.825,4503.345,4504.645,0.1013
1779824700000,2026-05-26,19:45:00,4504.665,4507.885,4503.895,4507.215,0.1078
1779825000000,2026-05-26,19:50:00,4507.57,4507.835,4505.515,4505.705,0.1191
1779825300000,2026-05-26,19:55:00,4505.705,4509.698,4505.408,4508.735,0.2107
1779825600000,2026-05-26,20:00:00,4508.695,4510.365,4506.955,4507.265,0.09
1779825900000,2026-05-26,20:05:00,4507.305,4508.845,4505.955,4506.918,0.0654
1779826200000,2026-05-26,20:10:00,4506.928,4507.785,4506.155,4507.615,0.0372
1779826500000,2026-05-26,20:15:00,4507.715,4509.698,4507.715,4508.225,0.0408
1779826800000,2026-05-26,20:20:00,4508.225,4508.945,4507.265,4508.405,0.0399
1779827100000,2026-05-26,20:25:00,4508.425,4508.608,4506.118,4506.375,0.0387
1779827400000,2026-05-26,20:30:00,4506.455,4507.465,4506.235,4506.465,0.0264
1779827700000,2026-05-26,20:35:00,4506.418,4508.185,4505.715,4508.095,0.0326
1779828000000,2026-05-26,20:40:00,4508.095,4509.605,4507.648,4508.655,0.0291
1779828300000,2026-05-26,20:45:00,4508.665,4510.015,4506.045,4506.288,0.0838
1779828600000,2026-05-26,20:50:00,4506.285,4506.285,4503.755,4506.068,0.0474
1779828900000,2026-05-26,20:55:00,4506.065,4507.655,4505.055,4505.065,0.0514
1779832800000,2026-05-26,22:00:00,4535.898,4537.698,4492.498,4500.738,0.0215
1779833100000,2026-05-26,22:05:00,4501.458,4507.015,4497.266,4503.018,0.115
1779833400000,2026-05-26,22:10:00,4503.438,4508.858,4498.275,4504.105,0.1385
1779833700000,2026-05-26,22:15:00,4504.115,4506.835,4503.065,4506.165,0.1057
1779834000000,2026-05-26,22:20:00,4506.115,4509.645,4503.085,4504.355,0.1432
1779834300000,2026-05-26,22:25:00,4504.455,4506.355,4501.865,4504.025,0.0925
1779834600000,2026-05-26,22:30:00,4504.035,4505.665,4500.035,4500.105,0.1
1779834900000,2026-05-26,22:35:00,4500.135,4501.925,4497.715,4501.505,0.0761
1779835200000,2026-05-26,22:40:00,4501.505,4503.215,4500.295,4500.465,0.0671
1779835500000,2026-05-26,22:45:00,4500.445,4502.605,4499.365,4502.135,0.0407
1779835800000,2026-05-26,22:50:00,4502.075,4506.905,4501.385,4506.715,0.0568
1779836100000,2026-05-26,22:55:00,4506.735,4512.105,4506.355,4510.535,0.219
1779836400000,2026-05-26,23:00:00,4510.535,4513.248,4509.228,4510.665,0.1638
1779836700000,2026-05-26,23:05:00,4510.688,4512.608,4509.135,4509.385,0.1006
1779837000000,2026-05-26,23:10:00,4509.485,4509.795,4507.335,4508.645,0.0509
1779837300000,2026-05-26,23:15:00,4508.595,4509.885,4507.845,4508.905,0.0426
1779837600000,2026-05-26,23:20:00,4508.885,4509.155,4504.165,4505.385,0.1005
1779837900000,2026-05-26,23:25:00,4505.385,4512.105,4505.135,4512.105,0.0781
1779838200000,2026-05-26,23:30:00,4512.075,4516.385,4510.865,4515.025,0.0789
1779838500000,2026-05-26,23:35:00,4514.995,4515.665,4512.325,4515.445,0.0812
1779838800000,2026-05-26,23:40:00,4515.385,4526.685,4515.085,4526.635,0.1225
1779839100000,2026-05-26,23:45:00,4526.655,4527.555,4520.045,4520.805,0.1265
1779839400000,2026-05-26,23:50:00,4520.855,4522.475,4520.105,4520.865,0.0639
1779839700000,2026-05-26,23:55:00,4520.835,4520.835,4518.205,4519.335,0.1092
1779840000000,2026-05-27,00:00:00,4519.228,4525.645,4516.975,4520.485,0.1455
1779840300000,2026-05-27,00:05:00,4520.535,4523.885,4519.505,4522.015,0.1127
1779840600000,2026-05-27,00:10:00,4522.035,4522.355,4519.875,4521.765,0.1051
1779840900000,2026-05-27,00:15:00,4521.745,4522.275,4519.805,4520.995,0.1102
1779841200000,2026-05-27,00:20:00,4520.925,4521.365,4515.705,4515.985,0.1231
1779841500000,2026-05-27,00:25:00,4515.965,4518.595,4513.755,4517.655,0.1345
1779841800000,2026-05-27,00:30:00,4518.201,4520.405,4517.245,4519.465,0.0874
1779842100000,2026-05-27,00:35:00,4519.495,4520.545,4517.345,4517.415,0.0997
1779842400000,2026-05-27,00:40:00,4517.405,4519.045,4516.655,4518.425,0.0915
1779842700000,2026-05-27,00:45:00,4518.485,4521.855,4518.305,4518.865,0.0904
1779843000000,2026-05-27,00:50:00,4518.845,4518.885,4515.785,4516.698,0.1177
1779843300000,2026-05-27,00:55:00,4516.705,4518.975,4514.495,4514.895,0.1356
1779843600000,2026-05-27,01:00:00,4514.875,4517.765,4513.925,4515.505,0.2737
1779843900000,2026-05-27,01:05:00,4515.365,4517.415,4512.395,4516.425,0.201
1779844200000,2026-05-27,01:10:00,4516.415,4520.655,4515.585,4519.215,0.1861
1779844500000,2026-05-27,01:15:00,4519.245,4520.165,4515.485,4515.825,0.1524
1779844800000,2026-05-27,01:20:00,4515.785,4520.815,4515.655,4518.825,0.1349
1779845100000,2026-05-27,01:25:00,4518.845,4519.135,4514.125,4515.855,0.1075
1779845400000,2026-05-27,01:30:00,4515.835,4516.915,4513.405,4514.775,0.1734
1779845700000,2026-05-27,01:35:00,4514.735,4516.395,4511.275,4511.725,0.1126
1779846000000,2026-05-27,01:40:00,4511.745,4513.445,4509.095,4509.745,0.1181
1779846300000,2026-05-27,01:45:00,4509.805,4510.535,4506.685,4509.815,0.1433
1779846600000,2026-05-27,01:50:00,4509.785,4510.085,4507.115,4507.345,0.1298
1779846900000,2026-05-27,01:55:00,4507.355,4509.655,4506.675,4507.765,0.1229
1779847200000,2026-05-27,02:00:00,4507.795,4509.335,4503.795,4505.265,0.1603
1779847500000,2026-05-27,02:05:00,4505.245,4505.445,4501.885,4503.155,0.1477
1779847800000,2026-05-27,02:10:00,4503.135,4504.215,4501.795,4503.865,0.1583
1779848100000,2026-05-27,02:15:00,4503.835,4504.905,4498.718,4499.315,0.1368
1779848400000,2026-05-27,02:20:00,4499.385,4504.625,4498.995,4503.875,0.1067
1779848700000,2026-05-27,02:25:00,4503.845,4505.468,4503.635,4505.195,0.0717
1779849000000,2026-05-27,02:30:00,4505.225,4505.695,4503.515,4505.045,0.0954
1779849300000,2026-05-27,02:35:00,4505.075,4505.795,4499.875,4500.005,0.113
1779849600000,2026-05-27,02:40:00,4499.925,4502.035,4498.415,4499.665,0.1134
1779849900000,2026-05-27,02:45:00,4499.605,4501.565,4497.725,4501.475,0.0975
1779850200000,2026-05-27,02:50:00,4501.505,4504.675,4501.505,4503.485,0.0951
1779850500000,2026-05-27,02:55:00,4503.525,4506.785,4503.325,4505.625,0.0915
1779850800000,2026-05-27,03:00:00,4505.655,4509.595,4504.845,4507.425,0.1372
1779851100000,2026-05-27,03:05:00,4507.425,4509.125,4505.465,4509.115,0.1135
1779851400000,2026-05-27,03:10:00,4509.085,4510.165,4508.125,4509.105,0.1081
1779851700000,2026-05-27,03:15:00,4509.105,4511.705,4508.315,4510.695,0.1051
1779852000000,2026-05-27,03:20:00,4510.735,4511.375,4508.195,4508.565,0.0771
1779852300000,2026-05-27,03:25:00,4508.495,4508.525,4505.318,4506.798,0.0937
1779852600000,2026-05-27,03:30:00,4506.818,4506.995,4504.565,4504.795,0.0694
1779852900000,2026-05-27,03:35:00,4504.598,4504.598,4501.385,4502.598,0.0892
1779853200000,2026-05-27,03:40:00,4502.595,4504.938,4502.378,4503.995,0.087
1779853500000,2026-05-27,03:45:00,4503.995,4505.178,4503.215,4503.945,0.0708
1779853800000,2026-05-27,03:50:00,4503.975,4504.475,4501.635,4501.935,0.0704
1779854100000,2026-05-27,03:55:00,4501.965,4501.965,4496.355,4496.785,0.0936
1779854400000,2026-05-27,04:00:00,4496.815,4500.295,4495.495,4499.395,0.1188
1779854700000,2026-05-27,04:05:00,4499.395,4502.255,4498.915,4501.315,0.0677
1779855000000,2026-05-27,04:10:00,4501.285,4502.925,4500.815,4502.795,0.0631
1779855300000,2026-05-27,04:15:00,4502.825,4502.825,4500.185,4500.625,0.07
1779855600000,2026-05-27,04:20:00,4500.605,4503.145,4500.388,4502.155,0.0729
1779855900000,2026-05-27,04:25:00,4502.115,4502.135,4499.265,4499.265,0.0897
1779856200000,2026-05-27,04:30:00,4499.285,4501.535,4497.535,4500.995,0.0979
1779856500000,2026-05-27,04:35:00,4501.015,4502.735,4499.735,4502.685,0.0767
1779856800000,2026-05-27,04:40:00,4502.655,4508.175,4502.285,4508.175,0.1078
1779857100000,2026-05-27,04:45:00,4508.125,4517.005,4508.125,4516.295,0.1411
1779857400000,2026-05-27,04:50:00,4516.335,4516.945,4511.395,4511.895,0.125
1779857700000,2026-05-27,04:55:00,4511.775,4512.355,4508.935,4509.915,0.0887
1779858000000,2026-05-27,05:00:00,4509.965,4513.578,4508.035,4513.295,0.1349
1779858300000,2026-05-27,05:05:00,4513.298,4513.325,4510.025,4510.545,0.1302
1779858600000,2026-05-27,05:10:00,4510.515,4510.615,4508.575,4508.775,0.0943
1779858900000,2026-05-27,05:15:00,4508.725,4508.785,4504.835,4505.125,0.1103
1779859200000,2026-05-27,05:20:00,4505.165,4506.815,4503.835,4505.965,0.1204
1779859500000,2026-05-27,05:25:00,4505.935,4507.865,4505.495,4506.995,0.0657
1779859800000,2026-05-27,05:30:00,4506.965,4508.625,4493.505,4496.475,0.2804
1779860100000,2026-05-27,05:35:00,4496.445,4500.645,4494.345,4499.375,0.3739
1779860400000,2026-05-27,05:40:00,4499.375,4499.895,4491.355,4493.285,0.5364
1779860700000,2026-05-27,05:45:00,4493.285,4497.775,4491.695,4497.725,0.7942
1779861000000,2026-05-27,05:50:00,4497.725,4502.085,4496.028,4498.445,0.3378
1779861300000,2026-05-27,05:55:00,4498.375,4499.618,4496.175,4497.225,0.1929
1779861600000,2026-05-27,06:00:00,4497.185,4498.865,4493.595,4494.855,0.2186
1779861900000,2026-05-27,06:05:00,4494.875,4498.745,4493.625,4497.635,0.1859
1779862200000,2026-05-27,06:10:00,4497.605,4498.295,4493.435,4493.715,0.2006
1779862500000,2026-05-27,06:15:00,4493.745,4495.615,4486.145,4489.155,0.2333
1779862800000,2026-05-27,06:20:00,4489.045,4490.228,4483.355,4486.545,0.275
1779863100000,2026-05-27,06:25:00,4486.525,4488.975,4483.495,4486.065,0.6462
1779863400000,2026-05-27,06:30:00,4486.015,4486.205,4479.395,4483.298,0.344
1779863700000,2026-05-27,06:35:00,4483.298,4485.675,4480.528,4483.155,0.1724
1779864000000,2026-05-27,06:40:00,4483.155,4487.525,4482.235,4487.385,0.1729
1779864300000,2026-05-27,06:45:00,4487.395,4489.865,4486.715,4487.915,0.1475
1779864600000,2026-05-27,06:50:00,4487.945,4488.935,4486.568,4486.955,0.1276
1779864900000,2026-05-27,06:55:00,4486.995,4487.385,4483.165,4484.895,0.1519
1779865200000,2026-05-27,07:00:00,4485.445,4488.295,4484.695,4486.855,0.1824
1779865500000,2026-05-27,07:05:00,4486.885,4488.425,4482.705,4484.555,0.1398
1779865800000,2026-05-27,07:10:00,4484.645,4484.645,4479.885,4480.035,0.1445
1779866100000,2026-05-27,07:15:00,4480.105,4485.065,4480.025,4483.965,0.1477
1779866400000,2026-05-27,07:20:00,4483.955,4489.075,4482.725,4486.265,0.1361
1779866700000,2026-05-27,07:25:00,4486.245,4486.945,4484.685,4486.125,0.1376
1779867000000,2026-05-27,07:30:00,4486.145,4488.525,4484.605,4485.475,0.1494
1779867300000,2026-05-27,07:35:00,4485.495,4486.165,4481.055,4482.885,0.1305
1779867600000,2026-05-27,07:40:00,4482.885,4484.455,4481.975,4482.695,0.1026
1779867900000,2026-05-27,07:45:00,4482.725,4483.895,4477.775,4479.325,0.1354
1779868200000,2026-05-27,07:50:00,4479.305,4480.285,4475.605,4479.055,0.1965
1779868500000,2026-05-27,07:55:00,4479.095,4482.165,4478.575,4481.825,0.1454
1779868800000,2026-05-27,08:00:00,4481.885,4489.125,4481.598,4486.375,0.1895
1779869100000,2026-05-27,08:05:00,4486.375,4487.395,4484.725,4485.805,0.1572
1779869400000,2026-05-27,08:10:00,4485.805,4487.005,4483.635,4486.215,0.1403
1779869700000,2026-05-27,08:15:00,4486.295,4490.695,4485.945,4489.665,0.1633
1779870000000,2026-05-27,08:20:00,4489.635,4492.765,4487.615,4490.478,0.1517
1779870300000,2026-05-27,08:25:00,4490.478,4490.795,4487.685,4488.965,0.145
1779870600000,2026-05-27,08:30:00,4488.915,4489.315,4485.855,4488.365,0.1211
1779870900000,2026-05-27,08:35:00,4488.385,4492.655,4488.225,4492.605,0.1132
1779871200000,2026-05-27,08:40:00,4492.635,4496.455,4492.508,4496.035,0.1989
1779871500000,2026-05-27,08:45:00,4496.055,4497.135,4492.535,4496.435,0.1757
1779871800000,2026-05-27,08:50:00,4496.415,4498.645,4495.495,4498.095,0.1436
1779872100000,2026-05-27,08:55:00,4497.995,4498.225,4494.768,4497.745,0.1117
1779872400000,2026-05-27,09:00:00,4497.745,4497.745,4490.835,4491.655,0.1873
1779872700000,2026-05-27,09:05:00,4491.735,4492.395,4488.425,4489.275,0.1254
1779873000000,2026-05-27,09:10:00,4489.295,4493.075,4489.175,4491.585,0.1074
1779873300000,2026-05-27,09:15:00,4491.555,4495.245,4491.555,4494.465,0.1178
1779873600000,2026-05-27,09:20:00,4494.445,4495.135,4490.728,4490.935,0.1218
1779873900000,2026-05-27,09:25:00,4490.935,4491.588,4489.155,4489.835,0.1051
1779874200000,2026-05-27,09:30:00,4489.858,4490.615,4486.845,4490.575,0.1438
1779874500000,2026-05-27,09:35:00,4490.535,4492.065,4489.975,4491.095,0.1014
1779874800000,2026-05-27,09:40:00,4491.195,4491.605,4488.378,4488.445,0.0797
1779875100000,2026-05-27,09:45:00,4488.395,4489.765,4488.168,4489.395,0.0662
1779875400000,2026-05-27,09:50:00,4489.415,4492.865,4489.405,4492.308,0.0876
1779875700000,2026-05-27,09:55:00,4492.265,4493.045,4489.965,4489.995,0.0845
1779876000000,2026-05-27,10:00:00,4489.948,4490.435,4484.845,4486.345,0.1345
1779876300000,2026-05-27,10:05:00,4486.285,4488.935,4486.065,4486.935,0.1069
1779876600000,2026-05-27,10:10:00,4486.955,4487.505,4484.175,4485.395,0.1062
1779876900000,2026-05-27,10:15:00,4485.295,4486.175,4479.535,4479.585,0.1324
1779877200000,2026-05-27,10:20:00,4479.515,4481.035,4477.895,4479.715,0.1393
1779877500000,2026-05-27,10:25:00,4479.795,4479.905,4476.265,4476.815,0.1495
1779877800000,2026-05-27,10:30:00,4476.705,4477.055,4472.205,4473.615,0.1766
1779878100000,2026-05-27,10:35:00,4473.615,4475.615,4461.795,4463.365,0.2486
1779878400000,2026-05-27,10:40:00,4463.325,4469.995,4462.425,4465.565,0.2934
1779878700000,2026-05-27,10:45:00,4465.535,4466.835,4443.715,4448.485,0.2922
1779879000000,2026-05-27,10:50:00,4448.475,4450.015,4442.675,4444.665,0.2937
1779879300000,2026-05-27,10:55:00,4444.645,4450.185,4442.425,4445.775,0.2924
1779879600000,2026-05-27,11:00:00,4445.775,4453.165,4445.058,4452.435,0.2499
1779879900000,2026-05-27,11:05:00,4452.465,4452.485,4446.405,4449.485,0.2198
1779880200000,2026-05-27,11:10:00,4449.465,4451.645,4443.075,4451.055,0.2358
1779880500000,2026-05-27,11:15:00,4450.965,4452.215,4447.485,4449.015,0.1986
1779880800000,2026-05-27,11:20:00,4449.025,4449.025,4440.195,4445.565,0.2489
1779881100000,2026-05-27,11:25:00,4445.585,4446.055,4439.195,4440.715,0.2443
1779881400000,2026-05-27,11:30:00,4440.735,4441.585,4432.135,4436.775,0.2955
1779881700000,2026-05-27,11:35:00,4436.765,4441.845,4434.595,4440.965,0.2291
1779882000000,2026-05-27,11:40:00,4440.985,4444.155,4438.255,4443.075,0.2004
1779882300000,2026-05-27,11:45:00,4442.958,4444.595,4438.875,4438.875,0.1719
1779882600000,2026-05-27,11:50:00,4438.875,4439.335,4433.355,4433.525,0.235
1779882900000,2026-05-27,11:55:00,4433.565,4433.865,4424.755,4428.485,0.308
1779883200000,2026-05-27,12:00:00,4428.455,4437.375,4428.265,4434.235,0.2714
1779883500000,2026-05-27,12:05:00,4434.195,4437.275,4431.605,4432.945,0.2042
1779883800000,2026-05-27,12:10:00,4432.825,4433.435,4428.685,4430.225,0.2383
1779884100000,2026-05-27,12:15:00,4430.255,4454.005,4427.345,4447.095,0.3106
1779884400000,2026-05-27,12:20:00,4447.475,4466.315,4442.165,4454.725,0.4578
1779884700000,2026-05-27,12:25:00,4455.055,4460.605,4452.675,4454.465,0.3794
1779885000000,2026-05-27,12:30:00,4454.495,4460.005,4445.345,4447.158,0.366
1779885300000,2026-05-27,12:35:00,4447.158,4453.385,4444.465,4452.135,0.3247
1779885600000,2026-05-27,12:40:00,4452.675,4452.695,4446.015,4446.905,0.2921
1779885900000,2026-05-27,12:45:00,4446.945,4448.145,4442.315,4444.898,0.2514
1779886200000,2026-05-27,12:50:00,4444.898,4446.785,4440.905,4445.975,0.2578
1779886500000,2026-05-27,12:55:00,4445.955,4446.275,4437.565,4438.765,0.2273
1779886800000,2026-05-27,13:00:00,4438.735,4438.975,4429.305,4431.885,0.3852
1779887100000,2026-05-27,13:05:00,4431.878,4432.155,4411.305,4414.135,0.4162
1779887400000,2026-05-27,13:10:00,4414.385,4420.315,4410.915,4416.575,0.378
1779887700000,2026-05-27,13:15:00,4416.575,4421.158,4409.455,4411.245,0.3823
1779888000000,2026-05-27,13:20:00,4411.265,4417.025,4405.625,4416.465,0.3293
1779888300000,2026-05-27,13:25:00,4416.465,4419.295,4401.325,4404.665,0.3848
1779888600000,2026-05-27,13:30:00,4404.605,4424.235,4404.108,4423.608,0.4338
1779888900000,2026-05-27,13:35:00,4423.618,4425.395,4412.295,4417.945,0.441
1779889200000,2026-05-27,13:40:00,4417.935,4423.175,4416.435,4419.085,0.4216
1779889500000,2026-05-27,13:45:00,4419.085,4428.255,4418.035,4420.225,0.4059
1779889800000,2026-05-27,13:50:00,4420.205,4433.895,4419.305,4425.165,0.3926
1779890100000,2026-05-27,13:55:00,4425.165,4428.335,4423.545,4427.335,0.3695
1779890400000,2026-05-27,14:00:00,4427.325,4437.965,4425.785,4437.865,0.3605
1779890700000,2026-05-27,14:05:00,4437.905,4448.115,4436.485,4444.045,0.4054
1779891000000,2026-05-27,14:10:00,4444.085,4455.248,4443.015,4447.765,0.4121
1779891300000,2026-05-27,14:15:00,4447.685,4451.785,4446.685,4450.955,0.341
1779891600000,2026-05-27,14:20:00,4450.948,4455.118,4442.695,4444.115,0.4108
1779891900000,2026-05-27,14:25:00,4444.115,4445.805,4439.918,4445.295,0.3698
1779892200000,2026-05-27,14:30:00,4445.315,4449.185,4435.475,4440.785,0.3771
1779892500000,2026-05-27,14:35:00,4440.815,4445.185,4439.645,4444.008,0.3247
1779892800000,2026-05-27,14:40:00,4444.008,4444.705,4439.855,4442.855,0.3036
1779893100000,2026-05-27,14:45:00,4442.838,4446.035,4437.938,4437.938,0.2855
1779893400000,2026-05-27,14:50:00,4437.955,4439.625,4436.468,4439.558,0.3053
1779893700000,2026-05-27,14:55:00,4439.558,4439.558,4433.035,4433.815,0.299
1779894000000,2026-05-27,15:00:00,4433.785,4438.345,4430.145,4436.075,0.3167
1779894300000,2026-05-27,15:05:00,4436.075,4436.955,4428.435,4429.295,0.2885
1779894600000,2026-05-27,15:10:00,4429.298,4432.525,4427.875,4431.908,0.2724
1779894900000,2026-05-27,15:15:00,4431.908,4432.905,4429.545,4430.745,0.2391
1779895200000,2026-05-27,15:20:00,4430.725,4433.915,4429.658,4433.305,0.2496
1779895500000,2026-05-27,15:25:00,4433.228,4435.835,4432.435,4435.735,0.2288
1779895800000,2026-05-27,15:30:00,4435.975,4441.295,4435.835,4438.535,0.2958
1779896100000,2026-05-27,15:35:00,4438.505,4440.635,4437.528,4440.635,0.1966
1779896400000,2026-05-27,15:40:00,4440.655,4440.975,4432.808,4433.938,0.2279
1779896700000,2026-05-27,15:45:00,4433.938,4438.435,4431.305,4432.765,0.2637
1779897000000,2026-05-27,15:50:00,4432.695,4434.995,4430.795,4434.125,0.2144
1779897300000,2026-05-27,15:55:00,4434.195,4437.105,4432.645,4436.405,0.1816
1779897600000,2026-05-27,16:00:00,4436.335,4441.865,4434.695,4437.365,0.228
1779897900000,2026-05-27,16:05:00,4437.335,4437.985,4434.005,4436.655,0.1897
1779898200000,2026-05-27,16:10:00,4436.835,4440.715,4436.655,4439.975,0.1499
1779898500000,2026-05-27,16:15:00,4440.075,4442.975,4439.655,4441.668,0.1366
1779898800000,2026-05-27,16:20:00,4441.678,4444.045,4441.555,4444.005,0.1425
1779899100000,2026-05-27,16:25:00,4444.045,4447.455,4443.335,4446.585,0.1435
1779899400000,2026-05-27,16:30:00,4446.585,4449.425,4445.095,4448.185,0.1413
1779899700000,2026-05-27,16:35:00,4448.245,4450.745,4448.245,4449.585,0.1284
1779900000000,2026-05-27,16:40:00,4449.785,4453.058,4449.485,4450.645,0.1617
1779900300000,2026-05-27,16:45:00,4450.705,4452.615,4449.215,4451.865,0.1687
1779900600000,2026-05-27,16:50:00,4451.915,4453.115,4449.925,4450.518,0.1453
1779900900000,2026-05-27,16:55:00,4450.518,4451.385,4449.275,4450.638,0.1497
1779901200000,2026-05-27,17:00:00,4450.675,4450.865,4447.055,4449.038,0.1935
1779901500000,2026-05-27,17:05:00,4449.065,4451.495,4442.275,4442.855,0.213
1779901800000,2026-05-27,17:10:00,4442.835,4445.635,4441.315,4443.905,0.2024
1779902100000,2026-05-27,17:15:00,4443.915,4447.295,4443.145,4446.625,0.1628
1779902400000,2026-05-27,17:20:00,4446.625,4448.215,4445.748,4446.455,0.1733
1779902700000,2026-05-27,17:25:00,4446.465,4451.185,4445.375,4449.675,0.1855
1779903000000,2026-05-27,17:30:00,4449.665,4453.175,4449.638,4451.815,0.1549
1779903300000,2026-05-27,17:35:00,4451.818,4454.185,4450.815,4450.845,0.1502
1779903600000,2026-05-27,17:40:00,4450.848,4451.868,4450.145,4450.435,0.1208
1779903900000,2026-05-27,17:45:00,4450.415,4451.595,4449.898,4450.685,0.1061
1779904200000,2026-05-27,17:50:00,4450.735,4453.525,4450.525,4452.678,0.1179
1779904500000,2026-05-27,17:55:00,4452.685,4453.825,4450.145,4450.145,0.1368
1779904800000,2026-05-27,18:00:00,4450.165,4451.988,4449.125,4449.325,0.1411
1779905100000,2026-05-27,18:05:00,4449.258,4449.908,4447.455,4447.878,0.1118
1779905400000,2026-05-27,18:10:00,4448.045,4449.898,4447.878,4449.895,0.0837
1779905700000,2026-05-27,18:15:00,4449.898,4452.935,4449.675,4452.438,0.1023
1779906000000,2026-05-27,18:20:00,4452.475,4458.135,4452.255,4454.765,0.1481
1779906300000,2026-05-27,18:25:00,4454.795,4455.775,4454.125,4455.375,0.1157
1779906600000,2026-05-27,18:30:00,4455.405,4456.245,4452.145,4452.468,0.1098
1779906900000,2026-05-27,18:35:00,4452.468,4453.255,4451.145,4452.888,0.0758
1779907200000,2026-05-27,18:40:00,4452.888,4453.848,4452.738,4453.138,0.0616
1779907500000,2026-05-27,18:45:00,4453.015,4453.385,4452.395,4453.225,0.0645
1779907800000,2026-05-27,18:50:00,4453.245,4453.615,4452.185,4452.335,0.0687
1779908100000,2026-05-27,18:55:00,4452.385,4454.805,4452.155,4454.168,0.0755
1779908400000,2026-05-27,19:00:00,4454.168,4454.555,4451.725,4451.925,0.0815
1779908700000,2026-05-27,19:05:00,4451.918,4453.075,4451.695,4452.565,0.0656
1779909000000,2026-05-27,19:10:00,4452.565,4452.645,4450.358,4451.515,0.112
1779909300000,2026-05-27,19:15:00,4451.525,4452.155,4449.545,4449.865,0.1106
1779909600000,2026-05-27,19:20:00,4449.865,4453.875,4449.748,4452.995,0.0842
1779909900000,2026-05-27,19:25:00,4453.045,4453.045,4450.215,4450.825,0.1031
1779910200000,2026-05-27,19:30:00,4450.845,4453.345,4449.445,4452.418,0.1159
1779910500000,2026-05-27,19:35:00,4452.435,4454.635,4452.085,4454.538,0.1098
1779910800000,2026-05-27,19:40:00,4454.538,4454.715,4452.975,4453.425,0.0736
1779911100000,2026-05-27,19:45:00,4453.475,4453.518,4451.695,4451.865,0.0669
1779911400000,2026-05-27,19:50:00,4451.838,4452.748,4450.458,4450.988,0.1264
1779911700000,2026-05-27,19:55:00,4450.575,4450.785,4448.565,4450.675,0.2019
1779912000000,2026-05-27,20:00:00,4450.655,4453.345,4449.845,4452.388,0.0944
1779912300000,2026-05-27,20:05:00,4452.298,4453.328,4451.488,4452.818,0.0569
1779912600000,2026-05-27,20:10:00,4452.675,4455.125,4452.328,4455.125,0.0407
1779912900000,2026-05-27,20:15:00,4455.165,4458.688,4455.118,4458.098,0.0824
1779913200000,2026-05-27,20:20:00,4458.135,4458.608,4455.815,4456.695,0.058
1779913500000,2026-05-27,20:25:00,4456.708,4456.778,4454.588,4454.898,0.0422
1779913800000,2026-05-27,20:30:00,4454.898,4455.558,4454.355,4454.355,0.0359
1779914100000,2026-05-27,20:35:00,4454.318,4454.318,4452.135,4452.288,0.0366
1779914400000,2026-05-27,20:40:00,4452.288,4453.695,4451.445,4453.458,0.0477
1779914700000,2026-05-27,20:45:00,4453.458,4454.395,4452.365,4454.095,0.0427
1779915000000,2026-05-27,20:50:00,4454.065,4454.985,4453.718,4454.715,0.0217
1779915300000,2026-05-27,20:55:00,4454.695,4456.365,4451.565,4451.875,0.0327
1779919200000,2026-05-27,22:00:00,4454.915,4465.495,4454.915,4456.335,0.0551
1779919500000,2026-05-27,22:05:00,4456.245,4462.135,4455.505,4458.475,0.036
1779919800000,2026-05-27,22:10:00,4458.525,4460.325,4456.905,4457.625,0.0342
1779920100000,2026-05-27,22:15:00,4457.655,4460.395,4456.295,4459.215,0.028
1779920400000,2026-05-27,22:20:00,4459.185,4461.835,4457.415,4460.485,0.0299
1779920700000,2026-05-27,22:25:00,4460.435,4461.625,4459.495,4459.635,0.04
1779921000000,2026-05-27,22:30:00,4459.478,4459.895,4454.965,4457.035,0.0589
1779921300000,2026-05-27,22:35:00,4457.055,4461.775,4457.055,4461.145,0.0405
1779921600000,2026-05-27,22:40:00,4461.248,4462.245,4457.845,4458.245,0.0479
1779921900000,2026-05-27,22:45:00,4458.225,4458.615,4456.065,4456.275,0.0278
1779922200000,2026-05-27,22:50:00,4456.325,4457.695,4455.205,4456.355,0.0328
1779922500000,2026-05-27,22:55:00,4456.405,4457.505,4456.225,4457.088,0.0314
1779922800000,2026-05-27,23:00:00,4457.088,4457.345,4454.675,4456.185,0.087
1779923100000,2026-05-27,23:05:00,4455.815,4456.525,4451.245,4452.508,0.1081
1779923400000,2026-05-27,23:10:00,4452.508,4453.975,4451.455,4453.235,0.0435
1779923700000,2026-05-27,23:15:00,4453.295,4454.585,4450.645,4453.465,0.0534
1779924000000,2026-05-27,23:20:00,4453.525,4454.475,4449.305,4451.295,0.0915
1779924300000,2026-05-27,23:25:00,4451.355,4452.065,4449.065,4450.475,0.0578
1779924600000,2026-05-27,23:30:00,4450.425,4451.165,4449.025,4449.515,0.0582
1779924900000,2026-05-27,23:35:00,4449.535,4453.635,4449.505,4452.898,0.0463
1779925200000,2026-05-27,23:40:00,4452.895,4453.605,4450.365,4450.405,0.0626
1779925500000,2026-05-27,23:45:00,4450.325,4450.325,4446.038,4448.035,0.1071
1779925800000,2026-05-27,23:50:00,4448.215,4448.795,4443.535,4445.885,0.1162
1779926100000,2026-05-27,23:55:00,4445.935,4449.705,4445.515,4446.975,0.0858
1779926400000,2026-05-28,00:00:00,4446.955,4452.285,4445.155,4449.225,0.1588
1779926700000,2026-05-28,00:05:00,4449.245,4449.875,4445.425,4448.945,0.1244
1779927000000,2026-05-28,00:10:00,4449.005,4449.735,4444.275,4444.385,0.1127
1779927300000,2026-05-28,00:15:00,4444.425,4453.775,4443.745,4452.075,0.1536
1779927600000,2026-05-28,00:20:00,4452.045,4453.315,4443.835,4445.685,0.1131
1779927900000,2026-05-28,00:25:00,4445.635,4447.725,4443.765,4446.095,0.1365
1779928200000,2026-05-28,00:30:00,4446.055,4449.945,4443.338,4449.175,0.1429
1779928500000,2026-05-28,00:35:00,4449.325,4452.615,4448.758,4450.545,0.0982
1779928800000,2026-05-28,00:40:00,4450.595,4452.955,4449.965,4451.835,0.115
1779929100000,2026-05-28,00:45:00,4451.805,4455.075,4451.555,4453.585,0.1288
1779929400000,2026-05-28,00:50:00,4453.535,4454.205,4451.155,4451.278,0.1216
1779929700000,2026-05-28,00:55:00,4451.278,4457.585,4450.245,4456.678,0.1827
1779930000000,2026-05-28,01:00:00,4456.665,4458.355,4445.448,4445.558,0.3419
1779930300000,2026-05-28,01:05:00,4445.468,4448.085,4442.445,4444.348,0.2348
1779930600000,2026-05-28,01:10:00,4444.348,4446.055,4437.428,4437.818,0.2262
1779930900000,2026-05-28,01:15:00,4437.778,4440.125,4431.375,4433.078,0.2808
1779931200000,2026-05-28,01:20:00,4433.078,4434.795,4426.565,4430.905,0.2244
1779931500000,2026-05-28,01:25:00,4430.755,4431.075,4416.895,4418.818,0.2898
1779931800000,2026-05-28,01:30:00,4418.845,4425.385,4416.798,4424.998,0.2737
1779932100000,2026-05-28,01:35:00,4424.998,4426.215,4420.318,4422.398,0.3104
1779932400000,2026-05-28,01:40:00,4422.305,4422.855,4415.698,4417.318,0.2806
1779932700000,2026-05-28,01:45:00,4417.318,4420.038,4416.015,4417.258,0.2311
1779933000000,2026-05-28,01:50:00,4417.258,4419.345,4407.135,4408.818,0.3708
1779933300000,2026-05-28,01:55:00,4408.675,4411.038,4406.578,4409.668,0.3375
1779933600000,2026-05-28,02:00:00,4409.668,4412.195,4402.275,4403.748,0.5237
1779933900000,2026-05-28,02:05:00,4403.748,4408.098,4402.458,4407.678,0.3219
1779934200000,2026-05-28,02:10:00,4407.678,4407.828,4395.958,4402.238,0.3683
1779934500000,2026-05-28,02:15:00,4402.248,4405.498,4401.918,4403.828,0.2049
1779934800000,2026-05-28,02:20:00,4403.878,4405.928,4399.408,4405.418,0.1914
1779935100000,2026-05-28,02:25:00,4405.488,4407.918,4405.388,4405.758,0.1562
1779935400000,2026-05-28,02:30:00,4405.768,4409.985,4403.618,4408.668,0.2249
1779935700000,2026-05-28,02:35:00,4408.678,4408.878,4405.488,4406.678,0.198
1779936000000,2026-05-28,02:40:00,4406.678,4408.048,4400.285,4401.768,0.2281
1779936300000,2026-05-28,02:45:00,4401.565,4401.998,4393.025,4395.778,0.2832
1779936600000,2026-05-28,02:50:00,4395.748,4398.035,4392.898,4395.058,0.2174
1779936900000,2026-05-28,02:55:00,4395.018,4398.575,4392.195,4394.128,0.1998
1779937200000,2026-05-28,03:00:00,4394.128,4396.138,4389.908,4395.225,0.2733
1779937500000,2026-05-28,03:05:00,4395.315,4397.525,4393.798,4396.148,0.1999
1779937800000,2026-05-28,03:10:00,4396.178,4396.965,4391.565,4394.015,0.1962
1779938100000,2026-05-28,03:15:00,4394.045,4394.255,4382.545,4384.135,0.2567
1779938400000,2026-05-28,03:20:00,4384.375,4387.605,4381.995,4386.218,0.2581
1779938700000,2026-05-28,03:25:00,4386.238,4387.848,4383.008,4387.268,0.2493
1779939000000,2026-05-28,03:30:00,4387.268,4387.498,4379.545,4379.575,0.2868
1779939300000,2026-05-28,03:35:00,4379.585,4379.895,4370.528,4373.718,0.3201
1779939600000,2026-05-28,03:40:00,4373.735,4377.775,4371.425,4376.615,0.2896
1779939900000,2026-05-28,03:45:00,4376.615,4379.045,4372.135,4374.845,0.2202
1779940200000,2026-05-28,03:50:00,4374.845,4376.125,4371.615,4375.345,0.2149
1779940500000,2026-05-28,03:55:00,4375.205,4376.635,4368.115,4374.515,0.1873
1779940800000,2026-05-28,04:00:00,4374.495,4377.505,4369.335,4374.975,0.2162
1779941100000,2026-05-28,04:05:00,4375.045,4381.645,4373.725,4380.775,0.192
1779941400000,2026-05-28,04:10:00,4380.765,4381.335,4375.375,4375.905,0.1517
1779941700000,2026-05-28,04:15:00,4375.955,4376.625,4368.555,4368.805,0.1727
1779942000000,2026-05-28,04:20:00,4368.805,4372.298,4366.048,4371.175,0.229
1779942300000,2026-05-28,04:25:00,4371.135,4371.675,4366.795,4367.955,0.1643
1779942600000,2026-05-28,04:30:00,4367.955,4372.335,4367.895,4371.175,0.1282
1779942900000,2026-05-28,04:35:00,4371.145,4373.265,4370.165,4371.775,0.1289
1779943200000,2026-05-28,04:40:00,4371.795,4374.725,4370.515,4373.795,0.1665
1779943500000,2026-05-28,04:45:00,4373.638,4374.798,4368.838,4369.398,0.1725
1779943800000,2026-05-28,04:50:00,4369.328,4372.278,4367.758,4370.678,0.1976
1779944100000,2026-05-28,04:55:00,4370.688,4374.438,4370.675,4372.745,0.1748
1779944400000,2026-05-28,05:00:00,4372.745,4373.758,4366.785,4369.655,0.2164
1779944700000,2026-05-28,05:05:00,4369.575,4373.875,4367.718,4371.655,0.1464
1779945000000,2026-05-28,05:10:00,4371.605,4377.25,4371.345,4375.048,0.1542
1779945300000,2026-05-28,05:15:00,4375.115,4375.905,4371.438,4374.045,0.1609
1779945600000,2026-05-28,05:20:00,4374.095,4377.245,4371.388,4376.918,0.1394
1779945900000,2026-05-28,05:25:00,4376.918,4379.658,4376.245,4378.395,0.1873
1779946200000,2026-05-28,05:30:00,4378.365,4387.555,4374.695,4386.425,0.3175
1779946500000,2026-05-28,05:35:00,4386.425,4390.968,4386.208,4390.858,0.2402
1779946800000,2026-05-28,05:40:00,4390.858,4393.238,4388.988,4389.225,0.2208
1779947100000,2026-05-28,05:45:00,4389.225,4394.625,4389.225,4391.995,0.244
1779947400000,2026-05-28,05:50:00,4392.075,4395.548,4390.635,4393.108,0.2469
1779947700000,2026-05-28,05:55:00,4393.175,4393.398,4387.378,4387.745,0.1804
1779948000000,2026-05-28,06:00:00,4387.798,4390.298,4385.355,4387.218,0.2186
1779948300000,2026-05-28,06:05:00,4387.218,4387.565,4378.588,4379.615,0.2281
1779948600000,2026-05-28,06:10:00,4379.685,4381.308,4374.248,4375.505,0.2543
1779948900000,2026-05-28,06:15:00,4375.518,4380.055,4373.685,4379.285,0.2152
1779949200000,2026-05-28,06:20:00,4379.335,4384.355,4379.245,4381.565,0.1843
1779949500000,2026-05-28,06:25:00,4381.565,4384.408,4379.788,4380.045,0.1512
1779949800000,2026-05-28,06:30:00,4380.035,4384.615,4378.985,4383.085,0.1878
1779950100000,2026-05-28,06:35:00,4383.085,4385.145,4381.575,4381.665,0.1587
1779950400000,2026-05-28,06:40:00,4381.585,4383.565,4376.615,4380.155,0.1553
1779950700000,2026-05-28,06:45:00,4380.155,4384.158,4378.865,4383.038,0.1651
1779951000000,2026-05-28,06:50:00,4383.025,4383.785,4380.895,4382.415,0.1718
1779951300000,2026-05-28,06:55:00,4382.375,4384.455,4381.545,4383.178,0.1186
1779951600000,2026-05-28,07:00:00,4383.325,4389.435,4383.178,4387.285,0.2187
1779951900000,2026-05-28,07:05:00,4386.935,4392.055,4386.455,4391.688,0.1456
1779952200000,2026-05-28,07:10:00,4391.518,4391.518,4386.395,4388.468,0.1914
1779952500000,2026-05-28,07:15:00,4388.468,4394.858,4386.048,4394.188,0.145
1779952800000,2026-05-28,07:20:00,4394.065,4395.955,4392.695,4394.005,0.16
1779953100000,2026-05-28,07:25:00,4393.915,4395.745,4391.425,4392.305,0.1408
1779953400000,2026-05-28,07:30:00,4392.305,4393.555,4388.845,4389.118,0.1708
1779953700000,2026-05-28,07:35:00,4389.215,4392.265,4388.328,4388.898,0.1457
1779954000000,2026-05-28,07:40:00,4388.865,4389.525,4385.135,4389.078,0.1477
1779954300000,2026-05-28,07:45:00,4389.145,4390.745,4385.895,4387.555,0.1615
1779954600000,2026-05-28,07:50:00,4387.585,4389.015,4382.575,4385.215,0.1248
1779954900000,2026-05-28,07:55:00,4385.235,4388.575,4383.368,4387.255,0.0897
1779955200000,2026-05-28,08:00:00,4387.238,4392.825,4386.285,4387.155,0.129
1779955500000,2026-05-28,08:05:00,4387.155,4393.345,4386.378,4393.345,0.0914
1779955800000,2026-05-28,08:10:00,4393.385,4394.675,4391.275,4393.005,0.085
1779956100000,2026-05-28,08:15:00,4392.975,4394.275,4390.795,4391.505,0.075
1779956400000,2026-05-28,08:20:00,4391.505,4394.195,4390.885,4392.395,0.079
1779956700000,2026-05-28,08:25:00,4392.415,4392.825,4387.318,4389.545,0.1147
1779957000000,2026-05-28,08:30:00,4389.378,4391.905,4385.918,4391.905,0.0947
1779957300000,2026-05-28,08:35:00,4391.905,4394.628,4389.755,4391.665,0.0847
1779957600000,2026-05-28,08:40:00,4391.715,4393.225,4389.135,4389.775,0.0917
1779957900000,2026-05-28,08:45:00,4389.885,4391.225,4387.085,4390.695,0.0748
1779958200000,2026-05-28,08:50:00,4390.645,4391.675,4388.285,4388.495,0.0647
1779958500000,2026-05-28,08:55:00,4388.495,4388.775,4385.615,4386.665,0.0839
1779958800000,2026-05-28,09:00:00,4386.588,4390.835,4386.185,4389.175,0.0914
1779959100000,2026-05-28,09:05:00,4389.105,4391.095,4388.075,4389.275,0.0844
1779959400000,2026-05-28,09:10:00,4389.275,4390.525,4386.415,4389.035,0.0858
1779959700000,2026-05-28,09:15:00,4389.005,4391.895,4388.305,4389.748,0.0778
1779960000000,2026-05-28,09:20:00,4389.745,4398.845,4389.745,4395.158,0.1236
1779960300000,2026-05-28,09:25:00,4395.075,4397.515,4393.518,4396.205,0.1079
1779960600000,2026-05-28,09:30:00,4396.068,4396.735,4391.305,4392.748,0.1483
1779960900000,2026-05-28,09:35:00,4392.935,4395.575,4391.265,4392.255,0.1281
1779961200000,2026-05-28,09:40:00,4392.315,4392.865,4389.975,4390.975,0.1039
1779961500000,2026-05-28,09:45:00,4391.075,4393.255,4389.538,4392.575,0.1097
1779961800000,2026-05-28,09:50:00,4392.555,4396.045,4392.158,4394.355,0.1318
1779962100000,2026-05-28,09:55:00,4394.085,4396.135,4392.655,4393.405,0.0828
1779962400000,2026-05-28,10:00:00,4393.435,4394.648,4391.365,4393.418,0.0803
1779962700000,2026-05-28,10:05:00,4393.355,4401.435,4393.355,4401.285,0.0978
1779963000000,2026-05-28,10:10:00,4401.385,4403.765,4398.205,4399.048,0.1154
1779963300000,2026-05-28,10:15:00,4399.048,4400.578,4397.865,4399.238,0.091
1779963600000,2026-05-28,10:20:00,4399.238,4399.238,4393.645,4395.615,0.1023
1779963900000,2026-05-28,10:25:00,4395.465,4402.285,4395.335,4400.945,0.0934
1779964200000,2026-05-28,10:30:00,4400.945,4402.235,4397.995,4398.655,0.0921
1779964500000,2026-05-28,10:35:00,4398.685,4399.635,4397.115,4397.685,0.0868
1779964800000,2026-05-28,10:40:00,4397.665,4398.265,4387.885,4388.998,0.1338
1779965100000,2026-05-28,10:45:00,4388.815,4388.998,4379.745,4380.498,0.1917
1779965400000,2026-05-28,10:50:00,4380.598,4384.478,4374.678,4381.935,0.2915
1779965700000,2026-05-28,10:55:00,4381.775,4387.165,4381.775,4382.775,0.1707
1779966000000,2026-05-28,11:00:00,4382.775,4388.365,4381.225,4388.365,0.1757
1779966300000,2026-05-28,11:05:00,4388.365,4389.055,4385.315,4386.635,0.1357
1779966600000,2026-05-28,11:10:00,4386.635,4388.265,4385.245,4386.735,0.1158
1779966900000,2026-05-28,11:15:00,4386.485,4390.505,4386.415,4389.315,0.0898
1779967200000,2026-05-28,11:20:00,4389.335,4389.895,4385.418,4387.425,0.1043
1779967500000,2026-05-28,11:25:00,4387.435,4388.955,4384.185,4384.645,0.0868
1779967800000,2026-05-28,11:30:00,4384.745,4386.965,4380.705,4386.385,0.1115
1779968100000,2026-05-28,11:35:00,4386.415,4389.868,4385.908,4388.195,0.1239
1779968400000,2026-05-28,11:40:00,4388.205,4390.295,4384.835,4385.605,0.0961
1779968700000,2026-05-28,11:45:00,4385.565,4386.085,4382.838,4383.255,0.079
1779969000000,2026-05-28,11:50:00,4383.085,4384.385,4380.815,4383.525,0.1132
1779969300000,2026-05-28,11:55:00,4383.435,4388.285,4383.015,4387.745,0.1133
1779969600000,2026-05-28,12:00:00,4387.855,4391.275,4387.758,4389.935,0.1063
1779969900000,2026-05-28,12:05:00,4389.878,4392.515,4389.288,4391.405,0.1156
1779970200000,2026-05-28,12:10:00,4391.405,4392.615,4388.505,4392.475,0.1063
1779970500000,2026-05-28,12:15:00,4392.495,4392.755,4387.465,4388.115,0.1114
1779970800000,2026-05-28,12:20:00,4388.205,4389.518,4379.375,4381.285,0.1548
1779971100000,2026-05-28,12:25:00,4381.405,4386.785,4380.805,4384.875,0.0986
1779971400000,2026-05-28,12:30:00,4384.895,4394.185,4383.825,4392.185,0.266
1779971700000,2026-05-28,12:35:00,4392.038,4402.135,4391.265,4398.528,0.2204
1779972000000,2026-05-28,12:40:00,4398.335,4402.885,4397.285,4401.818,0.2082
1779972300000,2026-05-28,12:45:00,4402.335,4410.095,4401.375,4409.628,0.1964
1779972600000,2026-05-28,12:50:00,4409.618,4421.385,4409.035,4420.205,0.247
1779972900000,2026-05-28,12:55:00,4420.265,4433.458,4420.265,4431.848,0.2959
1779973200000,2026-05-28,13:00:00,4432.115,4436.078,4428.615,4432.225,0.4004
1779973500000,2026-05-28,13:05:00,4432.255,4438.895,4425.835,4426.095,0.254
1779973800000,2026-05-28,13:10:00,4426.165,4431.755,4424.818,4426.428,0.2401
1779974100000,2026-05-28,13:15:00,4426.475,4431.755,4425.595,4431.325,0.1772
1779974400000,2026-05-28,13:20:00,4431.345,4434.045,4427.168,4428.395,0.1798
1779974700000,2026-05-28,13:25:00,4428.395,4432.665,4427.418,4428.365,0.1946
1779975000000,2026-05-28,13:30:00,4428.445,4430.565,4418.155,4418.585,0.3091
1779975300000,2026-05-28,13:35:00,4418.655,4426.245,4417.995,4424.685,0.2881
1779975600000,2026-05-28,13:40:00,4424.715,4425.345,4419.265,4421.665,0.3034
1779975900000,2026-05-28,13:45:00,4421.658,4429.795,4421.228,4425.435,0.2354
1779976200000,2026-05-28,13:50:00,4425.345,4434.155,4425.345,4430.495,0.2659
1779976500000,2026-05-28,13:55:00,4430.565,4431.995,4426.115,4429.995,0.2265
1779976800000,2026-05-28,14:00:00,4429.775,4432.915,4420.525,4424.428,0.292
1779977100000,2026-05-28,14:05:00,4424.118,4442.335,4423.905,4438.498,0.2557
1779977400000,2026-05-28,14:10:00,4438.735,4466.845,4432.075,4463.738,0.2936
1779977700000,2026-05-28,14:15:00,4463.748,4473.165,4450.838,4464.475,0.53
1779978000000,2026-05-28,14:20:00,4464.495,4466.855,4453.328,4461.118,0.443
1779978300000,2026-05-28,14:25:00,4461.138,4464.778,4458.355,4460.568,0.4278
1779978600000,2026-05-28,14:30:00,4460.758,4467.658,4455.928,4456.238,0.4301
1779978900000,2026-05-28,14:35:00,4456.188,4459.918,4452.295,4459.318,0.4221
1779979200000,2026-05-28,14:40:00,4459.238,4471.175,4457.985,4468.658,0.4238
1779979500000,2026-05-28,14:45:00,4468.658,4480.135,4465.995,4467.745,0.4579
1779979800000,2026-05-28,14:50:00,4467.775,4475.365,4466.375,4470.168,0.3933
1779980100000,2026-05-28,14:55:00,4470.095,4470.555,4461.715,4469.078,0.3712
1779980400000,2026-05-28,15:00:00,4469.525,4476.645,4468.385,4474.598,0.3802
1779980700000,2026-05-28,15:05:00,4474.598,4480.448,4472.145,4473.195,0.3346
1779981000000,2026-05-28,15:10:00,4473.415,4473.935,4470.125,4471.138,0.2779
1779981300000,2026-05-28,15:15:00,4471.315,4473.825,4470.395,4472.148,0.2273
1779981600000,2026-05-28,15:20:00,4472.125,4476.705,4468.928,4475.938,0.2727
1779981900000,2026-05-28,15:25:00,4475.968,4481.795,4475.038,4476.428,0.3063
1779982200000,2026-05-28,15:30:00,4476.438,4481.028,4476.395,4480.708,0.2656
1779982500000,2026-05-28,15:35:00,4480.708,4484.995,4478.035,4478.095,0.2688
1779982800000,2026-05-28,15:40:00,4478.135,4480.835,4476.918,4479.055,0.1982
1779983100000,2026-05-28,15:45:00,4479.075,4482.165,4478.495,4479.448,0.1742
1779983400000,2026-05-28,15:50:00,4479.448,4482.178,4479.138,4479.825,0.1989
1779983700000,2026-05-28,15:55:00,4479.828,4482.008,4478.308,4481.938,0.1778
1779984000000,2026-05-28,16:00:00,4482.005,4483.478,4477.255,4480.608,0.2291
1779984300000,2026-05-28,16:05:00,4480.905,4485.618,4480.588,4481.048,0.2375
1779984600000,2026-05-28,16:10:00,4481.048,4485.208,4480.795,4483.998,0.2223
1779984900000,2026-05-28,16:15:00,4484.075,4497.285,4483.685,4496.895,0.3347
1779985200000,2026-05-28,16:20:00,4496.875,4502.265,4494.545,4501.965,0.3444
1779985500000,2026-05-28,16:25:00,4501.965,4502.615,4498.545,4500.475,0.3138
1779985800000,2026-05-28,16:30:00,4500.425,4502.365,4497.565,4498.685,0.2327
1779986100000,2026-05-28,16:35:00,4498.685,4502.865,4497.425,4499.058,0.2596
1779986400000,2026-05-28,16:40:00,4499.058,4506.155,4498.788,4504.035,0.2458
1779986700000,2026-05-28,16:45:00,4504.035,4508.035,4504.035,4504.818,0.2549
1779987000000,2026-05-28,16:50:00,4504.818,4509.425,4504.545,4507.948,0.2356
1779987300000,2026-05-28,16:55:00,4507.658,4510.708,4507.588,4510.675,0.1872
1779987600000,2026-05-28,17:00:00,4510.765,4514.205,4509.148,4509.775,0.3018
1779987900000,2026-05-28,17:05:00,4509.775,4509.988,4505.555,4509.558,0.2265
1779988200000,2026-05-28,17:10:00,4509.568,4510.088,4503.235,4503.788,0.2188
1779988500000,2026-05-28,17:15:00,4503.565,4506.578,4503.228,4504.178,0.2212
1779988800000,2026-05-28,17:20:00,4504.178,4505.578,4502.408,4504.928,0.2433
1779989100000,2026-05-28,17:25:00,4504.938,4506.228,4501.028,4501.868,0.2609
1779989400000,2026-05-28,17:30:00,4501.918,4506.888,4501.918,4504.988,0.1972
1779989700000,2026-05-28,17:35:00,4504.988,4505.638,4503.728,4505.478,0.1853
1779990000000,2026-05-28,17:40:00,4505.478,4506.868,4504.198,4504.658,0.1481
1779990300000,2026-05-28,17:45:00,4504.698,4508.948,4504.378,4508.348,0.1805
1779990600000,2026-05-28,17:50:00,4508.095,4508.438,4506.558,4507.468,0.1477
1779990900000,2026-05-28,17:55:00,4507.225,4509.648,4507.225,4508.738,0.1633
1779991200000,2026-05-28,18:00:00,4508.738,4516.318,4508.405,4512.998,0.2494
1779991500000,2026-05-28,18:05:00,4512.998,4513.538,4509.188,4509.578,0.1929
1779991800000,2026-05-28,18:10:00,4509.578,4509.578,4505.955,4507.508,0.1999
1779992100000,2026-05-28,18:15:00,4507.508,4512.508,4505.238,4509.398,0.2303
1779992400000,2026-05-28,18:20:00,4509.398,4510.798,4507.388,4507.938,0.1948
1779992700000,2026-05-28,18:25:00,4508.028,4508.028,4505.045,4506.118,0.1942
1779993000000,2026-05-28,18:30:00,4506.128,4506.218,4501.328,4501.928,0.1779
1779993300000,2026-05-28,18:35:00,4501.928,4503.358,4500.575,4501.668,0.1969
1779993600000,2026-05-28,18:40:00,4501.688,4502.598,4500.728,4501.568,0.1624
1779993900000,2026-05-28,18:45:00,4501.395,4502.258,4498.258,4499.068,0.1692
1779994200000,2026-05-28,18:50:00,4499.068,4503.335,4498.628,4502.678,0.1787
1779994500000,2026-05-28,18:55:00,4502.688,4503.065,4500.245,4500.758,0.146
1779994800000,2026-05-28,19:00:00,4500.758,4503.498,4499.758,4501.508,0.1467
1779995100000,2026-05-28,19:05:00,4501.498,4502.098,4498.588,4498.718,0.112
1779995400000,2026-05-28,19:10:00,4498.795,4501.578,4498.345,4499.238,0.1413
1779995700000,2026-05-28,19:15:00,4499.318,4501.368,4499.268,4500.868,0.0957
1779996000000,2026-05-28,19:20:00,4500.858,4502.738,4500.238,4502.258,0.0932
1779996300000,2026-05-28,19:25:00,4502.258,4502.278,4499.438,4499.538,0.0961
1779996600000,2026-05-28,19:30:00,4499.415,4501.598,4499.415,4500.728,0.1144
1779996900000,2026-05-28,19:35:00,4500.738,4501.388,4499.138,4500.598,0.1084
1779997200000,2026-05-28,19:40:00,4500.598,4500.768,4498.698,4499.088,0.1124
1779997500000,2026-05-28,19:45:00,4498.938,4500.068,4498.108,4498.538,0.1148
1779997800000,2026-05-28,19:50:00,4498.538,4499.888,4497.455,4498.768,0.1806
1779998100000,2026-05-28,19:55:00,4498.768,4499.378,4496.985,4497.788,0.2084
1779998400000,2026-05-28,20:00:00,4497.588,4498.038,4495.438,4495.568,0.1173
1779998700000,2026-05-28,20:05:00,4495.785,4497.238,4494.698,4495.958,0.0634
1779999000000,2026-05-28,20:10:00,4495.958,4498.378,4495.625,4496.968,0.0695
1779999300000,2026-05-28,20:15:00,4496.988,4500.298,4496.078,4497.298,0.0942
1779999600000,2026-05-28,20:20:00,4497.308,4498.655,4497.055,4497.588,0.0535
1779999900000,2026-05-28,20:25:00,4497.618,4499.168,4496.685,4499.088,0.0808
1780000200000,2026-05-28,20:30:00,4499.088,4500.398,4497.968,4499.938,0.1652
1780000500000,2026-05-28,20:35:00,4499.938,4499.938,4495.958,4496.035,0.078
1780000800000,2026-05-28,20:40:00,4496.058,4496.378,4494.628,4495.218,0.0687
1780001100000,2026-05-28,20:45:00,4495.218,4496.048,4494.638,4495.505,0.0735
1780001400000,2026-05-28,20:50:00,4495.448,4495.815,4494.505,4495.475,0.0724
1780001700000,2026-05-28,20:55:00,4495.445,4496.248,4495.075,4495.605,0.0633
1780005600000,2026-05-28,22:00:00,4494.685,4499.265,4493.168,4496.705,0.0608
1780005900000,2026-05-28,22:05:00,4496.925,4497.625,4491.345,4493.205,0.1018
1780006200000,2026-05-28,22:10:00,4493.195,4494.925,4492.065,4493.465,0.0489
1780006500000,2026-05-28,22:15:00,4493.445,4494.555,4492.705,4493.445,0.0249
1780006800000,2026-05-28,22:20:00,4493.485,4494.535,4492.645,4493.415,0.0344
1780007100000,2026-05-28,22:25:00,4493.465,4496.148,4492.485,4495.388,0.0663
1780007400000,2026-05-28,22:30:00,4495.478,4496.158,4493.308,4493.718,0.0583
1780007700000,2026-05-28,22:35:00,4493.718,4494.725,4492.695,4493.905,0.0802
1780008000000,2026-05-28,22:40:00,4493.925,4496.168,4493.055,4495.138,0.083
1780008300000,2026-05-28,22:45:00,4495.228,4495.875,4494.198,4494.208,0.0531
1780008600000,2026-05-28,22:50:00,4494.218,4494.428,4492.025,4493.538,0.065
1780008900000,2026-05-28,22:55:00,4493.538,4493.938,4490.608,4490.638,0.079
1780009200000,2026-05-28,23:00:00,4490.595,4494.938,4490.595,4494.938,0.19
1780009500000,2026-05-28,23:05:00,4494.938,4495.458,4493.495,4493.878,0.1012
1780009800000,2026-05-28,23:10:00,4493.818,4494.558,4493.818,4494.315,0.0396
1780010100000,2026-05-28,23:15:00,4494.358,4496.658,4494.358,4495.508,0.054
1780010400000,2026-05-28,23:20:00,4495.508,4495.508,4493.425,4494.178,0.051
1780010700000,2026-05-28,23:25:00,4494.178,4494.178,4491.385,4491.865,0.0456
1780011000000,2026-05-28,23:30:00,4491.865,4494.205,4490.818,4493.775,0.066
1780011300000,2026-05-28,23:35:00,4493.705,4494.225,4491.565,4491.595,0.0714
1780011600000,2026-05-28,23:40:00,4491.615,4491.875,4488.755,4489.545,0.09
1780011900000,2026-05-28,23:45:00,4489.515,4490.875,4488.685,4490.045,0.0878
1780012200000,2026-05-28,23:50:00,4490.075,4494.065,4489.955,4491.835,0.093
1780012500000,2026-05-28,23:55:00,4491.925,4495.925,4491.375,4494.735,0.0848
1780012800000,2026-05-29,00:00:00,4494.795,4497.895,4492.125,4494.635,0.2573
1780013100000,2026-05-29,00:05:00,4494.605,4496.205,4491.695,4494.305,0.2122
1780013400000,2026-05-29,00:10:00,4494.325,4497.858,4492.205,4496.978,0.2268
1780013700000,2026-05-29,00:15:00,4496.978,4499.785,4496.165,4498.895,0.2114
1780014000000,2026-05-29,00:20:00,4499.015,4500.255,4495.495,4497.395,0.1167
1780014300000,2026-05-29,00:25:00,4497.425,4500.375,4496.215,4499.895,0.1183
1780014600000,2026-05-29,00:30:00,4499.665,4500.255,4495.035,4495.035,0.1162
1780014900000,2026-05-29,00:35:00,4495.025,4496.255,4493.095,4493.945,0.0956
1780015200000,2026-05-29,00:40:00,4493.855,4498.345,4493.805,4498.085,0.0994
1780015500000,2026-05-29,00:45:00,4497.775,4498.185,4492.985,4494.865,0.0844
1780015800000,2026-05-29,00:50:00,4494.845,4496.585,4493.365,4494.005,0.0989
1780016100000,2026-05-29,00:55:00,4494.045,4495.935,4493.088,4495.935,0.0978
1780016400000,2026-05-29,01:00:00,4495.905,4503.335,4491.995,4500.585,0.2887
1780016700000,2026-05-29,01:05:00,4500.615,4509.005,4498.525,4508.585,0.2325
1780017000000,2026-05-29,01:10:00,4508.565,4514.995,4507.775,4514.705,0.2284
1780017300000,2026-05-29,01:15:00,4514.675,4520.445,4514.195,4518.395,0.2375
1780017600000,2026-05-29,01:20:00,4518.505,4520.075,4512.495,4512.505,0.1992
1780017900000,2026-05-29,01:25:00,4512.475,4513.165,4504.995,4505.175,0.1952
1780018200000,2026-05-29,01:30:00,4505.195,4505.515,4502.225,4503.935,0.1864
1780018500000,2026-05-29,01:35:00,4503.905,4508.165,4502.915,4506.805,0.1646
1780018800000,2026-05-29,01:40:00,4506.715,4508.345,4505.155,4506.195,0.1667
1780019100000,2026-05-29,01:45:00,4506.165,4506.625,4501.385,4501.738,0.1796
1780019400000,2026-05-29,01:50:00,4501.355,4506.395,4500.865,4505.875,0.1579
1780019700000,2026-05-29,01:55:00,4505.835,4507.585,4503.575,4506.355,0.146
1780020000000,2026-05-29,02:00:00,4506.385,4510.835,4505.835,4510.585,0.2026
1780020300000,2026-05-29,02:05:00,4510.655,4511.015,4504.955,4505.605,0.14
1780020600000,2026-05-29,02:10:00,4505.655,4507.765,4503.905,4506.655,0.1221
1780020900000,2026-05-29,02:15:00,4506.725,4508.705,4504.935,4505.635,0.0959
1780021200000,2026-05-29,02:20:00,4505.615,4505.785,4502.645,4504.345,0.086
1780021500000,2026-05-29,02:25:00,4504.375,4504.775,4501.595,4502.755,0.0694
1780021800000,2026-05-29,02:30:00,4502.755,4505.075,4498.135,4503.875,0.1677
1780022100000,2026-05-29,02:35:00,4503.845,4506.415,4502.835,4505.935,0.115
1780022400000,2026-05-29,02:40:00,4505.965,4507.735,4504.755,4504.945,0.1149
1780022700000,2026-05-29,02:45:00,4504.965,4507.905,4504.465,4506.075,0.1166
1780023000000,2026-05-29,02:50:00,4506.045,4506.135,4501.895,4502.935,0.1382
1780023300000,2026-05-29,02:55:00,4502.915,4505.055,4500.975,4501.525,0.1236
1780023600000,2026-05-29,03:00:00,4501.415,4501.695,4498.645,4501.345,0.1702
1780023900000,2026-05-29,03:05:00,4501.375,4501.455,4496.415,4497.885,0.1451
1780024200000,2026-05-29,03:10:00,4497.985,4498.735,4494.715,4496.125,0.1623
1780024500000,2026-05-29,03:15:00,4496.135,4497.405,4495.085,4496.155,0.1243
1780024800000,2026-05-29,03:20:00,4496.215,4498.925,4496.145,4498.005,0.1196
1780025100000,2026-05-29,03:25:00,4498.035,4498.065,4494.965,4496.645,0.1437
1780025400000,2026-05-29,03:30:00,4496.615,4498.165,4496.315,4497.125,0.0864
1780025700000,2026-05-29,03:35:00,4497.065,4497.815,4494.535,4495.905,0.1003
1780026000000,2026-05-29,03:40:00,4495.935,4498.945,4495.935,4497.945,0.0843
1780026300000,2026-05-29,03:45:00,4497.975,4499.745,4497.665,4499.745,0.078
1780026600000,2026-05-29,03:50:00,4499.695,4500.315,4496.085,4499.415,0.1049
1780026900000,2026-05-29,03:55:00,4499.385,4501.345,4498.625,4501.085,0.1096
1780027200000,2026-05-29,04:00:00,4501.065,4505.215,4500.885,4502.465,0.1193
1780027500000,2026-05-29,04:05:00,4502.495,4503.585,4501.188,4503.065,0.0814
1780027800000,2026-05-29,04:10:00,4503.085,4503.305,4501.565,4502.235,0.0797
1780028100000,2026-05-29,04:15:00,4502.145,4504.835,4501.755,4504.415,0.0987
1780028400000,2026-05-29,04:20:00,4504.365,4511.325,4503.895,4510.235,0.1277
1780028700000,2026-05-29,04:25:00,4510.215,4511.378,4508.675,4508.965,0.1355
1780029000000,2026-05-29,04:30:00,4508.885,4510.345,4508.248,4508.805,0.1076
1780029300000,2026-05-29,04:35:00,4508.815,4510.715,4508.205,4509.525,0.0757
1780029600000,2026-05-29,04:40:00,4509.545,4510.625,4508.815,4510.445,0.0855
1780029900000,2026-05-29,04:45:00,4510.505,4510.775,4508.095,4508.995,0.07
1780030200000,2026-05-29,04:50:00,4509.085,4510.045,4507.815,4509.095,0.0739
1780030500000,2026-05-29,04:55:00,4509.065,4514.675,4508.505,4513.905,0.0834
1780030800000,2026-05-29,05:00:00,4513.845,4515.265,4509.435,4509.625,0.0824
1780031100000,2026-05-29,05:05:00,4509.655,4510.805,4509.145,4509.745,0.0707
1780031400000,2026-05-29,05:10:00,4509.745,4512.165,4508.565,4511.658,0.0758
1780031700000,2026-05-29,05:15:00,4511.658,4511.945,4510.275,4511.555,0.0791
1780032000000,2026-05-29,05:20:00,4511.565,4511.805,4509.455,4509.605,0.0702
1780032300000,2026-05-29,05:25:00,4509.605,4510.565,4509.098,4509.575,0.0764
1780032600000,2026-05-29,05:30:00,4509.795,4512.545,4507.128,4508.075,0.1914
1780032900000,2026-05-29,05:35:00,4508.028,4508.028,4502.455,4503.278,0.1639
1780033200000,2026-05-29,05:40:00,4503.328,4507.835,4502.435,4506.455,0.1569
1780033500000,2026-05-29,05:45:00,4506.545,4508.655,4505.268,4505.835,0.1314
1780033800000,2026-05-29,05:50:00,4505.805,4515.775,4503.765,4514.745,0.1424
1780034100000,2026-05-29,05:55:00,4514.775,4515.325,4510.405,4514.745,0.1514
1780034400000,2026-05-29,06:00:00,4514.745,4522.265,4514.205,4518.955,0.187
1780034700000,2026-05-29,06:05:00,4518.815,4519.895,4514.115,4514.125,0.1342
1780035000000,2026-05-29,06:10:00,4514.215,4515.875,4510.885,4515.455,0.1265
1780035300000,2026-05-29,06:15:00,4515.445,4515.655,4509.675,4511.285,0.1244
1780035600000,2026-05-29,06:20:00,4511.315,4519.635,4511.185,4518.505,0.1444
1780035900000,2026-05-29,06:25:00,4517.995,4521.305,4516.045,4516.375,0.1448
1780036200000,2026-05-29,06:30:00,4516.435,4520.555,4516.295,4517.755,0.121
1780036500000,2026-05-29,06:35:00,4517.725,4518.835,4513.645,4514.725,0.1255
1780036800000,2026-05-29,06:40:00,4514.755,4516.785,4511.045,4516.475,0.1141
1780037100000,2026-05-29,06:45:00,4516.445,4519.745,4514.935,4517.465,0.087
1780037400000,2026-05-29,06:50:00,4517.725,4523.025,4516.625,4521.775,0.108
1780037700000,2026-05-29,06:55:00,4521.685,4524.045,4521.465,4523.515,0.1218
1780038000000,2026-05-29,07:00:00,4523.465,4523.735,4518.695,4518.865,0.1325
1780038300000,2026-05-29,07:05:00,4518.845,4520.625,4517.785,4518.875,0.1192
1780038600000,2026-05-29,07:10:00,4518.895,4520.405,4515.645,4516.065,0.1193
1780038900000,2026-05-29,07:15:00,4515.945,4516.875,4514.115,4515.425,0.1196
1780039200000,2026-05-29,07:20:00,4515.035,4515.665,4511.725,4511.725,0.1094
1780039500000,2026-05-29,07:25:00,4511.675,4514.025,4510.585,4514.025,0.1376
1780039800000,2026-05-29,07:30:00,4513.995,4521.055,4512.695,4520.505,0.1535
1780040100000,2026-05-29,07:35:00,4520.685,4525.145,4519.915,4522.325,0.1658
1780040400000,2026-05-29,07:40:00,4522.215,4526.015,4520.935,4525.015,0.1366
1780040700000,2026-05-29,07:45:00,4525.055,4526.235,4523.225,4523.925,0.1189
1780041000000,2026-05-29,07:50:00,4523.925,4525.135,4521.885,4523.008,0.0892
1780041300000,2026-05-29,07:55:00,4523.008,4525.355,4522.515,4524.565,0.0957
1780041600000,2026-05-29,08:00:00,4524.525,4524.635,4518.665,4519.045,0.1587
1780041900000,2026-05-29,08:05:00,4519.065,4520.518,4515.495,4515.728,0.1517
1780042200000,2026-05-29,08:10:00,4515.738,4518.845,4514.118,4514.978,0.1349
1780042500000,2026-05-29,08:15:00,4514.965,4516.185,4513.028,4513.038,0.1344
1780042800000,2026-05-29,08:20:00,4513.088,4517.035,4512.375,4515.205,0.1241
1780043100000,2026-05-29,08:25:00,4515.315,4517.825,4514.045,4516.895,0.1129
1780043400000,2026-05-29,08:30:00,4516.855,4517.995,4514.695,4514.775,0.0733
1780043700000,2026-05-29,08:35:00,4514.975,4516.525,4513.775,4514.855,0.1079
1780044000000,2026-05-29,08:40:00,4514.885,4516.135,4513.965,4514.935,0.0832
1780044300000,2026-05-29,08:45:00,4514.895,4515.925,4510.825,4511.105,0.1088
1780044600000,2026-05-29,08:50:00,4511.135,4515.345,4509.675,4513.775,0.1167
1780044900000,2026-05-29,08:55:00,4513.745,4515.025,4512.835,4514.705,0.081
1780045200000,2026-05-29,09:00:00,4514.735,4519.125,4513.085,4518.705,0.1285
1780045500000,2026-05-29,09:05:00,4518.655,4523.905,4517.255,4523.605,0.1064
1780045800000,2026-05-29,09:10:00,4523.615,4530.355,4523.145,4528.765,0.1676
1780046100000,2026-05-29,09:15:00,4528.855,4529.455,4526.768,4527.715,0.1503
1780046400000,2026-05-29,09:20:00,4527.635,4528.015,4521.925,4522.475,0.1195
1780046700000,2026-05-29,09:25:00,4522.475,4532.185,4522.305,4528.575,0.1241
1780047000000,2026-05-29,09:30:00,4528.705,4530.405,4524.605,4528.505,0.1395
1780047300000,2026-05-29,09:35:00,4528.505,4530.335,4526.525,4528.585,0.0889
1780047600000,2026-05-29,09:40:00,4528.615,4532.305,4528.005,4532.175,0.0954
1780047900000,2026-05-29,09:45:00,4532.245,4537.488,4531.855,4537.025,0.1697
1780048200000,2026-05-29,09:50:00,4537.065,4539.325,4531.078,4532.385,0.1492
1780048500000,2026-05-29,09:55:00,4532.295,4533.215,4529.458,4530.995,0.1086
1780048800000,2026-05-29,10:00:00,4530.788,4530.825,4525.338,4525.765,0.1143
1780049100000,2026-05-29,10:05:00,4525.735,4528.395,4525.725,4526.215,0.0946
1780049400000,2026-05-29,10:10:00,4526.245,4528.555,4525.705,4528.318,0.1069
1780049700000,2026-05-29,10:15:00,4528.318,4530.035,4525.535,4526.555,0.1124
1780050000000,2026-05-29,10:20:00,4526.605,4527.635,4525.685,4527.425,0.1151
1780050300000,2026-05-29,10:25:00,4527.385,4530.825,4527.188,4530.198,0.1086
1780050600000,2026-05-29,10:30:00,4530.235,4539.195,4530.165,4538.625,0.1475
1780050900000,2026-05-29,10:35:00,4538.665,4543.025,4538.055,4541.805,0.1314
1780051200000,2026-05-29,10:40:00,4541.305,4542.015,4536.188,4537.805,0.1052
1780051500000,2026-05-29,10:45:00,4537.825,4540.875,4536.218,4536.965,0.1151
1780051800000,2026-05-29,10:50:00,4536.995,4538.955,4536.465,4536.485,0.095
1780052100000,2026-05-29,10:55:00,4536.465,4538.505,4535.208,4538.435,0.1116
1780052400000,2026-05-29,11:00:00,4538.268,4540.315,4535.405,4535.775,0.1203
1780052700000,2026-05-29,11:05:00,4535.775,4536.855,4531.975,4532.315,0.0938
1780053000000,2026-05-29,11:10:00,4532.308,4533.205,4530.615,4532.095,0.1124
1780053300000,2026-05-29,11:15:00,4532.165,4532.585,4529.108,4531.475,0.1144
1780053600000,2026-05-29,11:20:00,4531.475,4534.315,4530.105,4530.945,0.12
1780053900000,2026-05-29,11:25:00,4531.255,4531.795,4526.675,4527.775,0.1363
1780054200000,2026-05-29,11:30:00,4527.785,4528.385,4525.585,4526.848,0.1339
1780054500000,2026-05-29,11:35:00,4526.918,4528.785,4526.428,4528.098,0.1495
1780054800000,2026-05-29,11:40:00,4528.128,4531.318,4527.978,4530.895,0.109
1780055100000,2026-05-29,11:45:00,4531.045,4533.745,4528.975,4529.315,0.0948
1780055400000,2026-05-29,11:50:00,4529.285,4534.965,4527.285,4533.745,0.1794
1780055700000,2026-05-29,11:55:00,4533.745,4538.765,4533.495,4538.225,0.1218
1780056000000,2026-05-29,12:00:00,4538.375,4538.415,4527.985,4529.265,0.1409
1780056300000,2026-05-29,12:05:00,4529.215,4530.425,4527.045,4530.055,0.1553
1780056600000,2026-05-29,12:10:00,4530.055,4531.905,4526.785,4528.235,0.1648
1780056900000,2026-05-29,12:15:00,4528.235,4531.705,4527.555,4530.275,0.1168
1780057200000,2026-05-29,12:20:00,4530.275,4530.275,4519.755,4523.365,0.2
1780057500000,2026-05-29,12:25:00,4523.425,4524.495,4520.325,4522.025,0.1322
1780057800000,2026-05-29,12:30:00,4522.055,4523.305,4514.415,4516.835,0.198
1780058100000,2026-05-29,12:35:00,4516.775,4518.635,4515.055,4517.095,0.1663
1780058400000,2026-05-29,12:40:00,4517.065,4517.475,4512.555,4514.075,0.1586
1780058700000,2026-05-29,12:45:00,4514.035,4517.855,4512.515,4515.295,0.185
1780059000000,2026-05-29,12:50:00,4515.275,4519.825,4514.235,4518.265,0.1915
1780059300000,2026-05-29,12:55:00,4518.275,4523.995,4516.385,4522.825,0.1779
1780059600000,2026-05-29,13:00:00,4522.935,4525.465,4516.865,4523.995,0.2658
1780059900000,2026-05-29,13:05:00,4524.025,4526.725,4520.125,4525.595,0.2043
1780060200000,2026-05-29,13:10:00,4525.595,4525.675,4520.748,4522.505,0.1574
1780060500000,2026-05-29,13:15:00,4522.575,4524.245,4521.125,4522.415,0.1475
1780060800000,2026-05-29,13:20:00,4522.395,4529.005,4522.218,4525.925,0.1382
1780061100000,2026-05-29,13:25:00,4525.975,4528.175,4525.195,4527.745,0.1459
1780061400000,2026-05-29,13:30:00,4528.025,4532.015,4524.665,4524.858,0.2996
1780061700000,2026-05-29,13:35:00,4524.848,4532.825,4522.185,4531.055,0.2694
1780062000000,2026-05-29,13:40:00,4531.135,4535.445,4530.175,4532.955,0.1931
1780062300000,2026-05-29,13:45:00,4532.955,4536.735,4529.505,4535.705,0.2328
1780062600000,2026-05-29,13:50:00,4535.705,4539.095,4532.065,4538.455,0.2548
1780062900000,2026-05-29,13:55:00,4538.435,4540.645,4535.135,4536.685,0.2338
1780063200000,2026-05-29,14:00:00,4536.765,4549.155,4535.055,4547.865,0.3166
1780063500000,2026-05-29,14:05:00,4547.815,4552.565,4546.085,4550.875,0.3036
1780063800000,2026-05-29,14:10:00,4550.925,4552.365,4543.565,4543.608,0.2779
1780064100000,2026-05-29,14:15:00,4543.645,4544.825,4537.505,4537.695,0.2802
1780064400000,2026-05-29,14:20:00,4537.725,4540.175,4530.655,4530.745,0.2608
1780064700000,2026-05-29,14:25:00,4530.815,4533.035,4525.735,4529.585,0.3989
1780065000000,2026-05-29,14:30:00,4529.585,4536.175,4525.015,4536.018,0.3183
1780065300000,2026-05-29,14:35:00,4536.158,4536.408,4530.575,4531.515,0.293
1780065600000,2026-05-29,14:40:00,4531.455,4541.805,4531.455,4540.125,0.3013
1780065900000,2026-05-29,14:45:00,4540.115,4540.775,4536.525,4539.485,0.2387
1780066200000,2026-05-29,14:50:00,4539.445,4568.885,4539.445,4556.725,0.3662
1780066500000,2026-05-29,14:55:00,4556.745,4570.335,4555.495,4563.995,0.3673
1780066800000,2026-05-29,15:00:00,4563.845,4578.375,4563.845,4578.275,0.3684
1780067100000,2026-05-29,15:05:00,4578.135,4589.515,4574.015,4587.775,0.3481
1780067400000,2026-05-29,15:10:00,4587.635,4594.665,4585.635,4588.545,0.2418
1780067700000,2026-05-29,15:15:00,4589.005,4591.145,4585.045,4588.335,0.2107
1780068000000,2026-05-29,15:20:00,4588.465,4588.755,4580.445,4584.465,0.1862
1780068300000,2026-05-29,15:25:00,4584.405,4584.845,4577.455,4578.075,0.1538
1780068600000,2026-05-29,15:30:00,4577.345,4582.815,4576.875,4577.775,0.1553
1780068900000,2026-05-29,15:35:00,4577.415,4580.215,4571.095,4572.635,0.1734
1780069200000,2026-05-29,15:40:00,4572.665,4574.845,4560.225,4566.345,0.2012
1780069500000,2026-05-29,15:45:00,4566.325,4568.795,4556.485,4564.715,0.1986
1780069800000,2026-05-29,15:50:00,4564.675,4570.105,4562.715,4568.688,0.1362
1780070100000,2026-05-29,15:55:00,4568.688,4571.115,4567.865,4570.745,0.1076
1780070400000,2026-05-29,16:00:00,4570.765,4571.895,4567.125,4567.555,0.1092
1780070700000,2026-05-29,16:05:00,4567.665,4568.545,4563.325,4563.735,0.1159
1780071000000,2026-05-29,16:10:00,4563.895,4564.585,4559.425,4563.225,0.1016
1780071300000,2026-05-29,16:15:00,4563.175,4567.285,4562.485,4564.805,0.101
1780071600000,2026-05-29,16:20:00,4564.835,4566.625,4563.385,4563.755,0.1018
1780071900000,2026-05-29,16:25:00,4563.725,4563.745,4559.985,4562.645,0.0961
1780072200000,2026-05-29,16:30:00,4562.335,4569.605,4561.545,4568.545,0.1458
1780072500000,2026-05-29,16:35:00,4568.525,4573.095,4567.365,4571.725,0.1087
1780072800000,2026-05-29,16:40:00,4571.665,4572.525,4568.155,4569.135,0.0872
1780073100000,2026-05-29,16:45:00,4568.885,4568.885,4564.125,4564.385,0.0899
1780073400000,2026-05-29,16:50:00,4564.185,4565.475,4560.525,4564.955,0.0925
1780073700000,2026-05-29,16:55:00,4565.005,4567.155,4562.225,4566.575,0.0721
1780074000000,2026-05-29,17:00:00,4566.845,4567.835,4563.905,4563.905,0.0796
1780074300000,2026-05-29,17:05:00,4563.875,4568.135,4563.005,4567.275,0.0679
1780074600000,2026-05-29,17:10:00,4567.385,4567.915,4563.215,4563.465,0.0745
1780074900000,2026-05-29,17:15:00,4563.465,4566.685,4563.245,4565.155,0.0866
1780075200000,2026-05-29,17:20:00,4565.125,4566.405,4559.515,4565.105,0.104
1780075500000,2026-05-29,17:25:00,4565.145,4565.455,4560.665,4561.485,0.0999
1780075800000,2026-05-29,17:30:00,4561.455,4561.915,4557.345,4560.905,0.096
1780076100000,2026-05-29,17:35:00,4560.935,4561.625,4557.985,4558.355,0.0769
1780076400000,2026-05-29,17:40:00,4558.455,4559.615,4552.795,4553.655,0.0838
1780076700000,2026-05-29,17:45:00,4553.715,4557.225,4552.655,4555.535,0.083
1780077000000,2026-05-29,17:50:00,4555.565,4555.835,4552.015,4553.115,0.0757
1780077300000,2026-05-29,17:55:00,4553.035,4553.585,4551.085,4553.035,0.088
1780077600000,2026-05-29,18:00:00,4552.825,4556.995,4551.995,4556.935,0.0968
1780077900000,2026-05-29,18:05:00,4556.965,4558.275,4555.335,4557.515,0.0628
1780078200000,2026-05-29,18:10:00,4557.645,4557.815,4555.655,4557.695,0.0607
1780078500000,2026-05-29,18:15:00,4557.775,4558.655,4555.285,4558.165,0.0643
1780078800000,2026-05-29,18:20:00,4558.605,4559.415,4557.015,4558.205,0.0599
1780079100000,2026-05-29,18:25:00,4558.225,4559.945,4557.755,4558.955,0.06
1780079400000,2026-05-29,18:30:00,4559.005,4560.875,4559.005,4560.475,0.0494
1780079700000,2026-05-29,18:35:00,4560.525,4561.245,4559.545,4559.785,0.0414
1780080000000,2026-05-29,18:40:00,4559.745,4559.855,4557.095,4557.515,0.0539
1780080300000,2026-05-29,18:45:00,4557.315,4557.375,4549.585,4552.695,0.1214
1780080600000,2026-05-29,18:50:00,4552.615,4554.235,4551.795,4553.785,0.0786
1780080900000,2026-05-29,18:55:00,4553.805,4556.425,4552.605,4552.965,0.0733
1780081200000,2026-05-29,19:00:00,4552.825,4554.595,4551.925,4554.125,0.0753
1780081500000,2026-05-29,19:05:00,4554.195,4558.105,4554.025,4558.105,0.0494
1780081800000,2026-05-29,19:10:00,4558.045,4559.875,4557.605,4558.005,0.0562
1780082100000,2026-05-29,19:15:00,4557.975,4558.735,4556.365,4557.095,0.0527
1780082400000,2026-05-29,19:20:00,4557.065,4557.525,4555.335,4555.945,0.0523
1780082700000,2026-05-29,19:25:00,4555.815,4556.565,4554.245,4554.915,0.0488
1780083000000,2026-05-29,19:30:00,4554.875,4556.075,4552.665,4553.045,0.0552
1780083300000,2026-05-29,19:35:00,4553.095,4553.565,4551.445,4552.025,0.0532
1780083600000,2026-05-29,19:40:00,4551.985,4553.455,4550.695,4551.085,0.0708
1780083900000,2026-05-29,19:45:00,4551.085,4551.155,4548.095,4548.205,0.078
1780084200000,2026-05-29,19:50:00,4548.335,4549.278,4545.145,4546.015,0.1014
1780084500000,2026-05-29,19:55:00,4547.395,4547.695,4542.265,4544.095,0.1043
1780084800000,2026-05-29,20:00:00,4544.865,4546.915,4542.345,4543.985,0.0866
1780085100000,2026-05-29,20:05:00,4544.025,4545.655,4542.945,4545.345,0.0429
1780085400000,2026-05-29,20:10:00,4545.345,4548.645,4544.765,4548.295,0.0355
1780085700000,2026-05-29,20:15:00,4548.225,4548.415,4544.975,4545.445,0.0317
1780086000000,2026-05-29,20:20:00,4545.405,4545.405,4543.845,4544.695,0.0263
1780086300000,2026-05-29,20:25:00,4544.795,4544.795,4541.675,4542.235,0.0312
1780086600000,2026-05-29,20:30:00,4542.145,4542.835,4541.325,4542.785,0.0344
1780086900000,2026-05-29,20:35:00,4542.645,4543.045,4541.725,4542.355,0.0295
1780087200000,2026-05-29,20:40:00,4542.355,4543.745,4540.905,4543.335,0.0367
1780087500000,2026-05-29,20:45:00,4543.185,4543.185,4541.195,4541.415,0.0286
1780087800000,2026-05-29,20:50:00,4541.275,4542.695,4538.825,4539.425,0.0416
1780088100000,2026-05-29,20:55:00,4539.425,4540.935,4536.775,4537.498,0.0608
1780264800000,2026-05-31,22:00:00,4519.755,4527.595,4517.555,4520.595,0.178
1780265100000,2026-05-31,22:05:00,4520.505,4527.135,4519.595,4525.645,0.1176
1780265400000,2026-05-31,22:10:00,4525.615,4535.045,4523.705,4534.545,0.1046
1780265700000,2026-05-31,22:15:00,4534.385,4536.415,4531.115,4536.215,0.1063
1780266000000,2026-05-31,22:20:00,4536.195,4536.405,4531.175,4532.945,0.0955
1780266300000,2026-05-31,22:25:00,4533.025,4534.045,4531.415,4532.838,0.0543
1780266600000,2026-05-31,22:30:00,4532.865,4536.255,4532.295,4535.325,0.0865
1780266900000,2026-05-31,22:35:00,4535.345,4536.068,4531.665,4531.695,0.0564
1780267200000,2026-05-31,22:40:00,4531.655,4535.285,4530.488,4535.255,0.0778
1780267500000,2026-05-31,22:45:00,4535.195,4540.195,4535.195,4538.035,0.081
1780267800000,2026-05-31,22:50:00,4538.005,4538.595,4534.415,4534.645,0.0627
1780268100000,2026-05-31,22:55:00,4534.625,4537.475,4534.625,4534.765,0.1358
1780268400000,2026-05-31,23:00:00,4534.838,4539.798,4534.618,4539.135,0.4114
1780268700000,2026-05-31,23:05:00,4539.115,4541.248,4538.225,4540.948,0.2879
1780269000000,2026-05-31,23:10:00,4540.925,4543.045,4539.795,4542.295,0.0501
1780269300000,2026-05-31,23:15:00,4542.355,4543.445,4540.945,4541.825,0.061
1780269600000,2026-05-31,23:20:00,4541.898,4543.515,4539.875,4541.695,0.062
1780269900000,2026-05-31,23:25:00,4541.655,4544.825,4541.535,4544.625,0.059
1780270200000,2026-05-31,23:30:00,4544.705,4545.485,4538.955,4539.075,0.0834
1780270500000,2026-05-31,23:35:00,4539.255,4541.435,4538.285,4540.338,0.0794
1780270800000,2026-05-31,23:40:00,4540.338,4542.305,4539.995,4541.585,0.0473
1780271100000,2026-05-31,23:45:00,4541.565,4542.485,4538.225,4540.735,0.0893
1780271400000,2026-05-31,23:50:00,4540.705,4544.585,4540.015,4543.895,0.0861
1780271700000,2026-05-31,23:55:00,4543.995,4544.475,4539.335,4539.335,0.0709
