timestamp,date,time,open,high,low,close,volume
1780272000000,2026-06-01,00:00:00,4539.295,4545.695,4537.168,4544.575,0.1507
1780272300000,2026-06-01,00:05:00,4544.488,4544.795,4540.535,4540.605,0.1059
1780272600000,2026-06-01,00:10:00,4540.575,4543.445,4539.045,4540.495,0.1053
1780272900000,2026-06-01,00:15:00,4540.485,4543.575,4537.555,4538.115,0.0974
1780273200000,2026-06-01,00:20:00,4538.085,4541.285,4537.835,4540.615,0.0833
1780273500000,2026-06-01,00:25:00,4540.595,4544.285,4539.445,4542.995,0.103
1780273800000,2026-06-01,00:30:00,4543.015,4544.945,4535.735,4537.548,0.1139
1780274100000,2026-06-01,00:35:00,4537.835,4538.625,4535.005,4536.655,0.1041
1780274400000,2026-06-01,00:40:00,4536.535,4537.165,4534.998,4535.805,0.1053
1780274700000,2026-06-01,00:45:00,4535.785,4541.695,4535.695,4541.195,0.1387
1780275000000,2026-06-01,00:50:00,4541.175,4542.565,4537.775,4538.545,0.1118
1780275300000,2026-06-01,00:55:00,4538.525,4541.755,4536.908,4540.495,0.1277
1780275600000,2026-06-01,01:00:00,4540.295,4541.185,4531.508,4534.195,0.2526
1780275900000,2026-06-01,01:05:00,4534.115,4535.245,4527.298,4528.935,0.2223
1780276200000,2026-06-01,01:10:00,4528.598,4534.135,4525.915,4533.635,0.2117
1780276500000,2026-06-01,01:15:00,4533.665,4534.078,4529.775,4530.095,0.1701
1780276800000,2026-06-01,01:20:00,4530.115,4536.375,4529.615,4531.905,0.1585
1780277100000,2026-06-01,01:25:00,4531.935,4532.915,4527.538,4528.465,0.1499
1780277400000,2026-06-01,01:30:00,4528.438,4532.498,4526.765,4532.495,0.1558
1780277700000,2026-06-01,01:35:00,4532.485,4533.065,4527.615,4529.428,0.1408
1780278000000,2026-06-01,01:40:00,4529.448,4533.765,4528.345,4532.895,0.137
1780278300000,2026-06-01,01:45:00,4532.868,4533.395,4527.155,4528.385,0.1258
1780278600000,2026-06-01,01:50:00,4528.375,4531.175,4527.545,4529.925,0.1285
1780278900000,2026-06-01,01:55:00,4529.955,4530.055,4523.515,4525.255,0.1517
1780279200000,2026-06-01,02:00:00,4525.155,4527.505,4523.908,4524.835,0.126
1780279500000,2026-06-01,02:05:00,4524.865,4531.755,4524.648,4528.275,0.1257
1780279800000,2026-06-01,02:10:00,4528.255,4533.825,4528.095,4531.945,0.1444
1780280100000,2026-06-01,02:15:00,4531.965,4534.355,4531.418,4531.698,0.0953
1780280400000,2026-06-01,02:20:00,4531.745,4532.645,4529.948,4531.318,0.0937
1780280700000,2026-06-01,02:25:00,4531.175,4531.465,4529.085,4530.175,0.0619
1780281000000,2026-06-01,02:30:00,4530.145,4530.145,4523.305,4527.235,0.1813
1780281300000,2026-06-01,02:35:00,4527.195,4531.025,4526.965,4528.395,0.1559
1780281600000,2026-06-01,02:40:00,4528.395,4528.395,4522.198,4522.925,0.1509
1780281900000,2026-06-01,02:45:00,4522.895,4524.845,4521.728,4523.255,0.1617
1780282200000,2026-06-01,02:50:00,4523.625,4523.895,4521.998,4522.175,0.1514
1780282500000,2026-06-01,02:55:00,4522.175,4523.265,4520.925,4521.195,0.1407
1780282800000,2026-06-01,03:00:00,4521.225,4525.385,4521.165,4524.365,0.1188
1780283100000,2026-06-01,03:05:00,4524.405,4524.515,4516.985,4517.295,0.1341
1780283400000,2026-06-01,03:10:00,4517.325,4520.368,4515.288,4518.615,0.1355
1780283700000,2026-06-01,03:15:00,4518.635,4519.805,4513.555,4519.105,0.1373
1780284000000,2026-06-01,03:20:00,4519.135,4519.835,4517.405,4518.375,0.1045
1780284300000,2026-06-01,03:25:00,4518.315,4521.265,4517.835,4520.325,0.0971
1780284600000,2026-06-01,03:30:00,4520.345,4523.905,4519.655,4521.155,0.1043
1780284900000,2026-06-01,03:35:00,4521.278,4521.605,4514.135,4515.485,0.0918
1780285200000,2026-06-01,03:40:00,4515.515,4515.585,4509.615,4510.435,0.108
1780285500000,2026-06-01,03:45:00,4510.365,4513.155,4509.635,4512.218,0.0992
1780285800000,2026-06-01,03:50:00,4512.275,4513.705,4511.385,4512.895,0.08
1780286100000,2026-06-01,03:55:00,4512.865,4516.145,4512.098,4516.145,0.0751
1780286400000,2026-06-01,04:00:00,4516.105,4519.525,4515.495,4516.175,0.1006
1780286700000,2026-06-01,04:05:00,4516.125,4517.025,4513.615,4514.005,0.0734
1780287000000,2026-06-01,04:10:00,4514.135,4514.865,4512.088,4514.445,0.0579
1780287300000,2026-06-01,04:15:00,4514.485,4518.265,4514.485,4516.625,0.0663
1780287600000,2026-06-01,04:20:00,4516.605,4517.515,4515.725,4517.295,0.0486
1780287900000,2026-06-01,04:25:00,4517.315,4517.325,4514.995,4515.695,0.061
1780288200000,2026-06-01,04:30:00,4515.695,4516.425,4513.885,4514.155,0.0601
1780288500000,2026-06-01,04:35:00,4514.235,4515.585,4513.345,4514.965,0.0785
1780288800000,2026-06-01,04:40:00,4515.005,4517.085,4514.155,4514.315,0.091
1780289100000,2026-06-01,04:45:00,4514.295,4514.355,4508.395,4510.285,0.0892
1780289400000,2026-06-01,04:50:00,4510.175,4514.245,4509.405,4513.935,0.1007
1780289700000,2026-06-01,04:55:00,4513.875,4514.925,4512.305,4514.145,0.0833
1780290000000,2026-06-01,05:00:00,4514.185,4516.065,4513.278,4515.775,0.0942
1780290300000,2026-06-01,05:05:00,4515.835,4517.675,4515.335,4516.145,0.0883
1780290600000,2026-06-01,05:10:00,4516.165,4519.045,4515.058,4517.865,0.0868
1780290900000,2026-06-01,05:15:00,4518.155,4521.805,4517.345,4521.265,0.0904
1780291200000,2026-06-01,05:20:00,4521.238,4523.055,4519.355,4522.175,0.1008
1780291500000,2026-06-01,05:25:00,4522.195,4523.375,4520.135,4520.255,0.094
1780291800000,2026-06-01,05:30:00,4520.295,4521.925,4512.365,4513.595,0.1848
1780292100000,2026-06-01,05:35:00,4513.415,4521.955,4513.335,4520.015,0.1529
1780292400000,2026-06-01,05:40:00,4519.875,4520.895,4514.925,4519.575,0.1344
1780292700000,2026-06-01,05:45:00,4519.555,4525.055,4517.075,4523.985,0.1356
1780293000000,2026-06-01,05:50:00,4524.105,4524.395,4520.815,4523.235,0.1412
1780293300000,2026-06-01,05:55:00,4523.105,4523.175,4516.655,4517.915,0.1414
1780293600000,2026-06-01,06:00:00,4517.905,4518.435,4513.735,4516.005,0.3209
1780293900000,2026-06-01,06:05:00,4516.108,4518.185,4515.228,4516.825,0.28
1780294200000,2026-06-01,06:10:00,4516.835,4517.235,4512.495,4513.835,0.1756
1780294500000,2026-06-01,06:15:00,4513.845,4515.675,4509.815,4510.785,0.1355
1780294800000,2026-06-01,06:20:00,4510.705,4510.705,4504.655,4505.915,0.1302
1780295100000,2026-06-01,06:25:00,4505.885,4514.355,4505.375,4513.975,0.12
1780295400000,2026-06-01,06:30:00,4514.315,4514.655,4510.155,4510.395,0.118
1780295700000,2026-06-01,06:35:00,4510.375,4510.655,4501.308,4504.395,0.1953
1780296000000,2026-06-01,06:40:00,4504.375,4505.795,4502.945,4504.385,0.1102
1780296300000,2026-06-01,06:45:00,4504.475,4504.475,4500.978,4504.385,0.1251
1780296600000,2026-06-01,06:50:00,4504.315,4504.385,4500.095,4503.365,0.1324
1780296900000,2026-06-01,06:55:00,4503.465,4504.795,4500.565,4501.505,0.1189
1780297200000,2026-06-01,07:00:00,4501.285,4508.325,4500.375,4507.545,0.1432
1780297500000,2026-06-01,07:05:00,4507.515,4509.815,4505.958,4506.235,0.1377
1780297800000,2026-06-01,07:10:00,4506.205,4509.355,4505.658,4507.035,0.0985
1780298100000,2026-06-01,07:15:00,4506.995,4508.115,4504.555,4506.595,0.0929
1780298400000,2026-06-01,07:20:00,4506.428,4506.995,4503.005,4504.935,0.0744
1780298700000,2026-06-01,07:25:00,4504.915,4505.785,4502.925,4503.605,0.0896
1780299000000,2026-06-01,07:30:00,4503.635,4507.495,4503.625,4504.475,0.0901
1780299300000,2026-06-01,07:35:00,4504.445,4506.175,4502.545,4503.225,0.0927
1780299600000,2026-06-01,07:40:00,4503.245,4503.495,4497.715,4497.945,0.142
1780299900000,2026-06-01,07:45:00,4497.925,4500.245,4492.588,4494.335,0.1663
1780300200000,2026-06-01,07:50:00,4494.145,4496.475,4492.195,4495.505,0.1255
1780300500000,2026-06-01,07:55:00,4495.505,4502.935,4495.075,4502.935,0.1115
1780300800000,2026-06-01,08:00:00,4502.915,4504.345,4495.275,4495.365,0.1344
1780301100000,2026-06-01,08:05:00,4495.405,4499.345,4493.295,4493.705,0.1192
1780301400000,2026-06-01,08:10:00,4493.685,4498.625,4493.255,4495.465,0.0869
1780301700000,2026-06-01,08:15:00,4495.865,4496.435,4491.535,4494.755,0.105
1780302000000,2026-06-01,08:20:00,4494.815,4496.715,4490.178,4492.535,0.0892
1780302300000,2026-06-01,08:25:00,4492.565,4495.985,4492.385,4495.745,0.0666
1780302600000,2026-06-01,08:30:00,4495.855,4496.425,4492.555,4495.535,0.0783
1780302900000,2026-06-01,08:35:00,4495.595,4496.325,4492.995,4494.485,0.0802
1780303200000,2026-06-01,08:40:00,4494.455,4500.235,4492.455,4499.985,0.0949
1780303500000,2026-06-01,08:45:00,4499.735,4502.335,4496.275,4501.125,0.1067
1780303800000,2026-06-01,08:50:00,4501.095,4501.545,4496.835,4496.965,0.1042
1780304100000,2026-06-01,08:55:00,4497.065,4499.465,4495.445,4497.855,0.0815
1780304400000,2026-06-01,09:00:00,4497.705,4500.545,4497.505,4500.305,0.1017
1780304700000,2026-06-01,09:05:00,4500.275,4500.345,4498.045,4499.365,0.0796
1780305000000,2026-06-01,09:10:00,4499.435,4500.005,4498.445,4499.515,0.0753
1780305300000,2026-06-01,09:15:00,4499.515,4505.475,4498.035,4505.425,0.1154
1780305600000,2026-06-01,09:20:00,4505.385,4506.175,4498.425,4499.465,0.1004
1780305900000,2026-06-01,09:25:00,4499.555,4499.635,4496.175,4496.175,0.1108
1780306200000,2026-06-01,09:30:00,4496.175,4497.195,4488.965,4490.495,0.1585
1780306500000,2026-06-01,09:35:00,4490.495,4497.945,4490.495,4497.815,0.1172
1780306800000,2026-06-01,09:40:00,4497.875,4499.205,4494.535,4498.165,0.0932
1780307100000,2026-06-01,09:45:00,4498.165,4498.315,4493.725,4495.225,0.108
1780307400000,2026-06-01,09:50:00,4495.205,4498.205,4493.745,4497.695,0.0907
1780307700000,2026-06-01,09:55:00,4497.655,4497.675,4494.165,4495.805,0.0946
1780308000000,2026-06-01,10:00:00,4495.795,4498.725,4495.795,4497.955,0.0992
1780308300000,2026-06-01,10:05:00,4497.955,4500.975,4496.055,4499.875,0.0994
1780308600000,2026-06-01,10:10:00,4499.895,4502.005,4499.285,4501.385,0.0841
1780308900000,2026-06-01,10:15:00,4501.425,4501.845,4499.345,4500.055,0.0973
1780309200000,2026-06-01,10:20:00,4500.085,4500.505,4495.955,4500.235,0.094
1780309500000,2026-06-01,10:25:00,4500.295,4503.365,4500.185,4500.725,0.0728
1780309800000,2026-06-01,10:30:00,4500.765,4505.115,4500.325,4504.705,0.0787
1780310100000,2026-06-01,10:35:00,4504.745,4506.545,4502.995,4502.995,0.0919
1780310400000,2026-06-01,10:40:00,4502.875,4507.315,4502.875,4505.755,0.0958
1780310700000,2026-06-01,10:45:00,4505.795,4510.385,4505.105,4509.275,0.0996
1780311000000,2026-06-01,10:50:00,4508.955,4510.785,4506.685,4507.135,0.0977
1780311300000,2026-06-01,10:55:00,4507.075,4507.255,4502.325,4503.785,0.1095
1780311600000,2026-06-01,11:00:00,4503.775,4506.555,4499.928,4499.955,0.1433
1780311900000,2026-06-01,11:05:00,4500.065,4505.635,4499.605,4505.585,0.0932
1780312200000,2026-06-01,11:10:00,4505.525,4505.525,4503.085,4504.775,0.0757
1780312500000,2026-06-01,11:15:00,4504.835,4509.715,4503.965,4509.695,0.0982
1780312800000,2026-06-01,11:20:00,4509.615,4512.785,4508.465,4508.505,0.1075
1780313100000,2026-06-01,11:25:00,4508.475,4511.865,4507.565,4510.485,0.108
1780313400000,2026-06-01,11:30:00,4510.435,4512.145,4506.355,4506.585,0.1031
1780313700000,2026-06-01,11:35:00,4506.695,4510.775,4506.025,4509.985,0.1009
1780314000000,2026-06-01,11:40:00,4509.995,4510.455,4506.285,4506.975,0.1456
1780314300000,2026-06-01,11:45:00,4506.975,4509.575,4506.405,4508.435,0.124
1780314600000,2026-06-01,11:50:00,4508.405,4508.405,4506.205,4507.275,0.1336
1780314900000,2026-06-01,11:55:00,4507.295,4507.915,4505.215,4505.635,0.1078
1780315200000,2026-06-01,12:00:00,4505.635,4506.865,4503.095,4505.795,0.1094
1780315500000,2026-06-01,12:05:00,4505.795,4508.965,4505.715,4507.395,0.1168
1780315800000,2026-06-01,12:10:00,4507.378,4509.405,4503.005,4503.185,0.1032
1780316100000,2026-06-01,12:15:00,4503.035,4505.615,4500.945,4503.215,0.1336
1780316400000,2026-06-01,12:20:00,4503.128,4503.185,4497.225,4501.715,0.1728
1780316700000,2026-06-01,12:25:00,4501.685,4507.565,4501.305,4505.355,0.1488
1780317000000,2026-06-01,12:30:00,4505.305,4505.405,4497.465,4500.835,0.1641
1780317300000,2026-06-01,12:35:00,4500.765,4503.345,4498.938,4503.075,0.1322
1780317600000,2026-06-01,12:40:00,4503.245,4508.165,4498.965,4507.185,0.1463
1780317900000,2026-06-01,12:45:00,4507.135,4510.325,4505.355,4506.575,0.1903
1780318200000,2026-06-01,12:50:00,4506.525,4508.375,4504.978,4505.505,0.1396
1780318500000,2026-06-01,12:55:00,4505.575,4506.015,4498.445,4501.945,0.1159
1780318800000,2026-06-01,13:00:00,4502.365,4503.765,4495.345,4501.595,0.2349
1780319100000,2026-06-01,13:05:00,4501.635,4502.255,4496.115,4500.965,0.155
1780319400000,2026-06-01,13:10:00,4500.865,4500.925,4472.125,4483.895,0.3815
1780319700000,2026-06-01,13:15:00,4483.995,4489.455,4479.195,4481.955,0.3414
1780320000000,2026-06-01,13:20:00,4481.935,4482.735,4463.585,4465.725,0.3953
1780320300000,2026-06-01,13:25:00,4465.675,4469.015,4462.285,4464.535,0.3242
1780320600000,2026-06-01,13:30:00,4464.515,4469.875,4458.725,4465.875,0.4198
1780320900000,2026-06-01,13:35:00,4465.875,4478.495,4462.378,4472.905,0.3665
1780321200000,2026-06-01,13:40:00,4472.905,4473.965,4465.055,4467.015,0.334
1780321500000,2026-06-01,13:45:00,4466.995,4469.325,4463.115,4464.505,0.3182
1780321800000,2026-06-01,13:50:00,4464.425,4465.535,4452.495,4454.405,0.3726
1780322100000,2026-06-01,13:55:00,4454.405,4455.315,4448.105,4449.635,0.2934
1780322400000,2026-06-01,14:00:00,4447.905,4454.365,4447.515,4454.325,0.3455
1780322700000,2026-06-01,14:05:00,4454.268,4461.535,4449.425,4460.395,0.3119
1780323000000,2026-06-01,14:10:00,4460.395,4461.885,4455.915,4461.135,0.2956
1780323300000,2026-06-01,14:15:00,4461.035,4464.675,4453.898,4457.025,0.2924
1780323600000,2026-06-01,14:20:00,4456.995,4461.695,4454.705,4455.065,0.2406
1780323900000,2026-06-01,14:25:00,4455.365,4456.165,4449.525,4456.165,0.2332
1780324200000,2026-06-01,14:30:00,4455.965,4460.485,4453.585,4458.445,0.2295
1780324500000,2026-06-01,14:35:00,4458.455,4460.315,4454.065,4455.305,0.2061
1780324800000,2026-06-01,14:40:00,4455.575,4461.485,4455.005,4459.885,0.1967
1780325100000,2026-06-01,14:45:00,4459.785,4461.115,4453.495,4454.745,0.2075
1780325400000,2026-06-01,14:50:00,4454.945,4456.325,4452.205,4455.905,0.2442
1780325700000,2026-06-01,14:55:00,4455.905,4458.935,4454.765,4458.635,0.1977
1780326000000,2026-06-01,15:00:00,4458.645,4462.275,4457.375,4460.085,0.2079
1780326300000,2026-06-01,15:05:00,4460.065,4465.055,4455.325,4462.505,0.233
1780326600000,2026-06-01,15:10:00,4462.198,4465.125,4460.545,4464.105,0.1871
1780326900000,2026-06-01,15:15:00,4464.105,4466.985,4463.035,4465.145,0.2134
1780327200000,2026-06-01,15:20:00,4465.125,4467.725,4463.925,4466.945,0.1616
1780327500000,2026-06-01,15:25:00,4466.965,4470.175,4465.675,4468.145,0.1536
1780327800000,2026-06-01,15:30:00,4468.125,4478.675,4468.035,4476.875,0.3148
1780328100000,2026-06-01,15:35:00,4476.845,4479.655,4473.835,4476.485,0.2513
1780328400000,2026-06-01,15:40:00,4476.565,4477.455,4470.975,4472.105,0.1614
1780328700000,2026-06-01,15:45:00,4472.215,4474.535,4468.438,4469.595,0.1455
1780329000000,2026-06-01,15:50:00,4469.615,4472.085,4468.755,4470.968,0.1412
1780329300000,2026-06-01,15:55:00,4470.968,4475.515,4470.968,4474.045,0.1503
1780329600000,2026-06-01,16:00:00,4473.925,4478.025,4472.405,4473.145,0.1542
1780329900000,2026-06-01,16:05:00,4473.105,4474.165,4467.895,4468.378,0.1484
1780330200000,2026-06-01,16:10:00,4468.378,4468.585,4464.955,4466.995,0.1695
1780330500000,2026-06-01,16:15:00,4466.955,4467.315,4462.755,4466.575,0.167
1780330800000,2026-06-01,16:20:00,4466.605,4468.555,4464.475,4468.065,0.123
1780331100000,2026-06-01,16:25:00,4468.205,4469.395,4466.555,4467.835,0.1074
1780331400000,2026-06-01,16:30:00,4467.835,4471.945,4467.835,4469.298,0.1397
1780331700000,2026-06-01,16:35:00,4469.035,4470.875,4467.555,4469.025,0.1234
1780332000000,2026-06-01,16:40:00,4468.908,4469.845,4467.605,4467.885,0.0985
1780332300000,2026-06-01,16:45:00,4467.885,4471.745,4467.188,4471.745,0.1135
1780332600000,2026-06-01,16:50:00,4471.655,4480.925,4471.625,4479.755,0.2048
1780332900000,2026-06-01,16:55:00,4479.805,4481.955,4478.355,4479.875,0.2163
1780333200000,2026-06-01,17:00:00,4479.885,4480.775,4475.275,4476.105,0.2017
1780333500000,2026-06-01,17:05:00,4476.115,4477.205,4471.205,4473.248,0.1595
1780333800000,2026-06-01,17:10:00,4473.285,4475.855,4473.018,4474.795,0.1005
1780334100000,2026-06-01,17:15:00,4474.765,4475.645,4473.215,4475.575,0.1117
1780334400000,2026-06-01,17:20:00,4475.475,4476.425,4473.845,4474.928,0.124
1780334700000,2026-06-01,17:25:00,4474.775,4482.875,4472.115,4482.435,0.1471
1780335000000,2026-06-01,17:30:00,4482.495,4485.365,4480.245,4481.085,0.2893
1780335300000,2026-06-01,17:35:00,4481.055,4484.445,4480.395,4482.605,0.1829
1780335600000,2026-06-01,17:40:00,4482.615,4491.385,4482.615,4491.315,0.2301
1780335900000,2026-06-01,17:45:00,4491.265,4495.385,4490.998,4491.225,0.2468
1780336200000,2026-06-01,17:50:00,4491.365,4491.768,4488.785,4491.175,0.1836
1780336500000,2026-06-01,17:55:00,4491.265,4491.475,4487.265,4487.305,0.1367
1780336800000,2026-06-01,18:00:00,4487.375,4488.195,4486.085,4486.625,0.1212
1780337100000,2026-06-01,18:05:00,4486.685,4489.995,4486.448,4489.545,0.0866
1780337400000,2026-06-01,18:10:00,4489.495,4489.765,4487.855,4488.415,0.0643
1780337700000,2026-06-01,18:15:00,4488.335,4489.185,4486.555,4489.005,0.0783
1780338000000,2026-06-01,18:20:00,4489.055,4489.975,4488.385,4488.935,0.062
1780338300000,2026-06-01,18:25:00,4488.925,4489.055,4486.325,4486.495,0.0851
1780338600000,2026-06-01,18:30:00,4486.575,4487.115,4484.665,4485.818,0.0939
1780338900000,2026-06-01,18:35:00,4485.798,4487.055,4485.578,4485.808,0.0857
1780339200000,2026-06-01,18:40:00,4485.808,4487.935,4485.618,4487.685,0.0895
1780339500000,2026-06-01,18:45:00,4487.655,4488.515,4487.305,4488.505,0.0775
1780339800000,2026-06-01,18:50:00,4488.308,4488.308,4486.985,4486.985,0.0868
1780340100000,2026-06-01,18:55:00,4486.985,4488.365,4486.245,4486.465,0.095
1780340400000,2026-06-01,19:00:00,4486.405,4488.005,4484.985,4487.585,0.1139
1780340700000,2026-06-01,19:05:00,4487.605,4488.005,4484.545,4485.055,0.0824
1780341000000,2026-06-01,19:10:00,4485.065,4486.995,4485.005,4485.208,0.0752
1780341300000,2026-06-01,19:15:00,4485.185,4486.295,4484.395,4485.635,0.0941
1780341600000,2026-06-01,19:20:00,4485.675,4486.255,4484.788,4485.548,0.0864
1780341900000,2026-06-01,19:25:00,4485.538,4485.995,4484.058,4484.368,0.0872
1780342200000,2026-06-01,19:30:00,4484.365,4485.545,4483.415,4483.655,0.0855
1780342500000,2026-06-01,19:35:00,4483.715,4485.225,4482.865,4484.168,0.1135
1780342800000,2026-06-01,19:40:00,4484.168,4485.248,4483.005,4483.128,0.1077
1780343100000,2026-06-01,19:45:00,4483.128,4484.115,4482.705,4483.505,0.1132
1780343400000,2026-06-01,19:50:00,4483.535,4483.535,4479.675,4479.935,0.1848
1780343700000,2026-06-01,19:55:00,4479.935,4481.105,4478.885,4480.955,0.209
1780344000000,2026-06-01,20:00:00,4480.965,4483.665,4479.978,4482.735,0.0812
1780344300000,2026-06-01,20:05:00,4482.665,4484.095,4482.435,4483.225,0.0556
1780344600000,2026-06-01,20:10:00,4483.245,4483.755,4482.285,4483.345,0.0506
1780344900000,2026-06-01,20:15:00,4483.345,4484.165,4482.738,4482.808,0.0373
1780345200000,2026-06-01,20:20:00,4482.808,4483.028,4481.908,4482.415,0.0421
1780345500000,2026-06-01,20:25:00,4482.455,4483.565,4482.215,4482.925,0.0415
1780345800000,2026-06-01,20:30:00,4482.935,4484.505,4481.895,4484.325,0.0373
1780346100000,2026-06-01,20:35:00,4484.275,4484.445,4482.835,4483.765,0.0331
1780346400000,2026-06-01,20:40:00,4483.715,4484.485,4482.255,4482.335,0.0514
1780346700000,2026-06-01,20:45:00,4482.295,4483.708,4481.055,4483.698,0.051
1780347000000,2026-06-01,20:50:00,4483.655,4484.015,4482.185,4482.798,0.0324
1780347300000,2026-06-01,20:55:00,4482.775,4485.575,4482.355,4484.515,0.054
1780351200000,2026-06-01,22:00:00,4487.098,4487.895,4481.855,4482.675,0.073
1780351500000,2026-06-01,22:05:00,4482.668,4483.395,4481.468,4482.145,0.0484
1780351800000,2026-06-01,22:10:00,4481.988,4484.505,4481.705,4484.198,0.0429
1780352100000,2026-06-01,22:15:00,4484.218,4484.925,4483.525,4483.865,0.0537
1780352400000,2026-06-01,22:20:00,4483.795,4484.675,4481.525,4482.425,0.0538
1780352700000,2026-06-01,22:25:00,4482.455,4483.725,4481.055,4481.265,0.0541
1780353000000,2026-06-01,22:30:00,4481.325,4483.365,4480.918,4480.975,0.031
1780353300000,2026-06-01,22:35:00,4480.925,4482.805,4479.415,4482.775,0.0423
1780353600000,2026-06-01,22:40:00,4482.825,4483.605,4480.815,4481.395,0.0391
1780353900000,2026-06-01,22:45:00,4481.375,4485.575,4481.085,4483.925,0.0338
1780354200000,2026-06-01,22:50:00,4483.995,4484.535,4483.235,4483.695,0.0287
1780354500000,2026-06-01,22:55:00,4483.675,4485.988,4483.448,4485.388,0.0653
1780354800000,2026-06-01,23:00:00,4484.948,4487.348,4481.005,4485.748,0.0768
1780355100000,2026-06-01,23:05:00,4485.758,4485.858,4483.895,4484.798,0.0259
1780355400000,2026-06-01,23:10:00,4484.798,4486.105,4484.798,4485.845,0.0347
1780355700000,2026-06-01,23:15:00,4485.825,4487.745,4485.535,4486.205,0.0372
1780356000000,2026-06-01,23:20:00,4486.245,4487.348,4485.145,4487.348,0.0199
1780356300000,2026-06-01,23:25:00,4487.325,4488.065,4486.845,4486.935,0.0267
1780356600000,2026-06-01,23:30:00,4486.995,4487.185,4484.305,4484.435,0.0466
1780356900000,2026-06-01,23:35:00,4484.515,4485.405,4480.215,4484.275,0.0674
1780357200000,2026-06-01,23:40:00,4484.235,4486.435,4482.998,4483.098,0.0571
1780357500000,2026-06-01,23:45:00,4483.085,4483.125,4479.065,4480.935,0.0794
1780357800000,2026-06-01,23:50:00,4480.615,4484.715,4480.565,4484.505,0.0685
1780358100000,2026-06-01,23:55:00,4484.535,4485.755,4483.675,4484.265,0.0513
1780358400000,2026-06-02,00:00:00,4484.455,4484.985,4481.155,4484.285,0.1281
1780358700000,2026-06-02,00:05:00,4484.345,4485.035,4476.455,4478.235,0.1657
1780359000000,2026-06-02,00:10:00,4478.325,4481.445,4477.965,4480.935,0.1347
1780359300000,2026-06-02,00:15:00,4480.945,4485.485,4480.745,4485.055,0.1457
1780359600000,2026-06-02,00:20:00,4485.055,4489.505,4483.978,4489.505,0.121
1780359900000,2026-06-02,00:25:00,4489.345,4493.645,4488.355,4493.475,0.1226
1780360200000,2026-06-02,00:30:00,4493.495,4497.025,4488.435,4488.925,0.1313
1780360500000,2026-06-02,00:35:00,4488.895,4491.265,4488.175,4488.955,0.1083
1780360800000,2026-06-02,00:40:00,4488.925,4489.215,4484.865,4486.725,0.1069
1780361100000,2026-06-02,00:45:00,4486.705,4487.545,4480.345,4481.105,0.1301
1780361400000,2026-06-02,00:50:00,4481.125,4483.665,4480.898,4481.505,0.1354
1780361700000,2026-06-02,00:55:00,4481.545,4483.875,4480.485,4481.248,0.1386
1780362000000,2026-06-02,01:00:00,4481.065,4486.515,4473.505,4481.505,0.2407
1780362300000,2026-06-02,01:05:00,4481.445,4485.865,4478.985,4479.085,0.2033
1780362600000,2026-06-02,01:10:00,4479.155,4491.765,4478.575,4489.655,0.2316
1780362900000,2026-06-02,01:15:00,4489.595,4489.995,4481.305,4485.855,0.2122
1780363200000,2026-06-02,01:20:00,4485.895,4487.965,4480.615,4482.805,0.1694
1780363500000,2026-06-02,01:25:00,4482.845,4492.145,4482.815,4486.205,0.1703
1780363800000,2026-06-02,01:30:00,4486.165,4489.245,4485.498,4486.985,0.1536
1780364100000,2026-06-02,01:35:00,4487.075,4489.105,4480.615,4481.665,0.1646
1780364400000,2026-06-02,01:40:00,4481.645,4484.995,4479.078,4479.565,0.1717
1780364700000,2026-06-02,01:45:00,4479.615,4482.055,4471.465,4475.225,0.224
1780365000000,2026-06-02,01:50:00,4475.165,4475.825,4462.658,4473.175,0.2635
1780365300000,2026-06-02,01:55:00,4473.118,4476.805,4471.098,4473.575,0.2795
1780365600000,2026-06-02,02:00:00,4473.618,4480.825,4472.205,4473.345,0.2522
1780365900000,2026-06-02,02:05:00,4473.485,4474.765,4471.688,4474.435,0.1622
1780366200000,2026-06-02,02:10:00,4474.305,4480.495,4473.705,4480.315,0.1505
1780366500000,2026-06-02,02:15:00,4480.295,4481.735,4478.305,4480.715,0.121
1780366800000,2026-06-02,02:20:00,4480.685,4484.545,4480.685,4483.775,0.1224
1780367100000,2026-06-02,02:25:00,4483.775,4484.425,4481.205,4481.685,0.1089
1780367400000,2026-06-02,02:30:00,4481.755,4485.545,4479.595,4480.835,0.1716
1780367700000,2026-06-02,02:35:00,4480.805,4483.585,4478.555,4478.735,0.1391
1780368000000,2026-06-02,02:40:00,4478.625,4478.945,4474.055,4476.265,0.1313
1780368300000,2026-06-02,02:45:00,4476.235,4477.615,4473.365,4474.345,0.1099
1780368600000,2026-06-02,02:50:00,4474.295,4479.625,4473.838,4478.475,0.0955
1780368900000,2026-06-02,02:55:00,4478.525,4486.235,4478.515,4485.685,0.1301
1780369200000,2026-06-02,03:00:00,4485.645,4492.355,4485.485,4487.815,0.1795
1780369500000,2026-06-02,03:05:00,4487.765,4489.295,4485.505,4486.445,0.1149
1780369800000,2026-06-02,03:10:00,4486.415,4489.045,4485.845,4487.935,0.1192
1780370100000,2026-06-02,03:15:00,4487.895,4490.965,4487.805,4489.538,0.1167
1780370400000,2026-06-02,03:20:00,4489.518,4489.735,4485.388,4489.645,0.1271
1780370700000,2026-06-02,03:25:00,4489.705,4497.145,4489.245,4494.885,0.159
1780371000000,2026-06-02,03:30:00,4494.805,4499.215,4492.725,4493.555,0.1699
1780371300000,2026-06-02,03:35:00,4493.845,4498.715,4493.535,4494.325,0.1114
1780371600000,2026-06-02,03:40:00,4494.355,4496.945,4494.115,4496.945,0.085
1780371900000,2026-06-02,03:45:00,4496.788,4499.335,4495.035,4497.985,0.0898
1780372200000,2026-06-02,03:50:00,4498.035,4498.055,4496.765,4497.165,0.0738
1780372500000,2026-06-02,03:55:00,4497.235,4499.185,4497.225,4499.115,0.0634
1780372800000,2026-06-02,04:00:00,4499.115,4501.315,4497.635,4500.005,0.0956
1780373100000,2026-06-02,04:05:00,4499.995,4502.995,4499.985,4501.975,0.0965
1780373400000,2026-06-02,04:10:00,4501.995,4505.185,4501.995,4504.415,0.0988
1780373700000,2026-06-02,04:15:00,4504.395,4509.888,4503.828,4507.355,0.1381
1780374000000,2026-06-02,04:20:00,4507.348,4508.035,4504.755,4505.395,0.1016
1780374300000,2026-06-02,04:25:00,4505.315,4505.865,4503.825,4504.245,0.1039
1780374600000,2026-06-02,04:30:00,4504.195,4507.535,4503.155,4507.435,0.0897
1780374900000,2026-06-02,04:35:00,4507.465,4508.905,4506.955,4508.735,0.0798
1780375200000,2026-06-02,04:40:00,4508.695,4510.945,4508.095,4510.075,0.0902
1780375500000,2026-06-02,04:45:00,4510.115,4515.815,4509.548,4512.375,0.0954
1780375800000,2026-06-02,04:50:00,4512.355,4514.215,4511.705,4512.705,0.0934
1780376100000,2026-06-02,04:55:00,4512.735,4518.025,4512.545,4517.185,0.1031
1780376400000,2026-06-02,05:00:00,4517.135,4518.025,4515.485,4515.695,0.0942
1780376700000,2026-06-02,05:05:00,4515.895,4517.375,4515.245,4515.795,0.0817
1780377000000,2026-06-02,05:10:00,4515.845,4518.625,4514.975,4518.615,0.0922
1780377300000,2026-06-02,05:15:00,4518.655,4519.445,4516.905,4518.455,0.1206
1780377600000,2026-06-02,05:20:00,4518.588,4520.385,4517.475,4518.688,0.108
1780377900000,2026-06-02,05:25:00,4518.478,4521.705,4516.448,4519.555,0.1258
1780378200000,2026-06-02,05:30:00,4519.625,4526.495,4519.468,4524.788,0.3029
1780378500000,2026-06-02,05:35:00,4526.338,4527.975,4522.978,4523.355,0.22
1780378800000,2026-06-02,05:40:00,4523.328,4526.608,4522.308,4524.158,0.1739
1780379100000,2026-06-02,05:45:00,4524.135,4525.965,4521.575,4523.198,0.1467
1780379400000,2026-06-02,05:50:00,4522.715,4523.525,4518.125,4519.398,0.1687
1780379700000,2026-06-02,05:55:00,4519.398,4519.625,4515.975,4516.828,0.1692
1780380000000,2026-06-02,06:00:00,4516.835,4520.635,4516.755,4520.355,0.1733
1780380300000,2026-06-02,06:05:00,4520.345,4524.615,4520.225,4520.655,0.12
1780380600000,2026-06-02,06:10:00,4520.685,4522.395,4518.575,4518.765,0.1268
1780380900000,2026-06-02,06:15:00,4518.675,4524.005,4517.785,4519.975,0.1291
1780381200000,2026-06-02,06:20:00,4520.025,4530.605,4520.025,4529.255,0.1371
1780381500000,2026-06-02,06:25:00,4529.225,4533.745,4525.225,4532.815,0.1613
1780381800000,2026-06-02,06:30:00,4532.885,4536.985,4532.768,4535.335,0.1518
1780382100000,2026-06-02,06:35:00,4535.345,4538.285,4533.545,4533.825,0.1118
1780382400000,2026-06-02,06:40:00,4533.785,4534.265,4531.495,4532.615,0.104
1780382700000,2026-06-02,06:45:00,4532.555,4535.555,4532.235,4533.515,0.1077
1780383000000,2026-06-02,06:50:00,4533.485,4534.015,4531.815,4532.785,0.085
1780383300000,2026-06-02,06:55:00,4532.805,4536.615,4532.405,4535.465,0.1199
1780383600000,2026-06-02,07:00:00,4535.485,4537.675,4533.105,4535.735,0.1425
1780383900000,2026-06-02,07:05:00,4535.765,4537.855,4533.795,4537.655,0.1045
1780384200000,2026-06-02,07:10:00,4537.745,4541.385,4537.468,4539.895,0.1068
1780384500000,2026-06-02,07:15:00,4539.815,4540.425,4537.455,4539.285,0.0913
1780384800000,2026-06-02,07:20:00,4539.223,4539.223,4536.345,4536.665,0.0915
1780385100000,2026-06-02,07:25:00,4536.645,4537.085,4533.128,4533.818,0.1032
1780385400000,2026-06-02,07:30:00,4533.818,4535.035,4531.605,4533.458,0.0943
1780385700000,2026-06-02,07:35:00,4533.425,4533.875,4531.538,4532.745,0.0887
1780386000000,2026-06-02,07:40:00,4532.825,4534.645,4531.075,4531.715,0.0919
1780386300000,2026-06-02,07:45:00,4531.755,4532.195,4529.858,4531.488,0.0965
1780386600000,2026-06-02,07:50:00,4531.488,4531.855,4527.705,4530.405,0.1127
1780386900000,2026-06-02,07:55:00,4530.408,4535.258,4530.405,4534.835,0.1554
1780387200000,2026-06-02,08:00:00,4534.808,4536.935,4532.775,4534.205,0.1583
1780387500000,2026-06-02,08:05:00,4534.165,4538.898,4533.255,4535.265,0.1343
1780387800000,2026-06-02,08:10:00,4535.235,4537.345,4534.085,4534.545,0.1057
1780388100000,2026-06-02,08:15:00,4534.585,4535.235,4531.285,4532.385,0.0918
1780388400000,2026-06-02,08:20:00,4532.435,4534.555,4529.335,4534.015,0.0944
1780388700000,2026-06-02,08:25:00,4534.075,4534.175,4529.585,4530.995,0.1078
1780389000000,2026-06-02,08:30:00,4530.855,4533.215,4530.198,4531.815,0.0955
1780389300000,2026-06-02,08:35:00,4531.965,4532.175,4529.185,4529.965,0.0811
1780389600000,2026-06-02,08:40:00,4529.875,4530.365,4528.005,4528.598,0.0701
1780389900000,2026-06-02,08:45:00,4528.565,4530.065,4527.445,4529.315,0.0901
1780390200000,2026-06-02,08:50:00,4529.245,4529.278,4527.495,4527.635,0.0701
1780390500000,2026-06-02,08:55:00,4527.775,4528.175,4525.755,4526.518,0.0621
1780390800000,2026-06-02,09:00:00,4526.585,4527.795,4525.138,4527.145,0.0963
1780391100000,2026-06-02,09:05:00,4527.375,4530.685,4527.175,4528.765,0.0934
1780391400000,2026-06-02,09:10:00,4528.718,4534.095,4528.718,4533.865,0.1141
1780391700000,2026-06-02,09:15:00,4533.718,4535.535,4532.665,4534.615,0.128
1780392000000,2026-06-02,09:20:00,4534.608,4534.608,4528.558,4529.058,0.1152
1780392300000,2026-06-02,09:25:00,4529.058,4530.025,4525.135,4526.545,0.1136
1780392600000,2026-06-02,09:30:00,4526.545,4527.175,4521.735,4525.545,0.1593
1780392900000,2026-06-02,09:35:00,4525.565,4526.705,4523.285,4524.195,0.0951
1780393200000,2026-06-02,09:40:00,4524.165,4525.895,4521.075,4525.485,0.1045
1780393500000,2026-06-02,09:45:00,4525.455,4527.205,4524.698,4526.098,0.1269
1780393800000,2026-06-02,09:50:00,4526.098,4531.025,4525.688,4530.385,0.1123
1780394100000,2026-06-02,09:55:00,4530.385,4531.255,4527.245,4529.585,0.1169
1780394400000,2026-06-02,10:00:00,4529.695,4530.595,4527.488,4528.175,0.0936
1780394700000,2026-06-02,10:05:00,4528.145,4530.125,4528.145,4529.265,0.0684
1780395000000,2026-06-02,10:10:00,4529.265,4531.575,4528.125,4528.725,0.0643
1780395300000,2026-06-02,10:15:00,4528.648,4529.425,4527.905,4528.865,0.0704
1780395600000,2026-06-02,10:20:00,4528.895,4528.915,4524.455,4525.065,0.0901
1780395900000,2026-06-02,10:25:00,4525.065,4528.475,4524.865,4528.145,0.0647
1780396200000,2026-06-02,10:30:00,4528.325,4528.505,4526.855,4527.835,0.0614
1780396500000,2026-06-02,10:35:00,4527.825,4528.415,4525.265,4526.505,0.0605
1780396800000,2026-06-02,10:40:00,4526.525,4528.645,4525.965,4528.645,0.0606
1780397100000,2026-06-02,10:45:00,4528.815,4532.845,4528.815,4530.505,0.0916
1780397400000,2026-06-02,10:50:00,4530.545,4532.195,4529.395,4532.105,0.0671
1780397700000,2026-06-02,10:55:00,4532.175,4533.825,4531.065,4532.995,0.0673
1780398000000,2026-06-02,11:00:00,4533.035,4534.515,4530.625,4530.895,0.088
1780398300000,2026-06-02,11:05:00,4530.888,4531.125,4528.935,4529.725,0.0717
1780398600000,2026-06-02,11:10:00,4529.685,4531.135,4528.535,4528.645,0.0764
1780398900000,2026-06-02,11:15:00,4528.605,4529.465,4526.275,4527.855,0.0781
1780399200000,2026-06-02,11:20:00,4527.835,4528.935,4527.295,4528.585,0.0803
1780399500000,2026-06-02,11:25:00,4528.615,4529.975,4527.125,4529.975,0.0674
1780399800000,2026-06-02,11:30:00,4530.215,4530.615,4528.595,4529.775,0.0836
1780400100000,2026-06-02,11:35:00,4529.745,4529.875,4525.985,4527.105,0.0755
1780400400000,2026-06-02,11:40:00,4527.105,4528.325,4526.565,4526.845,0.0559
1780400700000,2026-06-02,11:45:00,4526.895,4529.595,4525.455,4529.015,0.079
1780401000000,2026-06-02,11:50:00,4528.985,4529.525,4528.265,4528.365,0.0678
1780401300000,2026-06-02,11:55:00,4528.415,4530.515,4525.555,4527.425,0.0901
1780401600000,2026-06-02,12:00:00,4527.735,4528.505,4525.715,4527.615,0.0818
1780401900000,2026-06-02,12:05:00,4527.615,4528.105,4525,4527.145,0.0897
1780402200000,2026-06-02,12:10:00,4527.135,4527.675,4525.795,4526.125,0.0662
1780402500000,2026-06-02,12:15:00,4526.165,4527.855,4523.755,4526.725,0.086
1780402800000,2026-06-02,12:20:00,4526.745,4532.145,4526.225,4530.775,0.1313
1780403100000,2026-06-02,12:25:00,4530.915,4534.035,4527.775,4529.175,0.1331
1780403400000,2026-06-02,12:30:00,4529.225,4529.525,4521.645,4527.915,0.1649
1780403700000,2026-06-02,12:35:00,4527.545,4533.525,4522.975,4524.675,0.168
1780404000000,2026-06-02,12:40:00,4524.705,4527.155,4523.405,4524.955,0.121
1780404300000,2026-06-02,12:45:00,4525.035,4525.885,4519.735,4520.135,0.1237
1780404600000,2026-06-02,12:50:00,4520.165,4521.205,4513.955,4514.805,0.1507
1780404900000,2026-06-02,12:55:00,4514.825,4517.315,4513.285,4514.455,0.1455
1780405200000,2026-06-02,13:00:00,4514.405,4520.585,4512.845,4519.845,0.2332
1780405500000,2026-06-02,13:05:00,4520.015,4524.725,4513.145,4516.335,0.231
1780405800000,2026-06-02,13:10:00,4516.305,4518.145,4511.505,4513.865,0.2094
1780406100000,2026-06-02,13:15:00,4513.885,4517.055,4512.505,4512.675,0.1885
1780406400000,2026-06-02,13:20:00,4512.605,4514.565,4510.015,4513.005,0.187
1780406700000,2026-06-02,13:25:00,4513.005,4516.075,4509.838,4510.675,0.189
1780407000000,2026-06-02,13:30:00,4510.485,4511.105,4506.645,4507.895,0.3185
1780407300000,2026-06-02,13:35:00,4507.895,4511.925,4506.045,4510.875,0.2852
1780407600000,2026-06-02,13:40:00,4510.755,4514.365,4507.515,4508.255,0.2616
1780407900000,2026-06-02,13:45:00,4508.255,4510.865,4506.375,4509.565,0.2552
1780408200000,2026-06-02,13:50:00,4509.605,4513.735,4504.425,4504.445,0.2294
1780408500000,2026-06-02,13:55:00,4504.415,4505.925,4502.095,4502.095,0.2104
1780408800000,2026-06-02,14:00:00,4502.285,4505.845,4491.081,4502.185,0.264
1780409100000,2026-06-02,14:05:00,4502.245,4504.865,4500.435,4502.725,0.2154
1780409400000,2026-06-02,14:10:00,4502.735,4506.795,4502.565,4504.085,0.2237
1780409700000,2026-06-02,14:15:00,4504.025,4505.005,4492.405,4495.835,0.2734
1780410000000,2026-06-02,14:20:00,4495.845,4498.115,4490.105,4492.965,0.2699
1780410300000,2026-06-02,14:25:00,4492.885,4497.015,4491.905,4495.455,0.2525
1780410600000,2026-06-02,14:30:00,4495.465,4499.645,4495.428,4499.175,0.2006
1780410900000,2026-06-02,14:35:00,4499.135,4504.205,4499.035,4502.525,0.1778
1780411200000,2026-06-02,14:40:00,4502.725,4505.295,4500.925,4504.245,0.1503
1780411500000,2026-06-02,14:45:00,4504.195,4506.165,4502.915,4503.675,0.1662
1780411800000,2026-06-02,14:50:00,4503.845,4504.205,4500.735,4504.025,0.1347
1780412100000,2026-06-02,14:55:00,4504.055,4505.445,4501.065,4503.885,0.1689
1780412400000,2026-06-02,15:00:00,4503.945,4506.725,4502.525,4502.605,0.1971
1780412700000,2026-06-02,15:05:00,4502.875,4508.005,4501.405,4506.555,0.2014
1780413000000,2026-06-02,15:10:00,4506.505,4507.365,4502.215,4503.235,0.1651
1780413300000,2026-06-02,15:15:00,4503.265,4505.175,4503.035,4504.145,0.151
1780413600000,2026-06-02,15:20:00,4504.365,4505.935,4501.915,4503.555,0.1793
1780413900000,2026-06-02,15:25:00,4503.555,4505.745,4501.325,4505.215,0.1658
1780414200000,2026-06-02,15:30:00,4505.255,4506.615,4502.775,4506.065,0.1757
1780414500000,2026-06-02,15:35:00,4506.005,4508.395,4504.235,4504.235,0.1732
1780414800000,2026-06-02,15:40:00,4504.275,4504.455,4499.915,4502.155,0.1672
1780415100000,2026-06-02,15:45:00,4502.225,4506.845,4501.555,4505.535,0.1501
1780415400000,2026-06-02,15:50:00,4505.535,4505.645,4502.255,4503.765,0.1048
1780415700000,2026-06-02,15:55:00,4503.535,4503.635,4501.065,4501.865,0.1299
1780416000000,2026-06-02,16:00:00,4502.075,4502.665,4499.625,4500.625,0.1202
1780416300000,2026-06-02,16:05:00,4500.675,4502.825,4497.995,4501.765,0.1674
1780416600000,2026-06-02,16:10:00,4501.745,4501.905,4497.935,4497.985,0.1315
1780416900000,2026-06-02,16:15:00,4497.955,4498.195,4494.115,4494.595,0.143
1780417200000,2026-06-02,16:20:00,4494.655,4495.925,4492.215,4494.485,0.1502
1780417500000,2026-06-02,16:25:00,4494.695,4494.785,4490.145,4490.235,0.1422
1780417800000,2026-06-02,16:30:00,4490.265,4491.305,4488.945,4489.465,0.1448
1780418100000,2026-06-02,16:35:00,4489.425,4489.915,4486.125,4487.505,0.1516
1780418400000,2026-06-02,16:40:00,4487.478,4491.175,4486.215,4489.575,0.138
1780418700000,2026-06-02,16:45:00,4489.575,4491.615,4488.955,4490.705,0.1208
1780419000000,2026-06-02,16:50:00,4490.705,4491.425,4489.115,4489.265,0.1134
1780419300000,2026-06-02,16:55:00,4489.215,4491.805,4489.165,4491.705,0.1218
1780419600000,2026-06-02,17:00:00,4491.705,4492.875,4489.495,4490.195,0.1305
1780419900000,2026-06-02,17:05:00,4490.035,4491.825,4486.825,4486.835,0.138
1780420200000,2026-06-02,17:10:00,4486.795,4489.865,4486.575,4489.335,0.1282
1780420500000,2026-06-02,17:15:00,4489.315,4489.905,4486.565,4487.015,0.1472
1780420800000,2026-06-02,17:20:00,4487.035,4488.555,4486.175,4488.005,0.1345
1780421100000,2026-06-02,17:25:00,4488.005,4491.595,4487.248,4490.945,0.1759
1780421400000,2026-06-02,17:30:00,4490.875,4491.645,4488.385,4488.385,0.1346
1780421700000,2026-06-02,17:35:00,4488.385,4488.645,4481.885,4482.665,0.1502
1780422000000,2026-06-02,17:40:00,4482.785,4485.295,4482.525,4484.385,0.1132
1780422300000,2026-06-02,17:45:00,4484.385,4486.085,4484.115,4485.805,0.0879
1780422600000,2026-06-02,17:50:00,4485.785,4486.355,4483.315,4483.685,0.0973
1780422900000,2026-06-02,17:55:00,4483.615,4484.795,4482.535,4484.455,0.0798
1780423200000,2026-06-02,18:00:00,4484.565,4488.525,4484.185,4486.295,0.1012
1780423500000,2026-06-02,18:05:00,4486.325,4487.495,4485.095,4487.355,0.0782
1780423800000,2026-06-02,18:10:00,4487.425,4487.935,4484.835,4485.005,0.0882
1780424100000,2026-06-02,18:15:00,4484.955,4486.025,4483.828,4484.765,0.0999
1780424400000,2026-06-02,18:20:00,4484.795,4487.505,4484.305,4487.335,0.1103
1780424700000,2026-06-02,18:25:00,4487.265,4490.865,4487.185,4488.245,0.1219
1780425000000,2026-06-02,18:30:00,4488.245,4489.275,4486.655,4488.105,0.1028
1780425300000,2026-06-02,18:35:00,4488.035,4488.055,4484.515,4485.165,0.1081
1780425600000,2026-06-02,18:40:00,4485.135,4485.425,4478.535,4480.365,0.1315
1780425900000,2026-06-02,18:45:00,4480.278,4486.475,4480.075,4486.475,0.0907
1780426200000,2026-06-02,18:50:00,4486.475,4490.308,4485.805,4487.435,0.0943
1780426500000,2026-06-02,18:55:00,4487.395,4488.665,4486.785,4487.165,0.0857
1780426800000,2026-06-02,19:00:00,4487.195,4488.965,4487.145,4488.535,0.0927
1780427100000,2026-06-02,19:05:00,4488.745,4489.035,4487.895,4488.355,0.0868
1780427400000,2026-06-02,19:10:00,4488.335,4488.805,4487.065,4487.215,0.0646
1780427700000,2026-06-02,19:15:00,4487.105,4487.625,4486.215,4486.595,0.0757
1780428000000,2026-06-02,19:20:00,4486.695,4486.945,4485.515,4486.105,0.0746
1780428300000,2026-06-02,19:25:00,4486.175,4489.595,4485.925,4489.315,0.0761
1780428600000,2026-06-02,19:30:00,4489.195,4490.065,4485.725,4486.225,0.0853
1780428900000,2026-06-02,19:35:00,4486.215,4486.435,4483.115,4484.255,0.1106
1780429200000,2026-06-02,19:40:00,4484.188,4487.275,4483.615,4487.175,0.0876
1780429500000,2026-06-02,19:45:00,4487.225,4487.825,4485.345,4486.765,0.0949
1780429800000,2026-06-02,19:50:00,4486.795,4487.295,4485.735,4486.085,0.1116
1780430100000,2026-06-02,19:55:00,4486.055,4488.345,4486.045,4487.885,0.1501
1780430400000,2026-06-02,20:00:00,4487.885,4487.905,4486.075,4487.175,0.0567
1780430700000,2026-06-02,20:05:00,4487.235,4488.365,4487.075,4487.865,0.0425
1780431000000,2026-06-02,20:10:00,4487.855,4489.645,4487.735,4489.645,0.0403
1780431300000,2026-06-02,20:15:00,4489.605,4490.865,4489.305,4490.195,0.0429
1780431600000,2026-06-02,20:20:00,4490.205,4490.205,4488.915,4489.238,0.0396
1780431900000,2026-06-02,20:25:00,4489.238,4489.905,4488.455,4489.575,0.0275
1780432200000,2026-06-02,20:30:00,4489.575,4490.875,4488.985,4489.415,0.0341
1780432500000,2026-06-02,20:35:00,4489.445,4490.265,4489.035,4489.425,0.0322
1780432800000,2026-06-02,20:40:00,4489.345,4490.125,4488.665,4488.775,0.0308
1780433100000,2026-06-02,20:45:00,4488.795,4489.745,4488.345,4488.495,0.0316
1780433400000,2026-06-02,20:50:00,4488.475,4488.525,4487.325,4487.325,0.0299
1780433700000,2026-06-02,20:55:00,4487.375,4489.375,4486.425,4488.865,0.0449
1780437600000,2026-06-02,22:00:00,4489.978,4492.785,4487.778,4489.798,0.0485
1780437900000,2026-06-02,22:05:00,4489.798,4492.855,4487.625,4491.775,0.0476
1780438200000,2026-06-02,22:10:00,4491.715,4492.105,4489.245,4489.245,0.0513
1780438500000,2026-06-02,22:15:00,4489.175,4490.605,4488.115,4488.845,0.044
1780438800000,2026-06-02,22:20:00,4488.905,4491.195,4488.055,4488.495,0.0683
1780439100000,2026-06-02,22:25:00,4488.565,4490.155,4487.485,4490.155,0.0647
1780439400000,2026-06-02,22:30:00,4489.845,4491.115,4488.105,4488.195,0.0602
1780439700000,2026-06-02,22:35:00,4488.155,4489.035,4486.975,4488.435,0.059
1780440000000,2026-06-02,22:40:00,4488.255,4489.715,4487.585,4488.735,0.0467
1780440300000,2026-06-02,22:45:00,4488.755,4492.135,4483.755,4488.645,0.0998
1780440600000,2026-06-02,22:50:00,4488.695,4490.065,4486.478,4486.715,0.091
1780440900000,2026-06-02,22:55:00,4486.685,4488.005,4484.358,4484.418,0.1116
1780441200000,2026-06-02,23:00:00,4484.518,4488.555,4482.125,4484.538,0.1325
1780441500000,2026-06-02,23:05:00,4484.515,4486.538,4480.228,4481.758,0.1272
1780441800000,2026-06-02,23:10:00,4481.808,4483.065,4474.215,4477.185,0.1408
1780442100000,2026-06-02,23:15:00,4477.165,4477.185,4468.975,4469.995,0.1409
1780442400000,2026-06-02,23:20:00,4470.045,4472.245,4466.425,4467.535,0.1836
1780442700000,2026-06-02,23:25:00,4467.515,4471.025,4461.905,4467.295,0.1603
1780443000000,2026-06-02,23:30:00,4467.375,4468.885,4462.285,4466.305,0.1278
1780443300000,2026-06-02,23:35:00,4466.275,4467.985,4463.205,4465.235,0.1358
1780443600000,2026-06-02,23:40:00,4465.265,4474.795,4463.975,4474.735,0.1497
1780443900000,2026-06-02,23:45:00,4474.775,4475.055,4468.735,4471.645,0.1201
1780444200000,2026-06-02,23:50:00,4471.225,4474.295,4470.655,4473.485,0.0935
1780444500000,2026-06-02,23:55:00,4472.955,4474.565,4471.145,4474.125,0.1
1780444800000,2026-06-03,00:00:00,4474.095,4479.095,4473.495,4478.555,0.1466
1780445100000,2026-06-03,00:05:00,4478.435,4479.585,4475.135,4476.345,0.1206
1780445400000,2026-06-03,00:10:00,4476.318,4476.625,4473.875,4475.685,0.107
1780445700000,2026-06-03,00:15:00,4475.715,4479.045,4474.105,4477.325,0.0965
1780446000000,2026-06-03,00:20:00,4477.295,4482.305,4477.025,4478.645,0.0951
1780446300000,2026-06-03,00:25:00,4478.855,4483.105,4478.495,4482.985,0.0717
1780446600000,2026-06-03,00:30:00,4482.935,4485.115,4481.055,4485.025,0.0858
1780446900000,2026-06-03,00:35:00,4485.085,4491.835,4484.535,4491.515,0.102
1780447200000,2026-06-03,00:40:00,4491.575,4496.515,4491.125,4495.515,0.1714
1780447500000,2026-06-03,00:45:00,4495.505,4495.735,4488.805,4490.735,0.1133
1780447800000,2026-06-03,00:50:00,4490.835,4492.225,4488.385,4488.755,0.1143
1780448100000,2026-06-03,00:55:00,4488.715,4488.815,4485.558,4485.855,0.1095
1780448400000,2026-06-03,01:00:00,4485.835,4487.385,4473.018,4473.455,0.3108
1780448700000,2026-06-03,01:05:00,4473.485,4475.315,4467.035,4474.005,0.2833
1780449000000,2026-06-03,01:10:00,4474.065,4477.285,4468.718,4470.965,0.2214
1780449300000,2026-06-03,01:15:00,4471.065,4472.385,4468.085,4469.215,0.2024
1780449600000,2026-06-03,01:20:00,4469.215,4471.175,4465.735,4466.045,0.1937
1780449900000,2026-06-03,01:25:00,4465.935,4467.845,4462.978,4466.885,0.1934
1780450200000,2026-06-03,01:30:00,4466.885,4472.895,4466.675,4471.025,0.1898
1780450500000,2026-06-03,01:35:00,4471.085,4472.615,4466.215,4466.215,0.1662
1780450800000,2026-06-03,01:40:00,4466.195,4471.175,4464.665,4470.175,0.1622
1780451100000,2026-06-03,01:45:00,4470.135,4475.525,4469.735,4475.425,0.1453
1780451400000,2026-06-03,01:50:00,4475.405,4477.085,4473.145,4473.675,0.1232
1780451700000,2026-06-03,01:55:00,4473.685,4476.715,4472.115,4475.565,0.1496
1780452000000,2026-06-03,02:00:00,4475.675,4476.025,4472.555,4473.605,0.1352
1780452300000,2026-06-03,02:05:00,4473.635,4479.015,4473.055,4478.355,0.127
1780452600000,2026-06-03,02:10:00,4478.385,4481.185,4475.285,4480.405,0.1555
1780452900000,2026-06-03,02:15:00,4480.425,4480.755,4473.785,4475.945,0.0997
1780453200000,2026-06-03,02:20:00,4475.905,4478.455,4474.845,4478.085,0.091
1780453500000,2026-06-03,02:25:00,4478.115,4480.745,4477.625,4478.565,0.0888
1780453800000,2026-06-03,02:30:00,4478.605,4479.745,4474.465,4478.715,0.1242
1780454100000,2026-06-03,02:35:00,4478.745,4482.105,4477.965,4480.845,0.1185
1780454400000,2026-06-03,02:40:00,4480.865,4484.915,4478.745,4478.805,0.1524
1780454700000,2026-06-03,02:45:00,4478.745,4479.075,4472.725,4475.445,0.1748
1780455000000,2026-06-03,02:50:00,4475.445,4479.855,4473.738,4479.205,0.132
1780455300000,2026-06-03,02:55:00,4479.225,4481.815,4476.818,4481.655,0.1393
1780455600000,2026-06-03,03:00:00,4481.538,4487.025,4481.535,4485.675,0.1352
1780455900000,2026-06-03,03:05:00,4485.705,4487.375,4484.335,4485.105,0.111
1780456200000,2026-06-03,03:10:00,4485.445,4485.855,4483.405,4485.205,0.1097
1780456500000,2026-06-03,03:15:00,4485.255,4486.225,4483.115,4485.015,0.1019
1780456800000,2026-06-03,03:20:00,4485.105,4486.945,4484.685,4485.115,0.1023
1780457100000,2026-06-03,03:25:00,4485.195,4485.475,4482.835,4483.065,0.1032
1780457400000,2026-06-03,03:30:00,4483.038,4485.345,4482.798,4483.775,0.0838
1780457700000,2026-06-03,03:35:00,4483.995,4485.595,4483.135,4484.435,0.0682
1780458000000,2026-06-03,03:40:00,4484.495,4485.005,4483.198,4484.135,0.0532
1780458300000,2026-06-03,03:45:00,4484.165,4484.405,4482.148,4482.695,0.0684
1780458600000,2026-06-03,03:50:00,4482.635,4486.035,4482.445,4483.565,0.0563
1780458900000,2026-06-03,03:55:00,4483.585,4484.445,4483.115,4484.215,0.0529
1780459200000,2026-06-03,04:00:00,4484.205,4486.325,4483.845,4485.755,0.074
1780459500000,2026-06-03,04:05:00,4485.705,4486.905,4484.635,4486.025,0.069
1780459800000,2026-06-03,04:10:00,4486.055,4486.575,4484.255,4486.575,0.075
1780460100000,2026-06-03,04:15:00,4486.595,4488.035,4481.075,4481.205,0.0939
1780460400000,2026-06-03,04:20:00,4481.295,4481.555,4479.938,4480.355,0.0484
1780460700000,2026-06-03,04:25:00,4480.385,4480.585,4476.895,4476.955,0.0687
1780461000000,2026-06-03,04:30:00,4477.025,4477.275,4473.375,4474.395,0.0827
1780461300000,2026-06-03,04:35:00,4474.395,4475.185,4470.465,4471.405,0.0789
1780461600000,2026-06-03,04:40:00,4471.465,4473.535,4471.045,4473.165,0.0603
1780461900000,2026-06-03,04:45:00,4473.115,4473.855,4470.025,4471.125,0.0704
1780462200000,2026-06-03,04:50:00,4471.095,4471.325,4469.718,4469.925,0.0565
1780462500000,2026-06-03,04:55:00,4469.925,4470.325,4467.995,4469.245,0.084
1780462800000,2026-06-03,05:00:00,4469.245,4471.265,4467.495,4470.525,0.1335
1780463100000,2026-06-03,05:05:00,4470.545,4471.635,4467.065,4470.275,0.1082
1780463400000,2026-06-03,05:10:00,4470.275,4473.325,4469.745,4472.965,0.1025
1780463700000,2026-06-03,05:15:00,4472.985,4473.915,4471.715,4472.035,0.0801
1780464000000,2026-06-03,05:20:00,4472.035,4472.865,4468.325,4468.405,0.0939
1780464300000,2026-06-03,05:25:00,4468.375,4469.465,4465.775,4468.258,0.109
1780464600000,2026-06-03,05:30:00,4468.258,4468.655,4458.825,4464.745,0.257
1780464900000,2026-06-03,05:35:00,4464.745,4468.595,4463.008,4466.535,0.1713
1780465200000,2026-06-03,05:40:00,4466.495,4466.695,4459.805,4461.785,0.1375
1780465500000,2026-06-03,05:45:00,4461.745,4466.625,4460.745,4465.835,0.1495
1780465800000,2026-06-03,05:50:00,4465.715,4468.065,4462.145,4463.055,0.1563
1780466100000,2026-06-03,05:55:00,4462.995,4463.755,4456.298,4456.728,0.1642
1780466400000,2026-06-03,06:00:00,4456.728,4467.145,4456.515,4466.715,0.1858
1780466700000,2026-06-03,06:05:00,4466.655,4466.795,4461.845,4464.975,0.1376
1780467000000,2026-06-03,06:10:00,4464.935,4466.195,4462.625,4465.805,0.1391
1780467300000,2026-06-03,06:15:00,4465.785,4470.705,4465.335,4467.995,0.1213
1780467600000,2026-06-03,06:20:00,4468.035,4470.065,4458.935,4459.955,0.1316
1780467900000,2026-06-03,06:25:00,4459.925,4462.895,4458.645,4462.305,0.1387
1780468200000,2026-06-03,06:30:00,4462.205,4464.885,4456.875,4459.215,0.1594
1780468500000,2026-06-03,06:35:00,4459.445,4463.725,4458.765,4462.795,0.1509
1780468800000,2026-06-03,06:40:00,4462.795,4463.295,4457.715,4460.315,0.1324
1780469100000,2026-06-03,06:45:00,4460.255,4460.255,4455.025,4458.795,0.1351
1780469400000,2026-06-03,06:50:00,4458.775,4460.185,4457.515,4458.175,0.0932
1780469700000,2026-06-03,06:55:00,4458.215,4462.855,4458.215,4462.755,0.1083
1780470000000,2026-06-03,07:00:00,4462.695,4466.725,4459.785,4464.995,0.171
1780470300000,2026-06-03,07:05:00,4464.995,4468.995,4464.065,4468.668,0.1376
1780470600000,2026-06-03,07:10:00,4468.665,4472.035,4468.115,4469.375,0.1426
1780470900000,2026-06-03,07:15:00,4469.365,4469.805,4462.445,4463.318,0.1336
1780471200000,2026-06-03,07:20:00,4463.445,4464.725,4461.755,4463.265,0.1024
1780471500000,2026-06-03,07:25:00,4463.195,4464.445,4456.005,4456.005,0.1361
1780471800000,2026-06-03,07:30:00,4456.035,4461.735,4454.365,4461.305,0.1487
1780472100000,2026-06-03,07:35:00,4461.235,4463.175,4457.945,4458.145,0.149
1780472400000,2026-06-03,07:40:00,4458.385,4461.138,4454.455,4458.695,0.1255
1780472700000,2026-06-03,07:45:00,4458.675,4459.885,4455.485,4458.715,0.0992
1780473000000,2026-06-03,07:50:00,4458.395,4463.785,4458.375,4459.495,0.1035
1780473300000,2026-06-03,07:55:00,4459.505,4459.575,4452.595,4453.165,0.1136
1780473600000,2026-06-03,08:00:00,4453.275,4458.995,4450.575,4457.475,0.1629
1780473900000,2026-06-03,08:05:00,4457.565,4457.985,4452.825,4454.975,0.1221
1780474200000,2026-06-03,08:10:00,4454.935,4457.625,4454.105,4455.245,0.1055
1780474500000,2026-06-03,08:15:00,4455.255,4456.845,4452.185,4453.845,0.1234
1780474800000,2026-06-03,08:20:00,4453.865,4455.235,4450.485,4451.265,0.1192
1780475100000,2026-06-03,08:25:00,4451.425,4457.505,4450.615,4457.315,0.1353
1780475400000,2026-06-03,08:30:00,4457.315,4458.415,4454.698,4456.445,0.1514
1780475700000,2026-06-03,08:35:00,4456.445,4457.305,4454.165,4455.425,0.1099
1780476000000,2026-06-03,08:40:00,4455.525,4458.825,4455.145,4456.285,0.1037
1780476300000,2026-06-03,08:45:00,4456.315,4457.555,4453.855,4454.045,0.1001
1780476600000,2026-06-03,08:50:00,4453.965,4454.835,4442.585,4444.695,0.1444
1780476900000,2026-06-03,08:55:00,4444.675,4445.805,4440.015,4443.905,0.1469
1780477200000,2026-06-03,09:00:00,4443.865,4451.895,4441.555,4450.955,0.1592
1780477500000,2026-06-03,09:05:00,4451.035,4458.775,4451.035,4456.735,0.1376
1780477800000,2026-06-03,09:10:00,4456.715,4456.735,4451.155,4451.155,0.105
1780478100000,2026-06-03,09:15:00,4451.155,4451.555,4446.655,4449.915,0.1354
1780478400000,2026-06-03,09:20:00,4449.915,4451.775,4446.825,4447.625,0.1327
1780478700000,2026-06-03,09:25:00,4447.625,4449.005,4439.195,4439.675,0.1516
1780479000000,2026-06-03,09:30:00,4439.715,4444.225,4439.458,4441.825,0.1631
1780479300000,2026-06-03,09:35:00,4441.825,4446.935,4438.735,4446.715,0.1206
1780479600000,2026-06-03,09:40:00,4446.735,4448.225,4444.075,4446.675,0.0951
1780479900000,2026-06-03,09:45:00,4446.655,4447.395,4443.518,4446.835,0.092
1780480200000,2026-06-03,09:50:00,4446.795,4447.805,4443.275,4443.275,0.0872
1780480500000,2026-06-03,09:55:00,4443.245,4444.175,4440.795,4442.955,0.1171
1780480800000,2026-06-03,10:00:00,4442.955,4447.785,4440.795,4447.715,0.1348
1780481100000,2026-06-03,10:05:00,4447.685,4467.055,4446.955,4461.245,0.2903
1780481400000,2026-06-03,10:10:00,4461.305,4464.515,4459.065,4462.855,0.2075
1780481700000,2026-06-03,10:15:00,4462.915,4463.705,4460.315,4462.435,0.1354
1780482000000,2026-06-03,10:20:00,4462.455,4463.955,4455.785,4456.625,0.1514
1780482300000,2026-06-03,10:25:00,4456.935,4460.525,4453.375,4459.665,0.1499
1780482600000,2026-06-03,10:30:00,4459.735,4462.685,4458.495,4459.925,0.1207
1780482900000,2026-06-03,10:35:00,4460.005,4460.205,4457.995,4458.745,0.0701
1780483200000,2026-06-03,10:40:00,4458.765,4458.975,4453.055,4453.905,0.0916
1780483500000,2026-06-03,10:45:00,4453.925,4456.415,4453.525,4455.625,0.0765
1780483800000,2026-06-03,10:50:00,4455.715,4459.305,4455.715,4458.965,0.0953
1780484100000,2026-06-03,10:55:00,4459.125,4460.935,4458.135,4458.755,0.0799
1780484400000,2026-06-03,11:00:00,4458.935,4464.425,4458.855,4464.185,0.1126
1780484700000,2026-06-03,11:05:00,4464.295,4467.905,4462.315,4463.125,0.1394
1780485000000,2026-06-03,11:10:00,4463.125,4464.185,4460.775,4461.835,0.1241
1780485300000,2026-06-03,11:15:00,4461.855,4462.415,4458.935,4460.835,0.096
1780485600000,2026-06-03,11:20:00,4460.865,4465.605,4460.865,4462.685,0.1196
1780485900000,2026-06-03,11:25:00,4462.685,4464.665,4461.685,4464.485,0.0995
1780486200000,2026-06-03,11:30:00,4464.515,4467.085,4463.635,4465.655,0.1029
1780486500000,2026-06-03,11:35:00,4465.655,4466.015,4462.835,4463.185,0.0851
1780486800000,2026-06-03,11:40:00,4463.185,4464.485,4459.235,4460.105,0.0961
1780487100000,2026-06-03,11:45:00,4460.115,4463.215,4458.328,4462.025,0.1127
1780487400000,2026-06-03,11:50:00,4462.065,4464.755,4461.515,4462.325,0.0822
1780487700000,2026-06-03,11:55:00,4462.375,4463.205,4461.205,4462.125,0.1023
1780488000000,2026-06-03,12:00:00,4462.265,4464.385,4459.655,4463.458,0.1231
1780488300000,2026-06-03,12:05:00,4463.465,4464.365,4456.985,4458.145,0.1235
1780488600000,2026-06-03,12:10:00,4458.475,4461.135,4458.025,4458.438,0.0992
1780488900000,2026-06-03,12:15:00,4458.438,4458.645,4455.495,4456.195,0.1325
1780489200000,2026-06-03,12:20:00,4455.998,4462.135,4455.855,4457.815,0.1631
1780489500000,2026-06-03,12:25:00,4457.755,4457.855,4451.765,4452.675,0.1875
1780489800000,2026-06-03,12:30:00,4452.675,4456.775,4450.825,4451.325,0.1757
1780490100000,2026-06-03,12:35:00,4451.325,4453.695,4448.025,4449.335,0.1731
1780490400000,2026-06-03,12:40:00,4449.415,4460.505,4449.415,4458.705,0.1945
1780490700000,2026-06-03,12:45:00,4458.665,4461.385,4456.655,4461.065,0.1773
1780491000000,2026-06-03,12:50:00,4461.095,4466.965,4460.265,4460.375,0.1795
1780491300000,2026-06-03,12:55:00,4460.288,4462.265,4455.205,4460.155,0.1545
1780491600000,2026-06-03,13:00:00,4460.035,4465.075,4457.648,4463.015,0.2387
1780491900000,2026-06-03,13:05:00,4462.985,4465.245,4461.795,4462.375,0.1675
1780492200000,2026-06-03,13:10:00,4462.455,4465.745,4461.635,4462.175,0.1556
1780492500000,2026-06-03,13:15:00,4462.165,4463.095,4455.215,4457.385,0.1699
1780492800000,2026-06-03,13:20:00,4457.385,4457.798,4446.925,4450.015,0.1947
1780493100000,2026-06-03,13:25:00,4449.965,4450.465,4445.375,4448.355,0.1799
1780493400000,2026-06-03,13:30:00,4448.375,4453.015,4445.975,4448.165,0.2583
1780493700000,2026-06-03,13:35:00,4448.285,4451.485,4445.975,4448.455,0.2349
1780494000000,2026-06-03,13:40:00,4448.385,4449.905,4426.598,4426.598,0.3176
1780494300000,2026-06-03,13:45:00,4426.745,4438.005,4426.195,4436.895,0.3617
1780494600000,2026-06-03,13:50:00,4436.735,4446.535,4435.065,4444.135,0.2915
1780494900000,2026-06-03,13:55:00,4444.125,4450.025,4441.405,4445.825,0.2469
1780495200000,2026-06-03,14:00:00,4445.715,4451.445,4442.095,4446.055,0.2544
1780495500000,2026-06-03,14:05:00,4446.475,4451.985,4444.755,4450.305,0.2603
1780495800000,2026-06-03,14:10:00,4450.325,4456.555,4450.325,4454.325,0.249
1780496100000,2026-06-03,14:15:00,4454.345,4458.505,4445.725,4448.578,0.2458
1780496400000,2026-06-03,14:20:00,4448.465,4451.285,4445.595,4449.365,0.2293
1780496700000,2026-06-03,14:25:00,4449.395,4452.085,4446.145,4451.865,0.2111
1780497000000,2026-06-03,14:30:00,4451.955,4453.275,4447.405,4448.965,0.2283
1780497300000,2026-06-03,14:35:00,4448.985,4453.495,4448.855,4451.505,0.2038
1780497600000,2026-06-03,14:40:00,4451.525,4452.185,4446.908,4448.005,0.1996
1780497900000,2026-06-03,14:45:00,4447.975,4454.945,4447.735,4453.895,0.1709
1780498200000,2026-06-03,14:50:00,4453.855,4459.435,4450.475,4458.545,0.2213
1780498500000,2026-06-03,14:55:00,4458.565,4458.875,4455.155,4456.985,0.2061
1780498800000,2026-06-03,15:00:00,4456.925,4458.145,4452.495,4452.755,0.2433
1780499100000,2026-06-03,15:05:00,4452.735,4453.045,4447.825,4449.215,0.2728
1780499400000,2026-06-03,15:10:00,4449.075,4451.905,4444.685,4445.625,0.2256
1780499700000,2026-06-03,15:15:00,4445.655,4450.595,4444.825,4445.415,0.2797
1780500000000,2026-06-03,15:20:00,4445.415,4446.178,4439.305,4442.825,0.269
1780500300000,2026-06-03,15:25:00,4442.855,4445.205,4439.665,4444.735,0.2293
1780500600000,2026-06-03,15:30:00,4444.755,4445.335,4440.395,4440.875,0.2329
1780500900000,2026-06-03,15:35:00,4440.845,4442.585,4436.495,4438.865,0.1884
1780501200000,2026-06-03,15:40:00,4438.865,4442.295,4438.098,4439.758,0.1652
1780501500000,2026-06-03,15:45:00,4439.805,4442.045,4437.748,4441.475,0.1538
1780501800000,2026-06-03,15:50:00,4441.435,4443.505,4439.675,4441.045,0.1515
1780502100000,2026-06-03,15:55:00,4440.985,4442.565,4440.445,4441.975,0.1561
1780502400000,2026-06-03,16:00:00,4441.925,4442.955,4439.445,4442.585,0.1868
1780502700000,2026-06-03,16:05:00,4442.465,4443.695,4436.858,4439.095,0.2253
1780503000000,2026-06-03,16:10:00,4439.145,4440.375,4437.055,4438.815,0.236
1780503300000,2026-06-03,16:15:00,4438.808,4440.988,4436.218,4438.285,0.3483
1780503600000,2026-06-03,16:20:00,4438.248,4439.495,4433.785,4435.915,0.2516
1780503900000,2026-06-03,16:25:00,4435.885,4437.538,4433.545,4437.315,0.2434
1780504200000,2026-06-03,16:30:00,4437.395,4440.428,4436.935,4439.985,0.2202
1780504500000,2026-06-03,16:35:00,4440.045,4440.145,4435.908,4435.935,0.2043
1780504800000,2026-06-03,16:40:00,4435.928,4438.975,4435.085,4438.875,0.1998
1780505100000,2026-06-03,16:45:00,4438.895,4440.395,4437.385,4437.725,0.2145
1780505400000,2026-06-03,16:50:00,4437.715,4439.465,4436.815,4437.735,0.1626
1780505700000,2026-06-03,16:55:00,4437.795,4442.735,4437.065,4441.695,0.1701
1780506000000,2026-06-03,17:00:00,4441.665,4444.765,4441.525,4444.335,0.2155
1780506300000,2026-06-03,17:05:00,4444.405,4448.265,4442.958,4446.708,0.2543
1780506600000,2026-06-03,17:10:00,4446.735,4447.065,4441.295,4441.625,0.1925
1780506900000,2026-06-03,17:15:00,4441.655,4443.245,4441.095,4442.295,0.1637
1780507200000,2026-06-03,17:20:00,4442.125,4442.535,4439.785,4441.775,0.1764
1780507500000,2026-06-03,17:25:00,4441.815,4442.735,4437.465,4438.855,0.1988
1780507800000,2026-06-03,17:30:00,4438.648,4440.445,4435.235,4439.785,0.1915
1780508100000,2026-06-03,17:35:00,4439.765,4440.145,4437.695,4439.955,0.144
1780508400000,2026-06-03,17:40:00,4439.915,4441.995,4439.025,4440.305,0.1689
1780508700000,2026-06-03,17:45:00,4440.295,4440.765,4437.438,4437.918,0.1353
1780509000000,2026-06-03,17:50:00,4437.918,4439.415,4436.618,4437.815,0.1301
1780509300000,2026-06-03,17:55:00,4437.795,4439.125,4437.515,4438.685,0.1281
1780509600000,2026-06-03,18:00:00,4438.665,4440.375,4437.698,4439.225,0.1594
1780509900000,2026-06-03,18:05:00,4439.235,4439.415,4436.105,4437.145,0.1356
1780510200000,2026-06-03,18:10:00,4437.175,4438.465,4435.245,4436.715,0.1485
1780510500000,2026-06-03,18:15:00,4436.695,4437.785,4435.245,4437.725,0.1385
1780510800000,2026-06-03,18:20:00,4437.865,4438.998,4434.735,4438.745,0.1407
1780511100000,2026-06-03,18:25:00,4438.658,4440.475,4438.225,4440.095,0.1898
1780511400000,2026-06-03,18:30:00,4440.055,4442.278,4438.555,4438.625,0.145
1780511700000,2026-06-03,18:35:00,4438.605,4439.145,4436.535,4438.225,0.1452
1780512000000,2026-06-03,18:40:00,4438.238,4440.145,4437.058,4439.815,0.149
1780512300000,2026-06-03,18:45:00,4439.815,4441.475,4439.308,4439.738,0.1492
1780512600000,2026-06-03,18:50:00,4439.738,4440.665,4439.525,4439.995,0.1632
1780512900000,2026-06-03,18:55:00,4439.975,4442.675,4439.435,4441.805,0.1551
1780513200000,2026-06-03,19:00:00,4441.825,4449.135,4441.125,4448.925,0.2079
1780513500000,2026-06-03,19:05:00,4449.005,4449.685,4446.875,4447.528,0.1326
1780513800000,2026-06-03,19:10:00,4447.528,4449.695,4446.505,4449.475,0.1747
1780514100000,2026-06-03,19:15:00,4449.445,4451.835,4448.495,4451.228,0.1593
1780514400000,2026-06-03,19:20:00,4451.238,4451.995,4447.685,4447.698,0.151
1780514700000,2026-06-03,19:25:00,4447.698,4448.335,4446.225,4447.765,0.1339
1780515000000,2026-06-03,19:30:00,4447.815,4449.435,4447.048,4448.195,0.134
1780515300000,2026-06-03,19:35:00,4448.215,4448.915,4447.488,4447.488,0.2464
1780515600000,2026-06-03,19:40:00,4447.478,4448.565,4446.378,4446.538,0.2059
1780515900000,2026-06-03,19:45:00,4446.545,4446.998,4444.465,4446.618,0.1316
1780516200000,2026-06-03,19:50:00,4446.618,4447.085,4444.725,4445.305,0.1745
1780516500000,2026-06-03,19:55:00,4445.188,4445.188,4442.805,4443.655,0.2299
1780516800000,2026-06-03,20:00:00,4443.638,4445.075,4441.778,4441.818,0.1159
1780517100000,2026-06-03,20:05:00,4441.975,4441.975,4438.268,4441.055,0.1381
1780517400000,2026-06-03,20:10:00,4441.055,4441.705,4438.725,4439.638,0.068
1780517700000,2026-06-03,20:15:00,4439.695,4439.865,4437.105,4437.395,0.1242
1780518000000,2026-06-03,20:20:00,4437.445,4439.845,4437.335,4439.335,0.089
1780518300000,2026-06-03,20:25:00,4439.355,4440.035,4438.035,4438.735,0.0631
1780518600000,2026-06-03,20:30:00,4438.715,4439.315,4432.945,4433.685,0.0937
1780518900000,2026-06-03,20:35:00,4433.635,4434.145,4432.295,4433.805,0.0728
1780519200000,2026-06-03,20:40:00,4433.645,4434.485,4432.045,4433.155,0.0966
1780519500000,2026-06-03,20:45:00,4433.105,4434.618,4431.245,4431.275,0.0776
1780519800000,2026-06-03,20:50:00,4431.255,4433.858,4430.215,4433.835,0.0876
1780520100000,2026-06-03,20:55:00,4433.795,4434.745,4433.018,4434.475,0.0721
1780524000000,2026-06-03,22:00:00,4437.698,4439.965,4430.605,4432.035,0.0955
1780524300000,2026-06-03,22:05:00,4432.295,4435.985,4431.855,4434.655,0.0517
1780524600000,2026-06-03,22:10:00,4434.585,4435.545,4429.325,4431.615,0.0788
1780524900000,2026-06-03,22:15:00,4431.735,4431.845,4423.685,4427.305,0.1066
1780525200000,2026-06-03,22:20:00,4427.145,4430.575,4424.455,4429.985,0.0946
1780525500000,2026-06-03,22:25:00,4429.985,4435.505,4429.985,4433.735,0.0884
1780525800000,2026-06-03,22:30:00,4433.715,4439.765,4433.715,4439.545,0.098
1780526100000,2026-06-03,22:35:00,4439.525,4440.195,4435.565,4436.335,0.0699
1780526400000,2026-06-03,22:40:00,4436.465,4438.325,4434.625,4436.475,0.0599
1780526700000,2026-06-03,22:45:00,4436.615,4438.775,4436.425,4438.485,0.0545
1780527000000,2026-06-03,22:50:00,4438.505,4441.198,4437.165,4439.335,0.077
1780527300000,2026-06-03,22:55:00,4439.315,4452.915,4439.115,4448.548,0.3098
1780527600000,2026-06-03,23:00:00,4448.558,4449.738,4444.675,4445.838,0.3411
1780527900000,2026-06-03,23:05:00,4445.708,4449.928,4445.028,4447.718,0.3072
1780528200000,2026-06-03,23:10:00,4447.718,4448.015,4445.275,4447.655,0.0674
1780528500000,2026-06-03,23:15:00,4447.605,4449.145,4447.075,4447.755,0.0675
1780528800000,2026-06-03,23:20:00,4447.785,4450.745,4447.105,4449.195,0.0934
1780529100000,2026-06-03,23:25:00,4449.145,4451.165,4448.075,4450.565,0.0638
1780529400000,2026-06-03,23:30:00,4450.635,4451.835,4447.335,4450.885,0.0813
1780529700000,2026-06-03,23:35:00,4450.855,4452.095,4448.295,4450.125,0.0896
1780530000000,2026-06-03,23:40:00,4450.115,4453.985,4446.058,4453.295,0.106
1780530300000,2026-06-03,23:45:00,4453.305,4464.475,4453.198,4459.045,0.1824
1780530600000,2026-06-03,23:50:00,4458.955,4461.285,4457.545,4459.235,0.1179
1780530900000,2026-06-03,23:55:00,4459.615,4460.085,4455.945,4457.105,0.1137
1780531200000,2026-06-04,00:00:00,4457.215,4465.165,4454.745,4459.815,0.2224
1780531500000,2026-06-04,00:05:00,4459.765,4461.605,4455.135,4455.895,0.1785
1780531800000,2026-06-04,00:10:00,4455.875,4457.175,4452.675,4452.935,0.1943
1780532100000,2026-06-04,00:15:00,4452.905,4456.495,4449.785,4455.185,0.1987
1780532400000,2026-06-04,00:20:00,4455.205,4455.775,4448.348,4449.725,0.1469
1780532700000,2026-06-04,00:25:00,4449.318,4451.185,4447.285,4450.535,0.1662
1780533000000,2026-06-04,00:30:00,4450.555,4452.565,4446.828,4450.765,0.2066
1780533300000,2026-06-04,00:35:00,4450.735,4451.785,4444.755,4446.265,0.1578
1780533600000,2026-06-04,00:40:00,4446.315,4448.125,4443.775,4448.125,0.1547
1780533900000,2026-06-04,00:45:00,4448.045,4449.795,4444.725,4449.735,0.1561
1780534200000,2026-06-04,00:50:00,4449.595,4452.595,4449.375,4451.005,0.1467
1780534500000,2026-06-04,00:55:00,4451.035,4451.035,4446.365,4448.105,0.1631
1780534800000,2026-06-04,01:00:00,4448.165,4456.435,4442.945,4453.465,0.2632
1780535100000,2026-06-04,01:05:00,4453.425,4459.265,4452.498,4459.265,0.1892
1780535400000,2026-06-04,01:10:00,4459.225,4467.105,4458.935,4463.935,0.2661
1780535700000,2026-06-04,01:15:00,4463.955,4464.555,4459.325,4464.355,0.2385
1780536000000,2026-06-04,01:20:00,4464.405,4473.395,4464.335,4469.665,0.2206
1780536300000,2026-06-04,01:25:00,4469.495,4471.765,4465.625,4465.825,0.1878
1780536600000,2026-06-04,01:30:00,4465.765,4469.818,4464.678,4465.625,0.2331
1780536900000,2026-06-04,01:35:00,4465.655,4469.965,4464.635,4468.155,0.196
1780537200000,2026-06-04,01:40:00,4468.185,4468.645,4458.475,4458.915,0.2461
1780537500000,2026-06-04,01:45:00,4458.935,4466.725,4458.395,4465.835,0.2314
1780537800000,2026-06-04,01:50:00,4465.835,4466.145,4456.715,4461.155,0.2388
1780538100000,2026-06-04,01:55:00,4461.135,4467.175,4461.095,4465.368,0.2234
1780538400000,2026-06-04,02:00:00,4465.395,4466.925,4461.715,4462.025,0.2782
1780538700000,2026-06-04,02:05:00,4461.865,4462.515,4458.125,4458.145,0.2104
1780539000000,2026-06-04,02:10:00,4458.145,4464.438,4455.265,4462.745,0.2192
1780539300000,2026-06-04,02:15:00,4462.715,4463.265,4458.465,4461.565,0.1699
1780539600000,2026-06-04,02:20:00,4461.575,4462.855,4459.345,4460.105,0.1794
1780539900000,2026-06-04,02:25:00,4460.105,4462.605,4458.435,4460.265,0.1483
1780540200000,2026-06-04,02:30:00,4460.285,4462.445,4457.755,4460.685,0.2269
1780540500000,2026-06-04,02:35:00,4460.645,4460.815,4457.905,4457.905,0.1801
1780540800000,2026-06-04,02:40:00,4457.905,4464.438,4457.675,4462.038,0.2815
1780541100000,2026-06-04,02:45:00,4462.058,4470.665,4462.058,4469.975,0.2834
1780541400000,2026-06-04,02:50:00,4469.975,4474.758,4468.585,4474.055,0.2704
1780541700000,2026-06-04,02:55:00,4474.125,4476.405,4470.705,4474.625,0.2923
1780542000000,2026-06-04,03:00:00,4474.475,4475.945,4471.255,4472.565,0.1874
1780542300000,2026-06-04,03:05:00,4472.655,4476.895,4472.508,4473.885,0.1665
1780542600000,2026-06-04,03:10:00,4473.925,4474.945,4469.818,4471.478,0.2077
1780542900000,2026-06-04,03:15:00,4471.498,4472.018,4469.155,4469.458,0.1483
1780543200000,2026-06-04,03:20:00,4469.438,4469.518,4467.175,4467.425,0.2372
1780543500000,2026-06-04,03:25:00,4467.238,4469.318,4465.555,4468.975,0.2013
1780543800000,2026-06-04,03:30:00,4469.005,4470.535,4466.648,4467.305,0.2598
1780544100000,2026-06-04,03:35:00,4467.225,4467.225,4463.295,4464.765,0.2015
1780544400000,2026-06-04,03:40:00,4464.725,4465.165,4460.635,4460.635,0.1482
1780544700000,2026-06-04,03:45:00,4460.535,4460.745,4457.905,4459.425,0.1524
1780545000000,2026-06-04,03:50:00,4459.405,4463.385,4458.665,4463.075,0.1767
1780545300000,2026-06-04,03:55:00,4463.075,4464.538,4461.828,4463.575,0.1453
1780545600000,2026-06-04,04:00:00,4463.575,4465.925,4462.925,4463.715,0.0727
1780545900000,2026-06-04,04:05:00,4463.625,4465.705,4462.125,4463.835,0.0625
1780546200000,2026-06-04,04:10:00,4463.875,4471.095,4463.195,4470.945,0.0755
1780546500000,2026-06-04,04:15:00,4471.165,4472.245,4469.695,4471.445,0.0611
1780546800000,2026-06-04,04:20:00,4471.525,4476.005,4471.045,4474.045,0.0701
1780547100000,2026-06-04,04:25:00,4474.105,4475.475,4473.168,4474.395,0.0842
1780547400000,2026-06-04,04:30:00,4474.305,4483.625,4474.305,4479.895,0.1538
1780547700000,2026-06-04,04:35:00,4479.895,4481.525,4478.225,4480.975,0.1793
1780548000000,2026-06-04,04:40:00,4481.015,4483.845,4479.285,4482.495,0.1628
1780548300000,2026-06-04,04:45:00,4482.665,4483.453,4479.175,4479.245,0.1273
1780548600000,2026-06-04,04:50:00,4479.195,4480.655,4478.725,4479.495,0.0913
1780548900000,2026-06-04,04:55:00,4479.855,4480.995,4478.485,4480.875,0.0701
1780549200000,2026-06-04,05:00:00,4480.855,4482.265,4476.955,4477.175,0.1268
1780549500000,2026-06-04,05:05:00,4477.195,4478.235,4473.355,4473.395,0.1142
1780549800000,2026-06-04,05:10:00,4473.395,4479.075,4471.235,4476.955,0.1439
1780550100000,2026-06-04,05:15:00,4476.975,4477.445,4475.465,4476.235,0.0697
1780550400000,2026-06-04,05:20:00,4476.195,4476.395,4471.985,4472.245,0.0922
1780550700000,2026-06-04,05:25:00,4472.275,4474.015,4470.725,4472.945,0.1033
1780551000000,2026-06-04,05:30:00,4472.915,4475.645,4470.925,4473.185,0.1905
1780551300000,2026-06-04,05:35:00,4473.265,4474.525,4470.995,4471.155,0.1787
1780551600000,2026-06-04,05:40:00,4471.155,4474.475,4470.565,4474.385,0.162
1780551900000,2026-06-04,05:45:00,4474.415,4474.585,4467.095,4467.325,0.1715
1780552200000,2026-06-04,05:50:00,4467.435,4470.995,4467.135,4468.805,0.1683
1780552500000,2026-06-04,05:55:00,4468.975,4470.245,4466.595,4469.125,0.1766
1780552800000,2026-06-04,06:00:00,4469.125,4474.405,4467.895,4473.495,0.1812
1780553100000,2026-06-04,06:05:00,4473.495,4477.035,4471.885,4475.825,0.145
1780553400000,2026-06-04,06:10:00,4475.805,4476.855,4473.025,4473.855,0.1339
1780553700000,2026-06-04,06:15:00,4473.865,4474.145,4466.465,4469.265,0.1629
1780554000000,2026-06-04,06:20:00,4469.295,4470.275,4466.825,4467.735,0.18
1780554300000,2026-06-04,06:25:00,4467.925,4471.965,4467.635,4471.905,0.1688
1780554600000,2026-06-04,06:30:00,4471.845,4475.495,4469.515,4474.695,0.1782
1780554900000,2026-06-04,06:35:00,4474.695,4476.755,4470.575,4472.805,0.1522
1780555200000,2026-06-04,06:40:00,4472.945,4473.055,4468.795,4469.065,0.151
1780555500000,2026-06-04,06:45:00,4469.065,4469.845,4462.665,4466.805,0.1498
1780555800000,2026-06-04,06:50:00,4466.815,4470.105,4466.345,4467.465,0.1219
1780556100000,2026-06-04,06:55:00,4467.465,4469.265,4466.575,4467.545,0.1111
1780556400000,2026-06-04,07:00:00,4467.925,4470.665,4464.735,4469.975,0.163
1780556700000,2026-06-04,07:05:00,4470.055,4470.655,4464.045,4465.515,0.1201
1780557000000,2026-06-04,07:10:00,4465.505,4465.675,4462.135,4463.905,0.114
1780557300000,2026-06-04,07:15:00,4464.015,4470.365,4462.685,4469.055,0.1225
1780557600000,2026-06-04,07:20:00,4469.055,4469.095,4465.345,4465.865,0.0836
1780557900000,2026-06-04,07:25:00,4465.865,4466.155,4461.395,4465.105,0.1069
1780558200000,2026-06-04,07:30:00,4464.995,4466.745,4463.335,4463.565,0.0959
1780558500000,2026-06-04,07:35:00,4463.525,4467.825,4462.445,4463.425,0.1053
1780558800000,2026-06-04,07:40:00,4463.445,4464.565,4459.755,4461.195,0.1282
1780559100000,2026-06-04,07:45:00,4461.165,4462.175,4460.415,4461.165,0.0945
1780559400000,2026-06-04,07:50:00,4461.165,4462.165,4460.385,4461.325,0.0851
1780559700000,2026-06-04,07:55:00,4461.185,4462.455,4459.375,4461.555,0.0827
1780560000000,2026-06-04,08:00:00,4461.475,4466.315,4459.985,4465.535,0.1432
1780560300000,2026-06-04,08:05:00,4465.625,4467.745,4464.425,4465.565,0.1283
1780560600000,2026-06-04,08:10:00,4465.455,4465.915,4459.645,4460.505,0.1243
1780560900000,2026-06-04,08:15:00,4460.235,4465.385,4460.235,4463.905,0.1324
1780561200000,2026-06-04,08:20:00,4463.925,4464.035,4458.645,4459.675,0.1486
1780561500000,2026-06-04,08:25:00,4459.715,4463.515,4458.415,4463.285,0.1508
1780561800000,2026-06-04,08:30:00,4463.265,4469.345,4459.955,4464.595,0.1974
1780562100000,2026-06-04,08:35:00,4464.595,4464.765,4459.875,4460.535,0.1398
1780562400000,2026-06-04,08:40:00,4460.565,4463.425,4460.465,4463.175,0.1142
1780562700000,2026-06-04,08:45:00,4463.205,4464.125,4459.485,4459.905,0.1157
1780563000000,2026-06-04,08:50:00,4459.855,4464.125,4459.855,4463.385,0.1113
1780563300000,2026-06-04,08:55:00,4463.335,4465.855,4462.655,4463.205,0.0983
1780563600000,2026-06-04,09:00:00,4463.165,4468.545,4460.795,4467.015,0.1593
1780563900000,2026-06-04,09:05:00,4466.995,4469.145,4464.598,4468.325,0.1482
1780564200000,2026-06-04,09:10:00,4468.305,4468.765,4461.975,4463.345,0.1331
1780564500000,2026-06-04,09:15:00,4463.445,4466.035,4462.705,4465.905,0.135
1780564800000,2026-06-04,09:20:00,4465.905,4467.415,4463.335,4465.905,0.1242
1780565100000,2026-06-04,09:25:00,4465.855,4466.565,4464.055,4464.425,0.1251
1780565400000,2026-06-04,09:30:00,4464.445,4467.765,4461.545,4466.498,0.1581
1780565700000,2026-06-04,09:35:00,4466.498,4469.155,4464.385,4467.085,0.1792
1780566000000,2026-06-04,09:40:00,4467.085,4468.655,4465.985,4467.855,0.1165
1780566300000,2026-06-04,09:45:00,4467.875,4472.345,4467.395,4470.465,0.1515
1780566600000,2026-06-04,09:50:00,4470.465,4475.525,4470.065,4474.785,0.1449
1780566900000,2026-06-04,09:55:00,4474.815,4475.245,4469.405,4470.155,0.1213
1780567200000,2026-06-04,10:00:00,4470.185,4471.855,4468.185,4469.875,0.134
1780567500000,2026-06-04,10:05:00,4469.875,4471.075,4468.915,4469.245,0.0982
1780567800000,2026-06-04,10:10:00,4469.315,4471.815,4467.828,4471.035,0.1156
1780568100000,2026-06-04,10:15:00,4471.195,4471.415,4468.355,4468.645,0.095
1780568400000,2026-06-04,10:20:00,4468.665,4468.805,4464.535,4466.765,0.1075
1780568700000,2026-06-04,10:25:00,4466.775,4468.185,4464.045,4467.345,0.0953
1780569000000,2026-06-04,10:30:00,4467.395,4469.475,4466.255,4467.725,0.0906
1780569300000,2026-06-04,10:35:00,4467.705,4470.925,4467.505,4468.925,0.1009
1780569600000,2026-06-04,10:40:00,4468.975,4472.675,4468.395,4471.115,0.1065
1780569900000,2026-06-04,10:45:00,4471.425,4472.855,4470.455,4471.235,0.1053
1780570200000,2026-06-04,10:50:00,4471.305,4471.335,4468.295,4470.895,0.1498
1780570500000,2026-06-04,10:55:00,4470.845,4473.655,4469.335,4473.495,0.1302
1780570800000,2026-06-04,11:00:00,4473.505,4475.235,4468.395,4472.045,0.1532
1780571100000,2026-06-04,11:05:00,4472.145,4478.045,4471.645,4477.285,0.1272
1780571400000,2026-06-04,11:10:00,4477.315,4478.615,4473.295,4473.325,0.1492
1780571700000,2026-06-04,11:15:00,4473.335,4479.095,4473.225,4477.745,0.1684
1780572000000,2026-06-04,11:20:00,4478.395,4480.135,4476.445,4478.695,0.1628
1780572300000,2026-06-04,11:25:00,4478.665,4491.285,4477.385,4489.445,0.2328
1780572600000,2026-06-04,11:30:00,4489.495,4492.465,4484.325,4485.075,0.1894
1780572900000,2026-06-04,11:35:00,4484.995,4488.295,4481.925,4487.885,0.2086
1780573200000,2026-06-04,11:40:00,4487.925,4491.965,4486.375,4491.195,0.2552
1780573500000,2026-06-04,11:45:00,4491.305,4503.938,4491.285,4501.015,0.2677
1780573800000,2026-06-04,11:50:00,4501.035,4504.645,4500.565,4503.565,0.2438
1780574100000,2026-06-04,11:55:00,4503.615,4514.535,4503.615,4511.185,0.2377
1780574400000,2026-06-04,12:00:00,4511.185,4513.575,4496.835,4497.115,0.2633
1780574700000,2026-06-04,12:05:00,4497.095,4503.515,4494.665,4498.135,0.2327
1780575000000,2026-06-04,12:10:00,4498.205,4499.025,4491.208,4493.645,0.2345
1780575300000,2026-06-04,12:15:00,4493.645,4495.415,4490.915,4492.205,0.1745
1780575600000,2026-06-04,12:20:00,4492.305,4499.075,4492.025,4497.355,0.2018
1780575900000,2026-06-04,12:25:00,4497.355,4499.735,4495.465,4498.105,0.138
1780576200000,2026-06-04,12:30:00,4498.105,4501.475,4496.895,4498.915,0.172
1780576500000,2026-06-04,12:35:00,4499.055,4501.975,4496.805,4498.735,0.1609
1780576800000,2026-06-04,12:40:00,4498.725,4501.905,4498.725,4501.885,0.1617
1780577100000,2026-06-04,12:45:00,4501.885,4504.905,4498.805,4504.705,0.1673
1780577400000,2026-06-04,12:50:00,4504.705,4510.845,4501.935,4508.085,0.2589
1780577700000,2026-06-04,12:55:00,4508.115,4509.895,4502.515,4503.965,0.1688
1780578000000,2026-06-04,13:00:00,4503.875,4509.915,4499.965,4504.845,0.2778
1780578300000,2026-06-04,13:05:00,4504.865,4508.745,4503.505,4504.575,0.1902
1780578600000,2026-06-04,13:10:00,4504.595,4505.215,4501.805,4503.005,0.1516
1780578900000,2026-06-04,13:15:00,4502.995,4508.595,4502.775,4507.575,0.1567
1780579200000,2026-06-04,13:20:00,4507.575,4509.255,4504.095,4504.705,0.1691
1780579500000,2026-06-04,13:25:00,4504.468,4506.245,4501.545,4504.405,0.1981
1780579800000,2026-06-04,13:30:00,4504.585,4507.075,4502.215,4505.935,0.3033
1780580100000,2026-06-04,13:35:00,4505.905,4512.015,4504.705,4509.135,0.3354
1780580400000,2026-06-04,13:40:00,4509.045,4514.795,4504.955,4514.275,0.3233
1780580700000,2026-06-04,13:45:00,4514.345,4515.175,4507.035,4509.845,0.3071
1780581000000,2026-06-04,13:50:00,4509.835,4512.145,4497.525,4498.285,0.3241
1780581300000,2026-06-04,13:55:00,4498.355,4502.855,4495.175,4495.555,0.3227
1780581600000,2026-06-04,14:00:00,4495.625,4499.695,4494.375,4495.235,0.3411
1780581900000,2026-06-04,14:05:00,4495.265,4499.745,4487.665,4489.765,0.3227
1780582200000,2026-06-04,14:10:00,4490.025,4492.155,4485.795,4487.535,0.308
1780582500000,2026-06-04,14:15:00,4487.515,4493.655,4485.265,4487.505,0.2729
1780582800000,2026-06-04,14:20:00,4487.545,4489.305,4484.235,4485.045,0.2762
1780583100000,2026-06-04,14:25:00,4485.015,4487.755,4483.855,4486.025,0.2596
1780583400000,2026-06-04,14:30:00,4486.305,4486.538,4481.245,4484.125,0.285
1780583700000,2026-06-04,14:35:00,4484.125,4484.135,4477.445,4480.075,0.2749
1780584000000,2026-06-04,14:40:00,4480.175,4480.565,4472.095,4474.765,0.2951
1780584300000,2026-06-04,14:45:00,4474.775,4475.435,4464.825,4465.965,0.2888
1780584600000,2026-06-04,14:50:00,4466.115,4470.335,4457.045,4463.905,0.3622
1780584900000,2026-06-04,14:55:00,4463.735,4466.245,4459.935,4465.665,0.2932
1780585200000,2026-06-04,15:00:00,4465.795,4470.425,4463.455,4470.285,0.2666
1780585500000,2026-06-04,15:05:00,4470.325,4472.445,4467.035,4470.075,0.2262
1780585800000,2026-06-04,15:10:00,4470.215,4474.468,4469.808,4471.655,0.2773
1780586100000,2026-06-04,15:15:00,4471.695,4473.798,4471.065,4473.098,0.2167
1780586400000,2026-06-04,15:20:00,4473.098,4473.605,4470.535,4470.605,0.1852
1780586700000,2026-06-04,15:25:00,4470.665,4472.025,4468.955,4470.705,0.176
1780587000000,2026-06-04,15:30:00,4470.665,4472.795,4469.525,4471.835,0.1838
1780587300000,2026-06-04,15:35:00,4471.815,4477.165,4470.835,4476.965,0.1718
1780587600000,2026-06-04,15:40:00,4477.005,4477.175,4470.985,4472.565,0.1435
1780587900000,2026-06-04,15:45:00,4472.565,4475.705,4469.865,4474.215,0.1714
1780588200000,2026-06-04,15:50:00,4474.215,4478.985,4474.205,4477.785,0.1758
1780588500000,2026-06-04,15:55:00,4477.795,4478.545,4476.225,4477.235,0.1643
1780588800000,2026-06-04,16:00:00,4477.205,4478.625,4475.935,4476.215,0.125
1780589100000,2026-06-04,16:05:00,4476.235,4482.635,4475.205,4482.465,0.1474
1780589400000,2026-06-04,16:10:00,4482.415,4483.975,4478.868,4478.868,0.1836
1780589700000,2026-06-04,16:15:00,4478.878,4484.575,4478.868,4483.165,0.1596
1780590000000,2026-06-04,16:20:00,4483.175,4484.735,4480.105,4484.135,0.1293
1780590300000,2026-06-04,16:25:00,4484.135,4485.005,4482.295,4483.385,0.1058
1780590600000,2026-06-04,16:30:00,4483.385,4483.875,4479.525,4480.595,0.2399
1780590900000,2026-06-04,16:35:00,4480.465,4483.335,4480.205,4481.715,0.1577
1780591200000,2026-06-04,16:40:00,4481.678,4482.825,4480.895,4481.365,0.1042
1780591500000,2026-06-04,16:45:00,4481.395,4483.355,4480.225,4481.455,0.1284
1780591800000,2026-06-04,16:50:00,4481.465,4482.315,4480.345,4481.715,0.0922
1780592100000,2026-06-04,16:55:00,4481.715,4483.905,4481.485,4482.565,0.1416
1780592400000,2026-06-04,17:00:00,4482.565,4482.565,4480.298,4481.265,0.1497
1780592700000,2026-06-04,17:05:00,4481.295,4482.015,4479.395,4479.425,0.1114
1780593000000,2026-06-04,17:10:00,4479.165,4480.325,4475.825,4475.848,0.1352
1780593300000,2026-06-04,17:15:00,4475.848,4476.068,4473.885,4475.365,0.1384
1780593600000,2026-06-04,17:20:00,4475.198,4475.825,4473.835,4475.265,0.0985
1780593900000,2026-06-04,17:25:00,4475.225,4479.125,4475.185,4476.655,0.1582
1780594200000,2026-06-04,17:30:00,4476.655,4481.375,4476.555,4479.835,0.1178
1780594500000,2026-06-04,17:35:00,4479.885,4480.395,4477.535,4477.675,0.1165
1780594800000,2026-06-04,17:40:00,4477.825,4478.285,4475.985,4476.565,0.1192
1780595100000,2026-06-04,17:45:00,4476.565,4478.845,4476.565,4478.465,0.0848
1780595400000,2026-06-04,17:50:00,4478.475,4480.285,4478.045,4478.275,0.0761
1780595700000,2026-06-04,17:55:00,4478.285,4478.605,4477.435,4477.935,0.0661
1780596000000,2026-06-04,18:00:00,4477.975,4480.175,4476.435,4476.955,0.1136
1780596300000,2026-06-04,18:05:00,4476.955,4477.935,4476.195,4477.285,0.0874
1780596600000,2026-06-04,18:10:00,4477.315,4479.145,4477.085,4478.875,0.1042
1780596900000,2026-06-04,18:15:00,4478.875,4479.085,4477.235,4478.605,0.0797
1780597200000,2026-06-04,18:20:00,4478.635,4480.445,4477.995,4480.025,0.0934
1780597500000,2026-06-04,18:25:00,4479.995,4480.955,4477.198,4478.005,0.1075
1780597800000,2026-06-04,18:30:00,4477.798,4477.798,4473.205,4473.605,0.0996
1780598100000,2026-06-04,18:35:00,4473.655,4474.045,4472.605,4473.475,0.103
1780598400000,2026-06-04,18:40:00,4473.425,4474.585,4473.075,4474.175,0.076
1780598700000,2026-06-04,18:45:00,4474.145,4476.225,4473.675,4475.225,0.0682
1780599000000,2026-06-04,18:50:00,4475.615,4479.365,4475.425,4478.085,0.0977
1780599300000,2026-06-04,18:55:00,4478.265,4478.545,4476.645,4477.925,0.0935
1780599600000,2026-06-04,19:00:00,4477.925,4483.315,4477.845,4481.255,0.125
1780599900000,2026-06-04,19:05:00,4481.235,4481.245,4477.365,4478.255,0.1128
1780600200000,2026-06-04,19:10:00,4478.255,4478.415,4475.995,4478.015,0.1151
1780600500000,2026-06-04,19:15:00,4478.015,4479.185,4477.555,4478.515,0.1116
1780600800000,2026-06-04,19:20:00,4478.505,4479.205,4477.765,4479.085,0.0673
1780601100000,2026-06-04,19:25:00,4479.075,4480.125,4478.565,4479.995,0.0853
1780601400000,2026-06-04,19:30:00,4479.995,4480.345,4477.825,4478.655,0.0914
1780601700000,2026-06-04,19:35:00,4478.615,4479.385,4477.315,4478.955,0.082
1780602000000,2026-06-04,19:40:00,4478.925,4480.205,4477.235,4477.865,0.0874
1780602300000,2026-06-04,19:45:00,4477.678,4478.445,4476.645,4478.205,0.0917
1780602600000,2026-06-04,19:50:00,4478.205,4478.775,4476.875,4478.075,0.1171
1780602900000,2026-06-04,19:55:00,4478.155,4482.195,4476.865,4480.715,0.1971
1780603200000,2026-06-04,20:00:00,4480.715,4481.515,4478.945,4479.365,0.1129
1780603500000,2026-06-04,20:05:00,4479.395,4480.028,4478.588,4479.155,0.0559
1780603800000,2026-06-04,20:10:00,4479.165,4479.745,4477.635,4477.635,0.0498
1780604100000,2026-06-04,20:15:00,4477.618,4478.878,4477.388,4477.498,0.0401
1780604400000,2026-06-04,20:20:00,4477.498,4477.995,4476.775,4477.605,0.0403
1780604700000,2026-06-04,20:25:00,4477.545,4477.785,4476.455,4477.515,0.0379
1780605000000,2026-06-04,20:30:00,4477.495,4477.495,4475.198,4475.735,0.0397
1780605300000,2026-06-04,20:35:00,4475.755,4476.125,4474.898,4475.965,0.0351
1780605600000,2026-06-04,20:40:00,4476.145,4477.125,4474.935,4474.935,0.0473
1780605900000,2026-06-04,20:45:00,4474.995,4475.565,4474.205,4474.545,0.0395
1780606200000,2026-06-04,20:50:00,4474.625,4475.675,4474.335,4475.555,0.0359
1780606500000,2026-06-04,20:55:00,4475.575,4475.695,4474.205,4474.315,0.0399
1780610400000,2026-06-04,22:00:00,4474.098,4475.265,4471.748,4473.535,0.0573
1780610700000,2026-06-04,22:05:00,4473.565,4475.895,4473.465,4474.588,0.0397
1780611000000,2026-06-04,22:10:00,4474.588,4475.775,4473.695,4475.075,0.0619
1780611300000,2026-06-04,22:15:00,4475.325,4478.505,4474.285,4477.765,0.0623
1780611600000,2026-06-04,22:20:00,4477.795,4479.135,4477.195,4479.135,0.0721
1780611900000,2026-06-04,22:25:00,4479.055,4480.875,4477.665,4478.625,0.0724
1780612200000,2026-06-04,22:30:00,4478.625,4481.315,4477.548,4477.945,0.0901
1780612500000,2026-06-04,22:35:00,4477.915,4479.678,4477.195,4478.905,0.0716
1780612800000,2026-06-04,22:40:00,4478.865,4479.295,4474.935,4474.935,0.0942
1780613100000,2026-06-04,22:45:00,4474.875,4475.895,4472.028,4473.285,0.0899
1780613400000,2026-06-04,22:50:00,4473.265,4473.668,4469.375,4469.375,0.1231
1780613700000,2026-06-04,22:55:00,4469.355,4471.608,4468.488,4469.278,0.1528
1780614000000,2026-06-04,23:00:00,4468.995,4470.968,4463.748,4469.638,0.3454
1780614300000,2026-06-04,23:05:00,4469.658,4472.858,4466.478,4471.238,0.1989
1780614600000,2026-06-04,23:10:00,4471.218,4473.915,4470.505,4470.795,0.0616
1780614900000,2026-06-04,23:15:00,4470.875,4471.235,4468.815,4469.705,0.0583
1780615200000,2026-06-04,23:20:00,4469.625,4471.845,4466.708,4471.285,0.0786
1780615500000,2026-06-04,23:25:00,4471.435,4473.175,4467.995,4469.075,0.0603
1780615800000,2026-06-04,23:30:00,4469.095,4469.415,4463.845,4465.445,0.0653
1780616100000,2026-06-04,23:35:00,4465.475,4466.765,4462.365,4463.445,0.0641
1780616400000,2026-06-04,23:40:00,4463.505,4464.815,4461.805,4463.085,0.054
1780616700000,2026-06-04,23:45:00,4463.115,4463.805,4460.325,4463.745,0.0989
1780617000000,2026-06-04,23:50:00,4463.778,4465.865,4462.835,4464.145,0.1161
1780617300000,2026-06-04,23:55:00,4464.095,4464.565,4460.895,4461.375,0.1107
1780617600000,2026-06-05,00:00:00,4461.405,4463.875,4459.095,4461.945,0.2069
1780617900000,2026-06-05,00:05:00,4461.985,4464.895,4459.475,4461.065,0.1771
1780618200000,2026-06-05,00:10:00,4461.065,4462.365,4454.045,4455.315,0.1724
1780618500000,2026-06-05,00:15:00,4455.255,4457.395,4451.838,4452.125,0.2035
1780618800000,2026-06-05,00:20:00,4452.155,4455.505,4450.495,4454.135,0.1841
1780619100000,2026-06-05,00:25:00,4454.115,4457.415,4452.725,4457.178,0.1606
1780619400000,2026-06-05,00:30:00,4457.205,4460.915,4455.925,4460.265,0.162
1780619700000,2026-06-05,00:35:00,4460.278,4466.645,4460.258,4463.945,0.1717
1780620000000,2026-06-05,00:40:00,4463.985,4465.975,4462.465,4462.925,0.1393
1780620300000,2026-06-05,00:45:00,4463.175,4466.185,4461.065,4461.295,0.1462
1780620600000,2026-06-05,00:50:00,4461.275,4465.485,4460.615,4464.935,0.1317
1780620900000,2026-06-05,00:55:00,4464.915,4464.935,4458.095,4458.855,0.1696
1780621200000,2026-06-05,01:00:00,4458.875,4467.255,4452.605,4466.095,0.3093
1780621500000,2026-06-05,01:05:00,4466.055,4469.745,4463.105,4464.205,0.2644
1780621800000,2026-06-05,01:10:00,4464.185,4464.925,4459.585,4459.735,0.2308
1780622100000,2026-06-05,01:15:00,4459.765,4464.855,4457.415,4462.955,0.2429
1780622400000,2026-06-05,01:20:00,4462.885,4463.815,4453.985,4454.825,0.2529
1780622700000,2026-06-05,01:25:00,4454.735,4459.385,4449.015,4458.475,0.2719
1780623000000,2026-06-05,01:30:00,4458.695,4459.465,4453.575,4453.725,0.2334
1780623300000,2026-06-05,01:35:00,4453.815,4456.315,4448.335,4449.455,0.2058
1780623600000,2026-06-05,01:40:00,4449.385,4451.165,4445.195,4445.845,0.2375
1780623900000,2026-06-05,01:45:00,4445.905,4449.365,4443.905,4446.335,0.2052
1780624200000,2026-06-05,01:50:00,4446.315,4450.505,4444.548,4450.225,0.1891
1780624500000,2026-06-05,01:55:00,4450.085,4450.815,4444.895,4446.655,0.2271
1780624800000,2026-06-05,02:00:00,4446.655,4451.085,4442.145,4449.275,0.2559
1780625100000,2026-06-05,02:05:00,4449.215,4449.465,4444.415,4447.785,0.2293
1780625400000,2026-06-05,02:10:00,4447.785,4450.405,4445.845,4449.245,0.1939
1780625700000,2026-06-05,02:15:00,4449.245,4450.545,4445.575,4447.425,0.1448
1780626000000,2026-06-05,02:20:00,4447.425,4452.975,4447.165,4452.705,0.1532
1780626300000,2026-06-05,02:25:00,4452.695,4454.915,4449.825,4451.075,0.1563
1780626600000,2026-06-05,02:30:00,4450.905,4451.785,4441.965,4444.815,0.2657
1780626900000,2026-06-05,02:35:00,4444.815,4446.825,4441.305,4445.065,0.202
1780627200000,2026-06-05,02:40:00,4444.975,4445.095,4438.165,4442.705,0.2107
1780627500000,2026-06-05,02:45:00,4442.675,4447.195,4442.115,4445.345,0.1816
1780627800000,2026-06-05,02:50:00,4445.355,4449.795,4443.005,4443.105,0.1723
1780628100000,2026-06-05,02:55:00,4443.105,4443.735,4439.815,4440.355,0.1755
1780628400000,2026-06-05,03:00:00,4440.355,4441.045,4436.268,4438.255,0.2019
1780628700000,2026-06-05,03:05:00,4438.255,4440.405,4436.625,4439.805,0.1958
1780629000000,2026-06-05,03:10:00,4439.825,4440.895,4438.005,4440.735,0.1714
1780629300000,2026-06-05,03:15:00,4440.725,4443.775,4437.738,4438.565,0.1827
1780629600000,2026-06-05,03:20:00,4438.565,4438.795,4434.975,4437.135,0.1815
1780629900000,2026-06-05,03:25:00,4437.215,4439.005,4436.115,4436.525,0.1556
1780630200000,2026-06-05,03:30:00,4436.505,4441.485,4436.098,4439.435,0.1367
1780630500000,2026-06-05,03:35:00,4439.475,4441.105,4436.415,4440.535,0.1229
1780630800000,2026-06-05,03:40:00,4440.535,4442.215,4440.008,4440.735,0.1002
1780631100000,2026-06-05,03:45:00,4440.775,4441.515,4439.785,4440.845,0.086
1780631400000,2026-06-05,03:50:00,4440.845,4442.155,4439.015,4440.445,0.1009
1780631700000,2026-06-05,03:55:00,4440.535,4443.205,4440.455,4442.185,0.0785
1780632000000,2026-06-05,04:00:00,4442.205,4444.505,4440.985,4442.355,0.1048
1780632300000,2026-06-05,04:05:00,4442.355,4443.595,4439.545,4440.455,0.1004
1780632600000,2026-06-05,04:10:00,4440.535,4441.515,4438.135,4441.415,0.108
1780632900000,2026-06-05,04:15:00,4441.515,4443.645,4438.705,4439.045,0.1238
1780633200000,2026-06-05,04:20:00,4438.985,4441.655,4438.825,4439.505,0.0912
1780633500000,2026-06-05,04:25:00,4439.505,4443.505,4439.195,4439.465,0.14
1780633800000,2026-06-05,04:30:00,4439.525,4439.775,4437.395,4439.205,0.0785
1780634100000,2026-06-05,04:35:00,4439.205,4441.665,4438.845,4441.545,0.0961
1780634400000,2026-06-05,04:40:00,4441.475,4444.055,4439.045,4440.685,0.098
1780634700000,2026-06-05,04:45:00,4440.675,4442.105,4439.405,4440.835,0.0708
1780635000000,2026-06-05,04:50:00,4440.815,4444.065,4440.735,4444.065,0.1071
1780635300000,2026-06-05,04:55:00,4444.105,4446.395,4443.785,4444.795,0.098
1780635600000,2026-06-05,05:00:00,4444.855,4449.875,4443.045,4447.275,0.163
1780635900000,2026-06-05,05:05:00,4447.495,4449.795,4446.845,4447.135,0.1368
1780636200000,2026-06-05,05:10:00,4447.155,4449.625,4446.235,4448.685,0.1302
1780636500000,2026-06-05,05:15:00,4448.905,4449.005,4443.935,4445.305,0.1176
1780636800000,2026-06-05,05:20:00,4445.255,4446.115,4442.075,4444.725,0.1156
1780637100000,2026-06-05,05:25:00,4444.615,4445.685,4443.945,4444.325,0.1014
1780637400000,2026-06-05,05:30:00,4444.298,4445.845,4439.225,4442.405,0.2438
1780637700000,2026-06-05,05:35:00,4442.405,4447.745,4442.065,4445.345,0.2104
1780638000000,2026-06-05,05:40:00,4445.255,4446.535,4442.815,4443.515,0.1506
1780638300000,2026-06-05,05:45:00,4443.495,4448.075,4441.875,4447.405,0.172
1780638600000,2026-06-05,05:50:00,4447.385,4447.745,4442.335,4443.335,0.1621
1780638900000,2026-06-05,05:55:00,4443.275,4444.715,4438.445,4439.715,0.1832
1780639200000,2026-06-05,06:00:00,4439.665,4442.435,4435.105,4437.325,0.2472
1780639500000,2026-06-05,06:05:00,4437.165,4441.235,4437.025,4440.155,0.2006
1780639800000,2026-06-05,06:10:00,4440.155,4442.095,4435.925,4436.165,0.2034
1780640100000,2026-06-05,06:15:00,4436.165,4436.875,4428.335,4436.365,0.275
1780640400000,2026-06-05,06:20:00,4436.335,4445.165,4434.605,4443.965,0.2421
1780640700000,2026-06-05,06:25:00,4444.105,4446.335,4440.185,4442.175,0.199
1780641000000,2026-06-05,06:30:00,4442.295,4448.155,4442.085,4446.425,0.2035
1780641300000,2026-06-05,06:35:00,4446.445,4449.945,4446.165,4448.475,0.1867
1780641600000,2026-06-05,06:40:00,4448.505,4448.955,4446.245,4448.198,0.1579
1780641900000,2026-06-05,06:45:00,4448.295,4455.785,4446.655,4453.335,0.1829
1780642200000,2026-06-05,06:50:00,4453.325,4455.965,4450.995,4451.005,0.1385
1780642500000,2026-06-05,06:55:00,4451.085,4453.325,4449.245,4452.595,0.1561
1780642800000,2026-06-05,07:00:00,4452.635,4455.715,4451.605,4454.445,0.2027
1780643100000,2026-06-05,07:05:00,4454.625,4458.155,4453.015,4457.135,0.1593
1780643400000,2026-06-05,07:10:00,4457.095,4463.175,4455.875,4458.265,0.1736
1780643700000,2026-06-05,07:15:00,4458.265,4464.055,4458.175,4461.575,0.1545
1780644000000,2026-06-05,07:20:00,4461.585,4465.775,4459.755,4463.875,0.1869
1780644300000,2026-06-05,07:25:00,4463.835,4467.195,4461.275,4466.955,0.1516
1780644600000,2026-06-05,07:30:00,4466.955,4467.085,4464.255,4465.885,0.1633
1780644900000,2026-06-05,07:35:00,4465.905,4466.015,4461.315,4461.795,0.1434
1780645200000,2026-06-05,07:40:00,4461.845,4465.755,4459.245,4461.825,0.1445
1780645500000,2026-06-05,07:45:00,4462.025,4464.125,4461.665,4462.505,0.1037
1780645800000,2026-06-05,07:50:00,4462.475,4464.955,4461.265,4461.705,0.108
1780646100000,2026-06-05,07:55:00,4461.735,4462.645,4460.435,4460.735,0.1042
1780646400000,2026-06-05,08:00:00,4460.685,4463.175,4458.575,4461.405,0.1612
1780646700000,2026-06-05,08:05:00,4461.355,4462.335,4459.448,4460.435,0.1596
1780647000000,2026-06-05,08:10:00,4460.188,4461.675,4459.448,4460.935,0.1402
1780647300000,2026-06-05,08:15:00,4460.905,4463.305,4459.695,4462.875,0.1326
1780647600000,2026-06-05,08:20:00,4462.765,4465.405,4461.965,4463.535,0.1566
1780647900000,2026-06-05,08:25:00,4463.575,4466.675,4462.795,4466.675,0.1698
1780648200000,2026-06-05,08:30:00,4466.675,4467.935,4462.995,4463.145,0.1813
1780648500000,2026-06-05,08:35:00,4463.145,4463.605,4461.435,4461.695,0.128
1780648800000,2026-06-05,08:40:00,4461.695,4463.225,4460.785,4461.615,0.0921
1780649100000,2026-06-05,08:45:00,4461.615,4464.375,4461.365,4463.305,0.0952
1780649400000,2026-06-05,08:50:00,4463.335,4463.635,4461.755,4463.585,0.1073
1780649700000,2026-06-05,08:55:00,4463.535,4463.555,4462.058,4462.595,0.0769
1780650000000,2026-06-05,09:00:00,4462.515,4463.365,4460.645,4460.825,0.134
1780650300000,2026-06-05,09:05:00,4460.805,4462.815,4459.525,4460.605,0.1076
1780650600000,2026-06-05,09:10:00,4460.605,4469.125,4458.808,4465.785,0.2021
1780650900000,2026-06-05,09:15:00,4466.015,4469.265,4463.905,4467.475,0.2273
1780651200000,2026-06-05,09:20:00,4467.615,4468.815,4466.275,4466.455,0.1645
1780651500000,2026-06-05,09:25:00,4466.425,4467.595,4461.895,4462.775,0.1581
1780651800000,2026-06-05,09:30:00,4462.765,4466.785,4458.995,4463.525,0.1893
1780652100000,2026-06-05,09:35:00,4463.515,4465.135,4462.385,4463.165,0.1062
1780652400000,2026-06-05,09:40:00,4463.205,4465.965,4463.125,4465.785,0.1079
1780652700000,2026-06-05,09:45:00,4465.785,4469.125,4464.915,4465.165,0.1002
1780653000000,2026-06-05,09:50:00,4465.075,4465.675,4464.365,4465.245,0.0771
1780653300000,2026-06-05,09:55:00,4465.245,4465.325,4462.465,4464.725,0.1051
1780653600000,2026-06-05,10:00:00,4464.725,4464.865,4462.945,4463.245,0.101
1780653900000,2026-06-05,10:05:00,4463.395,4464.755,4463.045,4464.585,0.0837
1780654200000,2026-06-05,10:10:00,4464.585,4465.035,4463.275,4465.035,0.074
1780654500000,2026-06-05,10:15:00,4464.975,4465.825,4464.375,4465.255,0.0851
1780654800000,2026-06-05,10:20:00,4465.295,4467.875,4465.165,4467.085,0.095
1780655100000,2026-06-05,10:25:00,4467.085,4467.085,4464.925,4465.875,0.0826
1780655400000,2026-06-05,10:30:00,4465.885,4466.855,4462.505,4462.825,0.0929
1780655700000,2026-06-05,10:35:00,4462.638,4463.945,4461.975,4463.135,0.0989
1780656000000,2026-06-05,10:40:00,4463.135,4464.505,4461.625,4464.395,0.08
1780656300000,2026-06-05,10:45:00,4464.685,4467.185,4464.255,4466.595,0.1079
1780656600000,2026-06-05,10:50:00,4466.635,4467.735,4465.535,4466.185,0.0783
1780656900000,2026-06-05,10:55:00,4466.115,4466.815,4465.805,4466.505,0.0828
1780657200000,2026-06-05,11:00:00,4466.295,4466.945,4463.425,4463.755,0.1472
1780657500000,2026-06-05,11:05:00,4463.755,4466.855,4463.125,4466.615,0.1013
1780657800000,2026-06-05,11:10:00,4466.455,4466.725,4460.885,4461.145,0.0978
1780658100000,2026-06-05,11:15:00,4461.135,4463.345,4460.575,4461.555,0.1222
1780658400000,2026-06-05,11:20:00,4461.615,4463.675,4458.175,4461.335,0.1101
1780658700000,2026-06-05,11:25:00,4461.385,4465.995,4461.385,4465.995,0.1375
1780659000000,2026-06-05,11:30:00,4465.658,4467.095,4464.325,4464.985,0.1165
1780659300000,2026-06-05,11:35:00,4465.005,4466.745,4463.215,4463.335,0.1015
1780659600000,2026-06-05,11:40:00,4463.425,4465.565,4463.015,4464.715,0.096
1780659900000,2026-06-05,11:45:00,4464.665,4467.235,4463.805,4466.715,0.0874
1780660200000,2026-06-05,11:50:00,4466.645,4475.085,4466.465,4471.785,0.1577
1780660500000,2026-06-05,11:55:00,4471.845,4472.295,4467.495,4469.995,0.1221
1780660800000,2026-06-05,12:00:00,4470.035,4470.675,4463.955,4465.075,0.1625
1780661100000,2026-06-05,12:05:00,4464.985,4467.975,4464.748,4467.735,0.1157
1780661400000,2026-06-05,12:10:00,4467.705,4470.895,4466.605,4469.235,0.1411
1780661700000,2026-06-05,12:15:00,4469.205,4473.575,4468.215,4472.715,0.1445
1780662000000,2026-06-05,12:20:00,4472.685,4475.645,4467.145,4468.225,0.1486
1780662300000,2026-06-05,12:25:00,4468.095,4468.885,4461.375,4464.285,0.1667
1780662600000,2026-06-05,12:30:00,4464.265,4465.255,4446.675,4452.905,0.3529
1780662900000,2026-06-05,12:35:00,4452.658,4453.895,4439.475,4443.765,0.306
1780663200000,2026-06-05,12:40:00,4443.645,4447.965,4442.835,4445.845,0.2353
1780663500000,2026-06-05,12:45:00,4445.855,4448.895,4439.825,4439.975,0.2367
1780663800000,2026-06-05,12:50:00,4439.755,4440.535,4416.715,4416.725,0.3109
1780664100000,2026-06-05,12:55:00,4416.835,4419.645,4404.675,4406.075,0.3425
1780664400000,2026-06-05,13:00:00,4406.355,4418.355,4399.725,4411.635,0.3427
1780664700000,2026-06-05,13:05:00,4411.645,4419.465,4407.835,4416.125,0.2802
1780665000000,2026-06-05,13:10:00,4415.495,4420.465,4414.355,4418.335,0.2601
1780665300000,2026-06-05,13:15:00,4418.295,4420.975,4416.015,4417.595,0.259
1780665600000,2026-06-05,13:20:00,4417.595,4420.585,4409.125,4409.685,0.2971
1780665900000,2026-06-05,13:25:00,4409.705,4414.835,4403.685,4404.375,0.2744
1780666200000,2026-06-05,13:30:00,4404.165,4409.385,4398.135,4404.845,0.4048
1780666500000,2026-06-05,13:35:00,4405.065,4405.225,4385.775,4391.965,0.4171
1780666800000,2026-06-05,13:40:00,4392.015,4398.125,4388.045,4389.385,0.3836
1780667100000,2026-06-05,13:45:00,4389.585,4390.985,4383.245,4383.595,0.389
1780667400000,2026-06-05,13:50:00,4383.535,4387.995,4381.675,4385.025,0.3734
1780667700000,2026-06-05,13:55:00,4385.635,4385.655,4364.938,4365.218,0.4221
1780668000000,2026-06-05,14:00:00,4365.435,4379.155,4363.815,4371.895,0.3889
1780668300000,2026-06-05,14:05:00,4371.615,4377.215,4364.055,4374.585,0.3746
1780668600000,2026-06-05,14:10:00,4374.605,4377.005,4364.095,4366.035,0.3974
1780668900000,2026-06-05,14:15:00,4366.025,4370.375,4364.475,4369.185,0.4304
1780669200000,2026-06-05,14:20:00,4369.205,4370.411,4355.495,4357.435,0.4159
1780669500000,2026-06-05,14:25:00,4357.425,4361.315,4352.835,4360.885,0.4133
1780669800000,2026-06-05,14:30:00,4360.945,4363.815,4349.435,4353.045,0.4241
1780670100000,2026-06-05,14:35:00,4353.045,4354.575,4347.665,4348.395,0.3831
1780670400000,2026-06-05,14:40:00,4348.485,4350.455,4344.405,4349.155,0.3777
1780670700000,2026-06-05,14:45:00,4349.175,4359.485,4348.185,4356.355,0.3722
1780671000000,2026-06-05,14:50:00,4356.355,4367.115,4354.975,4362.935,0.3502
1780671300000,2026-06-05,14:55:00,4363.035,4370.135,4360.775,4369.535,0.3194
1780671600000,2026-06-05,15:00:00,4369.535,4372.475,4362.675,4368.275,0.3315
1780671900000,2026-06-05,15:05:00,4368.225,4369.355,4361.795,4361.865,0.2965
1780672200000,2026-06-05,15:10:00,4361.885,4362.085,4352.865,4352.865,0.3157
1780672500000,2026-06-05,15:15:00,4352.775,4355.835,4348.885,4354.915,0.3795
1780672800000,2026-06-05,15:20:00,4354.915,4357.605,4348.105,4352.565,0.3246
1780673100000,2026-06-05,15:25:00,4352.495,4355.125,4349.275,4351.625,0.3127
1780673400000,2026-06-05,15:30:00,4351.435,4354.645,4345.215,4346.745,0.2995
1780673700000,2026-06-05,15:35:00,4346.835,4349.375,4335.915,4339.905,0.3067
1780674000000,2026-06-05,15:40:00,4339.875,4341.425,4335.245,4338.645,0.2549
1780674300000,2026-06-05,15:45:00,4338.518,4340.955,4336.465,4339.165,0.2287
1780674600000,2026-06-05,15:50:00,4339.105,4341.785,4336.695,4340.795,0.2329
1780674900000,2026-06-05,15:55:00,4340.795,4341.365,4333.735,4335.195,0.2871
1780675200000,2026-06-05,16:00:00,4335.185,4338.825,4330.045,4334.005,0.3451
1780675500000,2026-06-05,16:05:00,4333.955,4333.955,4328.705,4332.645,0.3599
1780675800000,2026-06-05,16:10:00,4332.605,4337.885,4331.335,4333.405,0.3055
1780676100000,2026-06-05,16:15:00,4333.355,4333.355,4325.275,4330.475,0.3314
1780676400000,2026-06-05,16:20:00,4330.475,4330.715,4325.225,4328.365,0.3007
1780676700000,2026-06-05,16:25:00,4328.365,4333.685,4327.925,4329.505,0.3256
1780677000000,2026-06-05,16:30:00,4329.465,4329.975,4322.955,4328.555,0.327
1780677300000,2026-06-05,16:35:00,4328.485,4332.145,4324.855,4331.645,0.2921
1780677600000,2026-06-05,16:40:00,4331.645,4332.085,4325.905,4327.635,0.2739
1780677900000,2026-06-05,16:45:00,4327.485,4334.425,4324.995,4333.945,0.3137
1780678200000,2026-06-05,16:50:00,4333.845,4338.475,4333.035,4337.935,0.2786
1780678500000,2026-06-05,16:55:00,4337.805,4344.915,4336.615,4344.455,0.316
1780678800000,2026-06-05,17:00:00,4344.775,4346.628,4339.305,4343.935,0.2813
1780679100000,2026-06-05,17:05:00,4343.895,4343.895,4338.475,4338.965,0.2542
1780679400000,2026-06-05,17:10:00,4339.015,4341.605,4336.395,4339.335,0.2684
1780679700000,2026-06-05,17:15:00,4339.335,4342.155,4335.965,4338.365,0.2698
1780680000000,2026-06-05,17:20:00,4338.255,4341.505,4335.575,4338.908,0.312
1780680300000,2026-06-05,17:25:00,4338.875,4342.875,4336.148,4342.175,0.4039
1780680600000,2026-06-05,17:30:00,4342.278,4343.655,4339.655,4342.895,0.2617
1780680900000,2026-06-05,17:35:00,4342.895,4345.205,4339.475,4344.965,0.2163
1780681200000,2026-06-05,17:40:00,4344.935,4347.145,4340.195,4340.945,0.2634
1780681500000,2026-06-05,17:45:00,4340.905,4342.725,4337.575,4339.685,0.2452
1780681800000,2026-06-05,17:50:00,4339.715,4343.448,4338.595,4343.225,0.2451
1780682100000,2026-06-05,17:55:00,4343.185,4343.418,4340.955,4341.595,0.2574
1780682400000,2026-06-05,18:00:00,4341.595,4341.915,4333.385,4333.405,0.2788
1780682700000,2026-06-05,18:05:00,4333.525,4333.965,4329.275,4329.775,0.2632
1780683000000,2026-06-05,18:10:00,4329.775,4331.505,4322.655,4322.695,0.2782
1780683300000,2026-06-05,18:15:00,4322.685,4326.585,4321.625,4326.005,0.3003
1780683600000,2026-06-05,18:20:00,4326.025,4330.385,4325.745,4327.075,0.2904
1780683900000,2026-06-05,18:25:00,4327.075,4327.915,4322.725,4325.535,0.3152
1780684200000,2026-06-05,18:30:00,4325.535,4326.925,4318.825,4324.845,0.2742
1780684500000,2026-06-05,18:35:00,4324.885,4325.865,4318.855,4320.015,0.2622
1780684800000,2026-06-05,18:40:00,4320.115,4320.955,4315.115,4317.845,0.2397
1780685100000,2026-06-05,18:45:00,4317.795,4321.665,4315.785,4321.585,0.2653
1780685400000,2026-06-05,18:50:00,4321.505,4321.615,4316.665,4320.475,0.2581
1780685700000,2026-06-05,18:55:00,4320.335,4326.855,4318.815,4322.155,0.2816
1780686000000,2026-06-05,19:00:00,4322.195,4323.695,4316.455,4320.625,0.2731
1780686300000,2026-06-05,19:05:00,4320.665,4320.945,4316.185,4319.715,0.2517
1780686600000,2026-06-05,19:10:00,4319.735,4319.995,4314.965,4315.235,0.265
1780686900000,2026-06-05,19:15:00,4315.235,4318.885,4313.635,4318.305,0.2932
1780687200000,2026-06-05,19:20:00,4318.265,4321.385,4315.275,4318.985,0.2864
1780687500000,2026-06-05,19:25:00,4319.175,4324.215,4318.635,4323.685,0.2556
1780687800000,2026-06-05,19:30:00,4323.665,4324.975,4320.405,4322.725,0.2455
1780688100000,2026-06-05,19:35:00,4322.705,4324.625,4320.345,4322.065,0.2152
1780688400000,2026-06-05,19:40:00,4322.085,4322.165,4313.795,4318.645,0.2514
1780688700000,2026-06-05,19:45:00,4318.625,4322.165,4317.548,4320.625,0.2389
1780689000000,2026-06-05,19:50:00,4320.685,4323.705,4317.715,4318.145,0.3033
1780689300000,2026-06-05,19:55:00,4318.235,4321.225,4316.625,4318.505,0.3139
1780689600000,2026-06-05,20:00:00,4318.275,4318.698,4312.525,4313.495,0.24
1780689900000,2026-06-05,20:05:00,4313.525,4314.565,4311.498,4313.775,0.178
1780690200000,2026-06-05,20:10:00,4313.605,4317.275,4312.095,4315.425,0.1759
1780690500000,2026-06-05,20:15:00,4315.465,4316.575,4313.755,4315.285,0.1195
1780690800000,2026-06-05,20:20:00,4315.235,4319.755,4314.575,4319.645,0.1315
1780691100000,2026-06-05,20:25:00,4319.595,4326.375,4318.575,4322.425,0.1128
1780691400000,2026-06-05,20:30:00,4322.455,4323.318,4321.278,4322.078,0.1385
1780691700000,2026-06-05,20:35:00,4322.078,4324.878,4321.418,4322.478,0.1998
1780692000000,2026-06-05,20:40:00,4322.418,4324.608,4320.678,4323.778,0.2096
1780692300000,2026-06-05,20:45:00,4323.818,4329.675,4323.435,4327.338,0.1901
1780692600000,2026-06-05,20:50:00,4327.238,4329.818,4325.118,4327.255,0.1812
1780692900000,2026-06-05,20:55:00,4327.295,4330.585,4326.705,4326.705,0.0987
1780869600000,2026-06-07,22:00:00,4326.898,4335.475,4310.765,4320.515,0.2395
1780869900000,2026-06-07,22:05:00,4320.515,4320.805,4309.688,4318.355,0.2191
1780870200000,2026-06-07,22:10:00,4318.325,4330.055,4312.555,4330.055,0.1879
1780870500000,2026-06-07,22:15:00,4330.115,4330.385,4323.715,4327.095,0.1755
1780870800000,2026-06-07,22:20:00,4326.895,4329.075,4321.875,4322.785,0.1544
1780871100000,2026-06-07,22:25:00,4322.765,4324.075,4315.848,4316.465,0.1379
1780871400000,2026-06-07,22:30:00,4316.495,4323.195,4314.975,4323.125,0.1474
1780871700000,2026-06-07,22:35:00,4323.035,4328.875,4322.115,4325.635,0.1113
1780872000000,2026-06-07,22:40:00,4325.675,4326.615,4324.285,4325.995,0.117
1780872300000,2026-06-07,22:45:00,4325.745,4325.965,4319.455,4322.315,0.1372
1780872600000,2026-06-07,22:50:00,4322.275,4326.635,4321.095,4323.105,0.1048
1780872900000,2026-06-07,22:55:00,4323.125,4323.165,4315.585,4316.698,0.2602
1780873200000,2026-06-07,23:00:00,4316.715,4326.518,4316.685,4325.288,0.2944
1780873500000,2026-06-07,23:05:00,4325.278,4326.818,4322.108,4326.035,0.37
1780873800000,2026-06-07,23:10:00,4326.038,4333.965,4325.715,4330.555,0.1142
1780874100000,2026-06-07,23:15:00,4330.595,4333.905,4329.795,4331.085,0.112
1780874400000,2026-06-07,23:20:00,4330.835,4331.755,4328.348,4329.908,0.1271
1780874700000,2026-06-07,23:25:00,4329.908,4334.455,4328.595,4333.745,0.1569
1780875000000,2026-06-07,23:30:00,4333.725,4336.295,4332.775,4333.575,0.1285
1780875300000,2026-06-07,23:35:00,4333.635,4337.575,4332.605,4336.455,0.1044
1780875600000,2026-06-07,23:40:00,4336.425,4340.445,4336.225,4338.705,0.1183
1780875900000,2026-06-07,23:45:00,4338.805,4342.945,4334.925,4341.705,0.1755
1780876200000,2026-06-07,23:50:00,4341.865,4343.615,4339.118,4343.155,0.1291
1780876500000,2026-06-07,23:55:00,4343.165,4346.925,4342.165,4343.755,0.1423
1780876800000,2026-06-08,00:00:00,4343.835,4346.725,4340.495,4344.585,0.1676
1780877100000,2026-06-08,00:05:00,4344.625,4345.715,4341.075,4345.285,0.1437
1780877400000,2026-06-08,00:10:00,4345.255,4345.465,4340.908,4343.485,0.1295
1780877700000,2026-06-08,00:15:00,4343.415,4347.555,4341.425,4347.435,0.1315
1780878000000,2026-06-08,00:20:00,4347.485,4352.285,4347.195,4351.085,0.1485
1780878300000,2026-06-08,00:25:00,4351.115,4353.085,4349.035,4351.165,0.2533
1780878600000,2026-06-08,00:30:00,4351.095,4352.125,4345.805,4348.975,0.2644
1780878900000,2026-06-08,00:35:00,4349.015,4351.855,4345.655,4347.425,0.2119
1780879200000,2026-06-08,00:40:00,4347.455,4348.455,4341.778,4345.045,0.1863
1780879500000,2026-06-08,00:45:00,4345.065,4345.705,4339.475,4342.265,0.1757
1780879800000,2026-06-08,00:50:00,4342.245,4343.085,4339.465,4341.385,0.2007
1780880100000,2026-06-08,00:55:00,4341.385,4345.135,4340.405,4341.975,0.2422
1780880400000,2026-06-08,01:00:00,4341.945,4345.595,4336.155,4339.105,0.2738
1780880700000,2026-06-08,01:05:00,4338.865,4340.745,4330.625,4336.305,0.2728
1780881000000,2026-06-08,01:10:00,4336.695,4337.535,4326.315,4326.695,0.299
1780881300000,2026-06-08,01:15:00,4326.935,4327.225,4314.205,4317.775,0.3233
1780881600000,2026-06-08,01:20:00,4317.735,4324.855,4311.245,4321.585,0.3233
1780881900000,2026-06-08,01:25:00,4321.555,4323.045,4310.995,4314.515,0.3106
1780882200000,2026-06-08,01:30:00,4314.645,4317.715,4299.798,4315.155,0.3956
1780882500000,2026-06-08,01:35:00,4315.115,4317.435,4311.365,4316.925,0.3209
1780882800000,2026-06-08,01:40:00,4316.915,4327.325,4316.265,4325.905,0.337
1780883100000,2026-06-08,01:45:00,4325.905,4329.375,4322.835,4323.285,0.2876
1780883400000,2026-06-08,01:50:00,4323.198,4328.145,4319.015,4324.195,0.2948
1780883700000,2026-06-08,01:55:00,4324.135,4328.395,4322.685,4325.445,0.263
1780884000000,2026-06-08,02:00:00,4325.585,4330.495,4320.788,4322.495,0.2568
1780884300000,2026-06-08,02:05:00,4322.455,4324.425,4316.265,4318.605,0.2536
1780884600000,2026-06-08,02:10:00,4318.655,4318.805,4314.555,4316.575,0.246
1780884900000,2026-06-08,02:15:00,4316.555,4319.505,4311.245,4312.055,0.206
1780885200000,2026-06-08,02:20:00,4312.005,4316.275,4311.315,4316.255,0.1863
1780885500000,2026-06-08,02:25:00,4316.175,4316.815,4311.265,4314.735,0.1754
1780885800000,2026-06-08,02:30:00,4314.855,4316.645,4308.635,4309.365,0.3218
1780886100000,2026-06-08,02:35:00,4309.365,4312.325,4307.205,4311.675,0.2734
1780886400000,2026-06-08,02:40:00,4311.575,4317.615,4308.915,4315.725,0.2558
1780886700000,2026-06-08,02:45:00,4315.695,4320.675,4314.125,4317.135,0.2407
1780887000000,2026-06-08,02:50:00,4317.165,4317.525,4308.905,4311.745,0.2333
1780887300000,2026-06-08,02:55:00,4311.805,4315.435,4309.335,4310.375,0.2334
1780887600000,2026-06-08,03:00:00,4310.325,4314.045,4309.935,4311.005,0.2157
1780887900000,2026-06-08,03:05:00,4310.885,4311.785,4306.185,4308.055,0.2138
1780888200000,2026-06-08,03:10:00,4308.055,4308.365,4304.165,4304.615,0.1734
1780888500000,2026-06-08,03:15:00,4304.615,4307.695,4303.405,4307.365,0.1394
1780888800000,2026-06-08,03:20:00,4307.365,4311.835,4306.325,4310.425,0.1819
1780889100000,2026-06-08,03:25:00,4310.445,4310.625,4305.835,4306.955,0.1578
1780889400000,2026-06-08,03:30:00,4306.935,4309.075,4304.775,4306.875,0.1694
1780889700000,2026-06-08,03:35:00,4306.935,4308.885,4306.015,4307.475,0.1257
1780890000000,2026-06-08,03:40:00,4307.475,4309.815,4306.465,4309.775,0.1348
1780890300000,2026-06-08,03:45:00,4309.775,4313.375,4309.355,4312.095,0.1215
1780890600000,2026-06-08,03:50:00,4312.135,4317.045,4311.045,4314.805,0.1323
1780890900000,2026-06-08,03:55:00,4314.725,4316.775,4313.785,4316.775,0.1094
1780891200000,2026-06-08,04:00:00,4316.965,4320.225,4313.985,4314.615,0.1417
1780891500000,2026-06-08,04:05:00,4314.595,4319.005,4313.265,4317.965,0.1463
1780891800000,2026-06-08,04:10:00,4317.945,4319.265,4316.375,4318.465,0.1171
1780892100000,2026-06-08,04:15:00,4318.485,4321.565,4317.455,4318.425,0.1249
1780892400000,2026-06-08,04:20:00,4318.485,4318.745,4315.725,4317.705,0.1225
1780892700000,2026-06-08,04:25:00,4317.655,4320.715,4316.945,4319.765,0.1278
1780893000000,2026-06-08,04:30:00,4319.765,4320.235,4311.035,4313.275,0.1843
1780893300000,2026-06-08,04:35:00,4313.175,4313.885,4310.495,4310.895,0.1704
1780893600000,2026-06-08,04:40:00,4311.155,4311.765,4307.375,4307.515,0.1431
1780893900000,2026-06-08,04:45:00,4307.775,4311.235,4307.475,4309.995,0.1357
1780894200000,2026-06-08,04:50:00,4310.015,4313.795,4309.305,4311.405,0.1118
1780894500000,2026-06-08,04:55:00,4311.405,4313.445,4308.595,4312.425,0.1351
1780894800000,2026-06-08,05:00:00,4312.455,4315.965,4311.525,4315.125,0.185
1780895100000,2026-06-08,05:05:00,4315.125,4315.495,4309.395,4310.305,0.1339
1780895400000,2026-06-08,05:10:00,4310.355,4311.615,4304.335,4304.355,0.1573
1780895700000,2026-06-08,05:15:00,4304.295,4310.705,4304.295,4309.105,0.1666
1780896000000,2026-06-08,05:20:00,4309.155,4313.975,4309.065,4311.085,0.1613
1780896300000,2026-06-08,05:25:00,4311.095,4312.955,4308.925,4311.535,0.1735
1780896600000,2026-06-08,05:30:00,4311.418,4313.125,4286.315,4286.745,0.3025
1780896900000,2026-06-08,05:35:00,4286.905,4291.375,4268.125,4290.665,0.4052
1780897200000,2026-06-08,05:40:00,4290.645,4292.785,4282.648,4287.605,0.3726
1780897500000,2026-06-08,05:45:00,4287.628,4291.748,4284.675,4286.398,0.3436
1780897800000,2026-06-08,05:50:00,4286.585,4295.535,4285.205,4289.335,0.3187
1780898100000,2026-06-08,05:55:00,4289.325,4294.615,4285.628,4291.675,0.2961
1780898400000,2026-06-08,06:00:00,4291.675,4307.815,4291.675,4303.425,0.2918
1780898700000,2026-06-08,06:05:00,4303.405,4306.645,4299.275,4302.248,0.2515
1780899000000,2026-06-08,06:10:00,4302.248,4305.975,4298.855,4303.365,0.2246
1780899300000,2026-06-08,06:15:00,4303.375,4307.085,4299.365,4302.975,0.2029
1780899600000,2026-06-08,06:20:00,4303.005,4311.115,4302.585,4308.125,0.2011
1780899900000,2026-06-08,06:25:00,4308.065,4310.435,4305.115,4305.565,0.2019
1780900200000,2026-06-08,06:30:00,4305.585,4306.375,4299.045,4299.145,0.194
1780900500000,2026-06-08,06:35:00,4299.175,4300.115,4295.075,4296.305,0.1852
1780900800000,2026-06-08,06:40:00,4296.325,4299.925,4293.835,4298.135,0.1772
1780901100000,2026-06-08,06:45:00,4298.095,4299.995,4295.805,4297.175,0.1694
1780901400000,2026-06-08,06:50:00,4297.068,4300.625,4295.995,4297.675,0.1577
1780901700000,2026-06-08,06:55:00,4297.535,4300.265,4293.005,4299.905,0.1721
1780902000000,2026-06-08,07:00:00,4299.825,4302.575,4295.505,4299.025,0.236
1780902300000,2026-06-08,07:05:00,4299.055,4301.305,4294.705,4300.325,0.1728
1780902600000,2026-06-08,07:10:00,4300.325,4308.315,4298.405,4305.135,0.2045
1780902900000,2026-06-08,07:15:00,4305.115,4310.515,4300.615,4306.055,0.2095
1780903200000,2026-06-08,07:20:00,4305.988,4314.725,4305.425,4314.135,0.18
1780903500000,2026-06-08,07:25:00,4314.055,4316.805,4305.655,4305.965,0.1864
1780903800000,2026-06-08,07:30:00,4305.975,4309.055,4304.675,4308.055,0.1764
1780904100000,2026-06-08,07:35:00,4308.065,4311.635,4303.715,4307.635,0.1988
1780904400000,2026-06-08,07:40:00,4307.745,4307.765,4301.195,4301.575,0.161
1780904700000,2026-06-08,07:45:00,4301.545,4302.505,4297.945,4298.215,0.164
1780905000000,2026-06-08,07:50:00,4297.965,4299.355,4295.485,4296.275,0.168
1780905300000,2026-06-08,07:55:00,4296.345,4299.485,4294.215,4294.345,0.1722
1780905600000,2026-06-08,08:00:00,4294.285,4297.065,4289.935,4293.125,0.2093
1780905900000,2026-06-08,08:05:00,4293.155,4296.085,4289.425,4294.355,0.1794
1780906200000,2026-06-08,08:10:00,4294.325,4295.865,4290.865,4291.585,0.1576
1780906500000,2026-06-08,08:15:00,4291.605,4293.445,4288.365,4292.885,0.1766
1780906800000,2026-06-08,08:20:00,4292.915,4293.055,4287.795,4288.625,0.1863
1780907100000,2026-06-08,08:25:00,4288.655,4290.075,4285.155,4288.105,0.1653
1780907400000,2026-06-08,08:30:00,4288.105,4291.985,4286.635,4291.075,0.1693
1780907700000,2026-06-08,08:35:00,4291.145,4291.145,4286.125,4287.465,0.1511
1780908000000,2026-06-08,08:40:00,4287.365,4291.165,4286.375,4290.655,0.1661
1780908300000,2026-06-08,08:45:00,4290.368,4293.655,4288.585,4291.095,0.1813
1780908600000,2026-06-08,08:50:00,4291.125,4293.205,4286.318,4288.185,0.1809
1780908900000,2026-06-08,08:55:00,4288.165,4290.295,4285.195,4288.585,0.2143
1780909200000,2026-06-08,09:00:00,4288.545,4291.935,4288.545,4290.675,0.1716
1780909500000,2026-06-08,09:05:00,4290.595,4290.845,4284.035,4285.078,0.1343
1780909800000,2026-06-08,09:10:00,4285.018,4288.865,4284.615,4288.865,0.1183
1780910100000,2026-06-08,09:15:00,4288.708,4290.315,4287.045,4287.735,0.0993
1780910400000,2026-06-08,09:20:00,4287.795,4290.815,4285.995,4286.445,0.11
1780910700000,2026-06-08,09:25:00,4286.475,4287.705,4279.265,4279.635,0.1313
1780911000000,2026-06-08,09:30:00,4279.695,4280.895,4272.645,4273.705,0.2205
1780911300000,2026-06-08,09:35:00,4273.745,4295.635,4273.315,4293.655,0.2801
1780911600000,2026-06-08,09:40:00,4293.635,4296.215,4289.205,4293.405,0.2034
1780911900000,2026-06-08,09:45:00,4293.425,4301.805,4292.625,4300.885,0.1861
1780912200000,2026-06-08,09:50:00,4300.905,4301.415,4291.305,4293.425,0.1797
1780912500000,2026-06-08,09:55:00,4293.385,4295.425,4290.785,4294.135,0.1701
1780912800000,2026-06-08,10:00:00,4294.405,4294.895,4285.835,4290.345,0.1764
1780913100000,2026-06-08,10:05:00,4290.375,4297.565,4289.165,4294.775,0.1422
1780913400000,2026-06-08,10:10:00,4294.755,4297.465,4293.315,4294.375,0.1084
1780913700000,2026-06-08,10:15:00,4294.345,4295.845,4289.855,4289.975,0.125
1780914000000,2026-06-08,10:20:00,4289.975,4292.665,4289.635,4291.155,0.1014
1780914300000,2026-06-08,10:25:00,4291.125,4295.075,4289.945,4293.705,0.1207
1780914600000,2026-06-08,10:30:00,4293.705,4305.155,4292.135,4303.685,0.1657
1780914900000,2026-06-08,10:35:00,4303.595,4305.575,4299.035,4299.685,0.2126
1780915200000,2026-06-08,10:40:00,4299.795,4304.785,4299.145,4304.735,0.1497
1780915500000,2026-06-08,10:45:00,4304.675,4304.945,4299.215,4300.455,0.1678
1780915800000,2026-06-08,10:50:00,4300.455,4301.955,4298.185,4298.305,0.1759
1780916100000,2026-06-08,10:55:00,4298.345,4302.935,4296.665,4301.865,0.1388
1780916400000,2026-06-08,11:00:00,4301.805,4302.565,4296.985,4299.835,0.1414
1780916700000,2026-06-08,11:05:00,4299.815,4306.295,4299.815,4306.145,0.1037
1780917000000,2026-06-08,11:10:00,4306.015,4318.206,4304.395,4317.765,0.2639
1780917300000,2026-06-08,11:15:00,4318.095,4327.785,4312.425,4326.895,0.3013
1780917600000,2026-06-08,11:20:00,4326.935,4330.965,4322.995,4324.735,0.2511
1780917900000,2026-06-08,11:25:00,4324.995,4329.415,4321.835,4325.175,0.2031
1780918200000,2026-06-08,11:30:00,4325.115,4333.145,4324.675,4329.735,0.2146
1780918500000,2026-06-08,11:35:00,4329.715,4330.255,4324.178,4325.245,0.193
1780918800000,2026-06-08,11:40:00,4325.225,4327.355,4322.085,4323.795,0.1772
1780919100000,2026-06-08,11:45:00,4323.905,4326.235,4321.205,4323.715,0.1726
1780919400000,2026-06-08,11:50:00,4323.745,4328.535,4323.475,4326.625,0.17
1780919700000,2026-06-08,11:55:00,4326.645,4332.515,4325.135,4331.145,0.1701
1780920000000,2026-06-08,12:00:00,4330.948,4334.485,4327.545,4330.295,0.219
1780920300000,2026-06-08,12:05:00,4330.325,4334.625,4327.275,4330.385,0.1938
1780920600000,2026-06-08,12:10:00,4330.375,4330.945,4322.355,4322.695,0.1942
1780920900000,2026-06-08,12:15:00,4322.695,4326.205,4319.995,4324.995,0.1789
1780921200000,2026-06-08,12:20:00,4324.935,4329.955,4322.825,4328.915,0.1939
1780921500000,2026-06-08,12:25:00,4328.865,4331.885,4327.875,4329.605,0.1656
1780921800000,2026-06-08,12:30:00,4329.995,4334.505,4327.815,4328.085,0.1941
1780922100000,2026-06-08,12:35:00,4328.055,4333.805,4327.415,4330.015,0.1989
1780922400000,2026-06-08,12:40:00,4329.995,4339.175,4328.318,4335.525,0.22
1780922700000,2026-06-08,12:45:00,4335.665,4337.845,4332.265,4332.475,0.1804
1780923000000,2026-06-08,12:50:00,4332.495,4333.425,4326.755,4329.895,0.2029
1780923300000,2026-06-08,12:55:00,4330.025,4334.545,4328.785,4333.015,0.1853
1780923600000,2026-06-08,13:00:00,4333.045,4334.745,4325.895,4328.895,0.3047
1780923900000,2026-06-08,13:05:00,4328.875,4330.125,4323.125,4324.015,0.2255
1780924200000,2026-06-08,13:10:00,4324.065,4326.365,4323.088,4323.745,0.1998
1780924500000,2026-06-08,13:15:00,4323.885,4325.745,4321.168,4325.245,0.2058
1780924800000,2026-06-08,13:20:00,4325.245,4335.945,4325.235,4331.555,0.2494
1780925100000,2026-06-08,13:25:00,4331.575,4333.605,4329.325,4331.065,0.2185
1780925400000,2026-06-08,13:30:00,4331.215,4340.095,4330.825,4333.198,0.4007
1780925700000,2026-06-08,13:35:00,4333.198,4346.615,4332.405,4340.375,0.4052
1780926000000,2026-06-08,13:40:00,4340.355,4344.365,4335.135,4336.185,0.3735
1780926300000,2026-06-08,13:45:00,4336.295,4338.455,4332.348,4332.348,0.3747
1780926600000,2026-06-08,13:50:00,4332.365,4339.065,4328.585,4334.175,0.3613
1780926900000,2026-06-08,13:55:00,4334.145,4336.905,4325.945,4326.815,0.3725
1780927200000,2026-06-08,14:00:00,4326.785,4330.695,4322.085,4322.235,0.3803
1780927500000,2026-06-08,14:05:00,4322.255,4327.345,4318.775,4320.355,0.3523
1780927800000,2026-06-08,14:10:00,4320.375,4320.615,4316.465,4319.365,0.367
1780928100000,2026-06-08,14:15:00,4319.415,4321.815,4316.755,4321.565,0.3453
1780928400000,2026-06-08,14:20:00,4321.585,4324.245,4316.965,4318.595,0.3479
1780928700000,2026-06-08,14:25:00,4318.565,4322.715,4315.715,4319.875,0.3059
1780929000000,2026-06-08,14:30:00,4319.605,4324.025,4318.435,4321.955,0.2928
1780929300000,2026-06-08,14:35:00,4321.985,4322.975,4314.805,4319.605,0.2871
1780929600000,2026-06-08,14:40:00,4319.565,4323.195,4315.908,4322.485,0.2993
1780929900000,2026-06-08,14:45:00,4322.455,4328.385,4317.025,4317.375,0.2887
1780930200000,2026-06-08,14:50:00,4317.445,4327.015,4316.755,4326.385,0.2899
1780930500000,2026-06-08,14:55:00,4326.385,4331.225,4324.205,4330.895,0.2544
1780930800000,2026-06-08,15:00:00,4330.875,4336.385,4328.645,4328.855,0.2559
1780931100000,2026-06-08,15:05:00,4328.925,4330.645,4325.135,4328.325,0.2445
1780931400000,2026-06-08,15:10:00,4328.375,4328.755,4325.045,4325.215,0.2057
1780931700000,2026-06-08,15:15:00,4325.175,4332.115,4322.325,4331.485,0.2738
1780932000000,2026-06-08,15:20:00,4331.485,4335.865,4329.145,4335.095,0.2596
1780932300000,2026-06-08,15:25:00,4335.095,4335.095,4328.805,4330.445,0.2874
1780932600000,2026-06-08,15:30:00,4330.495,4333.315,4328.365,4332.035,0.2915
1780932900000,2026-06-08,15:35:00,4331.995,4337.265,4331.065,4336.375,0.2631
1780933200000,2026-06-08,15:40:00,4336.375,4339.215,4335.005,4338.965,0.2393
1780933500000,2026-06-08,15:45:00,4338.945,4340.805,4334.245,4335.285,0.2359
1780933800000,2026-06-08,15:50:00,4335.255,4342.975,4335.255,4342.565,0.2339
1780934100000,2026-06-08,15:55:00,4342.565,4345.515,4340.895,4341.565,0.2441
1780934400000,2026-06-08,16:00:00,4341.585,4343.735,4338.595,4341.065,0.2275
1780934700000,2026-06-08,16:05:00,4341.015,4343.025,4338.645,4339.605,0.2122
1780935000000,2026-06-08,16:10:00,4339.585,4341.995,4337.975,4340.835,0.1993
1780935300000,2026-06-08,16:15:00,4340.965,4343.755,4340.115,4342.855,0.1893
1780935600000,2026-06-08,16:20:00,4342.735,4343.655,4339.595,4340.935,0.2254
1780935900000,2026-06-08,16:25:00,4340.955,4343.005,4340.165,4340.795,0.2012
1780936200000,2026-06-08,16:30:00,4340.885,4344.905,4340.715,4342.395,0.2317
1780936500000,2026-06-08,16:35:00,4342.425,4346.205,4340.425,4341.115,0.2064
1780936800000,2026-06-08,16:40:00,4341.095,4343.875,4340.455,4343.875,0.1968
1780937100000,2026-06-08,16:45:00,4343.775,4345.895,4342.165,4344.955,0.1768
1780937400000,2026-06-08,16:50:00,4344.945,4345.775,4337.765,4337.855,0.2081
1780937700000,2026-06-08,16:55:00,4337.885,4341.325,4337.725,4340.465,0.1734
1780938000000,2026-06-08,17:00:00,4340.515,4342.285,4336.635,4337.795,0.2647
1780938300000,2026-06-08,17:05:00,4337.745,4341.925,4337.465,4338.295,0.217
1780938600000,2026-06-08,17:10:00,4338.225,4338.945,4335.935,4338.655,0.2041
1780938900000,2026-06-08,17:15:00,4338.585,4340.105,4336.355,4338.105,0.223
1780939200000,2026-06-08,17:20:00,4338.105,4340.315,4335.065,4335.435,0.2107
1780939500000,2026-06-08,17:25:00,4335.645,4340.205,4333.708,4338.945,0.2447
1780939800000,2026-06-08,17:30:00,4338.915,4339.525,4333.495,4335.415,0.2234
1780940100000,2026-06-08,17:35:00,4335.455,4335.765,4331.785,4334.755,0.2024
1780940400000,2026-06-08,17:40:00,4334.755,4335.145,4333.578,4333.925,0.1963
1780940700000,2026-06-08,17:45:00,4333.935,4336.945,4333.845,4336.865,0.2033
1780941000000,2026-06-08,17:50:00,4336.815,4338.095,4335.945,4336.575,0.1447
1780941300000,2026-06-08,17:55:00,4336.575,4339.295,4335.545,4338.895,0.1639
1780941600000,2026-06-08,18:00:00,4338.935,4344.725,4338.515,4343.625,0.1683
1780941900000,2026-06-08,18:05:00,4343.625,4345.085,4342.075,4343.395,0.1591
1780942200000,2026-06-08,18:10:00,4343.605,4344.135,4340.425,4341.165,0.1846
1780942500000,2026-06-08,18:15:00,4341.335,4343.635,4341.285,4342.135,0.1805
1780942800000,2026-06-08,18:20:00,4342.135,4344.845,4341.595,4343.735,0.1838
1780943100000,2026-06-08,18:25:00,4343.715,4345.755,4341.925,4342.455,0.1854
1780943400000,2026-06-08,18:30:00,4342.335,4344.445,4340.385,4340.475,0.1921
1780943700000,2026-06-08,18:35:00,4340.485,4341.435,4336.735,4336.985,0.187
1780944000000,2026-06-08,18:40:00,4336.985,4338.445,4336.145,4336.508,0.1786
1780944300000,2026-06-08,18:45:00,4336.508,4336.895,4334.415,4334.465,0.1595
1780944600000,2026-06-08,18:50:00,4334.505,4336.675,4332.845,4334.305,0.1549
1780944900000,2026-06-08,18:55:00,4334.295,4335.875,4333.275,4334.495,0.1726
1780945200000,2026-06-08,19:00:00,4334.495,4337.965,4333.845,4336.915,0.1735
1780945500000,2026-06-08,19:05:00,4336.915,4336.915,4332.355,4332.355,0.1498
1780945800000,2026-06-08,19:10:00,4332.405,4332.405,4329.445,4329.645,0.2062
1780946100000,2026-06-08,19:15:00,4329.765,4331.415,4327.975,4328.555,0.1917
1780946400000,2026-06-08,19:20:00,4328.515,4330.245,4326.395,4326.495,0.21
1780946700000,2026-06-08,19:25:00,4326.515,4328.095,4325.905,4327.565,0.1841
1780947000000,2026-06-08,19:30:00,4327.525,4330.405,4326.095,4327.065,0.1981
1780947300000,2026-06-08,19:35:00,4327.145,4328.285,4324.905,4325.735,0.1609
1780947600000,2026-06-08,19:40:00,4325.635,4325.835,4324.045,4324.955,0.1875
1780947900000,2026-06-08,19:45:00,4325.055,4327.565,4324.605,4326.985,0.1903
1780948200000,2026-06-08,19:50:00,4326.955,4330.055,4326.905,4328.195,0.2514
1780948500000,2026-06-08,19:55:00,4328.195,4328.865,4323.078,4326.475,0.2839
1780948800000,2026-06-08,20:00:00,4326.455,4329.745,4326.185,4329.355,0.1121
1780949100000,2026-06-08,20:05:00,4329.425,4329.615,4327.495,4327.625,0.0567
1780949400000,2026-06-08,20:10:00,4327.735,4328.095,4326.315,4327.975,0.0571
1780949700000,2026-06-08,20:15:00,4327.995,4328.045,4324.355,4325.665,0.0641
1780950000000,2026-06-08,20:20:00,4325.415,4327.455,4325.155,4326.795,0.047
1780950300000,2026-06-08,20:25:00,4326.805,4326.978,4324.435,4326.325,0.0668
1780950600000,2026-06-08,20:30:00,4326.265,4327.755,4325.455,4327.675,0.0418
1780950900000,2026-06-08,20:35:00,4327.625,4328.315,4326.575,4327.405,0.0451
1780951200000,2026-06-08,20:40:00,4327.355,4327.405,4325.175,4326.045,0.0494
1780951500000,2026-06-08,20:45:00,4326.025,4327.165,4325.385,4327.145,0.0359
1780951800000,2026-06-08,20:50:00,4327.115,4329.635,4326.745,4328.965,0.0363
1780952100000,2026-06-08,20:55:00,4328.905,4330.148,4326.005,4326.175,0.0362
1780956000000,2026-06-08,22:00:00,4329.898,4332.375,4325.47,4326.315,0.0612
1780956300000,2026-06-08,22:05:00,4326.525,4327.755,4324.515,4326.695,0.0432
1780956600000,2026-06-08,22:10:00,4326.665,4327.725,4324.125,4325.015,0.0389
1780956900000,2026-06-08,22:15:00,4324.985,4324.995,4322.628,4324.315,0.0662
1780957200000,2026-06-08,22:20:00,4324.365,4326.305,4324.185,4325.775,0.0477
1780957500000,2026-06-08,22:25:00,4325.835,4327.265,4324.215,4324.845,0.0392
1780957800000,2026-06-08,22:30:00,4324.785,4327.095,4324.625,4325.325,0.0505
1780958100000,2026-06-08,22:35:00,4325.355,4326.375,4324.965,4325.535,0.0268
1780958400000,2026-06-08,22:40:00,4325.625,4327.235,4324.805,4327.205,0.0456
1780958700000,2026-06-08,22:45:00,4327.235,4327.615,4326.055,4326.695,0.0363
1780959000000,2026-06-08,22:50:00,4326.665,4328.095,4325.865,4327.845,0.0307
1780959300000,2026-06-08,22:55:00,4328.208,4328.555,4327.298,4327.588,0.0508
1780959600000,2026-06-08,23:00:00,4327.588,4327.628,4326.498,4327.195,0.1124
1780959900000,2026-06-08,23:05:00,4327.245,4327.245,4325.128,4325.985,0.0752
1780960200000,2026-06-08,23:10:00,4325.985,4328.505,4325.475,4327.335,0.035
1780960500000,2026-06-08,23:15:00,4327.305,4328.125,4325.975,4327.115,0.0349
1780960800000,2026-06-08,23:20:00,4327.065,4327.285,4324.658,4324.915,0.0415
1780961100000,2026-06-08,23:25:00,4324.865,4324.865,4320.175,4320.225,0.057
1780961400000,2026-06-08,23:30:00,4320.205,4320.755,4314.845,4317.785,0.099
1780961700000,2026-06-08,23:35:00,4318.005,4321.745,4318.005,4321.555,0.0789
1780962000000,2026-06-08,23:40:00,4321.565,4321.988,4318.935,4319.345,0.063
1780962300000,2026-06-08,23:45:00,4319.475,4319.775,4313.155,4313.375,0.1426
1780962600000,2026-06-08,23:50:00,4313.465,4318.935,4312.595,4316.815,0.1043
1780962900000,2026-06-08,23:55:00,4316.705,4317.865,4314.228,4317.615,0.0965
1780963200000,2026-06-09,00:00:00,4317.575,4319.385,4315.065,4317.155,0.2213
1780963500000,2026-06-09,00:05:00,4317.135,4321.448,4316.648,4318.215,0.2422
1780963800000,2026-06-09,00:10:00,4318.215,4323.565,4318.175,4322.385,0.1752
1780964100000,2026-06-09,00:15:00,4322.245,4323.235,4319.845,4320.005,0.1562
1780964400000,2026-06-09,00:20:00,4319.875,4320.305,4317.125,4318.545,0.1678
1780964700000,2026-06-09,00:25:00,4318.485,4319.295,4316.298,4316.485,0.1749
1780965000000,2026-06-09,00:30:00,4316.515,4319.205,4314.995,4318.685,0.1652
1780965300000,2026-06-09,00:35:00,4318.775,4322.925,4317.705,4318.835,0.1511
1780965600000,2026-06-09,00:40:00,4318.765,4321.125,4317.405,4318.325,0.1321
1780965900000,2026-06-09,00:45:00,4318.265,4318.855,4314.748,4316.895,0.125
1780966200000,2026-06-09,00:50:00,4316.755,4319.705,4315.648,4315.648,0.1581
1780966500000,2026-06-09,00:55:00,4315.648,4321.075,4315.148,4319.645,0.1471
1780966800000,2026-06-09,01:00:00,4319.585,4323.855,4318.265,4321.145,0.2667
1780967100000,2026-06-09,01:05:00,4321.065,4327.808,4320.545,4325.025,0.2128
1780967400000,2026-06-09,01:10:00,4325.125,4326.685,4321.205,4323.835,0.19
1780967700000,2026-06-09,01:15:00,4323.885,4329.745,4322.135,4323.885,0.2385
1780968000000,2026-06-09,01:20:00,4323.935,4332.095,4322.545,4327.455,0.2433
1780968300000,2026-06-09,01:25:00,4327.455,4337.825,4327.338,4335.285,0.2376
1780968600000,2026-06-09,01:30:00,4335.305,4338.135,4332.845,4336.945,0.2086
1780968900000,2026-06-09,01:35:00,4336.985,4338.635,4334.195,4335.125,0.152
1780969200000,2026-06-09,01:40:00,4335.095,4338.275,4332.655,4335.465,0.1912
1780969500000,2026-06-09,01:45:00,4335.495,4338.105,4333.745,4333.895,0.1894
1780969800000,2026-06-09,01:50:00,4333.965,4337.095,4333.605,4336.565,0.169
1780970100000,2026-06-09,01:55:00,4336.535,4338.055,4332.795,4336.355,0.1635
1780970400000,2026-06-09,02:00:00,4336.335,4336.755,4331.165,4332.505,0.1645
1780970700000,2026-06-09,02:05:00,4332.255,4332.725,4327.868,4330.905,0.1806
1780971000000,2026-06-09,02:10:00,4330.885,4333.315,4329.105,4332.795,0.1351
1780971300000,2026-06-09,02:15:00,4332.765,4334.325,4329.905,4332.335,0.1563
1780971600000,2026-06-09,02:20:00,4332.345,4335.565,4331.495,4334.365,0.1467
1780971900000,2026-06-09,02:25:00,4334.395,4336.065,4331.955,4335.225,0.12
1780972200000,2026-06-09,02:30:00,4335.285,4339.605,4333.385,4335.405,0.1756
1780972500000,2026-06-09,02:35:00,4335.375,4335.445,4330.835,4334.995,0.1753
1780972800000,2026-06-09,02:40:00,4335.015,4338.595,4333.375,4338.595,0.1659
1780973100000,2026-06-09,02:45:00,4338.675,4340.845,4337.235,4337.445,0.156
1780973400000,2026-06-09,02:50:00,4337.415,4340.275,4334.635,4338.645,0.1336
1780973700000,2026-06-09,02:55:00,4338.585,4339.135,4334.675,4335.835,0.1351
1780974000000,2026-06-09,03:00:00,4335.755,4337.325,4331.385,4331.695,0.1526
1780974300000,2026-06-09,03:05:00,4331.725,4341.365,4331.075,4338.075,0.1923
1780974600000,2026-06-09,03:10:00,4338.185,4339.965,4337.085,4338.445,0.1374
1780974900000,2026-06-09,03:15:00,4338.375,4342.065,4338.365,4339.355,0.1412
1780975200000,2026-06-09,03:20:00,4339.245,4340.055,4333.205,4334.645,0.1494
1780975500000,2026-06-09,03:25:00,4334.445,4337.115,4334.085,4336.505,0.1544
1780975800000,2026-06-09,03:30:00,4336.525,4337.825,4333.375,4333.445,0.1439
1780976100000,2026-06-09,03:35:00,4333.425,4336.465,4333.248,4334.935,0.107
1780976400000,2026-06-09,03:40:00,4335.015,4337.615,4334.465,4337.338,0.1262
1780976700000,2026-06-09,03:45:00,4337.335,4341.665,4337.335,4338.455,0.1457
1780977000000,2026-06-09,03:50:00,4338.298,4340.145,4336.875,4339.245,0.0985
1780977300000,2026-06-09,03:55:00,4339.245,4340.135,4334.125,4336.425,0.0888
1780977600000,2026-06-09,04:00:00,4335.945,4336.155,4332.945,4335.125,0.0919
1780977900000,2026-06-09,04:05:00,4335.245,4337.915,4334.595,4337.035,0.0969
1780978200000,2026-06-09,04:10:00,4337.015,4339.068,4331.888,4331.995,0.1006
1780978500000,2026-06-09,04:15:00,4331.955,4332.565,4329.138,4329.678,0.1099
1780978800000,2026-06-09,04:20:00,4329.598,4331.435,4328.465,4330.915,0.0894
1780979100000,2026-06-09,04:25:00,4331.055,4331.555,4328.965,4330.245,0.084
1780979400000,2026-06-09,04:30:00,4330.295,4330.385,4324.005,4324.955,0.1494
1780979700000,2026-06-09,04:35:00,4324.988,4330.255,4324.988,4329.665,0.1352
1780980000000,2026-06-09,04:40:00,4329.675,4329.715,4326.585,4327.915,0.0842
1780980300000,2026-06-09,04:45:00,4327.945,4329.115,4326.675,4328.975,0.083
1780980600000,2026-06-09,04:50:00,4329.105,4331.215,4327.005,4327.305,0.1035
1780980900000,2026-06-09,04:55:00,4327.365,4332.705,4325.995,4332.075,0.1067
1780981200000,2026-06-09,05:00:00,4332.095,4336.395,4332.095,4335.905,0.1
1780981500000,2026-06-09,05:05:00,4335.865,4336.775,4332.235,4332.355,0.1256
1780981800000,2026-06-09,05:10:00,4332.385,4334.165,4330.655,4331.205,0.1298
1780982100000,2026-06-09,05:15:00,4331.175,4334.345,4330.645,4333.185,0.1085
1780982400000,2026-06-09,05:20:00,4333.135,4335.305,4330.855,4333.135,0.1394
1780982700000,2026-06-09,05:25:00,4333.225,4333.635,4331.855,4332.435,0.1446
1780983000000,2026-06-09,05:30:00,4332.485,4343.725,4331.555,4342.545,0.3271
1780983300000,2026-06-09,05:35:00,4342.545,4343.895,4339.705,4343.325,0.188
1780983600000,2026-06-09,05:40:00,4343.295,4351.075,4342.315,4348.365,0.2182
1780983900000,2026-06-09,05:45:00,4348.305,4348.865,4342.675,4346.235,0.1789
1780984200000,2026-06-09,05:50:00,4346.195,4346.195,4342.705,4345.325,0.1614
1780984500000,2026-06-09,05:55:00,4345.345,4345.345,4341.298,4343.165,0.1537
1780984800000,2026-06-09,06:00:00,4343.185,4348.635,4342.555,4344.305,0.1792
1780985100000,2026-06-09,06:05:00,4344.275,4346.475,4342.655,4343.765,0.1676
1780985400000,2026-06-09,06:10:00,4343.835,4344.435,4339.925,4341.045,0.1405
1780985700000,2026-06-09,06:15:00,4341.045,4343.505,4340.595,4342.635,0.1349
1780986000000,2026-06-09,06:20:00,4342.635,4345.675,4340.805,4344.495,0.143
1780986300000,2026-06-09,06:25:00,4344.465,4345.105,4337.905,4338.795,0.1353
1780986600000,2026-06-09,06:30:00,4338.765,4339.075,4331.745,4333.525,0.209
1780986900000,2026-06-09,06:35:00,4333.545,4339.225,4332.915,4337.675,0.1379
1780987200000,2026-06-09,06:40:00,4337.745,4338.535,4334.235,4336.485,0.0898
1780987500000,2026-06-09,06:45:00,4336.525,4340.025,4336.135,4339.425,0.0947
1780987800000,2026-06-09,06:50:00,4339.535,4339.535,4334.645,4334.985,0.1031
1780988100000,2026-06-09,06:55:00,4335.105,4335.955,4330.025,4330.405,0.1521
1780988400000,2026-06-09,07:00:00,4330.375,4334.585,4328.275,4331.515,0.214
1780988700000,2026-06-09,07:05:00,4331.475,4333.625,4329.615,4332.315,0.1574
1780989000000,2026-06-09,07:10:00,4332.345,4332.425,4326.675,4326.675,0.1685
1780989300000,2026-06-09,07:15:00,4326.625,4329.795,4322.565,4328.645,0.1812
1780989600000,2026-06-09,07:20:00,4328.605,4330.645,4325.595,4329.965,0.1618
1780989900000,2026-06-09,07:25:00,4330.445,4331.985,4328.735,4330.915,0.1516
1780990200000,2026-06-09,07:30:00,4330.985,4331.175,4325.335,4326.535,0.1371
1780990500000,2026-06-09,07:35:00,4326.535,4326.565,4322.055,4325.425,0.1563
1780990800000,2026-06-09,07:40:00,4325.505,4328.385,4324.715,4328.245,0.1126
1780991100000,2026-06-09,07:45:00,4328.245,4330.095,4325.885,4326.245,0.0959
1780991400000,2026-06-09,07:50:00,4326.205,4329.385,4324.985,4328.345,0.123
1780991700000,2026-06-09,07:55:00,4328.385,4328.615,4325.645,4326.415,0.105
1780992000000,2026-06-09,08:00:00,4326.485,4327.005,4322.415,4322.975,0.183
1780992300000,2026-06-09,08:05:00,4322.925,4326.775,4320.875,4326.435,0.1554
1780992600000,2026-06-09,08:10:00,4326.385,4336.275,4326.315,4331.495,0.2063
1780992900000,2026-06-09,08:15:00,4331.455,4335.015,4331.255,4332.205,0.1775
1780993200000,2026-06-09,08:20:00,4332.165,4334.315,4331.465,4331.695,0.1334
1780993500000,2026-06-09,08:25:00,4331.705,4335.485,4331.395,4334.195,0.1338
1780993800000,2026-06-09,08:30:00,4334.365,4335.895,4330.975,4331.025,0.1074
1780994100000,2026-06-09,08:35:00,4331.015,4334.805,4330.335,4334.355,0.0884
1780994400000,2026-06-09,08:40:00,4334.425,4336.765,4333.125,4334.975,0.0871
1780994700000,2026-06-09,08:45:00,4334.905,4335.295,4327.295,4328.145,0.0859
1780995000000,2026-06-09,08:50:00,4327.905,4329.915,4325.775,4329.905,0.0874
1780995300000,2026-06-09,08:55:00,4329.865,4330.445,4326.415,4326.415,0.0811
1780995600000,2026-06-09,09:00:00,4326.455,4329.035,4325.125,4328.825,0.0954
1780995900000,2026-06-09,09:05:00,4328.745,4330.425,4327.025,4330.005,0.1142
1780996200000,2026-06-09,09:10:00,4330.005,4330.835,4327.385,4328.185,0.1068
1780996500000,2026-06-09,09:15:00,4328.125,4330.445,4327.795,4329.815,0.1106
1780996800000,2026-06-09,09:20:00,4329.765,4336.115,4329.555,4333.135,0.1395
1780997100000,2026-06-09,09:25:00,4333.265,4334.405,4323.865,4326.695,0.1428
1780997400000,2026-06-09,09:30:00,4326.508,4329.405,4325.425,4326.415,0.1435
1780997700000,2026-06-09,09:35:00,4326.415,4330.855,4326.275,4329.035,0.0963
1780998000000,2026-06-09,09:40:00,4329.035,4329.665,4324.845,4326.965,0.0931
1780998300000,2026-06-09,09:45:00,4326.945,4330.125,4326.418,4329.605,0.1096
1780998600000,2026-06-09,09:50:00,4329.595,4333.475,4329.415,4333.075,0.0852
1780998900000,2026-06-09,09:55:00,4333.115,4333.295,4330.605,4332.055,0.0938
1780999200000,2026-06-09,10:00:00,4332.035,4332.955,4330.115,4330.585,0.125
1780999500000,2026-06-09,10:05:00,4330.615,4331.055,4324.755,4327.105,0.1639
1780999800000,2026-06-09,10:10:00,4327.065,4335.635,4326.295,4335.215,0.1569
1781000100000,2026-06-09,10:15:00,4335.365,4336.445,4333.885,4334.685,0.1424
1781000400000,2026-06-09,10:20:00,4334.705,4334.705,4331.175,4332.425,0.0932
1781000700000,2026-06-09,10:25:00,4332.395,4336.665,4331.635,4333.635,0.1003
1781001000000,2026-06-09,10:30:00,4333.775,4334.855,4332.195,4333.635,0.0832
1781001300000,2026-06-09,10:35:00,4333.595,4333.905,4331.505,4331.755,0.0758
1781001600000,2026-06-09,10:40:00,4331.785,4332.575,4329.565,4332.465,0.0916
1781001900000,2026-06-09,10:45:00,4332.415,4332.945,4330.325,4330.525,0.0875
1781002200000,2026-06-09,10:50:00,4330.575,4336.375,4330.068,4334.965,0.1046
1781002500000,2026-06-09,10:55:00,4334.985,4340.645,4334.575,4339.015,0.1206
1781002800000,2026-06-09,11:00:00,4338.925,4340.248,4335.505,4335.765,0.1416
1781003100000,2026-06-09,11:05:00,4335.875,4338.895,4335.445,4337.015,0.1056
1781003400000,2026-06-09,11:10:00,4337.145,4338.035,4335.745,4337.675,0.097
1781003700000,2026-06-09,11:15:00,4337.675,4339.255,4335.985,4339.105,0.0908
1781004000000,2026-06-09,11:20:00,4339.105,4340.565,4336.945,4337.055,0.0958
1781004300000,2026-06-09,11:25:00,4337.085,4338.725,4336.055,4338.585,0.0998
1781004600000,2026-06-09,11:30:00,4338.685,4338.745,4336.785,4337.665,0.0727
1781004900000,2026-06-09,11:35:00,4337.555,4338.115,4336.605,4337.225,0.0814
1781005200000,2026-06-09,11:40:00,4336.985,4339.875,4336.905,4338.755,0.1076
1781005500000,2026-06-09,11:45:00,4338.825,4340.895,4337.145,4339.965,0.1015
1781005800000,2026-06-09,11:50:00,4340.015,4343.705,4339.905,4341.165,0.1069
1781006100000,2026-06-09,11:55:00,4341.165,4343.315,4339.445,4339.665,0.0939
1781006400000,2026-06-09,12:00:00,4339.685,4343.235,4339.555,4342.145,0.1283
1781006700000,2026-06-09,12:05:00,4342.145,4343.955,4341.368,4343.565,0.1161
1781007000000,2026-06-09,12:10:00,4343.525,4344.085,4340.498,4340.815,0.129
1781007300000,2026-06-09,12:15:00,4340.785,4342.815,4338.755,4342.725,0.1409
1781007600000,2026-06-09,12:20:00,4342.665,4342.665,4336.975,4338.385,0.1604
1781007900000,2026-06-09,12:25:00,4338.415,4339.605,4335.165,4335.725,0.1333
1781008200000,2026-06-09,12:30:00,4335.665,4339.745,4334.685,4336.425,0.1738
1781008500000,2026-06-09,12:35:00,4336.385,4341.255,4335.825,4340.475,0.1519
1781008800000,2026-06-09,12:40:00,4340.445,4341.915,4338.915,4340.675,0.1428
1781009100000,2026-06-09,12:45:00,4340.695,4344.305,4339.735,4341.095,0.1382
1781009400000,2026-06-09,12:50:00,4341.135,4343.585,4337.035,4337.225,0.1555
1781009700000,2026-06-09,12:55:00,4337.245,4341.715,4336.505,4341.225,0.155
1781010000000,2026-06-09,13:00:00,4341.245,4345.515,4337.945,4339.295,0.2589
1781010300000,2026-06-09,13:05:00,4338.995,4344.245,4338.535,4341.255,0.2439
1781010600000,2026-06-09,13:10:00,4341.255,4342.495,4339.555,4340.815,0.1765
1781010900000,2026-06-09,13:15:00,4340.785,4341.875,4333.885,4333.885,0.2078
1781011200000,2026-06-09,13:20:00,4333.755,4335.965,4331.225,4333.475,0.1937
1781011500000,2026-06-09,13:25:00,4333.245,4335.255,4330.095,4330.695,0.2179
1781011800000,2026-06-09,13:30:00,4330.995,4333.805,4328.555,4329.755,0.3192
1781012100000,2026-06-09,13:35:00,4329.765,4334.235,4329.405,4331.945,0.3038
1781012400000,2026-06-09,13:40:00,4331.945,4331.955,4324.985,4330.085,0.2862
1781012700000,2026-06-09,13:45:00,4330.015,4363.205,4328.965,4351.895,0.364
1781013000000,2026-06-09,13:50:00,4351.895,4352.455,4333.415,4334.045,0.3468
1781013300000,2026-06-09,13:55:00,4334.015,4334.565,4326.235,4328.655,0.3419
1781013600000,2026-06-09,14:00:00,4328.445,4335.765,4326.165,4329.085,0.3424
1781013900000,2026-06-09,14:05:00,4328.905,4332.055,4324.675,4328.235,0.3559
1781014200000,2026-06-09,14:10:00,4328.235,4328.745,4319.485,4321.055,0.3958
1781014500000,2026-06-09,14:15:00,4321.025,4322.815,4305.395,4311.395,0.4904
1781014800000,2026-06-09,14:20:00,4311.225,4320.145,4309.185,4318.415,0.5244
1781015100000,2026-06-09,14:25:00,4318.418,4323.468,4315.535,4318.035,0.4616
1781015400000,2026-06-09,14:30:00,4318.005,4320.678,4309.675,4314.525,0.4548
1781015700000,2026-06-09,14:35:00,4314.635,4314.885,4302.365,4305.105,0.4209
1781016000000,2026-06-09,14:40:00,4305.165,4307.405,4284.708,4284.708,0.4364
1781016300000,2026-06-09,14:45:00,4284.708,4289.835,4278.435,4283.865,0.4523
1781016600000,2026-06-09,14:50:00,4283.865,4297.995,4281.465,4297.925,0.4332
1781016900000,2026-06-09,14:55:00,4297.955,4300.565,4292.415,4300.285,0.3801
1781017200000,2026-06-09,15:00:00,4300.285,4301.795,4291.095,4292.855,0.3939
1781017500000,2026-06-09,15:05:00,4293.045,4296.438,4289.658,4295.348,0.458
1781017800000,2026-06-09,15:10:00,4295.348,4298.948,4289.255,4294.725,0.4445
1781018100000,2026-06-09,15:15:00,4294.695,4296.725,4290.995,4291.635,0.3557
1781018400000,2026-06-09,15:20:00,4291.625,4294.305,4284.675,4285.265,0.3663
1781018700000,2026-06-09,15:25:00,4285.265,4288.585,4276.975,4278.545,0.3823
1781019000000,2026-06-09,15:30:00,4278.585,4281.815,4263.255,4274.375,0.4372
1781019300000,2026-06-09,15:35:00,4274.345,4274.445,4262.865,4269.935,0.4022
1781019600000,2026-06-09,15:40:00,4269.955,4279.895,4268.975,4279.535,0.369
1781019900000,2026-06-09,15:45:00,4279.545,4285.625,4278.165,4280.675,0.3518
1781020200000,2026-06-09,15:50:00,4280.535,4283.915,4276.165,4279.615,0.3529
1781020500000,2026-06-09,15:55:00,4279.615,4284.875,4272.015,4272.015,0.4071
1781020800000,2026-06-09,16:00:00,4272.035,4280.855,4270.715,4273.438,0.4356
1781021100000,2026-06-09,16:05:00,4273.438,4274.035,4260.358,4263.075,0.554
1781021400000,2026-06-09,16:10:00,4263.038,4266.635,4258.245,4259.575,0.4499
1781021700000,2026-06-09,16:15:00,4259.535,4263.105,4252.895,4254.275,0.6239
1781022000000,2026-06-09,16:20:00,4254.245,4263.365,4252.945,4261.765,0.5719
1781022300000,2026-06-09,16:25:00,4261.755,4266.285,4260.855,4263.118,0.5082
1781022600000,2026-06-09,16:30:00,4263.125,4264.348,4259.698,4261.695,0.5613
1781022900000,2026-06-09,16:35:00,4261.695,4267.485,4236.655,4240.825,0.3722
1781023200000,2026-06-09,16:40:00,4241.015,4248.125,4236.245,4244.825,0.3779
1781023500000,2026-06-09,16:45:00,4244.485,4253.905,4243.665,4249.475,0.4777
1781023800000,2026-06-09,16:50:00,4248.965,4251.235,4238.558,4239.665,0.4297
1781024100000,2026-06-09,16:55:00,4239.795,4252.185,4239.485,4251.905,0.4293
1781024400000,2026-06-09,17:00:00,4251.815,4263.335,4250.925,4262.245,0.4525
1781024700000,2026-06-09,17:05:00,4262.295,4263.705,4258.385,4262.675,0.4715
1781025000000,2026-06-09,17:10:00,4262.675,4264.205,4257.275,4260.975,2.9686
1781025300000,2026-06-09,17:15:00,4260.965,4265.325,4258.155,4263.825,2.4272
1781025600000,2026-06-09,17:20:00,4263.825,4267.705,4262.355,4266.045,0.8266
1781025900000,2026-06-09,17:25:00,4265.985,4266.505,4260.478,4262.915,0.527
1781026200000,2026-06-09,17:30:00,4262.905,4265.955,4260.705,4265.215,0.4371
1781026500000,2026-06-09,17:35:00,4265.375,4265.955,4261.535,4262.438,0.4975
1781026800000,2026-06-09,17:40:00,4262.438,4267.798,4261.578,4264.398,0.6417
1781027100000,2026-06-09,17:45:00,4264.425,4266.485,4256.158,4256.798,0.3928
1781027400000,2026-06-09,17:50:00,4256.798,4259.925,4255.695,4258.078,0.4628
1781027700000,2026-06-09,17:55:00,4258.065,4264.555,4257.788,4262.815,0.273
1781028000000,2026-06-09,18:00:00,4263.055,4265.448,4259.305,4262.105,0.253
1781028300000,2026-06-09,18:05:00,4262.075,4266.775,4260.545,4266.635,0.2587
1781028600000,2026-06-09,18:10:00,4266.468,4266.648,4262.415,4265.195,0.2923
1781028900000,2026-06-09,18:15:00,4265.075,4269.825,4262.705,4269.125,0.2611
1781029200000,2026-06-09,18:20:00,4269.075,4274.095,4267.125,4273.195,0.2425
1781029500000,2026-06-09,18:25:00,4273.235,4273.375,4267.675,4270.615,0.2444
1781029800000,2026-06-09,18:30:00,4270.595,4273.848,4268.565,4270.495,0.2502
1781030100000,2026-06-09,18:35:00,4270.655,4270.775,4268.155,4269.005,0.2426
1781030400000,2026-06-09,18:40:00,4269.095,4269.875,4263.405,4264.105,0.2515
1781030700000,2026-06-09,18:45:00,4264.325,4265.205,4262.065,4265.105,0.1972
1781031000000,2026-06-09,18:50:00,4265.105,4267.985,4263.875,4265.735,0.1787
1781031300000,2026-06-09,18:55:00,4265.775,4271.355,4265.225,4269.735,0.1928
1781031600000,2026-06-09,19:00:00,4269.875,4270.385,4266.095,4269.428,0.2114
1781031900000,2026-06-09,19:05:00,4269.375,4271.525,4264.675,4264.875,0.2244
1781032200000,2026-06-09,19:10:00,4264.915,4264.915,4257.725,4258.445,0.2257
1781032500000,2026-06-09,19:15:00,4258.465,4258.775,4254.578,4255.135,0.3529
1781032800000,2026-06-09,19:20:00,4255.215,4256.285,4252.618,4255.385,0.2899
1781033100000,2026-06-09,19:25:00,4255.455,4257.885,4253.835,4257.175,0.2464
1781033400000,2026-06-09,19:30:00,4257.105,4260.105,4256.245,4259.385,0.2516
1781033700000,2026-06-09,19:35:00,4259.355,4259.775,4252.465,4253.595,0.2672
1781034000000,2026-06-09,19:40:00,4253.585,4253.595,4249.965,4250.735,0.295
1781034300000,2026-06-09,19:45:00,4250.965,4252.315,4249.715,4250.625,0.2921
1781034600000,2026-06-09,19:50:00,4250.625,4258.835,4250.625,4258.725,0.2901
1781034900000,2026-06-09,19:55:00,4258.765,4259.655,4256.078,4258.378,0.2654
1781035200000,2026-06-09,20:00:00,4258.625,4260.945,4255.475,4260.465,0.1825
1781035500000,2026-06-09,20:05:00,4260.458,4260.468,4257.065,4257.465,0.1348
1781035800000,2026-06-09,20:10:00,4257.435,4259.175,4256.495,4258.225,0.1003
1781036100000,2026-06-09,20:15:00,4258.195,4260.315,4257.855,4258.455,0.0794
1781036400000,2026-06-09,20:20:00,4258.535,4259.525,4257.645,4258.005,0.054
1781036700000,2026-06-09,20:25:00,4258.205,4259.805,4257.865,4258.955,0.0457
1781037000000,2026-06-09,20:30:00,4258.815,4259.075,4257.515,4257.785,0.042
1781037300000,2026-06-09,20:35:00,4257.695,4260.755,4257.695,4260.145,0.0483
1781037600000,2026-06-09,20:40:00,4260.325,4261.795,4259.938,4261.135,0.0557
1781037900000,2026-06-09,20:45:00,4261.185,4261.945,4260.215,4261.505,0.0556
1781038200000,2026-06-09,20:50:00,4261.408,4261.545,4259.338,4260.125,0.0405
1781038500000,2026-06-09,20:55:00,4260.105,4260.935,4259.095,4260.635,0.0476
1781042400000,2026-06-09,22:00:00,4252.015,4256.885,4248.595,4254.975,0.1013
1781042700000,2026-06-09,22:05:00,4254.355,4256.048,4250.385,4252.868,0.2185
1781043000000,2026-06-09,22:10:00,4252.878,4256.048,4252.568,4254.645,0.1307
1781043300000,2026-06-09,22:15:00,4254.718,4255.628,4252.435,4253.175,0.0955
1781043600000,2026-06-09,22:20:00,4253.245,4256.035,4253.035,4254.075,0.0621
1781043900000,2026-06-09,22:25:00,4254.125,4256.445,4252.735,4256.435,0.0667
1781044200000,2026-06-09,22:30:00,4256.405,4257.085,4252.255,4253.385,0.0702
1781044500000,2026-06-09,22:35:00,4253.265,4254.435,4250.175,4252.795,0.0809
1781044800000,2026-06-09,22:40:00,4252.655,4254.925,4247.355,4248.758,0.1279
1781045100000,2026-06-09,22:45:00,4248.758,4249.665,4237.028,4238.765,0.2094
1781045400000,2026-06-09,22:50:00,4238.848,4240.605,4232.185,4234.835,0.1699
1781045700000,2026-06-09,22:55:00,4234.775,4237.688,4233.568,4236.738,0.1617
1781046000000,2026-06-09,23:00:00,4236.465,4245.998,4234.938,4245.698,0.3354
1781046300000,2026-06-09,23:05:00,4245.598,4246.858,4241.128,4241.198,0.3704
1781046600000,2026-06-09,23:10:00,4241.258,4242.615,4235.495,4235.865,0.1276
1781046900000,2026-06-09,23:15:00,4235.895,4236.375,4227.635,4232.925,0.1679
1781047200000,2026-06-09,23:20:00,4232.345,4234.225,4225.248,4227.245,0.0988
1781047500000,2026-06-09,23:25:00,4227.205,4227.875,4222.775,4223.945,0.1021
1781047800000,2026-06-09,23:30:00,4224.025,4229.545,4221.455,4225.435,0.1174
1781048100000,2026-06-09,23:35:00,4225.495,4225.975,4221.305,4221.605,0.0908
1781048400000,2026-06-09,23:40:00,4221.695,4224.125,4216.245,4218.245,0.1328
1781048700000,2026-06-09,23:45:00,4218.275,4218.275,4211.005,4213.105,0.2008
1781049000000,2026-06-09,23:50:00,4213.125,4220.895,4210.115,4220.515,0.1721
1781049300000,2026-06-09,23:55:00,4220.495,4224.345,4217.505,4221.805,0.1474
1781049600000,2026-06-10,00:00:00,4221.805,4223.615,4218.075,4220.265,0.2129
1781049900000,2026-06-10,00:05:00,4220.165,4226.345,4219.005,4225.285,0.2103
1781050200000,2026-06-10,00:10:00,4224.975,4225.635,4216.345,4224.875,0.1765
1781050500000,2026-06-10,00:15:00,4224.855,4227.975,4218.095,4227.285,0.159
1781050800000,2026-06-10,00:20:00,4227.175,4228.105,4223.028,4224.905,0.1645
1781051100000,2026-06-10,00:25:00,4224.945,4225.365,4217.645,4217.645,0.1607
1781051400000,2026-06-10,00:30:00,4217.695,4218.855,4205.775,4206.225,0.2392
1781051700000,2026-06-10,00:35:00,4205.935,4209.398,4201.458,4207.495,0.2467
1781052000000,2026-06-10,00:40:00,4207.535,4208.045,4198.705,4203.875,0.2149
1781052300000,2026-06-10,00:45:00,4204.095,4205.715,4199.555,4203.405,0.2194
1781052600000,2026-06-10,00:50:00,4203.355,4208.365,4200.235,4207.205,0.245
1781052900000,2026-06-10,00:55:00,4207.215,4220.685,4207.155,4217.975,0.2568
1781053200000,2026-06-10,01:00:00,4217.955,4218.545,4194.245,4194.245,0.3363
1781053500000,2026-06-10,01:05:00,4194.248,4199.365,4186.848,4194.915,0.3345
1781053800000,2026-06-10,01:10:00,4195.275,4206.385,4193.445,4203.075,0.231
1781054100000,2026-06-10,01:15:00,4203.045,4216.435,4200.365,4213.025,0.2505
1781054400000,2026-06-10,01:20:00,4213.295,4213.345,4198.865,4200.558,0.218
1781054700000,2026-06-10,01:25:00,4200.558,4204.125,4197.095,4201.615,0.19
1781055000000,2026-06-10,01:30:00,4201.585,4204.635,4196.015,4202.315,0.27
1781055300000,2026-06-10,01:35:00,4202.255,4206.855,4197.555,4200.465,0.2461
1781055600000,2026-06-10,01:40:00,4200.495,4202.025,4184.435,4187.078,0.2828
1781055900000,2026-06-10,01:45:00,4186.935,4193.495,4184.465,4192.725,0.2788
1781056200000,2026-06-10,01:50:00,4192.615,4195.375,4183.545,4191.805,0.2563
1781056500000,2026-06-10,01:55:00,4191.805,4192.615,4187.128,4188.525,0.2012
1781056800000,2026-06-10,02:00:00,4188.575,4191.655,4183.835,4186.765,0.1877
1781057100000,2026-06-10,02:05:00,4186.905,4186.935,4179.375,4180.935,0.2062
1781057400000,2026-06-10,02:10:00,4180.875,4186.275,4179.595,4182.555,0.1808
1781057700000,2026-06-10,02:15:00,4182.685,4186.405,4179.535,4180.785,0.173
1781058000000,2026-06-10,02:20:00,4180.805,4187.055,4179.945,4183.155,0.1636
1781058300000,2026-06-10,02:25:00,4183.145,4188.235,4177.918,4187.805,0.2082
1781058600000,2026-06-10,02:30:00,4187.755,4192.295,4173.778,4179.155,0.292
1781058900000,2026-06-10,02:35:00,4179.075,4189.335,4178.625,4184.395,0.2267
1781059200000,2026-06-10,02:40:00,4184.585,4189.315,4179.898,4184.115,0.2323
1781059500000,2026-06-10,02:45:00,4184.115,4190.335,4183.305,4187.295,0.2533
1781059800000,2026-06-10,02:50:00,4187.235,4188.305,4173.618,4174.615,0.2781
1781060100000,2026-06-10,02:55:00,4174.555,4176.485,4173.058,4173.775,0.2361
1781060400000,2026-06-10,03:00:00,4173.735,4177.005,4172.548,4176.645,0.2639
1781060700000,2026-06-10,03:05:00,4176.605,4180.498,4173.685,4175.095,0.2548
1781061000000,2026-06-10,03:10:00,4175.055,4178.325,4173.695,4177.815,0.1815
1781061300000,2026-06-10,03:15:00,4178.005,4180.958,4175.185,4175.705,0.1741
1781061600000,2026-06-10,03:20:00,4175.645,4176.175,4173.375,4174.935,0.1476
1781061900000,2026-06-10,03:25:00,4174.845,4180.095,4174.635,4176.805,0.1547
1781062200000,2026-06-10,03:30:00,4176.775,4180.535,4175.995,4180.255,0.1644
1781062500000,2026-06-10,03:35:00,4180.235,4182.755,4176.325,4180.155,0.1532
1781062800000,2026-06-10,03:40:00,4180.085,4182.358,4177.875,4179.675,0.1311
1781063100000,2026-06-10,03:45:00,4179.705,4186.195,4179.415,4185.255,0.163
1781063400000,2026-06-10,03:50:00,4185.235,4185.925,4181.915,4184.745,0.148
1781063700000,2026-06-10,03:55:00,4184.725,4184.885,4181.535,4184.625,0.1512
1781064000000,2026-06-10,04:00:00,4184.625,4186.995,4181.825,4186.125,0.1413
1781064300000,2026-06-10,04:05:00,4186.105,4186.415,4181.805,4184.085,0.111
1781064600000,2026-06-10,04:10:00,4184.105,4184.175,4180.505,4180.975,0.088
1781064900000,2026-06-10,04:15:00,4180.925,4182.075,4178.595,4181.295,0.1134
1781065200000,2026-06-10,04:20:00,4181.255,4182.735,4176.085,4178.145,0.1592
1781065500000,2026-06-10,04:25:00,4178.095,4180.265,4173.395,4174.235,0.1639
1781065800000,2026-06-10,04:30:00,4174.195,4175.165,4172.725,4174.195,0.1799
1781066100000,2026-06-10,04:35:00,4174.225,4175.455,4172.795,4174.575,0.1678
1781066400000,2026-06-10,04:40:00,4174.605,4175.025,4172.758,4173.255,0.1584
1781066700000,2026-06-10,04:45:00,4173.565,4175.005,4172.135,4173.665,0.156
1781067000000,2026-06-10,04:50:00,4173.635,4175.618,4173.375,4174.745,0.1592
1781067300000,2026-06-10,04:55:00,4174.975,4175.685,4173.365,4174.485,0.1217
1781067600000,2026-06-10,05:00:00,4174.525,4178.005,4173.045,4174.405,0.2005
1781067900000,2026-06-10,05:05:00,4174.395,4178.665,4173.465,4176.325,0.175
1781068200000,2026-06-10,05:10:00,4176.255,4180.415,4175.235,4179.475,0.1128
1781068500000,2026-06-10,05:15:00,4179.455,4180.135,4175.185,4176.365,0.138
1781068800000,2026-06-10,05:20:00,4176.415,4182.995,4175.655,4180.405,0.1496
1781069100000,2026-06-10,05:25:00,4180.395,4187.025,4179.295,4186.805,0.1782
1781069400000,2026-06-10,05:30:00,4186.755,4192.995,4181.375,4190.815,0.294
1781069700000,2026-06-10,05:35:00,4190.785,4194.725,4187.595,4194.205,0.2453
1781070000000,2026-06-10,05:40:00,4194.205,4198.845,4193.185,4197.875,0.2481
1781070300000,2026-06-10,05:45:00,4197.935,4205.525,4197.115,4202.555,0.2262
1781070600000,2026-06-10,05:50:00,4202.635,4206.285,4200.225,4203.455,0.2259
1781070900000,2026-06-10,05:55:00,4203.485,4208.825,4203.465,4204.885,0.2315
1781071200000,2026-06-10,06:00:00,4204.915,4212.375,4204.915,4210.925,0.2044
1781071500000,2026-06-10,06:05:00,4210.925,4221.558,4209.085,4213.945,0.2294
1781071800000,2026-06-10,06:10:00,4213.975,4215.905,4209.025,4212.705,0.2133
1781072100000,2026-06-10,06:15:00,4212.725,4215.255,4210.895,4214.145,0.1563
1781072400000,2026-06-10,06:20:00,4214.155,4216.525,4208.065,4208.865,0.1753
1781072700000,2026-06-10,06:25:00,4208.825,4215.795,4208.825,4211.475,0.1594
1781073000000,2026-06-10,06:30:00,4211.265,4213.215,4207.865,4210.225,0.1468
1781073300000,2026-06-10,06:35:00,4210.145,4212.025,4207.595,4208.865,0.1426
1781073600000,2026-06-10,06:40:00,4208.845,4209.185,4204.665,4207.305,0.1477
1781073900000,2026-06-10,06:45:00,4207.395,4209.655,4202.965,4202.995,0.1385
1781074200000,2026-06-10,06:50:00,4203.125,4206.495,4201.585,4201.845,0.1241
1781074500000,2026-06-10,06:55:00,4201.885,4205.745,4201.428,4203.775,0.1706
1781074800000,2026-06-10,07:00:00,4203.525,4205.535,4201.095,4203.475,0.2102
1781075100000,2026-06-10,07:05:00,4203.435,4207.565,4202.085,4207.005,0.1672
1781075400000,2026-06-10,07:10:00,4207.065,4207.875,4197.115,4200.135,0.1748
1781075700000,2026-06-10,07:15:00,4200.205,4202.875,4197.715,4198.495,0.1461
1781076000000,2026-06-10,07:20:00,4198.435,4203.655,4197.975,4198.985,0.1408
1781076300000,2026-06-10,07:25:00,4198.945,4198.945,4193.365,4194.775,0.1726
1781076600000,2026-06-10,07:30:00,4194.715,4197.055,4191.585,4194.585,0.1789
1781076900000,2026-06-10,07:35:00,4194.585,4195.405,4190.015,4190.505,0.1686
1781077200000,2026-06-10,07:40:00,4190.535,4193.335,4187.815,4189.545,0.1704
1781077500000,2026-06-10,07:45:00,4189.495,4192.875,4189.105,4190.265,0.1838
1781077800000,2026-06-10,07:50:00,4190.235,4190.235,4181.345,4181.965,0.2107
1781078100000,2026-06-10,07:55:00,4181.965,4187.615,4181.405,4185.885,0.1761
1781078400000,2026-06-10,08:00:00,4185.865,4187.235,4161.205,4164.035,0.2974
1781078700000,2026-06-10,08:05:00,4164.055,4171.265,4161.745,4167.325,0.2694
1781079000000,2026-06-10,08:10:00,4167.275,4172.245,4161.255,4166.405,0.2392
1781079300000,2026-06-10,08:15:00,4166.635,4178.865,4166.035,4173.315,0.2359
1781079600000,2026-06-10,08:20:00,4173.505,4174.445,4168.005,4170.835,0.2115
1781079900000,2026-06-10,08:25:00,4170.985,4173.575,4169.115,4172.155,0.2204
1781080200000,2026-06-10,08:30:00,4172.075,4172.075,4166.205,4167.925,0.1988
1781080500000,2026-06-10,08:35:00,4167.975,4175.725,4167.975,4172.725,0.2045
1781080800000,2026-06-10,08:40:00,4172.925,4179.135,4169.855,4170.365,0.2022
1781081100000,2026-06-10,08:45:00,4170.345,4174.505,4166.265,4174.115,0.2617
1781081400000,2026-06-10,08:50:00,4174.385,4176.315,4170.805,4170.995,0.2241
1781081700000,2026-06-10,08:55:00,4170.975,4172.655,4167.495,4168.865,0.2113
1781082000000,2026-06-10,09:00:00,4168.905,4169.495,4165.205,4167.085,0.2015
1781082300000,2026-06-10,09:05:00,4167.075,4171.635,4166.245,4170.275,0.1794
1781082600000,2026-06-10,09:10:00,4170.245,4173.935,4164.675,4164.905,0.184
1781082900000,2026-06-10,09:15:00,4164.825,4174.795,4164.245,4171.105,0.2189
1781083200000,2026-06-10,09:20:00,4171.035,4171.035,4165.805,4168.185,0.185
1781083500000,2026-06-10,09:25:00,4168.185,4171.825,4164.165,4166.025,0.1999
1781083800000,2026-06-10,09:30:00,4165.855,4177.265,4165.625,4176.695,0.2283
1781084100000,2026-06-10,09:35:00,4176.565,4179.335,4170.615,4172.295,0.2005
1781084400000,2026-06-10,09:40:00,4172.295,4172.645,4167.678,4171.335,0.2193
1781084700000,2026-06-10,09:45:00,4171.335,4174.715,4165.915,4168.045,0.1958
1781085000000,2026-06-10,09:50:00,4167.985,4168.505,4162.885,4165.895,0.1898
1781085300000,2026-06-10,09:55:00,4165.845,4169.075,4165.175,4168.545,0.1628
1781085600000,2026-06-10,10:00:00,4168.545,4171.015,4167.325,4169.145,0.1521
1781085900000,2026-06-10,10:05:00,4169.185,4169.495,4155.435,4159.405,0.1854
1781086200000,2026-06-10,10:10:00,4159.405,4162.185,4155.535,4160.865,0.1688
1781086500000,2026-06-10,10:15:00,4160.865,4164.735,4159.525,4164.315,0.158
1781086800000,2026-06-10,10:20:00,4164.365,4169.688,4163.515,4166.515,0.1657
1781087100000,2026-06-10,10:25:00,4166.515,4169.265,4162.425,4164.985,0.1512
1781087400000,2026-06-10,10:30:00,4164.755,4168.775,4163.685,4164.945,0.1812
1781087700000,2026-06-10,10:35:00,4164.835,4168.965,4164.275,4167.185,0.1626
1781088000000,2026-06-10,10:40:00,4167.205,4171.175,4163.935,4171.175,0.1686
1781088300000,2026-06-10,10:45:00,4171.155,4177.495,4169.545,4177.355,0.1611
1781088600000,2026-06-10,10:50:00,4177.315,4178.645,4171.255,4171.625,0.1661
1781088900000,2026-06-10,10:55:00,4171.485,4178.225,4171.425,4174.435,0.2113
1781089200000,2026-06-10,11:00:00,4174.415,4175.895,4159.915,4161.295,0.2291
1781089500000,2026-06-10,11:05:00,4161.135,4164.485,4153.285,4161.155,0.3324
1781089800000,2026-06-10,11:10:00,4161.185,4169.005,4160.835,4168.405,0.2628
1781090100000,2026-06-10,11:15:00,4168.265,4171.535,4164.405,4164.585,0.2259
1781090400000,2026-06-10,11:20:00,4164.545,4170.535,4163.105,4163.135,0.2289
1781090700000,2026-06-10,11:25:00,4163.115,4166.675,4156.655,4166.415,0.2919
1781091000000,2026-06-10,11:30:00,4166.265,4167.815,4160.965,4164.715,0.2665
1781091300000,2026-06-10,11:35:00,4164.695,4165.505,4156.155,4156.255,0.2641
1781091600000,2026-06-10,11:40:00,4156.215,4159.915,4154.085,4154.205,0.251
1781091900000,2026-06-10,11:45:00,4154.175,4155.675,4152.345,4155.565,0.2356
1781092200000,2026-06-10,11:50:00,4155.565,4163.355,4153.495,4154.435,0.2609
1781092500000,2026-06-10,11:55:00,4154.485,4155.615,4145.665,4147.505,0.2572
1781092800000,2026-06-10,12:00:00,4147.535,4152.375,4145.385,4146.905,0.2484
1781093100000,2026-06-10,12:05:00,4146.945,4150.615,4144.475,4144.865,0.2122
1781093400000,2026-06-10,12:10:00,4144.605,4145.005,4134.355,4136.055,0.2729
1781093700000,2026-06-10,12:15:00,4136.035,4142.695,4135.405,4136.335,0.2241
1781094000000,2026-06-10,12:20:00,4136.375,4137.285,4133.775,4134.435,0.2241
1781094300000,2026-06-10,12:25:00,4134.415,4141.785,4130.345,4140.908,0.2503
1781094600000,2026-06-10,12:30:00,4141.098,4173.561,4137.225,4162.115,0.439
1781094900000,2026-06-10,12:35:00,4162.415,4172.805,4155.745,4160.538,0.3686
1781095200000,2026-06-10,12:40:00,4160.735,4166.625,4154.855,4160.005,0.3978
1781095500000,2026-06-10,12:45:00,4160.375,4169.185,4155.895,4157.465,0.4049
1781095800000,2026-06-10,12:50:00,4157.555,4158.095,4148.555,4151.555,0.3407
1781096100000,2026-06-10,12:55:00,4151.575,4152.555,4141.995,4146.675,0.3403
1781096400000,2026-06-10,13:00:00,4147.225,4156.155,4144.655,4152.895,0.3764
1781096700000,2026-06-10,13:05:00,4152.965,4157.795,4148.165,4154.075,0.3243
1781097000000,2026-06-10,13:10:00,4154.355,4157.105,4148.555,4151.075,0.2379
1781097300000,2026-06-10,13:15:00,4151.075,4151.075,4134.025,4135.445,0.2893
1781097600000,2026-06-10,13:20:00,4135.515,4146.115,4132.678,4144.025,0.2483
1781097900000,2026-06-10,13:25:00,4143.828,4150.725,4142.995,4149.595,0.2342
1781098200000,2026-06-10,13:30:00,4148.985,4153.475,4142.595,4142.915,0.3689
1781098500000,2026-06-10,13:35:00,4142.895,4168.705,4141.765,4166.025,0.3891
1781098800000,2026-06-10,13:40:00,4165.885,4178.885,4163.295,4178.885,0.3324
1781099100000,2026-06-10,13:45:00,4179.135,4185.498,4173.665,4185.498,0.3627
1781099400000,2026-06-10,13:50:00,4185.595,4186.125,4175.945,4179.925,0.3698
1781099700000,2026-06-10,13:55:00,4180.275,4183.915,4175.185,4179.455,0.3553
1781100000000,2026-06-10,14:00:00,4179.475,4180.635,4170.525,4171.285,0.3698
1781100300000,2026-06-10,14:05:00,4171.215,4176.505,4169.855,4173.275,0.334
1781100600000,2026-06-10,14:10:00,4173.295,4179.985,4170.435,4173.965,0.307
1781100900000,2026-06-10,14:15:00,4174.115,4175.265,4167.195,4168.165,0.2933
1781101200000,2026-06-10,14:20:00,4168.075,4172.665,4162.485,4169.425,0.3075
1781101500000,2026-06-10,14:25:00,4169.455,4171.425,4159.415,4160.895,0.328
1781101800000,2026-06-10,14:30:00,4160.865,4163.155,4155.265,4160.015,0.3129
1781102100000,2026-06-10,14:35:00,4160.035,4162.345,4152.645,4157.625,0.3199
1781102400000,2026-06-10,14:40:00,4157.595,4161.355,4149.665,4149.795,0.305
1781102700000,2026-06-10,14:45:00,4149.775,4151.585,4137.945,4140.465,0.3578
1781103000000,2026-06-10,14:50:00,4140.485,4142.775,4137.245,4137.805,0.323
1781103300000,2026-06-10,14:55:00,4137.835,4138.325,4117.588,4124.755,0.3839
1781103600000,2026-06-10,15:00:00,4124.745,4136.375,4122.765,4128.895,0.3566
1781103900000,2026-06-10,15:05:00,4128.935,4129.155,4121.715,4126.335,0.3062
1781104200000,2026-06-10,15:10:00,4126.375,4127.275,4118.828,4123.065,0.3413
1781104500000,2026-06-10,15:15:00,4123.115,4123.835,4112.955,4115.345,0.3571
1781104800000,2026-06-10,15:20:00,4115.368,4134.355,4115.135,4130.395,0.4145
1781105100000,2026-06-10,15:25:00,4130.365,4136.815,4127.395,4127.515,0.3357
1781105400000,2026-06-10,15:30:00,4127.555,4131.015,4123.565,4128.005,0.3356
1781105700000,2026-06-10,15:35:00,4128.105,4130.635,4122.415,4124.445,0.3023
1781106000000,2026-06-10,15:40:00,4124.405,4129.935,4121.825,4128.475,0.3102
1781106300000,2026-06-10,15:45:00,4128.585,4130.915,4108.175,4117.995,0.3372
1781106600000,2026-06-10,15:50:00,4117.885,4125.515,4106.595,4120.135,0.3748
1781106900000,2026-06-10,15:55:00,4120.205,4128.885,4115.155,4128.715,0.3399
1781107200000,2026-06-10,16:00:00,4128.675,4131.635,4122.725,4126.615,0.323
1781107500000,2026-06-10,16:05:00,4126.625,4131.155,4124.125,4129.885,0.3039
1781107800000,2026-06-10,16:10:00,4129.975,4132.785,4124.885,4129.025,0.2846
1781108100000,2026-06-10,16:15:00,4129.005,4133.815,4127.658,4132.645,0.2696
1781108400000,2026-06-10,16:20:00,4132.775,4135.115,4128.098,4129.595,0.2747
1781108700000,2026-06-10,16:25:00,4129.525,4132.225,4125.638,4127.285,0.2492
1781109000000,2026-06-10,16:30:00,4127.435,4129.825,4120.825,4129.145,0.2787
1781109300000,2026-06-10,16:35:00,4129.165,4131.945,4125.785,4127.675,0.2856
1781109600000,2026-06-10,16:40:00,4127.705,4128.145,4120.215,4121.955,0.2679
1781109900000,2026-06-10,16:45:00,4121.935,4122.675,4115.685,4120.245,0.2784
1781110200000,2026-06-10,16:50:00,4120.115,4122.955,4117.805,4120.095,0.25
1781110500000,2026-06-10,16:55:00,4120.095,4122.348,4116.975,4121.765,0.2692
1781110800000,2026-06-10,17:00:00,4121.795,4134.805,4121.115,4131.955,0.2972
1781111100000,2026-06-10,17:05:00,4131.895,4132.165,4118.785,4119.905,0.2495
1781111400000,2026-06-10,17:10:00,4119.855,4120.215,4114.625,4117.855,0.2436
1781111700000,2026-06-10,17:15:00,4117.855,4120.055,4113.025,4113.665,0.23
1781112000000,2026-06-10,17:20:00,4113.555,4116.205,4109.865,4111.635,0.2772
1781112300000,2026-06-10,17:25:00,4111.625,4115.215,4109.005,4110.935,0.3099
1781112600000,2026-06-10,17:30:00,4110.985,4112.275,4105.575,4110.925,0.2868
1781112900000,2026-06-10,17:35:00,4110.945,4111.775,4104.805,4105.185,0.2368
1781113200000,2026-06-10,17:40:00,4105.185,4106.145,4101.658,4102.015,0.2422
1781113500000,2026-06-10,17:45:00,4102.065,4112.365,4100.535,4111.165,0.3044
1781113800000,2026-06-10,17:50:00,4111.098,4113.005,4104.425,4109.625,0.3024
1781114100000,2026-06-10,17:55:00,4109.605,4113.495,4109.085,4111.485,0.2532
1781114400000,2026-06-10,18:00:00,4111.615,4120.235,4111.485,4119.525,0.2622
1781114700000,2026-06-10,18:05:00,4119.555,4120.325,4114.185,4114.215,0.2354
1781115000000,2026-06-10,18:10:00,4114.265,4117.535,4114.265,4115.745,0.1966
1781115300000,2026-06-10,18:15:00,4115.725,4118.005,4110.138,4112.255,0.2137
1781115600000,2026-06-10,18:20:00,4112.375,4114.895,4110.838,4112.605,0.2099
1781115900000,2026-06-10,18:25:00,4112.665,4114.805,4109.435,4112.155,0.2096
1781116200000,2026-06-10,18:30:00,4112.125,4112.525,4108.768,4109.035,0.2047
1781116500000,2026-06-10,18:35:00,4109.025,4109.735,4106.425,4107.195,0.2457
1781116800000,2026-06-10,18:40:00,4107.255,4109.685,4104.415,4104.775,0.2554
1781117100000,2026-06-10,18:45:00,4104.765,4107.615,4103.955,4104.175,0.2084
1781117400000,2026-06-10,18:50:00,4104.215,4104.245,4096.848,4101.245,0.2401
1781117700000,2026-06-10,18:55:00,4101.195,4102.905,4099.005,4101.335,0.2135
1781118000000,2026-06-10,19:00:00,4101.475,4101.885,4095.618,4095.985,0.22
1781118300000,2026-06-10,19:05:00,4096.035,4099.155,4094.645,4094.725,0.2176
1781118600000,2026-06-10,19:10:00,4094.755,4094.825,4086.865,4088.765,0.2061
1781118900000,2026-06-10,19:15:00,4088.855,4091.865,4087.315,4089.615,0.1916
1781119200000,2026-06-10,19:20:00,4089.655,4089.935,4082.285,4084.695,0.2522
1781119500000,2026-06-10,19:25:00,4084.708,4085.805,4081.405,4084.578,0.4146
1781119800000,2026-06-10,19:30:00,4084.578,4088.885,4083.595,4086.145,0.3488
1781120100000,2026-06-10,19:35:00,4086.155,4086.958,4082.028,4086.108,0.3257
1781120400000,2026-06-10,19:40:00,4086.108,4091.815,4085.925,4091.388,0.3168
1781120700000,2026-06-10,19:45:00,4091.405,4092.455,4085.478,4088.148,0.3075
1781121000000,2026-06-10,19:50:00,4088.148,4091.565,4085.695,4087.088,0.34
1781121300000,2026-06-10,19:55:00,4087.005,4087.005,4081.548,4082.505,0.3383
1781121600000,2026-06-10,20:00:00,4082.405,4082.945,4074.838,4077.328,0.2759
1781121900000,2026-06-10,20:05:00,4077.328,4077.815,4069.745,4070.928,0.233
1781122200000,2026-06-10,20:10:00,4070.938,4073.505,4069.025,4071.928,0.1821
1781122500000,2026-06-10,20:15:00,4071.928,4074.495,4070.965,4073.725,0.1329
1781122800000,2026-06-10,20:20:00,4073.745,4076.835,4072.895,4076.185,0.0749
1781123100000,2026-06-10,20:25:00,4076.378,4079.935,4075.895,4078.255,0.0727
1781123400000,2026-06-10,20:30:00,4078.165,4078.165,4074.345,4075.925,0.0825
1781123700000,2026-06-10,20:35:00,4075.895,4078.045,4073.615,4076.255,0.0687
1781124000000,2026-06-10,20:40:00,4076.205,4076.205,4071.185,4072.615,0.0862
1781124300000,2026-06-10,20:45:00,4072.408,4072.545,4067.248,4067.645,0.1128
1781124600000,2026-06-10,20:50:00,4067.695,4069.055,4066.945,4068.895,0.0841
1781124900000,2026-06-10,20:55:00,4068.955,4072.025,4068.915,4071.955,0.076
1781128800000,2026-06-10,22:00:00,4068.698,4072.505,4058.315,4063.125,0.1312
1781129100000,2026-06-10,22:05:00,4063.085,4063.275,4050.298,4050.798,0.1441
1781129400000,2026-06-10,22:10:00,4050.485,4056.895,4049.875,4055.835,0.139
1781129700000,2026-06-10,22:15:00,4055.885,4056.815,4042.655,4047.315,0.2168
1781130000000,2026-06-10,22:20:00,4047.285,4047.445,4035.715,4038.098,0.1744
1781130300000,2026-06-10,22:25:00,4038.098,4044.665,4035.805,4044.365,0.1428
1781130600000,2026-06-10,22:30:00,4044.435,4054.195,4044.165,4050.365,0.1486
1781130900000,2026-06-10,22:35:00,4050.155,4066.145,4050.145,4065.155,0.1264
1781131200000,2026-06-10,22:40:00,4065.105,4068.905,4060.095,4062.615,0.1303
1781131500000,2026-06-10,22:45:00,4062.605,4066.525,4057.735,4061.835,0.131
1781131800000,2026-06-10,22:50:00,4061.855,4064.085,4051.885,4053.535,0.1358
1781132100000,2026-06-10,22:55:00,4053.955,4054.115,4044.888,4045.748,0.1826
1781132400000,2026-06-10,23:00:00,4045.685,4053.198,4043.675,4049.018,0.2961
1781132700000,2026-06-10,23:05:00,4049.078,4049.718,4038.338,4039.898,0.2641
1781133000000,2026-06-10,23:10:00,4039.828,4042.305,4023.585,4029.495,0.1803
1781133300000,2026-06-10,23:15:00,4029.575,4041.715,4024.838,4038.505,0.1905
1781133600000,2026-06-10,23:20:00,4039.501,4047.285,4036.795,4043.245,0.2401
1781133900000,2026-06-10,23:25:00,4043.205,4064.555,4041.555,4061.295,0.2112
1781134200000,2026-06-10,23:30:00,4061.265,4063.685,4056.085,4057.715,0.1634
1781134500000,2026-06-10,23:35:00,4057.745,4063.375,4056.805,4060.475,0.112
1781134800000,2026-06-10,23:40:00,4060.495,4064.225,4054.575,4055.975,0.1288
1781135100000,2026-06-10,23:45:00,4055.995,4057.145,4048.795,4049.895,0.1711
1781135400000,2026-06-10,23:50:00,4049.875,4052.105,4048.875,4050.785,0.125
1781135700000,2026-06-10,23:55:00,4050.705,4051.995,4044.295,4046.855,0.1702
1781136000000,2026-06-11,00:00:00,4047.105,4059.235,4040.825,4043.445,0.2833
1781136300000,2026-06-11,00:05:00,4043.395,4050.055,4039.635,4042.865,0.2885
1781136600000,2026-06-11,00:10:00,4042.845,4055.605,4035.848,4051.945,0.2987
1781136900000,2026-06-11,00:15:00,4051.985,4072.465,4049.475,4064.835,0.3848
1781137200000,2026-06-11,00:20:00,4064.865,4070.225,4060.898,4061.245,0.2996
1781137500000,2026-06-11,00:25:00,4061.515,4070.665,4057.045,4067.405,0.2589
1781137800000,2026-06-11,00:30:00,4067.365,4076.525,4061.395,4063.985,0.2549
1781138100000,2026-06-11,00:35:00,4063.945,4068.645,4058.885,4063.155,0.2016
1781138400000,2026-06-11,00:40:00,4063.075,4074.505,4061.815,4063.205,0.172
1781138700000,2026-06-11,00:45:00,4063.135,4071.685,4062.865,4071.135,0.1838
1781139000000,2026-06-11,00:50:00,4071.085,4074.915,4068.405,4068.975,0.2025
1781139300000,2026-06-11,00:55:00,4069.025,4077.745,4068.695,4075.545,0.2161
1781139600000,2026-06-11,01:00:00,4075.495,4089.855,4072.305,4078.595,0.4044
1781139900000,2026-06-11,01:05:00,4078.555,4081.865,4065.975,4078.345,0.3637
1781140200000,2026-06-11,01:10:00,4078.295,4089.295,4078.265,4086.515,0.3174
1781140500000,2026-06-11,01:15:00,4086.465,4099.715,4085.335,4093.715,0.3336
1781140800000,2026-06-11,01:20:00,4093.155,4102.658,4091.985,4102.305,0.3
1781141100000,2026-06-11,01:25:00,4102.255,4108.415,4101.458,4104.205,0.3556
1781141400000,2026-06-11,01:30:00,4104.305,4112.625,4103.755,4110.535,0.2759
1781141700000,2026-06-11,01:35:00,4110.605,4115.035,4109.265,4114.565,0.2746
1781142000000,2026-06-11,01:40:00,4114.565,4117.895,4109.955,4113.295,0.2782
1781142300000,2026-06-11,01:45:00,4113.295,4116.905,4105.985,4110.225,0.2633
1781142600000,2026-06-11,01:50:00,4110.195,4111.075,4103.255,4103.745,0.2382
1781142900000,2026-06-11,01:55:00,4103.438,4103.545,4097.705,4101.655,0.2479
1781143200000,2026-06-11,02:00:00,4101.765,4102.395,4094.275,4100.415,0.2973
1781143500000,2026-06-11,02:05:00,4100.475,4100.475,4091.825,4094.425,0.2633
1781143800000,2026-06-11,02:10:00,4094.425,4097.275,4088.965,4089.275,0.2607
1781144100000,2026-06-11,02:15:00,4089.365,4095.565,4087.495,4093.655,0.2033
1781144400000,2026-06-11,02:20:00,4093.615,4094.205,4088.625,4089.735,0.1995
1781144700000,2026-06-11,02:25:00,4089.698,4089.795,4081.335,4082.125,0.2221
1781145000000,2026-06-11,02:30:00,4082.145,4084.825,4070.955,4072.965,0.4935
1781145300000,2026-06-11,02:35:00,4072.875,4075.955,4064.655,4066.675,0.3308
1781145600000,2026-06-11,02:40:00,4066.615,4067.525,4054.815,4059.175,0.3481
1781145900000,2026-06-11,02:45:00,4059.158,4059.815,4052.005,4054.615,0.291
1781146200000,2026-06-11,02:50:00,4054.615,4063.745,4054.615,4062.365,0.2756
1781146500000,2026-06-11,02:55:00,4062.235,4073.175,4061.818,4067.535,0.2489
1781146800000,2026-06-11,03:00:00,4067.465,4075.435,4067.435,4074.745,0.2596
1781147100000,2026-06-11,03:05:00,4074.915,4078.255,4069.455,4076.165,0.259
1781147400000,2026-06-11,03:10:00,4075.695,4075.695,4064.175,4065.175,0.2383
1781147700000,2026-06-11,03:15:00,4065.375,4071.075,4064.985,4065.245,0.2465
1781148000000,2026-06-11,03:20:00,4065.215,4065.445,4059.658,4062.515,0.3012
1781148300000,2026-06-11,03:25:00,4062.595,4063.865,4056.655,4062.905,0.246
1781148600000,2026-06-11,03:30:00,4062.945,4067.755,4062.195,4067.005,0.2045
1781148900000,2026-06-11,03:35:00,4067.145,4070.025,4064.065,4069.975,0.1791
1781149200000,2026-06-11,03:40:00,4070.025,4071.448,4065.685,4067.065,0.1916
1781149500000,2026-06-11,03:45:00,4067.155,4068.518,4064.648,4065.315,0.1631
1781149800000,2026-06-11,03:50:00,4065.315,4075.135,4064.555,4072.765,0.2012
1781150100000,2026-06-11,03:55:00,4072.785,4074.965,4071.645,4072.485,0.1497
1781150400000,2026-06-11,04:00:00,4072.535,4075.495,4071.075,4072.375,0.214
1781150700000,2026-06-11,04:05:00,4072.395,4079.755,4069.725,4079.755,0.2031
1781151000000,2026-06-11,04:10:00,4079.765,4082.885,4077.835,4082.405,0.1855
1781151300000,2026-06-11,04:15:00,4082.425,4083.225,4078.835,4081.355,0.1728
1781151600000,2026-06-11,04:20:00,4081.325,4085.225,4079.895,4080.855,0.1711
1781151900000,2026-06-11,04:25:00,4080.758,4081.925,4075.905,4077.328,0.1819
1781152200000,2026-06-11,04:30:00,4077.328,4083.505,4077.285,4077.448,0.1434
1781152500000,2026-06-11,04:35:00,4077.425,4079.345,4074.225,4078.245,0.1469
1781152800000,2026-06-11,04:40:00,4078.265,4083.648,4078.058,4081.755,0.1599
1781153100000,2026-06-11,04:45:00,4081.848,4085.595,4081.705,4083.055,0.1637
1781153400000,2026-06-11,04:50:00,4083.055,4085.118,4079.265,4083.505,0.158
1781153700000,2026-06-11,04:55:00,4083.505,4084.645,4081.095,4082.255,0.1448
1781154000000,2026-06-11,05:00:00,4082.365,4082.875,4075.105,4077.535,0.2108
1781154300000,2026-06-11,05:05:00,4077.845,4080.285,4075.225,4079.025,0.1832
1781154600000,2026-06-11,05:10:00,4079.045,4079.365,4076.235,4077.055,0.1505
1781154900000,2026-06-11,05:15:00,4077.035,4080.875,4074.875,4079.058,0.1831
1781155200000,2026-06-11,05:20:00,4078.735,4080.985,4075.935,4076.755,0.17
1781155500000,2026-06-11,05:25:00,4076.755,4079.755,4072.278,4074.785,0.2079
1781155800000,2026-06-11,05:30:00,4075.015,4095.678,4074.315,4094.818,0.3704
1781156100000,2026-06-11,05:35:00,4094.815,4096.185,4090.235,4093.405,0.2552
1781156400000,2026-06-11,05:40:00,4093.815,4099.285,4093.525,4099.105,0.2261
1781156700000,2026-06-11,05:45:00,4099.005,4106.045,4096.285,4100.205,0.2526
1781157000000,2026-06-11,05:50:00,4099.878,4100.775,4093.235,4093.755,0.2185
1781157300000,2026-06-11,05:55:00,4093.725,4098.395,4093.315,4093.915,0.2213
1781157600000,2026-06-11,06:00:00,4093.895,4094.475,4084.215,4084.335,0.2608
1781157900000,2026-06-11,06:05:00,4084.455,4085.395,4078.555,4080.485,0.3031
1781158200000,2026-06-11,06:10:00,4080.555,4084.305,4075.975,4084.075,0.264
1781158500000,2026-06-11,06:15:00,4084.085,4088.095,4081.505,4086.305,0.2248
1781158800000,2026-06-11,06:20:00,4086.515,4091.095,4086.415,4090.875,0.2101
1781159100000,2026-06-11,06:25:00,4090.895,4092.625,4085.825,4086.385,0.2266
1781159400000,2026-06-11,06:30:00,4086.385,4087.665,4083.645,4083.945,0.1725
1781159700000,2026-06-11,06:35:00,4083.975,4091.045,4082.895,4088.075,0.1632
1781160000000,2026-06-11,06:40:00,4088.035,4092.685,4086.765,4092.575,0.1155
1781160300000,2026-06-11,06:45:00,4092.595,4094.045,4090.815,4091.615,0.1352
1781160600000,2026-06-11,06:50:00,4091.635,4097.355,4091.025,4097.355,0.1269
1781160900000,2026-06-11,06:55:00,4097.365,4097.365,4091.555,4094.195,0.1463
1781161200000,2026-06-11,07:00:00,4094.525,4097.645,4092.565,4094.625,0.2022
1781161500000,2026-06-11,07:05:00,4094.675,4097.435,4092.845,4093.495,0.1836
1781161800000,2026-06-11,07:10:00,4093.505,4098.265,4091.465,4096.485,0.1817
1781162100000,2026-06-11,07:15:00,4096.485,4106.115,4096.165,4104.755,0.2201
1781162400000,2026-06-11,07:20:00,4104.715,4107.995,4102.735,4107.565,0.1898
1781162700000,2026-06-11,07:25:00,4107.445,4110.105,4106.355,4107.325,0.1831
1781163000000,2026-06-11,07:30:00,4107.465,4110.405,4105.875,4107.045,0.1711
1781163300000,2026-06-11,07:35:00,4107.015,4108.835,4101.375,4104.495,0.1688
1781163600000,2026-06-11,07:40:00,4104.505,4109.275,4102.845,4107.405,0.1389
1781163900000,2026-06-11,07:45:00,4107.375,4107.955,4102.755,4102.755,0.1425
1781164200000,2026-06-11,07:50:00,4102.715,4104.055,4098.835,4102.805,0.1611
1781164500000,2026-06-11,07:55:00,4102.805,4105.885,4102.455,4104.775,0.1114
1781164800000,2026-06-11,08:00:00,4104.805,4111.915,4103.915,4105.965,0.2007
1781165100000,2026-06-11,08:05:00,4106.005,4111.961,4104.935,4111.625,0.1857
1781165400000,2026-06-11,08:10:00,4111.645,4112.485,4104.955,4106.055,0.1721
1781165700000,2026-06-11,08:15:00,4106.055,4108.315,4102.805,4105.615,0.1681
1781166000000,2026-06-11,08:20:00,4105.585,4105.635,4100.375,4102.745,0.1824
1781166300000,2026-06-11,08:25:00,4102.805,4103.465,4097.005,4097.125,0.1683
1781166600000,2026-06-11,08:30:00,4097.115,4097.845,4093.755,4095.125,0.1715
1781166900000,2026-06-11,08:35:00,4095.205,4099.395,4094.805,4095.215,0.1513
1781167200000,2026-06-11,08:40:00,4095.285,4096.725,4090.135,4090.435,0.1287
1781167500000,2026-06-11,08:45:00,4090.395,4091.915,4088.615,4089.175,0.1281
1781167800000,2026-06-11,08:50:00,4089.135,4091.665,4086.545,4086.695,0.1466
1781168100000,2026-06-11,08:55:00,4086.705,4087.655,4084.208,4084.208,0.1509
1781168400000,2026-06-11,09:00:00,4084.245,4087.025,4083.025,4085.075,0.1675
1781168700000,2026-06-11,09:05:00,4085.155,4086.985,4080.715,4080.765,0.1433
1781169000000,2026-06-11,09:10:00,4080.765,4087.305,4080.585,4086.085,0.1548
1781169300000,2026-06-11,09:15:00,4085.815,4088.835,4085.075,4086.415,0.1461
1781169600000,2026-06-11,09:20:00,4086.455,4086.515,4083.675,4084.925,0.1237
1781169900000,2026-06-11,09:25:00,4084.925,4084.975,4078.695,4079.255,0.1533
1781170200000,2026-06-11,09:30:00,4079.285,4082.845,4077.295,4080.505,0.1629
1781170500000,2026-06-11,09:35:00,4080.475,4088.475,4080.415,4088.475,0.1261
1781170800000,2026-06-11,09:40:00,4088.445,4091.685,4087.355,4091.505,0.1147
1781171100000,2026-06-11,09:45:00,4091.475,4096.235,4091.175,4093.825,0.1318
1781171400000,2026-06-11,09:50:00,4093.795,4095.875,4090.055,4093.845,0.1123
1781171700000,2026-06-11,09:55:00,4093.875,4094.695,4089.675,4091.585,0.122
1781172000000,2026-06-11,10:00:00,4091.535,4094.325,4089.515,4091.645,0.1214
1781172300000,2026-06-11,10:05:00,4091.605,4093.915,4090.345,4090.425,0.1267
1781172600000,2026-06-11,10:10:00,4090.425,4092.825,4088.165,4091.985,0.1355
1781172900000,2026-06-11,10:15:00,4091.955,4093.095,4086.625,4086.685,0.1115
1781173200000,2026-06-11,10:20:00,4086.685,4094.495,4086.685,4093.535,0.1073
1781173500000,2026-06-11,10:25:00,4093.535,4093.805,4087.505,4087.505,0.1283
1781173800000,2026-06-11,10:30:00,4087.575,4092.715,4086.375,4092.175,0.154
1781174100000,2026-06-11,10:35:00,4092.145,4092.965,4088.605,4090.805,0.0988
1781174400000,2026-06-11,10:40:00,4090.805,4092.105,4089.465,4090.385,0.0888
1781174700000,2026-06-11,10:45:00,4090.355,4091.515,4087.515,4088.385,0.0758
1781175000000,2026-06-11,10:50:00,4088.425,4092.865,4088.375,4089.575,0.0994
1781175300000,2026-06-11,10:55:00,4089.595,4091.375,4087.475,4089.825,0.13
1781175600000,2026-06-11,11:00:00,4089.805,4093.155,4086.665,4091.695,0.1675
1781175900000,2026-06-11,11:05:00,4091.785,4093.055,4088.345,4091.085,0.1659
1781176200000,2026-06-11,11:10:00,4091.135,4093.245,4086.125,4086.125,0.1499
1781176500000,2026-06-11,11:15:00,4086.045,4089.385,4084.035,4086.625,0.1768
1781176800000,2026-06-11,11:20:00,4086.575,4088.495,4083.275,4086.135,0.1721
1781177100000,2026-06-11,11:25:00,4086.165,4091.115,4084.205,4090.185,0.1686
1781177400000,2026-06-11,11:30:00,4090.185,4095.715,4087.905,4088.085,0.238
1781177700000,2026-06-11,11:35:00,4088.115,4088.885,4082.585,4083.265,0.1661
1781178000000,2026-06-11,11:40:00,4083.278,4086.835,4081.445,4084.675,0.1463
1781178300000,2026-06-11,11:45:00,4084.655,4086.115,4082.275,4084.985,0.1173
1781178600000,2026-06-11,11:50:00,4084.985,4087.445,4084.275,4086.055,0.1162
1781178900000,2026-06-11,11:55:00,4086.015,4087.335,4079.635,4080.135,0.1377
1781179200000,2026-06-11,12:00:00,4079.975,4086.965,4078.175,4086.325,0.1588
1781179500000,2026-06-11,12:05:00,4086.295,4086.695,4079.075,4079.705,0.1553
1781179800000,2026-06-11,12:10:00,4079.675,4079.675,4072.815,4076.105,0.1591
1781180100000,2026-06-11,12:15:00,4076.075,4081.875,4074.835,4074.925,0.1997
1781180400000,2026-06-11,12:20:00,4075.015,4078.115,4061.085,4069.015,0.3231
1781180700000,2026-06-11,12:25:00,4068.945,4072.805,4062.755,4068.175,0.2858
1781181000000,2026-06-11,12:30:00,4068.155,4073.675,4057.325,4062.345,0.3346
1781181300000,2026-06-11,12:35:00,4062.245,4066.775,4057.675,4065.685,0.3131
1781181600000,2026-06-11,12:40:00,4066.005,4077.085,4064.865,4073.115,0.2934
1781181900000,2026-06-11,12:45:00,4072.975,4080.985,4069.755,4077.145,0.292
1781182200000,2026-06-11,12:50:00,4077.185,4081.235,4072.795,4079.985,0.2759
1781182500000,2026-06-11,12:55:00,4079.925,4085.025,4076.655,4081.815,0.2605
1781182800000,2026-06-11,13:00:00,4081.715,4085.705,4077.825,4083.665,0.3173
1781183100000,2026-06-11,13:05:00,4083.585,4085.955,4078.605,4085.435,0.2909
1781183400000,2026-06-11,13:10:00,4085.395,4085.805,4071.825,4072.845,0.2837
1781183700000,2026-06-11,13:15:00,4072.895,4077.235,4072.548,4072.548,0.2648
1781184000000,2026-06-11,13:20:00,4072.575,4078.685,4072.545,4075.735,0.2574
1781184300000,2026-06-11,13:25:00,4075.685,4081.585,4071.905,4075.165,0.2749
1781184600000,2026-06-11,13:30:00,4075.205,4081.535,4071.735,4075.225,0.3875
1781184900000,2026-06-11,13:35:00,4075.225,4082.455,4068.055,4072.375,0.3867
1781185200000,2026-06-11,13:40:00,4072.525,4078.495,4066.795,4076.305,0.405
1781185500000,2026-06-11,13:45:00,4076.335,4092.415,4073.315,4083.395,0.3875
1781185800000,2026-06-11,13:50:00,4083.685,4092.375,4083.685,4084.815,0.368
1781186100000,2026-06-11,13:55:00,4084.835,4091.305,4082.215,4083.005,0.3934
1781186400000,2026-06-11,14:00:00,4083.185,4085.255,4075.315,4077.835,0.4633
1781186700000,2026-06-11,14:05:00,4077.665,4077.845,4059.878,4062.445,0.4287
1781187000000,2026-06-11,14:10:00,4062.355,4063.085,4052.465,4060.715,0.4587
1781187300000,2026-06-11,14:15:00,4060.815,4066.505,4055.875,4063.475,0.377
1781187600000,2026-06-11,14:20:00,4063.475,4081.875,4062.735,4079.335,0.3901
1781187900000,2026-06-11,14:25:00,4079.355,4084.665,4073.525,4074.655,0.3785
1781188200000,2026-06-11,14:30:00,4074.585,4077.595,4070.285,4072.485,0.367
1781188500000,2026-06-11,14:35:00,4072.265,4079.845,4070.955,4078.575,0.3462
1781188800000,2026-06-11,14:40:00,4078.575,4083.275,4075.945,4076.095,0.3615
1781189100000,2026-06-11,14:45:00,4076.175,4079.455,4072.615,4078.555,0.3297
1781189400000,2026-06-11,14:50:00,4078.515,4080.745,4073.545,4076.795,0.3439
1781189700000,2026-06-11,14:55:00,4076.795,4078.895,4072.005,4073.355,0.3487
1781190000000,2026-06-11,15:00:00,4073.235,4076.335,4070.225,4073.295,0.3765
1781190300000,2026-06-11,15:05:00,4073.295,4086.285,4072.005,4080.705,0.3638
1781190600000,2026-06-11,15:10:00,4080.685,4087.435,4079.495,4080.375,0.3466
1781190900000,2026-06-11,15:15:00,4080.385,4086.345,4079.505,4081.855,0.3248
1781191200000,2026-06-11,15:20:00,4081.875,4089.145,4076.485,4078.695,0.3364
1781191500000,2026-06-11,15:25:00,4078.595,4084.475,4074.645,4081.275,0.3276
1781191800000,2026-06-11,15:30:00,4081.245,4082.665,4077.205,4079.285,0.3229
1781192100000,2026-06-11,15:35:00,4079.265,4086.715,4078.485,4085.715,0.3093
1781192400000,2026-06-11,15:40:00,4085.995,4090.305,4085.995,4087.938,0.2974
1781192700000,2026-06-11,15:45:00,4088.135,4091.685,4087.195,4089.575,0.3042
1781193000000,2026-06-11,15:50:00,4090.025,4095.305,4088.045,4090.415,0.2673
1781193300000,2026-06-11,15:55:00,4090.425,4090.435,4085.665,4088.585,0.2608
1781193600000,2026-06-11,16:00:00,4088.715,4093.225,4086.635,4087.435,0.2573
1781193900000,2026-06-11,16:05:00,4087.595,4093.625,4086.585,4092.475,0.2111
1781194200000,2026-06-11,16:10:00,4092.455,4103.155,4091.035,4102.545,0.2556
1781194500000,2026-06-11,16:15:00,4102.545,4107.455,4096.055,4096.755,0.258
1781194800000,2026-06-11,16:20:00,4096.775,4098.295,4087.145,4087.595,0.2742
1781195100000,2026-06-11,16:25:00,4087.595,4088.685,4079.335,4079.485,0.2932
1781195400000,2026-06-11,16:30:00,4079.485,4087.675,4078.138,4084.535,0.2759
1781195700000,2026-06-11,16:35:00,4084.395,4086.225,4081.425,4082.415,0.2032
1781196000000,2026-06-11,16:40:00,4082.455,4085.055,4080.955,4081.785,0.1819
1781196300000,2026-06-11,16:45:00,4081.618,4084.015,4080.018,4081.295,0.1927
1781196600000,2026-06-11,16:50:00,4080.965,4082.225,4077.895,4079.505,0.1851
1781196900000,2026-06-11,16:55:00,4079.575,4082.135,4079.155,4080.095,0.1538
1781197200000,2026-06-11,17:00:00,4080.085,4080.625,4071.445,4074.645,0.265
1781197500000,2026-06-11,17:05:00,4074.625,4077.485,4074.008,4076.495,0.2532
1781197800000,2026-06-11,17:10:00,4076.715,4078.695,4072.855,4075.815,0.2169
1781198100000,2026-06-11,17:15:00,4075.825,4078.825,4074.125,4078.215,0.1915
1781198400000,2026-06-11,17:20:00,4078.145,4081.065,4075.915,4080.255,0.2082
1781198700000,2026-06-11,17:25:00,4080.245,4101.955,4078.058,4101.475,0.234
1781199000000,2026-06-11,17:30:00,4101.165,4149.195,4101.165,4148.605,0.3427
1781199300000,2026-06-11,17:35:00,4148.475,4154.345,4138.025,4150.325,0.3597
1781199600000,2026-06-11,17:40:00,4150.235,4169.695,4147.335,4166.435,0.4139
1781199900000,2026-06-11,17:45:00,4166.495,4166.495,4153.175,4154.065,0.44
1781200200000,2026-06-11,17:50:00,4154.305,4161.078,4146.565,4153.355,0.3736
1781200500000,2026-06-11,17:55:00,4153.355,4156.975,4146.258,4151.745,0.3339
1781200800000,2026-06-11,18:00:00,4151.815,4155.195,4135.975,4138.478,0.4426
1781201100000,2026-06-11,18:05:00,4138.385,4141.385,4131.108,4135.305,0.4303
1781201400000,2026-06-11,18:10:00,4135.005,4146.725,4134.915,4146.705,0.3385
1781201700000,2026-06-11,18:15:00,4146.625,4162.895,4145.045,4161.065,0.3014
1781202000000,2026-06-11,18:20:00,4161.035,4162.225,4150.845,4155.425,0.3476
1781202300000,2026-06-11,18:25:00,4155.405,4156.435,4150.465,4152.655,0.3024
1781202600000,2026-06-11,18:30:00,4152.645,4157.645,4148.785,4153.935,0.3446
1781202900000,2026-06-11,18:35:00,4153.765,4158.575,4152.565,4156.265,0.3049
1781203200000,2026-06-11,18:40:00,4156.265,4165.008,4155.025,4164.545,0.2805
1781203500000,2026-06-11,18:45:00,4164.505,4171.455,4163.758,4167.995,0.2772
1781203800000,2026-06-11,18:50:00,4167.995,4169.875,4163.965,4164.625,0.2373
1781204100000,2026-06-11,18:55:00,4164.595,4165.405,4160.165,4161.525,0.2642
1781204400000,2026-06-11,19:00:00,4161.615,4174.155,4161.615,4173.995,0.307
1781204700000,2026-06-11,19:05:00,4174.015,4175.525,4169.275,4173.965,0.3091
1781205000000,2026-06-11,19:10:00,4173.735,4189.055,4172.865,4188.038,0.3478
1781205300000,2026-06-11,19:15:00,4188.038,4196.755,4185.935,4195.555,0.3462
1781205600000,2026-06-11,19:20:00,4195.325,4197.895,4188.418,4191.585,0.3443
1781205900000,2026-06-11,19:25:00,4191.615,4198.095,4188.995,4195.375,0.2605
1781206200000,2026-06-11,19:30:00,4195.425,4214.755,4195.425,4214.715,0.3405
1781206500000,2026-06-11,19:35:00,4214.775,4219.845,4208.135,4208.195,0.3301
1781206800000,2026-06-11,19:40:00,4208.295,4217.415,4208.135,4210.105,0.2659
1781207100000,2026-06-11,19:45:00,4209.875,4214.965,4209.765,4209.865,0.2732
1781207400000,2026-06-11,19:50:00,4209.935,4215.138,4209.005,4215.078,0.3421
1781207700000,2026-06-11,19:55:00,4215.078,4215.138,4207.058,4208.458,0.6423
1781208000000,2026-06-11,20:00:00,4208.508,4215.825,4207.925,4208.095,1.4131
1781208300000,2026-06-11,20:05:00,4208.075,4216.145,4207.905,4214.535,0.4199
1781208600000,2026-06-11,20:10:00,4214.498,4218.278,4211.845,4213.518,0.1752
1781208900000,2026-06-11,20:15:00,4213.518,4214.558,4211.958,4213.085,0.1281
1781209200000,2026-06-11,20:20:00,4213.065,4215.958,4212.648,4215.505,0.1122
1781209500000,2026-06-11,20:25:00,4215.238,4215.355,4212.005,4213.745,0.1479
1781209800000,2026-06-11,20:30:00,4213.775,4216.115,4211.905,4213.575,0.114
1781210100000,2026-06-11,20:35:00,4213.575,4215.475,4210.005,4210.805,0.2106
1781210400000,2026-06-11,20:40:00,4210.835,4212.355,4209.385,4209.465,0.6757
1781210700000,2026-06-11,20:45:00,4209.558,4211.705,4208.875,4210.955,0.0957
1781211000000,2026-06-11,20:50:00,4210.985,4212.745,4209.885,4211.885,0.0858
1781211300000,2026-06-11,20:55:00,4211.785,4212.285,4210.365,4212.005,0.059
1781215200000,2026-06-11,22:00:00,4211.498,4219.925,4204.995,4208.215,0.0971
1781215500000,2026-06-11,22:05:00,4208.155,4210.595,4206.685,4209.125,0.0622
1781215800000,2026-06-11,22:10:00,4209.095,4210.488,4206.705,4209.285,0.0897
1781216100000,2026-06-11,22:15:00,4209.268,4210.615,4206.855,4207.895,0.0938
1781216400000,2026-06-11,22:20:00,4207.875,4211.505,4205.225,4206.125,0.0983
1781216700000,2026-06-11,22:25:00,4206.095,4215.535,4206.065,4214.575,0.0714
1781217000000,2026-06-11,22:30:00,4214.615,4216.085,4211.025,4213.925,0.1174
1781217300000,2026-06-11,22:35:00,4213.885,4215.305,4211.675,4215.305,0.0659
1781217600000,2026-06-11,22:40:00,4215.325,4227.925,4214.855,4225.625,0.1363
1781217900000,2026-06-11,22:45:00,4225.575,4235.865,4224.955,4231.815,0.1574
1781218200000,2026-06-11,22:50:00,4231.915,4235.405,4224.845,4235.245,0.1409
1781218500000,2026-06-11,22:55:00,4235.265,4246.415,4232.895,4242.838,0.2141
1781218800000,2026-06-11,23:00:00,4242.525,4245.498,4224.158,4226.578,0.4137
1781219100000,2026-06-11,23:05:00,4226.598,4229.818,4222.998,4225.218,0.2523
1781219400000,2026-06-11,23:10:00,4225.398,4227.735,4221.305,4223.515,0.0958
1781219700000,2026-06-11,23:15:00,4223.565,4226.355,4221.015,4222.165,0.1096
1781220000000,2026-06-11,23:20:00,4222.205,4222.945,4215.575,4215.795,0.1104
1781220300000,2026-06-11,23:25:00,4215.825,4217.905,4213.865,4216.325,0.1144
1781220600000,2026-06-11,23:30:00,4216.345,4223.375,4214.205,4216.395,0.1258
1781220900000,2026-06-11,23:35:00,4216.445,4220.465,4214.275,4216.395,0.1124
1781221200000,2026-06-11,23:40:00,4216.445,4220.555,4214.355,4219.165,0.0995
1781221500000,2026-06-11,23:45:00,4219.125,4224.365,4216.925,4219.075,0.1465
1781221800000,2026-06-11,23:50:00,4219.135,4222.845,4214.965,4216.025,0.139
1781222100000,2026-06-11,23:55:00,4216.085,4221.805,4215.945,4219.625,0.1411
1781222400000,2026-06-12,00:00:00,4219.558,4222.115,4212.335,4218.905,0.209
1781222700000,2026-06-12,00:05:00,4218.355,4225.435,4215.288,4216.825,0.2351
1781223000000,2026-06-12,00:10:00,4216.865,4218.585,4215.085,4216.635,0.1947
1781223300000,2026-06-12,00:15:00,4216.565,4216.695,4206.905,4216.175,0.231
1781223600000,2026-06-12,00:20:00,4216.235,4224.125,4214.745,4223.745,0.1721
1781223900000,2026-06-12,00:25:00,4223.785,4230.205,4219.875,4220.145,0.2151
1781224200000,2026-06-12,00:30:00,4220.115,4228.585,4219.615,4221.155,0.1821
1781224500000,2026-06-12,00:35:00,4221.175,4223.795,4213.925,4214.535,0.1648
1781224800000,2026-06-12,00:40:00,4214.565,4214.735,4202.255,4203.645,0.1817
1781225100000,2026-06-12,00:45:00,4203.625,4207.805,4200.905,4201.715,0.1873
1781225400000,2026-06-12,00:50:00,4201.745,4205.255,4200.368,4200.518,0.1936
1781225700000,2026-06-12,00:55:00,4200.575,4208.345,4200.355,4208.285,0.2016
1781226000000,2026-06-12,01:00:00,4208.225,4211.051,4183.755,4184.335,0.3441
1781226300000,2026-06-12,01:05:00,4184.355,4193.325,4182.645,4192.945,0.2745
1781226600000,2026-06-12,01:10:00,4193.025,4193.115,4184.535,4186.875,0.2673
1781226900000,2026-06-12,01:15:00,4186.875,4193.585,4185.535,4188.975,0.2514
1781227200000,2026-06-12,01:20:00,4188.925,4192.135,4187.015,4189.315,0.248
1781227500000,2026-06-12,01:25:00,4189.355,4189.665,4178.965,4180.765,0.2389
1781227800000,2026-06-12,01:30:00,4180.645,4186.425,4176.625,4179.705,0.3047
1781228100000,2026-06-12,01:35:00,4179.815,4180.455,4171.188,4178.855,0.2515
1781228400000,2026-06-12,01:40:00,4178.825,4183.525,4176.455,4179.235,0.256
1781228700000,2026-06-12,01:45:00,4179.195,4191.335,4179.115,4191.255,0.2405
1781229000000,2026-06-12,01:50:00,4191.265,4191.265,4185.875,4186.115,0.1806
1781229300000,2026-06-12,01:55:00,4186.145,4190.025,4183.945,4186.495,0.1725
1781229600000,2026-06-12,02:00:00,4186.318,4194.095,4183.505,4190.935,0.2153
1781229900000,2026-06-12,02:05:00,4190.985,4197.445,4189.775,4197.175,0.1956
1781230200000,2026-06-12,02:10:00,4197.065,4199.805,4193.665,4193.715,0.1597
1781230500000,2026-06-12,02:15:00,4193.815,4194.295,4190.725,4192.605,0.1306
1781230800000,2026-06-12,02:20:00,4192.645,4193.325,4189.795,4190.935,0.1151
1781231100000,2026-06-12,02:25:00,4191.005,4191.305,4186.415,4188.285,0.1225
1781231400000,2026-06-12,02:30:00,4188.265,4189.215,4182.605,4182.715,0.1943
1781231700000,2026-06-12,02:35:00,4182.915,4193.008,4182.485,4188.825,0.1586
1781232000000,2026-06-12,02:40:00,4188.955,4190.275,4184.205,4186.015,0.1688
1781232300000,2026-06-12,02:45:00,4185.975,4191.005,4183.375,4190.375,0.1662
1781232600000,2026-06-12,02:50:00,4190.395,4192.275,4187.458,4188.525,0.1584
1781232900000,2026-06-12,02:55:00,4188.555,4193.525,4187.315,4191.365,0.142
1781233200000,2026-06-12,03:00:00,4191.295,4196.015,4189.385,4191.645,0.1714
1781233500000,2026-06-12,03:05:00,4191.605,4195.315,4190.455,4192.575,0.1144
1781233800000,2026-06-12,03:10:00,4192.545,4195.905,4191.135,4193.745,0.1209
1781234100000,2026-06-12,03:15:00,4193.585,4201.375,4193.475,4195.965,0.1801
1781234400000,2026-06-12,03:20:00,4195.965,4199.095,4192.855,4197.345,0.1588
1781234700000,2026-06-12,03:25:00,4197.505,4203.555,4196.545,4203.235,0.1873
1781235000000,2026-06-12,03:30:00,4203.445,4204.415,4198.925,4203.525,0.2042
1781235300000,2026-06-12,03:35:00,4203.545,4204.765,4200.945,4201.845,0.165
1781235600000,2026-06-12,03:40:00,4201.825,4204.815,4198.625,4199.015,0.1209
1781235900000,2026-06-12,03:45:00,4198.858,4199.265,4195.195,4197.165,0.1502
1781236200000,2026-06-12,03:50:00,4197.195,4200.865,4196.115,4200.345,0.1174
1781236500000,2026-06-12,03:55:00,4200.315,4201.285,4196.435,4196.885,0.1018
1781236800000,2026-06-12,04:00:00,4196.935,4200.815,4192.555,4196.885,0.1074
1781237100000,2026-06-12,04:05:00,4196.835,4197.115,4191.825,4195.915,0.1002
1781237400000,2026-06-12,04:10:00,4196.085,4196.415,4191.795,4194.095,0.0931
1781237700000,2026-06-12,04:15:00,4194.035,4195.435,4190.165,4191.985,0.0874
1781238000000,2026-06-12,04:20:00,4191.995,4193.315,4190.485,4193.035,0.09
1781238300000,2026-06-12,04:25:00,4192.965,4194.025,4191.525,4192.525,0.081
1781238600000,2026-06-12,04:30:00,4192.565,4196.975,4191.645,4195.415,0.0929
1781238900000,2026-06-12,04:35:00,4195.385,4198.055,4193.315,4195.105,0.1177
1781239200000,2026-06-12,04:40:00,4195.125,4197.025,4192.685,4193.215,0.0905
1781239500000,2026-06-12,04:45:00,4193.365,4194.085,4189.785,4190.715,0.1079
1781239800000,2026-06-12,04:50:00,4190.695,4192.695,4189.925,4192.075,0.1146
1781240100000,2026-06-12,04:55:00,4192.035,4192.785,4189.345,4189.725,0.0842
1781240400000,2026-06-12,05:00:00,4189.715,4192.825,4187.015,4187.605,0.1544
1781240700000,2026-06-12,05:05:00,4187.605,4190.235,4184.845,4184.875,0.136
1781241000000,2026-06-12,05:10:00,4184.795,4189.775,4181.758,4188.375,0.1855
1781241300000,2026-06-12,05:15:00,4188.545,4189.135,4184.595,4185.685,0.1406
1781241600000,2026-06-12,05:20:00,4185.755,4188.935,4185.715,4186.715,0.191
1781241900000,2026-06-12,05:25:00,4186.695,4189.295,4185.648,4186.885,0.2208
1781242200000,2026-06-12,05:30:00,4186.975,4187.555,4177.865,4180.055,0.2756
1781242500000,2026-06-12,05:35:00,4179.975,4179.975,4172.255,4174.745,0.2648
1781242800000,2026-06-12,05:40:00,4174.855,4180.935,4174.135,4180.275,0.2616
1781243100000,2026-06-12,05:45:00,4180.315,4180.805,4175.905,4178.985,0.1992
1781243400000,2026-06-12,05:50:00,4179.305,4179.865,4172.625,4175.095,0.2599
1781243700000,2026-06-12,05:55:00,4174.915,4176.675,4170.575,4173.135,0.2185
1781244000000,2026-06-12,06:00:00,4173.065,4182.975,4173.005,4180.965,0.2212
1781244300000,2026-06-12,06:05:00,4180.855,4184.025,4178.515,4181.475,0.1931
1781244600000,2026-06-12,06:10:00,4181.425,4185.315,4181.135,4182.515,0.1745
1781244900000,2026-06-12,06:15:00,4182.635,4182.905,4179.215,4180.375,0.1736
1781245200000,2026-06-12,06:20:00,4180.355,4182.485,4178.605,4180.015,0.1614
1781245500000,2026-06-12,06:25:00,4179.995,4182.345,4179.055,4181.745,0.1429
1781245800000,2026-06-12,06:30:00,4181.695,4182.295,4175.295,4177.215,0.1796
1781246100000,2026-06-12,06:35:00,4177.235,4181.075,4175.655,4177.515,0.1632
1781246400000,2026-06-12,06:40:00,4177.535,4178.625,4172.035,4176.195,0.1613
1781246700000,2026-06-12,06:45:00,4176.195,4177.395,4173.995,4176.055,0.1613
1781247000000,2026-06-12,06:50:00,4176.085,4180.615,4175.945,4178.185,0.1554
1781247300000,2026-06-12,06:55:00,4178.135,4184.525,4176.975,4183.875,0.1576
1781247600000,2026-06-12,07:00:00,4183.845,4184.485,4175.885,4178.115,0.1689
1781247900000,2026-06-12,07:05:00,4178.095,4181.745,4177.435,4180.605,0.1301
1781248200000,2026-06-12,07:10:00,4180.535,4182.615,4177.495,4178.075,0.1576
1781248500000,2026-06-12,07:15:00,4178.045,4178.775,4173.865,4177.135,0.156
1781248800000,2026-06-12,07:20:00,4177.135,4178.945,4175.345,4177.965,0.1219
1781249100000,2026-06-12,07:25:00,4177.965,4179.815,4173.655,4173.985,0.1201
1781249400000,2026-06-12,07:30:00,4173.925,4175.645,4169.955,4173.655,0.1461
1781249700000,2026-06-12,07:35:00,4173.945,4179.245,4173.878,4178.465,0.1521
1781250000000,2026-06-12,07:40:00,4178.535,4184.335,4178.515,4182.775,0.1304
1781250300000,2026-06-12,07:45:00,4182.755,4183.495,4174.285,4175.045,0.1332
1781250600000,2026-06-12,07:50:00,4175.005,4178.085,4173.735,4175.475,0.1327
1781250900000,2026-06-12,07:55:00,4175.395,4194.295,4175.245,4194.295,0.2492
1781251200000,2026-06-12,08:00:00,4194.315,4202.655,4191.745,4197.645,0.2779
1781251500000,2026-06-12,08:05:00,4197.645,4203.325,4194.925,4201.775,0.2014
1781251800000,2026-06-12,08:10:00,4201.695,4204.695,4201.075,4203.615,0.2007
1781252100000,2026-06-12,08:15:00,4203.575,4219.885,4199.115,4217.945,0.289
1781252400000,2026-06-12,08:20:00,4217.915,4220.485,4212.255,4218.145,0.2835
1781252700000,2026-06-12,08:25:00,4218.195,4218.905,4210.975,4212.945,0.2186
1781253000000,2026-06-12,08:30:00,4213.035,4220.005,4212.825,4218.075,0.2162
1781253300000,2026-06-12,08:35:00,4217.895,4222.305,4215.295,4220.715,0.1941
1781253600000,2026-06-12,08:40:00,4220.745,4220.845,4211.625,4218.125,0.2125
1781253900000,2026-06-12,08:45:00,4218.465,4219.975,4214.385,4218.305,0.1653
1781254200000,2026-06-12,08:50:00,4218.385,4222.275,4215.895,4221.715,0.1484
1781254500000,2026-06-12,08:55:00,4221.715,4225.825,4219.215,4219.395,0.1526
1781254800000,2026-06-12,09:00:00,4219.445,4222.595,4217.105,4221.205,0.1559
1781255100000,2026-06-12,09:05:00,4221.235,4223.835,4219.375,4222.925,0.1224
1781255400000,2026-06-12,09:10:00,4222.955,4225.315,4221.635,4223.845,0.1089
1781255700000,2026-06-12,09:15:00,4223.995,4226.705,4220.635,4223.335,0.2029
1781256000000,2026-06-12,09:20:00,4223.335,4225.475,4218.845,4222.065,0.1884
1781256300000,2026-06-12,09:25:00,4222.095,4225.665,4219.085,4220.675,0.1523
1781256600000,2026-06-12,09:30:00,4220.925,4226.105,4219.015,4225.775,0.1721
1781256900000,2026-06-12,09:35:00,4225.775,4226.905,4221.355,4223.115,0.1491
1781257200000,2026-06-12,09:40:00,4223.005,4227.725,4222.715,4225.105,0.1245
1781257500000,2026-06-12,09:45:00,4225.185,4227.715,4223.205,4223.745,0.1379
1781257800000,2026-06-12,09:50:00,4223.915,4224.455,4221.205,4223.315,0.1446
1781258100000,2026-06-12,09:55:00,4223.365,4225.295,4221.245,4221.635,0.1012
1781258400000,2026-06-12,10:00:00,4221.525,4224.345,4218.395,4221.535,0.1358
1781258700000,2026-06-12,10:05:00,4221.415,4225.435,4220.015,4224.555,0.1009
1781259000000,2026-06-12,10:10:00,4224.575,4224.745,4219.815,4221.145,0.124
1781259300000,2026-06-12,10:15:00,4221.205,4222.085,4214.965,4217.585,0.1292
1781259600000,2026-06-12,10:20:00,4217.485,4217.555,4210.575,4213.325,0.1293
1781259900000,2026-06-12,10:25:00,4213.245,4214.105,4202.575,4206.645,0.2214
1781260200000,2026-06-12,10:30:00,4206.845,4218.505,4206.315,4214.545,0.177
1781260500000,2026-06-12,10:35:00,4214.605,4216.175,4213.985,4215.295,0.123
1781260800000,2026-06-12,10:40:00,4215.335,4217.175,4214.215,4215.195,0.0915
1781261100000,2026-06-12,10:45:00,4215.125,4218.505,4214.045,4215.485,0.0995
1781261400000,2026-06-12,10:50:00,4215.285,4216.015,4212.155,4213.095,0.1049
1781261700000,2026-06-12,10:55:00,4213.105,4215.295,4209.085,4210.695,0.1213
1781262000000,2026-06-12,11:00:00,4211.181,4211.815,4205.635,4205.995,0.1447
1781262300000,2026-06-12,11:05:00,4205.895,4208.815,4204.855,4207.405,0.1279
1781262600000,2026-06-12,11:10:00,4207.295,4208.095,4205.095,4207.245,0.1067
1781262900000,2026-06-12,11:15:00,4207.155,4207.885,4203.705,4205.765,0.1022
1781263200000,2026-06-12,11:20:00,4205.568,4209.835,4205.365,4209.575,0.1045
1781263500000,2026-06-12,11:25:00,4209.595,4210.065,4201.905,4202.405,0.1052
1781263800000,2026-06-12,11:30:00,4202.435,4202.505,4197.325,4199.415,0.1324
1781264100000,2026-06-12,11:35:00,4199.365,4202.725,4199.365,4202.045,0.1157
1781264400000,2026-06-12,11:40:00,4202.075,4210.235,4201.735,4209.595,0.1152
1781264700000,2026-06-12,11:45:00,4209.705,4211.675,4208.665,4210.135,0.1069
1781265000000,2026-06-12,11:50:00,4210.175,4215.235,4208.205,4214.765,0.1228
1781265300000,2026-06-12,11:55:00,4214.765,4214.805,4206.345,4206.725,0.1211
1781265600000,2026-06-12,12:00:00,4206.845,4208.675,4202.705,4206.085,0.229
1781265900000,2026-06-12,12:05:00,4206.015,4209.075,4204.978,4207.615,0.1664
1781266200000,2026-06-12,12:10:00,4207.715,4214.115,4207.615,4214.075,0.1086
1781266500000,2026-06-12,12:15:00,4214.245,4215.205,4211.155,4211.495,0.126
1781266800000,2026-06-12,12:20:00,4211.335,4211.805,4201.945,4203.435,0.1652
1781267100000,2026-06-12,12:25:00,4203.435,4203.445,4200.005,4200.905,0.1277
1781267400000,2026-06-12,12:30:00,4200.875,4201.605,4197.075,4199.685,0.1561
1781267700000,2026-06-12,12:35:00,4199.645,4200.875,4191.965,4192.815,0.1892
1781268000000,2026-06-12,12:40:00,4192.835,4200.635,4191.385,4196.565,0.1769
1781268300000,2026-06-12,12:45:00,4196.515,4198.145,4193.325,4196.765,0.181
1781268600000,2026-06-12,12:50:00,4196.755,4200.365,4193.255,4193.605,0.1568
1781268900000,2026-06-12,12:55:00,4193.655,4194.435,4188.375,4191.555,0.1877
1781269200000,2026-06-12,13:00:00,4191.445,4197.825,4186.335,4196.835,0.2762
1781269500000,2026-06-12,13:05:00,4196.795,4200.995,4193.355,4199.885,0.1701
1781269800000,2026-06-12,13:10:00,4199.885,4200.625,4193.545,4198.195,0.1507
1781270100000,2026-06-12,13:15:00,4198.225,4202.795,4196.978,4202.345,0.1594
1781270400000,2026-06-12,13:20:00,4202.365,4206.575,4201.815,4203.685,0.1895
1781270700000,2026-06-12,13:25:00,4203.575,4205.055,4201.395,4202.645,0.2087
1781271000000,2026-06-12,13:30:00,4202.645,4205.265,4196.955,4198.935,0.3463
1781271300000,2026-06-12,13:35:00,4199.125,4210.125,4198.275,4207.115,0.3766
1781271600000,2026-06-12,13:40:00,4207.065,4207.395,4182.675,4190.805,0.3724
1781271900000,2026-06-12,13:45:00,4190.565,4193.845,4183.645,4190.545,0.3962
1781272200000,2026-06-12,13:50:00,4190.575,4193.475,4186.485,4189.285,0.3628
1781272500000,2026-06-12,13:55:00,4189.195,4192.185,4183.275,4185.905,0.3049
1781272800000,2026-06-12,14:00:00,4185.935,4198.325,4185.285,4194.225,0.3837
1781273100000,2026-06-12,14:05:00,4194.705,4198.325,4184.545,4198.005,0.3513
1781273400000,2026-06-12,14:10:00,4197.985,4197.995,4189.585,4193.025,0.3356
1781273700000,2026-06-12,14:15:00,4192.855,4199.335,4190.005,4190.005,0.3272
1781274000000,2026-06-12,14:20:00,4189.975,4191.735,4182.455,4187.205,0.339
1781274300000,2026-06-12,14:25:00,4187.245,4194.015,4186.428,4188.495,0.3075
1781274600000,2026-06-12,14:30:00,4188.435,4189.585,4180.935,4186.735,0.3346
1781274900000,2026-06-12,14:35:00,4186.735,4192.655,4185.605,4192.005,0.3028
1781275200000,2026-06-12,14:40:00,4192.045,4193.045,4180.945,4184.345,0.3386
1781275500000,2026-06-12,14:45:00,4184.365,4184.915,4176.945,4182.815,0.356
1781275800000,2026-06-12,14:50:00,4182.935,4207.755,4179.315,4207.055,0.3536
1781276100000,2026-06-12,14:55:00,4207.015,4208.365,4201.105,4203.805,0.3509
1781276400000,2026-06-12,15:00:00,4203.885,4209.325,4200.065,4203.125,0.2902
1781276700000,2026-06-12,15:05:00,4203.105,4210.665,4203.105,4208.395,0.2608
1781277000000,2026-06-12,15:10:00,4208.105,4214.955,4208.105,4213.795,0.2498
1781277300000,2026-06-12,15:15:00,4213.775,4219.045,4212.455,4214.995,0.243
1781277600000,2026-06-12,15:20:00,4215.035,4230.355,4212.875,4227.805,0.2778
1781277900000,2026-06-12,15:25:00,4227.785,4235.298,4223.155,4225.605,0.3185
1781278200000,2026-06-12,15:30:00,4225.585,4228.235,4218.175,4219.165,0.2657
1781278500000,2026-06-12,15:35:00,4219.325,4226.465,4214.865,4218.895,0.3025
1781278800000,2026-06-12,15:40:00,4218.755,4219.115,4210.255,4210.765,0.2783
1781279100000,2026-06-12,15:45:00,4210.835,4215.045,4206.805,4207.535,0.278
1781279400000,2026-06-12,15:50:00,4207.635,4216.345,4207.395,4215.095,0.2784
1781279700000,2026-06-12,15:55:00,4215.315,4218.715,4210.945,4211.675,0.2513
1781280000000,2026-06-12,16:00:00,4211.685,4213.645,4207.925,4209.435,0.2721
1781280300000,2026-06-12,16:05:00,4209.395,4214.575,4207.945,4213.045,0.2166
1781280600000,2026-06-12,16:10:00,4212.975,4224.765,4211.295,4221.475,0.2442
1781280900000,2026-06-12,16:15:00,4221.615,4232.735,4220.695,4223.515,0.2788
1781281200000,2026-06-12,16:20:00,4223.548,4225.195,4218.025,4218.085,0.2321
1781281500000,2026-06-12,16:25:00,4218.015,4220.565,4215.548,4216.825,0.2077
1781281800000,2026-06-12,16:30:00,4216.785,4218.555,4215.785,4217.575,0.1843
1781282100000,2026-06-12,16:35:00,4217.695,4218.325,4211.435,4216.815,0.2077
1781282400000,2026-06-12,16:40:00,4216.748,4220.215,4212.855,4213.085,0.2403
1781282700000,2026-06-12,16:45:00,4213.125,4214.705,4211.115,4213.265,0.2416
1781283000000,2026-06-12,16:50:00,4213.235,4216.685,4211.695,4214.925,0.1967
1781283300000,2026-06-12,16:55:00,4214.965,4217.985,4213.275,4215.755,0.2129
1781283600000,2026-06-12,17:00:00,4215.665,4220.625,4215.665,4220.295,0.2063
1781283900000,2026-06-12,17:05:00,4220.345,4226.165,4218.855,4220.445,0.2512
1781284200000,2026-06-12,17:10:00,4220.425,4221.525,4214.845,4218.205,0.2198
1781284500000,2026-06-12,17:15:00,4218.335,4218.515,4213.575,4217.695,0.1933
1781284800000,2026-06-12,17:20:00,4217.775,4223.665,4217.565,4220.825,0.2106
1781285100000,2026-06-12,17:25:00,4221.075,4221.305,4216.405,4218.635,0.2091
1781285400000,2026-06-12,17:30:00,4218.655,4220.215,4213.625,4219.705,0.188
1781285700000,2026-06-12,17:35:00,4219.745,4221.135,4217.265,4218.245,0.1733
1781286000000,2026-06-12,17:40:00,4218.145,4223.405,4217.155,4222.225,0.1765
1781286300000,2026-06-12,17:45:00,4222.195,4224.845,4221.695,4223.015,0.1571
1781286600000,2026-06-12,17:50:00,4223.045,4224.395,4222.315,4223.415,0.1535
1781286900000,2026-06-12,17:55:00,4223.335,4223.435,4219.425,4221.065,0.1573
1781287200000,2026-06-12,18:00:00,4221.165,4222.365,4219.328,4219.595,0.1612
1781287500000,2026-06-12,18:05:00,4219.595,4220.825,4218.005,4220.425,0.1776
1781287800000,2026-06-12,18:10:00,4220.465,4228.308,4219.955,4226.835,0.1939
1781288100000,2026-06-12,18:15:00,4226.798,4229.498,4224.975,4229.098,0.2817
1781288400000,2026-06-12,18:20:00,4229.098,4235.148,4228.628,4228.748,0.2868
1781288700000,2026-06-12,18:25:00,4228.878,4229.128,4224.145,4226.228,0.4765
1781289000000,2026-06-12,18:30:00,4226.225,4228.228,4224.128,4227.128,0.4389
1781289300000,2026-06-12,18:35:00,4227.128,4227.228,4225.128,4226.128,0.2977
1781289600000,2026-06-12,18:40:00,4226.228,4229.728,4225.725,4229.028,0.3302
1781289900000,2026-06-12,18:45:00,4228.928,4228.928,4222.405,4222.628,0.3264
1781290200000,2026-06-12,18:50:00,4222.615,4223.015,4220.335,4221.745,0.1521
1781290500000,2026-06-12,18:55:00,4221.745,4222.115,4213.815,4215.378,0.4422
1781290800000,2026-06-12,19:00:00,4215.428,4218.235,4213.985,4217.425,0.2415
1781291100000,2026-06-12,19:05:00,4217.465,4219.028,4215.185,4217.365,0.1367
1781291400000,2026-06-12,19:10:00,4217.415,4218.615,4216.025,4217.198,0.2607
1781291700000,2026-06-12,19:15:00,4217.195,4217.235,4213.305,4214.905,0.1398
1781292000000,2026-06-12,19:20:00,4214.795,4214.935,4209.905,4210.105,0.1169
1781292300000,2026-06-12,19:25:00,4210.035,4211.215,4207.585,4208.248,0.1992
1781292600000,2026-06-12,19:30:00,4208.248,4209.965,4203.685,4203.995,0.224
1781292900000,2026-06-12,19:35:00,4204.015,4208.325,4201.535,4205.045,0.2161
1781293200000,2026-06-12,19:40:00,4205.085,4207.195,4204.215,4204.885,0.1832
1781293500000,2026-06-12,19:45:00,4204.835,4207.845,4203.445,4206.725,0.235
1781293800000,2026-06-12,19:50:00,4206.865,4208.005,4205.545,4206.555,0.206
1781294100000,2026-06-12,19:55:00,4206.505,4211.028,4205.328,4210.425,0.2637
1781294400000,2026-06-12,20:00:00,4210.435,4211.655,4209.285,4210.795,0.1876
1781294700000,2026-06-12,20:05:00,4210.795,4211.885,4209.415,4210.755,0.1006
1781295000000,2026-06-12,20:10:00,4210.715,4213.315,4210.425,4212.255,0.0726
1781295300000,2026-06-12,20:15:00,4212.255,4214.098,4212.015,4214.098,0.0627
1781295600000,2026-06-12,20:20:00,4214.108,4216.615,4213.815,4213.898,0.0699
1781295900000,2026-06-12,20:25:00,4213.885,4214.815,4213.298,4214.098,0.0465
1781296200000,2026-06-12,20:30:00,4214.185,4214.185,4212.235,4213.405,0.076
1781296500000,2026-06-12,20:35:00,4213.405,4214.118,4212.225,4213.615,0.0629
1781296800000,2026-06-12,20:40:00,4213.705,4213.705,4212.555,4213.385,0.0656
1781297100000,2026-06-12,20:45:00,4213.498,4214.898,4212.298,4214.598,0.0474
1781297400000,2026-06-12,20:50:00,4214.535,4217.398,4214.535,4216.398,0.0702
1781297700000,2026-06-12,20:55:00,4216.505,4218.998,4215.598,4217.765,0.0466
1781474400000,2026-06-14,22:00:00,4273.098,4301.825,4259.585,4300.555,0.2452
1781474700000,2026-06-14,22:05:00,4300.555,4308.255,4289.415,4305.465,0.1846
1781475000000,2026-06-14,22:10:00,4305.565,4305.565,4294.905,4299.685,0.1566
1781475300000,2026-06-14,22:15:00,4299.285,4305.098,4296.745,4304.898,0.1601
1781475600000,2026-06-14,22:20:00,4304.945,4305.965,4297.465,4298.085,0.1241
1781475900000,2026-06-14,22:25:00,4297.965,4297.965,4283.525,4286.605,0.1837
1781476200000,2026-06-14,22:30:00,4286.435,4287.075,4280.008,4284.225,0.1334
1781476500000,2026-06-14,22:35:00,4284.085,4286.245,4281.195,4284.865,0.0991
1781476800000,2026-06-14,22:40:00,4284.895,4288.355,4284.225,4284.945,0.0777
1781477100000,2026-06-14,22:45:00,4284.945,4291.395,4284.485,4291.115,0.0816
1781477400000,2026-06-14,22:50:00,4291.255,4291.715,4287.985,4290.965,0.0669
1781477700000,2026-06-14,22:55:00,4290.925,4291.175,4284.858,4285.038,0.2112
1781478000000,2026-06-14,23:00:00,4285.038,4286.858,4282.168,4284.198,0.4996
1781478300000,2026-06-14,23:05:00,4284.548,4287.738,4281.668,4282.668,0.3996
1781478600000,2026-06-14,23:10:00,4282.268,4284.225,4282.268,4282.795,0.0582
1781478900000,2026-06-14,23:15:00,4282.875,4283.125,4280.975,4282.295,0.066
1781479200000,2026-06-14,23:20:00,4282.135,4283.545,4280.885,4282.765,0.062
1781479500000,2026-06-14,23:25:00,4282.735,4284.345,4282.248,4283.125,0.0666
1781479800000,2026-06-14,23:30:00,4283.075,4285.865,4281.365,4284.245,0.0747
1781480100000,2026-06-14,23:35:00,4284.315,4285.868,4283.165,4285.295,0.0487
1781480400000,2026-06-14,23:40:00,4285.215,4285.425,4281.855,4284.795,0.0504
1781480700000,2026-06-14,23:45:00,4284.925,4294.135,4283.995,4293.655,0.1393
1781481000000,2026-06-14,23:50:00,4293.975,4294.595,4291.625,4292.955,0.0829
1781481300000,2026-06-14,23:55:00,4292.995,4295.025,4292.275,4293.865,0.0943
1781481600000,2026-06-15,00:00:00,4293.835,4295.705,4293.055,4294.185,0.1254
1781481900000,2026-06-15,00:05:00,4294.175,4296.608,4293.365,4296.405,0.115
1781482200000,2026-06-15,00:10:00,4296.398,4300.995,4296.005,4299.875,0.1778
1781482500000,2026-06-15,00:15:00,4299.835,4304.185,4299.525,4304.185,0.1592
1781482800000,2026-06-15,00:20:00,4304.115,4307.815,4301.095,4306.135,0.1648
1781483100000,2026-06-15,00:25:00,4306.205,4308.105,4300.435,4300.785,0.1428
1781483400000,2026-06-15,00:30:00,4300.945,4305.505,4295.495,4302.715,0.1568
1781483700000,2026-06-15,00:35:00,4302.525,4304.625,4296.845,4298.905,0.1253
1781484000000,2026-06-15,00:40:00,4298.875,4299.855,4295.755,4297.405,0.1018
1781484300000,2026-06-15,00:45:00,4297.325,4299.875,4295.915,4296.415,0.1175
1781484600000,2026-06-15,00:50:00,4296.415,4296.855,4292.255,4295.495,0.0966
1781484900000,2026-06-15,00:55:00,4295.555,4296.225,4291.355,4292.325,0.1064
1781485200000,2026-06-15,01:00:00,4292.355,4300.015,4285.185,4291.515,0.315
1781485500000,2026-06-15,01:05:00,4291.565,4296.135,4288.075,4289.235,0.2344
1781485800000,2026-06-15,01:10:00,4289.235,4296.945,4289.195,4295.935,0.2006
1781486100000,2026-06-15,01:15:00,4295.745,4296.045,4288.945,4292.705,0.1886
1781486400000,2026-06-15,01:20:00,4292.765,4306.265,4292.765,4302.385,0.2226
1781486700000,2026-06-15,01:25:00,4302.455,4304.435,4296.535,4303.295,0.1968
1781487000000,2026-06-15,01:30:00,4303.395,4315.385,4301.025,4312.275,0.2103
1781487300000,2026-06-15,01:35:00,4312.325,4316.445,4308.155,4315.315,0.1856
1781487600000,2026-06-15,01:40:00,4315.495,4319.315,4314.515,4317.565,0.1638
1781487900000,2026-06-15,01:45:00,4317.355,4317.725,4312.925,4317.355,0.1529
1781488200000,2026-06-15,01:50:00,4317.365,4319.045,4314.825,4315.905,0.1371
1781488500000,2026-06-15,01:55:00,4315.985,4318.815,4315.105,4316.465,0.1399
1781488800000,2026-06-15,02:00:00,4316.435,4324.345,4315.765,4322.055,0.1652
1781489100000,2026-06-15,02:05:00,4322.105,4324.705,4321.265,4321.325,0.1313
1781489400000,2026-06-15,02:10:00,4321.375,4326.605,4319.825,4326.455,0.1396
1781489700000,2026-06-15,02:15:00,4326.545,4328.395,4324.195,4324.935,0.104
1781490000000,2026-06-15,02:20:00,4324.995,4330.865,4324.995,4329.325,0.1054
1781490300000,2026-06-15,02:25:00,4329.375,4330.815,4326.545,4327.865,0.0934
1781490600000,2026-06-15,02:30:00,4327.805,4331.915,4327.475,4329.355,0.155
1781490900000,2026-06-15,02:35:00,4329.325,4334.045,4328.255,4332.485,0.1267
1781491200000,2026-06-15,02:40:00,4332.455,4332.725,4327.855,4329.945,0.1477
1781491500000,2026-06-15,02:45:00,4330.025,4334.445,4329.295,4334.175,0.1251
1781491800000,2026-06-15,02:50:00,4334.225,4335.425,4327.605,4329.875,0.1299
1781492100000,2026-06-15,02:55:00,4329.925,4330.685,4327.815,4329.445,0.0953
1781492400000,2026-06-15,03:00:00,4329.435,4330.975,4325.365,4326.275,0.1278
1781492700000,2026-06-15,03:05:00,4326.305,4328.175,4321.885,4323.485,0.1368
1781493000000,2026-06-15,03:10:00,4323.615,4325.465,4322.178,4325.105,0.0999
1781493300000,2026-06-15,03:15:00,4325.175,4328.785,4324.165,4326.545,0.1055
1781493600000,2026-06-15,03:20:00,4326.575,4326.975,4323.745,4324.985,0.09
1781493900000,2026-06-15,03:25:00,4325.035,4325.165,4321.095,4323.845,0.1027
1781494200000,2026-06-15,03:30:00,4323.965,4326.945,4323.085,4326.035,0.0973
1781494500000,2026-06-15,03:35:00,4325.895,4327.035,4324.205,4324.485,0.0799
1781494800000,2026-06-15,03:40:00,4324.405,4324.455,4320.878,4323.025,0.064
1781495100000,2026-06-15,03:45:00,4322.965,4327.125,4322.815,4326.015,0.0506
1781495400000,2026-06-15,03:50:00,4325.825,4326.095,4324.665,4325.135,0.0335
1781495700000,2026-06-15,03:55:00,4325.155,4325.815,4323.405,4324.625,0.0525
1781496000000,2026-06-15,04:00:00,4324.675,4327.305,4322.555,4322.995,0.0837
1781496300000,2026-06-15,04:05:00,4322.975,4325.885,4322.738,4323.875,0.0551
1781496600000,2026-06-15,04:10:00,4323.875,4326.225,4323.835,4326.205,0.04
1781496900000,2026-06-15,04:15:00,4326.275,4327.225,4322.498,4323.738,0.0892
1781497200000,2026-06-15,04:20:00,4323.815,4324.945,4320.565,4322.245,0.0989
1781497500000,2026-06-15,04:25:00,4322.215,4327.395,4322.135,4326.795,0.0719
1781497800000,2026-06-15,04:30:00,4326.815,4329.035,4325.078,4328.415,0.0573
1781498100000,2026-06-15,04:35:00,4328.415,4330.015,4326.835,4327.745,0.056
1781498400000,2026-06-15,04:40:00,4327.765,4328.655,4326.485,4327.705,0.0597
1781498700000,2026-06-15,04:45:00,4327.635,4329.145,4327.298,4327.755,0.0488
1781499000000,2026-06-15,04:50:00,4327.785,4328.095,4326.385,4326.685,0.0454
1781499300000,2026-06-15,04:55:00,4326.725,4328.275,4326.255,4328.225,0.0509
1781499600000,2026-06-15,05:00:00,4328.255,4329.735,4326.915,4327.845,0.0764
1781499900000,2026-06-15,05:05:00,4327.845,4329.155,4323.565,4328.735,0.1062
1781500200000,2026-06-15,05:10:00,4328.815,4330.625,4328.285,4328.495,0.0758
1781500500000,2026-06-15,05:15:00,4328.565,4329.715,4325.585,4327.985,0.0765
1781500800000,2026-06-15,05:20:00,4327.885,4332.655,4327.785,4330.315,0.0803
1781501100000,2026-06-15,05:25:00,4330.395,4331.695,4328.185,4330.085,0.0786
1781501400000,2026-06-15,05:30:00,4330.085,4332.515,4324.595,4327.225,0.1504
1781501700000,2026-06-15,05:35:00,4327.175,4328.005,4319.355,4320.425,0.14
1781502000000,2026-06-15,05:40:00,4320.445,4320.785,4312.325,4312.448,0.1622
1781502300000,2026-06-15,05:45:00,4312.448,4316.035,4309.275,4313.818,0.1486
1781502600000,2026-06-15,05:50:00,4313.818,4314.495,4307.835,4310.135,0.1355
1781502900000,2026-06-15,05:55:00,4310.115,4311.365,4307.215,4309.755,0.1362
1781503200000,2026-06-15,06:00:00,4309.825,4312.615,4309.438,4311.805,0.1396
1781503500000,2026-06-15,06:05:00,4311.735,4313.165,4303.225,4305.035,0.1872
1781503800000,2026-06-15,06:10:00,4305.115,4308.575,4302.755,4308.575,0.139
1781504100000,2026-06-15,06:15:00,4308.555,4309.305,4303.485,4304.395,0.1175
1781504400000,2026-06-15,06:20:00,4304.495,4308.005,4302.715,4306.975,0.123
1781504700000,2026-06-15,06:25:00,4306.975,4309.145,4303.455,4304.895,0.1164
1781505000000,2026-06-15,06:30:00,4304.925,4306.785,4302.675,4306.075,0.1319
1781505300000,2026-06-15,06:35:00,4306.175,4306.795,4302.355,4302.895,0.1092
1781505600000,2026-06-15,06:40:00,4302.735,4306.565,4300.645,4306.205,0.1167
1781505900000,2026-06-15,06:45:00,4306.175,4307.655,4303.955,4307.525,0.0877
1781506200000,2026-06-15,06:50:00,4307.505,4307.805,4305.025,4307.395,0.0962
1781506500000,2026-06-15,06:55:00,4307.305,4309.615,4306.725,4307.985,0.1029
1781506800000,2026-06-15,07:00:00,4308.245,4310.555,4305.125,4310.155,0.1285
1781507100000,2026-06-15,07:05:00,4310.135,4312.975,4307.575,4312.405,0.1292
1781507400000,2026-06-15,07:10:00,4312.325,4314.295,4309.905,4313.475,0.1134
1781507700000,2026-06-15,07:15:00,4313.515,4315.185,4313.005,4314.125,0.1042
1781508000000,2026-06-15,07:20:00,4314.195,4318.605,4313.045,4316.135,0.1087
1781508300000,2026-06-15,07:25:00,4316.165,4318.125,4315.265,4316.525,0.0876
1781508600000,2026-06-15,07:30:00,4316.635,4316.885,4312.275,4313.935,0.1355
1781508900000,2026-06-15,07:35:00,4313.975,4316.335,4311.795,4315.865,0.1073
1781509200000,2026-06-15,07:40:00,4315.955,4317.295,4314.325,4316.455,0.1167
1781509500000,2026-06-15,07:45:00,4316.455,4317.185,4312.475,4313.465,0.1152
1781509800000,2026-06-15,07:50:00,4313.385,4323.265,4312.965,4323.165,0.1391
1781510100000,2026-06-15,07:55:00,4323.165,4325.255,4320.218,4323.195,0.1463
1781510400000,2026-06-15,08:00:00,4323.105,4329.165,4321.675,4328.375,0.1543
1781510700000,2026-06-15,08:05:00,4328.375,4329.305,4325.905,4328.905,0.1369
1781511000000,2026-06-15,08:10:00,4328.955,4329.645,4324.245,4328.905,0.1345
1781511300000,2026-06-15,08:15:00,4328.745,4331.275,4327.615,4329.695,0.1326
1781511600000,2026-06-15,08:20:00,4329.455,4331.925,4328.585,4328.855,0.1211
1781511900000,2026-06-15,08:25:00,4328.885,4332.805,4327.255,4328.445,0.1312
1781512200000,2026-06-15,08:30:00,4328.385,4343.405,4327.705,4343.175,0.18
1781512500000,2026-06-15,08:35:00,4343.245,4345.285,4340.958,4342.745,0.151
1781512800000,2026-06-15,08:40:00,4342.885,4344.965,4340.465,4340.745,0.1371
1781513100000,2026-06-15,08:45:00,4340.745,4342.745,4337.305,4337.755,0.1285
1781513400000,2026-06-15,08:50:00,4337.715,4339.225,4334.495,4339.045,0.1083
1781513700000,2026-06-15,08:55:00,4339.015,4339.015,4333.905,4333.995,0.0948
1781514000000,2026-06-15,09:00:00,4334.025,4341.175,4334.025,4341.175,0.136
1781514300000,2026-06-15,09:05:00,4341.355,4342.905,4339.035,4340.015,0.1155
1781514600000,2026-06-15,09:10:00,4340.025,4340.685,4337.035,4339.985,0.1091
1781514900000,2026-06-15,09:15:00,4339.965,4341.575,4337.395,4339.205,0.1052
1781515200000,2026-06-15,09:20:00,4339.185,4343.075,4338.235,4340.435,0.1209
1781515500000,2026-06-15,09:25:00,4340.475,4340.535,4336.305,4338.835,0.1355
1781515800000,2026-06-15,09:30:00,4338.825,4338.825,4334.605,4335.865,0.1346
1781516100000,2026-06-15,09:35:00,4335.915,4340.835,4335.215,4339.595,0.093
1781516400000,2026-06-15,09:40:00,4339.655,4340.015,4335.035,4335.638,0.089
1781516700000,2026-06-15,09:45:00,4335.615,4340.715,4335.055,4339.995,0.1037
1781517000000,2026-06-15,09:50:00,4339.985,4340.855,4339.365,4339.365,0.1156
1781517300000,2026-06-15,09:55:00,4339.445,4340.505,4336.395,4336.475,0.1015
1781517600000,2026-06-15,10:00:00,4336.475,4337.385,4335.695,4335.695,0.0852
1781517900000,2026-06-15,10:05:00,4335.715,4340.325,4335.595,4337.875,0.088
1781518200000,2026-06-15,10:10:00,4337.875,4337.965,4336.125,4337.625,0.0812
1781518500000,2026-06-15,10:15:00,4337.625,4339.035,4337.435,4338.345,0.0727
1781518800000,2026-06-15,10:20:00,4338.305,4338.715,4335.985,4338.175,0.0808
1781519100000,2026-06-15,10:25:00,4338.175,4339.305,4337.525,4338.385,0.0764
1781519400000,2026-06-15,10:30:00,4338.375,4340.265,4337.085,4339.185,0.0856
1781519700000,2026-06-15,10:35:00,4339.155,4339.925,4336.275,4336.415,0.0806
1781520000000,2026-06-15,10:40:00,4336.585,4338.115,4335.055,4337.595,0.0694
1781520300000,2026-06-15,10:45:00,4337.655,4341.295,4337.385,4340.265,0.0844
1781520600000,2026-06-15,10:50:00,4340.085,4340.505,4336.205,4337.015,0.0885
1781520900000,2026-06-15,10:55:00,4336.998,4338.695,4336.525,4337.935,0.0851
1781521200000,2026-06-15,11:00:00,4338.055,4338.735,4335.995,4337.435,0.1051
1781521500000,2026-06-15,11:05:00,4337.475,4339.115,4337.385,4338.305,0.08
1781521800000,2026-06-15,11:10:00,4338.285,4339.795,4336.795,4337.905,0.0848
1781522100000,2026-06-15,11:15:00,4337.835,4339.725,4336.745,4339.035,0.1003
1781522400000,2026-06-15,11:20:00,4339.035,4340.335,4336.095,4337.765,0.0818
1781522700000,2026-06-15,11:25:00,4337.825,4341.445,4336.415,4340.985,0.0941
1781523000000,2026-06-15,11:30:00,4341.075,4346.615,4341.075,4345.805,0.1234
1781523300000,2026-06-15,11:35:00,4345.835,4346.575,4341.335,4346.495,0.1091
1781523600000,2026-06-15,11:40:00,4346.515,4347.345,4337.665,4338.255,0.151
1781523900000,2026-06-15,11:45:00,4338.205,4338.365,4331.575,4333.535,0.1842
1781524200000,2026-06-15,11:50:00,4333.575,4336.678,4333.575,4335.745,0.1415
1781524500000,2026-06-15,11:55:00,4335.775,4336.035,4333.695,4335.095,0.0998
1781524800000,2026-06-15,12:00:00,4335.095,4338.385,4333.855,4337.425,0.1172
1781525100000,2026-06-15,12:05:00,4337.385,4338.055,4334.215,4334.465,0.1074
1781525400000,2026-06-15,12:10:00,4334.485,4338.475,4330.335,4331.205,0.1576
1781525700000,2026-06-15,12:15:00,4331.205,4333.195,4324.515,4327.235,0.1905
1781526000000,2026-06-15,12:20:00,4327.135,4335.085,4325.045,4332.925,0.192
1781526300000,2026-06-15,12:25:00,4333.005,4337.965,4333.005,4337.045,0.1518
1781526600000,2026-06-15,12:30:00,4337.255,4343.315,4334.955,4342.265,0.156
1781526900000,2026-06-15,12:35:00,4342.175,4346.535,4340.315,4343.765,0.1514
1781527200000,2026-06-15,12:40:00,4343.795,4346.385,4343.035,4344.805,0.1134
1781527500000,2026-06-15,12:45:00,4344.975,4346.598,4343.025,4345.598,0.1312
1781527800000,2026-06-15,12:50:00,4345.598,4349.175,4343.445,4344.048,0.1553
1781528100000,2026-06-15,12:55:00,4343.938,4349.105,4343.628,4348.855,0.1416
1781528400000,2026-06-15,13:00:00,4348.805,4348.805,4341.945,4342.895,0.1799
1781528700000,2026-06-15,13:05:00,4342.825,4346.605,4341.065,4345.065,0.142
1781529000000,2026-06-15,13:10:00,4345.225,4350.255,4345.115,4348.925,0.1204
1781529300000,2026-06-15,13:15:00,4348.965,4353.615,4348.965,4352.845,0.1677
1781529600000,2026-06-15,13:20:00,4352.805,4355.405,4351.395,4353.525,0.1606
1781529900000,2026-06-15,13:25:00,4353.685,4355.875,4352.645,4353.095,0.1771
1781530200000,2026-06-15,13:30:00,4353.215,4364.775,4351.965,4362.905,0.303
1781530500000,2026-06-15,13:35:00,4362.875,4366.595,4359.168,4363.035,0.2901
1781530800000,2026-06-15,13:40:00,4362.998,4368.595,4360.225,4362.988,0.354
1781531100000,2026-06-15,13:45:00,4362.988,4364.665,4359.275,4361.805,0.3284
1781531400000,2026-06-15,13:50:00,4361.885,4362.715,4356.465,4357.515,0.3151
1781531700000,2026-06-15,13:55:00,4357.555,4361.785,4354.155,4355.165,0.2911
1781532000000,2026-06-15,14:00:00,4355.135,4360.455,4353.728,4358.645,0.2974
1781532300000,2026-06-15,14:05:00,4358.645,4369.485,4357.655,4365.805,0.2898
1781532600000,2026-06-15,14:10:00,4365.815,4365.855,4354.055,4357.195,0.2459
1781532900000,2026-06-15,14:15:00,4357.285,4362.798,4356.825,4361.305,0.2306
1781533200000,2026-06-15,14:20:00,4361.365,4361.505,4353.765,4357.365,0.2194
1781533500000,2026-06-15,14:25:00,4357.245,4364.065,4356.835,4363.455,0.2529
1781533800000,2026-06-15,14:30:00,4363.415,4364.985,4356.525,4357.048,0.2636
1781534100000,2026-06-15,14:35:00,4357.088,4359.805,4353.788,4357.205,0.193
1781534400000,2026-06-15,14:40:00,4357.325,4358.655,4354.435,4356.805,0.2136
1781534700000,2026-06-15,14:45:00,4356.835,4362.695,4355.245,4361.735,0.2022
1781535000000,2026-06-15,14:50:00,4361.675,4363.455,4358.745,4361.225,0.2049
1781535300000,2026-06-15,14:55:00,4361.188,4362.045,4356.235,4356.515,0.2221
1781535600000,2026-06-15,15:00:00,4356.495,4357.075,4351.335,4354.695,0.2225
1781535900000,2026-06-15,15:05:00,4354.715,4359.225,4352.905,4354.005,0.1763
1781536200000,2026-06-15,15:10:00,4353.905,4354.265,4349.345,4350.875,0.2119
1781536500000,2026-06-15,15:15:00,4350.835,4355.855,4350.285,4351.285,0.192
1781536800000,2026-06-15,15:20:00,4351.325,4357.155,4349.985,4356.248,0.1459
1781537100000,2026-06-15,15:25:00,4356.248,4358.065,4353.058,4353.815,0.164
1781537400000,2026-06-15,15:30:00,4353.835,4354.655,4349.375,4352.615,0.1602
1781537700000,2026-06-15,15:35:00,4352.815,4355.175,4351.975,4354.505,0.1284
1781538000000,2026-06-15,15:40:00,4354.445,4359.645,4353.568,4357.365,0.1698
1781538300000,2026-06-15,15:45:00,4357.405,4360.655,4356.715,4356.715,0.156
1781538600000,2026-06-15,15:50:00,4356.618,4357.435,4354.735,4356.395,0.1471
1781538900000,2026-06-15,15:55:00,4356.455,4358.775,4355.958,4356.115,0.1621
1781539200000,2026-06-15,16:00:00,4356.175,4357.105,4354.478,4356.915,0.1606
1781539500000,2026-06-15,16:05:00,4356.875,4358.545,4351.965,4352.025,0.1274
1781539800000,2026-06-15,16:10:00,4352.055,4352.695,4348.935,4351.635,0.1507
1781540100000,2026-06-15,16:15:00,4351.695,4352.405,4343.635,4345.675,0.1535
1781540400000,2026-06-15,16:20:00,4345.665,4346.375,4339.728,4339.728,0.1602
1781540700000,2026-06-15,16:25:00,4339.725,4344.275,4338.915,4342.745,0.1359
1781541000000,2026-06-15,16:30:00,4342.805,4342.945,4338.195,4340.585,0.1105
1781541300000,2026-06-15,16:35:00,4340.555,4341.495,4337.495,4338.715,0.1149
1781541600000,2026-06-15,16:40:00,4338.755,4340.748,4336.005,4336.045,0.1512
1781541900000,2026-06-15,16:45:00,4336.045,4338.435,4335.545,4336.485,0.1739
1781542200000,2026-06-15,16:50:00,4336.425,4338.748,4334.385,4337.755,0.1342
1781542500000,2026-06-15,16:55:00,4337.735,4339.625,4335.895,4339.095,0.1269
1781542800000,2026-06-15,17:00:00,4339.015,4339.015,4333.275,4333.775,0.1759
1781543100000,2026-06-15,17:05:00,4333.778,4335.305,4331.158,4332.075,0.1762
1781543400000,2026-06-15,17:10:00,4331.985,4334.775,4330.495,4333.598,0.182
1781543700000,2026-06-15,17:15:00,4333.665,4334.668,4330.038,4330.748,0.1795
1781544000000,2026-06-15,17:20:00,4330.705,4331.365,4328.725,4330.805,0.2201
1781544300000,2026-06-15,17:25:00,4330.775,4333.795,4329.208,4329.598,0.2489
1781544600000,2026-06-15,17:30:00,4329.605,4329.665,4325.508,4325.518,0.1491
1781544900000,2026-06-15,17:35:00,4325.475,4327.538,4321.538,4324.005,0.1927
1781545200000,2026-06-15,17:40:00,4323.965,4324.638,4320.845,4321.818,0.187
1781545500000,2026-06-15,17:45:00,4321.818,4325.195,4320.975,4322.715,0.1751
1781545800000,2026-06-15,17:50:00,4322.695,4323.385,4320.175,4321.278,0.1784
1781546100000,2026-06-15,17:55:00,4321.278,4324.745,4320.515,4324.535,0.1468
1781546400000,2026-06-15,18:00:00,4324.538,4324.825,4317.865,4320.348,0.1986
1781546700000,2026-06-15,18:05:00,4320.315,4321.815,4318.445,4320.655,0.1979
1781547000000,2026-06-15,18:10:00,4320.765,4324.435,4320.368,4324.145,0.1754
1781547300000,2026-06-15,18:15:00,4324.175,4325.875,4322.685,4324.755,0.1742
1781547600000,2026-06-15,18:20:00,4324.725,4327.835,4324.655,4326.665,0.1623
1781547900000,2026-06-15,18:25:00,4326.565,4327.855,4323.898,4324.525,0.158
1781548200000,2026-06-15,18:30:00,4324.525,4325.095,4321.565,4322.985,0.181
1781548500000,2026-06-15,18:35:00,4323.055,4325.615,4321.775,4324.685,0.1663
1781548800000,2026-06-15,18:40:00,4324.735,4326.005,4324.088,4324.725,0.0905
1781549100000,2026-06-15,18:45:00,4324.755,4325.285,4323.815,4324.975,0.1261
1781549400000,2026-06-15,18:50:00,4324.955,4327.145,4324.755,4325.745,0.1138
1781549700000,2026-06-15,18:55:00,4325.745,4326.485,4324.675,4325.455,0.1016
1781550000000,2026-06-15,19:00:00,4325.485,4326.475,4321.528,4322.075,0.1226
1781550300000,2026-06-15,19:05:00,4322.045,4323.325,4321.065,4322.025,0.112
1781550600000,2026-06-15,19:10:00,4321.965,4323.045,4320.665,4322.355,0.114
1781550900000,2026-06-15,19:15:00,4322.335,4324.265,4322.155,4323.995,0.1198
1781551200000,2026-06-15,19:20:00,4324.015,4324.435,4320.875,4323.165,0.1064
1781551500000,2026-06-15,19:25:00,4323.195,4323.735,4320.595,4321.265,0.11
1781551800000,2026-06-15,19:30:00,4321.225,4323.585,4321.215,4322.505,0.1334
1781552100000,2026-06-15,19:35:00,4322.565,4322.615,4319.165,4320.625,0.1548
1781552400000,2026-06-15,19:40:00,4320.575,4321.095,4317.978,4319.075,0.1588
1781552700000,2026-06-15,19:45:00,4319.075,4320.055,4317.605,4318.375,0.1566
1781553000000,2026-06-15,19:50:00,4318.088,4320.395,4316.365,4319.705,0.1742
1781553300000,2026-06-15,19:55:00,4319.865,4320.965,4318.555,4320.525,0.1682
1781553600000,2026-06-15,20:00:00,4320.545,4321.855,4319.145,4319.335,0.0787
1781553900000,2026-06-15,20:05:00,4319.365,4320.455,4318.785,4319.155,0.0396
1781554200000,2026-06-15,20:10:00,4319.065,4319.065,4315.515,4315.698,0.0505
1781554500000,2026-06-15,20:15:00,4315.698,4318.405,4314.018,4317.585,0.0496
1781554800000,2026-06-15,20:20:00,4317.625,4317.675,4311.885,4312.305,0.0586
1781555100000,2026-06-15,20:25:00,4312.305,4314.035,4310.455,4312.535,0.0495
1781555400000,2026-06-15,20:30:00,4312.595,4312.895,4310.505,4311.015,0.0449
1781555700000,2026-06-15,20:35:00,4311.045,4312.315,4309.915,4311.585,0.0483
1781556000000,2026-06-15,20:40:00,4311.535,4312.305,4308.195,4309.665,0.0454
1781556300000,2026-06-15,20:45:00,4309.605,4310.475,4308.385,4309.835,0.0509
1781556600000,2026-06-15,20:50:00,4309.975,4310.345,4306.375,4307.675,0.0505
1781556900000,2026-06-15,20:55:00,4307.745,4309.555,4306.305,4309.315,0.0394
1781560800000,2026-06-15,22:00:00,4308.898,4313.275,4307.658,4313.085,0.0496
1781561100000,2026-06-15,22:05:00,4313.065,4315.135,4311.885,4313.065,0.0315
1781561400000,2026-06-15,22:10:00,4313.165,4313.645,4308.785,4309.815,0.0464
1781561700000,2026-06-15,22:15:00,4309.805,4311.675,4306.465,4310.725,0.0526
1781562000000,2026-06-15,22:20:00,4310.645,4313.215,4307.175,4307.385,0.0411
1781562300000,2026-06-15,22:25:00,4307.345,4309.835,4305.755,4308.205,0.0477
1781562600000,2026-06-15,22:30:00,4308.225,4311.405,4306.445,4309.675,0.036
1781562900000,2026-06-15,22:35:00,4309.755,4310.985,4309.398,4310.885,0.0215
1781563200000,2026-06-15,22:40:00,4310.905,4314.195,4310.258,4312.085,0.0277
1781563500000,2026-06-15,22:45:00,4312.005,4312.365,4310.815,4310.815,0.0227
1781563800000,2026-06-15,22:50:00,4310.305,4314.085,4310.188,4313.315,0.0383
1781564100000,2026-06-15,22:55:00,4313.205,4314.145,4311.025,4311.458,0.0553
1781564400000,2026-06-15,23:00:00,4311.458,4315.858,4311.305,4315.258,0.0849
1781564700000,2026-06-15,23:05:00,4314.948,4316.018,4313.438,4314.118,0.0914
1781565000000,2026-06-15,23:10:00,4314.158,4315.925,4312.945,4313.165,0.0539
1781565300000,2026-06-15,23:15:00,4313.075,4314.785,4311.185,4312.475,0.0326
1781565600000,2026-06-15,23:20:00,4312.645,4314.235,4312.435,4313.575,0.0335
1781565900000,2026-06-15,23:25:00,4313.595,4315.305,4313.595,4315.185,0.0298
1781566200000,2026-06-15,23:30:00,4314.795,4316.105,4314.375,4315.955,0.0277
1781566500000,2026-06-15,23:35:00,4315.915,4318.965,4314.445,4314.915,0.0501
1781566800000,2026-06-15,23:40:00,4314.875,4318.395,4313.155,4317.945,0.0425
1781567100000,2026-06-15,23:45:00,4317.995,4318.245,4312.785,4317.045,0.0579
1781567400000,2026-06-15,23:50:00,4316.985,4318.705,4316.415,4318.165,0.029
1781567700000,2026-06-15,23:55:00,4318.225,4318.625,4314.655,4315.395,0.0408
1781568000000,2026-06-16,00:00:00,4315.375,4318.105,4313.185,4315.465,0.0816
1781568300000,2026-06-16,00:05:00,4315.505,4316.955,4314.895,4316.445,0.0469
1781568600000,2026-06-16,00:10:00,4316.425,4317.135,4313.115,4313.195,0.0461
1781568900000,2026-06-16,00:15:00,4313.165,4315.515,4309.905,4311.325,0.0679
1781569200000,2026-06-16,00:20:00,4311.295,4311.985,4307.815,4308.925,0.088
1781569500000,2026-06-16,00:25:00,4308.905,4310.235,4306.665,4308.125,0.0879
1781569800000,2026-06-16,00:30:00,4308.095,4311.495,4307.705,4310.545,0.1251
1781570100000,2026-06-16,00:35:00,4310.585,4313.585,4309.345,4311.805,0.0923
1781570400000,2026-06-16,00:40:00,4311.725,4311.985,4309.725,4310.925,0.0765
1781570700000,2026-06-16,00:45:00,4310.715,4312.655,4310.295,4312.055,0.0871
1781571000000,2026-06-16,00:50:00,4311.905,4313.715,4311.255,4313.145,0.0886
1781571300000,2026-06-16,00:55:00,4313.575,4320.645,4313.575,4318.905,0.1053
1781571600000,2026-06-16,01:00:00,4318.965,4325.715,4316.365,4321.955,0.1896
1781571900000,2026-06-16,01:05:00,4321.925,4322.075,4315.245,4318.765,0.1827
1781572200000,2026-06-16,01:10:00,4318.545,4322.955,4318.165,4319.585,0.1506
1781572500000,2026-06-16,01:15:00,4319.605,4321.405,4318.475,4318.915,0.1254
1781572800000,2026-06-16,01:20:00,4318.975,4321.745,4316.105,4318.945,0.1311
1781573100000,2026-06-16,01:25:00,4318.995,4323.715,4317.505,4319.015,0.1657
1781573400000,2026-06-16,01:30:00,4319.045,4320.095,4314.345,4315.315,0.1739
1781573700000,2026-06-16,01:35:00,4315.365,4318.515,4313.305,4317.425,0.1133
1781574000000,2026-06-16,01:40:00,4317.445,4318.215,4313.075,4314.795,0.1088
1781574300000,2026-06-16,01:45:00,4314.765,4319.185,4313.625,4317.315,0.107
1781574600000,2026-06-16,01:50:00,4317.295,4317.385,4312.635,4313.675,0.1034
1781574900000,2026-06-16,01:55:00,4313.655,4313.895,4311.798,4313.375,0.1062
1781575200000,2026-06-16,02:00:00,4313.285,4313.845,4310.045,4310.165,0.1073
1781575500000,2026-06-16,02:05:00,4309.905,4312.285,4307.325,4311.285,0.1492
1781575800000,2026-06-16,02:10:00,4311.265,4311.675,4308.785,4309.325,0.089
1781576100000,2026-06-16,02:15:00,4309.355,4311.535,4308.145,4310.455,0.0715
1781576400000,2026-06-16,02:20:00,4310.515,4311.735,4309.845,4310.045,0.0468
1781576700000,2026-06-16,02:25:00,4310.085,4312.765,4309.965,4312.445,0.0425
1781577000000,2026-06-16,02:30:00,4312.715,4318.035,4312.345,4317.585,0.1038
1781577300000,2026-06-16,02:35:00,4317.565,4318.105,4313.075,4313.365,0.0988
1781577600000,2026-06-16,02:40:00,4313.345,4313.345,4309.425,4311.845,0.0935
1781577900000,2026-06-16,02:45:00,4311.985,4313.815,4311.005,4311.915,0.0819
1781578200000,2026-06-16,02:50:00,4311.915,4317.215,4311.355,4315.795,0.105
1781578500000,2026-06-16,02:55:00,4315.825,4320.685,4314.835,4318.455,0.1002
1781578800000,2026-06-16,03:00:00,4318.395,4319.485,4316.875,4318.525,0.0765
1781579100000,2026-06-16,03:05:00,4318.555,4320.335,4316.995,4317.215,0.0657
1781579400000,2026-06-16,03:10:00,4317.255,4320.675,4317.225,4318.315,0.0605
1781579700000,2026-06-16,03:15:00,4318.355,4319.605,4315.195,4317.585,0.0765
1781580000000,2026-06-16,03:20:00,4317.615,4319.315,4315.895,4319.315,0.0685
1781580300000,2026-06-16,03:25:00,4319.375,4322.415,4319.325,4320.975,0.0715
1781580600000,2026-06-16,03:30:00,4320.925,4324.935,4319.525,4324.885,0.0797
1781580900000,2026-06-16,03:35:00,4324.915,4327.555,4324.185,4326.975,0.0822
1781581200000,2026-06-16,03:40:00,4326.995,4332.735,4326.555,4331.715,0.0866
1781581500000,2026-06-16,03:45:00,4331.615,4332.755,4329.795,4331.045,0.0641
1781581800000,2026-06-16,03:50:00,4330.975,4332.005,4328.715,4331.455,0.0615
1781582100000,2026-06-16,03:55:00,4331.495,4332.845,4329.755,4330.275,0.0925
1781582400000,2026-06-16,04:00:00,4330.205,4331.898,4329.035,4329.035,0.0965
1781582700000,2026-06-16,04:05:00,4329.065,4330.525,4327.898,4328.125,0.1055
1781583000000,2026-06-16,04:10:00,4328.195,4328.235,4325.455,4326.825,0.1053
1781583300000,2026-06-16,04:15:00,4326.785,4327.395,4324.265,4325.865,0.1031
1781583600000,2026-06-16,04:20:00,4325.795,4326.855,4324.395,4324.675,0.0783
1781583900000,2026-06-16,04:25:00,4324.675,4324.675,4321.705,4322.625,0.0807
1781584200000,2026-06-16,04:30:00,4322.695,4324.405,4321.415,4323.325,0.1127
1781584500000,2026-06-16,04:35:00,4323.355,4324.975,4322.248,4323.815,0.0881
1781584800000,2026-06-16,04:40:00,4323.785,4325.045,4322.895,4322.898,0.0773
1781585100000,2026-06-16,04:45:00,4322.898,4323.598,4321.598,4323.145,0.1006
1781585400000,2026-06-16,04:50:00,4323.145,4323.425,4321.005,4321.488,0.1145
1781585700000,2026-06-16,04:55:00,4321.488,4323.475,4321.285,4322.175,0.112
1781586000000,2026-06-16,05:00:00,4322.175,4326.125,4321.805,4324.945,0.1255
1781586300000,2026-06-16,05:05:00,4325.045,4328.875,4324.285,4328.285,0.1063
1781586600000,2026-06-16,05:10:00,4328.245,4328.965,4325.695,4326.125,0.0794
1781586900000,2026-06-16,05:15:00,4326.055,4327.635,4325.598,4326.685,0.0735
1781587200000,2026-06-16,05:20:00,4326.555,4326.925,4324.785,4325.245,0.0869
1781587500000,2026-06-16,05:25:00,4325.198,4327.055,4324.155,4326.985,0.0974
1781587800000,2026-06-16,05:30:00,4326.808,4330.465,4320.525,4321.505,0.2483
1781588100000,2026-06-16,05:35:00,4321.345,4324.615,4316.505,4316.505,0.1883
1781588400000,2026-06-16,05:40:00,4316.595,4318.525,4315.635,4317.425,0.1802
1781588700000,2026-06-16,05:45:00,4317.445,4319.435,4315.925,4317.625,0.1737
1781589000000,2026-06-16,05:50:00,4317.785,4320.805,4317.785,4319.295,0.152
1781589300000,2026-06-16,05:55:00,4319.315,4320.545,4313.975,4315.595,0.1601
1781589600000,2026-06-16,06:00:00,4315.565,4317.525,4313.105,4317.215,0.1462
1781589900000,2026-06-16,06:05:00,4317.185,4318.075,4314.375,4316.675,0.1026
1781590200000,2026-06-16,06:10:00,4316.835,4319.425,4315.595,4318.425,0.1056
1781590500000,2026-06-16,06:15:00,4318.415,4318.505,4315.135,4317.075,0.0854
1781590800000,2026-06-16,06:20:00,4317.095,4318.075,4314.155,4314.595,0.1094
1781591100000,2026-06-16,06:25:00,4314.555,4317.678,4314.225,4316.415,0.0903
1781591400000,2026-06-16,06:30:00,4316.375,4319.635,4313.938,4318.235,0.1305
1781591700000,2026-06-16,06:35:00,4318.435,4320.045,4316.875,4317.305,0.1176
1781592000000,2026-06-16,06:40:00,4317.375,4317.975,4315.285,4316.075,0.1007
1781592300000,2026-06-16,06:45:00,4316.045,4318.875,4315.875,4317.875,0.1051
1781592600000,2026-06-16,06:50:00,4317.805,4319.945,4316.785,4319.125,0.0988
1781592900000,2026-06-16,06:55:00,4319.095,4324.255,4318.915,4323.745,0.125
1781593200000,2026-06-16,07:00:00,4323.705,4326.755,4322.425,4326.645,0.111
1781593500000,2026-06-16,07:05:00,4326.655,4328.335,4325.485,4326.615,0.0987
1781593800000,2026-06-16,07:10:00,4326.605,4328.225,4325.485,4325.905,0.092
1781594100000,2026-06-16,07:15:00,4325.875,4327.785,4325.465,4327.665,0.0963
1781594400000,2026-06-16,07:20:00,4327.625,4327.745,4324.025,4324.625,0.109
1781594700000,2026-06-16,07:25:00,4324.635,4329.475,4324.065,4328.575,0.1386
1781595000000,2026-06-16,07:30:00,4328.525,4332.495,4327.995,4328.555,0.1338
1781595300000,2026-06-16,07:35:00,4328.565,4330.335,4326.005,4330.325,0.1174
1781595600000,2026-06-16,07:40:00,4330.335,4331.395,4327.378,4327.495,0.1133
1781595900000,2026-06-16,07:45:00,4327.575,4329.665,4326.385,4327.735,0.1283
1781596200000,2026-06-16,07:50:00,4327.665,4333.195,4327.665,4331.535,0.1137
1781596500000,2026-06-16,07:55:00,4331.455,4335.465,4331.368,4334.945,0.1488
1781596800000,2026-06-16,08:00:00,4334.945,4335.405,4332.575,4334.745,0.1536
1781597100000,2026-06-16,08:05:00,4334.815,4338.945,4333.728,4338.945,0.1362
1781597400000,2026-06-16,08:10:00,4339.105,4339.925,4336.535,4337.715,0.1215
1781597700000,2026-06-16,08:15:00,4337.655,4341.755,4337.475,4338.865,0.1148
1781598000000,2026-06-16,08:20:00,4338.895,4340.275,4337.768,4337.855,0.1092
1781598300000,2026-06-16,08:25:00,4337.875,4343.385,4337.835,4341.075,0.1336
1781598600000,2026-06-16,08:30:00,4341.075,4343.005,4339.398,4341.285,0.116
1781598900000,2026-06-16,08:35:00,4341.345,4343.295,4338.955,4340.515,0.1028
1781599200000,2026-06-16,08:40:00,4340.615,4345.125,4339.755,4343.215,0.096
1781599500000,2026-06-16,08:45:00,4343.165,4344.005,4341.705,4342.485,0.0979
1781599800000,2026-06-16,08:50:00,4342.505,4345.145,4340.698,4344.285,0.1162
1781600100000,2026-06-16,08:55:00,4344.255,4347.905,4343.875,4346.965,0.0975
1781600400000,2026-06-16,09:00:00,4346.965,4347.595,4344.015,4344.885,0.1491
1781600700000,2026-06-16,09:05:00,4344.885,4348.195,4343.985,4347.105,0.1176
1781601000000,2026-06-16,09:10:00,4346.965,4347.765,4345.315,4346.085,0.0935
1781601300000,2026-06-16,09:15:00,4346.115,4346.225,4342.245,4342.645,0.1144
1781601600000,2026-06-16,09:20:00,4342.775,4342.775,4339.945,4341.185,0.0969
1781601900000,2026-06-16,09:25:00,4341.145,4341.245,4338.285,4339.945,0.1136
1781602200000,2026-06-16,09:30:00,4339.895,4344.775,4339.145,4344.655,0.1203
1781602500000,2026-06-16,09:35:00,4344.825,4346.135,4343.865,4346.125,0.0865
1781602800000,2026-06-16,09:40:00,4346.005,4346.195,4341.745,4342.035,0.1006
1781603100000,2026-06-16,09:45:00,4342.035,4343.995,4340.225,4343.995,0.0926
1781603400000,2026-06-16,09:50:00,4344.045,4348.285,4344.045,4348.135,0.0886
1781603700000,2026-06-16,09:55:00,4348.135,4348.195,4345.025,4345.165,0.0914
1781604000000,2026-06-16,10:00:00,4345.165,4345.435,4342.965,4343.675,0.0925
1781604300000,2026-06-16,10:05:00,4343.655,4345.595,4343.535,4345.595,0.0724
1781604600000,2026-06-16,10:10:00,4345.595,4346.625,4344.125,4345.975,0.0738
1781604900000,2026-06-16,10:15:00,4345.955,4346.495,4344.205,4344.315,0.0709
1781605200000,2026-06-16,10:20:00,4344.345,4346.265,4343.625,4345.915,0.084
1781605500000,2026-06-16,10:25:00,4345.955,4346.635,4343.885,4344.165,0.0879
1781605800000,2026-06-16,10:30:00,4344.225,4344.995,4342.835,4342.935,0.0838
1781606100000,2026-06-16,10:35:00,4342.935,4345.585,4342.185,4345.055,0.0902
1781606400000,2026-06-16,10:40:00,4345.125,4346.705,4344.555,4346.605,0.0835
1781606700000,2026-06-16,10:45:00,4346.585,4347.805,4346.455,4346.605,0.0892
1781607000000,2026-06-16,10:50:00,4346.645,4348.695,4346.585,4347.435,0.091
1781607300000,2026-06-16,10:55:00,4347.435,4348.885,4346.675,4348.845,0.114
1781607600000,2026-06-16,11:00:00,4348.895,4349.355,4344.125,4344.195,0.1364
1781607900000,2026-06-16,11:05:00,4344.285,4345.225,4339.985,4340.425,0.1297
1781608200000,2026-06-16,11:10:00,4340.475,4342.395,4339.435,4341.605,0.1213
1781608500000,2026-06-16,11:15:00,4341.405,4341.995,4338.445,4340.635,0.1133
1781608800000,2026-06-16,11:20:00,4340.635,4340.825,4338.575,4340.815,0.0958
1781609100000,2026-06-16,11:25:00,4340.815,4343.415,4340.075,4341.935,0.1058
1781609400000,2026-06-16,11:30:00,4341.925,4342.145,4337.995,4340.555,0.1193
1781609700000,2026-06-16,11:35:00,4340.555,4340.735,4334.915,4338.705,0.1721
1781610000000,2026-06-16,11:40:00,4338.605,4339.965,4337.715,4338.895,0.1234
1781610300000,2026-06-16,11:45:00,4338.785,4341.395,4336.755,4337.225,0.1064
1781610600000,2026-06-16,11:50:00,4337.155,4341.205,4336.775,4339.855,0.1076
1781610900000,2026-06-16,11:55:00,4339.905,4341.395,4337.305,4340.755,0.1296
1781611200000,2026-06-16,12:00:00,4340.705,4342.005,4338.345,4338.555,0.1509
1781611500000,2026-06-16,12:05:00,4338.535,4344.785,4337.885,4342.895,0.147
1781611800000,2026-06-16,12:10:00,4342.995,4345.425,4341.935,4344.415,0.1102
1781612100000,2026-06-16,12:15:00,4344.325,4344.925,4340.085,4341.295,0.1164
1781612400000,2026-06-16,12:20:00,4341.345,4343.195,4337.155,4341.795,0.1803
1781612700000,2026-06-16,12:25:00,4341.755,4343.555,4339.065,4343.485,0.1273
1781613000000,2026-06-16,12:30:00,4343.515,4346.925,4341.295,4344.335,0.1608
1781613300000,2026-06-16,12:35:00,4344.335,4346.995,4342.625,4346.735,0.1512
1781613600000,2026-06-16,12:40:00,4346.825,4349.495,4345.185,4349.265,0.1745
1781613900000,2026-06-16,12:45:00,4349.305,4350.645,4348.335,4348.865,0.145
1781614200000,2026-06-16,12:50:00,4348.865,4354.695,4348.575,4350.845,0.1865
1781614500000,2026-06-16,12:55:00,4350.815,4354.905,4350.815,4354.425,0.138
1781614800000,2026-06-16,13:00:00,4354.405,4354.785,4346.905,4347.025,0.251
1781615100000,2026-06-16,13:05:00,4347.135,4348.435,4343.005,4343.025,0.1984
1781615400000,2026-06-16,13:10:00,4343.025,4345.775,4341.905,4343.485,0.1788
1781615700000,2026-06-16,13:15:00,4343.785,4344.745,4339.255,4340.255,0.2089
1781616000000,2026-06-16,13:20:00,4340.255,4340.295,4332.865,4338.005,0.2228
1781616300000,2026-06-16,13:25:00,4337.995,4339.175,4333.905,4334.915,0.2001
1781616600000,2026-06-16,13:30:00,4334.935,4340.375,4333.515,4337.925,0.2923
1781616900000,2026-06-16,13:35:00,4337.925,4340.075,4336.235,4337.665,0.2605
1781617200000,2026-06-16,13:40:00,4337.585,4339.595,4334.945,4338.775,0.2525
1781617500000,2026-06-16,13:45:00,4338.795,4340.465,4334.085,4337.335,0.2625
1781617800000,2026-06-16,13:50:00,4337.445,4340.205,4334.495,4336.875,0.2444
1781618100000,2026-06-16,13:55:00,4336.845,4336.845,4331.455,4331.525,0.2622
1781618400000,2026-06-16,14:00:00,4331.435,4338.485,4331.235,4338.415,0.2461
1781618700000,2026-06-16,14:05:00,4338.415,4338.515,4332.975,4333.605,0.2034
1781619000000,2026-06-16,14:10:00,4333.685,4335.845,4332.155,4335.285,0.1972
1781619300000,2026-06-16,14:15:00,4335.165,4335.165,4322.265,4322.895,0.3109
1781619600000,2026-06-16,14:20:00,4322.905,4325.745,4321.315,4324.935,0.2651
1781619900000,2026-06-16,14:25:00,4325.135,4325.555,4317.375,4319.385,0.3042
1781620200000,2026-06-16,14:30:00,4319.315,4321.115,4313.005,4317.495,0.3463
1781620500000,2026-06-16,14:35:00,4317.515,4325.565,4317.465,4324.625,0.2841
1781620800000,2026-06-16,14:40:00,4324.625,4328.135,4323.445,4324.145,0.2426
1781621100000,2026-06-16,14:45:00,4324.075,4326.708,4322.815,4324.995,0.2354
1781621400000,2026-06-16,14:50:00,4325.075,4327.155,4323.385,4324.755,0.2199
1781621700000,2026-06-16,14:55:00,4324.745,4324.775,4321.345,4323.905,0.2526
1781622000000,2026-06-16,15:00:00,4323.895,4327.005,4322.215,4323.155,0.2327
1781622300000,2026-06-16,15:05:00,4323.155,4325.795,4322.595,4324.335,0.2032
1781622600000,2026-06-16,15:10:00,4324.335,4326.165,4322.935,4324.395,0.1742
1781622900000,2026-06-16,15:15:00,4324.315,4328.445,4323.705,4325.165,0.1677
1781623200000,2026-06-16,15:20:00,4325.215,4327.395,4320.965,4321.265,0.1849
1781623500000,2026-06-16,15:25:00,4321.265,4326.425,4321.025,4325.705,0.198
1781623800000,2026-06-16,15:30:00,4325.705,4327.205,4323.845,4326.075,0.2026
1781624100000,2026-06-16,15:35:00,4326.025,4328.595,4322.805,4325.605,0.24
1781624400000,2026-06-16,15:40:00,4325.615,4326.835,4323.315,4326.395,0.1891
1781624700000,2026-06-16,15:45:00,4326.385,4326.485,4321.845,4325.225,0.2158
1781625000000,2026-06-16,15:50:00,4325.265,4338.185,4324.475,4337.765,0.274
1781625300000,2026-06-16,15:55:00,4337.845,4343.315,4334.985,4335.035,0.3023
1781625600000,2026-06-16,16:00:00,4335.035,4339.025,4334.605,4337.305,0.2285
1781625900000,2026-06-16,16:05:00,4337.335,4343.935,4337.225,4341.705,0.2173
1781626200000,2026-06-16,16:10:00,4341.565,4346.795,4340.875,4345.745,0.1934
1781626500000,2026-06-16,16:15:00,4345.925,4346.645,4343.255,4345.985,0.1792
1781626800000,2026-06-16,16:20:00,4345.985,4346.095,4341.615,4342.955,0.1643
1781627100000,2026-06-16,16:25:00,4342.935,4345.495,4342.235,4344.365,0.1896
1781627400000,2026-06-16,16:30:00,4344.395,4345.065,4340.345,4340.725,0.2036
1781627700000,2026-06-16,16:35:00,4340.695,4344.515,4339.985,4344.215,0.2034
1781628000000,2026-06-16,16:40:00,4344.235,4345.055,4343.195,4343.925,0.1831
1781628300000,2026-06-16,16:45:00,4343.955,4345.655,4343.395,4343.565,0.183
1781628600000,2026-06-16,16:50:00,4343.585,4346.255,4341.345,4341.365,0.1784
1781628900000,2026-06-16,16:55:00,4341.455,4342.345,4339.855,4340.525,0.158
1781629200000,2026-06-16,17:00:00,4340.465,4340.465,4337.965,4339.345,0.1623
1781629500000,2026-06-16,17:05:00,4339.375,4341.105,4338.565,4339.705,0.1521
1781629800000,2026-06-16,17:10:00,4339.675,4339.875,4334.125,4335.455,0.162
1781630100000,2026-06-16,17:15:00,4335.375,4335.835,4330.405,4330.975,0.1681
1781630400000,2026-06-16,17:20:00,4331.155,4331.485,4325.105,4328.185,0.2397
1781630700000,2026-06-16,17:25:00,4328.115,4334.915,4327.785,4334.625,0.2418
1781631000000,2026-06-16,17:30:00,4335.015,4337.815,4334.015,4337.295,0.1634
1781631300000,2026-06-16,17:35:00,4337.175,4339.915,4335.905,4336.655,0.1554
1781631600000,2026-06-16,17:40:00,4336.725,4339.185,4336.155,4338.295,0.1566
1781631900000,2026-06-16,17:45:00,4338.235,4338.335,4335.795,4337.125,0.1466
1781632200000,2026-06-16,17:50:00,4337.145,4340.248,4336.615,4339.245,0.148
1781632500000,2026-06-16,17:55:00,4339.175,4340.355,4338.725,4340.195,0.1609
1781632800000,2026-06-16,18:00:00,4340.035,4342.525,4339.435,4340.675,0.1942
1781633100000,2026-06-16,18:05:00,4340.485,4340.995,4338.975,4340.225,0.1551
1781633400000,2026-06-16,18:10:00,4340.195,4342.435,4340.195,4341.565,0.1659
1781633700000,2026-06-16,18:15:00,4341.535,4342.165,4339.245,4339.935,0.1674
1781634000000,2026-06-16,18:20:00,4339.935,4340.805,4338.895,4339.615,0.1611
1781634300000,2026-06-16,18:25:00,4339.615,4341.495,4339.028,4341.235,0.1582
1781634600000,2026-06-16,18:30:00,4341.255,4342.615,4339.738,4340.185,0.1496
1781634900000,2026-06-16,18:35:00,4340.255,4340.845,4338.288,4338.435,0.1757
1781635200000,2026-06-16,18:40:00,4338.485,4339.398,4338.145,4338.645,0.1522
1781635500000,2026-06-16,18:45:00,4338.645,4339.945,4336.325,4336.355,0.1377
1781635800000,2026-06-16,18:50:00,4336.385,4338.505,4335.995,4337.965,0.1198
1781636100000,2026-06-16,18:55:00,4337.985,4339.365,4337.305,4338.385,0.1386
1781636400000,2026-06-16,19:00:00,4338.345,4342.435,4337.635,4341.795,0.1918
1781636700000,2026-06-16,19:05:00,4341.725,4342.705,4340.545,4340.845,0.2084
1781637000000,2026-06-16,19:10:00,4340.895,4341.195,4338.728,4338.955,0.1809
1781637300000,2026-06-16,19:15:00,4338.945,4339.075,4336.128,4338.795,0.2173
1781637600000,2026-06-16,19:20:00,4338.715,4340.715,4338.235,4339.825,0.2143
1781637900000,2026-06-16,19:25:00,4339.685,4340.995,4339.328,4339.398,0.1877
1781638200000,2026-06-16,19:30:00,4339.365,4339.905,4338.428,4338.848,0.1771
1781638500000,2026-06-16,19:35:00,4338.845,4339.475,4337.328,4337.545,0.189
1781638800000,2026-06-16,19:40:00,4337.398,4339.048,4336.708,4338.415,0.1508
1781639100000,2026-06-16,19:45:00,4338.425,4339.548,4336.988,4337.555,0.156
1781639400000,2026-06-16,19:50:00,4337.505,4338.998,4333.265,4333.835,0.2447
1781639700000,2026-06-16,19:55:00,4333.785,4334.208,4330.398,4334.105,0.3261
1781640000000,2026-06-16,20:00:00,4334.105,4334.245,4331.008,4332.655,0.1281
1781640300000,2026-06-16,20:05:00,4332.605,4333.595,4331.728,4331.758,0.0685
1781640600000,2026-06-16,20:10:00,4331.615,4333.215,4331.038,4331.038,0.0891
1781640900000,2026-06-16,20:15:00,4331.165,4333.655,4330.935,4333.305,0.0677
1781641200000,2026-06-16,20:20:00,4333.115,4333.865,4332.485,4333.615,0.0544
1781641500000,2026-06-16,20:25:00,4333.615,4334.195,4332.498,4332.568,0.0445
1781641800000,2026-06-16,20:30:00,4332.915,4333.565,4331.408,4332.125,0.0538
1781642100000,2026-06-16,20:35:00,4332.125,4334.355,4331.715,4334.355,0.0549
1781642400000,2026-06-16,20:40:00,4334.225,4334.975,4332.705,4333.365,0.0606
1781642700000,2026-06-16,20:45:00,4333.255,4333.325,4330.135,4331.605,0.0551
1781643000000,2026-06-16,20:50:00,4331.565,4332.685,4330.475,4330.935,0.0358
1781643300000,2026-06-16,20:55:00,4330.955,4331.295,4329.315,4330.995,0.0482
1781647200000,2026-06-16,22:00:00,4331.365,4335.145,4330.405,4331.505,0.0486
1781647500000,2026-06-16,22:05:00,4331.435,4332.575,4330.865,4332.155,0.0266
1781647800000,2026-06-16,22:10:00,4332.115,4332.765,4331.935,4332.215,0.013
1781648100000,2026-06-16,22:15:00,4332.065,4332.865,4329.075,4331.045,0.0288
1781648400000,2026-06-16,22:20:00,4330.995,4331.865,4328.815,4328.945,0.0349
1781648700000,2026-06-16,22:25:00,4329.025,4331.205,4328.745,4329.845,0.0496
1781649000000,2026-06-16,22:30:00,4330.035,4332.815,4329.865,4332.085,0.0329
1781649300000,2026-06-16,22:35:00,4331.985,4333.045,4331.025,4332.375,0.0253
1781649600000,2026-06-16,22:40:00,4332.355,4332.855,4331.705,4332.525,0.0251
1781649900000,2026-06-16,22:45:00,4332.485,4334.205,4332.485,4333.065,0.0195
1781650200000,2026-06-16,22:50:00,4333.205,4334.325,4331.915,4334.005,0.0242
1781650500000,2026-06-16,22:55:00,4333.985,4335.955,4333.275,4334.885,0.0365
1781650800000,2026-06-16,23:00:00,4334.848,4334.848,4333.548,4333.938,0.0228
1781651100000,2026-06-16,23:05:00,4333.938,4336.015,4333.318,4335.325,0.0279
1781651400000,2026-06-16,23:10:00,4335.625,4338.245,4335.215,4336.405,0.0401
1781651700000,2026-06-16,23:15:00,4336.365,4336.845,4335.575,4335.735,0.0172
1781652000000,2026-06-16,23:20:00,4335.655,4336.165,4335.338,4335.765,0.0196
1781652300000,2026-06-16,23:25:00,4335.555,4336.525,4335.555,4335.915,0.0183
1781652600000,2026-06-16,23:30:00,4335.955,4336.265,4333.875,4335.015,0.0253
1781652900000,2026-06-16,23:35:00,4335.045,4335.725,4332.965,4333.435,0.0244
1781653200000,2026-06-16,23:40:00,4333.405,4334.475,4332.765,4334.435,0.0184
1781653500000,2026-06-16,23:45:00,4334.395,4334.805,4332.238,4333.165,0.0367
1781653800000,2026-06-16,23:50:00,4333.125,4333.335,4330.665,4332.215,0.039
1781654100000,2026-06-16,23:55:00,4332.165,4332.165,4329.245,4330.735,0.0413
1781654400000,2026-06-17,00:00:00,4330.765,4335.305,4328.435,4334.185,0.0986
1781654700000,2026-06-17,00:05:00,4334.225,4338.895,4333.375,4337.935,0.1315
1781655000000,2026-06-17,00:10:00,4337.945,4339.875,4337.155,4337.425,0.1061
1781655300000,2026-06-17,00:15:00,4337.445,4341.545,4337.445,4339.435,0.1048
1781655600000,2026-06-17,00:20:00,4339.455,4339.865,4337.278,4338.005,0.1038
1781655900000,2026-06-17,00:25:00,4337.935,4338.835,4336.355,4337.075,0.0789
1781656200000,2026-06-17,00:30:00,4336.995,4338.505,4336.085,4337.765,0.075
1781656500000,2026-06-17,00:35:00,4337.795,4338.665,4334.575,4334.645,0.0702
1781656800000,2026-06-17,00:40:00,4334.675,4336.475,4334.495,4335.055,0.0624
1781657100000,2026-06-17,00:45:00,4335.085,4335.215,4331.935,4333.665,0.0854
1781657400000,2026-06-17,00:50:00,4333.485,4337.675,4332.755,4335.265,0.0999
1781657700000,2026-06-17,00:55:00,4335.245,4337.215,4334.765,4336.895,0.103
1781658000000,2026-06-17,01:00:00,4336.855,4343.455,4334.185,4341.505,0.247
1781658300000,2026-06-17,01:05:00,4341.545,4349.415,4340.415,4347.385,0.1975
1781658600000,2026-06-17,01:10:00,4347.415,4349.385,4346.028,4347.395,0.1544
1781658900000,2026-06-17,01:15:00,4347.495,4347.595,4341.365,4342.498,0.1556
1781659200000,2026-06-17,01:20:00,4342.188,4342.565,4338.845,4340.625,0.1603
1781659500000,2026-06-17,01:25:00,4340.595,4343.285,4339.385,4343.185,0.1324
1781659800000,2026-06-17,01:30:00,4343.125,4343.975,4337.965,4338.935,0.1442
1781660100000,2026-06-17,01:35:00,4338.895,4341.265,4338.415,4340.075,0.1273
1781660400000,2026-06-17,01:40:00,4340.098,4341.505,4337.578,4339.325,0.115
1781660700000,2026-06-17,01:45:00,4339.215,4340.315,4336.575,4336.965,0.1207
1781661000000,2026-06-17,01:50:00,4337.305,4340.525,4337.305,4339.565,0.13
1781661300000,2026-06-17,01:55:00,4339.565,4343.465,4339.565,4340.675,0.1128
1781661600000,2026-06-17,02:00:00,4340.635,4342.505,4339.925,4340.595,0.1151
1781661900000,2026-06-17,02:05:00,4340.615,4342.515,4340.02,4341.595,0.0964
1781662200000,2026-06-17,02:10:00,4341.575,4343.945,4340.335,4341.885,0.104
1781662500000,2026-06-17,02:15:00,4341.915,4344.335,4340.995,4342.205,0.0617
1781662800000,2026-06-17,02:20:00,4342.135,4343.785,4339.645,4340.485,0.0733
1781663100000,2026-06-17,02:25:00,4340.415,4341.215,4339.435,4340.425,0.0596
1781663400000,2026-06-17,02:30:00,4340.455,4343.585,4339.875,4340.155,0.1196
1781663700000,2026-06-17,02:35:00,4340.185,4341.055,4337.565,4339.115,0.116
1781664000000,2026-06-17,02:40:00,4339.135,4340.965,4338.405,4338.615,0.0897
1781664300000,2026-06-17,02:45:00,4338.445,4338.755,4331.555,4334.465,0.1569
1781664600000,2026-06-17,02:50:00,4334.505,4335.885,4329.565,4329.855,0.1256
1781664900000,2026-06-17,02:55:00,4330.015,4333.755,4330.005,4331.475,0.1363
1781665200000,2026-06-17,03:00:00,4331.345,4333.895,4330.695,4331.505,0.1058
1781665500000,2026-06-17,03:05:00,4331.585,4333.955,4330.555,4332.415,0.0855
1781665800000,2026-06-17,03:10:00,4332.455,4332.555,4329.305,4330.305,0.0872
1781666100000,2026-06-17,03:15:00,4330.325,4331.805,4328.555,4331.155,0.1074
1781666400000,2026-06-17,03:20:00,4331.185,4331.925,4329.315,4330.045,0.0904
1781666700000,2026-06-17,03:25:00,4329.955,4332.325,4328.975,4331.485,0.1022
1781667000000,2026-06-17,03:30:00,4331.575,4332.735,4331.005,4332.475,0.0704
1781667300000,2026-06-17,03:35:00,4332.435,4332.985,4330.165,4330.485,0.065
1781667600000,2026-06-17,03:40:00,4330.495,4333.315,4330.345,4333.065,0.0611
1781667900000,2026-06-17,03:45:00,4333.065,4333.468,4332.325,4332.625,0.0491
1781668200000,2026-06-17,03:50:00,4332.555,4333.705,4331.285,4332.665,0.0607
1781668500000,2026-06-17,03:55:00,4332.655,4332.875,4330.335,4332.055,0.0583
1781668800000,2026-06-17,04:00:00,4331.935,4332.155,4328.465,4329.995,0.0849
1781669100000,2026-06-17,04:05:00,4329.955,4331.195,4329.065,4330.825,0.0643
1781669400000,2026-06-17,04:10:00,4330.825,4332.095,4330.115,4330.655,0.0599
1781669700000,2026-06-17,04:15:00,4330.685,4333.965,4329.435,4331.845,0.0861
1781670000000,2026-06-17,04:20:00,4331.745,4331.945,4327.755,4329.295,0.0612
1781670300000,2026-06-17,04:25:00,4329.265,4329.335,4323.895,4324.415,0.0954
1781670600000,2026-06-17,04:30:00,4324.385,4325.605,4317.415,4317.905,0.1035
1781670900000,2026-06-17,04:35:00,4318.085,4325.075,4318.085,4323.515,0.0886
1781671200000,2026-06-17,04:40:00,4323.585,4324.195,4321.605,4323.025,0.0634
1781671500000,2026-06-17,04:45:00,4322.995,4323.765,4322.285,4323.175,0.0617
1781671800000,2026-06-17,04:50:00,4323.185,4325.335,4322.135,4325.185,0.0642
1781672100000,2026-06-17,04:55:00,4325.155,4326.625,4323.775,4326.625,0.0541
1781672400000,2026-06-17,05:00:00,4326.705,4327.735,4325.085,4325.435,0.0764
1781672700000,2026-06-17,05:05:00,4325.605,4327.045,4323.955,4324.365,0.0661
1781673000000,2026-06-17,05:10:00,4324.395,4324.465,4321.225,4322.325,0.0664
1781673300000,2026-06-17,05:15:00,4322.565,4327.385,4321.025,4325.915,0.0905
1781673600000,2026-06-17,05:20:00,4326.005,4326.445,4324.555,4324.735,0.0633
1781673900000,2026-06-17,05:25:00,4324.745,4327.375,4324.095,4327.035,0.0869
1781674200000,2026-06-17,05:30:00,4327.005,4332.935,4326.905,4329.675,0.173
1781674500000,2026-06-17,05:35:00,4329.675,4329.965,4327.045,4328.225,0.1181
1781674800000,2026-06-17,05:40:00,4328.235,4329.865,4326.715,4329.535,0.1088
1781675100000,2026-06-17,05:45:00,4329.515,4334.105,4328.895,4331.635,0.1972
1781675400000,2026-06-17,05:50:00,4331.325,4332.805,4329.945,4329.955,0.1112
1781675700000,2026-06-17,05:55:00,4329.935,4330.445,4324.255,4326.325,0.1393
1781676000000,2026-06-17,06:00:00,4326.385,4327.815,4324.175,4327.755,0.1565
1781676300000,2026-06-17,06:05:00,4327.695,4329.875,4327.075,4327.425,0.1265
1781676600000,2026-06-17,06:10:00,4327.435,4329.755,4326.565,4329.315,0.1178
1781676900000,2026-06-17,06:15:00,4329.025,4329.265,4323.075,4323.685,0.1432
1781677200000,2026-06-17,06:20:00,4323.635,4325.545,4320.315,4323.955,0.1394
1781677500000,2026-06-17,06:25:00,4323.935,4327.135,4322.275,4324.175,0.1426
1781677800000,2026-06-17,06:30:00,4324.145,4326.265,4322.335,4325.955,0.1414
1781678100000,2026-06-17,06:35:00,4326.025,4326.745,4323.645,4325.695,0.1132
1781678400000,2026-06-17,06:40:00,4325.745,4328.915,4325.235,4327.478,0.1185
1781678700000,2026-06-17,06:45:00,4327.425,4329.395,4326.455,4329.055,0.0925
1781679000000,2026-06-17,06:50:00,4329.025,4330.175,4327.645,4329.315,0.0861
1781679300000,2026-06-17,06:55:00,4329.375,4331.695,4328.465,4331.575,0.0848
1781679600000,2026-06-17,07:00:00,4331.595,4332.735,4329.975,4330.465,0.1064
1781679900000,2026-06-17,07:05:00,4330.505,4332.415,4328.755,4330.495,0.0823
1781680200000,2026-06-17,07:10:00,4330.565,4331.895,4326.865,4327.045,0.0888
1781680500000,2026-06-17,07:15:00,4327.205,4332.635,4326.515,4327.345,0.0968
1781680800000,2026-06-17,07:20:00,4327.255,4330.065,4327.065,4328.915,0.0758
1781681100000,2026-06-17,07:25:00,4328.815,4329.015,4327.035,4329.005,0.0769
1781681400000,2026-06-17,07:30:00,4328.965,4330.055,4325.515,4325.585,0.086
1781681700000,2026-06-17,07:35:00,4325.435,4331.275,4325.315,4330.865,0.0689
1781682000000,2026-06-17,07:40:00,4330.915,4331.605,4328.455,4328.795,0.0705
1781682300000,2026-06-17,07:45:00,4328.895,4329.375,4326.345,4326.345,0.0588
1781682600000,2026-06-17,07:50:00,4326.405,4328.455,4325.075,4325.185,0.069
1781682900000,2026-06-17,07:55:00,4325.145,4328.135,4324.525,4325.045,0.0711
1781683200000,2026-06-17,08:00:00,4325.075,4326.695,4323.755,4325.865,0.1158
1781683500000,2026-06-17,08:05:00,4325.845,4327.795,4325.075,4327.045,0.1086
1781683800000,2026-06-17,08:10:00,4326.985,4326.985,4322.015,4322.755,0.1372
1781684100000,2026-06-17,08:15:00,4322.785,4323.575,4319.455,4322.875,0.1277
1781684400000,2026-06-17,08:20:00,4322.785,4323.985,4320.655,4323.775,0.1013
1781684700000,2026-06-17,08:25:00,4323.845,4324.815,4322.075,4323.495,0.117
1781685000000,2026-06-17,08:30:00,4323.465,4324.245,4319.755,4323.665,0.123
1781685300000,2026-06-17,08:35:00,4323.585,4324.035,4320.025,4320.065,0.1025
1781685600000,2026-06-17,08:40:00,4320.045,4321.695,4319.015,4319.895,0.1419
1781685900000,2026-06-17,08:45:00,4319.835,4320.105,4316.965,4319.235,0.145
1781686200000,2026-06-17,08:50:00,4319.225,4324.745,4318.225,4324.365,0.1268
1781686500000,2026-06-17,08:55:00,4324.365,4325.275,4323.055,4324.485,0.0854
1781686800000,2026-06-17,09:00:00,4324.445,4324.755,4321.045,4323.245,0.0903
1781687100000,2026-06-17,09:05:00,4323.195,4324.025,4321.565,4321.735,0.095
1781687400000,2026-06-17,09:10:00,4321.695,4325.605,4321.195,4325.045,0.0975
1781687700000,2026-06-17,09:15:00,4325.105,4327.455,4325.005,4326.555,0.1072
1781688000000,2026-06-17,09:20:00,4326.535,4328.235,4325.585,4327.085,0.095
1781688300000,2026-06-17,09:25:00,4327.195,4333.035,4327.195,4331.815,0.135
1781688600000,2026-06-17,09:30:00,4331.885,4335.445,4328.165,4329.275,0.1352
1781688900000,2026-06-17,09:35:00,4329.275,4331.025,4328.615,4328.775,0.0763
1781689200000,2026-06-17,09:40:00,4328.705,4330.695,4328.015,4328.355,0.0866
1781689500000,2026-06-17,09:45:00,4328.335,4328.935,4326.435,4326.815,0.0861
1781689800000,2026-06-17,09:50:00,4326.825,4327.875,4325.425,4326.595,0.0809
1781690100000,2026-06-17,09:55:00,4326.625,4329.515,4326.275,4329.375,0.0882
1781690400000,2026-06-17,10:00:00,4329.345,4329.975,4327.925,4328.505,0.089
1781690700000,2026-06-17,10:05:00,4328.485,4329.975,4327.655,4329.235,0.0935
1781691000000,2026-06-17,10:10:00,4329.275,4330.845,4327.485,4330.635,0.0928
1781691300000,2026-06-17,10:15:00,4330.665,4330.805,4327.725,4327.865,0.0831
1781691600000,2026-06-17,10:20:00,4327.755,4328.605,4326.915,4328.315,0.0789
1781691900000,2026-06-17,10:25:00,4328.325,4329.055,4326.495,4328.835,0.0945
1781692200000,2026-06-17,10:30:00,4328.835,4330.225,4326.995,4327.395,0.0765
1781692500000,2026-06-17,10:35:00,4327.395,4330.395,4327.065,4329.425,0.074
1781692800000,2026-06-17,10:40:00,4329.395,4331.005,4327.985,4330.725,0.0722
1781693100000,2026-06-17,10:45:00,4330.695,4334.075,4330.665,4332.355,0.1032
1781693400000,2026-06-17,10:50:00,4332.355,4335.035,4330.945,4331.165,0.1123
1781693700000,2026-06-17,10:55:00,4331.165,4332.885,4330.658,4331.305,0.0787
1781694000000,2026-06-17,11:00:00,4331.305,4331.745,4328.075,4328.125,0.1247
1781694300000,2026-06-17,11:05:00,4328.095,4330.625,4327.675,4328.155,0.106
1781694600000,2026-06-17,11:10:00,4328.305,4329.805,4327.685,4328.885,0.1149
1781694900000,2026-06-17,11:15:00,4328.808,4331.605,4328.265,4330.075,0.0808
1781695200000,2026-06-17,11:20:00,4330.115,4330.235,4328.675,4328.765,0.0948
1781695500000,2026-06-17,11:25:00,4328.815,4329.858,4327.815,4328.635,0.0931
1781695800000,2026-06-17,11:30:00,4328.865,4328.865,4325.375,4325.485,0.1275
1781696100000,2026-06-17,11:35:00,4325.535,4326.685,4324.805,4326.495,0.1022
1781696400000,2026-06-17,11:40:00,4326.595,4327.025,4324.105,4325.705,0.1031
1781696700000,2026-06-17,11:45:00,4325.705,4327.155,4323.385,4324.968,0.1063
1781697000000,2026-06-17,11:50:00,4324.968,4326.245,4323.528,4326.165,0.0928
1781697300000,2026-06-17,11:55:00,4326.145,4326.145,4320.785,4322.975,0.149
1781697600000,2026-06-17,12:00:00,4322.985,4324.685,4321.245,4321.745,0.1228
1781697900000,2026-06-17,12:05:00,4321.715,4324.475,4320.025,4322.815,0.1376
1781698200000,2026-06-17,12:10:00,4322.975,4324.765,4319.665,4323.335,0.136
1781698500000,2026-06-17,12:15:00,4323.235,4324.095,4321.625,4323.485,0.0995
1781698800000,2026-06-17,12:20:00,4323.595,4327.485,4322.735,4326.645,0.1468
1781699100000,2026-06-17,12:25:00,4326.645,4327.015,4323.825,4324.025,0.1044
1781699400000,2026-06-17,12:30:00,4324.135,4330.415,4323.388,4328.765,0.1381
1781699700000,2026-06-17,12:35:00,4328.765,4332.055,4327.955,4330.355,0.1275
1781700000000,2026-06-17,12:40:00,4330.335,4331.825,4329.465,4331.415,0.1206
1781700300000,2026-06-17,12:45:00,4331.465,4334.765,4330.915,4333.335,0.1184
1781700600000,2026-06-17,12:50:00,4333.375,4335.415,4332.155,4332.335,0.0718
1781700900000,2026-06-17,12:55:00,4332.395,4335.205,4332.035,4333.475,0.0828
1781701200000,2026-06-17,13:00:00,4333.455,4334.125,4328.345,4329.475,0.1505
1781701500000,2026-06-17,13:05:00,4329.595,4330.675,4323.895,4327.385,0.1862
1781701800000,2026-06-17,13:10:00,4327.325,4334.095,4327.215,4331.735,0.1493
1781702100000,2026-06-17,13:15:00,4331.705,4333.505,4330.775,4331.775,0.1271
1781702400000,2026-06-17,13:20:00,4331.805,4338.135,4331.035,4336.115,0.1773
1781702700000,2026-06-17,13:25:00,4336.115,4336.785,4333.755,4335.255,0.1989
1781703000000,2026-06-17,13:30:00,4335.295,4337.245,4332.475,4334.775,0.2774
1781703300000,2026-06-17,13:35:00,4334.775,4340.645,4333.775,4337.445,0.2774
1781703600000,2026-06-17,13:40:00,4337.465,4341.845,4336.605,4341.725,0.2475
1781703900000,2026-06-17,13:45:00,4341.375,4344.105,4340.155,4341.575,0.2562
1781704200000,2026-06-17,13:50:00,4341.555,4345.185,4339.415,4340.215,0.2325
1781704500000,2026-06-17,13:55:00,4340.215,4342.385,4339.055,4339.568,0.2079
1781704800000,2026-06-17,14:00:00,4339.555,4340.998,4335.495,4340.355,0.2879
1781705100000,2026-06-17,14:05:00,4340.355,4345.838,4339.455,4342.385,0.2737
1781705400000,2026-06-17,14:10:00,4342.425,4344.275,4339.905,4342.125,0.2746
1781705700000,2026-06-17,14:15:00,4342.165,4343.305,4340.835,4341.435,0.2293
1781706000000,2026-06-17,14:20:00,4341.415,4362.055,4340.755,4358.125,0.2751
1781706300000,2026-06-17,14:25:00,4358.055,4360.585,4355.015,4360.078,0.3235
1781706600000,2026-06-17,14:30:00,4360.085,4363.875,4357.885,4360.375,0.2933
1781706900000,2026-06-17,14:35:00,4360.405,4361.015,4350.395,4351.975,0.2551
1781707200000,2026-06-17,14:40:00,4351.975,4353.295,4347.115,4351.815,0.2431
1781707500000,2026-06-17,14:45:00,4351.815,4355.205,4330.615,4345.635,0.2824
1781707800000,2026-06-17,14:50:00,4345.715,4351.635,4343.745,4346.725,0.2755
1781708100000,2026-06-17,14:55:00,4346.745,4348.115,4343.195,4344.205,0.2639
1781708400000,2026-06-17,15:00:00,4344.158,4348.065,4343.595,4346.725,0.2495
1781708700000,2026-06-17,15:05:00,4346.725,4348.155,4343.665,4344.745,0.2385
1781709000000,2026-06-17,15:10:00,4344.705,4348.275,4343.555,4347.905,0.1902
1781709300000,2026-06-17,15:15:00,4347.875,4354.185,4346.775,4353.605,0.2483
1781709600000,2026-06-17,15:20:00,4353.695,4359.445,4352.988,4358.795,0.2019
1781709900000,2026-06-17,15:25:00,4358.815,4359.785,4354.208,4355.255,0.1828
1781710200000,2026-06-17,15:30:00,4355.035,4361.015,4354.225,4358.678,0.1739
1781710500000,2026-06-17,15:35:00,4358.678,4359.708,4356.095,4359.398,0.1437
1781710800000,2026-06-17,15:40:00,4359.408,4359.408,4355.738,4358.038,0.1564
1781711100000,2026-06-17,15:45:00,4358.038,4359.845,4357.625,4358.745,0.1925
1781711400000,2026-06-17,15:50:00,4358.705,4360.368,4357.145,4358.625,0.1384
1781711700000,2026-06-17,15:55:00,4358.595,4364.665,4358.595,4363.465,0.1676
1781712000000,2026-06-17,16:00:00,4363.445,4365.525,4362.175,4362.625,0.1673
1781712300000,2026-06-17,16:05:00,4362.535,4364.128,4361.665,4362.445,0.1308
1781712600000,2026-06-17,16:10:00,4362.505,4362.835,4360.415,4362.008,0.106
1781712900000,2026-06-17,16:15:00,4362.005,4365.255,4360.375,4365.178,0.1198
1781713200000,2026-06-17,16:20:00,4365.125,4366.355,4363.245,4365.025,0.1172
1781713500000,2026-06-17,16:25:00,4365.045,4365.705,4363.518,4365.095,0.1099
1781713800000,2026-06-17,16:30:00,4364.855,4365.035,4361.308,4361.455,0.1335
1781714100000,2026-06-17,16:35:00,4361.485,4361.825,4358.985,4359.495,0.1836
1781714400000,2026-06-17,16:40:00,4359.465,4359.658,4354.895,4357.355,0.1666
1781714700000,2026-06-17,16:45:00,4357.315,4358.275,4355.858,4356.615,0.1198
1781715000000,2026-06-17,16:50:00,4356.695,4358.425,4355.925,4356.995,0.1014
1781715300000,2026-06-17,16:55:00,4357.048,4359.418,4356.495,4359.278,0.1193
1781715600000,2026-06-17,17:00:00,4359.278,4359.278,4355.025,4356.185,0.1485
1781715900000,2026-06-17,17:05:00,4356.155,4359.485,4355.525,4359.125,0.1322
1781716200000,2026-06-17,17:10:00,4359.095,4360.875,4357.275,4358.825,0.1266
1781716500000,2026-06-17,17:15:00,4358.755,4362.985,4357.765,4362.175,0.1497
1781716800000,2026-06-17,17:20:00,4362.175,4363.385,4360.918,4362.145,0.1741
1781717100000,2026-06-17,17:25:00,4362.135,4363.775,4360.148,4361.098,0.2252
1781717400000,2026-06-17,17:30:00,4361.098,4382.125,4360.555,4377.395,0.2309
1781717700000,2026-06-17,17:35:00,4377.465,4378.128,4370.065,4374.235,0.2461
1781718000000,2026-06-17,17:40:00,4374.435,4381.465,4374.065,4376.278,0.2452
1781718300000,2026-06-17,17:45:00,4376.278,4378.415,4373.868,4375.935,0.1838
1781718600000,2026-06-17,17:50:00,4375.995,4381.875,4374.905,4377.748,0.1984
1781718900000,2026-06-17,17:55:00,4377.758,4381.175,4376.675,4379.575,0.1298
1781719200000,2026-06-17,18:00:00,4379.575,4379.575,4316.145,4316.145,0.3533
1781719500000,2026-06-17,18:05:00,4316.315,4318.845,4285.515,4294.655,0.3374
1781719800000,2026-06-17,18:10:00,4294.565,4297.425,4276.895,4284.195,0.3589
1781720100000,2026-06-17,18:15:00,4284.285,4308.225,4282.825,4306.375,0.3869
1781720400000,2026-06-17,18:20:00,4306.355,4307.945,4290.795,4292.255,0.3679
1781720700000,2026-06-17,18:25:00,4292.295,4294.195,4284.685,4292.435,0.3855
1781721000000,2026-06-17,18:30:00,4292.395,4313.285,4269.015,4270.695,0.3974
1781721300000,2026-06-17,18:35:00,4270.575,4311.165,4270.455,4302.095,0.4591
1781721600000,2026-06-17,18:40:00,4302.368,4326.485,4295.625,4323.075,0.4107
1781721900000,2026-06-17,18:45:00,4323.075,4332.265,4314.015,4318.445,0.4137
1781722200000,2026-06-17,18:50:00,4318.405,4324.375,4309.825,4310.755,0.3945
1781722500000,2026-06-17,18:55:00,4310.835,4311.375,4278.225,4285.985,0.3984
1781722800000,2026-06-17,19:00:00,4285.505,4295.115,4271.295,4271.325,0.374
1781723100000,2026-06-17,19:05:00,4271.405,4278.945,4263.145,4268.575,0.3765
1781723400000,2026-06-17,19:10:00,4268.565,4274.425,4259.465,4264.485,0.3928
1781723700000,2026-06-17,19:15:00,4264.455,4265.155,4240.395,4243.595,0.3972
1781724000000,2026-06-17,19:20:00,4243.535,4245.915,4235.965,4235.965,0.3924
1781724300000,2026-06-17,19:25:00,4236.025,4244.715,4226.255,4226.765,0.3643
1781724600000,2026-06-17,19:30:00,4226.795,4235.455,4220.265,4226.525,0.3765
1781724900000,2026-06-17,19:35:00,4226.638,4231.135,4218.805,4221.655,0.3808
1781725200000,2026-06-17,19:40:00,4221.655,4235.525,4218.825,4230.635,0.3801
1781725500000,2026-06-17,19:45:00,4230.525,4243.085,4229.595,4238.345,0.3894
1781725800000,2026-06-17,19:50:00,4237.945,4246.795,4233.985,4237.885,0.3579
1781726100000,2026-06-17,19:55:00,4237.745,4243.455,4234.975,4235.585,0.3473
1781726400000,2026-06-17,20:00:00,4235.515,4245.705,4234.775,4240.148,0.2497
1781726700000,2026-06-17,20:05:00,4240.148,4254.175,4240.148,4253.945,0.2267
1781727000000,2026-06-17,20:10:00,4253.925,4259.785,4252.625,4257.325,0.2232
1781727300000,2026-06-17,20:15:00,4257.435,4267.118,4253.725,4267.015,0.2304
1781727600000,2026-06-17,20:20:00,4266.785,4269.695,4258.285,4259.515,0.237
1781727900000,2026-06-17,20:25:00,4259.535,4262.955,4257.745,4257.798,0.191
1781728200000,2026-06-17,20:30:00,4257.825,4262.795,4257.785,4259.625,0.1721
1781728500000,2026-06-17,20:35:00,4259.695,4265.135,4258.565,4263.895,0.1531
1781728800000,2026-06-17,20:40:00,4264.245,4264.435,4259.255,4259.725,0.1127
1781729100000,2026-06-17,20:45:00,4259.755,4262.035,4258.195,4258.285,0.0862
1781729400000,2026-06-17,20:50:00,4258.875,4259.975,4255.785,4257.755,0.0949
1781729700000,2026-06-17,20:55:00,4257.785,4258.355,4255.625,4256.855,0.08
1781733600000,2026-06-17,22:00:00,4254.435,4258.725,4252.898,4257.965,0.0824
1781733900000,2026-06-17,22:05:00,4258.005,4268.165,4258.005,4266.275,0.0887
1781734200000,2026-06-17,22:10:00,4266.215,4267.715,4261.455,4265.625,0.083
1781734500000,2026-06-17,22:15:00,4265.685,4269.565,4264.615,4268.025,0.0704
1781734800000,2026-06-17,22:20:00,4267.995,4270.925,4267.515,4268.745,0.0832
1781735100000,2026-06-17,22:25:00,4268.695,4269.775,4260.531,4266.665,0.079
1781735400000,2026-06-17,22:30:00,4266.705,4268.605,4264.965,4265.325,0.0635
1781735700000,2026-06-17,22:35:00,4265.295,4267.245,4263.295,4266.705,0.0707
1781736000000,2026-06-17,22:40:00,4266.995,4267.145,4263.415,4263.525,0.0341
1781736300000,2026-06-17,22:45:00,4263.545,4264.905,4260.265,4263.825,0.0524
1781736600000,2026-06-17,22:50:00,4263.795,4268.325,4263.098,4267.565,0.072
1781736900000,2026-06-17,22:55:00,4267.615,4270.585,4265.848,4266.238,0.144
1781737200000,2026-06-17,23:00:00,4266.128,4266.678,4263.648,4264.328,0.2493
1781737500000,2026-06-17,23:05:00,4264.338,4273.728,4263.948,4273.468,0.316
1781737800000,2026-06-17,23:10:00,4273.448,4282.035,4272.958,4281.585,0.105
1781738100000,2026-06-17,23:15:00,4281.705,4282.755,4275.375,4276.465,0.1018
1781738400000,2026-06-17,23:20:00,4276.485,4283.445,4276.278,4277.975,0.0997
1781738700000,2026-06-17,23:25:00,4277.995,4283.795,4277.415,4279.715,0.08
1781739000000,2026-06-17,23:30:00,4279.735,4282.495,4277.325,4280.345,0.0953
1781739300000,2026-06-17,23:35:00,4280.385,4280.595,4274.328,4274.328,0.059
1781739600000,2026-06-17,23:40:00,4274.335,4276.135,4267.735,4275.905,0.0966
1781739900000,2026-06-17,23:45:00,4275.895,4279.205,4273.065,4273.485,0.0976
1781740200000,2026-06-17,23:50:00,4273.535,4276.775,4272.025,4275.605,0.0879
1781740500000,2026-06-17,23:55:00,4275.585,4278.005,4273.065,4277.665,0.0946
1781740800000,2026-06-18,00:00:00,4277.685,4292.105,4276.225,4291.945,0.1969
1781741100000,2026-06-18,00:05:00,4292.105,4298.385,4291.265,4292.955,0.1917
1781741400000,2026-06-18,00:10:00,4293.195,4298.915,4291.935,4297.215,0.1841
1781741700000,2026-06-18,00:15:00,4297.195,4300.055,4295.738,4296.395,0.1795
1781742000000,2026-06-18,00:20:00,4296.375,4301.098,4295.635,4296.365,0.1554
1781742300000,2026-06-18,00:25:00,4296.305,4300.845,4294.515,4300.255,0.1516
1781742600000,2026-06-18,00:30:00,4300.295,4308.855,4299.535,4306.385,0.1833
1781742900000,2026-06-18,00:35:00,4306.405,4309.455,4302.775,4305.265,0.1366
1781743200000,2026-06-18,00:40:00,4305.255,4311.455,4304.205,4310.605,0.1212
1781743500000,2026-06-18,00:45:00,4310.635,4313.865,4307.975,4313.455,0.3413
1781743800000,2026-06-18,00:50:00,4313.388,4315.015,4311.205,4314.145,0.1865
1781744100000,2026-06-18,00:55:00,4314.165,4314.345,4308.125,4308.125,0.1822
1781744400000,2026-06-18,01:00:00,4308.098,4327.885,4306.645,4321.225,0.3823
1781744700000,2026-06-18,01:05:00,4321.195,4324.585,4318.808,4321.165,0.2175
1781745000000,2026-06-18,01:10:00,4321.195,4328.305,4320.475,4322.665,0.1973
1781745300000,2026-06-18,01:15:00,4322.715,4323.315,4315.425,4317.235,0.1904
1781745600000,2026-06-18,01:20:00,4317.235,4323.205,4314.945,4319.405,0.1781
1781745900000,2026-06-18,01:25:00,4319.475,4321.515,4317.645,4318.965,0.147
1781746200000,2026-06-18,01:30:00,4319.045,4321.425,4316.795,4317.705,0.2253
1781746500000,2026-06-18,01:35:00,4317.755,4321.925,4316.895,4319.935,0.1827
1781746800000,2026-06-18,01:40:00,4319.985,4324.955,4317.575,4322.355,0.1642
1781747100000,2026-06-18,01:45:00,4322.305,4325.995,4319.395,4321.035,0.1517
1781747400000,2026-06-18,01:50:00,4320.965,4321.455,4317.148,4318.435,0.1628
1781747700000,2026-06-18,01:55:00,4318.405,4320.085,4317.505,4317.625,0.15
1781748000000,2026-06-18,02:00:00,4317.885,4322.145,4316.035,4321.725,0.156
1781748300000,2026-06-18,02:05:00,4321.695,4326.395,4318.865,4325.045,0.1692
1781748600000,2026-06-18,02:10:00,4325.085,4329.865,4324.525,4326.905,0.1568
1781748900000,2026-06-18,02:15:00,4326.905,4329.585,4325.845,4326.285,0.1239
1781749200000,2026-06-18,02:20:00,4326.455,4327.055,4324.245,4325.385,0.099
1781749500000,2026-06-18,02:25:00,4325.315,4325.845,4323.165,4324.185,0.0805
1781749800000,2026-06-18,02:30:00,4324.165,4325.175,4320.575,4322.855,0.158
1781750100000,2026-06-18,02:35:00,4322.785,4323.235,4317.275,4321.385,0.1656
1781750400000,2026-06-18,02:40:00,4321.535,4323.135,4315.995,4316.275,0.1818
1781750700000,2026-06-18,02:45:00,4316.345,4318.655,4311.895,4313.025,0.1961
1781751000000,2026-06-18,02:50:00,4313.035,4315.575,4311.405,4313.635,0.1507
1781751300000,2026-06-18,02:55:00,4313.665,4314.915,4310.285,4310.725,0.1521
1781751600000,2026-06-18,03:00:00,4310.695,4312.255,4308.915,4312.015,0.1572
1781751900000,2026-06-18,03:05:00,4311.945,4316.195,4311.515,4312.525,0.1322
1781752200000,2026-06-18,03:10:00,4312.515,4313.235,4309.705,4311.535,0.0971
1781752500000,2026-06-18,03:15:00,4311.705,4315.285,4310.655,4314.765,0.1175
1781752800000,2026-06-18,03:20:00,4314.695,4316.605,4313.175,4315.855,0.1122
1781753100000,2026-06-18,03:25:00,4315.815,4316.455,4312.525,4314.395,0.1386
1781753400000,2026-06-18,03:30:00,4314.435,4320.525,4313.375,4319.375,0.1235
1781753700000,2026-06-18,03:35:00,4319.375,4322.445,4318.015,4320.565,0.1083
1781754000000,2026-06-18,03:40:00,4320.645,4321.635,4317.785,4318.785,0.0814
1781754300000,2026-06-18,03:45:00,4318.735,4320.675,4317.765,4317.865,0.0639
1781754600000,2026-06-18,03:50:00,4317.698,4319.155,4316.265,4318.045,0.0799
1781754900000,2026-06-18,03:55:00,4318.085,4320.165,4317.175,4319.515,0.0755
1781755200000,2026-06-18,04:00:00,4319.415,4323.865,4318.895,4320.405,0.0942
1781755500000,2026-06-18,04:05:00,4320.138,4320.695,4316.055,4316.765,0.0847
1781755800000,2026-06-18,04:10:00,4316.775,4318.235,4314.365,4317.095,0.0755
1781756100000,2026-06-18,04:15:00,4317.055,4318.795,4315.005,4315.115,0.083
1781756400000,2026-06-18,04:20:00,4315.135,4315.185,4311.245,4312.965,0.1096
1781756700000,2026-06-18,04:25:00,4312.925,4314.685,4311.835,4313.315,0.1064
1781757000000,2026-06-18,04:30:00,4313.285,4317.195,4312.478,4316.245,0.0925
1781757300000,2026-06-18,04:35:00,4316.195,4317.985,4312.015,4312.375,0.0925
1781757600000,2026-06-18,04:40:00,4312.375,4313.455,4309.535,4309.695,0.1108
1781757900000,2026-06-18,04:45:00,4309.775,4315.015,4309.445,4314.725,0.1275
1781758200000,2026-06-18,04:50:00,4314.725,4315.985,4313.425,4315.405,0.1003
1781758500000,2026-06-18,04:55:00,4315.375,4317.155,4314.855,4315.865,0.0813
1781758800000,2026-06-18,05:00:00,4315.545,4317.105,4312.065,4314.855,0.1104
1781759100000,2026-06-18,05:05:00,4314.825,4318.005,4314.175,4317.405,0.0908
1781759400000,2026-06-18,05:10:00,4317.405,4318.095,4314.655,4315.815,0.0915
1781759700000,2026-06-18,05:15:00,4315.735,4322.445,4315.405,4321.155,0.0987
1781760000000,2026-06-18,05:20:00,4321.265,4321.475,4318.805,4318.985,0.0742
1781760300000,2026-06-18,05:25:00,4318.985,4322.805,4318.625,4322.795,0.0945
1781760600000,2026-06-18,05:30:00,4322.845,4324.855,4318.948,4322.395,0.1735
1781760900000,2026-06-18,05:35:00,4322.435,4323.785,4316.365,4316.365,0.1405
1781761200000,2026-06-18,05:40:00,4316.885,4317.895,4309.395,4310.295,0.1632
1781761500000,2026-06-18,05:45:00,4310.395,4311.525,4302.005,4302.775,0.2492
1781761800000,2026-06-18,05:50:00,4302.825,4310.055,4301.075,4307.865,0.2029
1781762100000,2026-06-18,05:55:00,4307.915,4309.725,4306.788,4307.785,0.1766
1781762400000,2026-06-18,06:00:00,4307.825,4309.875,4306.155,4306.855,0.2141
1781762700000,2026-06-18,06:05:00,4306.855,4307.025,4296.455,4301.055,0.2447
1781763000000,2026-06-18,06:10:00,4301.055,4301.205,4296.005,4298.705,0.2258
1781763300000,2026-06-18,06:15:00,4298.655,4302.125,4296.245,4298.455,0.1738
1781763600000,2026-06-18,06:20:00,4298.495,4305.205,4298.345,4303.205,0.1648
1781763900000,2026-06-18,06:25:00,4303.065,4304.905,4300.105,4304.895,0.1347
1781764200000,2026-06-18,06:30:00,4304.675,4305.265,4302.605,4303.605,0.124
1781764500000,2026-06-18,06:35:00,4303.585,4303.585,4299.165,4300.825,0.1231
1781764800000,2026-06-18,06:40:00,4300.805,4302.265,4298.945,4301.215,0.1156
1781765100000,2026-06-18,06:45:00,4301.185,4307.405,4300.945,4304.075,0.1379
1781765400000,2026-06-18,06:50:00,4304.045,4305.418,4302.925,4305.345,0.1159
1781765700000,2026-06-18,06:55:00,4305.325,4306.975,4303.565,4306.325,0.1576
1781766000000,2026-06-18,07:00:00,4306.285,4307.545,4302.835,4303.845,0.1811
1781766300000,2026-06-18,07:05:00,4303.825,4305.485,4300.185,4304.835,0.151
1781766600000,2026-06-18,07:10:00,4304.835,4308.985,4304.045,4306.955,0.1266
1781766900000,2026-06-18,07:15:00,4306.955,4309.305,4305.535,4307.175,0.1307
1781767200000,2026-06-18,07:20:00,4307.355,4308.905,4304.455,4304.455,0.1244
1781767500000,2026-06-18,07:25:00,4304.435,4307.675,4303.705,4307.505,0.1024
1781767800000,2026-06-18,07:30:00,4307.465,4307.465,4295.655,4298.345,0.1682
1781768100000,2026-06-18,07:35:00,4298.375,4299.175,4293.485,4294.225,0.1424
1781768400000,2026-06-18,07:40:00,4294.235,4297.915,4292.995,4297.495,0.1365
1781768700000,2026-06-18,07:45:00,4297.465,4298.685,4294.905,4295.435,0.1309
1781769000000,2026-06-18,07:50:00,4295.385,4296.305,4291.155,4291.875,0.1463
1781769300000,2026-06-18,07:55:00,4291.815,4293.535,4287.225,4288.475,0.1517
1781769600000,2026-06-18,08:00:00,4288.535,4291.975,4285.435,4290.375,0.2143
1781769900000,2026-06-18,08:05:00,4290.085,4292.655,4288.625,4291.105,0.2008
1781770200000,2026-06-18,08:10:00,4291.105,4291.915,4283.905,4286.935,0.1797
1781770500000,2026-06-18,08:15:00,4286.895,4289.855,4285.745,4288.085,0.1552
1781770800000,2026-06-18,08:20:00,4288.085,4288.965,4285.805,4286.875,0.1154
1781771100000,2026-06-18,08:25:00,4286.875,4288.315,4283.745,4284.775,0.135
1781771400000,2026-06-18,08:30:00,4284.715,4289.705,4283.215,4285.405,0.1642
1781771700000,2026-06-18,08:35:00,4285.375,4287.975,4281.045,4285.155,0.1612
1781772000000,2026-06-18,08:40:00,4285.135,4285.875,4280.925,4281.435,0.1399
1781772300000,2026-06-18,08:45:00,4281.585,4281.585,4277.055,4278.995,0.1738
1781772600000,2026-06-18,08:50:00,4279.005,4279.075,4273.685,4277.215,0.1681
1781772900000,2026-06-18,08:55:00,4277.135,4277.135,4265.328,4266.635,0.2423
1781773200000,2026-06-18,09:00:00,4266.635,4269.275,4261.115,4268.785,0.2602
1781773500000,2026-06-18,09:05:00,4268.725,4269.065,4265.205,4266.025,0.168
1781773800000,2026-06-18,09:10:00,4266.005,4267.695,4259.535,4267.625,0.189
1781774100000,2026-06-18,09:15:00,4267.485,4272.575,4266.135,4272.235,0.1673
1781774400000,2026-06-18,09:20:00,4272.255,4273.065,4266.985,4267.225,0.1401
1781774700000,2026-06-18,09:25:00,4267.225,4269.695,4265.315,4266.145,0.1349
1781775000000,2026-06-18,09:30:00,4266.115,4268.135,4264.525,4265.355,0.1667
1781775300000,2026-06-18,09:35:00,4265.335,4268.845,4263.228,4267.085,0.1276
1781775600000,2026-06-18,09:40:00,4267.065,4268.375,4265.795,4268.315,0.1122
1781775900000,2026-06-18,09:45:00,4268.355,4269.875,4267.155,4268.945,0.1086
1781776200000,2026-06-18,09:50:00,4268.925,4273.155,4268.275,4270.255,0.1446
1781776500000,2026-06-18,09:55:00,4269.958,4271.445,4267.595,4268.275,0.1419
1781776800000,2026-06-18,10:00:00,4268.225,4269.835,4265.155,4268.105,0.1615
1781777100000,2026-06-18,10:05:00,4268.085,4269.345,4262.465,4264.235,0.1649
1781777400000,2026-06-18,10:10:00,4264.155,4268.675,4261.635,4267.935,0.1531
1781777700000,2026-06-18,10:15:00,4267.825,4270.105,4267.055,4269.695,0.1212
1781778000000,2026-06-18,10:20:00,4269.465,4272.635,4263.555,4265.815,0.1669
1781778300000,2026-06-18,10:25:00,4265.775,4269.535,4263.475,4269.385,0.1204
1781778600000,2026-06-18,10:30:00,4269.345,4270.685,4264.645,4265.695,0.1186
1781778900000,2026-06-18,10:35:00,4265.695,4267.015,4264.045,4266.805,0.1089
1781779200000,2026-06-18,10:40:00,4266.745,4267.335,4263.345,4264.105,0.1108
1781779500000,2026-06-18,10:45:00,4264.105,4266.395,4262.055,4262.345,0.1225
1781779800000,2026-06-18,10:50:00,4262.325,4262.885,4258.855,4261.065,0.1597
1781780100000,2026-06-18,10:55:00,4261.065,4261.255,4254.595,4255.325,0.164
1781780400000,2026-06-18,11:00:00,4255.655,4255.655,4249.588,4251.285,0.2082
1781780700000,2026-06-18,11:05:00,4251.285,4252.705,4246.535,4247.805,0.2055
1781781000000,2026-06-18,11:10:00,4247.865,4248.295,4240.388,4247.245,0.2743
1781781300000,2026-06-18,11:15:00,4247.225,4249.425,4243.705,4244.805,0.2061
1781781600000,2026-06-18,11:20:00,4244.775,4248.565,4243.485,4247.615,0.1746
1781781900000,2026-06-18,11:25:00,4247.635,4249.715,4245.285,4248.955,0.1727
1781782200000,2026-06-18,11:30:00,4248.905,4249.025,4246.865,4248.035,0.1535
1781782500000,2026-06-18,11:35:00,4248.105,4250.055,4242.125,4242.625,0.2101
1781782800000,2026-06-18,11:40:00,4242.595,4245.375,4241.705,4243.255,0.1833
1781783100000,2026-06-18,11:45:00,4243.175,4245.295,4240.825,4241.165,0.144
1781783400000,2026-06-18,11:50:00,4241.075,4245.758,4239.648,4241.995,0.2448
1781783700000,2026-06-18,11:55:00,4242.095,4242.825,4239.998,4241.875,0.1912
1781784000000,2026-06-18,12:00:00,4241.875,4245.205,4241.145,4242.895,0.2259
1781784300000,2026-06-18,12:05:00,4242.845,4244.685,4240.205,4243.935,0.1663
1781784600000,2026-06-18,12:10:00,4243.925,4257.935,4242.945,4256.195,0.2366
1781784900000,2026-06-18,12:15:00,4256.175,4260.185,4254.855,4259.915,0.1923
1781785200000,2026-06-18,12:20:00,4260.005,4269.025,4259.615,4263.155,0.2595
1781785500000,2026-06-18,12:25:00,4263.125,4265.285,4254.055,4254.945,0.2108
1781785800000,2026-06-18,12:30:00,4254.925,4258.375,4249.035,4249.975,0.2188
1781786100000,2026-06-18,12:35:00,4250.005,4252.135,4241.625,4242.325,0.2255
1781786400000,2026-06-18,12:40:00,4242.345,4251.545,4241.015,4242.985,0.2243
1781786700000,2026-06-18,12:45:00,4243.005,4247.645,4242.695,4244.345,0.1795
1781787000000,2026-06-18,12:50:00,4244.295,4245.575,4240.698,4243.895,0.1897
1781787300000,2026-06-18,12:55:00,4244.025,4247.715,4241.195,4246.465,0.1782
1781787600000,2026-06-18,13:00:00,4246.405,4249.315,4244.725,4246.575,0.1862
1781787900000,2026-06-18,13:05:00,4246.575,4253.585,4245.445,4251.605,0.1732
1781788200000,2026-06-18,13:10:00,4251.635,4259.135,4251.445,4259.045,0.1526
1781788500000,2026-06-18,13:15:00,4259.015,4261.755,4257.765,4258.415,0.1535
1781788800000,2026-06-18,13:20:00,4258.485,4258.665,4252.458,4257.265,0.1524
1781789100000,2026-06-18,13:25:00,4257.325,4263.165,4257.325,4262.905,0.1831
1781789400000,2026-06-18,13:30:00,4262.845,4276.515,4262.705,4271.985,0.3257
1781789700000,2026-06-18,13:35:00,4271.898,4273.885,4268.415,4271.995,0.3198
1781790000000,2026-06-18,13:40:00,4271.965,4272.075,4263.195,4264.265,0.2701
1781790300000,2026-06-18,13:45:00,4264.145,4265.185,4252.795,4259.885,0.2712
1781790600000,2026-06-18,13:50:00,4259.915,4263.225,4256.325,4260.825,0.2712
1781790900000,2026-06-18,13:55:00,4260.915,4261.245,4250.415,4256.375,0.3144
1781791200000,2026-06-18,14:00:00,4256.325,4257.575,4238.145,4247.345,0.4085
1781791500000,2026-06-18,14:05:00,4247.375,4247.485,4239.995,4243.445,0.296
1781791800000,2026-06-18,14:10:00,4243.575,4244.555,4239.985,4241.435,0.2641
1781792100000,2026-06-18,14:15:00,4241.398,4250.255,4236.845,4249.435,0.411
1781792400000,2026-06-18,14:20:00,4249.405,4255.695,4246.085,4252.665,0.2885
1781792700000,2026-06-18,14:25:00,4252.685,4255.225,4244.085,4244.095,0.2312
1781793000000,2026-06-18,14:30:00,4244.085,4249.465,4241.235,4249.465,0.2503
1781793300000,2026-06-18,14:35:00,4249.445,4252.035,4247.515,4251.015,0.2348
1781793600000,2026-06-18,14:40:00,4251.085,4251.255,4241.095,4244.525,0.2543
1781793900000,2026-06-18,14:45:00,4244.435,4245.715,4240.175,4243.285,0.2281
1781794200000,2026-06-18,14:50:00,4243.215,4247.495,4240.235,4247.105,0.2194
1781794500000,2026-06-18,14:55:00,4247.115,4254.435,4246.085,4252.175,0.211
1781794800000,2026-06-18,15:00:00,4252.155,4254.425,4248.315,4250.795,0.2458
1781795100000,2026-06-18,15:05:00,4250.775,4254.645,4248.865,4253.185,0.1954
1781795400000,2026-06-18,15:10:00,4253.225,4254.395,4246.195,4246.485,0.1997
1781795700000,2026-06-18,15:15:00,4246.525,4249.185,4238.975,4242.185,0.2892
1781796000000,2026-06-18,15:20:00,4242.185,4244.365,4239.195,4240.295,0.2829
1781796300000,2026-06-18,15:25:00,4240.325,4242.135,4234.135,4235.565,0.2759
1781796600000,2026-06-18,15:30:00,4235.575,4236.615,4226.685,4232.885,0.4108
1781796900000,2026-06-18,15:35:00,4233.045,4234.265,4223.985,4227.165,0.3538
1781797200000,2026-06-18,15:40:00,4227.195,4235.415,4227.155,4231.615,0.2361
1781797500000,2026-06-18,15:45:00,4231.575,4231.665,4226.798,4226.815,0.2595
1781797800000,2026-06-18,15:50:00,4226.845,4228.175,4222.855,4224.345,0.2102
1781798100000,2026-06-18,15:55:00,4224.318,4229.855,4224.318,4226.428,0.2696
1781798400000,2026-06-18,16:00:00,4226.428,4231.525,4225.655,4226.535,0.2757
1781798700000,2026-06-18,16:05:00,4226.385,4233.035,4225.575,4231.895,0.2381
1781799000000,2026-06-18,16:10:00,4231.895,4233.295,4227.235,4227.255,0.2337
1781799300000,2026-06-18,16:15:00,4227.365,4228.415,4222.055,4223.025,0.2352
1781799600000,2026-06-18,16:20:00,4223.065,4226.565,4221.708,4222.045,0.2345
1781799900000,2026-06-18,16:25:00,4222.045,4225.915,4221.825,4224.875,0.2167
1781800200000,2026-06-18,16:30:00,4224.945,4229.315,4221.565,4221.705,0.2388
1781800500000,2026-06-18,16:35:00,4221.665,4223.155,4214.865,4223.155,0.2713
1781800800000,2026-06-18,16:40:00,4223.075,4225.805,4220.675,4221.865,0.23
1781801100000,2026-06-18,16:45:00,4221.845,4222.255,4217.338,4217.815,0.2399
1781801400000,2026-06-18,16:50:00,4217.845,4218.475,4214.425,4217.375,0.2238
1781801700000,2026-06-18,16:55:00,4217.325,4219.595,4213.925,4219.445,0.2084
1781802000000,2026-06-18,17:00:00,4219.661,4224.025,4218.545,4223.955,0.2006
1781802300000,2026-06-18,17:05:00,4223.955,4226.735,4223.105,4224.785,0.1737
1781802600000,2026-06-18,17:10:00,4224.955,4228.485,4222.175,4227.675,0.1901
1781802900000,2026-06-18,17:15:00,4227.705,4231.335,4227.035,4229.885,0.2073
1781803200000,2026-06-18,17:20:00,4230.025,4231.445,4226.925,4228.435,0.2061
1781803500000,2026-06-18,17:25:00,4228.435,4228.635,4225.485,4226.095,0.2472
1781803800000,2026-06-18,17:30:00,4226.028,4227.515,4222.655,4222.685,0.2623
1781804100000,2026-06-18,17:35:00,4222.615,4225.145,4222.085,4224.125,0.1575
1781804400000,2026-06-18,17:40:00,4224.275,4230.035,4223.698,4229.535,0.1759
1781804700000,2026-06-18,17:45:00,4229.585,4229.785,4227.135,4228.748,0.1347
1781805000000,2026-06-18,17:50:00,4228.755,4232.945,4228.675,4232.225,0.1344
1781805300000,2026-06-18,17:55:00,4232.195,4232.525,4229.648,4230.065,0.1284
1781805600000,2026-06-18,18:00:00,4230.185,4230.485,4227.195,4228.215,0.1632
1781805900000,2026-06-18,18:05:00,4228.205,4231.995,4228.165,4231.475,0.1384
1781806200000,2026-06-18,18:10:00,4231.475,4232.995,4228.215,4228.215,0.1415
1781806500000,2026-06-18,18:15:00,4228.165,4229.645,4226.245,4228.025,0.1399
1781806800000,2026-06-18,18:20:00,4227.995,4228.735,4226.395,4227.615,0.139
1781807100000,2026-06-18,18:25:00,4227.665,4229.335,4225.265,4226.075,0.1771
1781807400000,2026-06-18,18:30:00,4226.115,4226.115,4221.685,4222.385,0.1734
1781807700000,2026-06-18,18:35:00,4222.445,4223.215,4220.338,4220.958,0.229
1781808000000,2026-06-18,18:40:00,4220.958,4224.968,4220.275,4224.705,0.1672
1781808300000,2026-06-18,18:45:00,4224.685,4225.135,4220.175,4221.485,0.1796
1781808600000,2026-06-18,18:50:00,4221.335,4222.145,4218.535,4220.265,0.1396
1781808900000,2026-06-18,18:55:00,4220.168,4221.325,4217.928,4218.185,0.156
1781809200000,2026-06-18,19:00:00,4218.148,4218.825,4211.478,4212.275,0.2179
1781809500000,2026-06-18,19:05:00,4212.245,4212.675,4207.375,4208.035,0.1807
1781809800000,2026-06-18,19:10:00,4208.045,4209.185,4203.685,4207.185,0.1882
1781810100000,2026-06-18,19:15:00,4207.215,4208.505,4201.815,4204.705,0.2064
1781810400000,2026-06-18,19:20:00,4204.695,4207.475,4204.525,4205.275,0.1684
1781810700000,2026-06-18,19:25:00,4205.215,4207.865,4204.715,4204.955,0.1368
1781811000000,2026-06-18,19:30:00,4204.955,4206.925,4201.145,4202.885,0.1527
1781811300000,2026-06-18,19:35:00,4203.075,4209.755,4202.915,4209.755,0.1238
1781811600000,2026-06-18,19:40:00,4209.705,4214.265,4209.455,4213.805,0.1649
1781811900000,2026-06-18,19:45:00,4213.835,4216.315,4213.035,4215.685,0.1609
1781812200000,2026-06-18,19:50:00,4216.055,4217.175,4214.845,4216.458,0.1803
1781812500000,2026-06-18,19:55:00,4216.458,4218.298,4213.785,4216.505,0.2974
1781812800000,2026-06-18,20:00:00,4216.725,4217.675,4214.475,4216.425,0.1292
1781813100000,2026-06-18,20:05:00,4216.405,4217.385,4215.308,4216.175,0.1174
1781813400000,2026-06-18,20:10:00,4216.245,4217.345,4215.785,4216.825,0.0806
1781813700000,2026-06-18,20:15:00,4216.775,4216.885,4214.585,4216.448,0.0746
1781814000000,2026-06-18,20:20:00,4216.448,4216.698,4215.138,4215.768,0.0687
1781814300000,2026-06-18,20:25:00,4215.675,4219.335,4215.358,4218.795,0.067
1781814600000,2026-06-18,20:30:00,4218.755,4218.815,4215.265,4216.055,0.0462
1781814900000,2026-06-18,20:35:00,4216.185,4218.455,4213.835,4214.705,0.0683
1781815200000,2026-06-18,20:40:00,4214.745,4214.795,4212.715,4212.745,0.0377
1781815500000,2026-06-18,20:45:00,4212.765,4213.245,4209.695,4209.905,0.0553
1781815800000,2026-06-18,20:50:00,4209.795,4210.715,4209.125,4209.565,0.05
1781816100000,2026-06-18,20:55:00,4209.535,4209.958,4207.495,4208.875,0.0797
1781820000000,2026-06-18,22:00:00,4209.298,4212.875,4202.685,4204.595,0.0832
1781820300000,2026-06-18,22:05:00,4204.595,4207.895,4204.265,4206.405,0.0266
1781820600000,2026-06-18,22:10:00,4206.435,4208.195,4206.435,4207.805,0.0187
1781820900000,2026-06-18,22:15:00,4208.205,4209.855,4204.595,4205.515,0.0342
1781821200000,2026-06-18,22:20:00,4205.495,4205.595,4202.335,4202.785,0.0444
1781821500000,2026-06-18,22:25:00,4203.318,4205.395,4202.645,4203.855,0.0365
1781821800000,2026-06-18,22:30:00,4203.835,4205.395,4203.425,4204.705,0.0412
1781822100000,2026-06-18,22:35:00,4204.735,4205.515,4202.645,4203.375,0.0322
1781822400000,2026-06-18,22:40:00,4203.315,4205.175,4203.195,4204.745,0.0302
1781822700000,2026-06-18,22:45:00,4204.765,4208.945,4204.015,4208.525,0.0329
1781823000000,2026-06-18,22:50:00,4208.455,4210.365,4207.395,4208.585,0.0426
1781823300000,2026-06-18,22:55:00,4208.525,4208.715,4206.398,4206.938,0.1071
1781823600000,2026-06-18,23:00:00,4206.695,4207.798,4198.568,4199.888,0.3276
1781823900000,2026-06-18,23:05:00,4199.888,4202.008,4198.168,4199.658,0.2835
1781824200000,2026-06-18,23:10:00,4199.688,4201.115,4193.445,4195.485,0.0792
1781824500000,2026-06-18,23:15:00,4195.935,4199.165,4193.825,4195.135,0.0862
1781824800000,2026-06-18,23:20:00,4195.265,4197.125,4194.625,4195.175,0.0455
1781825100000,2026-06-18,23:25:00,4195.145,4197.015,4193.605,4196.995,0.0443
1781825400000,2026-06-18,23:30:00,4196.955,4198.885,4194.845,4195.375,0.0621
1781825700000,2026-06-18,23:35:00,4195.445,4198.005,4194.398,4197.405,0.0589
1781826000000,2026-06-18,23:40:00,4197.495,4197.545,4193.695,4194.065,0.0563
1781826300000,2026-06-18,23:45:00,4194.555,4194.555,4187.725,4189.435,0.1271
1781826600000,2026-06-18,23:50:00,4189.455,4191.785,4188.075,4189.685,0.0754
1781826900000,2026-06-18,23:55:00,4189.635,4190.685,4186.745,4188.115,0.0847
1781827200000,2026-06-19,00:00:00,4187.998,4197.945,4187.998,4190.785,0.1732
1781827500000,2026-06-19,00:05:00,4190.695,4193.735,4184.245,4185.835,0.1801
1781827800000,2026-06-19,00:10:00,4185.885,4189.515,4184.188,4185.215,0.156
1781828100000,2026-06-19,00:15:00,4185.265,4187.608,4183.738,4184.845,0.1981
1781828400000,2026-06-19,00:20:00,4184.898,4187.665,4183.805,4187.665,0.1628
1781828700000,2026-06-19,00:25:00,4187.645,4188.448,4184.228,4184.855,0.1096
1781829000000,2026-06-19,00:30:00,4185.065,4189.855,4184.218,4189.555,0.1251
1781829300000,2026-06-19,00:35:00,4189.595,4191.085,4186.295,4186.585,0.1172
1781829600000,2026-06-19,00:40:00,4186.615,4189.765,4186.355,4188.275,0.0668
1781829900000,2026-06-19,00:45:00,4188.235,4191.085,4187.315,4190.225,0.0806
1781830200000,2026-06-19,00:50:00,4190.205,4192.185,4188.495,4190.305,0.0808
1781830500000,2026-06-19,00:55:00,4190.255,4190.675,4187.495,4190.125,0.0772
1781830800000,2026-06-19,01:00:00,4190.075,4194.335,4188.945,4190.415,0.1268
1781831100000,2026-06-19,01:05:00,4190.385,4190.505,4184.055,4184.825,0.1694
1781831400000,2026-06-19,01:10:00,4184.755,4187.225,4184.435,4186.175,0.1157
1781831700000,2026-06-19,01:15:00,4186.155,4188.115,4184.008,4184.985,0.1146
1781832000000,2026-06-19,01:20:00,4184.875,4188.125,4183.495,4186.905,0.1154
1781832300000,2026-06-19,01:25:00,4186.925,4191.338,4186.505,4190.565,0.0977
1781832600000,2026-06-19,01:30:00,4190.615,4190.615,4186.615,4187.645,0.0975
1781832900000,2026-06-19,01:35:00,4187.755,4189.095,4184.435,4185.035,0.089
1781833200000,2026-06-19,01:40:00,4185.105,4186.545,4184.238,4185.485,0.1305
1781833500000,2026-06-19,01:45:00,4185.405,4187.165,4184.065,4184.575,0.1014
1781833800000,2026-06-19,01:50:00,4184.595,4185.485,4183.765,4184.695,0.1472
1781834100000,2026-06-19,01:55:00,4184.755,4186.235,4183.885,4184.725,0.119
1781834400000,2026-06-19,02:00:00,4184.675,4186.105,4183.795,4185.215,0.1478
1781834700000,2026-06-19,02:05:00,4185.235,4186.145,4178.855,4184.145,0.2043
1781835000000,2026-06-19,02:10:00,4184.145,4184.815,4178.375,4179.535,0.1311
1781835300000,2026-06-19,02:15:00,4179.575,4179.835,4174.925,4175.555,0.1314
1781835600000,2026-06-19,02:20:00,4175.535,4179.285,4175.535,4177.945,0.1594
1781835900000,2026-06-19,02:25:00,4177.915,4179.815,4176.808,4179.215,0.1001
1781836200000,2026-06-19,02:30:00,4179.235,4179.745,4176.835,4179.745,0.0859
1781836500000,2026-06-19,02:35:00,4179.708,4182.965,4177.925,4179.375,0.0916
1781836800000,2026-06-19,02:40:00,4179.375,4183.635,4178.915,4179.615,0.0785
1781837100000,2026-06-19,02:45:00,4179.625,4180.465,4175.395,4175.965,0.0835
1781837400000,2026-06-19,02:50:00,4175.935,4176.595,4171.565,4176.475,0.1277
1781837700000,2026-06-19,02:55:00,4176.495,4176.975,4174.875,4176.025,0.09
1781838000000,2026-06-19,03:00:00,4175.995,4177.065,4169.275,4169.435,0.1367
1781838300000,2026-06-19,03:05:00,4169.395,4169.655,4166.055,4167.405,0.1377
1781838600000,2026-06-19,03:10:00,4167.495,4169.735,4165.935,4165.935,0.1083
1781838900000,2026-06-19,03:15:00,4165.975,4168.955,4164.895,4167.825,0.1565
1781839200000,2026-06-19,03:20:00,4167.845,4170.575,4167.825,4168.435,0.1116
1781839500000,2026-06-19,03:25:00,4168.425,4168.928,4166.175,4167.055,0.1242
1781839800000,2026-06-19,03:30:00,4167.045,4167.468,4161.485,4164.485,0.1716
1781840100000,2026-06-19,03:35:00,4164.455,4165.455,4162.045,4162.955,0.1402
1781840400000,2026-06-19,03:40:00,4162.925,4164.105,4157.635,4162.005,0.1765
1781840700000,2026-06-19,03:45:00,4162.025,4162.095,4157.675,4158.705,0.1277
1781841000000,2026-06-19,03:50:00,4158.705,4160.645,4157.495,4158.555,0.1306
1781841300000,2026-06-19,03:55:00,4158.595,4159.545,4145.345,4153.555,0.1663
1781841600000,2026-06-19,04:00:00,4153.265,4155.065,4142.905,4144.055,0.1881
1781841900000,2026-06-19,04:05:00,4144.025,4147.625,4143.325,4143.635,0.1712
1781842200000,2026-06-19,04:10:00,4143.585,4146.865,4143.405,4145.245,0.1509
1781842500000,2026-06-19,04:15:00,4145.225,4149.405,4141.155,4147.575,0.2024
1781842800000,2026-06-19,04:20:00,4147.545,4149.695,4147.035,4148.775,0.1276
1781843100000,2026-06-19,04:25:00,4148.805,4148.905,4144.025,4146.325,0.1496
1781843400000,2026-06-19,04:30:00,4146.265,4147.125,4142.655,4142.985,0.1431
1781843700000,2026-06-19,04:35:00,4142.925,4143.045,4137.435,4141.405,0.195
1781844000000,2026-06-19,04:40:00,4141.375,4141.425,4133.145,4135.085,0.1717
1781844300000,2026-06-19,04:45:00,4135.085,4136.445,4133.735,4135.585,0.137
1781844600000,2026-06-19,04:50:00,4135.425,4135.965,4125.015,4128.025,0.1905
1781844900000,2026-06-19,04:55:00,4127.805,4128.825,4124.805,4125.495,0.1774
1781845200000,2026-06-19,05:00:00,4125.915,4126.925,4122.595,4124.475,0.2007
1781845500000,2026-06-19,05:05:00,4124.435,4125.125,4121.438,4124.175,0.1753
1781845800000,2026-06-19,05:10:00,4124.155,4131.345,4123.915,4130.115,0.1611
1781846100000,2026-06-19,05:15:00,4130.235,4130.375,4125.505,4127.765,0.1746
1781846400000,2026-06-19,05:20:00,4127.725,4131.375,4125.925,4128.915,0.1577
1781846700000,2026-06-19,05:25:00,4128.845,4134.485,4128.845,4133.405,0.1614
1781847000000,2026-06-19,05:30:00,4133.335,4139.235,4130.605,4132.295,0.1897
1781847300000,2026-06-19,05:35:00,4131.925,4135.505,4130.275,4131.315,0.163
1781847600000,2026-06-19,05:40:00,4131.175,4134.855,4130.795,4134.825,0.1435
1781847900000,2026-06-19,05:45:00,4134.825,4138.645,4134.415,4137.395,0.1517
1781848200000,2026-06-19,05:50:00,4137.395,4138.805,4132.695,4138.755,0.1656
1781848500000,2026-06-19,05:55:00,4138.745,4141.215,4136.965,4139.275,0.1672
1781848800000,2026-06-19,06:00:00,4139.395,4140.045,4133.465,4137.875,0.151
1781849100000,2026-06-19,06:05:00,4137.885,4143.245,4135.885,4143.245,0.1654
1781849400000,2026-06-19,06:10:00,4143.215,4147.955,4139.795,4147.035,0.1616
1781849700000,2026-06-19,06:15:00,4147.025,4147.345,4139.825,4141.495,0.1585
1781850000000,2026-06-19,06:20:00,4141.525,4144.325,4139.085,4143.035,0.1451
1781850300000,2026-06-19,06:25:00,4143.035,4144.755,4140.845,4141.645,0.136
1781850600000,2026-06-19,06:30:00,4141.875,4145.285,4135.375,4138.525,0.17
1781850900000,2026-06-19,06:35:00,4138.555,4138.915,4132.635,4133.545,0.1274
1781851200000,2026-06-19,06:40:00,4133.485,4136.595,4133.485,4135.885,0.0922
1781851500000,2026-06-19,06:45:00,4135.835,4145.255,4134.375,4145.245,0.126
1781851800000,2026-06-19,06:50:00,4145.205,4146.415,4142.085,4145.575,0.112
1781852100000,2026-06-19,06:55:00,4145.555,4150.465,4144.195,4147.495,0.1132
1781852400000,2026-06-19,07:00:00,4147.865,4156.095,4147.655,4156.015,0.1581
1781852700000,2026-06-19,07:05:00,4155.935,4159.635,4153.958,4158.935,0.1473
1781853000000,2026-06-19,07:10:00,4158.915,4159.115,4153.725,4157.055,0.1084
1781853300000,2026-06-19,07:15:00,4157.055,4159.905,4154.335,4155.135,0.152
1781853600000,2026-06-19,07:20:00,4155.135,4157.485,4154.215,4155.685,0.1279
1781853900000,2026-06-19,07:25:00,4155.705,4155.755,4151.795,4152.195,0.1197
1781854200000,2026-06-19,07:30:00,4152.315,4154.615,4151.698,4153.245,0.1264
1781854500000,2026-06-19,07:35:00,4153.205,4157.295,4151.025,4156.935,0.1283
1781854800000,2026-06-19,07:40:00,4156.965,4157.065,4153.245,4153.775,0.1121
1781855100000,2026-06-19,07:45:00,4154.395,4154.865,4151.625,4152.375,0.0766
1781855400000,2026-06-19,07:50:00,4152.405,4156.605,4151.355,4154.785,0.1029
1781855700000,2026-06-19,07:55:00,4154.795,4162.895,4153.905,4157.765,0.1328
1781856000000,2026-06-19,08:00:00,4157.785,4160.545,4154.975,4159.575,0.1385
1781856300000,2026-06-19,08:05:00,4159.555,4164.075,4157.495,4163.898,0.1572
1781856600000,2026-06-19,08:10:00,4163.835,4166.965,4163.785,4165.395,0.1584
1781856900000,2026-06-19,08:15:00,4165.325,4170.685,4164.975,4169.848,0.157
1781857200000,2026-06-19,08:20:00,4169.845,4176.868,4167.865,4175.035,0.1806
1781857500000,2026-06-19,08:25:00,4175.015,4177.485,4173.535,4175.651,0.1526
1781857800000,2026-06-19,08:30:00,4176.045,4178.345,4173.645,4174.915,0.1392
1781858100000,2026-06-19,08:35:00,4174.945,4175.305,4168.365,4168.655,0.1241
1781858400000,2026-06-19,08:40:00,4168.595,4171.785,4166.398,4168.695,0.1203
1781858700000,2026-06-19,08:45:00,4168.645,4169.255,4166.065,4167.825,0.1356
1781859000000,2026-06-19,08:50:00,4167.795,4168.148,4164.275,4165.285,0.1069
1781859300000,2026-06-19,08:55:00,4165.275,4168.875,4164.795,4168.795,0.1075
1781859600000,2026-06-19,09:00:00,4168.795,4170.635,4164.925,4165.235,0.1525
1781859900000,2026-06-19,09:05:00,4165.215,4167.235,4164.005,4164.955,0.1252
1781860200000,2026-06-19,09:10:00,4164.975,4166.825,4163.325,4163.805,0.136
1781860500000,2026-06-19,09:15:00,4163.795,4165.985,4162.965,4164.415,0.1305
1781860800000,2026-06-19,09:20:00,4164.435,4168.035,4162.435,4167.098,0.1182
1781861100000,2026-06-19,09:25:00,4167.098,4167.235,4161.755,4162.415,0.1182
1781861400000,2026-06-19,09:30:00,4162.485,4165.785,4162.345,4165.455,0.1259
1781861700000,2026-06-19,09:35:00,4165.385,4165.455,4162.905,4163.585,0.079
1781862000000,2026-06-19,09:40:00,4163.575,4165.535,4162.175,4162.365,0.0587
1781862300000,2026-06-19,09:45:00,4162.525,4167.095,4162.405,4162.955,0.0689
1781862600000,2026-06-19,09:50:00,4163.085,4165.215,4162.955,4164.195,0.0796
1781862900000,2026-06-19,09:55:00,4164.095,4164.775,4160.645,4162.725,0.0657
1781863200000,2026-06-19,10:00:00,4162.765,4162.845,4156.775,4157.655,0.1231
1781863500000,2026-06-19,10:05:00,4157.775,4158.675,4152.695,4156.585,0.1079
1781863800000,2026-06-19,10:10:00,4156.895,4157.505,4153.845,4155.185,0.0977
1781864100000,2026-06-19,10:15:00,4155.005,4158.065,4153.215,4155.895,0.0835
1781864400000,2026-06-19,10:20:00,4155.985,4155.985,4152.925,4155.195,0.0903
1781864700000,2026-06-19,10:25:00,4155.235,4155.755,4152.525,4153.545,0.0744
1781865000000,2026-06-19,10:30:00,4153.595,4154.715,4151.108,4154.575,0.077
1781865300000,2026-06-19,10:35:00,4154.645,4155.105,4150.075,4150.555,0.0963
1781865600000,2026-06-19,10:40:00,4150.575,4152.815,4150.105,4151.005,0.0878
1781865900000,2026-06-19,10:45:00,4151.005,4153.645,4150.295,4151.475,0.1073
1781866200000,2026-06-19,10:50:00,4151.445,4154.405,4149.485,4149.585,0.0784
1781866500000,2026-06-19,10:55:00,4149.655,4152.435,4147.955,4149.505,0.1
1781866800000,2026-06-19,11:00:00,4149.445,4150.015,4145.045,4148.175,0.1472
1781867100000,2026-06-19,11:05:00,4148.445,4149.325,4142.425,4147.325,0.1411
1781867400000,2026-06-19,11:10:00,4147.345,4148.445,4145.538,4146.625,0.0976
1781867700000,2026-06-19,11:15:00,4146.605,4147.355,4144.085,4147.005,0.087
1781868000000,2026-06-19,11:20:00,4146.875,4148.735,4145.925,4147.795,0.0909
1781868300000,2026-06-19,11:25:00,4147.745,4148.485,4143.035,4143.995,0.1066
1781868600000,2026-06-19,11:30:00,4143.945,4145.185,4141.695,4144.125,0.0989
1781868900000,2026-06-19,11:35:00,4144.175,4148.245,4143.005,4147.375,0.0919
1781869200000,2026-06-19,11:40:00,4147.315,4150.355,4147.315,4149.875,0.08
1781869500000,2026-06-19,11:45:00,4149.855,4154.835,4149.855,4152.875,0.0833
1781869800000,2026-06-19,11:50:00,4152.895,4153.115,4149.345,4149.635,0.0825
1781870100000,2026-06-19,11:55:00,4149.685,4152.775,4148.415,4152.385,0.0821
1781870400000,2026-06-19,12:00:00,4152.395,4158.505,4152.105,4157.355,0.1145
1781870700000,2026-06-19,12:05:00,4157.275,4158.645,4152.605,4158.315,0.1001
1781871000000,2026-06-19,12:10:00,4158.285,4160.155,4155.505,4155.555,0.0959
1781871300000,2026-06-19,12:15:00,4155.675,4155.875,4152.505,4155.305,0.0793
1781871600000,2026-06-19,12:20:00,4155.215,4155.995,4152.855,4153.535,0.0924
1781871900000,2026-06-19,12:25:00,4153.515,4155.805,4151.095,4151.695,0.0836
1781872200000,2026-06-19,12:30:00,4151.595,4153.135,4149.165,4152.125,0.0857
1781872500000,2026-06-19,12:35:00,4152.185,4152.435,4147.995,4150.695,0.125
1781872800000,2026-06-19,12:40:00,4150.755,4154.485,4148.635,4152.095,0.1121
1781873100000,2026-06-19,12:45:00,4152.095,4152.175,4147.025,4148.655,0.0946
1781873400000,2026-06-19,12:50:00,4148.725,4174.535,4148.715,4172.735,0.3646
1781873700000,2026-06-19,12:55:00,4172.695,4179.795,4169.375,4178.815,0.2528
1781874000000,2026-06-19,13:00:00,4178.815,4181.255,4164.115,4169.065,0.3001
1781874300000,2026-06-19,13:05:00,4168.905,4182.285,4168.398,4182.285,0.2359
1781874600000,2026-06-19,13:10:00,4182.215,4182.825,4169.535,4169.655,0.2457
1781874900000,2026-06-19,13:15:00,4169.655,4171.845,4163.315,4164.375,0.1705
1781875200000,2026-06-19,13:20:00,4164.455,4166.335,4161.655,4165.955,0.1334
1781875500000,2026-06-19,13:25:00,4165.695,4166.485,4162.255,4163.725,0.1258
1781875800000,2026-06-19,13:30:00,4163.675,4168.055,4162.315,4162.655,0.1709
1781876100000,2026-06-19,13:35:00,4162.785,4164.885,4159.575,4162.885,0.131
1781876400000,2026-06-19,13:40:00,4162.785,4164.335,4157.565,4158.355,0.1216
1781876700000,2026-06-19,13:45:00,4158.245,4160.765,4154.475,4156.625,0.1341
1781877000000,2026-06-19,13:50:00,4156.655,4159.375,4155.488,4157.965,0.1165
1781877300000,2026-06-19,13:55:00,4157.935,4159.865,4150.305,4151.195,0.1378
1781877600000,2026-06-19,14:00:00,4151.165,4154.365,4147.815,4152.475,0.1951
1781877900000,2026-06-19,14:05:00,4152.555,4152.805,4148.475,4150.015,0.1133
1781878200000,2026-06-19,14:10:00,4150.045,4150.115,4147.548,4149.105,0.1117
1781878500000,2026-06-19,14:15:00,4149.185,4149.895,4143.825,4147.235,0.1358
1781878800000,2026-06-19,14:20:00,4147.235,4148.395,4143.475,4145.205,0.1129
1781879100000,2026-06-19,14:25:00,4145.375,4150.065,4145.345,4149.005,0.1116
1781879400000,2026-06-19,14:30:00,4148.955,4150.348,4145.635,4146.115,0.1151
1781879700000,2026-06-19,14:35:00,4146.165,4150.175,4145.795,4147.955,0.106
1781880000000,2026-06-19,14:40:00,4147.975,4149.045,4142.905,4144.225,0.1213
1781880300000,2026-06-19,14:45:00,4144.305,4147.705,4142.455,4145.145,0.1004
1781880600000,2026-06-19,14:50:00,4145.105,4149.945,4144.005,4149.775,0.0977
1781880900000,2026-06-19,14:55:00,4149.685,4151.075,4147.715,4149.055,0.1314
1781881200000,2026-06-19,15:00:00,4149.195,4153.165,4147.825,4148.765,0.1281
1781881500000,2026-06-19,15:05:00,4148.765,4153.115,4147.895,4151.965,0.1175
1781881800000,2026-06-19,15:10:00,4152.035,4152.825,4148.325,4151.255,0.1049
1781882100000,2026-06-19,15:15:00,4151.255,4151.625,4149.498,4151.085,0.085
1781882400000,2026-06-19,15:20:00,4151.165,4153.865,4151.025,4153.075,0.0742
1781882700000,2026-06-19,15:25:00,4153.055,4153.105,4150.505,4151.235,0.0887
1781883000000,2026-06-19,15:30:00,4151.355,4152.665,4149.745,4151.465,0.0921
1781883300000,2026-06-19,15:35:00,4151.435,4152.885,4148.565,4149.605,0.0764
1781883600000,2026-06-19,15:40:00,4149.665,4150.385,4147.455,4147.885,0.0645
1781883900000,2026-06-19,15:45:00,4147.895,4152.825,4147.895,4151.435,0.0544
1781884200000,2026-06-19,15:50:00,4151.375,4153.365,4149.505,4150.335,0.0538
1781884500000,2026-06-19,15:55:00,4150.355,4151.005,4149.505,4150.855,0.0388
1781884800000,2026-06-19,16:00:00,4150.845,4150.845,4146.525,4146.995,0.0644
1781885100000,2026-06-19,16:05:00,4147.035,4149.375,4145.645,4145.835,0.0495
1781885400000,2026-06-19,16:10:00,4145.855,4146.555,4144.335,4145.025,0.0683
1781885700000,2026-06-19,16:15:00,4145.065,4146.005,4144.495,4144.735,0.0501
1781886000000,2026-06-19,16:20:00,4144.765,4147.735,4144.078,4146.595,0.0555
1781886300000,2026-06-19,16:25:00,4146.635,4148.765,4146.475,4146.905,0.0448
1781886600000,2026-06-19,16:30:00,4146.875,4149.475,4146.875,4149.405,0.0443
1781886900000,2026-06-19,16:35:00,4149.475,4151.595,4147.515,4151.555,0.0625
1781887200000,2026-06-19,16:40:00,4151.385,4153.425,4150.445,4151.425,0.0649
1781887500000,2026-06-19,16:45:00,4151.595,4156.975,4151.055,4156.805,0.0713
1781887800000,2026-06-19,16:50:00,4156.865,4157.625,4150.985,4151.325,0.0772
1781888100000,2026-06-19,16:55:00,4151.375,4155.285,4150.945,4154.335,0.0775
1782079200000,2026-06-21,22:00:00,4139.698,4158.215,4138.825,4156.505,0.1837
1782079500000,2026-06-21,22:05:00,4156.535,4159.625,4151.38,4154.255,0.1039
1782079800000,2026-06-21,22:10:00,4154.325,4156.045,4148.425,4151.275,0.1119
1782080100000,2026-06-21,22:15:00,4151.185,4153.605,4147.525,4153.395,0.115
1782080400000,2026-06-21,22:20:00,4153.395,4154.415,4149.325,4149.775,0.097
1782080700000,2026-06-21,22:25:00,4149.735,4152.915,4148.935,4151.925,0.0759
1782081000000,2026-06-21,22:30:00,4151.748,4154.855,4150.785,4151.725,0.1071
1782081300000,2026-06-21,22:35:00,4151.685,4152.405,4149.905,4151.815,0.0604
1782081600000,2026-06-21,22:40:00,4151.765,4154.515,4150.345,4153.655,0.0629
1782081900000,2026-06-21,22:45:00,4153.675,4154.755,4152.225,4154.695,0.0494
1782082200000,2026-06-21,22:50:00,4154.675,4156.615,4153.105,4156.575,0.0824
1782082500000,2026-06-21,22:55:00,4156.575,4156.705,4155.198,4156.038,0.081
1782082800000,2026-06-21,23:00:00,4155.898,4159.638,4154.888,4159.138,0.3913
1782083100000,2026-06-21,23:05:00,4159.078,4162.868,4158.298,4162.738,0.4313
1782083400000,2026-06-21,23:10:00,4162.688,4164.525,4157.825,4158.235,0.1085
1782083700000,2026-06-21,23:15:00,4158.215,4158.225,4153.575,4154.535,0.1232
1782084000000,2026-06-21,23:20:00,4154.555,4158.825,4153.815,4157.385,0.1135
1782084300000,2026-06-21,23:25:00,4157.365,4157.795,4154.315,4156.615,0.0522
1782084600000,2026-06-21,23:30:00,4156.655,4156.655,4146.725,4147.645,0.105
1782084900000,2026-06-21,23:35:00,4147.735,4147.735,4141.995,4144.665,0.1214
1782085200000,2026-06-21,23:40:00,4144.645,4145.875,4141.675,4145.415,0.0759
1782085500000,2026-06-21,23:45:00,4145.385,4146.975,4136.125,4136.965,0.1574
1782085800000,2026-06-21,23:50:00,4136.945,4140.075,4136.225,4136.635,0.1372
1782086100000,2026-06-21,23:55:00,4136.655,4142.665,4136.655,4139.985,0.1574
1782086400000,2026-06-22,00:00:00,4140.015,4150.405,4139.755,4146.835,0.2243
1782086700000,2026-06-22,00:05:00,4146.805,4148.945,4143.255,4148.665,0.194
1782087000000,2026-06-22,00:10:00,4148.595,4162.295,4147.105,4160.785,0.198
1782087300000,2026-06-22,00:15:00,4160.745,4170.535,4160.645,4163.398,0.2408
1782087600000,2026-06-22,00:20:00,4163.398,4164.745,4161.285,4163.845,0.1914
1782087900000,2026-06-22,00:25:00,4163.655,4167.805,4162.795,4167.055,0.1758
1782088200000,2026-06-22,00:30:00,4167.098,4170.795,4165.505,4166.065,0.1477
1782088500000,2026-06-22,00:35:00,4166.095,4172.215,4166.095,4171.498,0.132
1782088800000,2026-06-22,00:40:00,4171.525,4176.235,4169.915,4175.365,0.152
1782089100000,2026-06-22,00:45:00,4175.495,4184.005,4175.165,4183.465,0.1707
1782089400000,2026-06-22,00:50:00,4183.225,4189.195,4181.025,4188.085,0.1686
1782089700000,2026-06-22,00:55:00,4188.115,4200.785,4187.975,4200.595,0.2127
1782090000000,2026-06-22,01:00:00,4200.655,4220.778,4200.655,4206.065,0.3816
1782090300000,2026-06-22,01:05:00,4206.655,4215.925,4203.965,4213.705,0.2982
1782090600000,2026-06-22,01:10:00,4213.705,4213.935,4206.465,4211.475,0.2844
1782090900000,2026-06-22,01:15:00,4211.415,4214.895,4208.175,4208.315,0.2804
1782091200000,2026-06-22,01:20:00,4208.385,4213.195,4204.758,4209.815,0.2699
1782091500000,2026-06-22,01:25:00,4209.815,4212.565,4206.405,4207.105,0.256
1782091800000,2026-06-22,01:30:00,4207.085,4207.085,4195.165,4197.455,0.2948
1782092100000,2026-06-22,01:35:00,4197.455,4203.425,4194.705,4202.725,0.2371
1782092400000,2026-06-22,01:40:00,4202.725,4204.925,4198.318,4200.575,0.2205
1782092700000,2026-06-22,01:45:00,4200.535,4201.565,4193.545,4194.995,0.2335
1782093000000,2026-06-22,01:50:00,4195.125,4198.215,4192.095,4194.115,0.2073
1782093300000,2026-06-22,01:55:00,4194.085,4195.275,4189.395,4190.745,0.2127
1782093600000,2026-06-22,02:00:00,4190.705,4192.695,4187.825,4189.795,0.2478
1782093900000,2026-06-22,02:05:00,4189.815,4194.915,4188.388,4190.525,0.2118
1782094200000,2026-06-22,02:10:00,4190.555,4191.575,4183.325,4183.925,0.203
1782094500000,2026-06-22,02:15:00,4183.955,4188.465,4183.258,4187.615,0.1449
1782094800000,2026-06-22,02:20:00,4187.595,4189.785,4183.265,4188.795,0.1428
1782095100000,2026-06-22,02:25:00,4188.985,4190.085,4186.405,4188.705,0.1083
1782095400000,2026-06-22,02:30:00,4188.665,4194.735,4186.845,4194.645,0.2285
1782095700000,2026-06-22,02:35:00,4194.605,4200.145,4192.995,4195.915,0.1978
1782096000000,2026-06-22,02:40:00,4195.915,4195.915,4189.985,4191.515,0.1822
1782096300000,2026-06-22,02:45:00,4191.535,4192.085,4187.325,4190.835,0.2056
1782096600000,2026-06-22,02:50:00,4191.035,4191.295,4187.865,4188.695,0.1566
1782096900000,2026-06-22,02:55:00,4188.695,4190.255,4187.255,4188.218,0.155
1782097200000,2026-06-22,03:00:00,4188.218,4189.768,4186.335,4188.598,0.2151
1782097500000,2026-06-22,03:05:00,4188.518,4189.638,4181.765,4182.428,0.1904
1782097800000,2026-06-22,03:10:00,4182.428,4185.605,4178.115,4178.115,0.1884
1782098100000,2026-06-22,03:15:00,4178.165,4180.755,4173.595,4175.965,0.1886
1782098400000,2026-06-22,03:20:00,4175.965,4179.295,4173.405,4178.645,0.1548
1782098700000,2026-06-22,03:25:00,4178.645,4180.765,4177.465,4179.775,0.14
1782099000000,2026-06-22,03:30:00,4179.745,4180.515,4177.625,4179.685,0.1075
1782099300000,2026-06-22,03:35:00,4179.655,4179.725,4176.118,4176.118,0.0873
1782099600000,2026-06-22,03:40:00,4176.118,4176.525,4174.815,4175.425,0.0726
1782099900000,2026-06-22,03:45:00,4175.425,4178.575,4174.625,4177.045,0.0912
1782100200000,2026-06-22,03:50:00,4176.755,4177.295,4174.475,4175.165,0.0811
1782100500000,2026-06-22,03:55:00,4175.115,4176.225,4170.445,4171.265,0.1413
1782100800000,2026-06-22,04:00:00,4171.305,4174.985,4170.375,4173.725,0.1287
1782101100000,2026-06-22,04:05:00,4173.665,4178.065,4173.365,4177.375,0.1135
1782101400000,2026-06-22,04:10:00,4177.355,4178.085,4175.845,4176.085,0.1141
1782101700000,2026-06-22,04:15:00,4176.135,4177.425,4175.248,4175.955,0.117
1782102000000,2026-06-22,04:20:00,4175.985,4178.685,4175.545,4176.115,0.1046
1782102300000,2026-06-22,04:25:00,4176.095,4177.185,4174.195,4176.145,0.1209
1782102600000,2026-06-22,04:30:00,4176.155,4177.485,4175.605,4176.125,0.1019
1782102900000,2026-06-22,04:35:00,4176.095,4178.655,4174.945,4177.675,0.1115
1782103200000,2026-06-22,04:40:00,4177.735,4178.005,4174.475,4176.525,0.0919
1782103500000,2026-06-22,04:45:00,4176.545,4179.775,4175.905,4178.685,0.1383
1782103800000,2026-06-22,04:50:00,4178.665,4179.945,4177.785,4177.815,0.0978
1782104100000,2026-06-22,04:55:00,4177.825,4181.988,4177.125,4181.565,0.1137
1782104400000,2026-06-22,05:00:00,4181.438,4181.965,4180.065,4181.675,0.1643
1782104700000,2026-06-22,05:05:00,4181.655,4184.545,4179.225,4183.555,0.1811
1782105000000,2026-06-22,05:10:00,4183.465,4186.235,4182.235,4185.175,0.1325
1782105300000,2026-06-22,05:15:00,4185.155,4187.765,4184.285,4186.325,0.1192
1782105600000,2026-06-22,05:20:00,4186.205,4188.615,4186.205,4188.535,0.1147
1782105900000,2026-06-22,05:25:00,4188.515,4194.075,4187.175,4193.705,0.1203
1782106200000,2026-06-22,05:30:00,4193.795,4196.505,4189.105,4191.055,0.239
1782106500000,2026-06-22,05:35:00,4190.995,4197.725,4190.785,4196.485,0.2161
1782106800000,2026-06-22,05:40:00,4196.455,4198.375,4191.895,4192.925,0.1865
1782107100000,2026-06-22,05:45:00,4192.925,4193.805,4190.075,4193.195,0.1695
1782107400000,2026-06-22,05:50:00,4193.175,4196.565,4191.805,4195.685,0.1696
1782107700000,2026-06-22,05:55:00,4195.705,4196.748,4193.028,4193.515,0.2008
1782108000000,2026-06-22,06:00:00,4193.515,4196.175,4190.985,4191.315,0.1776
1782108300000,2026-06-22,06:05:00,4191.425,4196.895,4191.195,4196.495,0.1719
1782108600000,2026-06-22,06:10:00,4196.515,4198.245,4193.165,4194.275,0.1552
1782108900000,2026-06-22,06:15:00,4194.255,4199.755,4193.645,4197.365,0.1606
1782109200000,2026-06-22,06:20:00,4197.475,4200.485,4195.425,4200.215,0.1506
1782109500000,2026-06-22,06:25:00,4200.245,4200.495,4195.875,4196.395,0.1608
1782109800000,2026-06-22,06:30:00,4196.365,4198.785,4194.575,4198.555,0.1466
1782110100000,2026-06-22,06:35:00,4198.715,4199.925,4197.035,4198.265,0.1168
1782110400000,2026-06-22,06:40:00,4198.235,4202.265,4196.945,4201.915,0.114
1782110700000,2026-06-22,06:45:00,4201.945,4204.385,4201.195,4202.225,0.1271
1782111000000,2026-06-22,06:50:00,4202.185,4207.205,4202.185,4203.985,0.125
1782111300000,2026-06-22,06:55:00,4203.925,4205.515,4196.798,4197.298,0.1785
1782111600000,2026-06-22,07:00:00,4197.298,4200.748,4196.985,4198.445,0.1604
1782111900000,2026-06-22,07:05:00,4198.575,4201.145,4197.238,4199.675,0.1079
1782112200000,2026-06-22,07:10:00,4199.745,4200.765,4198.255,4199.105,0.1184
1782112500000,2026-06-22,07:15:00,4199.125,4201.665,4198.565,4200.505,0.0984
1782112800000,2026-06-22,07:20:00,4200.378,4200.675,4196.785,4196.925,0.1372
1782113100000,2026-06-22,07:25:00,4197.205,4198.495,4196.845,4197.445,0.1162
1782113400000,2026-06-22,07:30:00,4197.515,4199.645,4193.615,4198.645,0.1384
1782113700000,2026-06-22,07:35:00,4198.705,4198.705,4194.605,4194.685,0.1215
1782114000000,2026-06-22,07:40:00,4194.695,4195.795,4192.205,4194.295,0.103
1782114300000,2026-06-22,07:45:00,4194.295,4194.955,4192.125,4194.885,0.1082
1782114600000,2026-06-22,07:50:00,4194.945,4195.955,4190.175,4191.005,0.1291
1782114900000,2026-06-22,07:55:00,4190.975,4192.365,4188.555,4190.195,0.1093
1782115200000,2026-06-22,08:00:00,4190.195,4192.795,4188.405,4191.835,0.1592
1782115500000,2026-06-22,08:05:00,4191.835,4194.575,4190.935,4191.685,0.1242
1782115800000,2026-06-22,08:10:00,4191.815,4191.815,4188.878,4189.805,0.0996
1782116100000,2026-06-22,08:15:00,4189.775,4191.635,4188.965,4190.535,0.0939
1782116400000,2026-06-22,08:20:00,4190.525,4195.115,4190.305,4191.735,0.1335
1782116700000,2026-06-22,08:25:00,4191.605,4192.905,4189.275,4191.345,0.1328
1782117000000,2026-06-22,08:30:00,4191.565,4191.565,4188.795,4191.055,0.0968
1782117300000,2026-06-22,08:35:00,4191.085,4194.125,4190.335,4190.685,0.1102
1782117600000,2026-06-22,08:40:00,4190.745,4193.415,4190.275,4193.335,0.0577
1782117900000,2026-06-22,08:45:00,4193.275,4194.335,4192.455,4194.285,0.065
1782118200000,2026-06-22,08:50:00,4194.145,4197.495,4191.895,4195.375,0.1018
1782118500000,2026-06-22,08:55:00,4195.415,4197.435,4194.485,4197.355,0.1102
1782118800000,2026-06-22,09:00:00,4197.295,4202.505,4195.765,4202.025,0.1364
1782119100000,2026-06-22,09:05:00,4201.995,4209.315,4201.285,4208.395,0.1629
1782119400000,2026-06-22,09:10:00,4208.385,4209.355,4202.965,4205.085,0.1103
1782119700000,2026-06-22,09:15:00,4205.165,4207.375,4204.175,4206.935,0.0894
1782120000000,2026-06-22,09:20:00,4206.895,4209.095,4204.895,4205.605,0.0973
1782120300000,2026-06-22,09:25:00,4205.625,4206.355,4202.815,4203.765,0.0751
1782120600000,2026-06-22,09:30:00,4203.795,4210.035,4201.115,4207.965,0.1472
1782120900000,2026-06-22,09:35:00,4208.055,4209.575,4204.205,4208.395,0.1137
1782121200000,2026-06-22,09:40:00,4208.425,4210.095,4206.305,4206.695,0.0781
1782121500000,2026-06-22,09:45:00,4206.845,4207.785,4204.145,4207.285,0.0771
1782121800000,2026-06-22,09:50:00,4207.255,4210.035,4206.285,4208.555,0.0714
1782122100000,2026-06-22,09:55:00,4208.695,4209.995,4207.865,4208.095,0.0604
1782122400000,2026-06-22,10:00:00,4208.045,4210.175,4207.725,4208.695,0.0747
1782122700000,2026-06-22,10:05:00,4208.655,4211.345,4207.945,4210.435,0.1017
1782123000000,2026-06-22,10:10:00,4210.325,4213.995,4208.725,4212.745,0.1111
1782123300000,2026-06-22,10:15:00,4212.465,4212.585,4210.015,4210.115,0.0752
1782123600000,2026-06-22,10:20:00,4210.125,4210.975,4207.945,4210.975,0.0757
1782123900000,2026-06-22,10:25:00,4211.005,4214.025,4209.035,4209.825,0.0736
1782124200000,2026-06-22,10:30:00,4209.825,4210.755,4208.845,4209.695,0.066
1782124500000,2026-06-22,10:35:00,4209.845,4211.525,4208.855,4208.955,0.0587
1782124800000,2026-06-22,10:40:00,4208.935,4210.355,4208.125,4208.375,0.0597
1782125100000,2026-06-22,10:45:00,4208.405,4208.715,4204.255,4205.285,0.0938
1782125400000,2026-06-22,10:50:00,4205.425,4209.215,4205.238,4207.865,0.0704
1782125700000,2026-06-22,10:55:00,4207.935,4208.035,4203.445,4204.545,0.0625
1782126000000,2026-06-22,11:00:00,4204.605,4209.965,4204.435,4209.205,0.1077
1782126300000,2026-06-22,11:05:00,4209.225,4215.005,4209.115,4210.765,0.2468
1782126600000,2026-06-22,11:10:00,4210.655,4210.975,4206.305,4207.875,0.1352
1782126900000,2026-06-22,11:15:00,4207.735,4208.735,4206.445,4207.755,0.0893
1782127200000,2026-06-22,11:20:00,4207.795,4209.505,4206.345,4207.765,0.0775
1782127500000,2026-06-22,11:25:00,4207.735,4207.735,4203.185,4203.775,0.069
1782127800000,2026-06-22,11:30:00,4203.655,4207.875,4203.295,4205.655,0.0735
1782128100000,2026-06-22,11:35:00,4205.705,4206.245,4201.955,4206.245,0.1019
1782128400000,2026-06-22,11:40:00,4206.275,4208.085,4204.795,4206.405,0.1042
1782128700000,2026-06-22,11:45:00,4206.435,4206.535,4203.405,4204.935,0.0717
1782129000000,2026-06-22,11:50:00,4204.805,4205.365,4201.315,4205.325,0.0795
1782129300000,2026-06-22,11:55:00,4205.325,4207.395,4204.595,4207.225,0.101
1782129600000,2026-06-22,12:00:00,4207.285,4210.855,4205.655,4210.395,0.1152
1782129900000,2026-06-22,12:05:00,4210.395,4210.995,4206.388,4207.575,0.1263
1782130200000,2026-06-22,12:10:00,4207.545,4209.595,4205.165,4207.145,0.0967
1782130500000,2026-06-22,12:15:00,4207.105,4208.515,4205.975,4207.505,0.0822
1782130800000,2026-06-22,12:20:00,4207.385,4211.605,4206.485,4210.665,0.1412
1782131100000,2026-06-22,12:25:00,4210.645,4211.535,4206.125,4208.355,0.1042
1782131400000,2026-06-22,12:30:00,4208.305,4208.645,4203.165,4205.585,0.1107
1782131700000,2026-06-22,12:35:00,4205.685,4205.905,4203.055,4203.485,0.1001
1782132000000,2026-06-22,12:40:00,4203.485,4204.585,4200.705,4203.695,0.1106
1782132300000,2026-06-22,12:45:00,4203.875,4204.645,4199.565,4202.095,0.1078
1782132600000,2026-06-22,12:50:00,4202.015,4202.115,4197.175,4197.465,0.1337
1782132900000,2026-06-22,12:55:00,4197.485,4197.635,4192.075,4193.225,0.1485
1782133200000,2026-06-22,13:00:00,4193.385,4196.525,4190.515,4193.215,0.2969
1782133500000,2026-06-22,13:05:00,4193.195,4194.095,4188.585,4190.735,0.2183
1782133800000,2026-06-22,13:10:00,4190.695,4194.395,4189.895,4194.205,0.2144
1782134100000,2026-06-22,13:15:00,4194.125,4196.925,4193.528,4195.755,0.1989
1782134400000,2026-06-22,13:20:00,4195.875,4195.915,4189.045,4190.045,0.1853
1782134700000,2026-06-22,13:25:00,4189.868,4191.345,4185.335,4186.785,0.2089
1782135000000,2026-06-22,13:30:00,4186.765,4188.405,4182.735,4185.765,0.3502
1782135300000,2026-06-22,13:35:00,4185.815,4193.005,4184.935,4191.935,0.2461
1782135600000,2026-06-22,13:40:00,4191.905,4194.435,4187.315,4190.795,0.3073
1782135900000,2026-06-22,13:45:00,4190.815,4201.895,4187.185,4199.685,0.3159
1782136200000,2026-06-22,13:50:00,4199.775,4204.775,4199.215,4203.855,0.2572
1782136500000,2026-06-22,13:55:00,4203.695,4205.405,4198.588,4199.635,0.2151
1782136800000,2026-06-22,14:00:00,4199.905,4200.255,4193.675,4198.425,0.2565
1782137100000,2026-06-22,14:05:00,4198.415,4210.645,4196.345,4206.225,0.303
1782137400000,2026-06-22,14:10:00,4206.055,4206.895,4200.435,4205.068,0.2545
1782137700000,2026-06-22,14:15:00,4205.068,4205.955,4195.525,4195.895,0.2366
1782138000000,2026-06-22,14:20:00,4195.975,4196.495,4190.985,4192.375,0.2908
1782138300000,2026-06-22,14:25:00,4192.425,4196.605,4191.595,4191.795,0.291
1782138600000,2026-06-22,14:30:00,4191.558,4192.345,4187.455,4187.925,0.2765
1782138900000,2026-06-22,14:35:00,4187.915,4192.295,4186.365,4191.145,0.2589
1782139200000,2026-06-22,14:40:00,4191.175,4197.395,4191.005,4192.885,0.2369
1782139500000,2026-06-22,14:45:00,4192.935,4205.995,4192.785,4200.955,0.2911
1782139800000,2026-06-22,14:50:00,4200.945,4202.925,4197.085,4197.305,0.2684
1782140100000,2026-06-22,14:55:00,4197.545,4200.175,4195.975,4198.025,0.2446
1782140400000,2026-06-22,15:00:00,4198.035,4201.115,4195.985,4198.815,0.2488
1782140700000,2026-06-22,15:05:00,4198.725,4199.015,4194.518,4195.225,0.277
1782141000000,2026-06-22,15:10:00,4195.195,4198.865,4195.195,4197.535,0.2339
1782141300000,2026-06-22,15:15:00,4197.555,4197.725,4190.425,4191.915,0.2529
1782141600000,2026-06-22,15:20:00,4191.965,4192.665,4188.975,4190.705,0.21
1782141900000,2026-06-22,15:25:00,4190.695,4192.005,4188.025,4188.825,0.2559
1782142200000,2026-06-22,15:30:00,4188.805,4190.215,4187.155,4187.955,0.2052
1782142500000,2026-06-22,15:35:00,4188.145,4188.885,4180.148,4181.925,0.2019
1782142800000,2026-06-22,15:40:00,4182.495,4185.255,4180.258,4180.755,0.1741
1782143100000,2026-06-22,15:45:00,4180.718,4180.835,4169.715,4169.765,0.2342
1782143400000,2026-06-22,15:50:00,4169.915,4179.005,4169.485,4178.735,0.2235
1782143700000,2026-06-22,15:55:00,4178.695,4184.925,4177.735,4182.695,0.1933
1782144000000,2026-06-22,16:00:00,4182.755,4184.615,4176.575,4177.635,0.1934
1782144300000,2026-06-22,16:05:00,4177.625,4179.195,4175.415,4176.485,0.1806
1782144600000,2026-06-22,16:10:00,4176.555,4178.185,4174.195,4177.355,0.1674
1782144900000,2026-06-22,16:15:00,4177.048,4180.095,4175.985,4179.045,0.1474
1782145200000,2026-06-22,16:20:00,4179.025,4182.705,4178.815,4180.935,0.238
1782145500000,2026-06-22,16:25:00,4180.908,4182.615,4179.935,4182.385,0.2399
1782145800000,2026-06-22,16:30:00,4182.355,4184.468,4181.095,4184.415,0.2148
1782146100000,2026-06-22,16:35:00,4184.385,4186.048,4183.085,4183.128,0.247
1782146400000,2026-06-22,16:40:00,4183.165,4183.585,4181.035,4181.655,0.2238
1782146700000,2026-06-22,16:45:00,4181.605,4184.675,4180.548,4184.538,0.2262
1782147000000,2026-06-22,16:50:00,4184.608,4187.605,4183.965,4186.795,0.1822
1782147300000,2026-06-22,16:55:00,4186.775,4192.735,4186.045,4189.665,0.2018
1782147600000,2026-06-22,17:00:00,4189.725,4190.978,4188.075,4189.135,0.2174
1782147900000,2026-06-22,17:05:00,4189.075,4189.075,4186.015,4187.355,0.1673
1782148200000,2026-06-22,17:10:00,4187.355,4188.135,4185.705,4186.345,0.1507
1782148500000,2026-06-22,17:15:00,4186.315,4189.575,4186.165,4189.185,0.1645
1782148800000,2026-06-22,17:20:00,4189.185,4191.485,4188.765,4188.925,0.1877
1782149100000,2026-06-22,17:25:00,4188.975,4189.035,4182.978,4183.848,0.2306
1782149400000,2026-06-22,17:30:00,4183.925,4184.628,4177.425,4178.805,0.206
1782149700000,2026-06-22,17:35:00,4178.775,4181.275,4176.855,4180.855,0.1909
1782150000000,2026-06-22,17:40:00,4180.855,4181.745,4180.035,4181.405,0.1521
1782150300000,2026-06-22,17:45:00,4181.415,4183.115,4179.875,4182.175,0.1421
1782150600000,2026-06-22,17:50:00,4182.225,4183.005,4180.508,4182.335,0.1304
1782150900000,2026-06-22,17:55:00,4182.295,4183.455,4181.675,4182.868,0.2044
1782151200000,2026-06-22,18:00:00,4182.868,4185.065,4182.185,4183.125,0.1674
1782151500000,2026-06-22,18:05:00,4183.105,4184.465,4182.688,4184.075,0.1372
1782151800000,2026-06-22,18:10:00,4184.035,4186.065,4183.435,4183.755,0.1777
1782152100000,2026-06-22,18:15:00,4183.745,4186.825,4183.745,4185.375,0.1373
1782152400000,2026-06-22,18:20:00,4185.355,4189.615,4185.325,4188.365,0.1749
1782152700000,2026-06-22,18:25:00,4188.335,4188.575,4186.375,4187.785,0.1712
1782153000000,2026-06-22,18:30:00,4187.825,4189.255,4185.635,4186.395,0.1411
1782153300000,2026-06-22,18:35:00,4186.395,4187.928,4185.935,4186.628,0.1566
1782153600000,2026-06-22,18:40:00,4186.628,4189.755,4186.568,4189.645,0.1635
1782153900000,2026-06-22,18:45:00,4189.675,4192.665,4189.425,4191.658,0.2055
1782154200000,2026-06-22,18:50:00,4191.615,4191.888,4189.625,4190.408,0.194
1782154500000,2026-06-22,18:55:00,4190.408,4191.438,4189.425,4191.028,0.306
1782154800000,2026-06-22,19:00:00,4191.265,4193.198,4190.825,4191.638,0.4557
1782155100000,2026-06-22,19:05:00,4191.638,4192.785,4191.068,4192.315,0.2836
1782155400000,2026-06-22,19:10:00,4192.315,4193.075,4190.798,4191.325,0.151
1782155700000,2026-06-22,19:15:00,4191.365,4192.075,4189.905,4190.865,0.1713
1782156000000,2026-06-22,19:20:00,4190.845,4190.865,4187.725,4188.435,0.1584
1782156300000,2026-06-22,19:25:00,4188.505,4189.025,4187.298,4187.385,0.1568
1782156600000,2026-06-22,19:30:00,4187.395,4187.625,4186.025,4187.055,0.1754
1782156900000,2026-06-22,19:35:00,4187.055,4190.175,4186.745,4188.265,0.1313
1782157200000,2026-06-22,19:40:00,4188.295,4188.295,4184.215,4184.455,0.1481
1782157500000,2026-06-22,19:45:00,4184.525,4186.015,4184.115,4185.295,0.1246
1782157800000,2026-06-22,19:50:00,4185.265,4187.655,4184.635,4187.355,0.1807
1782158100000,2026-06-22,19:55:00,4187.566,4191.575,4186.135,4190.355,0.2321
1782158400000,2026-06-22,20:00:00,4190.485,4193.685,4190.005,4192.415,0.0982
1782158700000,2026-06-22,20:05:00,4192.475,4192.975,4190.555,4190.605,0.0563
1782159000000,2026-06-22,20:10:00,4190.535,4191.815,4190.515,4190.855,0.0437
1782159300000,2026-06-22,20:15:00,4190.895,4191.505,4189.865,4191.195,0.0329
1782159600000,2026-06-22,20:20:00,4191.145,4191.235,4188.645,4190.455,0.0347
1782159900000,2026-06-22,20:25:00,4190.405,4191.255,4190.145,4190.375,0.033
1782160200000,2026-06-22,20:30:00,4190.255,4191.665,4189.515,4191.515,0.0382
1782160500000,2026-06-22,20:35:00,4191.515,4193.695,4191.385,4193.445,0.0376
1782160800000,2026-06-22,20:40:00,4193.445,4193.525,4192.055,4192.775,0.0383
1782161100000,2026-06-22,20:45:00,4192.775,4193.215,4190.695,4191.125,0.0438
1782161400000,2026-06-22,20:50:00,4191.125,4191.945,4190.875,4191.318,0.0352
1782161700000,2026-06-22,20:55:00,4191.338,4192.105,4190.995,4191.165,0.0348
1782165600000,2026-06-22,22:00:00,4191.458,4194.175,4191.145,4192.555,0.0427
1782165900000,2026-06-22,22:05:00,4192.585,4193.525,4191.325,4192.405,0.0237
1782166200000,2026-06-22,22:10:00,4192.435,4193.025,4191.735,4192.085,0.0357
1782166500000,2026-06-22,22:15:00,4192.058,4192.585,4190.795,4191.715,0.0185
1782166800000,2026-06-22,22:20:00,4191.735,4192.305,4191.138,4191.148,0.0157
1782167100000,2026-06-22,22:25:00,4191.178,4193.195,4191.148,4192.665,0.026
1782167400000,2026-06-22,22:30:00,4192.755,4194.365,4191.975,4192.215,0.0384
1782167700000,2026-06-22,22:35:00,4192.235,4192.645,4189.705,4191.485,0.0457
1782168000000,2026-06-22,22:40:00,4191.505,4191.505,4188.945,4189.795,0.0328
1782168300000,2026-06-22,22:45:00,4189.765,4189.955,4188.135,4188.375,0.0344
1782168600000,2026-06-22,22:50:00,4188.395,4190.105,4188.108,4189.955,0.0235
1782168900000,2026-06-22,22:55:00,4189.925,4190.348,4188.978,4189.438,0.0508
1782169200000,2026-06-22,23:00:00,4189.438,4192.448,4188.888,4189.958,0.1839
1782169500000,2026-06-22,23:05:00,4189.968,4191.588,4189.838,4191.288,0.1383
1782169800000,2026-06-22,23:10:00,4191.308,4191.815,4190.225,4190.735,0.0194
1782170100000,2026-06-22,23:15:00,4190.755,4191.525,4190.255,4191.125,0.0164
1782170400000,2026-06-22,23:20:00,4191.145,4191.575,4190.195,4190.335,0.0156
1782170700000,2026-06-22,23:25:00,4190.315,4191.115,4190.015,4190.675,0.0158
1782171000000,2026-06-22,23:30:00,4190.705,4192.245,4190.425,4192.095,0.018
1782171300000,2026-06-22,23:35:00,4192.045,4194.785,4191.865,4194.645,0.0331
1782171600000,2026-06-22,23:40:00,4194.625,4195.095,4193.865,4194.635,0.0261
1782171900000,2026-06-22,23:45:00,4194.655,4194.675,4189.615,4190.535,0.0499
1782172200000,2026-06-22,23:50:00,4190.555,4190.665,4186.505,4187.285,0.0826
1782172500000,2026-06-22,23:55:00,4187.245,4189.505,4187.105,4187.475,0.0528
1782172800000,2026-06-23,00:00:00,4187.315,4192.085,4186.605,4189.075,0.133
1782173100000,2026-06-23,00:05:00,4189.055,4189.065,4183.395,4184.265,0.125
1782173400000,2026-06-23,00:10:00,4184.195,4184.235,4178.095,4178.525,0.1328
1782173700000,2026-06-23,00:15:00,4178.505,4182.425,4178.505,4182.035,0.1133
1782174000000,2026-06-23,00:20:00,4182.145,4183.165,4178.725,4182.205,0.1068
1782174300000,2026-06-23,00:25:00,4182.235,4185.545,4179.995,4183.595,0.1089
1782174600000,2026-06-23,00:30:00,4183.535,4185.905,4182.545,4184.045,0.1133
1782174900000,2026-06-23,00:35:00,4183.985,4186.115,4181.955,4185.895,0.1077
1782175200000,2026-06-23,00:40:00,4185.925,4193.295,4183.855,4192.505,0.128
1782175500000,2026-06-23,00:45:00,4192.525,4194.405,4190.435,4190.845,0.1782
1782175800000,2026-06-23,00:50:00,4190.795,4193.975,4189.885,4191.295,0.1361
1782176100000,2026-06-23,00:55:00,4191.235,4193.685,4189.785,4193.145,0.1343
1782176400000,2026-06-23,01:00:00,4193.145,4198.435,4189.435,4189.725,0.2464
1782176700000,2026-06-23,01:05:00,4189.705,4194.015,4184.855,4188.485,0.1806
1782177000000,2026-06-23,01:10:00,4188.455,4189.185,4184.775,4184.995,0.1529
1782177300000,2026-06-23,01:15:00,4184.965,4185.615,4171.835,4173.415,0.2304
1782177600000,2026-06-23,01:20:00,4173.415,4180.025,4170.695,4177.835,0.2094
1782177900000,2026-06-23,01:25:00,4177.885,4180.715,4176.405,4177.965,0.1788
1782178200000,2026-06-23,01:30:00,4177.995,4178.385,4167.955,4169.015,0.2287
1782178500000,2026-06-23,01:35:00,4169.175,4170.305,4160.458,4161.698,0.3574
1782178800000,2026-06-23,01:40:00,4161.695,4164.875,4153.205,4154.305,0.2629
1782179100000,2026-06-23,01:45:00,4153.895,4155.285,4149.795,4150.285,0.2367
1782179400000,2026-06-23,01:50:00,4150.305,4157.888,4149.705,4156.855,0.2449
1782179700000,2026-06-23,01:55:00,4156.885,4162.745,4155.635,4161.015,0.2213
1782180000000,2026-06-23,02:00:00,4161.035,4163.015,4156.195,4158.935,0.1948
1782180300000,2026-06-23,02:05:00,4159.005,4159.035,4150.608,4151.175,0.2045
1782180600000,2026-06-23,02:10:00,4151.195,4153.675,4148.755,4153.405,0.2053
1782180900000,2026-06-23,02:15:00,4153.425,4160.195,4153.155,4158.115,0.1694
1782181200000,2026-06-23,02:20:00,4158.075,4160.065,4157.305,4160.035,0.1169
1782181500000,2026-06-23,02:25:00,4160.155,4163.295,4158.915,4161.655,0.1315
1782181800000,2026-06-23,02:30:00,4161.655,4162.175,4156.155,4156.155,0.2135
1782182100000,2026-06-23,02:35:00,4156.135,4159.065,4155.735,4157.785,0.1528
1782182400000,2026-06-23,02:40:00,4157.825,4158.245,4152.085,4154.785,0.1973
1782182700000,2026-06-23,02:45:00,4154.555,4156.675,4151.765,4153.925,0.2084
1782183000000,2026-06-23,02:50:00,4154.135,4155.705,4151.435,4152.615,0.1772
1782183300000,2026-06-23,02:55:00,4152.615,4154.905,4146.345,4146.695,0.1876
1782183600000,2026-06-23,03:00:00,4146.765,4149.415,4139.735,4141.995,0.2605
1782183900000,2026-06-23,03:05:00,4141.925,4142.775,4139.215,4140.135,0.1937
1782184200000,2026-06-23,03:10:00,4140.155,4142.905,4138.375,4141.825,0.2019
1782184500000,2026-06-23,03:15:00,4141.785,4143.885,4132.125,4132.875,0.2366
1782184800000,2026-06-23,03:20:00,4132.955,4135.525,4130.488,4135.435,0.1999
1782185100000,2026-06-23,03:25:00,4135.415,4140.805,4134.035,4140.515,0.1808
1782185400000,2026-06-23,03:30:00,4140.495,4141.145,4138.535,4139.125,0.1442
1782185700000,2026-06-23,03:35:00,4138.965,4141.035,4133.335,4136.295,0.164
1782186000000,2026-06-23,03:40:00,4136.345,4139.025,4134.705,4138.665,0.133
1782186300000,2026-06-23,03:45:00,4138.705,4139.855,4136.385,4138.895,0.1274
1782186600000,2026-06-23,03:50:00,4138.945,4141.445,4138.735,4140.655,0.1144
1782186900000,2026-06-23,03:55:00,4140.655,4144.765,4139.375,4143.925,0.1404
1782187200000,2026-06-23,04:00:00,4144.225,4146.795,4143.765,4144.615,0.1256
1782187500000,2026-06-23,04:05:00,4144.585,4144.715,4142.755,4143.955,0.0923
1782187800000,2026-06-23,04:10:00,4143.975,4144.205,4141.665,4143.045,0.1126
1782188100000,2026-06-23,04:15:00,4143.075,4143.185,4138.945,4139.645,0.0981
1782188400000,2026-06-23,04:20:00,4139.665,4140.165,4137.655,4139.945,0.106
1782188700000,2026-06-23,04:25:00,4140.005,4140.405,4137.115,4139.805,0.122
1782189000000,2026-06-23,04:30:00,4139.785,4139.785,4135.135,4136.305,0.1337
1782189300000,2026-06-23,04:35:00,4136.325,4139.745,4135.035,4138.965,0.1353
1782189600000,2026-06-23,04:40:00,4138.865,4140.365,4136.875,4138.605,0.0892
1782189900000,2026-06-23,04:45:00,4138.585,4140.015,4137.915,4138.625,0.0871
1782190200000,2026-06-23,04:50:00,4138.625,4139.315,4134.205,4134.475,0.1436
1782190500000,2026-06-23,04:55:00,4134.505,4134.565,4114.495,4117.875,0.2442
1782190800000,2026-06-23,05:00:00,4117.905,4134.405,4115.095,4134.305,0.247
1782191100000,2026-06-23,05:05:00,4134.335,4137.305,4127.095,4127.518,0.1889
1782191400000,2026-06-23,05:10:00,4127.785,4130.695,4126.298,4129.585,0.1632
1782191700000,2026-06-23,05:15:00,4129.615,4129.655,4125.755,4127.505,0.1385
1782192000000,2026-06-23,05:20:00,4127.655,4130.515,4126.395,4127.545,0.1567
1782192300000,2026-06-23,05:25:00,4127.575,4128.195,4123.345,4124.975,0.1404
1782192600000,2026-06-23,05:30:00,4124.995,4131.205,4116.815,4131.205,0.3094
1782192900000,2026-06-23,05:35:00,4131.145,4133.575,4124.745,4124.885,0.2719
1782193200000,2026-06-23,05:40:00,4125.235,4128.625,4120.755,4127.445,0.2468
1782193500000,2026-06-23,05:45:00,4127.465,4127.495,4117.145,4118.675,0.2358
1782193800000,2026-06-23,05:50:00,4118.695,4122.255,4117.205,4120.405,0.2312
1782194100000,2026-06-23,05:55:00,4120.385,4121.745,4116.485,4120.945,0.2502
1782194400000,2026-06-23,06:00:00,4120.925,4126.745,4119.545,4122.785,0.2609
1782194700000,2026-06-23,06:05:00,4122.585,4123.175,4112.855,4113.215,0.2261
1782195000000,2026-06-23,06:10:00,4113.235,4124.755,4110.825,4122.385,0.2497
1782195300000,2026-06-23,06:15:00,4122.405,4126.615,4121.065,4122.295,0.1996
1782195600000,2026-06-23,06:20:00,4122.315,4125.185,4117.145,4122.165,0.1788
1782195900000,2026-06-23,06:25:00,4122.225,4122.375,4114.175,4116.245,0.2244
1782196200000,2026-06-23,06:30:00,4116.275,4120.825,4114.505,4119.605,0.2255
1782196500000,2026-06-23,06:35:00,4119.535,4119.795,4113.325,4115.895,0.1947
1782196800000,2026-06-23,06:40:00,4115.975,4117.115,4110.605,4113.285,0.1944
1782197100000,2026-06-23,06:45:00,4113.275,4117.725,4110.195,4115.405,0.2127
1782197400000,2026-06-23,06:50:00,4115.285,4118.685,4115.285,4118.065,0.1588
1782197700000,2026-06-23,06:55:00,4118.035,4120.215,4113.685,4114.205,0.1972
1782198000000,2026-06-23,07:00:00,4114.105,4119.575,4110.185,4119.575,0.2421
1782198300000,2026-06-23,07:05:00,4119.545,4124.645,4118.545,4121.105,0.1893
1782198600000,2026-06-23,07:10:00,4121.015,4121.105,4111.955,4115.635,0.1837
1782198900000,2026-06-23,07:15:00,4115.525,4117.705,4113.495,4117.605,0.1463
1782199200000,2026-06-23,07:20:00,4117.575,4122.775,4117.155,4119.075,0.1476
1782199500000,2026-06-23,07:25:00,4119.115,4120.115,4117.635,4117.965,0.1482
1782199800000,2026-06-23,07:30:00,4117.935,4119.195,4114.945,4119.005,0.1989
1782200100000,2026-06-23,07:35:00,4118.975,4118.975,4110.455,4111.145,0.2072
1782200400000,2026-06-23,07:40:00,4111.525,4113.115,4103.575,4104.645,0.2228
1782200700000,2026-06-23,07:45:00,4105.045,4107.895,4103.935,4106.265,0.1981
1782201000000,2026-06-23,07:50:00,4106.285,4106.405,4098.125,4100.365,0.2325
1782201300000,2026-06-23,07:55:00,4100.515,4100.925,4096.375,4098.455,0.1988
1782201600000,2026-06-23,08:00:00,4098.565,4099.905,4091.135,4092.135,0.2784
1782201900000,2026-06-23,08:05:00,4092.185,4095.945,4090.545,4094.005,0.204
1782202200000,2026-06-23,08:10:00,4094.035,4095.925,4091.575,4093.735,0.1788
1782202500000,2026-06-23,08:15:00,4093.705,4099.725,4092.155,4097.975,0.1985
1782202800000,2026-06-23,08:20:00,4097.988,4099.665,4095.895,4096.955,0.1745
1782203100000,2026-06-23,08:25:00,4096.975,4098.365,4094.495,4097.945,0.191
1782203400000,2026-06-23,08:30:00,4097.925,4102.035,4096.505,4101.495,0.1842
1782203700000,2026-06-23,08:35:00,4101.585,4105.165,4100.295,4101.995,0.2066
1782204000000,2026-06-23,08:40:00,4101.935,4110.705,4101.855,4109.275,0.1993
1782204300000,2026-06-23,08:45:00,4109.295,4109.425,4101.665,4104.065,0.1932
1782204600000,2026-06-23,08:50:00,4103.945,4108.355,4102.235,4107.425,0.1346
1782204900000,2026-06-23,08:55:00,4107.395,4107.395,4102.355,4104.975,0.1305
1782205200000,2026-06-23,09:00:00,4105.065,4110.405,4103.715,4109.955,0.1571
1782205500000,2026-06-23,09:05:00,4109.935,4112.455,4108.645,4109.635,0.1646
1782205800000,2026-06-23,09:10:00,4109.605,4113.435,4108.995,4110.775,0.1262
1782206100000,2026-06-23,09:15:00,4110.865,4112.415,4108.585,4110.815,0.1307
1782206400000,2026-06-23,09:20:00,4110.995,4116.668,4110.895,4115.705,0.1407
1782206700000,2026-06-23,09:25:00,4115.665,4116.555,4111.608,4112.425,0.1636
1782207000000,2026-06-23,09:30:00,4112.385,4116.565,4111.878,4116.565,0.1487
1782207300000,2026-06-23,09:35:00,4116.545,4119.845,4115.055,4118.205,0.1245
1782207600000,2026-06-23,09:40:00,4118.155,4119.825,4116.525,4116.895,0.1127
1782207900000,2026-06-23,09:45:00,4117.105,4118.295,4116.108,4117.205,0.1142
1782208200000,2026-06-23,09:50:00,4117.188,4118.045,4115.065,4115.328,0.1098
1782208500000,2026-06-23,09:55:00,4115.275,4122.075,4115.015,4122.055,0.1091
1782208800000,2026-06-23,10:00:00,4122.065,4133.055,4121.925,4131.435,0.1766
1782209100000,2026-06-23,10:05:00,4131.315,4132.265,4126.665,4126.665,0.1311
1782209400000,2026-06-23,10:10:00,4126.685,4129.885,4126.685,4129.635,0.0984
1782209700000,2026-06-23,10:15:00,4129.695,4132.885,4128.445,4132.275,0.1122
1782210000000,2026-06-23,10:20:00,4132.325,4132.335,4127.615,4127.695,0.1224
1782210300000,2026-06-23,10:25:00,4127.745,4131.408,4126.575,4130.045,0.108
1782210600000,2026-06-23,10:30:00,4130.075,4131.825,4128.925,4130.295,0.1373
1782210900000,2026-06-23,10:35:00,4130.265,4131.405,4126.558,4128.525,0.1352
1782211200000,2026-06-23,10:40:00,4128.655,4129.885,4124.155,4126.265,0.1496
1782211500000,2026-06-23,10:45:00,4126.185,4126.515,4123.175,4124.005,0.1434
1782211800000,2026-06-23,10:50:00,4123.935,4125.235,4121.635,4121.835,0.1568
1782212100000,2026-06-23,10:55:00,4121.945,4122.785,4119.295,4119.465,0.151
1782212400000,2026-06-23,11:00:00,4119.445,4121.195,4117.145,4118.618,0.2207
1782212700000,2026-06-23,11:05:00,4118.605,4126.475,4118.125,4125.465,0.2126
1782213000000,2026-06-23,11:10:00,4125.465,4129.465,4124.725,4128.845,0.1236
1782213300000,2026-06-23,11:15:00,4128.915,4129.035,4125.075,4128.165,0.1266
1782213600000,2026-06-23,11:20:00,4128.125,4131.485,4124.095,4129.175,0.1828
1782213900000,2026-06-23,11:25:00,4129.145,4129.785,4124.955,4127.035,0.1366
1782214200000,2026-06-23,11:30:00,4127.005,4128.525,4123.235,4123.255,0.1503
1782214500000,2026-06-23,11:35:00,4123.495,4126.375,4119.965,4125.535,0.1686
1782214800000,2026-06-23,11:40:00,4125.665,4125.845,4118.345,4120.815,0.1554
1782215100000,2026-06-23,11:45:00,4120.835,4121.465,4117.968,4121.465,0.1587
1782215400000,2026-06-23,11:50:00,4121.315,4123.665,4118.745,4121.675,0.1968
1782215700000,2026-06-23,11:55:00,4121.755,4125.948,4119.475,4122.965,0.1545
1782216000000,2026-06-23,12:00:00,4123.015,4127.115,4122.035,4122.045,0.159
1782216300000,2026-06-23,12:05:00,4122.075,4123.855,4119.325,4119.565,0.2161
1782216600000,2026-06-23,12:10:00,4119.515,4121.975,4112.625,4113.705,0.2004
1782216900000,2026-06-23,12:15:00,4113.705,4118.415,4111.425,4117.495,0.1663
1782217200000,2026-06-23,12:20:00,4117.438,4119.905,4112.258,4117.405,0.2177
1782217500000,2026-06-23,12:25:00,4117.375,4117.805,4113.625,4114.815,0.17
1782217800000,2026-06-23,12:30:00,4114.975,4120.215,4114.025,4115.635,0.1866
1782218100000,2026-06-23,12:35:00,4115.535,4122.425,4115.535,4121.825,0.1757
1782218400000,2026-06-23,12:40:00,4121.785,4121.785,4117.345,4117.545,0.1519
1782218700000,2026-06-23,12:45:00,4117.488,4117.995,4112.925,4117.935,0.1517
1782219000000,2026-06-23,12:50:00,4117.905,4121.615,4115.895,4119.035,0.1562
1782219300000,2026-06-23,12:55:00,4118.885,4121.055,4112.115,4112.908,0.1667
1782219600000,2026-06-23,13:00:00,4112.885,4114.075,4107.658,4111.815,0.2769
1782219900000,2026-06-23,13:05:00,4111.745,4119.165,4111.105,4116.235,0.2469
1782220200000,2026-06-23,13:10:00,4116.295,4116.735,4112.015,4113.165,0.1856
1782220500000,2026-06-23,13:15:00,4113.175,4113.715,4106.175,4107.055,0.2011
1782220800000,2026-06-23,13:20:00,4107.035,4116.655,4105.138,4116.445,0.2711
1782221100000,2026-06-23,13:25:00,4116.385,4119.345,4113.875,4115.655,0.28
1782221400000,2026-06-23,13:30:00,4115.625,4123.285,4109.725,4122.295,0.4162
1782221700000,2026-06-23,13:35:00,4122.275,4124.375,4118.008,4118.445,0.3836
1782222000000,2026-06-23,13:40:00,4118.365,4128.435,4117.805,4126.095,0.3144
1782222300000,2026-06-23,13:45:00,4126.085,4134.635,4124.255,4130.835,0.3599
1782222600000,2026-06-23,13:50:00,4130.878,4140.098,4130.388,4137.065,0.3586
1782222900000,2026-06-23,13:55:00,4136.905,4138.958,4131.425,4135.048,0.3426
1782223200000,2026-06-23,14:00:00,4135.048,4140.645,4133.098,4137.468,0.346
1782223500000,2026-06-23,14:05:00,4137.435,4143.575,4134.925,4141.605,0.3089
1782223800000,2026-06-23,14:10:00,4141.558,4144.795,4132.955,4137.418,0.3365
1782224100000,2026-06-23,14:15:00,4137.288,4141.835,4132.715,4141.305,0.5306
1782224400000,2026-06-23,14:20:00,4141.215,4142.645,4133.978,4134.555,0.399
1782224700000,2026-06-23,14:25:00,4134.545,4136.155,4128.355,4132.278,0.4184
1782225000000,2026-06-23,14:30:00,4132.285,4132.795,4124.405,4126.598,0.3956
1782225300000,2026-06-23,14:35:00,4126.468,4129.055,4122.588,4123.928,0.3868
1782225600000,2026-06-23,14:40:00,4123.948,4128.445,4122.715,4126.015,0.366
1782225900000,2026-06-23,14:45:00,4125.975,4128.395,4124.715,4126.505,0.3438
1782226200000,2026-06-23,14:50:00,4126.565,4130.105,4123.465,4127.585,0.3955
1782226500000,2026-06-23,14:55:00,4127.585,4130.175,4125.008,4129.985,0.3765
1782226800000,2026-06-23,15:00:00,4130.175,4134.205,4128.475,4133.638,0.3182
1782227100000,2026-06-23,15:05:00,4133.745,4135.315,4123.118,4123.118,0.3284
1782227400000,2026-06-23,15:10:00,4123.138,4127.938,4123.138,4127.828,0.2791
1782227700000,2026-06-23,15:15:00,4127.765,4130.345,4126.745,4127.255,0.2822
1782228000000,2026-06-23,15:20:00,4127.268,4129.295,4123.518,4124.738,0.2363
1782228300000,2026-06-23,15:25:00,4124.738,4127.928,4123.875,4126.855,0.2674
1782228600000,2026-06-23,15:30:00,4126.665,4135.965,4126.205,4132.698,0.3024
1782228900000,2026-06-23,15:35:00,4132.705,4137.165,4132.615,4137.105,0.2818
1782229200000,2026-06-23,15:40:00,4137.245,4141.565,4136.475,4138.595,0.3239
1782229500000,2026-06-23,15:45:00,4138.745,4139.595,4133.635,4134.675,0.2541
1782229800000,2026-06-23,15:50:00,4134.835,4138.685,4133.865,4137.185,0.2197
1782230100000,2026-06-23,15:55:00,4137.005,4138.965,4135.765,4138.535,0.1995
1782230400000,2026-06-23,16:00:00,4138.515,4139.825,4135.875,4135.995,0.1782
1782230700000,2026-06-23,16:05:00,4135.945,4136.735,4133.505,4134.705,0.1783
1782231000000,2026-06-23,16:10:00,4134.635,4136.325,4133.875,4135.115,0.1378
1782231300000,2026-06-23,16:15:00,4135.145,4138.065,4132.735,4137.485,0.179
1782231600000,2026-06-23,16:20:00,4137.255,4137.865,4135.095,4135.885,0.1902
1782231900000,2026-06-23,16:25:00,4135.875,4136.655,4135.118,4136.095,0.2004
1782232200000,2026-06-23,16:30:00,4136.065,4142.135,4134.755,4140.335,0.2335
1782232500000,2026-06-23,16:35:00,4140.355,4142.565,4139.228,4141.575,0.3151
1782232800000,2026-06-23,16:40:00,4141.555,4143.445,4139.938,4143.055,0.2636
1782233100000,2026-06-23,16:45:00,4143.085,4143.565,4139.058,4139.958,0.1674
1782233400000,2026-06-23,16:50:00,4140.015,4140.518,4138.605,4139.305,0.142
1782233700000,2026-06-23,16:55:00,4139.305,4139.945,4131.275,4134.035,0.284
1782234000000,2026-06-23,17:00:00,4134.015,4134.375,4130.545,4132.235,0.2201
1782234300000,2026-06-23,17:05:00,4132.195,4134.325,4129.745,4132.215,0.1995
1782234600000,2026-06-23,17:10:00,4132.245,4139.505,4132.068,4138.195,0.2018
1782234900000,2026-06-23,17:15:00,4138.205,4138.285,4135.085,4136.285,0.1275
1782235200000,2026-06-23,17:20:00,4136.238,4137.538,4132.985,4133.195,0.2161
1782235500000,2026-06-23,17:25:00,4133.265,4133.345,4129.695,4130.798,0.2208
1782235800000,2026-06-23,17:30:00,4130.798,4131.398,4127.448,4129.715,0.1903
1782236100000,2026-06-23,17:35:00,4129.728,4130.588,4128.485,4129.518,0.2445
1782236400000,2026-06-23,17:40:00,4129.535,4132.008,4128.625,4131.668,0.237
1782236700000,2026-06-23,17:45:00,4131.725,4132.758,4130.545,4131.588,0.261
1782237000000,2026-06-23,17:50:00,4131.588,4131.935,4127.978,4128.255,0.1621
1782237300000,2026-06-23,17:55:00,4128.275,4129.365,4127.478,4127.705,0.1966
1782237600000,2026-06-23,18:00:00,4127.805,4130.775,4126.175,4126.688,0.1774
1782237900000,2026-06-23,18:05:00,4126.685,4127.375,4123.665,4124.785,0.1261
1782238200000,2026-06-23,18:10:00,4124.805,4125.865,4123.775,4124.025,0.1233
1782238500000,2026-06-23,18:15:00,4124.065,4125.405,4123.438,4124.195,0.116
1782238800000,2026-06-23,18:20:00,4124.165,4125.175,4122.355,4123.395,0.145
1782239100000,2026-06-23,18:25:00,4123.465,4123.465,4120.195,4120.748,0.1747
1782239400000,2026-06-23,18:30:00,4120.748,4122.368,4119.275,4121.148,0.1498
1782239700000,2026-06-23,18:35:00,4121.148,4122.555,4119.598,4119.598,0.1532
1782240000000,2026-06-23,18:40:00,4119.598,4119.968,4115.668,4115.708,0.2149
1782240300000,2026-06-23,18:45:00,4115.748,4116.245,4112.475,4114.525,0.2237
1782240600000,2026-06-23,18:50:00,4114.585,4117.155,4113.685,4115.565,0.196
1782240900000,2026-06-23,18:55:00,4115.595,4118.065,4114.565,4117.675,0.2292
1782241200000,2026-06-23,19:00:00,4117.655,4124.305,4116.625,4123.025,0.2567
1782241500000,2026-06-23,19:05:00,4123.125,4125.955,4120.855,4122.055,0.2565
1782241800000,2026-06-23,19:10:00,4122.135,4123.165,4120.655,4121.095,0.2598
1782242100000,2026-06-23,19:15:00,4121.145,4121.545,4117.325,4117.535,0.1682
1782242400000,2026-06-23,19:20:00,4117.625,4122.045,4117.485,4120.515,0.2067
1782242700000,2026-06-23,19:25:00,4120.555,4122.255,4120.125,4121.645,0.2183
1782243000000,2026-06-23,19:30:00,4121.605,4123.245,4120.405,4121.725,0.2211
1782243300000,2026-06-23,19:35:00,4121.725,4124.295,4121.165,4122.285,0.2127
1782243600000,2026-06-23,19:40:00,4122.255,4122.565,4120.415,4120.728,0.2489
1782243900000,2026-06-23,19:45:00,4120.728,4121.075,4117.595,4120.085,0.2691
1782244200000,2026-06-23,19:50:00,4120.065,4120.675,4113.428,4115.288,0.2826
1782244500000,2026-06-23,19:55:00,4115.195,4115.935,4111.395,4111.435,0.387
1782244800000,2026-06-23,20:00:00,4111.565,4111.995,4108.435,4111.065,0.1849
1782245100000,2026-06-23,20:05:00,4111.025,4112.575,4110.548,4112.048,0.1237
1782245400000,2026-06-23,20:10:00,4112.098,4112.538,4109.605,4109.685,0.1136
1782245700000,2026-06-23,20:15:00,4109.738,4109.895,4107.665,4109.525,0.0725
1782246000000,2026-06-23,20:20:00,4109.555,4110.665,4107.185,4108.575,0.0815
1782246300000,2026-06-23,20:25:00,4108.535,4110.935,4108.145,4110.455,0.0569
1782246600000,2026-06-23,20:30:00,4110.505,4111.035,4108.765,4109.985,0.0395
1782246900000,2026-06-23,20:35:00,4110.025,4110.605,4109.075,4110.505,0.0593
1782247200000,2026-06-23,20:40:00,4110.625,4111.485,4108.825,4110.395,0.0666
1782247500000,2026-06-23,20:45:00,4110.355,4111.125,4109.895,4110.175,0.0567
1782247800000,2026-06-23,20:50:00,4110.145,4111.035,4109.145,4109.165,0.0367
1782248100000,2026-06-23,20:55:00,4109.195,4111.035,4108.435,4111.035,0.0398
1782252000000,2026-06-23,22:00:00,4111.898,4113.825,4110.635,4111.185,0.0625
1782252300000,2026-06-23,22:05:00,4111.265,4114.125,4110.905,4112.245,0.0392
1782252600000,2026-06-23,22:10:00,4112.225,4113.665,4111.905,4113.645,0.0323
1782252900000,2026-06-23,22:15:00,4113.605,4114.835,4110.925,4111.115,0.0778
1782253200000,2026-06-23,22:20:00,4111.235,4111.798,4104.838,4106.005,0.1083
1782253500000,2026-06-23,22:25:00,4105.935,4110.555,4104.485,4105.725,0.1069
1782253800000,2026-06-23,22:30:00,4105.765,4108.215,4096.685,4098.395,0.1308
1782254100000,2026-06-23,22:35:00,4098.795,4102.985,4098.405,4100.785,0.1363
1782254400000,2026-06-23,22:40:00,4100.805,4104.285,4099.165,4104.045,0.1005
1782254700000,2026-06-23,22:45:00,4103.795,4108.005,4103.685,4105.585,0.1055
1782255000000,2026-06-23,22:50:00,4105.615,4108.885,4105.575,4105.808,0.0762
1782255300000,2026-06-23,22:55:00,4105.675,4106.848,4103.235,4103.898,0.2406
1782255600000,2026-06-23,23:00:00,4103.898,4103.898,4098.498,4099.505,0.3082
1782255900000,2026-06-23,23:05:00,4099.698,4099.798,4094.438,4096.098,0.4827
1782256200000,2026-06-23,23:10:00,4095.748,4101.275,4095.638,4099.505,0.1019
1782256500000,2026-06-23,23:15:00,4099.535,4100.505,4096.905,4099.735,0.0675
1782256800000,2026-06-23,23:20:00,4099.805,4099.905,4097.975,4099.065,0.0436
1782257100000,2026-06-23,23:25:00,4099.045,4099.385,4097.125,4097.325,0.0524
1782257400000,2026-06-23,23:30:00,4097.395,4097.985,4093.575,4094.835,0.0889
1782257700000,2026-06-23,23:35:00,4095.215,4095.285,4080.605,4083.695,0.1479
1782258000000,2026-06-23,23:40:00,4083.915,4086.955,4080.495,4086.035,0.1798
1782258300000,2026-06-23,23:45:00,4086.175,4097.398,4085.545,4095.585,0.2076
1782258600000,2026-06-23,23:50:00,4095.405,4099.665,4094.245,4095.635,0.1559
1782258900000,2026-06-23,23:55:00,4095.665,4100.295,4095.645,4099.035,0.1439
1782259200000,2026-06-24,00:00:00,4098.955,4104.885,4094.135,4102.115,0.2531
1782259500000,2026-06-24,00:05:00,4102.175,4111.965,4100.825,4109.965,0.2384
1782259800000,2026-06-24,00:10:00,4110.615,4111.265,4104.365,4107.005,0.2184
1782260100000,2026-06-24,00:15:00,4106.918,4109.205,4103.005,4103.585,0.1982
1782260400000,2026-06-24,00:20:00,4103.605,4104.235,4095.965,4096.045,0.185
1782260700000,2026-06-24,00:25:00,4096.255,4100.025,4093.375,4099.475,0.2057
1782261000000,2026-06-24,00:30:00,4099.385,4100.075,4094.495,4096.655,0.1714
1782261300000,2026-06-24,00:35:00,4096.635,4097.845,4094.105,4096.595,0.1547
1782261600000,2026-06-24,00:40:00,4096.545,4096.705,4093.655,4094.965,0.1682
1782261900000,2026-06-24,00:45:00,4094.945,4099.635,4094.315,4098.435,0.2004
1782262200000,2026-06-24,00:50:00,4098.405,4099.715,4094.168,4095.795,0.212
1782262500000,2026-06-24,00:55:00,4095.745,4098.755,4093.928,4097.055,0.1946
1782262800000,2026-06-24,01:00:00,4097.075,4097.635,4069.015,4073.315,0.349
1782263100000,2026-06-24,01:05:00,4073.285,4082.805,4068.255,4077.015,0.3375
1782263400000,2026-06-24,01:10:00,4077.035,4091.595,4076.925,4089.425,0.301
1782263700000,2026-06-24,01:15:00,4089.455,4090.765,4084.665,4088.135,0.2888
1782264000000,2026-06-24,01:20:00,4088.295,4090.095,4083.245,4087.955,0.2867
1782264300000,2026-06-24,01:25:00,4087.935,4100.765,4087.935,4098.165,0.3178
1782264600000,2026-06-24,01:30:00,4098.115,4102.015,4093.125,4098.125,0.329
1782264900000,2026-06-24,01:35:00,4097.995,4099.065,4092.605,4094.885,0.2897
1782265200000,2026-06-24,01:40:00,4094.908,4098.335,4091.605,4092.595,0.3043
1782265500000,2026-06-24,01:45:00,4092.645,4092.865,4085.515,4085.805,0.2994
1782265800000,2026-06-24,01:50:00,4085.805,4087.645,4082.088,4085.555,0.2759
1782266100000,2026-06-24,01:55:00,4085.445,4090.025,4084.305,4088.798,0.25
1782266400000,2026-06-24,02:00:00,4088.605,4095.815,4086.045,4087.135,0.2737
1782266700000,2026-06-24,02:05:00,4087.135,4087.445,4079.885,4080.825,0.2535
1782267000000,2026-06-24,02:10:00,4080.795,4084.275,4079.445,4079.875,0.21
1782267300000,2026-06-24,02:15:00,4079.875,4080.815,4072.748,4074.065,0.2082
1782267600000,2026-06-24,02:20:00,4074.065,4076.355,4072.515,4075.535,0.1812
1782267900000,2026-06-24,02:25:00,4075.605,4076.545,4071.265,4073.395,0.176
1782268200000,2026-06-24,02:30:00,4073.395,4076.755,4063.215,4068.685,0.278
1782268500000,2026-06-24,02:35:00,4068.625,4070.685,4059.555,4060.675,0.2744
1782268800000,2026-06-24,02:40:00,4060.595,4061.845,4051.935,4057.005,0.2762
1782269100000,2026-06-24,02:45:00,4057.025,4061.305,4054.795,4058.435,0.2196
1782269400000,2026-06-24,02:50:00,4058.555,4065.325,4056.415,4064.995,0.2374
1782269700000,2026-06-24,02:55:00,4064.975,4069.445,4060.845,4060.905,0.2481
1782270000000,2026-06-24,03:00:00,4061.155,4065.165,4055.725,4055.855,0.2353
1782270300000,2026-06-24,03:05:00,4055.855,4058.635,4052.555,4058.225,0.2484
1782270600000,2026-06-24,03:10:00,4058.295,4060.555,4056.235,4057.535,0.2503
1782270900000,2026-06-24,03:15:00,4057.555,4058.805,4050.185,4052.435,0.2574
1782271200000,2026-06-24,03:20:00,4052.415,4056.145,4051.455,4052.935,0.2276
1782271500000,2026-06-24,03:25:00,4052.895,4056.905,4051.095,4056.165,0.2323
1782271800000,2026-06-24,03:30:00,4056.238,4060.495,4055.345,4060.085,0.25
1782272100000,2026-06-24,03:35:00,4060.085,4062.245,4059.445,4061.835,0.2152
1782272400000,2026-06-24,03:40:00,4061.785,4069.375,4061.125,4068.438,0.2214
1782272700000,2026-06-24,03:45:00,4068.748,4070.555,4063.765,4066.505,0.1875
1782273000000,2026-06-24,03:50:00,4066.345,4067.725,4062.465,4063.225,0.1742
1782273300000,2026-06-24,03:55:00,4063.235,4063.455,4061.725,4062.455,0.1434
1782273600000,2026-06-24,04:00:00,4062.525,4063.595,4058.115,4058.755,0.1789
1782273900000,2026-06-24,04:05:00,4058.755,4061.015,4055.985,4058.275,0.1884
1782274200000,2026-06-24,04:10:00,4058.205,4058.675,4055.585,4058.575,0.1431
1782274500000,2026-06-24,04:15:00,4058.555,4060.055,4054.835,4055.325,0.1644
1782274800000,2026-06-24,04:20:00,4055.425,4062.645,4054.815,4060.965,0.1792
1782275100000,2026-06-24,04:25:00,4061.005,4067.085,4060.875,4062.975,0.1667
1782275400000,2026-06-24,04:30:00,4063.025,4065.755,4063.025,4064.985,0.1506
1782275700000,2026-06-24,04:35:00,4064.985,4066.035,4062.425,4064.635,0.1735
1782276000000,2026-06-24,04:40:00,4064.635,4066.565,4063.005,4063.435,0.1542
1782276300000,2026-06-24,04:45:00,4063.375,4065.875,4062.195,4063.365,0.127
1782276600000,2026-06-24,04:50:00,4063.405,4063.795,4061.695,4063.125,0.1234
1782276900000,2026-06-24,04:55:00,4063.215,4066.825,4062.465,4064.195,0.1374
1782277200000,2026-06-24,05:00:00,4064.225,4064.915,4060.895,4061.745,0.1657
1782277500000,2026-06-24,05:05:00,4061.765,4069.875,4060.535,4069.165,0.1786
1782277800000,2026-06-24,05:10:00,4069.195,4069.675,4065.895,4067.535,0.1753
1782278100000,2026-06-24,05:15:00,4067.445,4068.675,4065.255,4065.335,0.1651
1782278400000,2026-06-24,05:20:00,4065.305,4072.405,4065.305,4070.605,0.1857
1782278700000,2026-06-24,05:25:00,4070.605,4074.325,4070.155,4073.225,0.1624
1782279000000,2026-06-24,05:30:00,4073.255,4085.965,4071.945,4081.735,0.2012
1782279300000,2026-06-24,05:35:00,4081.725,4082.165,4075.625,4077.165,0.1329
1782279600000,2026-06-24,05:40:00,4077.085,4077.475,4072.055,4077.015,0.1297
1782279900000,2026-06-24,05:45:00,4076.985,4079.795,4073.685,4074.535,0.1152
1782280200000,2026-06-24,05:50:00,4074.395,4075.865,4071.015,4073.095,0.1191
1782280500000,2026-06-24,05:55:00,4073.125,4076.795,4072.255,4075.725,0.1136
1782280800000,2026-06-24,06:00:00,4075.555,4080.685,4074.805,4077.585,0.1706
1782281100000,2026-06-24,06:05:00,4077.585,4091.495,4077.195,4090.345,0.1799
1782281400000,2026-06-24,06:10:00,4090.255,4096.865,4088.625,4095.705,0.1768
1782281700000,2026-06-24,06:15:00,4096.055,4097.335,4084.165,4087.005,0.1481
1782282000000,2026-06-24,06:20:00,4086.975,4089.275,4085.335,4088.395,0.1304
1782282300000,2026-06-24,06:25:00,4088.105,4090.375,4083.135,4087.335,0.1396
1782282600000,2026-06-24,06:30:00,4087.205,4088.005,4084.175,4087.485,0.1229
1782282900000,2026-06-24,06:35:00,4087.755,4091.605,4087.425,4088.925,0.1064
1782283200000,2026-06-24,06:40:00,4088.865,4093.715,4088.585,4091.595,0.1219
1782283500000,2026-06-24,06:45:00,4091.495,4094.295,4088.735,4088.775,0.1156
1782283800000,2026-06-24,06:50:00,4088.755,4091.215,4084.205,4089.285,0.1115
1782284100000,2026-06-24,06:55:00,4089.715,4090.565,4084.255,4086.635,0.1117
1782284400000,2026-06-24,07:00:00,4086.525,4089.745,4084.915,4088.865,0.1369
1782284700000,2026-06-24,07:05:00,4088.645,4090.665,4086.655,4088.115,0.114
1782285000000,2026-06-24,07:10:00,4088.155,4088.825,4085.985,4086.055,0.0915
1782285300000,2026-06-24,07:15:00,4086.295,4087.595,4084.455,4086.095,0.087
1782285600000,2026-06-24,07:20:00,4086.065,4086.705,4083.335,4084.815,0.0853
1782285900000,2026-06-24,07:25:00,4084.745,4085.925,4083.105,4084.235,0.0794
1782286200000,2026-06-24,07:30:00,4084.105,4085.225,4080.375,4080.485,0.1
1782286500000,2026-06-24,07:35:00,4080.515,4080.895,4075.855,4078.665,0.1146
1782286800000,2026-06-24,07:40:00,4078.635,4083.435,4076.525,4082.315,0.1104
1782287100000,2026-06-24,07:45:00,4082.305,4086.005,4080.625,4084.505,0.0947
1782287400000,2026-06-24,07:50:00,4084.195,4085.405,4075.775,4078.645,0.1048
1782287700000,2026-06-24,07:55:00,4078.585,4079.135,4073.525,4074.715,0.0995
1782288000000,2026-06-24,08:00:00,4074.665,4077.995,4073.755,4077.445,0.1338
1782288300000,2026-06-24,08:05:00,4077.415,4077.565,4074.965,4075.265,0.0947
1782288600000,2026-06-24,08:10:00,4075.595,4076.785,4072.935,4073.825,0.1051
1782288900000,2026-06-24,08:15:00,4073.725,4076.755,4073.055,4073.515,0.0943
1782289200000,2026-06-24,08:20:00,4073.395,4077.655,4073.345,4076.875,0.0982
1782289500000,2026-06-24,08:25:00,4076.835,4080.505,4076.195,4080.395,0.115
1782289800000,2026-06-24,08:30:00,4080.355,4087.445,4079.825,4084.105,0.1135
1782290100000,2026-06-24,08:35:00,4083.885,4085.275,4078.535,4082.105,0.1082
1782290400000,2026-06-24,08:40:00,4082.065,4084.845,4081.265,4082.905,0.0847
1782290700000,2026-06-24,08:45:00,4083.005,4083.245,4077.275,4078.695,0.0889
1782291000000,2026-06-24,08:50:00,4078.645,4080.245,4075.975,4076.545,0.0821
1782291300000,2026-06-24,08:55:00,4077.065,4078.125,4075.375,4076.065,0.0721
1782291600000,2026-06-24,09:00:00,4076.275,4078.255,4073.865,4074.415,0.0986
1782291900000,2026-06-24,09:05:00,4074.555,4075.385,4069.655,4069.735,0.0869
1782292200000,2026-06-24,09:10:00,4069.935,4076.815,4069.795,4076.145,0.102
1782292500000,2026-06-24,09:15:00,4075.825,4079.015,4075.048,4078.235,0.0804
1782292800000,2026-06-24,09:20:00,4078.315,4078.445,4073.245,4074.305,0.0682
1782293100000,2026-06-24,09:25:00,4074.215,4074.415,4068.225,4069.205,0.0885
1782293400000,2026-06-24,09:30:00,4069.125,4072.025,4068.555,4070.315,0.0938
1782293700000,2026-06-24,09:35:00,4070.425,4071.005,4066.955,4068.055,0.0844
1782294000000,2026-06-24,09:40:00,4068.075,4069.445,4065.315,4068.145,0.0886
1782294300000,2026-06-24,09:45:00,4068.175,4070.095,4065.408,4069.005,0.0791
1782294600000,2026-06-24,09:50:00,4068.645,4070.905,4067.805,4068.485,0.087
1782294900000,2026-06-24,09:55:00,4068.495,4068.635,4064.035,4064.395,0.072
1782295200000,2026-06-24,10:00:00,4064.385,4066.145,4059.405,4061.925,0.1135
1782295500000,2026-06-24,10:05:00,4061.935,4062.425,4059.385,4059.735,0.0963
1782295800000,2026-06-24,10:10:00,4059.705,4062.225,4058.875,4060.915,0.0843
1782296100000,2026-06-24,10:15:00,4060.555,4060.815,4055.055,4058.865,0.1162
1782296400000,2026-06-24,10:20:00,4058.875,4060.475,4056.125,4057.735,0.0891
1782296700000,2026-06-24,10:25:00,4057.645,4060.735,4057.085,4060.695,0.076
1782297000000,2026-06-24,10:30:00,4060.725,4062.975,4060.695,4061.755,0.0815
1782297300000,2026-06-24,10:35:00,4061.665,4061.895,4056.445,4057.935,0.0897
1782297600000,2026-06-24,10:40:00,4057.955,4066.775,4057.675,4064.685,0.111
1782297900000,2026-06-24,10:45:00,4064.775,4065.565,4061.685,4063.255,0.0966
1782298200000,2026-06-24,10:50:00,4062.995,4063.315,4056.735,4058.555,0.1303
1782298500000,2026-06-24,10:55:00,4058.485,4058.485,4054.515,4055.495,0.1412
1782298800000,2026-06-24,11:00:00,4055.355,4058.445,4050.795,4051.905,0.1684
1782299100000,2026-06-24,11:05:00,4051.775,4053.465,4047.735,4049.095,0.1825
1782299400000,2026-06-24,11:10:00,4049.095,4053.485,4044.595,4045.625,0.1744
1782299700000,2026-06-24,11:15:00,4045.785,4046.635,4037.305,4041.765,0.2567
1782300000000,2026-06-24,11:20:00,4041.995,4046.445,4039.735,4046.335,0.176
1782300300000,2026-06-24,11:25:00,4046.335,4046.685,4038.495,4044.195,0.2032
1782300600000,2026-06-24,11:30:00,4044.055,4048.005,4043.505,4044.125,0.2067
1782300900000,2026-06-24,11:35:00,4044.065,4051.395,4043.325,4049.905,0.2141
1782301200000,2026-06-24,11:40:00,4049.885,4051.405,4045.555,4045.845,0.1906
1782301500000,2026-06-24,11:45:00,4045.785,4046.405,4039.005,4044.775,0.2443
1782301800000,2026-06-24,11:50:00,4044.618,4056.095,4044.315,4054.465,0.2871
1782302100000,2026-06-24,11:55:00,4054.465,4054.495,4045.345,4046.495,0.2635
1782302400000,2026-06-24,12:00:00,4046.515,4048.665,4042.135,4044.485,0.2614
1782302700000,2026-06-24,12:05:00,4044.605,4045.695,4035.045,4040.485,0.2457
1782303000000,2026-06-24,12:10:00,4040.665,4044.765,4037.925,4038.005,0.2325
1782303300000,2026-06-24,12:15:00,4037.985,4041.875,4035.165,4040.975,0.2254
1782303600000,2026-06-24,12:20:00,4040.955,4041.105,4032.345,4032.738,0.2605
1782303900000,2026-06-24,12:25:00,4032.738,4033.145,4006.635,4014.985,0.371
1782304200000,2026-06-24,12:30:00,4015.415,4020.645,4008.975,4019.075,0.2798
1782304500000,2026-06-24,12:35:00,4019.165,4019.165,4007.005,4011.435,0.2603
1782304800000,2026-06-24,12:40:00,4011.455,4014.895,4007.235,4013.285,0.2376
1782305100000,2026-06-24,12:45:00,4013.375,4017.385,4002.825,4004.005,0.253
1782305400000,2026-06-24,12:50:00,4004.155,4008.005,3999.565,4003.705,0.3043
1782305700000,2026-06-24,12:55:00,4003.685,4004.175,3987.365,3987.495,0.3299
1782306000000,2026-06-24,13:00:00,3987.535,3995.535,3971.455,3979.655,0.4651
1782306300000,2026-06-24,13:05:00,3980.315,3986.725,3971.575,3977.085,0.3955
1782306600000,2026-06-24,13:10:00,3977.475,3978.655,3966.615,3971.315,0.3958
1782306900000,2026-06-24,13:15:00,3971.365,3976.865,3964.875,3976.155,0.3699
1782307200000,2026-06-24,13:20:00,3976.115,3976.115,3964.305,3973.595,0.3353
1782307500000,2026-06-24,13:25:00,3973.995,3976.065,3969.478,3975.305,0.324
1782307800000,2026-06-24,13:30:00,3975.325,3995.935,3973.635,3986.248,0.4568
1782308100000,2026-06-24,13:35:00,3986.415,4006.885,3985.345,4004.965,0.4816
1782308400000,2026-06-24,13:40:00,4004.965,4017.765,4000.525,4015.365,0.4036
1782308700000,2026-06-24,13:45:00,4015.205,4020.415,4009.105,4019.535,0.442
1782309000000,2026-06-24,13:50:00,4019.485,4033.725,4018.255,4028.798,0.455
1782309300000,2026-06-24,13:55:00,4028.825,4041.905,4023.438,4037.975,0.4395
1782309600000,2026-06-24,14:00:00,4037.945,4040.758,4021.315,4024.255,0.5443
1782309900000,2026-06-24,14:05:00,4023.955,4030.615,4021.428,4027.555,0.4107
1782310200000,2026-06-24,14:10:00,4027.525,4031.355,4018.695,4019.555,0.3737
1782310500000,2026-06-24,14:15:00,4019.645,4021.055,4014.765,4017.935,0.3393
1782310800000,2026-06-24,14:20:00,4017.905,4024.945,4014.115,4023.605,0.3606
1782311100000,2026-06-24,14:25:00,4023.525,4027.845,4020.875,4023.525,0.3349
1782311400000,2026-06-24,14:30:00,4023.575,4034.335,4023.195,4030.705,0.3487
1782311700000,2026-06-24,14:35:00,4030.675,4032.115,4018.375,4019.465,0.376
1782312000000,2026-06-24,14:40:00,4019.425,4021.605,4010.928,4015.635,0.3463
1782312300000,2026-06-24,14:45:00,4015.615,4015.615,4009.318,4010.885,0.3106
1782312600000,2026-06-24,14:50:00,4010.858,4012.895,4005.408,4005.875,0.309
1782312900000,2026-06-24,14:55:00,4005.975,4008.128,4002.698,4007.825,0.3149
1782313200000,2026-06-24,15:00:00,4007.875,4009.845,4000.725,4003.668,0.3449
1782313500000,2026-06-24,15:05:00,4003.668,4004.045,3997.015,3999.545,0.3355
1782313800000,2026-06-24,15:10:00,3999.575,4003.765,3997.545,4001.605,0.3217
1782314100000,2026-06-24,15:15:00,4001.565,4010.868,3999.285,4010.805,0.2883
1782314400000,2026-06-24,15:20:00,4010.805,4014.495,4007.655,4008.745,0.3161
1782314700000,2026-06-24,15:25:00,4008.835,4014.835,4003.858,4014.655,0.3161
1782315000000,2026-06-24,15:30:00,4014.755,4015.195,4006.155,4008.805,0.2751
1782315300000,2026-06-24,15:35:00,4008.805,4010.305,4006.295,4006.668,0.2424
1782315600000,2026-06-24,15:40:00,4006.668,4006.895,4001.188,4006.165,0.2683
1782315900000,2026-06-24,15:45:00,4005.865,4014.585,4003.895,4012.935,0.2816
1782316200000,2026-06-24,15:50:00,4012.875,4016.725,4002.785,4004.835,0.2369
1782316500000,2026-06-24,15:55:00,4004.855,4005.545,3999.875,4002.335,0.2086
1782316800000,2026-06-24,16:00:00,4002.405,4005.455,3999.465,4001.765,0.2727
1782317100000,2026-06-24,16:05:00,4001.785,4006.545,3995.215,4000.255,0.2328
1782317400000,2026-06-24,16:10:00,4000.285,4004.065,3999.325,4002.515,0.208
1782317700000,2026-06-24,16:15:00,4002.665,4005.775,4001.335,4002.445,0.1945
1782318000000,2026-06-24,16:20:00,4002.415,4012.955,4002.315,4010.755,0.2153
1782318300000,2026-06-24,16:25:00,4010.725,4016.905,4009.645,4015.945,0.1935
1782318600000,2026-06-24,16:30:00,4015.985,4019.175,4012.805,4014.515,0.2113
1782318900000,2026-06-24,16:35:00,4014.535,4022.065,4014.535,4018.068,0.2406
1782319200000,2026-06-24,16:40:00,4018.068,4019.605,4009.175,4011.365,0.2225
1782319500000,2026-06-24,16:45:00,4011.395,4012.015,4007.175,4007.185,0.18
1782319800000,2026-06-24,16:50:00,4007.225,4010.915,4007.025,4007.375,0.1727
1782320100000,2026-06-24,16:55:00,4007.345,4008.835,4006.208,4006.348,0.1501
1782320400000,2026-06-24,17:00:00,4006.348,4011.085,4005.335,4009.325,0.1889
1782320700000,2026-06-24,17:05:00,4009.365,4010.545,4004.275,4006.625,0.1914
1782321000000,2026-06-24,17:10:00,4006.805,4009.375,4005.195,4005.605,0.1703
1782321300000,2026-06-24,17:15:00,4005.585,4007.005,3999.535,3999.825,0.2396
1782321600000,2026-06-24,17:20:00,3999.695,4001.005,3992.755,3992.755,0.2883
1782321900000,2026-06-24,17:25:00,3992.795,3996.115,3989.955,3990.208,0.3903
1782322200000,2026-06-24,17:30:00,3990.315,3990.715,3983.455,3985.875,0.3307
1782322500000,2026-06-24,17:35:00,3985.905,3987.835,3982.875,3985.745,0.2859
1782322800000,2026-06-24,17:40:00,3985.725,3986.485,3982.845,3984.175,0.2802
1782323100000,2026-06-24,17:45:00,3984.085,3986.605,3979.888,3980.015,0.325
1782323400000,2026-06-24,17:50:00,3979.975,3981.555,3976.435,3979.755,0.275
1782323700000,2026-06-24,17:55:00,3979.715,3982.005,3972.495,3972.808,0.3156
1782324000000,2026-06-24,18:00:00,3972.865,3975.255,3958.695,3966.405,0.4097
1782324300000,2026-06-24,18:05:00,3966.375,3984.015,3966.375,3983.915,0.2858
1782324600000,2026-06-24,18:10:00,3983.945,3992.565,3980.885,3988.685,0.3049
1782324900000,2026-06-24,18:15:00,3988.725,3992.175,3986.105,3986.985,0.3134
1782325200000,2026-06-24,18:20:00,3986.965,3987.425,3979.225,3986.795,0.2546
1782325500000,2026-06-24,18:25:00,3986.725,3991.765,3986.225,3990.035,0.3037
1782325800000,2026-06-24,18:30:00,3990.055,3993.995,3986.435,3988.515,0.2566
1782326100000,2026-06-24,18:35:00,3988.405,3989.255,3983.058,3984.385,0.2288
1782326400000,2026-06-24,18:40:00,3984.385,3985.255,3981.265,3983.265,0.2095
1782326700000,2026-06-24,18:45:00,3983.265,3983.265,3977.135,3979.015,0.2227
1782327000000,2026-06-24,18:50:00,3979.065,3982.005,3976.665,3981.515,0.2377
1782327300000,2026-06-24,18:55:00,3981.515,3984.095,3979.925,3981.215,0.2243
1782327600000,2026-06-24,19:00:00,3981.571,3984.905,3977.695,3982.415,0.2707
1782327900000,2026-06-24,19:05:00,3982.415,3983.325,3976.305,3976.645,0.2387
1782328200000,2026-06-24,19:10:00,3976.645,3977.125,3973.225,3976.185,0.2084
1782328500000,2026-06-24,19:15:00,3976.065,3977.395,3973.745,3977.335,0.1491
1782328800000,2026-06-24,19:20:00,3977.275,3979.755,3976.445,3978.715,0.1485
1782329100000,2026-06-24,19:25:00,3978.685,3984.285,3978.315,3983.825,0.161
1782329400000,2026-06-24,19:30:00,3983.855,3988.555,3983.605,3985.385,0.1866
1782329700000,2026-06-24,19:35:00,3985.415,3985.655,3980.745,3982.515,0.175
1782330000000,2026-06-24,19:40:00,3982.545,3983.485,3979.238,3982.435,0.2032
1782330300000,2026-06-24,19:45:00,3982.535,3984.565,3980.875,3981.585,0.2147
1782330600000,2026-06-24,19:50:00,3981.605,3990.615,3980.695,3990.398,0.2749
1782330900000,2026-06-24,19:55:00,3990.345,3990.345,3984.405,3987.755,0.2343
1782331200000,2026-06-24,20:00:00,3987.698,3998.165,3984.485,3997.105,0.224
1782331500000,2026-06-24,20:05:00,3997.135,4002.685,3996.705,3998.715,0.1806
1782331800000,2026-06-24,20:10:00,3998.685,4000.855,3994.475,3995.045,0.1268
1782332100000,2026-06-24,20:15:00,3995.085,3995.615,3992.045,3992.755,0.0983
1782332400000,2026-06-24,20:20:00,3992.775,3999.005,3992.505,3998.155,0.1215
1782332700000,2026-06-24,20:25:00,3998.305,4000.715,3996.805,3999.875,0.1164
1782333000000,2026-06-24,20:30:00,3999.845,4001.025,3997.445,3998.335,0.0951
1782333300000,2026-06-24,20:35:00,3998.355,4001.095,3995.535,3995.765,0.0862
1782333600000,2026-06-24,20:40:00,3995.935,3999.055,3995.935,3998.645,0.0745
1782333900000,2026-06-24,20:45:00,3998.695,4000.215,3996.995,3997.065,0.0718
1782334200000,2026-06-24,20:50:00,3997.095,3999.655,3996.395,3999.175,0.0627
1782334500000,2026-06-24,20:55:00,3999.155,4001.055,3997.515,3997.605,0.064
1782338400000,2026-06-24,22:00:00,4003.035,4008.545,4003.035,4007.325,0.0858
1782338700000,2026-06-24,22:05:00,4007.325,4007.325,4000.875,4003.555,0.0681
1782339000000,2026-06-24,22:10:00,4003.065,4004.775,4000.615,4001.345,0.056
1782339300000,2026-06-24,22:15:00,4001.435,4001.735,4000.158,4000.645,0.046
1782339600000,2026-06-24,22:20:00,4000.755,4002.175,4000.335,4001.585,0.0365
1782339900000,2026-06-24,22:25:00,4001.565,4002.615,4000.215,4001.665,0.0362
1782340200000,2026-06-24,22:30:00,4002.185,4004.438,3999.215,4003.815,0.0701
1782340500000,2026-06-24,22:35:00,4003.845,4006.525,4001.675,4002.425,0.0748
1782340800000,2026-06-24,22:40:00,4002.495,4003.715,4001.405,4001.688,0.0725
1782341100000,2026-06-24,22:45:00,4001.928,4002.088,3997.535,3997.595,0.0662
1782341400000,2026-06-24,22:50:00,3997.515,3998.825,3994.265,3994.748,0.0791
1782341700000,2026-06-24,22:55:00,3994.845,3996.915,3992.535,3995.898,0.0676
1782342000000,2026-06-24,23:00:00,3995.705,3998.098,3993.318,3994.948,0.3198
1782342300000,2026-06-24,23:05:00,3994.948,3994.948,3990.228,3993.318,0.2825
1782342600000,2026-06-24,23:10:00,3993.338,3995.095,3991.735,3994.785,0.0639
1782342900000,2026-06-24,23:15:00,3994.925,3998.705,3994.835,3997.545,0.0708
1782343200000,2026-06-24,23:20:00,3997.685,3999.865,3997.225,3999.535,0.0357
1782343500000,2026-06-24,23:25:00,3999.735,4000.455,3996.775,3997.965,0.0534
1782343800000,2026-06-24,23:30:00,3997.975,4008.585,3997.855,4008.585,0.0699
1782344100000,2026-06-24,23:35:00,4008.555,4018.385,4007.825,4015.615,0.1291
1782344400000,2026-06-24,23:40:00,4015.595,4016.495,4010.435,4014.235,0.094
1782344700000,2026-06-24,23:45:00,4014.265,4017.485,4009.815,4010.605,0.1133
1782345000000,2026-06-24,23:50:00,4010.565,4013.305,4009.765,4010.405,0.077
1782345300000,2026-06-24,23:55:00,4010.425,4013.305,4009.305,4012.205,0.0888
1782345600000,2026-06-25,00:00:00,4012.185,4014.295,4008.925,4013.255,0.17
1782345900000,2026-06-25,00:05:00,4012.815,4015.555,4010.865,4014.795,0.1935
1782346200000,2026-06-25,00:10:00,4014.815,4016.255,4003.525,4005.105,0.2311
1782346500000,2026-06-25,00:15:00,4005.225,4005.975,4000.185,4002.105,0.2583
1782346800000,2026-06-25,00:20:00,4002.135,4005.055,4000.115,4001.085,0.1758
1782347100000,2026-06-25,00:25:00,4001.055,4002.205,3994.975,3996.045,0.2384
1782347400000,2026-06-25,00:30:00,3995.945,3995.945,3987.248,3987.268,0.3598
1782347700000,2026-06-25,00:35:00,3987.278,3987.528,3981.375,3982.245,0.2139
1782348000000,2026-06-25,00:40:00,3982.325,3987.335,3981.155,3985.115,0.15
1782348300000,2026-06-25,00:45:00,3985.195,3985.848,3978.035,3983.008,0.4103
1782348600000,2026-06-25,00:50:00,3983.008,4000.238,3981.948,3999.125,0.3527
1782348900000,2026-06-25,00:55:00,3999.125,4000.675,3987.975,3990.985,0.3186
1782349200000,2026-06-25,01:00:00,3990.965,4005.565,3988.245,3996.435,0.3935
1782349500000,2026-06-25,01:05:00,3996.415,3997.165,3987.298,3990.815,0.3551
1782349800000,2026-06-25,01:10:00,3990.875,3991.455,3981.695,3986.435,0.5717
1782350100000,2026-06-25,01:15:00,3986.548,3994.815,3983.515,3994.165,0.2765
1782350400000,2026-06-25,01:20:00,3994.045,3999.365,3993.685,3995.555,0.2489
1782350700000,2026-06-25,01:25:00,3995.585,3999.715,3990.135,3990.485,0.2688
1782351000000,2026-06-25,01:30:00,3990.445,3995.555,3981.875,3983.345,0.2916
1782351300000,2026-06-25,01:35:00,3983.365,3988.145,3976.715,3986.865,0.2558
1782351600000,2026-06-25,01:40:00,3986.885,3987.045,3979.405,3981.525,0.2302
1782351900000,2026-06-25,01:45:00,3981.475,3987.075,3977.845,3985.115,0.2154
1782352200000,2026-06-25,01:50:00,3985.185,3988.255,3978.415,3980.175,0.2403
1782352500000,2026-06-25,01:55:00,3980.105,3983.185,3972.115,3976.555,0.2396
1782352800000,2026-06-25,02:00:00,3976.525,3981.368,3973.035,3974.835,0.4123
1782353100000,2026-06-25,02:05:00,3974.628,3975.565,3963.108,3965.348,0.3057
1782353400000,2026-06-25,02:10:00,3965.348,3970.528,3961.755,3967.465,0.3556
1782353700000,2026-06-25,02:15:00,3967.708,3981.655,3967.035,3980.945,0.2307
1782354000000,2026-06-25,02:20:00,3980.905,3990.845,3980.405,3984.405,0.2888
1782354300000,2026-06-25,02:25:00,3984.445,3987.535,3983.745,3986.185,0.1645
1782354600000,2026-06-25,02:30:00,3986.165,3986.738,3978.005,3983.115,0.2299
1782354900000,2026-06-25,02:35:00,3983.085,3987.805,3982.155,3984.315,0.2927
1782355200000,2026-06-25,02:40:00,3984.205,3984.635,3974.525,3978.235,0.2162
1782355500000,2026-06-25,02:45:00,3978.205,3983.775,3976.235,3982.985,0.2107
1782355800000,2026-06-25,02:50:00,3982.895,3983.085,3975.305,3978.765,0.3034
1782356100000,2026-06-25,02:55:00,3978.705,3984.245,3976.998,3982.575,0.2107
1782356400000,2026-06-25,03:00:00,3982.535,3989.005,3980.658,3981.348,0.3439
1782356700000,2026-06-25,03:05:00,3981.348,3981.358,3972.895,3973.095,0.2417
1782357000000,2026-06-25,03:10:00,3973.135,3973.475,3965.885,3970.415,0.2175
1782357300000,2026-06-25,03:15:00,3970.385,3982.145,3967.485,3981.715,0.2064
1782357600000,2026-06-25,03:20:00,3981.815,3982.725,3972.598,3972.808,0.4028
1782357900000,2026-06-25,03:25:00,3972.808,3976.828,3971.778,3975.998,0.3027
1782358200000,2026-06-25,03:30:00,3975.985,3976.845,3971.268,3975.305,0.1722
1782358500000,2026-06-25,03:35:00,3975.405,3975.455,3968.645,3971.105,0.1368
1782358800000,2026-06-25,03:40:00,3971.085,3974.935,3969.775,3974.935,0.157
1782359100000,2026-06-25,03:45:00,3974.945,3987.195,3974.285,3986.325,0.1922
1782359400000,2026-06-25,03:50:00,3986.245,3998.785,3986.085,3997.095,0.2064
1782359700000,2026-06-25,03:55:00,3997.225,4000.885,3993.445,3995.215,0.1781
1782360000000,2026-06-25,04:00:00,3995.155,3997.275,3993.245,3993.845,0.1689
1782360300000,2026-06-25,04:05:00,3993.795,3996.515,3992.255,3995.305,0.143
1782360600000,2026-06-25,04:10:00,3995.305,3995.305,3989.175,3989.175,0.1734
1782360900000,2026-06-25,04:15:00,3989.095,3991.455,3987.375,3991.235,0.1791
1782361200000,2026-06-25,04:20:00,3991.195,3996.735,3990.105,3995.205,0.1408
1782361500000,2026-06-25,04:25:00,3995.205,3997.325,3993.415,3994.245,0.1408
1782361800000,2026-06-25,04:30:00,3994.245,3995.645,3989.605,3990.395,0.1368
1782362100000,2026-06-25,04:35:00,3990.365,3990.775,3987.145,3987.245,0.1105
1782362400000,2026-06-25,04:40:00,3987.525,3991.775,3983.365,3991.775,0.1631
1782362700000,2026-06-25,04:45:00,3991.795,3995.475,3991.145,3992.125,0.1532
1782363000000,2026-06-25,04:50:00,3992.145,3996.905,3992.105,3995.425,0.1131
1782363300000,2026-06-25,04:55:00,3995.275,3996.005,3994.355,3995.805,0.1152
1782363600000,2026-06-25,05:00:00,3995.685,3997.905,3994.375,3996.775,0.1709
1782363900000,2026-06-25,05:05:00,3996.725,3999.005,3991.975,3998.955,0.1986
1782364200000,2026-06-25,05:10:00,3998.985,3999.735,3996.095,3998.045,0.1607
1782364500000,2026-06-25,05:15:00,3998.125,3998.245,3988.845,3991.995,0.171
1782364800000,2026-06-25,05:20:00,3992.005,3995.015,3991.005,3994.865,0.1515
1782365100000,2026-06-25,05:25:00,3994.885,3998.855,3990.505,3993.885,0.1848
1782365400000,2026-06-25,05:30:00,3994.075,3997.345,3985.435,3994.815,0.2903
1782365700000,2026-06-25,05:35:00,3994.855,3995.835,3984.255,3984.675,0.2176
1782366000000,2026-06-25,05:40:00,3984.655,3986.335,3981.485,3982.855,0.2178
1782366300000,2026-06-25,05:45:00,3982.735,3984.175,3980.195,3983.045,0.2163
1782366600000,2026-06-25,05:50:00,3983.265,3988.825,3982.335,3988.115,0.2044
1782366900000,2026-06-25,05:55:00,3988.335,3991.745,3986.155,3986.315,0.2753
1782367200000,2026-06-25,06:00:00,3986.305,3987.805,3981.655,3986.295,0.1897
1782367500000,2026-06-25,06:05:00,3986.325,3989.135,3982.855,3985.765,0.2045
1782367800000,2026-06-25,06:10:00,3985.705,3986.155,3979.675,3979.865,0.2037
1782368100000,2026-06-25,06:15:00,3979.775,3980.055,3974.445,3974.615,0.2264
1782368400000,2026-06-25,06:20:00,3974.535,3981.615,3973.765,3978.855,0.2146
1782368700000,2026-06-25,06:25:00,3978.825,3986.635,3978.075,3984.025,0.1844
1782369000000,2026-06-25,06:30:00,3984.085,3984.965,3977.995,3979.945,0.2107
1782369300000,2026-06-25,06:35:00,3979.925,3981.065,3976.455,3980.455,0.1722
1782369600000,2026-06-25,06:40:00,3980.405,3983.655,3977.265,3982.075,0.1597
1782369900000,2026-06-25,06:45:00,3982.045,3984.285,3980.505,3982.705,0.1445
1782370200000,2026-06-25,06:50:00,3982.685,3983.975,3977.515,3977.545,0.1275
1782370500000,2026-06-25,06:55:00,3977.445,3981.065,3975.775,3977.155,0.1686
1782370800000,2026-06-25,07:00:00,3977.385,3979.775,3973.325,3979.775,0.1856
1782371100000,2026-06-25,07:05:00,3979.875,3985.255,3978.265,3984.585,0.1634
1782371400000,2026-06-25,07:10:00,3984.645,3985.875,3978.455,3979.835,0.1576
1782371700000,2026-06-25,07:15:00,3979.855,3984.675,3977.415,3984.675,0.1234
1782372000000,2026-06-25,07:20:00,3984.715,3986.595,3979.555,3983.735,0.1471
1782372300000,2026-06-25,07:25:00,3983.765,3989.615,3981.895,3984.995,0.1485
1782372600000,2026-06-25,07:30:00,3984.995,3989.345,3982.135,3983.035,0.1695
1782372900000,2026-06-25,07:35:00,3983.115,3985.035,3977.985,3978.025,0.1075
1782373200000,2026-06-25,07:40:00,3978.065,3981.565,3973.465,3974.385,0.1288
1782373500000,2026-06-25,07:45:00,3974.325,3977.405,3971.285,3977.345,0.1218
1782373800000,2026-06-25,07:50:00,3977.315,3977.855,3974.635,3976.975,0.0997
1782374100000,2026-06-25,07:55:00,3977.005,3988.775,3976.655,3987.765,0.1371
1782374400000,2026-06-25,08:00:00,3987.655,3995.195,3986.955,3990.015,0.1893
1782374700000,2026-06-25,08:05:00,3990.245,3992.615,3987.455,3987.995,0.1441
1782375000000,2026-06-25,08:10:00,3988.005,3989.465,3984.105,3986.795,0.1332
1782375300000,2026-06-25,08:15:00,3986.705,3994.985,3986.125,3994.475,0.1255
1782375600000,2026-06-25,08:20:00,3994.555,4001.175,3994.345,3996.775,0.161
1782375900000,2026-06-25,08:25:00,3996.578,3996.685,3992.225,3993.605,0.1286
1782376200000,2026-06-25,08:30:00,3993.565,4000.685,3993.565,4000.575,0.1394
1782376500000,2026-06-25,08:35:00,4000.485,4001.745,3995.995,4001.345,0.1162
1782376800000,2026-06-25,08:40:00,4001.365,4001.945,3998.245,3999.495,0.0912
1782377100000,2026-06-25,08:45:00,3999.685,3999.695,3991.355,3992.395,0.1251
1782377400000,2026-06-25,08:50:00,3992.285,3993.535,3989.425,3990.655,0.0983
1782377700000,2026-06-25,08:55:00,3990.615,3990.935,3988.425,3989.025,0.0857
1782378000000,2026-06-25,09:00:00,3989.085,3995.765,3988.995,3995.655,0.1192
1782378300000,2026-06-25,09:05:00,3995.685,3996.405,3991.185,3991.215,0.0949
1782378600000,2026-06-25,09:10:00,3991.255,3994.005,3990.755,3990.785,0.0836
1782378900000,2026-06-25,09:15:00,3990.745,3993.445,3989.098,3990.935,0.1028
1782379200000,2026-06-25,09:20:00,3990.765,3995.195,3990.755,3994.815,0.0955
1782379500000,2026-06-25,09:25:00,3994.885,3995.285,3992.335,3993.835,0.0823
1782379800000,2026-06-25,09:30:00,3993.935,3997.595,3993.155,3993.805,0.1444
1782380100000,2026-06-25,09:35:00,3993.895,3993.895,3985.658,3991.855,0.1562
1782380400000,2026-06-25,09:40:00,3991.825,3992.005,3987.105,3988.275,0.0918
1782380700000,2026-06-25,09:45:00,3988.095,3989.965,3988.015,3988.845,0.0679
1782381000000,2026-06-25,09:50:00,3988.645,3992.015,3988.645,3990.825,0.0677
1782381300000,2026-06-25,09:55:00,3990.855,3993.265,3987.405,3988.085,0.0836
1782381600000,2026-06-25,10:00:00,3988.025,3989.075,3985.245,3986.285,0.0858
1782381900000,2026-06-25,10:05:00,3986.255,3987.795,3985.795,3986.385,0.0688
1782382200000,2026-06-25,10:10:00,3986.465,3988.075,3983.495,3984.265,0.0914
1782382500000,2026-06-25,10:15:00,3984.075,3986.895,3983.055,3984.295,0.0799
1782382800000,2026-06-25,10:20:00,3984.345,3986.515,3983.535,3985.365,0.0757
1782383100000,2026-06-25,10:25:00,3985.325,3989.155,3985.275,3989.085,0.072
1782383400000,2026-06-25,10:30:00,3989.095,3989.265,3984.608,3986.585,0.0833
1782383700000,2026-06-25,10:35:00,3986.605,3988.515,3985.795,3987.655,0.073
1782384000000,2026-06-25,10:40:00,3987.655,3987.785,3984.608,3985.465,0.0658
1782384300000,2026-06-25,10:45:00,3985.345,3985.475,3982.225,3984.225,0.0634
1782384600000,2026-06-25,10:50:00,3984.095,3985.645,3981.738,3982.375,0.0755
1782384900000,2026-06-25,10:55:00,3982.405,3984.275,3981.118,3984.165,0.0656
1782385200000,2026-06-25,11:00:00,3984.445,3986.015,3981.885,3984.585,0.0998
1782385500000,2026-06-25,11:05:00,3984.395,3985.795,3982.735,3984.215,0.0816
1782385800000,2026-06-25,11:10:00,3984.205,3985.735,3982.165,3983.175,0.0769
1782386100000,2026-06-25,11:15:00,3982.965,3983.015,3976.005,3981.365,0.1119
1782386400000,2026-06-25,11:20:00,3981.435,3982.555,3979.748,3980.175,0.0825
1782386700000,2026-06-25,11:25:00,3980.285,3980.605,3976.625,3977.045,0.0899
1782387000000,2026-06-25,11:30:00,3977.065,3981.335,3976.445,3977.085,0.0891
1782387300000,2026-06-25,11:35:00,3977.025,3982.425,3973.505,3982.285,0.1163
1782387600000,2026-06-25,11:40:00,3982.355,3986.055,3982.115,3984.695,0.1125
1782387900000,2026-06-25,11:45:00,3984.705,3987.715,3984.195,3985.555,0.117
1782388200000,2026-06-25,11:50:00,3985.535,3986.365,3981.955,3982.415,0.1331
1782388500000,2026-06-25,11:55:00,3982.405,3982.405,3979.345,3979.895,0.1113
1782388800000,2026-06-25,12:00:00,3979.905,3984.595,3979.905,3982.535,0.1261
1782389100000,2026-06-25,12:05:00,3982.525,3983.515,3979.385,3983.065,0.1299
1782389400000,2026-06-25,12:10:00,3982.995,3983.675,3980.035,3982.585,0.1354
1782389700000,2026-06-25,12:15:00,3982.348,3986.055,3979.835,3982.925,0.1347
1782390000000,2026-06-25,12:20:00,3982.885,3983.435,3978.805,3980.185,0.1681
1782390300000,2026-06-25,12:25:00,3980.115,3985.865,3978.898,3983.185,0.1578
1782390600000,2026-06-25,12:30:00,3983.125,4011.705,3982.975,3994.915,0.3729
1782390900000,2026-06-25,12:35:00,3994.915,4007.035,3989.095,3997.675,0.3653
1782391200000,2026-06-25,12:40:00,3997.885,4006.765,3991.795,4005.225,0.3218
1782391500000,2026-06-25,12:45:00,4005.208,4018.085,4003.415,4014.035,0.3289
1782391800000,2026-06-25,12:50:00,4014.295,4019.325,4010.845,4015.885,0.2323
1782392100000,2026-06-25,12:55:00,4015.925,4016.525,4008.545,4012.215,0.2224
1782392400000,2026-06-25,13:00:00,4012.495,4033.885,4011.615,4028.865,0.3962
1782392700000,2026-06-25,13:05:00,4028.825,4033.565,4023.878,4029.305,0.3909
1782393000000,2026-06-25,13:10:00,4029.615,4033.575,4025.425,4030.775,0.2712
1782393300000,2026-06-25,13:15:00,4030.815,4031.178,4020.685,4023.035,0.2592
1782393600000,2026-06-25,13:20:00,4023.065,4030.025,4020.545,4021.805,0.2469
1782393900000,2026-06-25,13:25:00,4021.825,4024.055,4018.615,4021.855,0.2771
1782394200000,2026-06-25,13:30:00,4021.855,4028.475,4013.265,4013.755,0.4145
1782394500000,2026-06-25,13:35:00,4013.785,4026.575,4012.405,4023.465,0.386
1782394800000,2026-06-25,13:40:00,4023.465,4023.585,4010.655,4011.565,0.4363
1782395100000,2026-06-25,13:45:00,4011.755,4015.915,4007.875,4013.275,0.4073
1782395400000,2026-06-25,13:50:00,4013.325,4018.885,4006.975,4008.045,0.3924
1782395700000,2026-06-25,13:55:00,4008.025,4009.945,4000.825,4002.005,0.436
1782396000000,2026-06-25,14:00:00,4002.115,4018.425,3998.955,4014.315,0.3709
1782396300000,2026-06-25,14:05:00,4014.515,4021.345,4009.925,4016.665,0.3938
1782396600000,2026-06-25,14:10:00,4016.848,4019.645,4013.065,4016.238,0.4565
1782396900000,2026-06-25,14:15:00,4016.238,4020.858,4013.355,4017.755,0.411
1782397200000,2026-06-25,14:20:00,4017.715,4022.078,4012.508,4014.185,0.4048
1782397500000,2026-06-25,14:25:00,4014.235,4028.038,4012.375,4026.308,0.4015
1782397800000,2026-06-25,14:30:00,4026.308,4028.205,4021.735,4025.185,0.4121
1782398100000,2026-06-25,14:35:00,4025.155,4026.575,4016.085,4017.345,0.3323
1782398400000,2026-06-25,14:40:00,4017.305,4020.085,4015.775,4019.595,0.3407
1782398700000,2026-06-25,14:45:00,4019.595,4020.715,4014.268,4016.165,0.347
1782399000000,2026-06-25,14:50:00,4016.265,4019.945,4012.765,4017.185,0.3323
1782399300000,2026-06-25,14:55:00,4017.205,4017.455,4011.095,4011.725,0.352
1782399600000,2026-06-25,15:00:00,4011.845,4015.405,4009.515,4014.995,0.3508
1782399900000,2026-06-25,15:05:00,4014.885,4020.315,4013.935,4016.575,0.3668
1782400200000,2026-06-25,15:10:00,4016.595,4017.095,4004.795,4007.855,0.3436
1782400500000,2026-06-25,15:15:00,4007.605,4015.445,4005.805,4014.785,0.3067
1782400800000,2026-06-25,15:20:00,4014.825,4040.345,4012.255,4037.605,0.4414
1782401100000,2026-06-25,15:25:00,4037.655,4037.855,4025.885,4026.775,0.3826
1782401400000,2026-06-25,15:30:00,4026.755,4028.405,4021.628,4021.955,0.3484
1782401700000,2026-06-25,15:35:00,4022.005,4030.695,4021.775,4028.545,0.3142
1782402000000,2026-06-25,15:40:00,4028.305,4030.455,4026.165,4027.505,0.2418
1782402300000,2026-06-25,15:45:00,4027.478,4036.725,4026.665,4031.465,0.3049
1782402600000,2026-06-25,15:50:00,4031.485,4041.305,4030.265,4038.065,0.3234
1782402900000,2026-06-25,15:55:00,4038.085,4042.388,4036.665,4040.778,0.3087
1782403200000,2026-06-25,16:00:00,4041.045,4042.685,4034.645,4037.545,0.3068
1782403500000,2026-06-25,16:05:00,4037.605,4039.535,4033.735,4033.915,0.2421
1782403800000,2026-06-25,16:10:00,4033.888,4041.035,4033.485,4036.678,0.2781
1782404100000,2026-06-25,16:15:00,4036.688,4043.785,4036.688,4040.225,0.2667
1782404400000,2026-06-25,16:20:00,4040.335,4043.615,4040.215,4041.225,0.2456
1782404700000,2026-06-25,16:25:00,4041.255,4042.385,4039.218,4040.015,0.218
1782405000000,2026-06-25,16:30:00,4040.145,4040.428,4033.258,4034.605,0.2648
1782405300000,2026-06-25,16:35:00,4034.605,4036.045,4031.065,4031.645,0.2101
1782405600000,2026-06-25,16:40:00,4031.565,4033.695,4030.768,4031.135,0.2017
1782405900000,2026-06-25,16:45:00,4031.128,4031.795,4023.485,4031.295,0.2737
1782406200000,2026-06-25,16:50:00,4031.265,4033.105,4027.615,4031.155,0.2021
1782406500000,2026-06-25,16:55:00,4031.125,4031.195,4027.195,4028.445,0.1996
1782406800000,2026-06-25,17:00:00,4028.485,4030.225,4026.535,4029.858,0.2378
1782407100000,2026-06-25,17:05:00,4029.858,4032.125,4028.915,4030.158,0.2008
1782407400000,2026-06-25,17:10:00,4030.185,4031.715,4028.688,4029.185,0.1793
1782407700000,2026-06-25,17:15:00,4029.148,4032.925,4028.825,4029.978,0.2295
1782408000000,2026-06-25,17:20:00,4029.745,4032.685,4027.618,4032.085,0.2651
1782408300000,2026-06-25,17:25:00,4032.035,4035.618,4029.985,4032.435,0.3062
1782408600000,2026-06-25,17:30:00,4032.545,4034.825,4031.025,4031.778,0.1957
1782408900000,2026-06-25,17:35:00,4031.755,4034.025,4030.795,4033.315,0.1805
1782409200000,2026-06-25,17:40:00,4033.335,4035.875,4032.845,4034.045,0.1598
1782409500000,2026-06-25,17:45:00,4033.985,4034.105,4029.665,4031.475,0.1754
1782409800000,2026-06-25,17:50:00,4031.495,4034.115,4030.875,4033.565,0.1788
1782410100000,2026-06-25,17:55:00,4033.595,4036.705,4033.275,4034.575,0.2108
1782410400000,2026-06-25,18:00:00,4034.535,4035.185,4027.355,4028.365,0.2824
1782410700000,2026-06-25,18:05:00,4028.405,4033.445,4025.728,4032.478,0.2833
1782411000000,2026-06-25,18:10:00,4032.488,4034.378,4030.185,4032.328,0.2566
1782411300000,2026-06-25,18:15:00,4032.328,4040.165,4031.845,4037.578,0.2318
1782411600000,2026-06-25,18:20:00,4037.615,4039.025,4037.015,4038.325,0.1929
1782411900000,2026-06-25,18:25:00,4038.295,4043.918,4037.755,4043.758,0.2756
1782412200000,2026-06-25,18:30:00,4043.685,4043.808,4033.445,4033.758,0.2827
1782412500000,2026-06-25,18:35:00,4033.778,4036.098,4033.065,4036.048,0.2103
1782412800000,2026-06-25,18:40:00,4036.058,4036.078,4031.595,4032.435,0.1967
1782413100000,2026-06-25,18:45:00,4032.455,4032.615,4029.538,4031.945,0.1609
1782413400000,2026-06-25,18:50:00,4031.888,4035.975,4031.385,4034.885,0.1602
1782413700000,2026-06-25,18:55:00,4034.915,4035.968,4033.485,4034.438,0.1734
1782414000000,2026-06-25,19:00:00,4034.438,4035.685,4032.278,4033.525,0.1983
1782414300000,2026-06-25,19:05:00,4033.505,4039.575,4032.655,4038.508,0.2166
1782414600000,2026-06-25,19:10:00,4038.508,4040.255,4038.025,4039.918,0.1816
1782414900000,2026-06-25,19:15:00,4039.908,4043.458,4035.845,4036.865,0.2511
1782415200000,2026-06-25,19:20:00,4036.845,4039.845,4036.785,4038.785,0.1747
1782415500000,2026-06-25,19:25:00,4038.805,4040.535,4035.155,4035.745,0.2114
1782415800000,2026-06-25,19:30:00,4035.725,4036.445,4031.675,4033.555,0.2076
1782416100000,2026-06-25,19:35:00,4033.598,4035.195,4032.225,4034.448,0.1554
1782416400000,2026-06-25,19:40:00,4035.085,4037.518,4032.475,4034.125,0.2142
1782416700000,2026-06-25,19:45:00,4034.165,4034.165,4025.688,4026.328,0.1964
1782417000000,2026-06-25,19:50:00,4026.335,4027.325,4021.645,4026.155,0.2826
1782417300000,2026-06-25,19:55:00,4026.325,4027.178,4022.098,4026.525,0.2752
1782417600000,2026-06-25,20:00:00,4026.425,4034.705,4025.455,4031.068,0.1677
1782417900000,2026-06-25,20:05:00,4031.058,4031.075,4027.775,4027.835,0.0713
1782418200000,2026-06-25,20:10:00,4027.795,4028.845,4027.055,4027.825,0.0484
1782418500000,2026-06-25,20:15:00,4027.805,4029.185,4026.245,4028.025,0.0698
1782418800000,2026-06-25,20:20:00,4028.125,4030.275,4027.865,4029.715,0.0581
1782419100000,2026-06-25,20:25:00,4029.735,4030.515,4027.875,4030.455,0.0638
1782419400000,2026-06-25,20:30:00,4030.435,4030.505,4026.445,4026.525,0.0542
1782419700000,2026-06-25,20:35:00,4026.545,4027.325,4025.535,4025.768,0.0507
1782420000000,2026-06-25,20:40:00,4025.795,4026.565,4024.468,4026.245,0.0586
1782420300000,2026-06-25,20:45:00,4026.125,4026.365,4024.195,4024.535,0.0467
1782420600000,2026-06-25,20:50:00,4024.378,4025.595,4024.115,4024.595,0.0412
1782420900000,2026-06-25,20:55:00,4024.615,4026.785,4024.095,4024.095,0.05
1782424800000,2026-06-25,22:00:00,4029.098,4031.275,4026.328,4029.225,0.0683
1782425100000,2026-06-25,22:05:00,4029.235,4029.665,4025.575,4025.575,0.0341
1782425400000,2026-06-25,22:10:00,4025.605,4026.045,4021.705,4022.605,0.0679
1782425700000,2026-06-25,22:15:00,4022.585,4024.025,4021.148,4021.885,0.0496
1782426000000,2026-06-25,22:20:00,4021.865,4023.495,4019.515,4021.265,0.0791
1782426300000,2026-06-25,22:25:00,4021.258,4026.175,4019.865,4024.615,0.0797
1782426600000,2026-06-25,22:30:00,4024.595,4030.245,4024.145,4029.395,0.0892
1782426900000,2026-06-25,22:35:00,4029.415,4036.225,4029.365,4033.875,0.1048
1782427200000,2026-06-25,22:40:00,4033.935,4036.148,4028.085,4028.098,0.1093
1782427500000,2026-06-25,22:45:00,4028.125,4029.835,4023.585,4024.635,0.104
1782427800000,2026-06-25,22:50:00,4024.665,4025.015,4021.635,4022.245,0.09
1782428100000,2026-06-25,22:55:00,4022.205,4027.465,4021.885,4025.808,0.1927
1782428400000,2026-06-25,23:00:00,4025.595,4026.608,4022.795,4023.058,0.3137
1782428700000,2026-06-25,23:05:00,4023.008,4023.908,4020.928,4022.458,0.2344
1782429000000,2026-06-25,23:10:00,4022.428,4024.205,4021.255,4023.265,0.0532
1782429300000,2026-06-25,23:15:00,4023.295,4025.975,4022.235,4025.975,0.0595
1782429600000,2026-06-25,23:20:00,4026.025,4029.265,4025.055,4028.065,0.0756
1782429900000,2026-06-25,23:25:00,4028.085,4029.915,4027.905,4029.555,0.0605
1782430200000,2026-06-25,23:30:00,4029.525,4030.175,4021.065,4021.155,0.0758
1782430500000,2026-06-25,23:35:00,4021.255,4025.055,4021.255,4023.755,0.0857
1782430800000,2026-06-25,23:40:00,4023.705,4024.255,4022.665,4024.105,0.0504
1782431100000,2026-06-25,23:45:00,4024.075,4024.075,4016.335,4017.705,0.1108
1782431400000,2026-06-25,23:50:00,4017.725,4019.315,4016.315,4017.225,0.0949
1782431700000,2026-06-25,23:55:00,4017.255,4017.515,4012.375,4014.255,0.1172
1782432000000,2026-06-26,00:00:00,4014.205,4018.355,4012.155,4012.235,0.1912
1782432300000,2026-06-26,00:05:00,4012.265,4015.445,4011.275,4014.295,0.187
1782432600000,2026-06-26,00:10:00,4014.325,4019.655,4011.835,4019.565,0.1971
1782432900000,2026-06-26,00:15:00,4019.545,4023.085,4018.445,4021.775,0.1768
1782433200000,2026-06-26,00:20:00,4021.825,4021.925,4016.785,4017.955,0.1295
1782433500000,2026-06-26,00:25:00,4018.038,4018.865,4012.225,4015.185,0.1476
1782433800000,2026-06-26,00:30:00,4015.215,4016.595,4012.205,4015.735,0.1709
1782434100000,2026-06-26,00:35:00,4015.725,4017.785,4014.085,4016.025,0.1488
1782434400000,2026-06-26,00:40:00,4016.065,4019.675,4014.865,4018.935,0.1597
1782434700000,2026-06-26,00:45:00,4018.945,4023.605,4018.595,4018.805,0.1666
1782435000000,2026-06-26,00:50:00,4018.785,4020.855,4015.265,4015.855,0.175
1782435300000,2026-06-26,00:55:00,4015.825,4024.255,4015.815,4020.075,0.1719
1782435600000,2026-06-26,01:00:00,4020.145,4029.335,4017.055,4017.145,0.2773
1782435900000,2026-06-26,01:05:00,4017.035,4020.545,4013.945,4017.205,0.2194
1782436200000,2026-06-26,01:10:00,4017.185,4021.245,4017.055,4019.575,0.1807
1782436500000,2026-06-26,01:15:00,4019.515,4026.215,4018.055,4024.445,0.1955
1782436800000,2026-06-26,01:20:00,4024.425,4024.725,4021.375,4022.625,0.1645
1782437100000,2026-06-26,01:25:00,4022.645,4022.715,4017.385,4022.335,0.1931
1782437400000,2026-06-26,01:30:00,4022.735,4023.535,4019.015,4020.005,0.2558
1782437700000,2026-06-26,01:35:00,4020.035,4022.745,4015.888,4021.235,0.2218
1782438000000,2026-06-26,01:40:00,4021.215,4025.355,4019.795,4020.355,0.1801
1782438300000,2026-06-26,01:45:00,4020.325,4022.725,4014.205,4016.055,0.2223
1782438600000,2026-06-26,01:50:00,4016.235,4018.535,4014.215,4018.035,0.2072
1782438900000,2026-06-26,01:55:00,4017.995,4021.535,4017.875,4020.795,0.178
1782439200000,2026-06-26,02:00:00,4020.905,4022.898,4017.305,4020.035,0.1883
1782439500000,2026-06-26,02:05:00,4020.065,4020.515,4014.928,4016.705,0.1858
1782439800000,2026-06-26,02:10:00,4016.685,4016.685,4013.145,4014.925,0.1802
1782440100000,2026-06-26,02:15:00,4014.875,4016.455,4008.935,4008.965,0.1425
1782440400000,2026-06-26,02:20:00,4008.925,4011.135,4005.048,4005.735,0.1623
1782440700000,2026-06-26,02:25:00,4005.765,4008.155,4003.685,4007.108,0.1663
1782441000000,2026-06-26,02:30:00,4007.368,4009.035,4001.028,4002.565,0.219
1782441300000,2026-06-26,02:35:00,4002.645,4003.135,3991.395,3997.485,0.2662
1782441600000,2026-06-26,02:40:00,3997.405,3997.435,3990.965,3992.035,0.2131
1782441900000,2026-06-26,02:45:00,3992.005,3994.015,3990.575,3992.935,0.2274
1782442200000,2026-06-26,02:50:00,3992.975,3995.295,3984.525,3985.945,0.276
1782442500000,2026-06-26,02:55:00,3985.938,3993.215,3982.635,3990.465,0.2389
1782442800000,2026-06-26,03:00:00,3990.425,3992.355,3986.365,3990.245,0.2059
1782443100000,2026-06-26,03:05:00,3990.275,3995.265,3989.245,3994.695,0.1786
1782443400000,2026-06-26,03:10:00,3994.755,3999.445,3993.215,3997.395,0.1918
1782443700000,2026-06-26,03:15:00,3997.445,3999.635,3993.495,3998.085,0.1723
1782444000000,2026-06-26,03:20:00,3997.935,3998.095,3992.515,3993.225,0.1852
1782444300000,2026-06-26,03:25:00,3993.245,3995.815,3992.408,3995.105,0.1635
1782444600000,2026-06-26,03:30:00,3995.105,3998.235,3992.805,3995.555,0.159
1782444900000,2026-06-26,03:35:00,3995.525,3998.075,3994.885,3996.135,0.1563
1782445200000,2026-06-26,03:40:00,3996.195,4001.005,3995.935,3999.985,0.2244
1782445500000,2026-06-26,03:45:00,4000.005,4000.125,3997.095,3997.645,0.2036
1782445800000,2026-06-26,03:50:00,3997.645,4002.245,3997.595,4001.885,0.1904
1782446100000,2026-06-26,03:55:00,4001.835,4006.465,4001.445,4004.065,0.1878
1782446400000,2026-06-26,04:00:00,4004.145,4005.375,4000.785,4000.935,0.1643
1782446700000,2026-06-26,04:05:00,4000.975,4003.085,3998.485,4000.705,0.1696
1782447000000,2026-06-26,04:10:00,4000.655,4009.275,4000.615,4008.255,0.1575
1782447300000,2026-06-26,04:15:00,4008.235,4011.865,4006.565,4009.025,0.1782
1782447600000,2026-06-26,04:20:00,4008.985,4010.205,4007.495,4007.585,0.1545
1782447900000,2026-06-26,04:25:00,4007.585,4008.325,4005.785,4007.095,0.179
1782448200000,2026-06-26,04:30:00,4007.015,4008.105,4004.145,4004.725,0.1758
1782448500000,2026-06-26,04:35:00,4004.755,4004.975,4002.245,4002.948,0.1568
1782448800000,2026-06-26,04:40:00,4002.948,4008.115,4001.445,4008.005,0.1647
1782449100000,2026-06-26,04:45:00,4008.065,4009.605,4006.965,4009.055,0.1628
1782449400000,2026-06-26,04:50:00,4009.145,4015.195,4008.585,4014.235,0.1495
1782449700000,2026-06-26,04:55:00,4014.035,4014.985,4010.635,4011.085,0.125
1782450000000,2026-06-26,05:00:00,4011.395,4013.025,4009.375,4009.965,0.159
1782450300000,2026-06-26,05:05:00,4009.965,4012.135,4006.125,4011.745,0.1459
1782450600000,2026-06-26,05:10:00,4011.895,4015.145,4011.665,4015.135,0.11
1782450900000,2026-06-26,05:15:00,4015.175,4018.975,4013.365,4014.415,0.1482
1782451200000,2026-06-26,05:20:00,4014.445,4014.645,4011.615,4012.975,0.1335
1782451500000,2026-06-26,05:25:00,4012.975,4018.305,4012.975,4016.375,0.1898
1782451800000,2026-06-26,05:30:00,4016.325,4021.135,4014.665,4016.415,0.2316
1782452100000,2026-06-26,05:35:00,4016.595,4018.645,4011.835,4013.475,0.2018
1782452400000,2026-06-26,05:40:00,4013.415,4016.895,4010.625,4011.015,0.1842
1782452700000,2026-06-26,05:45:00,4011.075,4011.848,4005.395,4011.525,0.2111
1782453000000,2026-06-26,05:50:00,4011.475,4015.275,4010.335,4014.965,0.1758
1782453300000,2026-06-26,05:55:00,4014.965,4014.965,4006.315,4007.785,0.1901
1782453600000,2026-06-26,06:00:00,4007.785,4010.215,4006.505,4007.305,0.2143
1782453900000,2026-06-26,06:05:00,4007.955,4011.425,4007.595,4008.415,0.1611
1782454200000,2026-06-26,06:10:00,4008.358,4009.815,4006.615,4009.195,0.1591
1782454500000,2026-06-26,06:15:00,4009.225,4011.145,4008.115,4008.438,0.1984
1782454800000,2026-06-26,06:20:00,4008.365,4024.815,4008.245,4022.755,0.2928
1782455100000,2026-06-26,06:25:00,4022.685,4024.585,4020.235,4023.935,0.2165
1782455400000,2026-06-26,06:30:00,4023.925,4027.405,4022.345,4023.415,0.2373
1782455700000,2026-06-26,06:35:00,4023.405,4025.145,4021.305,4023.195,0.1976
1782456000000,2026-06-26,06:40:00,4023.125,4026.115,4020.908,4024.935,0.1843
1782456300000,2026-06-26,06:45:00,4024.888,4028.225,4023.148,4023.728,0.1871
1782456600000,2026-06-26,06:50:00,4023.728,4025.525,4021.745,4023.485,0.1399
1782456900000,2026-06-26,06:55:00,4023.415,4032.975,4022.825,4031.855,0.2325
1782457200000,2026-06-26,07:00:00,4031.835,4033.765,4026.618,4029.205,0.2158
1782457500000,2026-06-26,07:05:00,4029.255,4032.265,4027.775,4029.015,0.1187
1782457800000,2026-06-26,07:10:00,4029.035,4029.585,4026.845,4027.175,0.1007
1782458100000,2026-06-26,07:15:00,4027.165,4031.575,4026.715,4031.175,0.0955
1782458400000,2026-06-26,07:20:00,4031.025,4031.275,4027.485,4029.315,0.1031
1782458700000,2026-06-26,07:25:00,4029.375,4039.795,4029.375,4037.785,0.1833
1782459000000,2026-06-26,07:30:00,4037.895,4038.705,4036.855,4037.515,0.1163
1782459300000,2026-06-26,07:35:00,4037.515,4037.975,4034.005,4036.085,0.1072
1782459600000,2026-06-26,07:40:00,4036.045,4036.255,4030.705,4031.305,0.099
1782459900000,2026-06-26,07:45:00,4031.355,4031.605,4028.295,4028.845,0.0955
1782460200000,2026-06-26,07:50:00,4028.825,4030.145,4027.545,4030.125,0.1022
1782460500000,2026-06-26,07:55:00,4030.005,4032.035,4029.675,4030.465,0.0879
1782460800000,2026-06-26,08:00:00,4030.365,4033.005,4025.735,4026.475,0.1791
1782461100000,2026-06-26,08:05:00,4026.525,4031.475,4025.715,4030.415,0.1391
1782461400000,2026-06-26,08:10:00,4030.415,4031.285,4027.805,4030.905,0.1274
1782461700000,2026-06-26,08:15:00,4030.985,4034.485,4029.645,4032.225,0.1286
1782462000000,2026-06-26,08:20:00,4032.345,4033.865,4030.005,4030.705,0.1103
1782462300000,2026-06-26,08:25:00,4030.745,4035.695,4030.385,4035.525,0.1433
1782462600000,2026-06-26,08:30:00,4035.435,4036.045,4032.465,4034.375,0.1318
1782462900000,2026-06-26,08:35:00,4034.435,4034.495,4032.125,4033.185,0.1136
1782463200000,2026-06-26,08:40:00,4033.215,4035.905,4032.418,4035.475,0.1171
1782463500000,2026-06-26,08:45:00,4035.505,4037.685,4032.675,4033.475,0.1396
1782463800000,2026-06-26,08:50:00,4033.445,4034.185,4032.155,4032.595,0.1367
1782464100000,2026-06-26,08:55:00,4032.545,4032.555,4029.475,4030.795,0.1328
1782464400000,2026-06-26,09:00:00,4030.775,4034.745,4029.285,4034.155,0.1507
1782464700000,2026-06-26,09:05:00,4034.115,4039.705,4033.945,4038.465,0.152
1782465000000,2026-06-26,09:10:00,4038.625,4041.345,4037.408,4039.185,0.141
1782465300000,2026-06-26,09:15:00,4039.315,4046.785,4034.265,4046.315,0.1706
1782465600000,2026-06-26,09:20:00,4046.325,4048.895,4042.845,4047.965,0.1949
1782465900000,2026-06-26,09:25:00,4048.005,4050.748,4046.745,4048.125,0.1806
1782466200000,2026-06-26,09:30:00,4047.925,4049.555,4045.115,4048.085,0.1713
1782466500000,2026-06-26,09:35:00,4048.275,4054.005,4048.275,4051.605,0.1658
1782466800000,2026-06-26,09:40:00,4051.635,4053.645,4047.335,4047.845,0.144
1782467100000,2026-06-26,09:45:00,4047.845,4048.948,4045.325,4046.975,0.1593
1782467400000,2026-06-26,09:50:00,4047.115,4053.755,4046.355,4050.535,0.1452
1782467700000,2026-06-26,09:55:00,4050.495,4050.575,4046.835,4046.975,0.1268
1782468000000,2026-06-26,10:00:00,4046.935,4048.805,4044.175,4047.515,0.1447
1782468300000,2026-06-26,10:05:00,4047.555,4050.765,4046.655,4049.675,0.1235
1782468600000,2026-06-26,10:10:00,4049.685,4052.025,4049.685,4050.825,0.1201
1782468900000,2026-06-26,10:15:00,4050.735,4051.325,4044.255,4044.255,0.1162
1782469200000,2026-06-26,10:20:00,4044.325,4045.745,4042.165,4044.095,0.1202
1782469500000,2026-06-26,10:25:00,4044.085,4048.635,4043.455,4048.025,0.1127
1782469800000,2026-06-26,10:30:00,4048.145,4054.375,4047.465,4053.935,0.1317
1782470100000,2026-06-26,10:35:00,4054.045,4054.245,4048.885,4049.025,0.1524
1782470400000,2026-06-26,10:40:00,4049.125,4050.715,4046.595,4048.415,0.1309
1782470700000,2026-06-26,10:45:00,4048.585,4050.215,4047.555,4048.735,0.1199
1782471000000,2026-06-26,10:50:00,4048.745,4054.355,4048.425,4052.585,0.1212
1782471300000,2026-06-26,10:55:00,4052.825,4054.745,4051.155,4054.605,0.0959
1782471600000,2026-06-26,11:00:00,4054.605,4055.385,4051.255,4052.815,0.139
1782471900000,2026-06-26,11:05:00,4052.795,4054.695,4051.645,4052.745,0.104
1782472200000,2026-06-26,11:10:00,4052.695,4052.975,4046.945,4047.075,0.1093
1782472500000,2026-06-26,11:15:00,4047.035,4053.955,4045.915,4052.945,0.1253
1782472800000,2026-06-26,11:20:00,4052.915,4053.595,4051.098,4051.895,0.09
1782473100000,2026-06-26,11:25:00,4051.935,4053.475,4050.335,4052.315,0.0861
1782473400000,2026-06-26,11:30:00,4052.485,4055.488,4052.435,4053.595,0.1321
1782473700000,2026-06-26,11:35:00,4053.495,4053.495,4047.935,4048.198,0.1412
1782474000000,2026-06-26,11:40:00,4048.095,4050.095,4045.995,4046.495,0.1614
1782474300000,2026-06-26,11:45:00,4046.495,4048.185,4045.365,4045.508,0.1282
1782474600000,2026-06-26,11:50:00,4045.545,4045.865,4042.358,4044.395,0.1542
1782474900000,2026-06-26,11:55:00,4044.445,4046.925,4044.385,4045.665,0.1354
1782475200000,2026-06-26,12:00:00,4045.835,4045.935,4043.375,4044.595,0.131
1782475500000,2026-06-26,12:05:00,4044.595,4048.075,4044.365,4047.745,0.1233
1782475800000,2026-06-26,12:10:00,4047.715,4050.825,4047.485,4049.005,0.1224
1782476100000,2026-06-26,12:15:00,4048.975,4051.395,4043.715,4044.165,0.1379
1782476400000,2026-06-26,12:20:00,4044.285,4046.645,4041.748,4043.915,0.1818
1782476700000,2026-06-26,12:25:00,4043.945,4047.515,4043.895,4046.445,0.1497
1782477000000,2026-06-26,12:30:00,4046.055,4049.175,4042.485,4044.618,0.1626
1782477300000,2026-06-26,12:35:00,4044.668,4045.785,4042.805,4043.845,0.1655
1782477600000,2026-06-26,12:40:00,4043.918,4044.025,4035.408,4039.965,0.2223
1782477900000,2026-06-26,12:45:00,4039.945,4044.305,4039.035,4044.198,0.1799
1782478200000,2026-06-26,12:50:00,4044.198,4048.525,4043.385,4045.655,0.1843
1782478500000,2026-06-26,12:55:00,4045.638,4061.305,4045.638,4058.645,0.487
1782478800000,2026-06-26,13:00:00,4059.305,4065.745,4049.918,4051.975,0.3553
1782479100000,2026-06-26,13:05:00,4051.935,4052.755,4043.085,4044.475,0.2733
1782479400000,2026-06-26,13:10:00,4044.755,4050.755,4043.265,4050.385,0.2884
1782479700000,2026-06-26,13:15:00,4050.185,4052.928,4043.005,4050.705,0.3597
1782480000000,2026-06-26,13:20:00,4050.495,4058.185,4049.505,4056.935,0.3128
1782480300000,2026-06-26,13:25:00,4056.925,4058.328,4052.735,4056.725,0.3717
1782480600000,2026-06-26,13:30:00,4056.655,4056.655,4047.425,4050.225,0.3786
1782480900000,2026-06-26,13:35:00,4050.195,4051.265,4044.775,4047.935,0.4045
1782481200000,2026-06-26,13:40:00,4047.915,4061.918,4047.555,4061.895,0.4229
1782481500000,2026-06-26,13:45:00,4062.075,4064.965,4058.205,4061.825,0.4285
1782481800000,2026-06-26,13:50:00,4061.878,4069.455,4060.595,4063.745,0.3941
1782482100000,2026-06-26,13:55:00,4063.925,4077.775,4063.425,4073.085,0.3137
1782482400000,2026-06-26,14:00:00,4073.015,4079.098,4067.448,4077.085,0.3558
1782482700000,2026-06-26,14:05:00,4077.225,4079.215,4071.755,4078.975,0.3265
1782483000000,2026-06-26,14:10:00,4079.005,4084.875,4076.565,4082.085,0.3403
1782483300000,2026-06-26,14:15:00,4082.115,4092.895,4081.105,4088.265,0.3626
1782483600000,2026-06-26,14:20:00,4088.305,4092.105,4087.075,4088.405,0.3407
1782483900000,2026-06-26,14:25:00,4088.425,4090.775,4083.815,4084.165,0.3106
1782484200000,2026-06-26,14:30:00,4084.215,4084.811,4079.455,4080.005,0.308
1782484500000,2026-06-26,14:35:00,4080.005,4081.545,4076.008,4078.915,0.4376
1782484800000,2026-06-26,14:40:00,4078.915,4083.785,4076.145,4082.505,0.3147
1782485100000,2026-06-26,14:45:00,4082.505,4091.535,4082.375,4087.985,0.3034
1782485400000,2026-06-26,14:50:00,4087.985,4088.575,4083.685,4087.698,0.3076
1782485700000,2026-06-26,14:55:00,4087.698,4091.215,4080.088,4080.215,0.377
1782486000000,2026-06-26,15:00:00,4080.145,4082.978,4079.015,4079.045,0.3954
1782486300000,2026-06-26,15:05:00,4079.115,4080.855,4075.385,4080.735,0.2485
1782486600000,2026-06-26,15:10:00,4080.695,4082.055,4077.168,4079.245,0.3043
1782486900000,2026-06-26,15:15:00,4079.325,4084.355,4077.585,4082.105,0.2623
1782487200000,2026-06-26,15:20:00,4081.875,4083.885,4080.045,4081.895,0.2571
1782487500000,2026-06-26,15:25:00,4081.915,4084.135,4080.445,4084.015,0.1754
1782487800000,2026-06-26,15:30:00,4084.045,4088.485,4081.895,4081.895,0.2115
1782488100000,2026-06-26,15:35:00,4081.895,4093.805,4081.475,4091.515,0.2156
1782488400000,2026-06-26,15:40:00,4091.475,4095.535,4091.005,4094.995,0.2367
1782488700000,2026-06-26,15:45:00,4095.035,4095.795,4090.805,4094.445,0.2357
1782489000000,2026-06-26,15:50:00,4094.485,4095.305,4082.975,4086.165,0.2835
1782489300000,2026-06-26,15:55:00,4086.165,4091.615,4085.605,4090.205,0.1887
1782489600000,2026-06-26,16:00:00,4090.225,4092.695,4089.575,4091.115,0.1688
1782489900000,2026-06-26,16:05:00,4091.085,4091.325,4088.355,4089.055,0.1456
1782490200000,2026-06-26,16:10:00,4089.015,4092.125,4088.115,4090.995,0.1586
1782490500000,2026-06-26,16:15:00,4091.025,4093.148,4089.465,4089.925,0.1398
1782490800000,2026-06-26,16:20:00,4089.885,4090.245,4082.795,4085.225,0.2179
1782491100000,2026-06-26,16:25:00,4085.168,4087.818,4084.125,4086.375,0.1875
1782491400000,2026-06-26,16:30:00,4086.415,4092.818,4086.415,4087.835,0.2233
1782491700000,2026-06-26,16:35:00,4087.845,4088.355,4083.855,4084.255,0.1518
1782492000000,2026-06-26,16:40:00,4084.425,4085.735,4081.905,4084.155,0.1657
1782492300000,2026-06-26,16:45:00,4084.165,4086.515,4083.525,4083.545,0.1237
1782492600000,2026-06-26,16:50:00,4083.565,4085.235,4082.485,4085.045,0.1662
1782492900000,2026-06-26,16:55:00,4085.125,4085.675,4083.565,4084.785,0.1207
1782493200000,2026-06-26,17:00:00,4084.845,4085.595,4083.355,4084.405,0.1247
1782493500000,2026-06-26,17:05:00,4084.425,4087.808,4084.085,4086.648,0.1348
1782493800000,2026-06-26,17:10:00,4086.555,4087.155,4082.195,4083.165,0.1386
1782494100000,2026-06-26,17:15:00,4083.205,4083.975,4081.185,4081.335,0.1123
1782494400000,2026-06-26,17:20:00,4081.275,4084.945,4080.015,4084.475,0.1728
1782494700000,2026-06-26,17:25:00,4084.458,4084.458,4080.085,4081.275,0.2033
1782495000000,2026-06-26,17:30:00,4081.295,4083.125,4075.865,4077.728,0.3447
1782495300000,2026-06-26,17:35:00,4077.688,4078.618,4074.015,4075.275,0.3509
1782495600000,2026-06-26,17:40:00,4075.328,4077.335,4073.818,4076.425,0.1826
1782495900000,2026-06-26,17:45:00,4076.395,4077.545,4074.085,4075.835,0.142
1782496200000,2026-06-26,17:50:00,4075.875,4076.705,4074.228,4075.085,0.1185
1782496500000,2026-06-26,17:55:00,4075.105,4075.495,4073.505,4074.535,0.136
1782496800000,2026-06-26,18:00:00,4074.515,4076.565,4072.235,4076.355,0.1547
1782497100000,2026-06-26,18:05:00,4076.355,4078.635,4074.925,4077.188,0.1283
1782497400000,2026-06-26,18:10:00,4077.198,4077.885,4075.615,4076.565,0.1177
1782497700000,2026-06-26,18:15:00,4076.615,4076.715,4073.385,4074.035,0.1325
1782498000000,2026-06-26,18:20:00,4074.035,4074.255,4071.255,4071.525,0.1669
1782498300000,2026-06-26,18:25:00,4071.555,4073.515,4071.395,4073.215,0.1705
1782498600000,2026-06-26,18:30:00,4073.265,4075.205,4073.258,4074.295,0.1458
1782498900000,2026-06-26,18:35:00,4074.245,4074.348,4072.335,4073.415,0.1433
1782499200000,2026-06-26,18:40:00,4073.435,4073.755,4071.435,4072.225,0.1663
1782499500000,2026-06-26,18:45:00,4072.208,4072.208,4067.485,4069.078,0.1612
1782499800000,2026-06-26,18:50:00,4069.135,4070.505,4068.215,4069.825,0.1374
1782500100000,2026-06-26,18:55:00,4070.045,4071.015,4066.758,4067.015,0.2024
1782500400000,2026-06-26,19:00:00,4067.115,4068.005,4064.755,4065.135,0.2508
1782500700000,2026-06-26,19:05:00,4065.175,4067.165,4064.325,4066.415,0.4769
1782501000000,2026-06-26,19:10:00,4066.405,4069.785,4065.845,4069.165,0.2091
1782501300000,2026-06-26,19:15:00,4069.125,4069.375,4066.935,4067.845,0.1268
1782501600000,2026-06-26,19:20:00,4067.825,4067.825,4064.285,4065.315,0.1185
1782501900000,2026-06-26,19:25:00,4065.335,4067.215,4064.665,4066.055,0.1143
1782502200000,2026-06-26,19:30:00,4066.135,4070.055,4065.398,4069.925,0.1341
1782502500000,2026-06-26,19:35:00,4069.975,4070.655,4067.695,4068.445,0.1278
1782502800000,2026-06-26,19:40:00,4068.325,4070.038,4067.718,4068.475,0.1746
1782503100000,2026-06-26,19:45:00,4068.445,4069.828,4066.645,4069.725,0.2158
1782503400000,2026-06-26,19:50:00,4069.815,4073.855,4069.815,4073.215,0.2039
1782503700000,2026-06-26,19:55:00,4073.175,4074.485,4071.205,4071.415,0.2917
1782504000000,2026-06-26,20:00:00,4071.435,4072.505,4070.548,4070.938,0.3177
1782504300000,2026-06-26,20:05:00,4070.958,4071.238,4065.598,4065.818,0.2956
1782504600000,2026-06-26,20:10:00,4065.778,4068.038,4064.228,4067.488,0.3018
1782504900000,2026-06-26,20:15:00,4067.498,4068.058,4065.805,4067.365,0.3597
1782505200000,2026-06-26,20:20:00,4067.348,4070.955,4066.805,4070.948,0.3222
1782505500000,2026-06-26,20:25:00,4070.935,4072.495,4070.505,4071.575,0.4972
1782505800000,2026-06-26,20:30:00,4071.575,4071.575,4066.495,4069.415,0.6229
1782506100000,2026-06-26,20:35:00,4069.415,4069.998,4067.735,4068.918,0.3628
1782506400000,2026-06-26,20:40:00,4068.925,4070.688,4068.485,4070.388,0.4124
1782506700000,2026-06-26,20:45:00,4070.288,4075.835,4069.698,4075.625,0.2674
1782507000000,2026-06-26,20:50:00,4075.625,4081.625,4073.265,4080.745,0.4322
1782507300000,2026-06-26,20:55:00,4080.605,4089.798,4079.998,4087.915,0.1177
1782684000000,2026-06-28,22:00:00,4086.298,4086.298,4072.515,4075.575,0.2105
1782684300000,2026-06-28,22:05:00,4075.585,4083.485,4072.725,4075.675,0.14
1782684600000,2026-06-28,22:10:00,4075.705,4078.205,4069.235,4069.498,0.1333
1782684900000,2026-06-28,22:15:00,4069.598,4069.798,4052.398,4059.905,0.1746
1782685200000,2026-06-28,22:20:00,4059.365,4062.515,4053.441,4059.205,0.1393
1782685500000,2026-06-28,22:25:00,4059.275,4061.255,4056.338,4056.915,0.1064
1782685800000,2026-06-28,22:30:00,4056.725,4062.635,4055.955,4057.315,0.1109
1782686100000,2026-06-28,22:35:00,4056.735,4061.985,4055.195,4061.055,0.0707
1782686400000,2026-06-28,22:40:00,4061.005,4065.235,4061.005,4063.135,0.0658
1782686700000,2026-06-28,22:45:00,4063.115,4069.075,4062.995,4068.845,0.0724
1782687000000,2026-06-28,22:50:00,4068.825,4068.825,4061.975,4064.285,0.0794
1782687300000,2026-06-28,22:55:00,4064.255,4069.215,4063.735,4065.798,0.1702
1782687600000,2026-06-28,23:00:00,4065.798,4069.688,4064.868,4067.358,0.4052
1782687900000,2026-06-28,23:05:00,4067.368,4070.278,4065.668,4069.908,0.4272
1782688200000,2026-06-28,23:10:00,4069.888,4069.898,4065.075,4065.345,0.0943
1782688500000,2026-06-28,23:15:00,4065.365,4065.425,4059.048,4059.815,0.087
1782688800000,2026-06-28,23:20:00,4059.875,4060.595,4056.095,4057.385,0.0781
1782689100000,2026-06-28,23:25:00,4057.415,4058.905,4055.235,4056.735,0.0691
1782689400000,2026-06-28,23:30:00,4056.675,4057.295,4051.585,4056.145,0.1132
1782689700000,2026-06-28,23:35:00,4056.185,4062.065,4055.685,4060.375,0.0947
1782690000000,2026-06-28,23:40:00,4060.435,4062.535,4059.865,4062.465,0.062
1782690300000,2026-06-28,23:45:00,4062.425,4065.325,4061.155,4061.525,0.1168
1782690600000,2026-06-28,23:50:00,4061.575,4066.075,4060.955,4064.145,0.0961
1782690900000,2026-06-28,23:55:00,4064.165,4064.885,4062.215,4062.585,0.1046
1782691200000,2026-06-29,00:00:00,4062.555,4064.615,4056.875,4061.835,0.2296
1782691500000,2026-06-29,00:05:00,4061.805,4062.225,4053.255,4057.835,0.2497
1782691800000,2026-06-29,00:10:00,4057.855,4060.595,4056.365,4058.665,0.1805
1782692100000,2026-06-29,00:15:00,4058.645,4061.865,4057.015,4057.255,0.1776
1782692400000,2026-06-29,00:20:00,4057.285,4057.845,4050.495,4052.365,0.1807
1782692700000,2026-06-29,00:25:00,4052.335,4052.735,4048.055,4048.075,0.1711
1782693000000,2026-06-29,00:30:00,4048.175,4055.235,4048.175,4053.965,0.1824
1782693300000,2026-06-29,00:35:00,4053.945,4061.335,4053.465,4060.375,0.1563
1782693600000,2026-06-29,00:40:00,4060.335,4069.585,4060.165,4069.285,0.1684
1782693900000,2026-06-29,00:45:00,4069.078,4069.085,4062.865,4066.195,0.1687
1782694200000,2026-06-29,00:50:00,4066.215,4069.325,4064.095,4069.325,0.1551
1782694500000,2026-06-29,00:55:00,4069.265,4073.955,4067.895,4069.305,0.2036
1782694800000,2026-06-29,01:00:00,4069.445,4069.835,4058.115,4064.335,0.3358
1782695100000,2026-06-29,01:05:00,4064.275,4074.295,4059.845,4061.535,0.3043
1782695400000,2026-06-29,01:10:00,4061.525,4064.395,4053.615,4054.615,0.2826
1782695700000,2026-06-29,01:15:00,4054.635,4060.285,4054.355,4058.175,0.2948
1782696000000,2026-06-29,01:20:00,4058.145,4063.145,4056.875,4060.905,0.2514
1782696300000,2026-06-29,01:25:00,4060.785,4065.835,4058.945,4059.075,0.2606
1782696600000,2026-06-29,01:30:00,4059.095,4060.445,4055.455,4059.545,0.2588
1782696900000,2026-06-29,01:35:00,4059.495,4064.515,4058.605,4061.595,0.2336
1782697200000,2026-06-29,01:40:00,4061.575,4066.445,4061.265,4063.345,0.2357
1782697500000,2026-06-29,01:45:00,4063.365,4063.595,4054.685,4059.905,0.2678
1782697800000,2026-06-29,01:50:00,4059.885,4061.705,4056.475,4061.705,0.2391
1782698100000,2026-06-29,01:55:00,4061.705,4062.895,4059.265,4061.155,0.228
1782698400000,2026-06-29,02:00:00,4061.075,4070.515,4059.115,4065.725,0.2738
1782698700000,2026-06-29,02:05:00,4065.725,4067.075,4059.525,4061.695,0.2524
1782699000000,2026-06-29,02:10:00,4061.695,4066.455,4059.995,4060.765,0.2474
1782699300000,2026-06-29,02:15:00,4060.725,4068.915,4060.135,4067.285,0.212
1782699600000,2026-06-29,02:20:00,4067.305,4070.085,4065.105,4067.555,0.2032
1782699900000,2026-06-29,02:25:00,4067.585,4070.465,4066.715,4068.635,0.1823
1782700200000,2026-06-29,02:30:00,4068.755,4071.555,4067.005,4068.525,0.2403
1782700500000,2026-06-29,02:35:00,4068.475,4068.515,4059.455,4060.135,0.2369
1782700800000,2026-06-29,02:40:00,4060.075,4062.958,4058.175,4060.355,0.22
1782701100000,2026-06-29,02:45:00,4060.295,4069.245,4058.555,4067.245,0.2209
1782701400000,2026-06-29,02:50:00,4067.205,4069.195,4063.785,4067.105,0.2124
1782701700000,2026-06-29,02:55:00,4067.125,4068.455,4064.975,4066.105,0.1567
1782702000000,2026-06-29,03:00:00,4066.155,4067.085,4064.795,4065.675,0.1877
1782702300000,2026-06-29,03:05:00,4065.645,4070.085,4065.135,4069.645,0.1829
1782702600000,2026-06-29,03:10:00,4069.645,4070.795,4065.145,4068.845,0.1736
1782702900000,2026-06-29,03:15:00,4068.875,4071.365,4067.105,4069.145,0.1591
1782703200000,2026-06-29,03:20:00,4069.165,4075.515,4068.735,4073.205,0.1772
1782703500000,2026-06-29,03:25:00,4073.135,4073.138,4070.668,4071.968,0.1809
1782703800000,2026-06-29,03:30:00,4071.985,4073.195,4067.425,4069.555,0.1552
1782704100000,2026-06-29,03:35:00,4069.155,4069.305,4065.445,4066.965,0.1053
1782704400000,2026-06-29,03:40:00,4066.875,4071.585,4065.275,4067.545,0.1065
1782704700000,2026-06-29,03:45:00,4067.928,4067.935,4066.055,4067.325,0.1029
1782705000000,2026-06-29,03:50:00,4067.385,4071.665,4066.275,4069.785,0.1286
1782705300000,2026-06-29,03:55:00,4069.765,4069.765,4067.395,4068.645,0.1052
1782705600000,2026-06-29,04:00:00,4068.615,4068.765,4064.865,4067.055,0.1126
1782705900000,2026-06-29,04:05:00,4067.005,4067.935,4064.915,4065.985,0.1138
1782706200000,2026-06-29,04:10:00,4065.908,4066.595,4063.955,4065.445,0.1057
1782706500000,2026-06-29,04:15:00,4065.375,4065.375,4061.975,4064.385,0.0977
1782706800000,2026-06-29,04:20:00,4064.415,4064.545,4062.095,4063.515,0.0852
1782707100000,2026-06-29,04:25:00,4063.515,4066.395,4063.375,4064.845,0.1111
1782707400000,2026-06-29,04:30:00,4064.788,4065.265,4059.995,4060.835,0.1186
1782707700000,2026-06-29,04:35:00,4060.888,4061.335,4054.675,4054.675,0.1445
1782708000000,2026-06-29,04:40:00,4054.725,4057.495,4052.605,4056.915,0.1621
1782708300000,2026-06-29,04:45:00,4057.315,4057.735,4055.288,4056.995,0.1145
1782708600000,2026-06-29,04:50:00,4057.055,4057.465,4053.965,4054.005,0.1132
1782708900000,2026-06-29,04:55:00,4053.965,4053.965,4049.395,4052.015,0.1396
1782709200000,2026-06-29,05:00:00,4051.858,4054.465,4047.095,4054.395,0.2001
1782709500000,2026-06-29,05:05:00,4054.395,4057.235,4050.605,4052.365,0.1933
1782709800000,2026-06-29,05:10:00,4052.375,4055.955,4052.085,4055.725,0.1638
1782710100000,2026-06-29,05:15:00,4055.725,4057.195,4053.435,4054.185,0.151
1782710400000,2026-06-29,05:20:00,4054.195,4056.445,4049.005,4050.365,0.1543
1782710700000,2026-06-29,05:25:00,4050.405,4052.365,4047.568,4048.925,0.1871
1782711000000,2026-06-29,05:30:00,4048.885,4049.978,4039.885,4045.075,0.3065
1782711300000,2026-06-29,05:35:00,4045.115,4045.745,4039.015,4043.765,0.2378
1782711600000,2026-06-29,05:40:00,4043.835,4051.375,4043.015,4050.235,0.2409
1782711900000,2026-06-29,05:45:00,4050.195,4053.055,4048.765,4049.435,0.2159
1782712200000,2026-06-29,05:50:00,4049.425,4055.115,4046.885,4053.145,0.2323
1782712500000,2026-06-29,05:55:00,4053.075,4056.675,4051.965,4054.175,0.2316
1782712800000,2026-06-29,06:00:00,4054.155,4060.105,4053.235,4058.525,0.2341
1782713100000,2026-06-29,06:05:00,4058.525,4064.005,4057.505,4061.475,0.2154
1782713400000,2026-06-29,06:10:00,4061.355,4062.235,4057.505,4059.475,0.1871
1782713700000,2026-06-29,06:15:00,4059.475,4059.935,4056.945,4059.465,0.1664
1782714000000,2026-06-29,06:20:00,4059.505,4059.985,4056.875,4058.085,0.1504
1782714300000,2026-06-29,06:25:00,4058.055,4063.005,4055.845,4060.555,0.1904
1782714600000,2026-06-29,06:30:00,4060.555,4060.925,4055.195,4056.655,0.1427
1782714900000,2026-06-29,06:35:00,4056.735,4059.515,4054.865,4059.515,0.1518
1782715200000,2026-06-29,06:40:00,4059.545,4061.735,4058.385,4060.995,0.1042
1782715500000,2026-06-29,06:45:00,4061.125,4064.855,4059.558,4062.985,0.1293
1782715800000,2026-06-29,06:50:00,4062.945,4064.408,4062.015,4063.015,0.1151
1782716100000,2026-06-29,06:55:00,4063.055,4064.085,4061.368,4062.175,0.1573
1782716400000,2026-06-29,07:00:00,4062.205,4062.635,4057.845,4060.685,0.1548
1782716700000,2026-06-29,07:05:00,4060.215,4060.445,4057.845,4059.465,0.1113
1782717000000,2026-06-29,07:10:00,4059.505,4061.025,4055.855,4059.075,0.1023
1782717300000,2026-06-29,07:15:00,4059.025,4062.585,4057.935,4060.315,0.1048
1782717600000,2026-06-29,07:20:00,4060.208,4062.875,4057.895,4062.535,0.1017
1782717900000,2026-06-29,07:25:00,4062.495,4066.285,4060.765,4065.965,0.1139
1782718200000,2026-06-29,07:30:00,4065.905,4066.245,4062.575,4062.895,0.1028
1782718500000,2026-06-29,07:35:00,4062.925,4063.535,4061.445,4062.885,0.0994
1782718800000,2026-06-29,07:40:00,4062.955,4064.945,4060.885,4062.485,0.1072
1782719100000,2026-06-29,07:45:00,4062.525,4064.235,4060.595,4063.415,0.0934
1782719400000,2026-06-29,07:50:00,4063.445,4068.455,4063.255,4064.385,0.1175
1782719700000,2026-06-29,07:55:00,4064.375,4066.305,4061.255,4061.495,0.1119
1782720000000,2026-06-29,08:00:00,4061.238,4064.315,4060.345,4062.715,0.1439
1782720300000,2026-06-29,08:05:00,4062.665,4065.965,4062.075,4063.735,0.134
1782720600000,2026-06-29,08:10:00,4063.635,4064.455,4062.035,4063.835,0.1061
1782720900000,2026-06-29,08:15:00,4063.755,4065.555,4061.955,4063.845,0.1219
1782721200000,2026-06-29,08:20:00,4063.685,4064.185,4060.635,4062.475,0.1084
1782721500000,2026-06-29,08:25:00,4062.475,4063.905,4060.385,4061.015,0.1144
1782721800000,2026-06-29,08:30:00,4061.075,4066.555,4060.765,4063.555,0.1113
1782722100000,2026-06-29,08:35:00,4063.545,4063.885,4060.355,4062.345,0.1051
1782722400000,2026-06-29,08:40:00,4062.255,4062.535,4054.535,4055.555,0.1252
1782722700000,2026-06-29,08:45:00,4055.475,4057.195,4054.035,4055.205,0.1101
1782723000000,2026-06-29,08:50:00,4055.165,4055.445,4051.635,4051.815,0.1443
1782723300000,2026-06-29,08:55:00,4051.415,4052.165,4043.515,4046.925,0.1437
1782723600000,2026-06-29,09:00:00,4046.805,4050.335,4045.225,4049.535,0.1352
1782723900000,2026-06-29,09:05:00,4049.545,4055.115,4048.985,4052.885,0.1255
1782724200000,2026-06-29,09:10:00,4052.945,4053.685,4048.265,4050.025,0.1086
1782724500000,2026-06-29,09:15:00,4049.935,4053.285,4048.855,4051.495,0.1237
1782724800000,2026-06-29,09:20:00,4051.495,4051.595,4046.865,4047.945,0.123
1782725100000,2026-06-29,09:25:00,4047.945,4048.785,4045.085,4047.215,0.1421
1782725400000,2026-06-29,09:30:00,4047.385,4050.615,4041.598,4045.535,0.1935
1782725700000,2026-06-29,09:35:00,4045.465,4045.645,4041.445,4043.105,0.1247
1782726000000,2026-06-29,09:40:00,4043.105,4044.115,4040.465,4043.515,0.1022
1782726300000,2026-06-29,09:45:00,4043.425,4043.955,4037.255,4040.205,0.0898
1782726600000,2026-06-29,09:50:00,4040.205,4040.205,4032.405,4034.295,0.1885
1782726900000,2026-06-29,09:55:00,4034.185,4036.605,4024.168,4031.465,0.2139
1782727200000,2026-06-29,10:00:00,4031.415,4033.265,4027.285,4029.595,0.1692
1782727500000,2026-06-29,10:05:00,4029.585,4032.195,4029.065,4031.835,0.1189
1782727800000,2026-06-29,10:10:00,4031.785,4039.655,4031.785,4038.315,0.1478
1782728100000,2026-06-29,10:15:00,4038.215,4038.365,4032.525,4035.265,0.1184
1782728400000,2026-06-29,10:20:00,4035.235,4038.015,4034.385,4037.195,0.0799
1782728700000,2026-06-29,10:25:00,4037.185,4038.585,4036.385,4037.235,0.0928
1782729000000,2026-06-29,10:30:00,4037.195,4038.265,4031.745,4033.355,0.104
1782729300000,2026-06-29,10:35:00,4033.455,4038.565,4031.735,4038.215,0.1045
1782729600000,2026-06-29,10:40:00,4038.135,4038.555,4033.395,4034.435,0.1106
1782729900000,2026-06-29,10:45:00,4034.385,4034.965,4032.515,4034.645,0.0766
1782730200000,2026-06-29,10:50:00,4034.335,4038.155,4033.825,4037.745,0.0905
1782730500000,2026-06-29,10:55:00,4037.705,4038.075,4035.205,4036.755,0.1053
1782730800000,2026-06-29,11:00:00,4036.775,4038.515,4035.305,4036.215,0.1387
1782731100000,2026-06-29,11:05:00,4036.255,4037.665,4035.235,4036.515,0.1235
1782731400000,2026-06-29,11:10:00,4036.485,4036.635,4032.205,4034.145,0.1139
1782731700000,2026-06-29,11:15:00,4034.235,4035.925,4033.075,4033.345,0.0977
1782732000000,2026-06-29,11:20:00,4033.265,4034.605,4028.975,4028.975,0.1005
1782732300000,2026-06-29,11:25:00,4028.995,4032.235,4027.085,4031.935,0.1188
1782732600000,2026-06-29,11:30:00,4031.865,4038.345,4029.765,4035.405,0.1581
1782732900000,2026-06-29,11:35:00,4035.285,4035.725,4031.795,4032.055,0.0837
1782733200000,2026-06-29,11:40:00,4032.035,4036.685,4031.855,4035.185,0.1211
1782733500000,2026-06-29,11:45:00,4035.115,4037.895,4034.635,4035.005,0.1108
1782733800000,2026-06-29,11:50:00,4035.085,4038.365,4035.085,4037.645,0.0869
1782734100000,2026-06-29,11:55:00,4037.605,4042.125,4036.825,4039.095,0.1096
1782734400000,2026-06-29,12:00:00,4039.285,4047.915,4037.775,4045.495,0.16
1782734700000,2026-06-29,12:05:00,4045.455,4048.105,4043.588,4047.815,0.1358
1782735000000,2026-06-29,12:10:00,4047.945,4052.385,4047.185,4047.425,0.1437
1782735300000,2026-06-29,12:15:00,4047.455,4049.605,4043.425,4043.425,0.1358
1782735600000,2026-06-29,12:20:00,4043.455,4045.815,4037.715,4039.695,0.1576
1782735900000,2026-06-29,12:25:00,4039.695,4041.285,4037.585,4038.215,0.1318
1782736200000,2026-06-29,12:30:00,4038.275,4044.085,4037.398,4043.195,0.1142
1782736500000,2026-06-29,12:35:00,4043.265,4047.035,4043.025,4044.915,0.1117
1782736800000,2026-06-29,12:40:00,4044.905,4046.445,4041.325,4044.735,0.0938
1782737100000,2026-06-29,12:45:00,4044.655,4046.755,4042.345,4043.125,0.0812
1782737400000,2026-06-29,12:50:00,4043.305,4047.665,4043.225,4044.285,0.0991
1782737700000,2026-06-29,12:55:00,4044.315,4045.045,4042.335,4043.455,0.0872
1782738000000,2026-06-29,13:00:00,4043.485,4051.615,4043.125,4050.445,0.1977
1782738300000,2026-06-29,13:05:00,4050.535,4051.575,4045.765,4045.975,0.1323
1782738600000,2026-06-29,13:10:00,4045.965,4049.635,4044.335,4047.095,0.1177
1782738900000,2026-06-29,13:15:00,4047.045,4049.615,4045.895,4048.995,0.1223
1782739200000,2026-06-29,13:20:00,4048.965,4049.125,4043.138,4043.515,0.1426
1782739500000,2026-06-29,13:25:00,4043.475,4043.525,4037.408,4037.408,0.1562
1782739800000,2026-06-29,13:30:00,4037.735,4044.445,4036.458,4043.335,0.394
1782740100000,2026-06-29,13:35:00,4043.255,4043.905,4033.535,4036.025,0.3012
1782740400000,2026-06-29,13:40:00,4036.045,4041.835,4035.315,4038.395,0.2462
1782740700000,2026-06-29,13:45:00,4038.205,4040.395,4033.175,4035.095,0.2618
1782741000000,2026-06-29,13:50:00,4035.075,4036.155,4030.035,4031.795,0.2899
1782741300000,2026-06-29,13:55:00,4031.765,4033.325,4028.125,4032.175,0.2567
1782741600000,2026-06-29,14:00:00,4032.325,4035.225,4022.375,4026.955,0.3284
1782741900000,2026-06-29,14:05:00,4026.965,4027.995,4014.548,4015.258,0.4431
1782742200000,2026-06-29,14:10:00,4015.258,4017.608,4007.468,4008.685,0.4693
1782742500000,2026-06-29,14:15:00,4008.535,4018.275,3999.918,4017.335,0.4642
1782742800000,2026-06-29,14:20:00,4017.175,4020.545,4015.215,4020.315,0.3064
1782743100000,2026-06-29,14:25:00,4020.335,4028.265,4019.845,4024.615,0.2433
1782743400000,2026-06-29,14:30:00,4024.555,4027.898,4023.315,4026.125,0.4277
1782743700000,2026-06-29,14:35:00,4026.125,4027.595,4021.255,4023.285,0.3253
1782744000000,2026-06-29,14:40:00,4023.285,4024.105,4019.805,4020.715,0.2841
1782744300000,2026-06-29,14:45:00,4020.715,4023.195,4017.645,4019.345,0.3572
1782744600000,2026-06-29,14:50:00,4019.318,4026.715,4018.705,4025.905,0.4502
1782744900000,2026-06-29,14:55:00,4025.898,4030.045,4023.718,4025.355,0.3244
1782745200000,2026-06-29,15:00:00,4025.365,4026.045,4020.855,4020.978,0.3637
1782745500000,2026-06-29,15:05:00,4020.965,4024.638,4020.565,4022.818,0.3485
1782745800000,2026-06-29,15:10:00,4022.838,4024.238,4018.948,4021.538,0.3299
1782746100000,2026-06-29,15:15:00,4021.578,4027.398,4020.965,4021.778,0.2919
1782746400000,2026-06-29,15:20:00,4021.765,4022.338,4016.398,4017.838,0.326
1782746700000,2026-06-29,15:25:00,4017.838,4024.445,4017.458,4024.145,0.2829
1782747000000,2026-06-29,15:30:00,4024.145,4026.215,4022.748,4023.025,0.3164
1782747300000,2026-06-29,15:35:00,4022.908,4024.565,4017.255,4022.508,0.3141
1782747600000,2026-06-29,15:40:00,4022.505,4023.158,4021.155,4022.338,0.2392
1782747900000,2026-06-29,15:45:00,4022.338,4027.525,4021.875,4026.555,0.2581
1782748200000,2026-06-29,15:50:00,4026.448,4029.305,4025.285,4027.965,0.2382
1782748500000,2026-06-29,15:55:00,4027.965,4030.148,4026.448,4026.755,0.2801
1782748800000,2026-06-29,16:00:00,4026.895,4028.445,4025.125,4026.055,0.2026
1782749100000,2026-06-29,16:05:00,4026.055,4027.405,4024.078,4027.135,0.1534
1782749400000,2026-06-29,16:10:00,4027.065,4027.615,4023.325,4023.365,0.1305
1782749700000,2026-06-29,16:15:00,4023.555,4025.478,4021.578,4025.418,0.1673
1782750000000,2026-06-29,16:20:00,4025.398,4026.238,4024.525,4025.378,0.1655
1782750300000,2026-06-29,16:25:00,4025.345,4025.478,4023.298,4023.398,0.1656
1782750600000,2026-06-29,16:30:00,4023.465,4024.098,4018.405,4019.165,0.2268
1782750900000,2026-06-29,16:35:00,4019.135,4021.438,4019.058,4020.868,0.1582
1782751200000,2026-06-29,16:40:00,4020.868,4022.058,4019.195,4021.105,0.1951
1782751500000,2026-06-29,16:45:00,4021.175,4026.105,4020.378,4025.825,0.1675
1782751800000,2026-06-29,16:50:00,4025.825,4028.065,4025.318,4025.718,0.1911
1782752100000,2026-06-29,16:55:00,4025.678,4026.418,4023.518,4023.565,0.1928
1782752400000,2026-06-29,17:00:00,4023.645,4025.658,4023.005,4025.015,0.2322
1782752700000,2026-06-29,17:05:00,4025.018,4031.415,4024.945,4030.095,0.208
1782753000000,2026-06-29,17:10:00,4030.145,4031.848,4027.598,4028.705,0.2238
1782753300000,2026-06-29,17:15:00,4028.765,4030.478,4028.018,4030.168,0.1537
1782753600000,2026-06-29,17:20:00,4030.178,4030.178,4025.998,4026.578,0.2115
1782753900000,2026-06-29,17:25:00,4026.538,4026.818,4022.138,4023.618,0.2252
1782754200000,2026-06-29,17:30:00,4023.618,4023.838,4020.478,4023.398,0.194
1782754500000,2026-06-29,17:35:00,4023.378,4024.178,4022.178,4023.555,0.1645
1782754800000,2026-06-29,17:40:00,4023.555,4024.248,4021.605,4021.618,0.1448
1782755100000,2026-06-29,17:45:00,4021.678,4022.298,4020.378,4021.078,0.1509
1782755400000,2026-06-29,17:50:00,4021.098,4022.265,4019.245,4020.955,0.1337
1782755700000,2026-06-29,17:55:00,4020.918,4021.828,4019.025,4020.678,0.171
1782756000000,2026-06-29,18:00:00,4020.678,4023.758,4020.078,4023.328,0.2385
1782756300000,2026-06-29,18:05:00,4023.318,4023.368,4021.338,4022.238,0.1686
1782756600000,2026-06-29,18:10:00,4022.238,4024.048,4022.225,4023.678,0.1359
1782756900000,2026-06-29,18:15:00,4023.665,4024.948,4022.455,4024.115,0.1807
1782757200000,2026-06-29,18:20:00,4024.155,4024.855,4023.235,4023.965,0.217
1782757500000,2026-06-29,18:25:00,4023.965,4023.978,4019.958,4020.748,0.2661
1782757800000,2026-06-29,18:30:00,4020.768,4021.268,4019.608,4020.205,0.1661
1782758100000,2026-06-29,18:35:00,4020.235,4020.755,4019.438,4020.478,0.203
1782758400000,2026-06-29,18:40:00,4020.478,4021.038,4019.195,4020.475,0.1995
1782758700000,2026-06-29,18:45:00,4020.535,4020.768,4015.605,4015.755,0.1425
1782759000000,2026-06-29,18:50:00,4015.795,4017.845,4015.525,4017.318,0.104
1782759300000,2026-06-29,18:55:00,4017.315,4017.315,4011.725,4013.165,0.1369
1782759600000,2026-06-29,19:00:00,4013.175,4014.445,4009.595,4009.605,0.134
1782759900000,2026-06-29,19:05:00,4009.595,4011.865,4009.535,4011.485,0.1243
1782760200000,2026-06-29,19:10:00,4011.535,4012.085,4007.855,4007.855,0.1313
1782760500000,2026-06-29,19:15:00,4007.875,4009.075,4005.155,4008.815,0.1159
1782760800000,2026-06-29,19:20:00,4008.785,4012.515,4008.485,4011.545,0.112
1782761100000,2026-06-29,19:25:00,4011.565,4017.005,4011.335,4016.895,0.1257
1782761400000,2026-06-29,19:30:00,4016.925,4019.315,4016.505,4017.245,0.1545
1782761700000,2026-06-29,19:35:00,4017.265,4018.678,4016.595,4017.065,0.1003
1782762000000,2026-06-29,19:40:00,4017.105,4017.985,4015.955,4017.725,0.074
1782762300000,2026-06-29,19:45:00,4017.705,4018.215,4014.325,4014.625,0.1105
1782762600000,2026-06-29,19:50:00,4014.585,4014.998,4012.798,4013.505,0.1433
1782762900000,2026-06-29,19:55:00,4013.575,4016.875,4012.295,4015.595,0.1875
1782763200000,2026-06-29,20:00:00,4015.575,4015.955,4014.035,4014.975,0.0661
1782763500000,2026-06-29,20:05:00,4015.025,4015.415,4012.505,4013.785,0.0349
1782763800000,2026-06-29,20:10:00,4014.105,4014.495,4013.295,4014.075,0.0315
1782764100000,2026-06-29,20:15:00,4014.045,4016.645,4014.045,4016.595,0.0351
1782764400000,2026-06-29,20:20:00,4016.515,4016.795,4015.975,4016.415,0.0188
1782764700000,2026-06-29,20:25:00,4016.365,4017.845,4015.885,4017.625,0.0282
1782765000000,2026-06-29,20:30:00,4017.655,4017.735,4015.905,4016.755,0.0256
1782765300000,2026-06-29,20:35:00,4016.715,4016.815,4014.345,4014.695,0.0248
1782765600000,2026-06-29,20:40:00,4014.555,4015.565,4014.275,4015.565,0.013
1782765900000,2026-06-29,20:45:00,4015.495,4015.795,4014.415,4014.485,0.0228
1782766200000,2026-06-29,20:50:00,4014.585,4017.005,4014.565,4016.675,0.0316
1782766500000,2026-06-29,20:55:00,4016.655,4016.945,4013.51,4015.925,0.0446
1782770400000,2026-06-29,22:00:00,4015.898,4020.425,4015.898,4018.275,0.0532
1782770700000,2026-06-29,22:05:00,4018.355,4021.315,4016.735,4020.635,0.0484
1782771000000,2026-06-29,22:10:00,4020.655,4022.145,4017.515,4018.148,0.0431
1782771300000,2026-06-29,22:15:00,4018.148,4019.915,4017.658,4019.585,0.0573
1782771600000,2026-06-29,22:20:00,4019.878,4020.415,4016.968,4017.165,0.0546
1782771900000,2026-06-29,22:25:00,4017.258,4017.285,4014.965,4015.675,0.0595
1782772200000,2026-06-29,22:30:00,4015.548,4015.548,4013.085,4013.525,0.0739
1782772500000,2026-06-29,22:35:00,4013.525,4014.038,4012.028,4012.468,0.0761
1782772800000,2026-06-29,22:40:00,4012.468,4014.605,4010.195,4010.195,0.1009
1782773100000,2026-06-29,22:45:00,4010.175,4013.895,4009.298,4013.895,0.0575
1782773400000,2026-06-29,22:50:00,4013.965,4016.545,4012.935,4015.165,0.0619
1782773700000,2026-06-29,22:55:00,4015.255,4016.785,4012.465,4013.628,0.1158
1782774000000,2026-06-29,23:00:00,4014.138,4018.038,4013.568,4017.288,0.2183
1782774300000,2026-06-29,23:05:00,4017.288,4020.918,4017.288,4018.928,0.162
1782774600000,2026-06-29,23:10:00,4018.928,4021.085,4018.928,4020.505,0.0547
1782774900000,2026-06-29,23:15:00,4020.485,4022.128,4020.195,4020.925,0.0562
1782775200000,2026-06-29,23:20:00,4021.045,4021.185,4018.015,4018.285,0.0488
1782775500000,2026-06-29,23:25:00,4018.305,4018.335,4015.575,4016.455,0.0509
1782775800000,2026-06-29,23:30:00,4016.405,4021.615,4015.105,4018.985,0.0597
1782776100000,2026-06-29,23:35:00,4018.945,4019.415,4017.865,4018.305,0.0397
1782776400000,2026-06-29,23:40:00,4018.355,4018.355,4013.135,4014.935,0.0618
1782776700000,2026-06-29,23:45:00,4014.845,4016.975,4013.295,4016.455,0.0627
1782777000000,2026-06-29,23:50:00,4016.515,4017.815,4014.495,4015.265,0.042
1782777300000,2026-06-29,23:55:00,4015.275,4015.485,4013.665,4014.645,0.0684
1782777600000,2026-06-30,00:00:00,4014.605,4014.945,4007.195,4008.235,0.2398
1782777900000,2026-06-30,00:05:00,4008.255,4008.255,4003.045,4004.195,0.2061
1782778200000,2026-06-30,00:10:00,4004.165,4013.485,4004.165,4009.815,0.2034
1782778500000,2026-06-30,00:15:00,4009.905,4011.425,4004.158,4005.275,0.1936
1782778800000,2026-06-30,00:20:00,4005.295,4008.905,4005.295,4007.775,0.1193
1782779100000,2026-06-30,00:25:00,4007.785,4008.305,4003.615,4005.925,0.1569
1782779400000,2026-06-30,00:30:00,4005.955,4006.435,4000.495,4001.495,0.2004
1782779700000,2026-06-30,00:35:00,4001.495,4002.075,3994.945,3995.475,0.3621
1782780000000,2026-06-30,00:40:00,3995.665,3997.528,3990.638,3991.555,0.3495
1782780300000,2026-06-30,00:45:00,3991.575,3993.625,3990.458,3992.248,0.2824
1782780600000,2026-06-30,00:50:00,3992.248,3993.555,3990.205,3991.325,0.2951
1782780900000,2026-06-30,00:55:00,3991.335,3991.765,3979.608,3986.645,0.3846
1782781200000,2026-06-30,01:00:00,3986.705,3986.705,3975.618,3979.785,0.4107
1782781500000,2026-06-30,01:05:00,3979.635,3979.805,3941.528,3963.375,0.4975
1782781800000,2026-06-30,01:10:00,3963.395,3969.225,3954.295,3957.745,0.3691
1782782100000,2026-06-30,01:15:00,3957.755,3971.235,3949.775,3970.425,0.3345
1782782400000,2026-06-30,01:20:00,3970.545,3975.465,3966.325,3970.215,0.2628
1782782700000,2026-06-30,01:25:00,3970.185,3980.545,3967.935,3978.658,0.2789
1782783000000,2026-06-30,01:30:00,3978.755,3979.318,3974.605,3975.945,0.2701
1782783300000,2026-06-30,01:35:00,3975.985,3977.235,3969.905,3970.795,0.2669
1782783600000,2026-06-30,01:40:00,3970.865,3972.465,3966.025,3968.855,0.2223
1782783900000,2026-06-30,01:45:00,3968.855,3973.295,3961.285,3962.195,0.2447
1782784200000,2026-06-30,01:50:00,3962.395,3966.435,3961.155,3963.985,0.211
1782784500000,2026-06-30,01:55:00,3964.085,3969.908,3962.228,3969.095,0.2213
1782784800000,2026-06-30,02:00:00,3968.975,3973.125,3966.245,3969.795,0.2381
1782785100000,2026-06-30,02:05:00,3970.075,3970.685,3958.415,3958.995,0.2222
1782785400000,2026-06-30,02:10:00,3958.985,3959.775,3952.015,3957.235,0.1993
1782785700000,2026-06-30,02:15:00,3957.185,3961.605,3955.705,3960.375,0.1523
1782786000000,2026-06-30,02:20:00,3960.405,3963.925,3955.755,3963.285,0.1162
1782786300000,2026-06-30,02:25:00,3963.235,3965.115,3960.055,3961.595,0.1124
1782786600000,2026-06-30,02:30:00,3961.405,3962.845,3956.085,3958.175,0.1772
1782786900000,2026-06-30,02:35:00,3958.205,3962.675,3954.038,3962.295,0.1929
1782787200000,2026-06-30,02:40:00,3962.245,3963.955,3956.935,3959.475,0.1499
1782787500000,2026-06-30,02:45:00,3959.465,3964.505,3959.045,3963.795,0.157
1782787800000,2026-06-30,02:50:00,3963.945,3970.375,3963.235,3966.285,0.2215
1782788100000,2026-06-30,02:55:00,3966.115,3966.985,3959.255,3962.605,0.191
1782788400000,2026-06-30,03:00:00,3962.475,3969.435,3962.235,3967.815,0.172
1782788700000,2026-06-30,03:05:00,3967.805,3968.905,3965.155,3967.155,0.1349
1782789000000,2026-06-30,03:10:00,3967.195,3969.418,3965.445,3965.978,0.1125
1782789300000,2026-06-30,03:15:00,3965.635,3970.895,3965.635,3969.705,0.1357
1782789600000,2026-06-30,03:20:00,3969.915,3970.655,3964.995,3965.745,0.1619
1782789900000,2026-06-30,03:25:00,3965.785,3967.645,3962.808,3965.258,0.2241
1782790200000,2026-06-30,03:30:00,3965.258,3966.658,3959.835,3960.835,0.2
1782790500000,2026-06-30,03:35:00,3960.975,3965.635,3960.655,3964.415,0.1227
1782790800000,2026-06-30,03:40:00,3964.305,3965.015,3962.165,3963.045,0.092
1782791100000,2026-06-30,03:45:00,3962.955,3968.265,3962.855,3967.965,0.1046
1782791400000,2026-06-30,03:50:00,3968.015,3969.825,3966.915,3966.915,0.0977
1782791700000,2026-06-30,03:55:00,3966.758,3970.888,3965.915,3969.455,0.1106
1782792000000,2026-06-30,04:00:00,3969.495,3974.758,3969.025,3971.365,0.1541
1782792300000,2026-06-30,04:05:00,3971.235,3971.395,3967.955,3968.915,0.0883
1782792600000,2026-06-30,04:10:00,3968.895,3972.988,3967.975,3972.245,0.079
1782792900000,2026-06-30,04:15:00,3972.245,3975.005,3971.695,3974.305,0.0826
1782793200000,2026-06-30,04:20:00,3974.265,3977.375,3974.215,3977.045,0.0917
1782793500000,2026-06-30,04:25:00,3977.065,3983.335,3977.045,3982.525,0.0893
1782793800000,2026-06-30,04:30:00,3982.455,3996.368,3982.215,3996.025,0.1705
1782794100000,2026-06-30,04:35:00,3996.115,3997.825,3992.105,3992.365,0.1442
1782794400000,2026-06-30,04:40:00,3992.298,3992.525,3986.918,3988.255,0.1344
1782794700000,2026-06-30,04:45:00,3988.365,3989.565,3983.365,3989.125,0.1094
1782795000000,2026-06-30,04:50:00,3988.918,3991.095,3987.845,3988.045,0.0966
1782795300000,2026-06-30,04:55:00,3988.015,3988.445,3985.085,3985.285,0.0898
1782795600000,2026-06-30,05:00:00,3985.305,3988.525,3983.855,3987.855,0.1233
1782795900000,2026-06-30,05:05:00,3987.835,3990.545,3985.595,3987.155,0.0981
1782796200000,2026-06-30,05:10:00,3987.175,3987.905,3983.595,3984.505,0.106
1782796500000,2026-06-30,05:15:00,3984.475,3985.345,3980.455,3980.485,0.1088
1782796800000,2026-06-30,05:20:00,3980.468,3985.585,3979.315,3984.995,0.1019
1782797100000,2026-06-30,05:25:00,3985.025,3987.325,3979.315,3982.478,0.1711
1782797400000,2026-06-30,05:30:00,3982.385,3982.785,3975.785,3976.935,0.2403
1782797700000,2026-06-30,05:35:00,3976.875,3982.145,3974.865,3981.465,0.1732
1782798000000,2026-06-30,05:40:00,3981.615,3984.895,3979.185,3979.195,0.1663
1782798300000,2026-06-30,05:45:00,3979.065,3981.465,3977.775,3979.525,0.1397
1782798600000,2026-06-30,05:50:00,3979.625,3981.265,3976.055,3980.598,0.1407
1782798900000,2026-06-30,05:55:00,3980.585,3980.885,3976.815,3977.625,0.1279
1782799200000,2026-06-30,06:00:00,3977.725,3985.935,3977.725,3984.265,0.1683
1782799500000,2026-06-30,06:05:00,3984.205,3989.365,3983.755,3987.055,0.1701
1782799800000,2026-06-30,06:10:00,3987.135,3987.885,3984.995,3987.575,0.1345
1782800100000,2026-06-30,06:15:00,3987.745,3988.345,3983.705,3986.748,0.145
1782800400000,2026-06-30,06:20:00,3986.715,4002.788,3985.485,3999.745,0.3696
1782800700000,2026-06-30,06:25:00,3999.825,4013.355,3996.955,4011.815,0.4312
1782801000000,2026-06-30,06:30:00,4011.775,4030.995,4010.675,4029.965,0.8433
1782801300000,2026-06-30,06:35:00,4029.995,4033.815,4021.445,4021.925,0.2873
1782801600000,2026-06-30,06:40:00,4022.035,4028.295,4021.325,4024.535,0.2205
1782801900000,2026-06-30,06:45:00,4024.348,4033.105,4023.925,4031.885,0.2122
1782802200000,2026-06-30,06:50:00,4031.845,4031.855,4026.475,4027.295,0.18
1782802500000,2026-06-30,06:55:00,4027.405,4031.995,4026.495,4029.258,0.1759
1782802800000,2026-06-30,07:00:00,4029.268,4029.625,4024.375,4026.925,0.1904
1782803100000,2026-06-30,07:05:00,4027.065,4029.905,4024.355,4027.755,0.1167
1782803400000,2026-06-30,07:10:00,4027.735,4027.775,4023.548,4025.388,0.1306
1782803700000,2026-06-30,07:15:00,4025.305,4030.238,4024.995,4028.848,0.173
1782804000000,2026-06-30,07:20:00,4028.868,4032.255,4026.685,4030.648,0.1833
1782804300000,2026-06-30,07:25:00,4030.548,4034.465,4028.125,4028.265,0.2031
1782804600000,2026-06-30,07:30:00,4028.265,4031.588,4025.888,4031.048,0.1448
1782804900000,2026-06-30,07:35:00,4031.045,4031.525,4026.988,4029.838,0.1815
1782805200000,2026-06-30,07:40:00,4029.678,4030.088,4027.228,4028.438,0.1293
1782805500000,2026-06-30,07:45:00,4028.315,4030.548,4026.448,4028.088,0.1618
1782805800000,2026-06-30,07:50:00,4028.098,4030.018,4025.378,4029.625,0.172
1782806100000,2026-06-30,07:55:00,4029.835,4032.715,4029.065,4031.828,0.1929
1782806400000,2026-06-30,08:00:00,4031.828,4035.995,4031.325,4035.358,0.312
1782806700000,2026-06-30,08:05:00,4035.358,4037.278,4025.775,4027.048,0.3018
1782807000000,2026-06-30,08:10:00,4027.168,4027.558,4021.675,4023.905,0.2497
1782807300000,2026-06-30,08:15:00,4023.875,4024.245,4020.218,4021.558,0.1914
1782807600000,2026-06-30,08:20:00,4021.558,4025.435,4020.148,4020.688,0.1711
1782807900000,2026-06-30,08:25:00,4020.805,4026.018,4020.518,4025.618,0.1403
1782808200000,2026-06-30,08:30:00,4025.618,4026.565,4022.885,4023.135,0.1331
1782808500000,2026-06-30,08:35:00,4023.165,4023.175,4018.155,4019.018,0.1564
1782808800000,2026-06-30,08:40:00,4019.018,4019.065,4015.045,4017.528,0.2173
1782809100000,2026-06-30,08:45:00,4017.628,4019.148,4016.248,4017.968,0.22
1782809400000,2026-06-30,08:50:00,4017.978,4019.178,4013.335,4016.198,0.2355
1782809700000,2026-06-30,08:55:00,4016.215,4016.918,4013.948,4015.218,0.1425
1782810000000,2026-06-30,09:00:00,4015.218,4018.828,4014.268,4018.828,0.1377
1782810300000,2026-06-30,09:05:00,4018.828,4021.365,4018.478,4018.478,0.1275
1782810600000,2026-06-30,09:10:00,4018.425,4019.588,4016.638,4018.068,0.1124
1782810900000,2026-06-30,09:15:00,4017.885,4018.898,4016.848,4017.918,0.1391
1782811200000,2026-06-30,09:20:00,4017.918,4022.615,4017.808,4018.745,0.1665
1782811500000,2026-06-30,09:25:00,4018.718,4020.078,4015.955,4017.175,0.1516
1782811800000,2026-06-30,09:30:00,4017.175,4018.475,4012.555,4013.128,0.1747
1782812100000,2026-06-30,09:35:00,4013.128,4016.618,4012.085,4015.718,0.1833
1782812400000,2026-06-30,09:40:00,4015.555,4018.295,4015.305,4018.238,0.1606
1782812700000,2026-06-30,09:45:00,4018.258,4020.155,4018.208,4018.618,0.1456
1782813000000,2026-06-30,09:50:00,4018.618,4022.855,4017.898,4021.648,0.1676
1782813300000,2026-06-30,09:55:00,4021.648,4023.525,4020.008,4023.525,0.1761
1782813600000,2026-06-30,10:00:00,4023.525,4025.905,4022.975,4024.488,0.3145
1782813900000,2026-06-30,10:05:00,4024.488,4026.225,4021.668,4024.218,0.1258
1782814200000,2026-06-30,10:10:00,4024.218,4025.478,4021.208,4025.478,0.12
1782814500000,2026-06-30,10:15:00,4025.478,4026.918,4023.548,4023.758,0.1129
1782814800000,2026-06-30,10:20:00,4023.645,4025.788,4023.475,4025.608,0.112
1782815100000,2026-06-30,10:25:00,4025.608,4028.398,4024.858,4028.158,0.135
1782815400000,2026-06-30,10:30:00,4028.158,4028.198,4024.775,4026.245,0.0932
1782815700000,2026-06-30,10:35:00,4026.225,4028.345,4025.465,4027.435,0.0809
1782816000000,2026-06-30,10:40:00,4027.385,4029.505,4026.675,4027.635,0.0878
1782816300000,2026-06-30,10:45:00,4027.705,4029.645,4025.905,4027.985,0.1026
1782816600000,2026-06-30,10:50:00,4027.985,4029.235,4027.535,4028.515,0.0766
1782816900000,2026-06-30,10:55:00,4028.575,4031.005,4028.335,4029.415,0.1073
1782817200000,2026-06-30,11:00:00,4029.345,4029.765,4024.995,4028.235,0.1175
1782817500000,2026-06-30,11:05:00,4028.255,4031.645,4028.255,4030.765,0.1066
1782817800000,2026-06-30,11:10:00,4030.765,4033.255,4030.295,4033.065,0.1018
1782818100000,2026-06-30,11:15:00,4033.115,4033.805,4029.785,4030.085,0.1128
1782818400000,2026-06-30,11:20:00,4030.155,4033.525,4029.865,4030.685,0.1184
1782818700000,2026-06-30,11:25:00,4030.715,4033.675,4029.395,4031.475,0.1218
1782819000000,2026-06-30,11:30:00,4031.475,4033.085,4029.025,4030.295,0.1206
1782819300000,2026-06-30,11:35:00,4030.415,4031.365,4027.875,4031.335,0.1171
1782819600000,2026-06-30,11:40:00,4031.365,4034.995,4029.895,4034.185,0.1208
1782819900000,2026-06-30,11:45:00,4034.305,4037.075,4031.415,4032.335,0.1154
1782820200000,2026-06-30,11:50:00,4032.315,4032.985,4030.085,4031.675,0.1154
1782820500000,2026-06-30,11:55:00,4031.735,4034.515,4030.915,4033.825,0.1006
1782820800000,2026-06-30,12:00:00,4033.775,4034.275,4030.045,4031.555,0.131
1782821100000,2026-06-30,12:05:00,4031.605,4031.865,4027.945,4027.965,0.1152
1782821400000,2026-06-30,12:10:00,4028.055,4028.325,4025.595,4026.205,0.1328
1782821700000,2026-06-30,12:15:00,4026.165,4028.295,4024.365,4025.865,0.131
1782822000000,2026-06-30,12:20:00,4025.925,4026.095,4017.165,4017.635,0.1676
1782822300000,2026-06-30,12:25:00,4017.605,4017.965,4014.455,4016.465,0.1603
1782822600000,2026-06-30,12:30:00,4016.435,4021.415,4014.515,4016.105,0.1999
1782822900000,2026-06-30,12:35:00,4016.135,4017.925,4012.315,4017.705,0.1789
1782823200000,2026-06-30,12:40:00,4017.725,4019.365,4015.445,4018.355,0.1442
1782823500000,2026-06-30,12:45:00,4017.875,4018.035,4013.445,4014.775,0.1402
1782823800000,2026-06-30,12:50:00,4014.775,4015.865,4012.465,4014.135,0.1435
1782824100000,2026-06-30,12:55:00,4014.135,4014.515,4008.385,4009.595,0.1755
1782824400000,2026-06-30,13:00:00,4009.565,4018.065,4009.055,4016.185,0.2707
1782824700000,2026-06-30,13:05:00,4016.205,4024.095,4014.915,4023.195,0.2203
1782825000000,2026-06-30,13:10:00,4023.175,4025.605,4021.845,4023.145,0.2086
1782825300000,2026-06-30,13:15:00,4023.145,4030.085,4021.665,4029.605,0.1836
1782825600000,2026-06-30,13:20:00,4029.585,4033.055,4018.715,4019.155,0.1982
1782825900000,2026-06-30,13:25:00,4019.165,4023.635,4019.055,4023.495,0.1771
1782826200000,2026-06-30,13:30:00,4023.615,4027.225,4019.105,4021.415,0.2966
1782826500000,2026-06-30,13:35:00,4021.535,4023.085,4012.975,4013.395,0.2961
1782826800000,2026-06-30,13:40:00,4013.875,4026.305,4013.605,4024.895,0.233
1782827100000,2026-06-30,13:45:00,4024.715,4027.455,4021.725,4023.695,0.2786
1782827400000,2026-06-30,13:50:00,4023.655,4032.535,4023.555,4028.385,0.2928
1782827700000,2026-06-30,13:55:00,4028.445,4031.955,4026.555,4029.355,0.2118
1782828000000,2026-06-30,14:00:00,4029.345,4031.125,4024.825,4025.885,0.2646
1782828300000,2026-06-30,14:05:00,4025.905,4044.965,4024.975,4043.145,0.2591
1782828600000,2026-06-30,14:10:00,4043.125,4048.285,4036.795,4043.295,0.2774
1782828900000,2026-06-30,14:15:00,4043.245,4049.295,4042.925,4049.115,0.2572
1782829200000,2026-06-30,14:20:00,4049.185,4063.205,4047.555,4062.395,0.2954
1782829500000,2026-06-30,14:25:00,4062.375,4062.425,4053.695,4053.725,0.27
1782829800000,2026-06-30,14:30:00,4053.795,4058.185,4051.215,4051.715,0.2603
1782830100000,2026-06-30,14:35:00,4051.845,4053.535,4044.385,4049.015,0.247
1782830400000,2026-06-30,14:40:00,4049.055,4053.225,4047.715,4050.755,0.238
1782830700000,2026-06-30,14:45:00,4050.875,4050.875,4043.535,4043.755,0.2474
1782831000000,2026-06-30,14:50:00,4044.035,4047.395,4041.995,4043.425,0.261
1782831300000,2026-06-30,14:55:00,4043.495,4044.585,4037.025,4037.125,0.2624
1782831600000,2026-06-30,15:00:00,4037.125,4039.145,4033.565,4034.465,0.2865
1782831900000,2026-06-30,15:05:00,4034.495,4037.885,4031.955,4034.905,0.2155
1782832200000,2026-06-30,15:10:00,4034.865,4036.785,4031.985,4035.735,0.1828
1782832500000,2026-06-30,15:15:00,4035.715,4035.715,4025.785,4026.775,0.2146
1782832800000,2026-06-30,15:20:00,4027.155,4028.785,4021.945,4027.205,0.2047
1782833100000,2026-06-30,15:25:00,4027.125,4030.405,4026.585,4028.335,0.1768
1782833400000,2026-06-30,15:30:00,4028.345,4031.085,4026.985,4029.635,0.1672
1782833700000,2026-06-30,15:35:00,4029.615,4031.265,4027.105,4030.915,0.1679
1782834000000,2026-06-30,15:40:00,4030.905,4030.905,4026.745,4029.455,0.1604
1782834300000,2026-06-30,15:45:00,4029.505,4034.625,4029.315,4033.465,0.1854
1782834600000,2026-06-30,15:50:00,4033.445,4033.795,4030.885,4033.715,0.1622
1782834900000,2026-06-30,15:55:00,4033.745,4034.165,4028.595,4028.985,0.1676
1782835200000,2026-06-30,16:00:00,4028.965,4030.065,4025.885,4026.805,0.16
1782835500000,2026-06-30,16:05:00,4027.005,4028.685,4025.595,4026.495,0.1148
1782835800000,2026-06-30,16:10:00,4026.425,4029.975,4026.185,4029.565,0.1087
1782836100000,2026-06-30,16:15:00,4029.595,4030.795,4027.405,4029.895,0.1168
1782836400000,2026-06-30,16:20:00,4029.875,4031.185,4028.525,4028.845,0.1146
1782836700000,2026-06-30,16:25:00,4028.925,4030.455,4028.135,4029.235,0.126
1782837000000,2026-06-30,16:30:00,4029.235,4030.945,4028.405,4030.435,0.1373
1782837300000,2026-06-30,16:35:00,4030.385,4030.585,4027.055,4029.905,0.1148
1782837600000,2026-06-30,16:40:00,4029.935,4032.045,4028.085,4031.135,0.1095
1782837900000,2026-06-30,16:45:00,4031.115,4033.595,4030.705,4031.175,0.1025
1782838200000,2026-06-30,16:50:00,4031.185,4031.435,4029.775,4031.165,0.0942
1782838500000,2026-06-30,16:55:00,4031.205,4031.215,4025.615,4025.835,0.1647
1782838800000,2026-06-30,17:00:00,4025.815,4027.625,4024.145,4026.395,0.162
1782839100000,2026-06-30,17:05:00,4026.335,4026.425,4020.955,4022.035,0.1462
1782839400000,2026-06-30,17:10:00,4022.065,4023.205,4020.345,4022.825,0.149
1782839700000,2026-06-30,17:15:00,4022.855,4027.825,4022.755,4026.275,0.119
1782840000000,2026-06-30,17:20:00,4026.035,4026.545,4022.705,4023.355,0.1395
1782840300000,2026-06-30,17:25:00,4023.335,4026.005,4021.425,4025.355,0.19
1782840600000,2026-06-30,17:30:00,4025.325,4028.075,4025.315,4027.165,0.132
1782840900000,2026-06-30,17:35:00,4027.195,4028.255,4025.395,4026.565,0.082
1782841200000,2026-06-30,17:40:00,4026.525,4029.565,4025.975,4029.185,0.0945
1782841500000,2026-06-30,17:45:00,4029.135,4030.675,4028.845,4029.315,0.098
1782841800000,2026-06-30,17:50:00,4029.275,4031.945,4029.265,4030.935,0.0935
1782842100000,2026-06-30,17:55:00,4030.835,4031.375,4029.595,4030.535,0.1024
1782842400000,2026-06-30,18:00:00,4030.555,4032.095,4030.445,4032.015,0.1059
1782842700000,2026-06-30,18:05:00,4032.075,4033.525,4031.235,4032.595,0.0941
1782843000000,2026-06-30,18:10:00,4032.575,4033.355,4032.015,4032.215,0.0808
1782843300000,2026-06-30,18:15:00,4032.175,4032.385,4030.155,4031.925,0.0752
1782843600000,2026-06-30,18:20:00,4031.895,4032.665,4030.725,4031.495,0.0784
1782843900000,2026-06-30,18:25:00,4031.385,4032.145,4030.235,4031.265,0.1004
1782844200000,2026-06-30,18:30:00,4031.285,4031.325,4028.995,4029.715,0.1007
1782844500000,2026-06-30,18:35:00,4029.745,4031.155,4029.325,4029.445,0.066
1782844800000,2026-06-30,18:40:00,4029.495,4030.805,4027.915,4030.515,0.0736
1782845100000,2026-06-30,18:45:00,4030.545,4031.575,4028.705,4031.225,0.1189
1782845400000,2026-06-30,18:50:00,4031.265,4032.175,4030.325,4031.645,0.0994
1782845700000,2026-06-30,18:55:00,4031.615,4031.645,4028.145,4028.215,0.1011
1782846000000,2026-06-30,19:00:00,4028.005,4029.215,4026.355,4026.355,0.1056
1782846300000,2026-06-30,19:05:00,4026.375,4027.315,4024.145,4024.795,0.101
1782846600000,2026-06-30,19:10:00,4024.745,4026.315,4023.225,4023.735,0.0988
1782846900000,2026-06-30,19:15:00,4023.765,4024.845,4023.075,4023.435,0.0919
1782847200000,2026-06-30,19:20:00,4023.405,4023.945,4021.565,4021.615,0.0918
1782847500000,2026-06-30,19:25:00,4021.665,4022.225,4020.865,4020.955,0.0938
1782847800000,2026-06-30,19:30:00,4020.975,4022.905,4020.395,4021.875,0.1086
1782848100000,2026-06-30,19:35:00,4021.835,4022.205,4020.565,4021.695,0.1211
1782848400000,2026-06-30,19:40:00,4021.765,4022.525,4020.945,4021.645,0.1113
1782848700000,2026-06-30,19:45:00,4021.685,4022.365,4019.825,4020.205,0.1588
1782849000000,2026-06-30,19:50:00,4020.205,4020.605,4015.255,4015.955,0.2369
1782849300000,2026-06-30,19:55:00,4015.975,4018.105,4014.365,4015.745,0.2873
1782849600000,2026-06-30,20:00:00,4015.725,4018.645,4013.525,4017.685,0.102
1782849900000,2026-06-30,20:05:00,4017.655,4019.635,4017.155,4019.135,0.0484
1782850200000,2026-06-30,20:10:00,4019.115,4020.305,4018.765,4019.575,0.0404
1782850500000,2026-06-30,20:15:00,4019.525,4020.775,4017.395,4017.395,0.0517
1782850800000,2026-06-30,20:20:00,4017.405,4017.615,4015.425,4015.455,0.0458
1782851100000,2026-06-30,20:25:00,4015.405,4015.405,4012.145,4012.675,0.0559
1782851400000,2026-06-30,20:30:00,4012.635,4013.295,4011.075,4011.335,0.0392
1782851700000,2026-06-30,20:35:00,4011.315,4011.315,4009.825,4010.285,0.0365
1782852000000,2026-06-30,20:40:00,4010.235,4011.375,4010.165,4010.875,0.0383
1782852300000,2026-06-30,20:45:00,4010.845,4011.205,4009.725,4010.585,0.0377
1782852600000,2026-06-30,20:50:00,4010.575,4011.315,4009.685,4010.425,0.0424
1782852900000,2026-06-30,20:55:00,4010.345,4010.445,4006.125,4007.165,0.0734
1782856800000,2026-06-30,22:00:00,4009.785,4014.975,4009.275,4013.835,0.0783
1782857100000,2026-06-30,22:05:00,4013.875,4016.895,4013.735,4016.865,0.0511
1782857400000,2026-06-30,22:10:00,4017.185,4017.355,4013.465,4014.315,0.0449
1782857700000,2026-06-30,22:15:00,4014.345,4016.215,4012.315,4014.315,0.0542
1782858000000,2026-06-30,22:20:00,4014.365,4014.385,4011.775,4012.945,0.0543
1782858300000,2026-06-30,22:25:00,4013.015,4014.695,4012.105,4013.645,0.0486
1782858600000,2026-06-30,22:30:00,4013.625,4015.425,4013.075,4015.035,0.0234
1782858900000,2026-06-30,22:35:00,4015.065,4016.505,4014.835,4016.235,0.0277
1782859200000,2026-06-30,22:40:00,4016.145,4017.875,4014.045,4014.095,0.0442
1782859500000,2026-06-30,22:45:00,4014.055,4015.985,4012.245,4012.955,0.0418
1782859800000,2026-06-30,22:50:00,4012.935,4013.025,4010.845,4011.365,0.0348
1782860100000,2026-06-30,22:55:00,4011.505,4012.905,4011.105,4012.865,0.0269
1782860400000,2026-06-30,23:00:00,4012.905,4013.265,4010.605,4012.155,0.0464
1782860700000,2026-06-30,23:05:00,4012.245,4017.655,4011.965,4016.495,0.0503
1782861000000,2026-06-30,23:10:00,4016.565,4017.625,4013.705,4013.805,0.0387
1782861300000,2026-06-30,23:15:00,4013.825,4014.765,4011.715,4011.795,0.0286
1782861600000,2026-06-30,23:20:00,4011.755,4011.755,4008.295,4009.835,0.0494
1782861900000,2026-06-30,23:25:00,4009.805,4011.295,4007.885,4010.765,0.0381
1782862200000,2026-06-30,23:30:00,4010.785,4012.285,4009.265,4011.255,0.0391
1782862500000,2026-06-30,23:35:00,4011.385,4011.385,4008.525,4009.995,0.0347
1782862800000,2026-06-30,23:40:00,4009.975,4010.345,4008.785,4008.975,0.0335
1782863100000,2026-06-30,23:45:00,4008.995,4009.835,4006.515,4007.145,0.0488
1782863400000,2026-06-30,23:50:00,4007.175,4008.415,4005.855,4007.085,0.0538
1782863700000,2026-06-30,23:55:00,4007.055,4007.105,4004.915,4005.485,0.068
